# Rhino

mtllib Disk_0.mtl
usemtl Default
v 30 51.585784912109375 1.5
v 30 51.585784912109375 -2.5
v 30 2 1.5
v 30 2 -2.5
v 30 2 0.5
v 30 2 -0.5
v 30 2 -1.5
v 30 51.585784912109375 -1.5
v 30 51.585784912109375 -0.5
v 30 51.585784912109375 0.5
v 28 0 1.5
v 28 0 -2.5
v -28 0 1.5
v -28 0 -2.5
v -28 0 0.5
v -28 0 -0.5
v -28 0 -1.5
v 22 0 -2.5
v 28 0 -1.5
v 28 0 -0.5
v 28 0 0.5
v -22 0 -2.5
v -22 0 -2
v 22 0 -2
v -30 2 1.5
v -30 2 -2.5
v -30 58 1.5
v -30 58 -2.5
v -30 51.5 1.5
v -30 2 -1.5
v -30 2 -0.5
v -30 2 0.5
v -30 58 0.5
v -30 58 -0.5
v -30 58 -1.5
v -30 51.5 1.25
v -30 51.5 1
v -30 51.5 0.75
v -30 51.5 0.5
v -30 54.5 0.5
v -30 54.5 0.75
v -30 54.5 1
v -30 54.5 1.25
v -30 54.5 1.5
v -28 60 1.5
v -21 60 1.5
v 28 0 1.5
v -28 0 1.5
v -30 2 1.5
v -30 51.5 1.5
v 22.292892456054688 59.707107543945312 1.5
v 29.707107543945312 52.292892456054688 1.5
v 30 51.585784912109375 1.5
v 30 2 1.5
v 29.859577178955078 1.2638106346130371 1.5
v 29.673990249633789 0.90558052062988281 1.5
v 29.414213180541992 0.58578646183013916 1.5
v 29.094419479370117 0.32600897550582886 1.5
v 28.736188888549805 0.14042340219020844 1.5
v -28.736188888549805 0.14042340219020844 1.5
v -29.094419479370117 0.32600897550582886 1.5
v -29.414213180541992 0.58578646183013916 1.5
v -29.673990249633789 0.90558052062988281 1.5
v -29.859577178955078 1.2638106346130371 1.5
v -30 58 1.5
v -29.859577178955078 58.736190795898438 1.5
v -29.673990249633789 59.09442138671875 1.5
v -29.414213180541992 59.414215087890625 1.5
v -29.094419479370117 59.673992156982422 1.5
v -28.736188888549805 59.859577178955078 1.5
v 21.585786819458008 60 1.5
v 21.968469619750977 59.923877716064453 1.5
v 29.923879623413086 51.968471527099609 1.5
v -25 4 1.5
v -25 7 1.5
v -28 7 1.5
v -28 4 1.5
v 25 4 1.5
v 28 4 1.5
v 28 7 1.5
v 25 7 1.5
v 9 30 1.5
v 8.8270673751831055 31.755813598632812 1.5
v 8.314915657043457 33.444149017333984 1.5
v 7.937291145324707 34.242568969726562 1.5
v 7.4832262992858887 35.000133514404297 1.5
v 6.9570941925048828 35.709541320800781 1.5
v 6.3639612197875977 36.363960266113281 1.5
v 5.7095394134521484 36.95709228515625 1.5
v 5.0001320838928223 37.483226776123047 1.5
v 4.2425704002380371 37.937290191650391 1.5
v 3.4441509246826172 38.314914703369141 1.5
v 1.7558128833770752 38.827068328857422 1.5
v 0 39 1.5
v -1.7558128833770752 38.827068328857422 1.5
v -3.4441509246826172 38.314914703369141 1.5
v -4.2425704002380371 37.937290191650391 1.5
v -5.0001320838928223 37.483226776123047 1.5
v -5.7095394134521484 36.95709228515625 1.5
v -6.3639612197875977 36.363960266113281 1.5
v -6.9570941925048828 35.709541320800781 1.5
v -7.4832262992858887 35.000133514404297 1.5
v -7.937291145324707 34.242568969726562 1.5
v -8.314915657043457 33.444149017333984 1.5
v -8.8270673751831055 31.755813598632812 1.5
v -9 30 1.5
v -8.8270673751831055 28.244186401367188 1.5
v -8.314915657043457 26.555849075317383 1.5
v -7.937291145324707 25.757429122924805 1.5
v -7.4832262992858887 24.999868392944336 1.5
v -6.9570941925048828 24.290460586547852 1.5
v -6.3639612197875977 23.636039733886719 1.5
v -5.7095394134521484 23.042905807495117 1.5
v -5.0001320838928223 22.516773223876953 1.5
v -4.2425704002380371 22.062707901000977 1.5
v -3.4441509246826172 21.685083389282227 1.5
v -1.7558128833770752 21.172931671142578 1.5
v 0 21 1.5
v 1.7558128833770752 21.172931671142578 1.5
v 3.4441509246826172 21.685083389282227 1.5
v 4.2425704002380371 22.062707901000977 1.5
v 5.0001320838928223 22.516773223876953 1.5
v 5.7095394134521484 23.042905807495117 1.5
v 6.3639612197875977 23.636039733886719 1.5
v 6.9570941925048828 24.290460586547852 1.5
v 7.4832262992858887 24.999868392944336 1.5
v 7.937291145324707 25.757429122924805 1.5
v 8.314915657043457 26.555849075317383 1.5
v 8.8270673751831055 28.244186401367188 1.5
v -19.292892456054688 42 1.5
v 19.292892456054688 42 1.5
v 19.734724044799805 42.05816650390625 1.5
v 20.146446228027344 42.228710174560547 1.5
v 20.5 42.5 1.5
v 20.771291732788086 42.853553771972656 1.5
v 20.941831588745117 43.265274047851562 1.5
v 21 43.707107543945312 1.5
v 21 49 1.5
v -21 43.707107543945312 1.5
v -20.870054244995117 43.053825378417969 1.5
v -20.5 42.5 1.5
v -19.946174621582031 42.129947662353516 1.5
v 21 60 1.5
v -21 49 1.5
v -21 58.292892456054688 1.5
v 21 58.292892456054688 1.5
v -29.425975799560547 51.614181518554688 1.5
v -28.939340591430664 51.939338684082031 1.5
v -28.614181518554688 52.425975799560547 1.5
v -28.5 53 1.5
v -28.614181518554688 53.574024200439453 1.5
v -28.939340591430664 54.060661315917969 1.5
v -29.425975799560547 54.385818481445312 1.5
v -30 54.5 1.5
v -25 48.5 1.5
v -25.114181518554688 49.074024200439453 1.5
v -25.439340591430664 49.560661315917969 1.5
v -25.925975799560547 49.885818481445312 1.5
v -26.5 50 1.5
v -27.074024200439453 49.885818481445312 1.5
v -27.560659408569336 49.560661315917969 1.5
v -27.885818481445312 49.074024200439453 1.5
v -28 48.5 1.5
v -27.885818481445312 47.925975799560547 1.5
v -27.560659408569336 47.439338684082031 1.5
v -27.074024200439453 47.114181518554688 1.5
v -26.5 47 1.5
v -25.925975799560547 47.114181518554688 1.5
v -25.439340591430664 47.439338684082031 1.5
v -25.114181518554688 47.925975799560547 1.5
v 25 48.5 1.5
v 25.114181518554688 47.925975799560547 1.5
v 25.439340591430664 47.439338684082031 1.5
v 25.925975799560547 47.114181518554688 1.5
v 26.5 47 1.5
v 27.074024200439453 47.114181518554688 1.5
v 27.560659408569336 47.439338684082031 1.5
v 27.885818481445312 47.925975799560547 1.5
v 28 48.5 1.5
v 27.885818481445312 49.074024200439453 1.5
v 27.560659408569336 49.560661315917969 1.5
v 27.074024200439453 49.885818481445312 1.5
v 26.5 50 1.5
v 25.925975799560547 49.885818481445312 1.5
v 25.439340591430664 49.560661315917969 1.5
v 25.114181518554688 49.074024200439453 1.5
v -28 60 -2.5
v -21 60 -2.5
v 28 0 -2.5
v 22 0 -2.5
v -30 2 -2.5
v -30 58 -2.5
v 22.292892456054688 59.707107543945312 -2.5
v 29.707107543945312 52.292892456054688 -2.5
v 30 51.585784912109375 -2.5
v 30 2 -2.5
v 29.859577178955078 1.2638106346130371 -2.5
v 29.673990249633789 0.90558052062988281 -2.5
v 29.414213180541992 0.58578646183013916 -2.5
v 29.094419479370117 0.32600897550582886 -2.5
v 28.736188888549805 0.14042340219020844 -2.5
v -28 0 -2.5
v -28.736188888549805 0.14042340219020844 -2.5
v -29.094419479370117 0.32600897550582886 -2.5
v -29.414213180541992 0.58578646183013916 -2.5
v -29.673990249633789 0.90558052062988281 -2.5
v -29.859577178955078 1.2638106346130371 -2.5
v -29.859577178955078 58.736190795898438 -2.5
v -29.673990249633789 59.09442138671875 -2.5
v -29.414213180541992 59.414215087890625 -2.5
v -29.094419479370117 59.673992156982422 -2.5
v -28.736188888549805 59.859577178955078 -2.5
v 21.585786819458008 60 -2.5
v 21.968469619750977 59.923877716064453 -2.5
v 29.923879623413086 51.968471527099609 -2.5
v -25 4 -2.5
v -25 7 -2.5
v -28 7 -2.5
v -28 4 -2.5
v 25 4 -2.5
v 28 4 -2.5
v 28 7 -2.5
v 25 7 -2.5
v -21 58.292892456054688 -2.5
v 21 60 -2.5
v -21 43.707107543945312 -2.5
v -20.870054244995117 43.053825378417969 -2.5
v -20.5 42.5 -2.5
v -19.946174621582031 42.129947662353516 -2.5
v -19.292892456054688 42 -2.5
v 19.292892456054688 42 -2.5
v 19.946174621582031 42.129947662353516 -2.5
v 20.5 42.5 -2.5
v 20.870054244995117 43.053825378417969 -2.5
v 21 43.707107543945312 -2.5
v 21 58.292892456054688 -2.5
v 21 49 -2.5
v -21 49 -2.5
v -22 35.585784912109375 -2.5
v -22 0 -2.5
v -18.585786819458008 39 -2.5
v -19.251867294311523 38.934398651123047 -2.5
v -19.892349243164062 38.740108489990234 -2.5
v -20.482622146606445 38.424602508544922 -2.5
v -21 38 -2.5
v -21.424600601196289 37.482620239257812 -2.5
v -21.740108489990234 36.892349243164062 -2.5
v -21.934396743774414 36.251865386962891 -2.5
v 18.585786819458008 39 -2.5
v 22 35.585784912109375 -2.5
v 21.934396743774414 36.251865386962891 -2.5
v 21.740108489990234 36.892349243164062 -2.5
v 21.424600601196289 37.482620239257812 -2.5
v 21 38 -2.5
v 20.482622146606445 38.424602508544922 -2.5
v 19.892349243164062 38.740108489990234 -2.5
v 19.251867294311523 38.934398651123047 -2.5
v 29.707107543945312 52.292892456054688 1.5
v 22.292892456054688 59.707107543945312 1.5
v 22.292892456054688 59.707107543945312 -2.5
v 22.292892456054688 59.707107543945312 0.5
v 22.292892456054688 59.707107543945312 -0.5
v 22.292892456054688 59.707107543945312 -1.5
v 29.707107543945312 52.292892456054688 -2.5
v 29.707107543945312 52.292892456054688 -1.5
v 29.707107543945312 52.292892456054688 -0.5
v 29.707107543945312 52.292892456054688 0.5
v 30 2 -2.5
v 29.859577178955078 1.2638106346130371 -2.5
v 28 0 -2.5
v 30 2 -1.5
v 29.859577178955078 1.2638106346130371 -1.5
v 29.414213180541992 0.58578646183013916 -1.5
v 28.736188888549805 0.14042340219020844 -1.5
v 28 0 -1.5
v 30 2 -0.5
v 29.859577178955078 1.2638106346130371 -0.5
v 29.414213180541992 0.58578646183013916 -0.5
v 28.736188888549805 0.14042340219020844 -0.5
v 28 0 -0.5
v 30 2 0.5
v 29.859577178955078 1.2638106346130371 0.5
v 29.414213180541992 0.58578646183013916 0.5
v 28.736188888549805 0.14042340219020844 0.5
v 28 0 0.5
v 30 2 1.5
v 29.414213180541992 0.58578646183013916 1.5
v 28.736188888549805 0.14042340219020844 1.5
v 28 0 1.5
v 29.859577178955078 1.2638106346130371 1.5
v 29.673990249633789 0.90558052062988281 1.5
v 29.094419479370117 0.32600897550582886 1.5
v 28.736188888549805 0.14042340219020844 -2.5
v 29.094419479370117 0.32600897550582886 -2.5
v 29.414213180541992 0.58578646183013916 -2.5
v 29.673990249633789 0.90558052062988281 -2.5
v -28 0 -2.5
v -28.736188888549805 0.14042340219020844 -2.5
v -29.414213180541992 0.58578646183013916 -2.5
v -29.859577178955078 1.2638106346130371 -2.5
v -30 2 -2.5
v -28 0 -1.5
v -28.736188888549805 0.14042340219020844 -1.5
v -29.414213180541992 0.58578646183013916 -1.5
v -29.859577178955078 1.2638106346130371 -1.5
v -30 2 -1.5
v -28 0 -0.5
v -28.736188888549805 0.14042340219020844 -0.5
v -29.414213180541992 0.58578646183013916 -0.5
v -29.859577178955078 1.2638106346130371 -0.5
v -30 2 -0.5
v -28 0 0.5
v -28.736188888549805 0.14042340219020844 0.5
v -29.414213180541992 0.58578646183013916 0.5
v -29.859577178955078 1.2638106346130371 0.5
v -30 2 0.5
v -28 0 1.5
v -28.736188888549805 0.14042340219020844 1.5
v -29.414213180541992 0.58578646183013916 1.5
v -29.859577178955078 1.2638106346130371 1.5
v -30 2 1.5
v -29.094419479370117 0.32600897550582886 1.5
v -29.673990249633789 0.90558052062988281 1.5
v -29.673990249633789 0.90558052062988281 -2.5
v -29.094419479370117 0.32600897550582886 -2.5
v -28 60 1.5
v -28.736188888549805 59.859577178955078 1.5
v -29.859577178955078 58.736190795898438 1.5
v -30 58 1.5
v -28 60 0.5
v -28.736188888549805 59.859577178955078 0.5
v -29.414213180541992 59.414215087890625 0.5
v -29.859577178955078 58.736190795898438 0.5
v -30 58 0.5
v -28 60 -0.5
v -28.736188888549805 59.859577178955078 -0.5
v -29.414213180541992 59.414215087890625 -0.5
v -29.859577178955078 58.736190795898438 -0.5
v -30 58 -0.5
v -28 60 -1.5
v -28.736188888549805 59.859577178955078 -1.5
v -29.414213180541992 59.414215087890625 -1.5
v -29.859577178955078 58.736190795898438 -1.5
v -30 58 -1.5
v -28 60 -2.5
v -28.736188888549805 59.859577178955078 -2.5
v -29.414213180541992 59.414215087890625 -2.5
v -29.859577178955078 58.736190795898438 -2.5
v -30 58 -2.5
v -29.673990249633789 59.09442138671875 1.5
v -29.414213180541992 59.414215087890625 1.5
v -29.094419479370117 59.673992156982422 1.5
v -29.094419479370117 59.673992156982422 -2.5
v -29.673990249633789 59.09442138671875 -2.5
v 21.585786819458008 60 1.5
v 22.292892456054688 59.707107543945312 1.5
v 21.585786819458008 60 0.5
v 21.780485153198242 59.980861663818359 0.5
v 21.969593048095703 59.923412322998047 0.5
v 22.143444061279297 59.830070495605469 0.5
v 22.292892456054688 59.707107543945312 0.5
v 21.585786819458008 60 -0.5
v 21.780485153198242 59.980861663818359 -0.5
v 21.969593048095703 59.923412322998047 -0.5
v 22.143444061279297 59.830070495605469 -0.5
v 22.292892456054688 59.707107543945312 -0.5
v 21.585786819458008 60 -1.5
v 21.780485153198242 59.980861663818359 -1.5
v 21.969593048095703 59.923412322998047 -1.5
v 22.143444061279297 59.830070495605469 -1.5
v 22.292892456054688 59.707107543945312 -1.5
v 21.585786819458008 60 -2.5
v 22.292892456054688 59.707107543945312 -2.5
v 21.968469619750977 59.923877716064453 1.5
v 21.968469619750977 59.923877716064453 -2.5
v 30 51.585784912109375 -2.5
v 29.707107543945312 52.292892456054688 -2.5
v 30 51.585784912109375 -1.5
v 29.980863571166992 51.780487060546875 -1.5
v 29.92341423034668 51.969593048095703 -1.5
v 29.830070495605469 52.143444061279297 -1.5
v 29.707107543945312 52.292892456054688 -1.5
v 30 51.585784912109375 -0.5
v 29.980863571166992 51.780487060546875 -0.5
v 29.92341423034668 51.969593048095703 -0.5
v 29.830070495605469 52.143444061279297 -0.5
v 29.707107543945312 52.292892456054688 -0.5
v 30 51.585784912109375 0.5
v 29.980863571166992 51.780487060546875 0.5
v 29.92341423034668 51.969593048095703 0.5
v 29.830070495605469 52.143444061279297 0.5
v 29.707107543945312 52.292892456054688 0.5
v 30 51.585784912109375 1.5
v 29.707107543945312 52.292892456054688 1.5
v 29.923879623413086 51.968471527099609 -2.5
v 29.923879623413086 51.968471527099609 1.5
v -25 7 1.5
v -25 7 -2.5
v -25 4 1.5
v -25 4 -2.5
v -28 7 1.5
v -28 7 -2.5
v -25 7 1.5
v -25 7 -2.5
v -28 4 1.5
v -28 4 -2.5
v -28 7 1.5
v -28 7 -2.5
v -25 4 1.5
v -25 4 -2.5
v -28 4 1.5
v -28 4 -2.5
v 28 4 1.5
v 28 4 -2.5
v 25 4 1.5
v 25 4 -2.5
v 28 7 1.5
v 28 7 -2.5
v 28 4 1.5
v 28 4 -2.5
v 25 7 1.5
v 25 7 -2.5
v 28 7 1.5
v 28 7 -2.5
v 25 4 1.5
v 25 4 -2.5
v 25 7 1.5
v 25 7 -2.5
v -28 60 1.5
v -28 60 -2.5
v -21 60 1.5
v -21 60 -2.5
v -28 60 -1.5
v -28 60 -0.5
v -28 60 0.5
v -21 60 1
v -19.732049942016602 60 1
v -19.732049942016602 60 -0.5
v -19.732049942016602 60 -2
v -21 60 -2
v 9 30 -0.55295765399932861
v 8.8270673751831055 31.755813598632812 -0.55295765399932861
v 8.314915657043457 33.444149017333984 -0.55295765399932861
v 7.937291145324707 34.242568969726562 -0.55295765399932861
v 7.4832262992858887 35.000133514404297 -0.55295765399932861
v 6.9570941925048828 35.709541320800781 -0.55295765399932861
v 6.3639612197875977 36.363960266113281 -0.55295765399932861
v 5.7095394134521484 36.95709228515625 -0.55295765399932861
v 5.0001320838928223 37.483226776123047 -0.55295765399932861
v 4.2425704002380371 37.937290191650391 -0.55295765399932861
v 3.4441509246826172 38.314914703369141 -0.55295765399932861
v 1.7558128833770752 38.827068328857422 -0.55295765399932861
v 0 39 -0.55295765399932861
v -1.7558128833770752 38.827068328857422 -0.55295765399932861
v -3.4441509246826172 38.314914703369141 -0.55295765399932861
v -4.2425704002380371 37.937290191650391 -0.55295765399932861
v -5.0001320838928223 37.483226776123047 -0.55295765399932861
v -5.7095394134521484 36.95709228515625 -0.55295765399932861
v -6.3639612197875977 36.363960266113281 -0.55295765399932861
v -6.9570941925048828 35.709541320800781 -0.55295765399932861
v -7.4832262992858887 35.000133514404297 -0.55295765399932861
v -7.937291145324707 34.242568969726562 -0.55295765399932861
v -8.314915657043457 33.444149017333984 -0.55295765399932861
v -8.8270673751831055 31.755813598632812 -0.55295765399932861
v -9 30 -0.55295765399932861
v -8.8270673751831055 28.244186401367188 -0.55295765399932861
v -8.314915657043457 26.555849075317383 -0.55295765399932861
v -7.937291145324707 25.757429122924805 -0.55295765399932861
v -7.4832262992858887 24.999868392944336 -0.55295765399932861
v -6.9570941925048828 24.290460586547852 -0.55295765399932861
v -6.3639612197875977 23.636039733886719 -0.55295765399932861
v -5.7095394134521484 23.042905807495117 -0.55295765399932861
v -5.0001320838928223 22.516773223876953 -0.55295765399932861
v -4.2425704002380371 22.062707901000977 -0.55295765399932861
v -3.4441509246826172 21.685083389282227 -0.55295765399932861
v -1.7558128833770752 21.172931671142578 -0.55295765399932861
v 0 21 -0.55295765399932861
v 1.7558128833770752 21.172931671142578 -0.55295765399932861
v 3.4441509246826172 21.685083389282227 -0.55295765399932861
v 4.2425704002380371 22.062707901000977 -0.55295765399932861
v 5.0001320838928223 22.516773223876953 -0.55295765399932861
v 5.7095394134521484 23.042905807495117 -0.55295765399932861
v 6.3639612197875977 23.636039733886719 -0.55295765399932861
v 6.9570941925048828 24.290460586547852 -0.55295765399932861
v 7.4832262992858887 24.999868392944336 -0.55295765399932861
v 7.937291145324707 25.757429122924805 -0.55295765399932861
v 8.314915657043457 26.555849075317383 -0.55295765399932861
v 8.8270673751831055 28.244186401367188 -0.55295765399932861
v 9 30 1.5
v 9 30 -0.55295765399932861
v 8.8270673751831055 28.244186401367188 1.5
v 8.8270673751831055 28.244186401367188 -0.55295765399932861
v 8.314915657043457 26.555849075317383 1.5
v 8.314915657043457 26.555849075317383 -0.55295765399932861
v 7.937291145324707 25.757429122924805 1.5
v 7.937291145324707 25.757429122924805 -0.55295765399932861
v 7.4832262992858887 24.999868392944336 1.5
v 7.4832262992858887 24.999868392944336 -0.55295765399932861
v 6.9570941925048828 24.290460586547852 1.5
v 6.9570941925048828 24.290460586547852 -0.55295765399932861
v 6.3639612197875977 23.636039733886719 1.5
v 6.3639612197875977 23.636039733886719 -0.55295765399932861
v 5.7095394134521484 23.042905807495117 1.5
v 5.7095394134521484 23.042905807495117 -0.55295765399932861
v 5.0001320838928223 22.516773223876953 1.5
v 5.0001320838928223 22.516773223876953 -0.55295765399932861
v 4.2425704002380371 22.062707901000977 1.5
v 4.2425704002380371 22.062707901000977 -0.55295765399932861
v 3.4441509246826172 21.685083389282227 1.5
v 3.4441509246826172 21.685083389282227 -0.55295765399932861
v 1.7558128833770752 21.172931671142578 1.5
v 1.7558128833770752 21.172931671142578 -0.55295765399932861
v 0 21 1.5
v 0 21 -0.55295765399932861
v -1.7558128833770752 21.172931671142578 1.5
v -1.7558128833770752 21.172931671142578 -0.55295765399932861
v -3.4441509246826172 21.685083389282227 1.5
v -3.4441509246826172 21.685083389282227 -0.55295765399932861
v -4.2425704002380371 22.062707901000977 1.5
v -4.2425704002380371 22.062707901000977 -0.55295765399932861
v -5.0001320838928223 22.516773223876953 1.5
v -5.0001320838928223 22.516773223876953 -0.55295765399932861
v -5.7095394134521484 23.042905807495117 1.5
v -5.7095394134521484 23.042905807495117 -0.55295765399932861
v -6.3639612197875977 23.636039733886719 1.5
v -6.3639612197875977 23.636039733886719 -0.55295765399932861
v -6.9570941925048828 24.290460586547852 1.5
v -6.9570941925048828 24.290460586547852 -0.55295765399932861
v -7.4832262992858887 24.999868392944336 1.5
v -7.4832262992858887 24.999868392944336 -0.55295765399932861
v -7.937291145324707 25.757429122924805 1.5
v -7.937291145324707 25.757429122924805 -0.55295765399932861
v -8.314915657043457 26.555849075317383 1.5
v -8.314915657043457 26.555849075317383 -0.55295765399932861
v -8.8270673751831055 28.244186401367188 1.5
v -8.8270673751831055 28.244186401367188 -0.55295765399932861
v -9 30 1.5
v -9 30 -0.55295765399932861
v -8.8270673751831055 31.755813598632812 1.5
v -8.8270673751831055 31.755813598632812 -0.55295765399932861
v -8.314915657043457 33.444149017333984 1.5
v -8.314915657043457 33.444149017333984 -0.55295765399932861
v -7.937291145324707 34.242568969726562 1.5
v -7.937291145324707 34.242568969726562 -0.55295765399932861
v -7.4832262992858887 35.000133514404297 1.5
v -7.4832262992858887 35.000133514404297 -0.55295765399932861
v -6.9570941925048828 35.709541320800781 1.5
v -6.9570941925048828 35.709541320800781 -0.55295765399932861
v -6.3639612197875977 36.363960266113281 1.5
v -6.3639612197875977 36.363960266113281 -0.55295765399932861
v -5.7095394134521484 36.95709228515625 1.5
v -5.7095394134521484 36.95709228515625 -0.55295765399932861
v -5.0001320838928223 37.483226776123047 1.5
v -5.0001320838928223 37.483226776123047 -0.55295765399932861
v -4.2425704002380371 37.937290191650391 1.5
v -4.2425704002380371 37.937290191650391 -0.55295765399932861
v -3.4441509246826172 38.314914703369141 1.5
v -3.4441509246826172 38.314914703369141 -0.55295765399932861
v -1.7558128833770752 38.827068328857422 1.5
v -1.7558128833770752 38.827068328857422 -0.55295765399932861
v 0 39 1.5
v 0 39 -0.55295765399932861
v 1.7558128833770752 38.827068328857422 1.5
v 1.7558128833770752 38.827068328857422 -0.55295765399932861
v 3.4441509246826172 38.314914703369141 1.5
v 3.4441509246826172 38.314914703369141 -0.55295765399932861
v 4.2425704002380371 37.937290191650391 1.5
v 4.2425704002380371 37.937290191650391 -0.55295765399932861
v 5.0001320838928223 37.483226776123047 1.5
v 5.0001320838928223 37.483226776123047 -0.55295765399932861
v 5.7095394134521484 36.95709228515625 1.5
v 5.7095394134521484 36.95709228515625 -0.55295765399932861
v 6.3639612197875977 36.363960266113281 1.5
v 6.3639612197875977 36.363960266113281 -0.55295765399932861
v 6.9570941925048828 35.709541320800781 1.5
v 6.9570941925048828 35.709541320800781 -0.55295765399932861
v 7.4832262992858887 35.000133514404297 1.5
v 7.4832262992858887 35.000133514404297 -0.55295765399932861
v 7.937291145324707 34.242568969726562 1.5
v 7.937291145324707 34.242568969726562 -0.55295765399932861
v 8.314915657043457 33.444149017333984 1.5
v 8.314915657043457 33.444149017333984 -0.55295765399932861
v 8.8270673751831055 31.755813598632812 1.5
v 8.8270673751831055 31.755813598632812 -0.55295765399932861
v 9 30 1.5
v 9 30 -0.55295765399932861
v 19.292892456054688 42 1.5
v 19.292892456054688 42 1
v -19.292892456054688 42 1.5
v -19.292892456054688 42 1
v 19.292892456054688 42 1.125
v 19.292892456054688 42 1.25
v 19.292892456054688 42 1.375
v -19.292892456054688 42 1.375
v -19.292892456054688 42 1.25
v -19.292892456054688 42 1.125
v 21 43.707107543945312 1.5
v 21 43.707107543945312 1.375
v 21 43.707107543945312 1.25
v 21 43.707107543945312 1.125
v 21 43.707107543945312 1
v 20.870054244995117 43.053825378417969 1.375
v 20.870054244995117 43.053825378417969 1.25
v 20.870054244995117 43.053825378417969 1.125
v 20.870054244995117 43.053825378417969 1
v 20.5 42.5 1.5
v 20.5 42.5 1.375
v 20.5 42.5 1.25
v 20.5 42.5 1.125
v 20.5 42.5 1
v 19.946174621582031 42.129947662353516 1.375
v 19.946174621582031 42.129947662353516 1.25
v 19.946174621582031 42.129947662353516 1.125
v 19.946174621582031 42.129947662353516 1
v 19.292892456054688 42 1.5
v 19.292892456054688 42 1.375
v 19.292892456054688 42 1.25
v 19.292892456054688 42 1.125
v 19.292892456054688 42 1
v 20.941831588745117 43.265274047851562 1.5
v 20.771291732788086 42.853553771972656 1.5
v 20.146446228027344 42.228710174560547 1.5
v 19.734724044799805 42.05816650390625 1.5
v 21 49 1.5
v 21 49 1
v 21 43.707107543945312 1.5
v 21 43.707107543945312 1
v 21 43.707107543945312 1.375
v 21 43.707107543945312 1.25
v 21 43.707107543945312 1.125
v -21 43.707107543945312 1.5
v -21 43.707107543945312 1
v -21 49 1.5
v -21 49 1
v -21 43.707107543945312 1.125
v -21 43.707107543945312 1.25
v -21 43.707107543945312 1.375
v -19.292892456054688 42 1.5
v -19.292892456054688 42 1.375
v -19.292892456054688 42 1.25
v -19.292892456054688 42 1.125
v -19.292892456054688 42 1
v -19.946174621582031 42.129947662353516 1.5
v -19.946174621582031 42.129947662353516 1.375
v -19.946174621582031 42.129947662353516 1.25
v -19.946174621582031 42.129947662353516 1.125
v -19.946174621582031 42.129947662353516 1
v -20.5 42.5 1.5
v -20.5 42.5 1.375
v -20.5 42.5 1.25
v -20.5 42.5 1.125
v -20.5 42.5 1
v -20.870054244995117 43.053825378417969 1.5
v -20.870054244995117 43.053825378417969 1.375
v -20.870054244995117 43.053825378417969 1.25
v -20.870054244995117 43.053825378417969 1.125
v -20.870054244995117 43.053825378417969 1
v -21 43.707107543945312 1.5
v -21 43.707107543945312 1.375
v -21 43.707107543945312 1.25
v -21 43.707107543945312 1.125
v -21 43.707107543945312 1
v -21 49 1.5
v -21 49 1
v -21 60 1.5
v -21 60 1
v -21 58.292892456054688 1
v -21 58.292892456054688 1.5
v -21 49 1
v 21 49 1
v -19.292892456054688 42 1
v 19.292892456054688 42 1
v 19.946174621582031 42.129947662353516 1
v 20.5 42.5 1
v 20.870054244995117 43.053825378417969 1
v 21 43.707107543945312 1
v -21 43.707107543945312 1
v -20.870054244995117 43.053825378417969 1
v -20.5 42.5 1
v -19.946174621582031 42.129947662353516 1
v 21 60 1.5
v 21 60 1
v 21 49 1.5
v 21 49 1
v 21 58.292892456054688 1.5
v 21 58.292892456054688 1
v -21 49 1
v -21 60 1
v 21 49 1
v 21 60 1
v 16.267950057983398 60 1
v -16.267950057983398 60 1
v 19.732049942016602 60 1
v -19.732049942016602 60 1
v -21 58.292892456054688 1
v 19 59.267948150634766 1
v 18.517637252807617 59.068149566650391 1
v 18 59 1
v 17.482362747192383 59.068149566650391 1
v 17 59.267948150634766 1
v 16.585786819458008 59.585784912109375 1
v -16.585786819458008 59.585784912109375 1
v -17 59.267948150634766 1
v -17.482362747192383 59.068149566650391 1
v -18 59 1
v -18.517637252807617 59.068149566650391 1
v -19 59.267948150634766 1
v -19.414213180541992 59.585784912109375 1
v 21 58.292892456054688 1
v 21 58.292892456054688 -2
v 21 60 -2.5
v 21 60 -2
v 21 58.292892456054688 -2.5
v 21.585786819458008 60 1.5
v 21.585786819458008 60 0.5
v 21.585786819458008 60 -0.5
v 21.585786819458008 60 -1.5
v 21 60 1
v 21 60 1.5
v 19.732049942016602 60 1
v 21 60 -2.5
v 21 60 -2
v 19.732049942016602 60 -2
v 19.732049942016602 60 -0.5
v 21.585786819458008 60 -2.5
v -16.267950057983398 60 1
v 16.267950057983398 60 -2
v 16.267950057983398 60 1
v 16.267950057983398 60 -0.5
v -16.267950057983398 60 -2
v -16.267950057983398 60 -0.5
v 19.732049942016602 60 1
v 19.732049942016602 60 -0.5
v 19.732049942016602 60 -2
v 19 59.267948150634766 1
v 18.517637252807617 59.068149566650391 1
v 18 59 1
v 17.482362747192383 59.068149566650391 1
v 17 59.267948150634766 1
v 16.585786819458008 59.585784912109375 1
v 16.267950057983398 60 1
v 16.267950057983398 60 -0.5
v 19.702314376831055 59.950176239013672 -2
v 16.267950057983398 60 -2
v 16.815061569213867 59.388813018798828 -2
v 17.561502456665039 59.048660278320312 -2
v 18.381708145141602 59.036762237548828 -2
v 19.137702941894531 59.355117797851562 -2
v 19 59.267948150634766 -0.5
v 18.517637252807617 59.068149566650391 -0.5
v 18 59 -0.5
v 17.482362747192383 59.068149566650391 -0.5
v 17 59.267948150634766 -0.5
v 16.585786819458008 59.585784912109375 -0.5
v -16.267950057983398 60 1
v -16.267950057983398 60 -0.5
v -16.267950057983398 60 -2
v -16.585786819458008 59.585784912109375 1
v -16.585786819458008 59.585784912109375 -2
v -17 59.267948150634766 1
v -17 59.267948150634766 -2
v -17.482362747192383 59.068149566650391 1
v -17.482362747192383 59.068149566650391 -2
v -18 59 1
v -18 59 -2
v -18.517637252807617 59.068149566650391 1
v -18.517637252807617 59.068149566650391 -2
v -19 59.267948150634766 1
v -19 59.267948150634766 -2
v -19.414213180541992 59.585784912109375 1
v -19.732049942016602 60 1
v -19.732049942016602 60 -0.5
v -19.732049942016602 60 -2
v -19.702314376831055 59.950176239013672 -2
v -17 59.267948150634766 -0.5
v -17.482362747192383 59.068149566650391 -0.5
v -18 59 -0.5
v -18.517637252807617 59.068149566650391 -0.5
v -19 59.267948150634766 -0.5
v -19.414213180541992 59.585784912109375 -0.5
v -21 43.707107543945312 -2.5
v -21 43.707107543945312 -2.375
v -21 43.707107543945312 -2.25
v -21 43.707107543945312 -2.125
v -21 43.707107543945312 -2
v -20.870054244995117 43.053825378417969 -2.5
v -20.870054244995117 43.053825378417969 -2.375
v -20.870054244995117 43.053825378417969 -2.25
v -20.870054244995117 43.053825378417969 -2.125
v -20.870054244995117 43.053825378417969 -2
v -20.5 42.5 -2.5
v -20.5 42.5 -2.375
v -20.5 42.5 -2.25
v -20.5 42.5 -2.125
v -20.5 42.5 -2
v -19.946174621582031 42.129947662353516 -2.5
v -19.946174621582031 42.129947662353516 -2.375
v -19.946174621582031 42.129947662353516 -2.25
v -19.946174621582031 42.129947662353516 -2.125
v -19.946174621582031 42.129947662353516 -2
v -19.292892456054688 42 -2.5
v -19.292892456054688 42 -2.25
v -19.292892456054688 42 -2.125
v -19.292892456054688 42 -2
v 21 43.707107543945312 -2.5
v 21 43.707107543945312 -2
v 21 58.292892456054688 -2.5
v 21 58.292892456054688 -2
v 21 43.707107543945312 -2.125
v 21 43.707107543945312 -2.25
v 21 49 -2.5
v 21 49 -2
v 19.292892456054688 42 -2.5
v 19.292892456054688 42 -2.375
v 19.292892456054688 42 -2.25
v 19.292892456054688 42 -2.125
v 19.292892456054688 42 -2
v 19.946174621582031 42.129947662353516 -2.5
v 19.946174621582031 42.129947662353516 -2.375
v 19.946174621582031 42.129947662353516 -2.25
v 19.946174621582031 42.129947662353516 -2.125
v 19.946174621582031 42.129947662353516 -2
v 20.5 42.5 -2.5
v 20.5 42.5 -2.375
v 20.5 42.5 -2.25
v 20.5 42.5 -2.125
v 20.5 42.5 -2
v 20.870054244995117 43.053825378417969 -2.5
v 20.870054244995117 43.053825378417969 -2.375
v 20.870054244995117 43.053825378417969 -2.25
v 20.870054244995117 43.053825378417969 -2.125
v 20.870054244995117 43.053825378417969 -2
v 21 43.707107543945312 -2.5
v 21 43.707107543945312 -2.25
v 21 43.707107543945312 -2.125
v 21 43.707107543945312 -2
v -19.292892456054688 42 -2.5
v -19.292892456054688 42 -2
v 19.292892456054688 42 -2.5
v 19.292892456054688 42 -2
v 19.292892456054688 42 -2.375
v 19.292892456054688 42 -2.25
v 19.292892456054688 42 -2.125
v -19.292892456054688 42 -2.125
v -19.292892456054688 42 -2.25
v -21 60 -2.5
v -21 60 -2
v -21 58.292892456054688 -2.5
v -21 58.292892456054688 -2
v 21 58.292892456054688 -2
v 21 60 -2
v 19.732049942016602 60 -2
v 19.702314376831055 59.950176239013672 -2
v 20.835309982299805 59.024444580078125 -2
v 20.373014450073242 59.614841461181641 -2
v -21 58.292892456054688 -2
v -21 60 -2
v -19.732049942016602 60 -2
v -19.702314376831055 59.950176239013672 -2
v -20.373014450073242 59.614841461181641 -2
v -20.835309982299805 59.024444580078125 -2
v -21 58.292892456054688 -2.5
v -21 58.292892456054688 -2
v -21 43.707107543945312 -2.5
v -21 43.707107543945312 -2
v -21 43.707107543945312 -2.375
v -21 43.707107543945312 -2.25
v -21 43.707107543945312 -2.125
v -21 49 -2
v -21 49 -2.5
v -16.267950057983398 60 -2
v 16.267950057983398 60 -2
v -19.702314376831055 59.950176239013672 -2
v -19 59.267948150634766 -2
v -18.517637252807617 59.068149566650391 -2
v -18 59 -2
v -17.482362747192383 59.068149566650391 -2
v -17 59.267948150634766 -2
v -16.585786819458008 59.585784912109375 -2
v -19.292892456054688 42 -2
v -19.946174621582031 42.129947662353516 -2
v -20.5 42.5 -2
v -20.870054244995117 43.053825378417969 -2
v -21 43.707107543945312 -2
v -21 58.292892456054688 -2
v -20.835309982299805 59.024444580078125 -2
v -20.373014450073242 59.614841461181641 -2
v 21 43.707107543945312 -2
v 20.870054244995117 43.053825378417969 -2
v 20.5 42.5 -2
v 19.946174621582031 42.129947662353516 -2
v 19.292892456054688 42 -2
v 16.815061569213867 59.388813018798828 -2
v 17.561502456665039 59.048660278320312 -2
v 18.381708145141602 59.036762237548828 -2
v 19.137702941894531 59.355117797851562 -2
v 19.702314376831055 59.950176239013672 -2
v 20.373014450073242 59.614841461181641 -2
v 20.835309982299805 59.024444580078125 -2
v 21 58.292892456054688 -2
v -21 49 -2
v 21 49 -2
v -30 51.5 0.5
v -30 54.5 0.5
v -28.5 53 0.5
v -28.614181518554688 53.574024200439453 0.5
v -28.939340591430664 54.060661315917969 0.5
v -29.425975799560547 54.385818481445312 0.5
v -29.425975799560547 51.614181518554688 0.5
v -28.939340591430664 51.939338684082031 0.5
v -28.614181518554688 52.425975799560547 0.5
v -28.5 53 1.5
v -28.5 53 0.5
v -28.614181518554688 52.425975799560547 1.5
v -28.614181518554688 52.425975799560547 1.25
v -28.614181518554688 52.425975799560547 1
v -28.614181518554688 52.425975799560547 0.75
v -28.614181518554688 52.425975799560547 0.5
v -28.939340591430664 51.939338684082031 1.5
v -28.939340591430664 51.939338684082031 1.25
v -28.939340591430664 51.939338684082031 1
v -28.939340591430664 51.939338684082031 0.75
v -28.939340591430664 51.939338684082031 0.5
v -29.425975799560547 51.614181518554688 1.5
v -29.425975799560547 51.614181518554688 1.25
v -29.425975799560547 51.614181518554688 1
v -29.425975799560547 51.614181518554688 0.75
v -29.425975799560547 51.614181518554688 0.5
v -30 51.5 1.5
v -30 51.5 1.25
v -30 51.5 1
v -30 51.5 0.75
v -30 51.5 0.5
v -28.5 53 0.83333331346511841
v -28.5 53 1.1666666269302368
v -30 54.5 1.5
v -30 54.5 1.25
v -30 54.5 1
v -30 54.5 0.75
v -30 54.5 0.5
v -29.425975799560547 54.385818481445312 1.5
v -29.425975799560547 54.385818481445312 1.25
v -29.425975799560547 54.385818481445312 1
v -29.425975799560547 54.385818481445312 0.75
v -29.425975799560547 54.385818481445312 0.5
v -28.939340591430664 54.060661315917969 1.5
v -28.939340591430664 54.060661315917969 1.25
v -28.939340591430664 54.060661315917969 1
v -28.939340591430664 54.060661315917969 0.75
v -28.939340591430664 54.060661315917969 0.5
v -28.614181518554688 53.574024200439453 1.5
v -28.614181518554688 53.574024200439453 1.25
v -28.614181518554688 53.574024200439453 1
v -28.614181518554688 53.574024200439453 0.75
v -28.614181518554688 53.574024200439453 0.5
v -28.5 53 1.5
v -28.5 53 0.5
v -28.5 53 1.1666666269302368
v -28.5 53 0.83333331346511841
v -25 48.5 0.5
v -25.114181518554688 49.074024200439453 0.5
v -25.439340591430664 49.560661315917969 0.5
v -25.925975799560547 49.885818481445312 0.5
v -26.5 50 0.5
v -27.074024200439453 49.885818481445312 0.5
v -27.560659408569336 49.560661315917969 0.5
v -27.885818481445312 49.074024200439453 0.5
v -28 48.5 0.5
v -27.885818481445312 47.925975799560547 0.5
v -27.560659408569336 47.439338684082031 0.5
v -27.074024200439453 47.114181518554688 0.5
v -26.5 47 0.5
v -25.925975799560547 47.114181518554688 0.5
v -25.439340591430664 47.439338684082031 0.5
v -25.114181518554688 47.925975799560547 0.5
v -25 48.5 1.5
v -25 48.5 0.5
v -25.114181518554688 47.925975799560547 1.5
v -25.114181518554688 47.925975799560547 0.5
v -25.439340591430664 47.439338684082031 1.5
v -25.439340591430664 47.439338684082031 0.5
v -25.925975799560547 47.114181518554688 1.5
v -25.925975799560547 47.114181518554688 0.5
v -26.5 47 1.5
v -26.5 47 0.5
v -27.074024200439453 47.114181518554688 1.5
v -27.074024200439453 47.114181518554688 0.5
v -27.560659408569336 47.439338684082031 1.5
v -27.560659408569336 47.439338684082031 0.5
v -27.885818481445312 47.925975799560547 1.5
v -27.885818481445312 47.925975799560547 0.5
v -28 48.5 1.5
v -28 48.5 0.5
v -27.885818481445312 49.074024200439453 1.5
v -27.885818481445312 49.074024200439453 0.5
v -27.560659408569336 49.560661315917969 1.5
v -27.560659408569336 49.560661315917969 0.5
v -27.074024200439453 49.885818481445312 1.5
v -27.074024200439453 49.885818481445312 0.5
v -26.5 50 1.5
v -26.5 50 0.5
v -25.925975799560547 49.885818481445312 1.5
v -25.925975799560547 49.885818481445312 0.5
v -25.439340591430664 49.560661315917969 1.5
v -25.439340591430664 49.560661315917969 0.5
v -25.114181518554688 49.074024200439453 1.5
v -25.114181518554688 49.074024200439453 0.5
v -25 48.5 1.5
v -25 48.5 0.5
v 25 48.5 0.5
v 25.114181518554688 47.925975799560547 0.5
v 25.439340591430664 47.439338684082031 0.5
v 25.925975799560547 47.114181518554688 0.5
v 26.5 47 0.5
v 27.074024200439453 47.114181518554688 0.5
v 27.560659408569336 47.439338684082031 0.5
v 27.885818481445312 47.925975799560547 0.5
v 28 48.5 0.5
v 27.885818481445312 49.074024200439453 0.5
v 27.560659408569336 49.560661315917969 0.5
v 27.074024200439453 49.885818481445312 0.5
v 26.5 50 0.5
v 25.925975799560547 49.885818481445312 0.5
v 25.439340591430664 49.560661315917969 0.5
v 25.114181518554688 49.074024200439453 0.5
v 25 48.5 1.5
v 25 48.5 0.5
v 25.114181518554688 49.074024200439453 1.5
v 25.114181518554688 49.074024200439453 0.5
v 25.439340591430664 49.560661315917969 1.5
v 25.439340591430664 49.560661315917969 0.5
v 25.925975799560547 49.885818481445312 1.5
v 25.925975799560547 49.885818481445312 0.5
v 26.5 50 1.5
v 26.5 50 0.5
v 27.074024200439453 49.885818481445312 1.5
v 27.074024200439453 49.885818481445312 0.5
v 27.560659408569336 49.560661315917969 1.5
v 27.560659408569336 49.560661315917969 0.5
v 27.885818481445312 49.074024200439453 1.5
v 27.885818481445312 49.074024200439453 0.5
v 28 48.5 1.5
v 28 48.5 0.5
v 27.885818481445312 47.925975799560547 1.5
v 27.885818481445312 47.925975799560547 0.5
v 27.560659408569336 47.439338684082031 1.5
v 27.560659408569336 47.439338684082031 0.5
v 27.074024200439453 47.114181518554688 1.5
v 27.074024200439453 47.114181518554688 0.5
v 26.5 47 1.5
v 26.5 47 0.5
v 25.925975799560547 47.114181518554688 1.5
v 25.925975799560547 47.114181518554688 0.5
v 25.439340591430664 47.439338684082031 1.5
v 25.439340591430664 47.439338684082031 0.5
v 25.114181518554688 47.925975799560547 1.5
v 25.114181518554688 47.925975799560547 0.5
v 25 48.5 1.5
v 25 48.5 0.5
v -22 35.585784912109375 -2.5
v -22 35.585784912109375 -2
v -22 0 -2.5
v -22 0 -2
v -22 35.585784912109375 -2.25
v -18.585786819458008 39 -2.5
v -18.585786819458008 39 -2.25
v -18.585786819458008 39 -2
v -19.251867294311523 38.934398651123047 -2.5
v -19.251867294311523 38.934398651123047 -2
v -19.892349243164062 38.740108489990234 -2.5
v -19.892349243164062 38.740108489990234 -2
v -20.482622146606445 38.424602508544922 -2.5
v -20.482622146606445 38.424602508544922 -2
v -21 38 -2.5
v -21 38 -2
v -21.424600601196289 37.482620239257812 -2.5
v -21.424600601196289 37.482620239257812 -2
v -21.740108489990234 36.892349243164062 -2.5
v -21.740108489990234 36.892349243164062 -2
v -21.934396743774414 36.251865386962891 -2.5
v -21.934396743774414 36.251865386962891 -2
v -22 35.585784912109375 -2.5
v -22 35.585784912109375 -2.25
v -22 35.585784912109375 -2
v -19.892349243164062 38.740108489990234 -2.25
v -20.482622146606445 38.424602508544922 -2.25
v -21 38 -2.25
v -21.424600601196289 37.482620239257812 -2.25
v -21.740108489990234 36.892349243164062 -2.25
v -21.934396743774414 36.251865386962891 -2.25
v 18.585786819458008 39 -2.5
v 18.585786819458008 39 -2
v -18.585786819458008 39 -2.5
v -18.585786819458008 39 -2
v -18.585786819458008 39 -2.25
v 18.585786819458008 39 -2.25
v 22 35.585784912109375 -2.5
v 22 35.585784912109375 -2.25
v 22 35.585784912109375 -2
v 21.934396743774414 36.251865386962891 -2.5
v 21.934396743774414 36.251865386962891 -2
v 21.740108489990234 36.892349243164062 -2.5
v 21.740108489990234 36.892349243164062 -2
v 21.424600601196289 37.482620239257812 -2.5
v 21.424600601196289 37.482620239257812 -2
v 21 38 -2.5
v 21 38 -2
v 20.482622146606445 38.424602508544922 -2.5
v 20.482622146606445 38.424602508544922 -2
v 19.892349243164062 38.740108489990234 -2.5
v 19.892349243164062 38.740108489990234 -2
v 19.251867294311523 38.934398651123047 -2.5
v 19.251867294311523 38.934398651123047 -2
v 18.585786819458008 39 -2.5
v 18.585786819458008 39 -2.25
v 18.585786819458008 39 -2
v 21.740108489990234 36.892349243164062 -2.25
v 21.424600601196289 37.482620239257812 -2.25
v 21 38 -2.25
v 20.482622146606445 38.424602508544922 -2.25
v 19.892349243164062 38.740108489990234 -2.25
v 19.251867294311523 38.934398651123047 -2.25
v 22 0 -2.5
v 22 0 -2
v 22 35.585784912109375 -2.5
v 22 35.585784912109375 -2
v 22 35.585784912109375 -2.25
v -22 0 -2
v 22 0 -2
v -22 35.585784912109375 -2
v -21.934396743774414 36.251865386962891 -2
v -21.740108489990234 36.892349243164062 -2
v -21.424600601196289 37.482620239257812 -2
v -21 38 -2
v -20.482622146606445 38.424602508544922 -2
v -19.892349243164062 38.740108489990234 -2
v -19.251867294311523 38.934398651123047 -2
v -18.585786819458008 39 -2
v 18.585786819458008 39 -2
v 19.251867294311523 38.934398651123047 -2
v 19.892349243164062 38.740108489990234 -2
v 20.482622146606445 38.424602508544922 -2
v 21 38 -2
v 21.424600601196289 37.482620239257812 -2
v 21.740108489990234 36.892349243164062 -2
v 21.934396743774414 36.251865386962891 -2
v 22 35.585784912109375 -2
vt 0.58265042304992676 0.41588476300239563
vt 0.55638962984085083 0.41588476300239563
vt 0.58265042304992676 0.75958430767059326
vt 0.55638962984085083 0.75958430767059326
vt 0.57608520984649658 0.75958430767059326
vt 0.56951999664306641 0.75958430767059326
vt 0.56295478343963623 0.75958430767059326
vt 0.56295478343963623 0.41588476300239563
vt 0.56951999664306641 0.41588476300239563
vt 0.57608520984649658 0.41588476300239563
vt 0.30604064464569092 0.41588476300239563
vt 0.27977985143661499 0.41588476300239563
vt 0.30604064464569092 0.80404382944107056
vt 0.27977985143661499 0.80404382944107056
vt 0.29947546124458313 0.80404382944107056
vt 0.29291024804115295 0.80404382944107056
vt 0.28634506464004517 0.80404382944107056
vt 0.27977985143661499 0.45747321844100952
vt 0.28634506464004517 0.41588476300239563
vt 0.29291024804115295 0.41588476300239563
vt 0.29947546124458313 0.41588476300239563
vt 0.27977985143661499 0.76245534420013428
vt 0.28306245803833008 0.76245534420013428
vt 0.28306245803833008 0.45747321844100952
vt 0.27831500768661499 0.41588476300239563
vt 0.25205418467521667 0.41588476300239563
vt 0.27831500768661499 0.80404382944107056
vt 0.25205418467521667 0.80404382944107056
vt 0.27831500768661499 0.75898969173431396
vt 0.25861939787864685 0.41588476300239563
vt 0.26518461108207703 0.41588476300239563
vt 0.27174979448318481 0.41588476300239563
vt 0.27174979448318481 0.80404382944107056
vt 0.26518461108207703 0.80404382944107056
vt 0.25861939787864685 0.80404382944107056
vt 0.27667370438575745 0.75898969173431396
vt 0.2750324010848999 0.75898969173431396
vt 0.27339109778404236 0.75898969173431396
vt 0.27174979448318481 0.75898969173431396
vt 0.27174979448318481 0.77978390455245972
vt 0.27339109778404236 0.77978390455245972
vt 0.2750324010848999 0.77978390455245972
vt 0.27667370438575745 0.77978390455245972
vt 0.27831500768661499 0.77978390455245972
vt 0.41588476300239563 0.013813997618854046
vt 0.41588476300239563 0.062162987887859344
vt 0 0.40060588717460632
vt 0 0.013813997618854046
vt 0.013862836174666882 0
vt 0.3569677472114563 0
vt 0.41385459899902344 0.36118695139884949
vt 0.36246362328529358 0.4123968780040741
vt 0.3575623631477356 0.41441991925239563
vt 0.013862836174666882 0.41441991925239563
vt 0.0087599912658333778 0.41345000267028809
vt 0.0062769604846835136 0.41216814517974854
vt 0.0040603335946798325 0.41037386655807495
vt 0.0022597096394747496 0.40816506743431091
vt 0.00097332685254514217 0.4056907594203949
vt 0.00097332685254514217 0.0087291384115815163
vt 0.0022597096394747496 0.0062548443675041199
vt 0.0040603335946798325 0.0040460284799337387
vt 0.0062769604846835136 0.0022517459001392126
vt 0.0087599912658333778 0.00096990587189793587
vt 0.40202191472053528 0
vt 0.40712475776672363 0.00096990587189793587
vt 0.40960779786109924 0.0022517459001392126
vt 0.41182440519332886 0.0040460284799337387
vt 0.41362503170967102 0.0062548443675041199
vt 0.4149114191532135 0.0087291384115815163
vt 0.41588476300239563 0.35630294680595398
vt 0.41535711288452148 0.35894611477851868
vt 0.36021488904953003 0.41389414668083191
vt 0.027725648134946823 0.034534994512796402
vt 0.048519890755414963 0.034534994512796402
vt 0.048519890755414963 0.013813997618854046
vt 0.027725648134946823 0.013813997618854046
vt 0.027725648134946823 0.37988492846488953
vt 0.027725648134946823 0.40060588717460632
vt 0.048519890755414963 0.40060588717460632
vt 0.048519890755414963 0.37988492846488953
vt 0.20794238150119781 0.26937294006347656
vt 0.2201126366853714 0.26817849278450012
vt 0.23181520402431488 0.26464107632637024
vt 0.23734937608242035 0.26203283667564392
vt 0.24260035157203674 0.2588965892791748
vt 0.24751755595207214 0.25526261329650879
vt 0.25205361843109131 0.25116580724716187
vt 0.25616484880447388 0.2466457337141037
vt 0.25981169939041138 0.24174584448337555
vt 0.26295900344848633 0.23651339113712311
vt 0.26557648181915283 0.230998694896698
vt 0.26912641525268555 0.21933735907077789
vt 0.27032509446144104 0.20720995962619781
vt 0.26912641525268555 0.19508254528045654
vt 0.26557648181915283 0.18342120945453644
vt 0.26295900344848633 0.17790652811527252
vt 0.25981169939041138 0.17267404496669769
vt 0.25616484880447388 0.16777417063713074
vt 0.25205361843109131 0.16325408220291138
vt 0.24751755595207214 0.15915732085704803
vt 0.24260035157203674 0.15552331507205963
vt 0.23734937608242035 0.1523870974779129
vt 0.23181520402431488 0.14977884292602539
vt 0.2201126366853714 0.14624141156673431
vt 0.20794238150119781 0.14504696428775787
vt 0.19577211141586304 0.14624141156673431
vt 0.18406955897808075 0.14977884292602539
vt 0.17853535711765289 0.1523870974779129
vt 0.17328439652919769 0.15552331507205963
vt 0.16836720705032349 0.15915732085704803
vt 0.16383114457130432 0.16325408220291138
vt 0.15971986949443817 0.16777417063713074
vt 0.15607303380966187 0.17267404496669769
vt 0.15292572975158691 0.17790652811527252
vt 0.1503082662820816 0.18342120945453644
vt 0.14675833284854889 0.19508254528045654
vt 0.14555966854095459 0.20720995962619781
vt 0.14675833284854889 0.21933735907077789
vt 0.1503082662820816 0.230998694896698
vt 0.15292572975158691 0.23651339113712311
vt 0.15607303380966187 0.24174584448337555
vt 0.15971986949443817 0.2466457337141037
vt 0.16383114457130432 0.25116580724716187
vt 0.16836720705032349 0.25526261329650879
vt 0.17328439652919769 0.2588965892791748
vt 0.17853535711765289 0.26203283667564392
vt 0.18406955897808075 0.26464107632637024
vt 0.19577211141586304 0.26817849278450012
vt 0.29111930727958679 0.073953971266746521
vt 0.29111930727958679 0.34046593308448792
vt 0.29152250289916992 0.34351766109466553
vt 0.29270461201667786 0.3463614284992218
vt 0.29458504915237427 0.34880340099334717
vt 0.29703566431999207 0.35067722201347351
vt 0.29988947510719299 0.35185515880584717
vt 0.30295199155807495 0.35225692391395569
vt 0.33963921666145325 0.35225692391395569
vt 0.30295199155807495 0.062162987887859344
vt 0.29842382669448853 0.063060514628887177
vt 0.29458504915237427 0.065616481006145477
vt 0.29202002286911011 0.069441750645637512
vt 0.41588476300239563 0.35225692391395569
vt 0.33963921666145325 0.062162987887859344
vt 0.40405207872390747 0.062162987887859344
vt 0.40405207872390747 0.35225692391395569
vt 0.35775917768478394 0.0039647906087338924
vt 0.36001297831535339 0.0073259784840047359
vt 0.36338606476783752 0.0095718512311577797
vt 0.36736485362052917 0.010360497981309891
vt 0.37134367227554321 0.0095718512311577797
vt 0.37471672892570496 0.0073259784840047359
vt 0.3769705593585968 0.0039647906087338924
vt 0.37776198983192444 0
vt 0.33617350459098816 0.034534994512796402
vt 0.3401523232460022 0.033746346831321716
vt 0.34352537989616394 0.031500473618507385
vt 0.3457791805267334 0.028139285743236542
vt 0.34657061100006104 0.024174494668841362
vt 0.3457791805267334 0.020209703594446182
vt 0.34352537989616394 0.016848517581820488
vt 0.3401523232460022 0.014602642506361008
vt 0.33617350459098816 0.013813997618854046
vt 0.33219468593597412 0.014602642506361008
vt 0.32882162928581238 0.016848517581820488
vt 0.32656782865524292 0.020209703594446182
vt 0.32577639818191528 0.024174494668841362
vt 0.32656782865524292 0.028139285743236542
vt 0.32882162928581238 0.031500473618507385
vt 0.33219468593597412 0.033746346831321716
vt 0.33617350459098816 0.37988492846488953
vt 0.33219468593597412 0.38067355751991272
vt 0.32882162928581238 0.38291943073272705
vt 0.32656782865524292 0.38628062605857849
vt 0.32577639818191528 0.39024540781974792
vt 0.32656782865524292 0.39421018958091736
vt 0.32882162928581238 0.3975713849067688
vt 0.33219468593597412 0.39981725811958313
vt 0.33617350459098816 0.40060588717460632
vt 0.3401523232460022 0.39981725811958313
vt 0.34352537989616394 0.3975713849067688
vt 0.3457791805267334 0.39421018958091736
vt 0.34657061100006104 0.39024540781974792
vt 0.3457791805267334 0.38628062605857849
vt 0.34352537989616394 0.38291943073272705
vt 0.3401523232460022 0.38067355751991272
vt 0.99853515625 0.34152960777282715
vt 0.99853515625 0.39004948735237122
vt 0.58411526679992676 0.72968870401382446
vt 0.58411526679992676 0.68810021877288818
vt 0.59792923927307129 0.3276667594909668
vt 0.98472118377685547 0.3276667594909668
vt 0.99651211500167847 0.69013041257858276
vt 0.94530218839645386 0.74152135848999023
vt 0.94041818380355835 0.74355149269104004
vt 0.59792923927307129 0.74355149269104004
vt 0.59284436702728271 0.74257820844650269
vt 0.59037011861801147 0.74129182100296021
vt 0.58816128969192505 0.73949116468429565
vt 0.58636701107025146 0.73727458715438843
vt 0.58508515357971191 0.73479151725769043
vt 0.58411526679992676 0.34152960777282715
vt 0.58508515357971191 0.33642676472663879
vt 0.58636701107025146 0.33394372463226318
vt 0.58816128969192505 0.33172708749771118
vt 0.59037011861801147 0.32992649078369141
vt 0.59284436702728271 0.32864010334014893
vt 0.98980599641799927 0.32864010334014893
vt 0.99228030443191528 0.32992649078369141
vt 0.99448913335800171 0.33172708749771118
vt 0.99628341197967529 0.33394372463226318
vt 0.99756526947021484 0.33642676472663879
vt 0.99853515625 0.68522912263870239
vt 0.99800938367843628 0.68788164854049683
vt 0.94306141138076782 0.74302387237548828
vt 0.6117432713508606 0.36232385039329529
vt 0.63246423006057739 0.36232385039329529
vt 0.63246423006057739 0.34152960777282715
vt 0.6117432713508606 0.34152960777282715
vt 0.6117432713508606 0.70889449119567871
vt 0.6117432713508606 0.72968870401382446
vt 0.63246423006057739 0.72968870401382446
vt 0.63246423006057739 0.70889449119567871
vt 0.98674416542053223 0.39004948735237122
vt 0.99853515625 0.68116879463195801
vt 0.88600015640258789 0.39004948735237122
vt 0.88148796558380127 0.39095020294189453
vt 0.87766265869140625 0.3935151994228363
vt 0.87510669231414795 0.39735397696495056
vt 0.87420916557312012 0.40188214182853699
vt 0.87420916557312012 0.66933614015579224
vt 0.87510669231414795 0.67386430501937866
vt 0.87766265869140625 0.67770308256149292
vt 0.88148796558380127 0.68026810884475708
vt 0.88600015640258789 0.68116879463195801
vt 0.98674416542053223 0.68116879463195801
vt 0.92255818843841553 0.68116879463195801
vt 0.92255818843841553 0.39004948735237122
vt 0.82990622520446777 0.38311806321144104
vt 0.58411526679992676 0.38311806321144104
vt 0.85348820686340332 0.40678340196609497
vt 0.8530350923538208 0.40216651558876038
vt 0.85169309377670288 0.39772707223892212
vt 0.84951388835906982 0.39363563060760498
vt 0.84658116102218628 0.39004948735237122
vt 0.84300768375396729 0.38710638880729675
vt 0.83893066644668579 0.38491949439048767
vt 0.8345068097114563 0.3835727870464325
vt 0.85348820686340332 0.66443490982055664
vt 0.82990622520446777 0.68810021877288818
vt 0.8345068097114563 0.68764549493789673
vt 0.83893066644668579 0.68629878759384155
vt 0.84300768375396729 0.68411189317703247
vt 0.84658116102218628 0.68116879463195801
vt 0.84951388835906982 0.67758262157440186
vt 0.85169309377670288 0.67349123954772949
vt 0.8530350923538208 0.66905176639556885
vt 0.33376631140708923 0.60330438613891602
vt 0.33376631140708923 0.67598217725753784
vt 0.30750548839569092 0.67598217725753784
vt 0.32720109820365906 0.67598217725753784
vt 0.32063591480255127 0.67598217725753784
vt 0.31407070159912109 0.67598217725753784
vt 0.30750548839569092 0.60330438613891602
vt 0.31407070159912109 0.60330438613891602
vt 0.32063591480255127 0.60330438613891602
vt 0.32720109820365906 0.60330438613891602
vt 0.2289540022611618 0.62155413627624512
vt 0.22391137480735779 0.62155413627624512
vt 0.20878349244594574 0.62155413627624512
vt 0.2289540022611618 0.62848556041717529
vt 0.22391137480735779 0.62848556041717529
vt 0.21886874735355377 0.62848556041717529
vt 0.21382611989974976 0.62848556041717529
vt 0.20878349244594574 0.62848556041717529
vt 0.2289540022611618 0.63541692495346069
vt 0.22391137480735779 0.63541692495346069
vt 0.21886874735355377 0.63541692495346069
vt 0.21382611989974976 0.63541692495346069
vt 0.20878349244594574 0.63541692495346069
vt 0.2289540022611618 0.64234834909439087
vt 0.22391137480735779 0.64234834909439087
vt 0.21886874735355377 0.64234834909439087
vt 0.21382611989974976 0.64234834909439087
vt 0.20878349244594574 0.64234834909439087
vt 0.2289540022611618 0.64927977323532104
vt 0.21886874735355377 0.64927977323532104
vt 0.21382611989974976 0.64927977323532104
vt 0.20878349244594574 0.64927977323532104
vt 0.22391137480735779 0.64927977323532104
vt 0.22139005362987518 0.64927977323532104
vt 0.21634742617607117 0.64927977323532104
vt 0.21382611989974976 0.62155413627624512
vt 0.21634742617607117 0.62155413627624512
vt 0.21886874735355377 0.62155413627624512
vt 0.22139005362987518 0.62155413627624512
vt 0.25058934092521667 0.62155413627624512
vt 0.24554672837257385 0.62155413627624512
vt 0.24050410091876984 0.62155413627624512
vt 0.23546147346496582 0.62155413627624512
vt 0.2304188460111618 0.62155413627624512
vt 0.25058934092521667 0.62848556041717529
vt 0.24554672837257385 0.62848556041717529
vt 0.24050410091876984 0.62848556041717529
vt 0.23546147346496582 0.62848556041717529
vt 0.2304188460111618 0.62848556041717529
vt 0.25058934092521667 0.63541692495346069
vt 0.24554672837257385 0.63541692495346069
vt 0.24050410091876984 0.63541692495346069
vt 0.23546147346496582 0.63541692495346069
vt 0.2304188460111618 0.63541692495346069
vt 0.25058934092521667 0.64234834909439087
vt 0.24554672837257385 0.64234834909439087
vt 0.24050410091876984 0.64234834909439087
vt 0.23546147346496582 0.64234834909439087
vt 0.2304188460111618 0.64234834909439087
vt 0.25058934092521667 0.64927977323532104
vt 0.24554672837257385 0.64927977323532104
vt 0.24050410091876984 0.64927977323532104
vt 0.23546147346496582 0.64927977323532104
vt 0.2304188460111618 0.64927977323532104
vt 0.24302540719509125 0.64927977323532104
vt 0.23798277974128723 0.64927977323532104
vt 0.23798277974128723 0.62155413627624512
vt 0.24302540719509125 0.62155413627624512
vt 0.20731864869594574 0.7266618013381958
vt 0.20227602124214172 0.7266618013381958
vt 0.19219076633453369 0.7266618013381958
vt 0.18714813888072968 0.7266618013381958
vt 0.20731864869594574 0.73359322547912598
vt 0.20227602124214172 0.73359322547912598
vt 0.19723339378833771 0.73359322547912598
vt 0.19219076633453369 0.73359322547912598
vt 0.18714813888072968 0.73359322547912598
vt 0.20731864869594574 0.74052464962005615
vt 0.20227602124214172 0.74052464962005615
vt 0.19723339378833771 0.74052464962005615
vt 0.19219076633453369 0.74052464962005615
vt 0.18714813888072968 0.74052464962005615
vt 0.20731864869594574 0.74745607376098633
vt 0.20227602124214172 0.74745607376098633
vt 0.19723339378833771 0.74745607376098633
vt 0.19219076633453369 0.74745607376098633
vt 0.18714813888072968 0.74745607376098633
vt 0.20731864869594574 0.75438743829727173
vt 0.20227602124214172 0.75438743829727173
vt 0.19723339378833771 0.75438743829727173
vt 0.19219076633453369 0.75438743829727173
vt 0.18714813888072968 0.75438743829727173
vt 0.1947120726108551 0.7266618013381958
vt 0.19723339378833771 0.7266618013381958
vt 0.19975470006465912 0.7266618013381958
vt 0.19975470006465912 0.75438743829727173
vt 0.1947120726108551 0.75438743829727173
vt 0.076245538890361786 0.41588476300239563
vt 0.076245538890361786 0.42132478952407837
vt 0.083176948130130768 0.41588476300239563
vt 0.083176948130130768 0.41725519299507141
vt 0.083176948130130768 0.41861307621002197
vt 0.083176948130130768 0.41996893286705017
vt 0.083176948130130768 0.42132478952407837
vt 0.090108364820480347 0.41588476300239563
vt 0.090108364820480347 0.41725519299507141
vt 0.090108364820480347 0.41861307621002197
vt 0.090108364820480347 0.41996893286705017
vt 0.090108364820480347 0.42132478952407837
vt 0.097039774060249329 0.41588476300239563
vt 0.097039774060249329 0.41725519299507141
vt 0.097039774060249329 0.41861307621002197
vt 0.097039774060249329 0.41996893286705017
vt 0.097039774060249329 0.42132478952407837
vt 0.10397119075059891 0.41588476300239563
vt 0.10397119075059891 0.42132478952407837
vt 0.076245538890361786 0.41860476136207581
vt 0.10397119075059891 0.41860476136207581
vt 0.076245538890361786 0.42466950416564941
vt 0.076245538890361786 0.43010953068733215
vt 0.083176948130130768 0.42466950416564941
vt 0.083176948130130768 0.42603996396064758
vt 0.083176948130130768 0.42739784717559814
vt 0.083176948130130768 0.42875370383262634
vt 0.083176948130130768 0.43010953068733215
vt 0.090108364820480347 0.42466950416564941
vt 0.090108364820480347 0.42603996396064758
vt 0.090108364820480347 0.42739784717559814
vt 0.090108364820480347 0.42875370383262634
vt 0.090108364820480347 0.43010953068733215
vt 0.097039774060249329 0.42466950416564941
vt 0.097039774060249329 0.42603996396064758
vt 0.097039774060249329 0.42739784717559814
vt 0.097039774060249329 0.42875370383262634
vt 0.097039774060249329 0.43010953068733215
vt 0.10397119075059891 0.42466950416564941
vt 0.10397119075059891 0.43010953068733215
vt 0.076245538890361786 0.42738953232765198
vt 0.10397119075059891 0.42738953232765198
vt 0.16635389626026154 0.7266618013381958
vt 0.16635389626026154 0.75438743829727173
vt 0.18568329513072968 0.7266618013381958
vt 0.18568329513072968 0.75438743829727173
vt 0.23009310662746429 0.41588476300239563
vt 0.23009310662746429 0.44361039996147156
vt 0.25058934092521667 0.41588476300239563
vt 0.25058934092521667 0.44361039996147156
vt 0.20813201367855072 0.41588476300239563
vt 0.20813201367855072 0.44361039996147156
vt 0.22862826287746429 0.41588476300239563
vt 0.22862826287746429 0.44361039996147156
vt 0.23009310662746429 0.51871943473815918
vt 0.23009310662746429 0.54644507169723511
vt 0.25058934092521667 0.51871943473815918
vt 0.25058934092521667 0.54644507169723511
vt 0.20813201367855072 0.51871943473815918
vt 0.20813201367855072 0.54644507169723511
vt 0.22862826287746429 0.51871943473815918
vt 0.22862826287746429 0.54644507169723511
vt 0.18756869435310364 0.62155413627624512
vt 0.18756869435310364 0.64927977323532104
vt 0.20731864869594574 0.62155413627624512
vt 0.20731864869594574 0.64927977323532104
vt 0.16635389626026154 0.62155413627624512
vt 0.16635389626026154 0.64927977323532104
vt 0.18610385060310364 0.62155413627624512
vt 0.18610385060310364 0.64927977323532104
vt 0.34216254949569702 0.60330438613891602
vt 0.34216254949569702 0.63103002309799194
vt 0.36149194836616516 0.60330438613891602
vt 0.36149194836616516 0.63103002309799194
vt 0.30750548839569092 0.54065018892288208
vt 0.30750548839569092 0.56837582588195801
vt 0.35602539777755737 0.54065018892288208
vt 0.35602539777755737 0.56837582588195801
vt 0.30750548839569092 0.56144440174102783
vt 0.30750548839569092 0.55451297760009766
vt 0.30750548839569092 0.54758161306381226
vt 0.35602539777755737 0.54411590099334717
vt 0.36481407284736633 0.54411590099334717
vt 0.36481407284736633 0.55451297760009766
vt 0.36481407284736633 0.56491011381149292
vt 0.35602539777755737 0.56491011381149292
vt 0.43227091431617737 0.47753503918647766
vt 0.43107226490974426 0.48956242203712463
vt 0.42752233147621155 0.50112760066986084
vt 0.42490485310554504 0.50659680366516113
vt 0.42175754904747009 0.51178610324859619
vt 0.41811069846153259 0.51664555072784424
vt 0.41399943828582764 0.52112835645675659
vt 0.40946337580680847 0.52519136667251587
vt 0.40454620122909546 0.52879536151885986
vt 0.39929521083831787 0.53190577030181885
vt 0.3937610387802124 0.53449249267578125
vt 0.38205847144126892 0.53800076246261597
vt 0.36988821625709534 0.53918534517288208
vt 0.35771796107292175 0.53800076246261597
vt 0.34601539373397827 0.53449249267578125
vt 0.34048119187355042 0.53190577030181885
vt 0.33523023128509521 0.52879536151885986
vt 0.33031302690505981 0.52519136667251587
vt 0.32577696442604065 0.52112835645675659
vt 0.32166573405265808 0.51664555072784424
vt 0.31801888346672058 0.51178610324859619
vt 0.31487157940864563 0.50659680366516113
vt 0.31225410103797913 0.50112760066986084
vt 0.30870416760444641 0.48956242203712463
vt 0.30750548839569092 0.47753503918647766
vt 0.30870416760444641 0.46550765633583069
vt 0.31225410103797913 0.45394250750541687
vt 0.31487157940864563 0.44847330451011658
vt 0.31801888346672058 0.44328397512435913
vt 0.32166573405265808 0.4384244978427887
vt 0.32577696442604065 0.43394169211387634
vt 0.33031302690505981 0.42987871170043945
vt 0.33523023128509521 0.42627468705177307
vt 0.34048119187355042 0.42316433787345886
vt 0.34601539373397827 0.42057758569717407
vt 0.35771796107292175 0.41706934571266174
vt 0.36988821625709534 0.41588476300239563
vt 0.38205847144126892 0.41706934571266174
vt 0.3937610387802124 0.42057758569717407
vt 0.39929521083831787 0.42316433787345886
vt 0.40454620122909546 0.42627468705177307
vt 0.40946337580680847 0.42987871170043945
vt 0.41399943828582764 0.43394169211387634
vt 0.41811069846153259 0.4384244978427887
vt 0.42175754904747009 0.44328397512435913
vt 0.42490485310554504 0.44847330451011658
vt 0.42752233147621155 0.45394250750541687
vt 0.43107226490974426 0.46550765633583069
vt 0.55492478609085083 0.41588476300239563
vt 0.54215967655181885 0.41588476300239563
vt 0.55492478609085083 0.42812207341194153
vt 0.54215967655181885 0.42812207341194153
vt 0.55492478609085083 0.44035941362380981
vt 0.54215967655181885 0.44035941362380981
vt 0.55492478609085083 0.44647806882858276
vt 0.54215967655181885 0.44647806882858276
vt 0.55492478609085083 0.45259672403335571
vt 0.54215967655181885 0.45259672403335571
vt 0.55492478609085083 0.45871540904045105
vt 0.54215967655181885 0.45871540904045105
vt 0.55492478609085083 0.464834064245224
vt 0.54215967655181885 0.464834064245224
vt 0.55492478609085083 0.47095271944999695
vt 0.54215967655181885 0.47095271944999695
vt 0.55492478609085083 0.47707140445709229
vt 0.54215967655181885 0.47707140445709229
vt 0.55492478609085083 0.48319005966186523
vt 0.54215967655181885 0.48319005966186523
vt 0.55492478609085083 0.48930871486663818
vt 0.54215967655181885 0.48930871486663818
vt 0.55492478609085083 0.50154602527618408
vt 0.54215967655181885 0.50154602527618408
vt 0.55492478609085083 0.51378339529037476
vt 0.54215967655181885 0.51378339529037476
vt 0.55492478609085083 0.52602070569992065
vt 0.54215967655181885 0.52602070569992065
vt 0.55492478609085083 0.53825801610946655
vt 0.54215967655181885 0.53825801610946655
vt 0.55492478609085083 0.5443766713142395
vt 0.54215967655181885 0.5443766713142395
vt 0.55492478609085083 0.55049538612365723
vt 0.54215967655181885 0.55049538612365723
vt 0.55492478609085083 0.55661404132843018
vt 0.54215967655181885 0.55661404132843018
vt 0.55492478609085083 0.56273269653320312
vt 0.54215967655181885 0.56273269653320312
vt 0.55492478609085083 0.56885135173797607
vt 0.54215967655181885 0.56885135173797607
vt 0.55492478609085083 0.57497000694274902
vt 0.54215967655181885 0.57497000694274902
vt 0.55492478609085083 0.58108866214752197
vt 0.54215967655181885 0.58108866214752197
vt 0.55492478609085083 0.5872073769569397
vt 0.54215967655181885 0.5872073769569397
vt 0.55492478609085083 0.5994446873664856
vt 0.54215967655181885 0.5994446873664856
vt 0.55492478609085083 0.61168199777603149
vt 0.54215967655181885 0.61168199777603149
vt 0.55492478609085083 0.62391930818557739
vt 0.54215967655181885 0.62391930818557739
vt 0.55492478609085083 0.63615667819976807
vt 0.54215967655181885 0.63615667819976807
vt 0.55492478609085083 0.64227533340454102
vt 0.54215967655181885 0.64227533340454102
vt 0.55492478609085083 0.64839398860931396
vt 0.54215967655181885 0.64839398860931396
vt 0.55492478609085083 0.65451264381408691
vt 0.54215967655181885 0.65451264381408691
vt 0.55492478609085083 0.66063129901885986
vt 0.54215967655181885 0.66063129901885986
vt 0.55492478609085083 0.66675001382827759
vt 0.54215967655181885 0.66675001382827759
vt 0.55492478609085083 0.67286866903305054
vt 0.54215967655181885 0.67286866903305054
vt 0.55492478609085083 0.67898732423782349
vt 0.54215967655181885 0.67898732423782349
vt 0.55492478609085083 0.68510597944259644
vt 0.54215967655181885 0.68510597944259644
vt 0.55492478609085083 0.69734328985214233
vt 0.54215967655181885 0.69734328985214233
vt 0.55492478609085083 0.70958065986633301
vt 0.54215967655181885 0.70958065986633301
vt 0.55492478609085083 0.72181797027587891
vt 0.54215967655181885 0.72181797027587891
vt 0.55492478609085083 0.7340552806854248
vt 0.54215967655181885 0.7340552806854248
vt 0.55492478609085083 0.74017393589019775
vt 0.54215967655181885 0.74017393589019775
vt 0.55492478609085083 0.7462925910949707
vt 0.54215967655181885 0.7462925910949707
vt 0.55492478609085083 0.75241130590438843
vt 0.54215967655181885 0.75241130590438843
vt 0.55492478609085083 0.75852996110916138
vt 0.54215967655181885 0.75852996110916138
vt 0.55492478609085083 0.76464861631393433
vt 0.54215967655181885 0.76464861631393433
vt 0.55492478609085083 0.77076727151870728
vt 0.54215967655181885 0.77076727151870728
vt 0.55492478609085083 0.77688592672348022
vt 0.54215967655181885 0.77688592672348022
vt 0.55492478609085083 0.78300458192825317
vt 0.54215967655181885 0.78300458192825317
vt 0.55492478609085083 0.79524195194244385
vt 0.54215967655181885 0.79524195194244385
vt 0.55492478609085083 0.80747926235198975
vt 0.54215967655181885 0.80747926235198975
vt 0.39660003781318665 0.54065018892288208
vt 0.39313432574272156 0.54065018892288208
vt 0.39660003781318665 0.80810415744781494
vt 0.39313432574272156 0.80810415744781494
vt 0.39400076866149902 0.54065018892288208
vt 0.3948671817779541 0.54065018892288208
vt 0.39573362469673157 0.54065018892288208
vt 0.39573362469673157 0.80810415744781494
vt 0.3948671817779541 0.80810415744781494
vt 0.39400076866149902 0.80810415744781494
vt 0.16635389626026154 0.45997971296310425
vt 0.16635389626026154 0.46084612607955933
vt 0.16635389626026154 0.46171256899833679
vt 0.16635389626026154 0.46257898211479187
vt 0.16635389626026154 0.46344542503356934
vt 0.17094193398952484 0.46084612607955933
vt 0.17094193398952484 0.46171256899833679
vt 0.17094193398952484 0.46257898211479187
vt 0.17094193398952484 0.46344542503356934
vt 0.17552998661994934 0.45997971296310425
vt 0.17552998661994934 0.46084612607955933
vt 0.17552998661994934 0.46171256899833679
vt 0.17552998661994934 0.46257898211479187
vt 0.17552998661994934 0.46344542503356934
vt 0.18011802434921265 0.46084612607955933
vt 0.18011802434921265 0.46171256899833679
vt 0.18011802434921265 0.46257898211479187
vt 0.18011802434921265 0.46344542503356934
vt 0.18470606207847595 0.45997971296310425
vt 0.18470606207847595 0.46084612607955933
vt 0.18470606207847595 0.46171256899833679
vt 0.18470606207847595 0.46257898211479187
vt 0.18470606207847595 0.46344542503356934
vt 0.16941259801387787 0.45997971296310425
vt 0.17247128486633301 0.45997971296310425
vt 0.17858867347240448 0.45997971296310425
vt 0.18164737522602081 0.45997971296310425
vt 0.10050547868013382 0.54268807172775269
vt 0.097039774060249329 0.54268807172775269
vt 0.10050547868013382 0.57937532663345337
vt 0.097039774060249329 0.57937532663345337
vt 0.099639058113098145 0.57937532663345337
vt 0.098772630095481873 0.57937532663345337
vt 0.097906202077865601 0.57937532663345337
vt 0.097039774060249329 0.54268807172775269
vt 0.093574069440364838 0.54268807172775269
vt 0.097039774060249329 0.57937532663345337
vt 0.093574069440364838 0.57937532663345337
vt 0.09444049745798111 0.54268807172775269
vt 0.095306918025016785 0.54268807172775269
vt 0.096173346042633057 0.54268807172775269
vt 0.17347979545593262 0.50407469272613525
vt 0.17261336743831635 0.50407469272613525
vt 0.17174693942070007 0.50407469272613525
vt 0.1708805114030838 0.50407469272613525
vt 0.17001408338546753 0.50407469272613525
vt 0.17347979545593262 0.50869143009185791
vt 0.17261336743831635 0.50869143009185791
vt 0.17174693942070007 0.50869143009185791
vt 0.1708805114030838 0.50869143009185791
vt 0.17001408338546753 0.50869143009185791
vt 0.17347979545593262 0.51330810785293579
vt 0.17261336743831635 0.51330810785293579
vt 0.17174693942070007 0.51330810785293579
vt 0.1708805114030838 0.51330810785293579
vt 0.17001408338546753 0.51330810785293579
vt 0.17347979545593262 0.51792484521865845
vt 0.17261336743831635 0.51792484521865845
vt 0.17174693942070007 0.51792484521865845
vt 0.1708805114030838 0.51792484521865845
vt 0.17001408338546753 0.51792484521865845
vt 0.17347979545593262 0.5225415825843811
vt 0.17261336743831635 0.5225415825843811
vt 0.17174693942070007 0.5225415825843811
vt 0.1708805114030838 0.5225415825843811
vt 0.17001408338546753 0.5225415825843811
vt 0.34216254949569702 0.60330438613891602
vt 0.33869686722755432 0.60330438613891602
vt 0.34216254949569702 0.67954987287521362
vt 0.33869686722755432 0.67954987287521362
vt 0.33869686722755432 0.66771721839904785
vt 0.34216254949569702 0.66771721839904785
vt 0.11783400923013687 0.41588476300239563
vt 0.11783400923013687 0.70700407028198242
vt 0.16488905251026154 0.4277174174785614
vt 0.16488905251026154 0.69517141580581665
vt 0.16401554644107819 0.69969958066940308
vt 0.16152797639369965 0.70353835821151733
vt 0.15780508518218994 0.70610338449478149
vt 0.15341362357139587 0.70700407028198242
vt 0.15341362357139587 0.41588476300239563
vt 0.15780508518218994 0.41678544878959656
vt 0.16152797639369965 0.41935044527053833
vt 0.16401554644107819 0.42318925261497498
vt 0.33869686722755432 0.60330438613891602
vt 0.33523115515708923 0.60330438613891602
vt 0.33869686722755432 0.67954987287521362
vt 0.33523115515708923 0.67954987287521362
vt 0.33869686722755432 0.61513704061508179
vt 0.33523115515708923 0.61513704061508179
vt 0.074780695140361786 0.41588476300239563
vt 0 0.41588476300239563
vt 0.074780695140361786 0.70700407028198242
vt 0 0.70700407028198242
vt 0 0.67420428991317749
vt 0 0.44868454337120056
vt 0 0.69821536540985107
vt 0 0.42467343807220459
vt 0.011605330742895603 0.41588476300239563
vt 0.0049766609445214272 0.69314122200012207
vt 0.0063349534757435322 0.68979781866073608
vt 0.0067982426844537258 0.68620985746383667
vt 0.0063349534757435322 0.68262189626693726
vt 0.0049766609445214272 0.67927843332290649
vt 0.0028159245848655701 0.6764073371887207
vt 0.0028159245848655701 0.44648149609565735
vt 0.0049766609445214272 0.44361039996147156
vt 0.0063349534757435322 0.4402669370174408
vt 0.0067982426844537258 0.43667897582054138
vt 0.0063349534757435322 0.43309101462364197
vt 0.0049766609445214272 0.42974758148193359
vt 0.0028159245848655701 0.4268764853477478
vt 0.011605330742895603 0.70700407028198242
vt 0.16635389626026154 0.44139793515205383
vt 0.1781865656375885 0.43793222308158875
vt 0.1781865656375885 0.44139793515205383
vt 0.16635389626026154 0.43793222308158875
vt 0.37780666351318359 0.60330438613891602
vt 0.37780666351318359 0.61023575067520142
vt 0.37780666351318359 0.61716717481613159
vt 0.37780666351318359 0.62409859895706177
vt 0.37420922517776489 0.60677003860473633
vt 0.37420922517776489 0.60330438613891602
vt 0.36642250418663025 0.60677003860473633
vt 0.37420922517776489 0.63103002309799194
vt 0.37420922517776489 0.62756431102752686
vt 0.36642250418663025 0.62756431102752686
vt 0.36642250418663025 0.61716717481613159
vt 0.37780666351318359 0.63103002309799194
vt 0.41592943668365479 0.54065018892288208
vt 0.39660003781318665 0.76616990566253662
vt 0.41592943668365479 0.76616990566253662
vt 0.40626475214958191 0.76616990566253662
vt 0.39660003781318665 0.54065018892288208
vt 0.40626475214958191 0.54065018892288208
vt 0.25058934092521667 0.72438883781433105
vt 0.24050410091876984 0.72438883781433105
vt 0.2304188460111618 0.72438883781433105
vt 0.25058934092521667 0.73162662982940674
vt 0.25058934092521667 0.73524558544158936
vt 0.25058934092521667 0.7388644814491272
vt 0.25058934092521667 0.74248337745666504
vt 0.25058934092521667 0.74610227346420288
vt 0.25058934092521667 0.7497212290763855
vt 0.25058934092521667 0.75334012508392334
vt 0.24050410091876984 0.75334012508392334
vt 0.2304188460111618 0.72478985786437988
vt 0.2304188460111618 0.75334012508392334
vt 0.2304188460111618 0.74763005971908569
vt 0.2304188460111618 0.74191999435424805
vt 0.2304188460111618 0.73620998859405518
vt 0.2304188460111618 0.73049992322921753
vt 0.24050410091876984 0.73162662982940674
vt 0.24050410091876984 0.73524558544158936
vt 0.24050410091876984 0.7388644814491272
vt 0.24050410091876984 0.74248337745666504
vt 0.24050410091876984 0.74610227346420288
vt 0.24050410091876984 0.7497212290763855
vt 0.2289540022611618 0.72438883781433105
vt 0.21886874735355377 0.72438883781433105
vt 0.20878349244594574 0.72438883781433105
vt 0.2289540022611618 0.7280077338218689
vt 0.20878349244594574 0.7280077338218689
vt 0.2289540022611618 0.73162662982940674
vt 0.20878349244594574 0.73162662982940674
vt 0.2289540022611618 0.73524558544158936
vt 0.20878349244594574 0.73524558544158936
vt 0.2289540022611618 0.7388644814491272
vt 0.20878349244594574 0.7388644814491272
vt 0.2289540022611618 0.74248337745666504
vt 0.20878349244594574 0.74248337745666504
vt 0.2289540022611618 0.74610227346420288
vt 0.20878349244594574 0.74610227346420288
vt 0.2289540022611618 0.7497212290763855
vt 0.2289540022611618 0.75334012508392334
vt 0.21886874735355377 0.75334012508392334
vt 0.20878349244594574 0.75334012508392334
vt 0.20878349244594574 0.75293910503387451
vt 0.21886874735355377 0.73162662982940674
vt 0.21886874735355377 0.73524558544158936
vt 0.21886874735355377 0.7388644814491272
vt 0.21886874735355377 0.74248337745666504
vt 0.21886874735355377 0.74610227346420288
vt 0.21886874735355377 0.7497212290763855
vt 0.16981960833072662 0.50407469272613525
vt 0.16895318031311035 0.50407469272613525
vt 0.16808675229549408 0.50407469272613525
vt 0.16722032427787781 0.50407469272613525
vt 0.16635389626026154 0.50407469272613525
vt 0.16981960833072662 0.50869143009185791
vt 0.16895318031311035 0.50869143009185791
vt 0.16808675229549408 0.50869143009185791
vt 0.16722032427787781 0.50869143009185791
vt 0.16635389626026154 0.50869143009185791
vt 0.16981960833072662 0.51330810785293579
vt 0.16895318031311035 0.51330810785293579
vt 0.16808675229549408 0.51330810785293579
vt 0.16722032427787781 0.51330810785293579
vt 0.16635389626026154 0.51330810785293579
vt 0.16981960833072662 0.51792484521865845
vt 0.16895318031311035 0.51792484521865845
vt 0.16808675229549408 0.51792484521865845
vt 0.16722032427787781 0.51792484521865845
vt 0.16635389626026154 0.51792484521865845
vt 0.16981960833072662 0.5225415825843811
vt 0.16808675229549408 0.5225415825843811
vt 0.16722032427787781 0.5225415825843811
vt 0.16635389626026154 0.5225415825843811
vt 0.36642250418663025 0.60330438613891602
vt 0.36295679211616516 0.60330438613891602
vt 0.36642250418663025 0.70440447330474854
vt 0.36295679211616516 0.70440447330474854
vt 0.36382323503494263 0.60330438613891602
vt 0.36468964815139771 0.60330438613891602
vt 0.36642250418663025 0.63999158143997192
vt 0.36295679211616516 0.63999158143997192
vt 0.16635389626026154 0.48202720284461975
vt 0.16635389626026154 0.48289361596107483
vt 0.16635389626026154 0.48376005887985229
vt 0.16635389626026154 0.48462647199630737
vt 0.16635389626026154 0.48549288511276245
vt 0.17094193398952484 0.48202720284461975
vt 0.17094193398952484 0.48289361596107483
vt 0.17094193398952484 0.48376005887985229
vt 0.17094193398952484 0.48462647199630737
vt 0.17094193398952484 0.48549288511276245
vt 0.17552998661994934 0.48202720284461975
vt 0.17552998661994934 0.48289361596107483
vt 0.17552998661994934 0.48376005887985229
vt 0.17552998661994934 0.48462647199630737
vt 0.17552998661994934 0.48549288511276245
vt 0.18011802434921265 0.48202720284461975
vt 0.18011802434921265 0.48289361596107483
vt 0.18011802434921265 0.48376005887985229
vt 0.18011802434921265 0.48462647199630737
vt 0.18011802434921265 0.48549288511276245
vt 0.18470606207847595 0.48202720284461975
vt 0.18470606207847595 0.48376005887985229
vt 0.18470606207847595 0.48462647199630737
vt 0.18470606207847595 0.48549288511276245
vt 0.11783400923013687 0.41588476300239563
vt 0.11436830461025238 0.41588476300239563
vt 0.11783400923013687 0.68333876132965088
vt 0.11436830461025238 0.68333876132965088
vt 0.1169675886631012 0.68333876132965088
vt 0.11610116064548492 0.68333876132965088
vt 0.11523473262786865 0.68333876132965088
vt 0.11523473262786865 0.41588476300239563
vt 0.11610116064548492 0.41588476300239563
vt 0.16635389626026154 0.41588476300239563
vt 0.16635389626026154 0.41935044527053833
vt 0.1781865656375885 0.41588476300239563
vt 0.1781865656375885 0.41935044527053833
vt 0.17367427051067352 0.51315939426422119
vt 0.18470606207847595 0.51315939426422119
vt 0.18470606207847595 0.50437074899673462
vt 0.18438409268856049 0.50416463613510132
vt 0.17840175330638885 0.51201790571212769
vt 0.182217076420784 0.50881350040435791
vt 0.17367427051067352 0.56281441450119019
vt 0.18470606207847595 0.56281441450119019
vt 0.18470606207847595 0.57160305976867676
vt 0.18438409268856049 0.57180917263031006
vt 0.182217076420784 0.56716030836105347
vt 0.17840175330638885 0.56395596265792847
vt 0.10397119075059891 0.43345427513122559
vt 0.10050547868013382 0.43345427513122559
vt 0.10397119075059891 0.53455436229705811
vt 0.10050547868013382 0.53455436229705811
vt 0.10310476273298264 0.53455436229705811
vt 0.10223833471536636 0.53455436229705811
vt 0.10137190669775009 0.53455436229705811
vt 0.10050547868013382 0.49786713719367981
vt 0.10397119075059891 0.49786713719367981
vt 0.54069483280181885 0.57328492403030396
vt 0.54069483280181885 0.79766988754272461
vt 0.54035359621047974 0.54959970712661743
vt 0.53568029403686523 0.55444324016571045
vt 0.53431165218353271 0.55776989459991455
vt 0.53384482860565186 0.56133979558944702
vt 0.53431165218353271 0.56490969657897949
vt 0.53568029403686523 0.56823629140853882
vt 0.53785747289657593 0.57109296321868896
vt 0.41739428043365479 0.55242329835891724
vt 0.41828441619873047 0.54791790246963501
vt 0.42081928253173828 0.54409843683242798
vt 0.42461302876472473 0.54154634475708008
vt 0.42908802628517151 0.54065018892288208
vt 0.52900111675262451 0.54065018892288208
vt 0.53401225805282593 0.54178595542907715
vt 0.53805655241012573 0.54497420787811279
vt 0.42908802628517151 0.83030468225479126
vt 0.42461302876472473 0.82940846681594849
vt 0.42081928253173828 0.82685637474060059
vt 0.41828441619873047 0.82303690910339355
vt 0.41739428043365479 0.81853151321411133
vt 0.53650820255279541 0.80144309997558594
vt 0.53417813777923584 0.80659091472625732
vt 0.53409665822982788 0.81224751472473145
vt 0.5362774133682251 0.81746125221252441
vt 0.54035359621047974 0.82135510444641113
vt 0.53805655241012573 0.82598060369491577
vt 0.53401225805282593 0.82916885614395142
vt 0.52900111675262451 0.83030468225479126
vt 0.46534451842308044 0.54065018892288208
vt 0.46534451842308044 0.83030468225479126
vt 0.083176948130130768 0.54268807172775269
vt 0.083176948130130768 0.56348228454589844
vt 0.092109225690364838 0.55308520793914795
vt 0.091429293155670166 0.5570639967918396
vt 0.089493021368980408 0.56043708324432373
vt 0.086595185101032257 0.5626908540725708
vt 0.086595185101032257 0.54347950220108032
vt 0.089493021368980408 0.54573333263397217
vt 0.091429293155670166 0.54910635948181152
vt 0.083176948130130768 0.43345427513122559
vt 0.083176948130130768 0.44038569927215576
vt 0.087142869830131531 0.43345427513122559
vt 0.087142869830131531 0.43518713116645813
vt 0.087142869830131531 0.43691998720169067
vt 0.087142869830131531 0.43865284323692322
vt 0.087142869830131531 0.44038569927215576
vt 0.091108791530132294 0.43345427513122559
vt 0.091108791530132294 0.43518713116645813
vt 0.091108791530132294 0.43691998720169067
vt 0.091108791530132294 0.43865284323692322
vt 0.091108791530132294 0.44038569927215576
vt 0.095074713230133057 0.43345427513122559
vt 0.095074713230133057 0.43518713116645813
vt 0.095074713230133057 0.43691998720169067
vt 0.095074713230133057 0.43865284323692322
vt 0.095074713230133057 0.44038569927215576
vt 0.09904063493013382 0.43345427513122559
vt 0.09904063493013382 0.43518713116645813
vt 0.09904063493013382 0.43691998720169067
vt 0.09904063493013382 0.43865284323692322
vt 0.09904063493013382 0.44038569927215576
vt 0.083176948130130768 0.43807521462440491
vt 0.083176948130130768 0.43576472997665405
vt 0.083176948130130768 0.48807117342948914
vt 0.083176948130130768 0.48980402946472168
vt 0.083176948130130768 0.49153688549995422
vt 0.083176948130130768 0.49326974153518677
vt 0.083176948130130768 0.49500259757041931
vt 0.087142869830131531 0.48807117342948914
vt 0.087142869830131531 0.48980402946472168
vt 0.087142869830131531 0.49153688549995422
vt 0.087142869830131531 0.49326974153518677
vt 0.087142869830131531 0.49500259757041931
vt 0.091108791530132294 0.48807117342948914
vt 0.091108791530132294 0.48980402946472168
vt 0.091108791530132294 0.49153688549995422
vt 0.091108791530132294 0.49326974153518677
vt 0.091108791530132294 0.49500259757041931
vt 0.095074713230133057 0.48807117342948914
vt 0.095074713230133057 0.48980402946472168
vt 0.095074713230133057 0.49153688549995422
vt 0.095074713230133057 0.49326974153518677
vt 0.095074713230133057 0.49500259757041931
vt 0.09904063493013382 0.48807117342948914
vt 0.09904063493013382 0.49500259757041931
vt 0.09904063493013382 0.49038165807723999
vt 0.09904063493013382 0.49269211292266846
vt 0.19641903042793274 0.43667897582054138
vt 0.19249725341796875 0.43588754534721375
vt 0.18917252123355865 0.43363374471664429
vt 0.18695099651813507 0.43026065826416016
vt 0.18617090582847595 0.42628186941146851
vt 0.18695099651813507 0.42230305075645447
vt 0.18917252123355865 0.41892999410629272
vt 0.19249725341796875 0.41667619347572327
vt 0.19641903042793274 0.41588476300239563
vt 0.20034082233905792 0.41667619347572327
vt 0.20366555452346802 0.41892999410629272
vt 0.20588706433773041 0.42230305075645447
vt 0.20666716992855072 0.42628186941146851
vt 0.20588706433773041 0.43026065826416016
vt 0.20366555452346802 0.43363374471664429
vt 0.20034082233905792 0.43588754534721375
vt 0.39313432574272156 0.54065018892288208
vt 0.38620293140411377 0.54065018892288208
vt 0.39313432574272156 0.54470682144165039
vt 0.38620293140411377 0.54470682144165039
vt 0.39313432574272156 0.5487634539604187
vt 0.38620293140411377 0.5487634539604187
vt 0.39313432574272156 0.55282008647918701
vt 0.38620293140411377 0.55282008647918701
vt 0.39313432574272156 0.55687671899795532
vt 0.38620293140411377 0.55687671899795532
vt 0.39313432574272156 0.56093329191207886
vt 0.38620293140411377 0.56093329191207886
vt 0.39313432574272156 0.56498992443084717
vt 0.38620293140411377 0.56498992443084717
vt 0.39313432574272156 0.56904655694961548
vt 0.38620293140411377 0.56904655694961548
vt 0.39313432574272156 0.57310318946838379
vt 0.38620293140411377 0.57310318946838379
vt 0.39313432574272156 0.5771598219871521
vt 0.38620293140411377 0.5771598219871521
vt 0.39313432574272156 0.58121645450592041
vt 0.38620293140411377 0.58121645450592041
vt 0.39313432574272156 0.58527308702468872
vt 0.38620293140411377 0.58527308702468872
vt 0.39313432574272156 0.58932971954345703
vt 0.38620293140411377 0.58932971954345703
vt 0.39313432574272156 0.59338635206222534
vt 0.38620293140411377 0.59338635206222534
vt 0.39313432574272156 0.59744298458099365
vt 0.38620293140411377 0.59744298458099365
vt 0.39313432574272156 0.60149961709976196
vt 0.38620293140411377 0.60149961709976196
vt 0.39313432574272156 0.60555624961853027
vt 0.38620293140411377 0.60555624961853027
vt 0.18617090582847595 0.52911657094955444
vt 0.18695099651813507 0.52513772249221802
vt 0.18917252123355865 0.52176469564437866
vt 0.19249725341796875 0.51951086521148682
vt 0.19641903042793274 0.51871943473815918
vt 0.20034082233905792 0.51951086521148682
vt 0.20366555452346802 0.52176469564437866
vt 0.20588706433773041 0.52513772249221802
vt 0.20666716992855072 0.52911657094955444
vt 0.20588706433773041 0.53309535980224609
vt 0.20366555452346802 0.53646844625473022
vt 0.20034082233905792 0.53872221708297729
vt 0.19641903042793274 0.53951364755630493
vt 0.19249725341796875 0.53872221708297729
vt 0.18917252123355865 0.53646844625473022
vt 0.18695099651813507 0.53309535980224609
vt 0.38620293140411377 0.54065018892288208
vt 0.37927150726318359 0.54065018892288208
vt 0.38620293140411377 0.54470682144165039
vt 0.37927150726318359 0.54470682144165039
vt 0.38620293140411377 0.5487634539604187
vt 0.37927150726318359 0.5487634539604187
vt 0.38620293140411377 0.55282008647918701
vt 0.37927150726318359 0.55282008647918701
vt 0.38620293140411377 0.55687671899795532
vt 0.37927150726318359 0.55687671899795532
vt 0.38620293140411377 0.56093329191207886
vt 0.37927150726318359 0.56093329191207886
vt 0.38620293140411377 0.56498992443084717
vt 0.37927150726318359 0.56498992443084717
vt 0.38620293140411377 0.56904655694961548
vt 0.37927150726318359 0.56904655694961548
vt 0.38620293140411377 0.57310318946838379
vt 0.37927150726318359 0.57310318946838379
vt 0.38620293140411377 0.5771598219871521
vt 0.37927150726318359 0.5771598219871521
vt 0.38620293140411377 0.58121645450592041
vt 0.37927150726318359 0.58121645450592041
vt 0.38620293140411377 0.58527308702468872
vt 0.37927150726318359 0.58527308702468872
vt 0.38620293140411377 0.58932971954345703
vt 0.37927150726318359 0.58932971954345703
vt 0.38620293140411377 0.59338635206222534
vt 0.37927150726318359 0.59338635206222534
vt 0.38620293140411377 0.59744298458099365
vt 0.37927150726318359 0.59744298458099365
vt 0.38620293140411377 0.60149961709976196
vt 0.37927150726318359 0.60149961709976196
vt 0.38620293140411377 0.60555624961853027
vt 0.37927150726318359 0.60555624961853027
vt 0.1074368953704834 0.43345427513122559
vt 0.10397119075059891 0.43345427513122559
vt 0.1074368953704834 0.6801140308380127
vt 0.10397119075059891 0.6801140308380127
vt 0.10570403933525085 0.43345427513122559
vt 0.079711243510246277 0.43345427513122559
vt 0.077978387475013733 0.43345427513122559
vt 0.076245538890361786 0.43345427513122559
vt 0.079711243510246277 0.43809345364570618
vt 0.076245538890361786 0.43809345364570618
vt 0.079711243510246277 0.44273260235786438
vt 0.076245538890361786 0.44273260235786438
vt 0.079711243510246277 0.44737178087234497
vt 0.076245538890361786 0.44737178087234497
vt 0.079711243510246277 0.45201095938682556
vt 0.076245538890361786 0.45201095938682556
vt 0.079711243510246277 0.45665010809898376
vt 0.076245538890361786 0.45665010809898376
vt 0.079711243510246277 0.46128928661346436
vt 0.076245538890361786 0.46128928661346436
vt 0.079711243510246277 0.46592846512794495
vt 0.076245538890361786 0.46592846512794495
vt 0.079711243510246277 0.47056761384010315
vt 0.077978387475013733 0.47056761384010315
vt 0.076245538890361786 0.47056761384010315
vt 0.077978387475013733 0.44273260235786438
vt 0.077978387475013733 0.44737178087234497
vt 0.077978387475013733 0.45201095938682556
vt 0.077978387475013733 0.45665010809898376
vt 0.077978387475013733 0.46128928661346436
vt 0.077978387475013733 0.46592846512794495
vt 0.11436830461025238 0.41588476300239563
vt 0.11090259999036789 0.41588476300239563
vt 0.11436830461025238 0.67353624105453491
vt 0.11090259999036789 0.67353624105453491
vt 0.11263545602560043 0.67353624105453491
vt 0.11263545602560043 0.41588476300239563
vt 0.083176948130130768 0.43345427513122559
vt 0.081444099545478821 0.43345427513122559
vt 0.079711243510246277 0.43345427513122559
vt 0.083176948130130768 0.43809345364570618
vt 0.079711243510246277 0.43809345364570618
vt 0.083176948130130768 0.44273260235786438
vt 0.079711243510246277 0.44273260235786438
vt 0.083176948130130768 0.44737178087234497
vt 0.079711243510246277 0.44737178087234497
vt 0.083176948130130768 0.45201095938682556
vt 0.079711243510246277 0.45201095938682556
vt 0.083176948130130768 0.45665010809898376
vt 0.079711243510246277 0.45665010809898376
vt 0.083176948130130768 0.46128928661346436
vt 0.079711243510246277 0.46128928661346436
vt 0.083176948130130768 0.46592846512794495
vt 0.079711243510246277 0.46592846512794495
vt 0.083176948130130768 0.47056761384010315
vt 0.081444099545478821 0.47056761384010315
vt 0.079711243510246277 0.47056761384010315
vt 0.081444099545478821 0.44273260235786438
vt 0.081444099545478821 0.44737178087234497
vt 0.081444099545478821 0.45201095938682556
vt 0.081444099545478821 0.45665010809898376
vt 0.081444099545478821 0.46128928661346436
vt 0.081444099545478821 0.46592846512794495
vt 0.11090259999036789 0.43345427513122559
vt 0.1074368953704834 0.43345427513122559
vt 0.11090259999036789 0.6801140308380127
vt 0.1074368953704834 0.6801140308380127
vt 0.10916974395513535 0.6801140308380127
vt 0.88909739255905151 0
vt 0.58411526679992676 0
vt 0.88909739255905151 0.24665975570678711
vt 0.88864266872406006 0.2512766420841217
vt 0.88729596138000488 0.25571608543395996
vt 0.8851090669631958 0.2598075270652771
vt 0.88216596841812134 0.26339367032051086
vt 0.87857985496520996 0.26633676886558533
vt 0.87448841333389282 0.2685236930847168
vt 0.87004894018173218 0.26987037062644958
vt 0.86543208360671997 0.27032509446144104
vt 0.6077805757522583 0.27032509446144104
vt 0.60316371917724609 0.26987037062644958
vt 0.59872424602508545 0.2685236930847168
vt 0.59463280439376831 0.26633676886558533
vt 0.59104663133621216 0.26339367032051086
vt 0.58810359239578247 0.2598075270652771
vt 0.58591669797897339 0.25571608543395996
vt 0.58456999063491821 0.2512766420841217
vt 0.58411526679992676 0.24665975570678711
vn 1 0 0
vn 1 0 0
vn 1 0 0
vn 1 0 0
vn 1 0 0
vn 1 0 0
vn 1 0 0
vn 1 0 0
vn 1 0 0
vn 1 0 0
vn 0 -1 0
vn 0 -1 0
vn 0 -1 0
vn 0 -1 0
vn 0 -1 0
vn 0 -1 0
vn 0 -1 0
vn 0 -1 0
vn 0 -1 0
vn 0 -1 0
vn 0 -1 0
vn 0 -1 0
vn 0 -1 0
vn 0 -1 0
vn -1 0 0
vn -1 0 0
vn -1 0 0
vn -1 0 0
vn -1 0 0
vn -1 0 0
vn -1 0 0
vn -1 0 0
vn -1 0 0
vn -1 0 0
vn -1 0 0
vn -1 0 0
vn -1 0 0
vn -1 0 0
vn -1 0 0
vn -1 0 0
vn -1 0 0
vn -1 0 0
vn -1 0 0
vn -1 0 0
vn 0 0 1
vn 0 0 1
vn 0 0 1
vn 0 0 1
vn 0 0 1
vn 0 0 1
vn 0 0 1
vn 0 0 1
vn 0 0 1
vn 0 0 1
vn 0 0 1
vn 0 0 1
vn 0 0 1
vn 0 0 1
vn 0 0 1
vn 0 0 1
vn 0 0 1
vn 0 0 1
vn 0 0 1
vn 0 0 1
vn 0 0 1
vn 0 0 1
vn 0 0 1
vn 0 0 1
vn 0 0 1
vn 0 0 1
vn 0 0 1
vn 0 0 1
vn 0 0 1
vn 0 0 1
vn 0 0 1
vn 0 0 1
vn 0 0 1
vn 0 0 1
vn 0 0 1
vn 0 0 1
vn 0 0 1
vn 0 0 1
vn 0 0 1
vn 0 0 1
vn 0 0 1
vn 0 0 1
vn 0 0 1
vn 0 0 1
vn 0 0 1
vn 0 0 1
vn 0 0 1
vn 0 0 1
vn 0 0 1
vn 0 0 1
vn 0 0 1
vn 0 0 1
vn 0 0 1
vn 0 0 1
vn 0 0 1
vn 0 0 1
vn 0 0 1
vn 0 0 1
vn 0 0 1
vn 0 0 1
vn 0 0 1
vn 0 0 1
vn 0 0 1
vn 0 0 1
vn 0 0 1
vn 0 0 1
vn 0 0 1
vn 0 0 1
vn 0 0 1
vn 0 0 1
vn 0 0 1
vn 0 0 1
vn 0 0 1
vn 0 0 1
vn 0 0 1
vn 0 0 1
vn 0 0 1
vn 0 0 1
vn 0 0 1
vn 0 0 1
vn 0 0 1
vn 0 0 1
vn 0 0 1
vn 0 0 1
vn 0 0 1
vn 0 0 1
vn 0 0 1
vn 0 0 1
vn 0 0 1
vn 0 0 1
vn 0 0 1
vn 0 0 1
vn 0 0 1
vn 0 0 1
vn 0 0 1
vn 0 0 1
vn 0 0 1
vn 0 0 1
vn 0 0 1
vn 0 0 1
vn 0 0 1
vn 0 0 1
vn 0 0 1
vn 0 0 1
vn 0 0 1
vn 0 0 1
vn 0 0 1
vn 0 0 1
vn 0 0 1
vn 0 0 1
vn 0 0 1
vn 0 0 1
vn 0 0 1
vn 0 0 1
vn 0 0 1
vn 0 0 1
vn 0 0 1
vn 0 0 1
vn 0 0 1
vn 0 0 1
vn 0 0 1
vn 0 0 1
vn 0 0 1
vn 0 0 1
vn 0 0 1
vn 0 0 1
vn 0 0 1
vn 0 0 1
vn 0 0 1
vn 0 0 1
vn 0 0 1
vn 0 0 1
vn 0 0 1
vn 0 0 1
vn 0 0 1
vn 0 0 1
vn 0 0 1
vn 0 0 1
vn 0 0 1
vn 0 0 1
vn 0 0 1
vn 0 0 1
vn 0 0 -1
vn 0 0 -1
vn 0 0 -1
vn 0 0 -1
vn 0 0 -1
vn 0 0 -1
vn 0 0 -1
vn 0 0 -1
vn 0 0 -1
vn 0 0 -1
vn 0 0 -1
vn 0 0 -1
vn 0 0 -1
vn 0 0 -1
vn 0 0 -1
vn 0 0 -1
vn 0 0 -1
vn 0 0 -1
vn 0 0 -1
vn 0 0 -1
vn 0 0 -1
vn 0 0 -1
vn 0 0 -1
vn 0 0 -1
vn 0 0 -1
vn 0 0 -1
vn 0 0 -1
vn 0 0 -1
vn 0 0 -1
vn 0 0 -1
vn 0 0 -1
vn 0 0 -1
vn 0 0 -1
vn 0 0 -1
vn 0 0 -1
vn 0 0 -1
vn 0 0 -1
vn 0 0 -1
vn 0 0 -1
vn 0 0 -1
vn 0 0 -1
vn 0 0 -1
vn 0 0 -1
vn 0 0 -1
vn 0 0 -1
vn 0 0 -1
vn 0 0 -1
vn 0 0 -1
vn 0 0 -1
vn 0 0 -1
vn 0 0 -1
vn 0 0 -1
vn 0 0 -1
vn 0 0 -1
vn 0 0 -1
vn 0 0 -1
vn 0 0 -1
vn 0 0 -1
vn 0 0 -1
vn 0 0 -1
vn 0 0 -1
vn 0 0 -1
vn 0 0 -1
vn 0 0 -1
vn 0 0 -1
vn 0 0 -1
vn 0 0 -1
vn 0 0 -1
vn 0 0 -1
vn 0 0 -1
vn 0 0 -1
vn 0.70710676908493042 0.70710676908493042 0
vn 0.70710676908493042 0.70710676908493042 0
vn 0.70710676908493042 0.70710676908493042 0
vn 0.70710676908493042 0.70710676908493042 0
vn 0.70710676908493042 0.70710676908493042 0
vn 0.70710676908493042 0.70710676908493042 0
vn 0.70710676908493042 0.70710676908493042 0
vn 0.70710676908493042 0.70710676908493042 0
vn 0.70710676908493042 0.70710676908493042 0
vn 0.70710676908493042 0.70710676908493042 0
vn 1 0 0
vn 0.92978829145431519 -0.36809471249580383 0
vn 0 -1 0
vn 1 0 0
vn 0.92978829145431519 -0.36809471249580383 0
vn 0.70710676908493042 -0.70710676908493042 0
vn 0.36809471249580383 -0.92978829145431519 0
vn 0 -1 0
vn 1 0 0
vn 0.92978829145431519 -0.36809471249580383 0
vn 0.70710676908493042 -0.70710676908493042 0
vn 0.36809471249580383 -0.92978829145431519 0
vn 0 -1 0
vn 1 0 0
vn 0.92978829145431519 -0.36809471249580383 0
vn 0.70710676908493042 -0.70710676908493042 0
vn 0.36809471249580383 -0.92978829145431519 0
vn 0 -1 0
vn 1 0 0
vn 0.70710676908493042 -0.70710676908493042 0
vn 0.36809471249580383 -0.92978829145431519 0
vn 0 -1 0
vn 0.92978829145431519 -0.36809471249580383 0
vn 0.83699548244476318 -0.54720973968505859 0
vn 0.54720973968505859 -0.83699548244476318 0
vn 0.36809471249580383 -0.92978829145431519 0
vn 0.54720973968505859 -0.83699548244476318 0
vn 0.70710676908493042 -0.70710676908493042 0
vn 0.83699548244476318 -0.54720973968505859 0
vn 0 -1 0
vn -0.36809471249580383 -0.92978829145431519 0
vn -0.70710676908493042 -0.70710676908493042 0
vn -0.92978829145431519 -0.36809471249580383 0
vn -1 0 0
vn 0 -1 0
vn -0.36809471249580383 -0.92978829145431519 0
vn -0.70710676908493042 -0.70710676908493042 0
vn -0.92978829145431519 -0.36809471249580383 0
vn -1 0 0
vn 0 -1 0
vn -0.36809471249580383 -0.92978829145431519 0
vn -0.70710676908493042 -0.70710676908493042 0
vn -0.92978829145431519 -0.36809471249580383 0
vn -1 0 0
vn 0 -1 0
vn -0.36809471249580383 -0.92978829145431519 0
vn -0.70710676908493042 -0.70710676908493042 0
vn -0.92978829145431519 -0.36809471249580383 0
vn -1 0 0
vn 0 -1 0
vn -0.36809471249580383 -0.92978829145431519 0
vn -0.70710676908493042 -0.70710676908493042 0
vn -0.92978829145431519 -0.36809471249580383 0
vn -1 0 0
vn -0.54720973968505859 -0.83699548244476318 0
vn -0.83699548244476318 -0.54720973968505859 0
vn -0.83699548244476318 -0.54720973968505859 0
vn -0.54720973968505859 -0.83699548244476318 0
vn 0 1 0
vn -0.36809471249580383 0.92978829145431519 0
vn -0.92978829145431519 0.36809471249580383 0
vn -1 0 0
vn 0 1 0
vn -0.36809471249580383 0.92978829145431519 0
vn -0.70710676908493042 0.70710676908493042 0
vn -0.92978829145431519 0.36809471249580383 0
vn -1 0 0
vn 0 1 0
vn -0.36809471249580383 0.92978829145431519 0
vn -0.70710676908493042 0.70710676908493042 0
vn -0.92978829145431519 0.36809471249580383 0
vn -1 0 0
vn 0 1 0
vn -0.36809471249580383 0.92978829145431519 0
vn -0.70710676908493042 0.70710676908493042 0
vn -0.92978829145431519 0.36809471249580383 0
vn -1 0 0
vn 0 1 0
vn -0.36809471249580383 0.92978829145431519 0
vn -0.70710676908493042 0.70710676908493042 0
vn -0.92978829145431519 0.36809471249580383 0
vn -1 0 0
vn -0.83699548244476318 0.54720973968505859 0
vn -0.70710676908493042 0.70710676908493042 0
vn -0.54720973968505859 0.83699548244476318 0
vn -0.54720973968505859 0.83699548244476318 0
vn -0.83699548244476318 0.54720973968505859 0
vn 0 1 0
vn 0.70710676908493042 0.70710676908493042 0
vn 0 1 0
vn 0.19469918310642242 0.98086297512054443 0
vn 0.38380616903305054 0.92341369390487671 0
vn 0.55765765905380249 0.83007103204727173 0
vn 0.70710676908493042 0.70710676908493042 0
vn 0 1 0
vn 0.19469918310642242 0.98086297512054443 0
vn 0.38380616903305054 0.92341369390487671 0
vn 0.55765765905380249 0.83007103204727173 0
vn 0.70710676908493042 0.70710676908493042 0
vn 0 1 0
vn 0.19469918310642242 0.98086297512054443 0
vn 0.38380616903305054 0.92341369390487671 0
vn 0.55765765905380249 0.83007103204727173 0
vn 0.70710676908493042 0.70710676908493042 0
vn 0 1 0
vn 0.70710676908493042 0.70710676908493042 0
vn 0.38268342614173889 0.92387950420379639 0
vn 0.38268342614173889 0.92387950420379639 0
vn 1 0 0
vn 0.70710676908493042 0.70710676908493042 0
vn 1 0 0
vn 0.98086297512054443 0.19469918310642242 0
vn 0.92341369390487671 0.38380616903305054 0
vn 0.83007103204727173 0.55765765905380249 0
vn 0.70710676908493042 0.70710676908493042 0
vn 1 0 0
vn 0.98086297512054443 0.19469918310642242 0
vn 0.92341369390487671 0.38380616903305054 0
vn 0.83007103204727173 0.55765765905380249 0
vn 0.70710676908493042 0.70710676908493042 0
vn 1 0 0
vn 0.98086297512054443 0.19469918310642242 0
vn 0.92341369390487671 0.38380616903305054 0
vn 0.83007103204727173 0.55765765905380249 0
vn 0.70710676908493042 0.70710676908493042 0
vn 1 0 0
vn 0.70710676908493042 0.70710676908493042 0
vn 0.92387950420379639 0.38268342614173889 0
vn 0.92387950420379639 0.38268342614173889 0
vn -1 0 0
vn -1 0 0
vn -1 0 0
vn -1 0 0
vn 0 -1 0
vn 0 -1 0
vn 0 -1 0
vn 0 -1 0
vn 1 0 0
vn 1 0 0
vn 1 0 0
vn 1 0 0
vn 0 1 0
vn 0 1 0
vn 0 1 0
vn 0 1 0
vn 0 1 0
vn 0 1 0
vn 0 1 0
vn 0 1 0
vn -1 0 0
vn -1 0 0
vn -1 0 0
vn -1 0 0
vn 0 -1 0
vn 0 -1 0
vn 0 -1 0
vn 0 -1 0
vn 1 0 0
vn 1 0 0
vn 1 0 0
vn 1 0 0
vn 0 1 0
vn 0 1 0
vn 0 1 0
vn 0 1 0
vn 0 1 0
vn 0 1 0
vn 0 1 0
vn 0 1 0
vn 0 1 0
vn 0 1 0
vn 0 1 0
vn 0 1 0
vn 0 0 1
vn 0 0 1
vn 0 0 1
vn 0 0 1
vn 0 0 1
vn 0 0 1
vn 0 0 1
vn 0 0 1
vn 0 0 1
vn 0 0 1
vn 0 0 1
vn 0 0 1
vn 0 0 1
vn 0 0 1
vn 0 0 1
vn 0 0 1
vn 0 0 1
vn 0 0 1
vn 0 0 1
vn 0 0 1
vn 0 0 1
vn 0 0 1
vn 0 0 1
vn 0 0 1
vn 0 0 1
vn 0 0 1
vn 0 0 1
vn 0 0 1
vn 0 0 1
vn 0 0 1
vn 0 0 1
vn 0 0 1
vn 0 0 1
vn 0 0 1
vn 0 0 1
vn 0 0 1
vn 0 0 1
vn 0 0 1
vn 0 0 1
vn 0 0 1
vn 0 0 1
vn 0 0 1
vn 0 0 1
vn 0 0 1
vn 0 0 1
vn 0 0 1
vn 0 0 1
vn 0 0 1
vn -1 0 0
vn -1 0 0
vn -0.98078525066375732 0.19509032368659973 0
vn -0.98078525066375732 0.19509032368659973 0
vn -0.92387950420379639 0.38268342614173889 0
vn -0.92387950420379639 0.38268342614173889 0
vn -0.88192129135131836 0.47139674425125122 0
vn -0.88192129135131836 0.47139674425125122 0
vn -0.83146959543228149 0.55557024478912354 0
vn -0.83146959543228149 0.55557024478912354 0
vn -0.77301043272018433 0.63439327478408813 0
vn -0.77301043272018433 0.63439327478408813 0
vn -0.70710676908493042 0.70710676908493042 0
vn -0.70710676908493042 0.70710676908493042 0
vn -0.63439327478408813 0.77301043272018433 0
vn -0.63439327478408813 0.77301043272018433 0
vn -0.55557024478912354 0.83146959543228149 0
vn -0.55557024478912354 0.83146959543228149 0
vn -0.47139674425125122 0.88192129135131836 0
vn -0.47139674425125122 0.88192129135131836 0
vn -0.38268342614173889 0.92387950420379639 0
vn -0.38268342614173889 0.92387950420379639 0
vn -0.19509032368659973 0.98078525066375732 0
vn -0.19509032368659973 0.98078525066375732 0
vn 0 1 0
vn 0 1 0
vn 0.19509032368659973 0.98078525066375732 0
vn 0.19509032368659973 0.98078525066375732 0
vn 0.38268342614173889 0.92387950420379639 0
vn 0.38268342614173889 0.92387950420379639 0
vn 0.47139674425125122 0.88192129135131836 0
vn 0.47139674425125122 0.88192129135131836 0
vn 0.55557024478912354 0.83146959543228149 0
vn 0.55557024478912354 0.83146959543228149 0
vn 0.63439327478408813 0.77301043272018433 0
vn 0.63439327478408813 0.77301043272018433 0
vn 0.70710676908493042 0.70710676908493042 0
vn 0.70710676908493042 0.70710676908493042 0
vn 0.77301043272018433 0.63439327478408813 0
vn 0.77301043272018433 0.63439327478408813 0
vn 0.83146959543228149 0.55557024478912354 0
vn 0.83146959543228149 0.55557024478912354 0
vn 0.88192129135131836 0.47139674425125122 0
vn 0.88192129135131836 0.47139674425125122 0
vn 0.92387950420379639 0.38268342614173889 0
vn 0.92387950420379639 0.38268342614173889 0
vn 0.98078525066375732 0.19509032368659973 0
vn 0.98078525066375732 0.19509032368659973 0
vn 1 0 0
vn 1 0 0
vn 0.98078525066375732 -0.19509032368659973 0
vn 0.98078525066375732 -0.19509032368659973 0
vn 0.92387950420379639 -0.38268342614173889 0
vn 0.92387950420379639 -0.38268342614173889 0
vn 0.88192129135131836 -0.47139674425125122 0
vn 0.88192129135131836 -0.47139674425125122 0
vn 0.83146959543228149 -0.55557024478912354 0
vn 0.83146959543228149 -0.55557024478912354 0
vn 0.77301043272018433 -0.63439327478408813 0
vn 0.77301043272018433 -0.63439327478408813 0
vn 0.70710676908493042 -0.70710676908493042 0
vn 0.70710676908493042 -0.70710676908493042 0
vn 0.63439327478408813 -0.77301043272018433 0
vn 0.63439327478408813 -0.77301043272018433 0
vn 0.55557024478912354 -0.83146959543228149 0
vn 0.55557024478912354 -0.83146959543228149 0
vn 0.47139674425125122 -0.88192129135131836 0
vn 0.47139674425125122 -0.88192129135131836 0
vn 0.38268342614173889 -0.92387950420379639 0
vn 0.38268342614173889 -0.92387950420379639 0
vn 0.19509032368659973 -0.98078525066375732 0
vn 0.19509032368659973 -0.98078525066375732 0
vn 0 -1 0
vn 0 -1 0
vn -0.19509032368659973 -0.98078525066375732 0
vn -0.19509032368659973 -0.98078525066375732 0
vn -0.38268342614173889 -0.92387950420379639 0
vn -0.38268342614173889 -0.92387950420379639 0
vn -0.47139674425125122 -0.88192129135131836 0
vn -0.47139674425125122 -0.88192129135131836 0
vn -0.55557024478912354 -0.83146959543228149 0
vn -0.55557024478912354 -0.83146959543228149 0
vn -0.63439327478408813 -0.77301043272018433 0
vn -0.63439327478408813 -0.77301043272018433 0
vn -0.70710676908493042 -0.70710676908493042 0
vn -0.70710676908493042 -0.70710676908493042 0
vn -0.77301043272018433 -0.63439327478408813 0
vn -0.77301043272018433 -0.63439327478408813 0
vn -0.83146959543228149 -0.55557024478912354 0
vn -0.83146959543228149 -0.55557024478912354 0
vn -0.88192129135131836 -0.47139674425125122 0
vn -0.88192129135131836 -0.47139674425125122 0
vn -0.92387950420379639 -0.38268342614173889 0
vn -0.92387950420379639 -0.38268342614173889 0
vn -0.98078525066375732 -0.19509032368659973 0
vn -0.98078525066375732 -0.19509032368659973 0
vn -1 0 0
vn -1 0 0
vn 0 1 0
vn 0 1 0
vn 0 1 0
vn 0 1 0
vn 0 1 0
vn 0 1 0
vn 0 1 0
vn 0 1 0
vn 0 1 0
vn 0 1 0
vn -1 0 0
vn -1 0 0
vn -1 0 0
vn -1 0 0
vn -1 0 0
vn -0.92387950420379639 0.38268342614173889 0
vn -0.92387950420379639 0.38268342614173889 0
vn -0.92387950420379639 0.38268342614173889 0
vn -0.92387950420379639 0.38268342614173889 0
vn -0.70710676908493042 0.70710676908493042 0
vn -0.70710676908493042 0.70710676908493042 0
vn -0.70710676908493042 0.70710676908493042 0
vn -0.70710676908493042 0.70710676908493042 0
vn -0.70710676908493042 0.70710676908493042 0
vn -0.38268342614173889 0.92387950420379639 0
vn -0.38268342614173889 0.92387950420379639 0
vn -0.38268342614173889 0.92387950420379639 0
vn -0.38268342614173889 0.92387950420379639 0
vn 0 1 0
vn 0 1 0
vn 0 1 0
vn 0 1 0
vn 0 1 0
vn -0.96592581272125244 0.25881904363632202 0
vn -0.86602538824081421 0.5 0
vn -0.5 0.86602538824081421 0
vn -0.25881904363632202 0.96592581272125244 0
vn -1 0 0
vn -1 0 0
vn -1 0 0
vn -1 0 0
vn -1 0 0
vn -1 0 0
vn -1 0 0
vn 1 0 0
vn 1 0 0
vn 1 0 0
vn 1 0 0
vn 1 0 0
vn 1 0 0
vn 1 0 0
vn 0 1 0
vn 0 1 0
vn 0 1 0
vn 0 1 0
vn 0 1 0
vn 0.38268342614173889 0.92387950420379639 0
vn 0.38268342614173889 0.92387950420379639 0
vn 0.38268342614173889 0.92387950420379639 0
vn 0.38268342614173889 0.92387950420379639 0
vn 0.38268342614173889 0.92387950420379639 0
vn 0.70710676908493042 0.70710676908493042 0
vn 0.70710676908493042 0.70710676908493042 0
vn 0.70710676908493042 0.70710676908493042 0
vn 0.70710676908493042 0.70710676908493042 0
vn 0.70710676908493042 0.70710676908493042 0
vn 0.92387950420379639 0.38268342614173889 0
vn 0.92387950420379639 0.38268342614173889 0
vn 0.92387950420379639 0.38268342614173889 0
vn 0.92387950420379639 0.38268342614173889 0
vn 0.92387950420379639 0.38268342614173889 0
vn 1 0 0
vn 1 0 0
vn 1 0 0
vn 1 0 0
vn 1 0 0
vn 1 0 0
vn 1 0 0
vn 1 0 0
vn 1 0 0
vn 1 0 0
vn 1 0 0
vn 0 0 1
vn 0 0 1
vn 0 0 1
vn 0 0 1
vn 0 0 1
vn 0 0 1
vn 0 0 1
vn 0 0 1
vn 0 0 1
vn 0 0 1
vn 0 0 1
vn 0 0 1
vn -1 0 0
vn -1 0 0
vn -1 0 0
vn -1 0 0
vn -1 0 0
vn -1 0 0
vn 0 0 1
vn 0 0 1
vn 0 0 1
vn 0 0 1
vn 0 0 1
vn 0 0 1
vn 0 0 1
vn 0 0 1
vn 0 0 1
vn 0 0 1
vn 0 0 1
vn 0 0 1
vn 0 0 1
vn 0 0 1
vn 0 0 1
vn 0 0 1
vn 0 0 1
vn 0 0 1
vn 0 0 1
vn 0 0 1
vn 0 0 1
vn 0 0 1
vn 0 0 1
vn -1 0 0
vn -1 0 0
vn -1 0 0
vn -1 0 0
vn 0 1 0
vn 0 1 0
vn 0 1 0
vn 0 1 0
vn 0 1 0
vn 0 1 0
vn 0 1 0
vn 0 1 0
vn 0 1 0
vn 0 1 0
vn 0 1 0
vn 0 1 0
vn 0 1 0
vn 0 1 0
vn 0 1 0
vn 0 1 0
vn 0 1 0
vn 0 1 0
vn -0.86602538824081421 0.5 0
vn -0.86602538824081421 0.5 0
vn -0.86602538824081421 0.5 0
vn -0.5 0.86602538824081421 0
vn -0.25881904363632202 0.96592581272125244 0
vn 0 1 0
vn 0.25881904363632202 0.96592581272125244 0
vn 0.5 0.86602538824081421 0
vn 0.70710676908493042 0.70710676908493042 0
vn 0.86602538824081421 0.5 0
vn 0.86602538824081421 0.5 0
vn -0.85115671157836914 0.52491164207458496 0
vn 0.86602538824081421 0.5 0
vn 0.59246963262557983 0.80559277534484863 0
vn 0.21924884617328644 0.97566896677017212 0
vn -0.19085393846035004 0.98161846399307251 0
vn -0.56885135173797607 0.82244038581848145 0
vn -0.5 0.86602538824081421 0
vn -0.25881904363632202 0.96592581272125244 0
vn 0 1 0
vn 0.25881904363632202 0.96592581272125244 0
vn 0.5 0.86602538824081421 0
vn 0.70710676908493042 0.70710676908493042 0
vn -0.86602538824081421 0.5 0
vn -0.86602538824081421 0.5 0
vn -0.86602538824081421 0.5 0
vn -0.70710676908493042 0.70710676908493042 0
vn -0.70710676908493042 0.70710676908493042 0
vn -0.5 0.86602538824081421 0
vn -0.5 0.86602538824081421 0
vn -0.25881904363632202 0.96592581272125244 0
vn -0.25881904363632202 0.96592581272125244 0
vn 0 1 0
vn 0 1 0
vn 0.25881904363632202 0.96592581272125244 0
vn 0.25881904363632202 0.96592581272125244 0
vn 0.5 0.86602538824081421 0
vn 0.5 0.86602538824081421 0
vn 0.70710676908493042 0.70710676908493042 0
vn 0.86602538824081421 0.5 0
vn 0.86602538824081421 0.5 0
vn 0.86602538824081421 0.5 0
vn 0.85115671157836914 0.52491164207458496 0
vn -0.5 0.86602538824081421 0
vn -0.25881904363632202 0.96592581272125244 0
vn 0 1 0
vn 0.25881904363632202 0.96592581272125244 0
vn 0.5 0.86602538824081421 0
vn 0.70710676908493042 0.70710676908493042 0
vn 1 0 0
vn 1 0 0
vn 1 0 0
vn 1 0 0
vn 1 0 0
vn 0.92387950420379639 0.38268342614173889 0
vn 0.92387950420379639 0.38268342614173889 0
vn 0.92387950420379639 0.38268342614173889 0
vn 0.92387950420379639 0.38268342614173889 0
vn 0.92387950420379639 0.38268342614173889 0
vn 0.70710676908493042 0.70710676908493042 0
vn 0.70710676908493042 0.70710676908493042 0
vn 0.70710676908493042 0.70710676908493042 0
vn 0.70710676908493042 0.70710676908493042 0
vn 0.70710676908493042 0.70710676908493042 0
vn 0.38268342614173889 0.92387950420379639 0
vn 0.38268342614173889 0.92387950420379639 0
vn 0.38268342614173889 0.92387950420379639 0
vn 0.38268342614173889 0.92387950420379639 0
vn 0.38268342614173889 0.92387950420379639 0
vn 0 1 0
vn 0 1 0
vn 0 1 0
vn 0 1 0
vn -1 0 0
vn -1 0 0
vn -1 0 0
vn -1 0 0
vn -1 0 0
vn -1 0 0
vn -1 0 0
vn -1 0 0
vn 0 1 0
vn 0 1 0
vn 0 1 0
vn 0 1 0
vn 0 1 0
vn -0.38268342614173889 0.92387950420379639 0
vn -0.38268342614173889 0.92387950420379639 0
vn -0.38268342614173889 0.92387950420379639 0
vn -0.38268342614173889 0.92387950420379639 0
vn -0.38268342614173889 0.92387950420379639 0
vn -0.70710676908493042 0.70710676908493042 0
vn -0.70710676908493042 0.70710676908493042 0
vn -0.70710676908493042 0.70710676908493042 0
vn -0.70710676908493042 0.70710676908493042 0
vn -0.70710676908493042 0.70710676908493042 0
vn -0.92387950420379639 0.38268342614173889 0
vn -0.92387950420379639 0.38268342614173889 0
vn -0.92387950420379639 0.38268342614173889 0
vn -0.92387950420379639 0.38268342614173889 0
vn -0.92387950420379639 0.38268342614173889 0
vn -1 0 0
vn -1 0 0
vn -1 0 0
vn -1 0 0
vn 0 1 0
vn 0 1 0
vn 0 1 0
vn 0 1 0
vn 0 1 0
vn 0 1 0
vn 0 1 0
vn 0 1 0
vn 0 1 0
vn 1 0 0
vn 1 0 0
vn 1 0 0
vn 1 0 0
vn 0 0 -1
vn 0 0 -1
vn 0 0 -1
vn 0 0 -1
vn 0 0 -1
vn 0 0 -1
vn 0 0 -1
vn 0 0 -1
vn 0 0 -1
vn 0 0 -1
vn 0 0 -1
vn 0 0 -1
vn 1 0 0
vn 1 0 0
vn 1 0 0
vn 1 0 0
vn 1 0 0
vn 1 0 0
vn 1 0 0
vn 1 0 0
vn 1 0 0
vn 0 0 -1
vn 0 0 -1
vn 0 0 -1
vn 0 0 -1
vn 0 0 -1
vn 0 0 -1
vn 0 0 -1
vn 0 0 -1
vn 0 0 -1
vn 0 0 -1
vn 0 0 -1
vn 0 0 -1
vn 0 0 -1
vn 0 0 -1
vn 0 0 -1
vn 0 0 -1
vn 0 0 -1
vn 0 0 -1
vn 0 0 -1
vn 0 0 -1
vn 0 0 -1
vn 0 0 -1
vn 0 0 -1
vn 0 0 -1
vn 0 0 -1
vn 0 0 -1
vn 0 0 -1
vn 0 0 -1
vn 0 0 -1
vn 0 0 -1
vn 0 0 -1
vn 0 0 -1
vn 0 0 1
vn 0 0 1
vn 0 0 1
vn 0 0 1
vn 0 0 1
vn 0 0 1
vn 0 0 1
vn 0 0 1
vn 0 0 1
vn -1 0 0
vn -1 0 0
vn -0.92387950420379639 0.38268342614173889 0
vn -0.92387950420379639 0.38268342614173889 0
vn -0.92387950420379639 0.38268342614173889 0
vn -0.92387950420379639 0.38268342614173889 0
vn -0.92387950420379639 0.38268342614173889 0
vn -0.70710676908493042 0.70710676908493042 0
vn -0.70710676908493042 0.70710676908493042 0
vn -0.70710676908493042 0.70710676908493042 0
vn -0.70710676908493042 0.70710676908493042 0
vn -0.70710676908493042 0.70710676908493042 0
vn -0.38268342614173889 0.92387950420379639 0
vn -0.38268342614173889 0.92387950420379639 0
vn -0.38268342614173889 0.92387950420379639 0
vn -0.38268342614173889 0.92387950420379639 0
vn -0.38268342614173889 0.92387950420379639 0
vn 0 1 0
vn 0 1 0
vn 0 1 0
vn 0 1 0
vn 0 1 0
vn -1 0 0
vn -1 0 0
vn 0 -1 0
vn 0 -1 0
vn 0 -1 0
vn 0 -1 0
vn 0 -1 0
vn -0.38268342614173889 -0.92387950420379639 0
vn -0.38268342614173889 -0.92387950420379639 0
vn -0.38268342614173889 -0.92387950420379639 0
vn -0.38268342614173889 -0.92387950420379639 0
vn -0.38268342614173889 -0.92387950420379639 0
vn -0.70710676908493042 -0.70710676908493042 0
vn -0.70710676908493042 -0.70710676908493042 0
vn -0.70710676908493042 -0.70710676908493042 0
vn -0.70710676908493042 -0.70710676908493042 0
vn -0.70710676908493042 -0.70710676908493042 0
vn -0.92387950420379639 -0.38268342614173889 0
vn -0.92387950420379639 -0.38268342614173889 0
vn -0.92387950420379639 -0.38268342614173889 0
vn -0.92387950420379639 -0.38268342614173889 0
vn -0.92387950420379639 -0.38268342614173889 0
vn -1 0 0
vn -1 0 0
vn -1 0 0
vn -1 0 0
vn 0 0 1
vn 0 0 1
vn 0 0 1
vn 0 0 1
vn 0 0 1
vn 0 0 1
vn 0 0 1
vn 0 0 1
vn 0 0 1
vn 0 0 1
vn 0 0 1
vn 0 0 1
vn 0 0 1
vn 0 0 1
vn 0 0 1
vn 0 0 1
vn -1 0 0
vn -1 0 0
vn -0.92387950420379639 0.38268342614173889 0
vn -0.92387950420379639 0.38268342614173889 0
vn -0.70710676908493042 0.70710676908493042 0
vn -0.70710676908493042 0.70710676908493042 0
vn -0.38268342614173889 0.92387950420379639 0
vn -0.38268342614173889 0.92387950420379639 0
vn 0 1 0
vn 0 1 0
vn 0.38268342614173889 0.92387950420379639 0
vn 0.38268342614173889 0.92387950420379639 0
vn 0.70710676908493042 0.70710676908493042 0
vn 0.70710676908493042 0.70710676908493042 0
vn 0.92387950420379639 0.38268342614173889 0
vn 0.92387950420379639 0.38268342614173889 0
vn 1 0 0
vn 1 0 0
vn 0.92387950420379639 -0.38268342614173889 0
vn 0.92387950420379639 -0.38268342614173889 0
vn 0.70710676908493042 -0.70710676908493042 0
vn 0.70710676908493042 -0.70710676908493042 0
vn 0.38268342614173889 -0.92387950420379639 0
vn 0.38268342614173889 -0.92387950420379639 0
vn 0 -1 0
vn 0 -1 0
vn -0.38268342614173889 -0.92387950420379639 0
vn -0.38268342614173889 -0.92387950420379639 0
vn -0.70710676908493042 -0.70710676908493042 0
vn -0.70710676908493042 -0.70710676908493042 0
vn -0.92387950420379639 -0.38268342614173889 0
vn -0.92387950420379639 -0.38268342614173889 0
vn -1 0 0
vn -1 0 0
vn 0 0 1
vn 0 0 1
vn 0 0 1
vn 0 0 1
vn 0 0 1
vn 0 0 1
vn 0 0 1
vn 0 0 1
vn 0 0 1
vn 0 0 1
vn 0 0 1
vn 0 0 1
vn 0 0 1
vn 0 0 1
vn 0 0 1
vn 0 0 1
vn 1 0 0
vn 1 0 0
vn 0.92387950420379639 -0.38268342614173889 0
vn 0.92387950420379639 -0.38268342614173889 0
vn 0.70710676908493042 -0.70710676908493042 0
vn 0.70710676908493042 -0.70710676908493042 0
vn 0.38268342614173889 -0.92387950420379639 0
vn 0.38268342614173889 -0.92387950420379639 0
vn 0 -1 0
vn 0 -1 0
vn -0.38268342614173889 -0.92387950420379639 0
vn -0.38268342614173889 -0.92387950420379639 0
vn -0.70710676908493042 -0.70710676908493042 0
vn -0.70710676908493042 -0.70710676908493042 0
vn -0.92387950420379639 -0.38268342614173889 0
vn -0.92387950420379639 -0.38268342614173889 0
vn -1 0 0
vn -1 0 0
vn -0.92387950420379639 0.38268342614173889 0
vn -0.92387950420379639 0.38268342614173889 0
vn -0.70710676908493042 0.70710676908493042 0
vn -0.70710676908493042 0.70710676908493042 0
vn -0.38268342614173889 0.92387950420379639 0
vn -0.38268342614173889 0.92387950420379639 0
vn 0 1 0
vn 0 1 0
vn 0.38268342614173889 0.92387950420379639 0
vn 0.38268342614173889 0.92387950420379639 0
vn 0.70710676908493042 0.70710676908493042 0
vn 0.70710676908493042 0.70710676908493042 0
vn 0.92387950420379639 0.38268342614173889 0
vn 0.92387950420379639 0.38268342614173889 0
vn 1 0 0
vn 1 0 0
vn 1 0 0
vn 1 0 0
vn 1 0 0
vn 1 0 0
vn 1 0 0
vn 0 -1 0
vn 0 -1 0
vn 0 -1 0
vn 0.19509032368659973 -0.98078525066375732 0
vn 0.19509032368659973 -0.98078525066375732 0
vn 0.38268342614173889 -0.92387950420379639 0
vn 0.38268342614173889 -0.92387950420379639 0
vn 0.55557024478912354 -0.83146959543228149 0
vn 0.55557024478912354 -0.83146959543228149 0
vn 0.70710676908493042 -0.70710676908493042 0
vn 0.70710676908493042 -0.70710676908493042 0
vn 0.83146959543228149 -0.55557024478912354 0
vn 0.83146959543228149 -0.55557024478912354 0
vn 0.92387950420379639 -0.38268342614173889 0
vn 0.92387950420379639 -0.38268342614173889 0
vn 0.98078525066375732 -0.19509032368659973 0
vn 0.98078525066375732 -0.19509032368659973 0
vn 1 0 0
vn 1 0 0
vn 1 0 0
vn 0.38268342614173889 -0.92387950420379639 0
vn 0.55557024478912354 -0.83146959543228149 0
vn 0.70710676908493042 -0.70710676908493042 0
vn 0.83146959543228149 -0.55557024478912354 0
vn 0.92387950420379639 -0.38268342614173889 0
vn 0.98078525066375732 -0.19509032368659973 0
vn 0 -1 0
vn 0 -1 0
vn 0 -1 0
vn 0 -1 0
vn 0 -1 0
vn 0 -1 0
vn -1 0 0
vn -1 0 0
vn -1 0 0
vn -0.98078525066375732 -0.19509032368659973 0
vn -0.98078525066375732 -0.19509032368659973 0
vn -0.92387950420379639 -0.38268342614173889 0
vn -0.92387950420379639 -0.38268342614173889 0
vn -0.83146959543228149 -0.55557024478912354 0
vn -0.83146959543228149 -0.55557024478912354 0
vn -0.70710676908493042 -0.70710676908493042 0
vn -0.70710676908493042 -0.70710676908493042 0
vn -0.55557024478912354 -0.83146959543228149 0
vn -0.55557024478912354 -0.83146959543228149 0
vn -0.38268342614173889 -0.92387950420379639 0
vn -0.38268342614173889 -0.92387950420379639 0
vn -0.19509032368659973 -0.98078525066375732 0
vn -0.19509032368659973 -0.98078525066375732 0
vn 0 -1 0
vn 0 -1 0
vn 0 -1 0
vn -0.92387950420379639 -0.38268342614173889 0
vn -0.83146959543228149 -0.55557024478912354 0
vn -0.70710676908493042 -0.70710676908493042 0
vn -0.55557024478912354 -0.83146959543228149 0
vn -0.38268342614173889 -0.92387950420379639 0
vn -0.19509032368659973 -0.98078525066375732 0
vn -1 0 0
vn -1 0 0
vn -1 0 0
vn -1 0 0
vn -1 0 0
vn 0 0 -1
vn 0 0 -1
vn 0 0 -1
vn 0 0 -1
vn 0 0 -1
vn 0 0 -1
vn 0 0 -1
vn 0 0 -1
vn 0 0 -1
vn 0 0 -1
vn 0 0 -1
vn 0 0 -1
vn 0 0 -1
vn 0 0 -1
vn 0 0 -1
vn 0 0 -1
vn 0 0 -1
vn 0 0 -1
vn 0 0 -1
vn 0 0 -1
f 10/10/10 1/1/1 3/3/3 5/5/5
f 8/8/8 9/9/9 6/6/6 7/7/7
f 2/2/2 8/8/8 7/7/7 4/4/4
f 9/9/9 10/10/10 5/5/5 6/6/6
f 20/20/20 21/21/21 15/15/15 16/16/16
f 23/23/23 24/24/24 20/20/20
f 24/24/24 12/12/12 19/19/19
f 12/12/12 24/24/24 18/18/18
f 24/24/24 19/19/19 20/20/20
f 21/21/21 11/11/11 13/13/13 15/15/15
f 20/20/20 16/16/16 23/23/23
f 14/14/14 22/22/22 23/23/23
f 23/23/23 17/17/17 14/14/14
f 17/17/17 23/23/23 16/16/16
f 37/37/37 25/25/25 36/36/36
f 29/29/29 36/36/36 25/25/25
f 32/32/32 25/25/25 37/37/37
f 38/38/38 32/32/32 37/37/37
f 39/39/39 31/31/31 32/32/32
f 26/26/26 30/30/30 35/35/35 28/28/28
f 30/30/30 31/31/31 34/34/34 35/35/35
f 31/31/31 39/39/39 34/34/34
f 39/39/39 32/32/32 38/38/38
f 27/27/27 42/42/42 43/43/43
f 33/33/33 41/41/41 42/42/42
f 44/44/44 27/27/27 43/43/43
f 27/27/27 33/33/33 42/42/42
f 34/34/34 40/40/40 33/33/33
f 41/41/41 33/33/33 40/40/40
f 34/34/34 39/39/39 40/40/40
f 65/65/65 67/67/67 66/66/66
f 154/154/154 153/153/153 65/65/65
f 68/68/68 67/67/67 65/65/65
f 69/69/69 45/45/45 70/70/70
f 45/45/45 69/69/69 68/68/68
f 68/68/68 65/65/65 45/45/45
f 45/45/45 65/65/65 152/152/152
f 65/65/65 153/153/153 152/152/152
f 162/162/162 50/50/50 163/163/163
f 151/151/151 150/150/150 158/158/158
f 148/148/148 147/147/147 161/161/161
f 148/148/148 160/160/160 149/149/149
f 162/162/162 147/147/147 50/50/50
f 150/150/150 149/149/149 159/159/159
f 145/145/145 152/152/152 151/151/151
f 164/164/164 163/163/163 50/50/50
f 152/152/152 145/145/145 45/45/45
f 159/159/159 149/149/149 160/160/160
f 161/161/161 147/147/147 162/162/162
f 160/160/160 148/148/148 161/161/161
f 150/150/150 159/159/159 158/158/158
f 145/145/145 158/158/158 157/157/157
f 157/157/157 156/156/156 144/144/144
f 144/144/144 145/145/145 157/157/157
f 151/151/151 158/158/158 145/145/145
f 46/46/46 45/45/45 145/145/145
f 76/76/76 165/165/165 164/164/164
f 140/140/140 167/167/167 166/166/166
f 76/76/76 166/166/166 165/165/165
f 170/170/170 144/144/144 155/155/155
f 156/156/156 155/155/155 144/144/144
f 170/170/170 169/169/169 139/139/139
f 169/169/169 168/168/168 139/139/139
f 144/144/144 170/170/170 139/139/139
f 139/139/139 168/168/168 167/167/167
f 130/130/130 96/96/96 95/95/95
f 76/76/76 164/164/164 50/50/50
f 140/140/140 166/166/166 141/141/141
f 75/75/75 107/107/107 76/76/76
f 76/76/76 141/141/141 166/166/166
f 50/50/50 49/49/49 76/76/76
f 107/107/107 142/142/142 76/76/76
f 106/106/106 105/105/105 130/130/130
f 130/130/130 105/105/105 104/104/104
f 142/142/142 106/106/106 130/130/130
f 141/141/141 76/76/76 142/142/142
f 75/75/75 74/74/74 116/116/116
f 77/77/77 64/64/64 63/63/63
f 63/63/63 62/62/62 77/77/77
f 49/49/49 64/64/64 77/77/77
f 48/48/48 74/74/74 77/77/77
f 60/60/60 48/48/48 61/61/61
f 77/77/77 61/61/61 48/48/48
f 74/74/74 48/48/48 47/47/47 78/78/78
f 62/62/62 61/61/61 77/77/77
f 77/77/77 76/76/76 49/49/49
f 142/142/142 107/107/107 106/106/106
f 140/140/140 139/139/139 167/167/167
f 130/130/130 102/102/102 101/101/101
f 130/130/130 104/104/104 103/103/103
f 130/130/130 103/103/103 102/102/102
f 130/130/130 100/100/100 99/99/99
f 130/130/130 99/99/99 98/98/98
f 130/130/130 98/98/98 97/97/97
f 100/100/100 130/130/130 101/101/101
f 75/75/75 108/108/108 107/107/107
f 75/75/75 110/110/110 109/109/109
f 75/75/75 109/109/109 108/108/108
f 75/75/75 112/112/112 111/111/111
f 75/75/75 115/115/115 114/114/114
f 75/75/75 114/114/114 113/113/113
f 75/75/75 113/113/113 112/112/112
f 75/75/75 111/111/111 110/110/110
f 96/96/96 130/130/130 97/97/97
f 75/75/75 116/116/116 115/115/115
f 71/71/71 143/143/143 146/146/146
f 137/137/137 172/172/172 138/138/138
f 186/186/186 138/138/138 171/171/171
f 146/146/146 51/51/51 72/72/72
f 138/138/138 185/185/185 146/146/146
f 51/51/51 146/146/146 52/52/52
f 72/72/72 71/71/71 146/146/146
f 174/174/174 137/137/137 136/136/136
f 131/131/131 94/94/94 93/93/93
f 131/131/131 130/130/130 94/94/94
f 92/92/92 91/91/91 131/131/131
f 95/95/95 94/94/94 130/130/130
f 136/136/136 135/135/135 175/175/175
f 134/134/134 133/133/133 80/80/80
f 80/80/80 133/133/133 132/132/132
f 134/134/134 176/176/176 135/135/135
f 132/132/132 131/131/131 82/82/82
f 138/138/138 172/172/172 171/171/171
f 183/183/183 146/146/146 184/184/184
f 138/138/138 186/186/186 185/185/185
f 146/146/146 185/185/185 184/184/184
f 53/53/53 73/73/73 52/52/52
f 181/181/181 53/53/53 182/182/182
f 52/52/52 182/182/182 53/53/53
f 180/180/180 53/53/53 181/181/181
f 183/183/183 182/182/182 52/52/52
f 183/183/183 52/52/52 146/146/146
f 137/137/137 173/173/173 172/172/172
f 136/136/136 175/175/175 174/174/174
f 137/137/137 174/174/174 173/173/173
f 53/53/53 180/180/180 179/179/179
f 80/80/80 178/178/178 177/177/177
f 176/176/176 134/134/134 80/80/80
f 178/178/178 53/53/53 179/179/179
f 135/135/135 176/176/176 175/175/175
f 178/178/178 80/80/80 53/53/53
f 177/177/177 176/176/176 80/80/80
f 93/93/93 92/92/92 131/131/131
f 131/131/131 90/90/90 89/89/89
f 90/90/90 131/131/131 91/91/91
f 131/131/131 88/88/88 87/87/87
f 81/81/81 126/126/126 125/125/125
f 86/86/86 131/131/131 87/87/87
f 88/88/88 131/131/131 89/89/89
f 118/118/118 117/117/117 74/74/74
f 78/78/78 119/119/119 118/118/118
f 74/74/74 78/78/78 118/118/118
f 81/81/81 124/124/124 123/123/123
f 81/81/81 122/122/122 121/121/121
f 81/81/81 121/121/121 120/120/120
f 122/122/122 81/81/81 123/123/123
f 78/78/78 120/120/120 119/119/119
f 124/124/124 81/81/81 125/125/125
f 84/84/84 131/131/131 85/85/85
f 81/81/81 128/128/128 127/127/127
f 82/82/82 131/131/131 83/83/83
f 81/81/81 80/80/80 129/129/129
f 132/132/132 82/82/82 129/129/129
f 128/128/128 81/81/81 129/129/129
f 83/83/83 131/131/131 84/84/84
f 85/85/85 131/131/131 86/86/86
f 120/120/120 78/78/78 81/81/81
f 47/47/47 79/79/79 78/78/78
f 47/47/47 59/59/59 58/58/58
f 58/58/58 79/79/79 47/47/47
f 79/79/79 56/56/56 55/55/55
f 79/79/79 58/58/58 57/57/57
f 57/57/57 56/56/56 79/79/79
f 79/79/79 55/55/55 54/54/54
f 54/54/54 80/80/80 79/79/79
f 54/54/54 53/53/53 80/80/80
f 81/81/81 127/127/127 126/126/126
f 132/132/132 129/129/129 80/80/80
f 116/116/116 74/74/74 117/117/117
f 187/187/187 211/211/211 212/212/212
f 210/210/210 211/211/211 187/187/187
f 187/187/187 224/224/224 192/192/192
f 209/209/209 192/192/192 208/208/208
f 192/192/192 209/209/209 210/210/210
f 187/187/187 192/192/192 210/210/210
f 224/224/224 187/187/187 188/188/188
f 192/192/192 238/238/238 226/226/226
f 247/247/247 192/192/192 226/226/226
f 224/224/224 238/238/238 192/192/192
f 229/229/229 244/244/244 228/228/228
f 243/243/243 229/229/229 242/242/242
f 230/230/230 242/242/242 229/229/229
f 241/241/241 242/242/242 230/230/230
f 245/245/245 227/227/227 228/228/228
f 227/227/227 247/247/247 226/226/226
f 244/244/244 229/229/229 243/243/243
f 219/219/219 207/207/207 191/191/191
f 191/191/191 218/218/218 219/219/219
f 191/191/191 192/192/192 218/218/218
f 206/206/206 207/207/207 219/219/219
f 205/205/205 206/206/206 219/219/219
f 203/203/203 204/204/204 202/202/202
f 219/219/219 204/204/204 205/205/205
f 219/219/219 202/202/202 204/204/204
f 202/202/202 219/219/219 216/216/216
f 227/227/227 246/246/246 247/247/247
f 228/228/228 244/244/244 245/245/245
f 245/245/245 246/246/246 227/227/227
f 240/240/240 216/216/216 217/217/217
f 218/218/218 239/239/239 217/217/217
f 192/192/192 239/239/239 218/218/218
f 202/202/202 216/216/216 240/240/240
f 239/239/239 240/240/240 217/217/217
f 192/192/192 247/247/247 248/248/248
f 239/239/239 192/192/192 248/248/248
f 255/255/255 256/256/256 232/232/232
f 233/233/233 255/255/255 232/232/232
f 249/249/249 241/241/241 230/230/230 231/231/231
f 257/257/257 231/231/231 232/232/232
f 249/249/249 231/231/231 257/257/257
f 256/256/256 257/257/257 232/232/232
f 234/234/234 254/254/254 233/233/233
f 214/214/214 236/236/236 213/213/213
f 225/225/225 213/213/213 236/236/236
f 236/236/236 214/214/214 193/193/193
f 194/194/194 236/236/236 193/193/193
f 195/195/195 235/235/235 237/237/237
f 195/195/195 194/194/194 215/215/215
f 237/237/237 194/194/194 195/195/195
f 194/194/194 237/237/237 236/236/236
f 234/234/234 235/235/235 195/195/195
f 195/195/195 252/252/252 234/234/234
f 233/233/233 254/254/254 255/255/255
f 234/234/234 252/252/252 253/253/253
f 253/253/253 254/254/254 234/234/234
f 190/190/190 250/250/250 223/223/223
f 222/222/222 223/223/223 250/250/250
f 220/220/220 190/190/190 223/223/223
f 189/189/189 190/190/190 220/220/220
f 250/250/250 251/251/251 195/195/195
f 251/251/251 252/252/252 195/195/195
f 220/220/220 221/221/221 189/189/189
f 196/196/196 221/221/221 222/222/222
f 221/221/221 196/196/196 197/197/197
f 222/222/222 250/250/250 195/195/195
f 198/198/198 221/221/221 197/197/197
f 200/200/200 201/201/201 189/189/189
f 189/189/189 221/221/221 200/200/200
f 200/200/200 221/221/221 199/199/199
f 199/199/199 221/221/221 198/198/198
f 195/195/195 196/196/196 222/222/222
f 267/267/267 261/261/261 259/259/259 258/258/258
f 265/265/265 263/263/263 262/262/262 266/266/266
f 264/264/264 260/260/260 263/263/263 265/265/265
f 266/266/266 262/262/262 261/261/261 267/267/267
f 278/278/278 273/273/273 272/272/272 277/277/277
f 279/279/279 274/274/274 273/273/273 278/278/278
f 283/283/283 278/278/278 277/277/277 282/282/282
f 284/284/284 279/279/279 278/278/278 283/283/283
f 269/269/269 268/268/268 271/271/271 272/272/272
f 272/272/272 296/296/296 269/269/269
f 276/276/276 277/277/277 272/272/272 271/271/271
f 272/272/272 273/273/273 295/295/295 296/296/296
f 277/277/277 276/276/276 281/281/281 282/282/282
f 273/273/273 294/294/294 295/295/295
f 274/274/274 293/293/293 294/294/294
f 274/274/274 275/275/275 270/270/270 293/293/293
f 275/275/275 274/274/274 279/279/279 280/280/280
f 273/273/273 274/274/274 294/294/294
f 282/282/282 281/281/281 286/286/286 290/290/290
f 283/283/283 282/282/282 291/291/291 287/287/287
f 282/282/282 290/290/290 291/291/291
f 292/292/292 283/283/283 287/287/287
f 280/280/280 279/279/279 284/284/284 285/285/285
f 285/285/285 284/284/284 288/288/288 289/289/289
f 292/292/292 288/288/288 284/284/284
f 284/284/284 283/283/283 292/292/292
f 309/309/309 304/304/304 303/303/303 308/308/308
f 310/310/310 305/305/305 304/304/304 309/309/309
f 314/314/314 309/309/309 308/308/308 313/313/313
f 315/315/315 310/310/310 309/309/309 314/314/314
f 298/298/298 297/297/297 302/302/302 303/303/303
f 303/303/303 325/325/325 298/298/298
f 307/307/307 308/308/308 303/303/303 302/302/302
f 304/304/304 325/325/325 303/303/303
f 308/308/308 307/307/307 312/312/312 313/313/313
f 304/304/304 324/324/324 299/299/299
f 305/305/305 300/300/300 324/324/324
f 301/301/301 300/300/300 305/305/305 306/306/306
f 306/306/306 305/305/305 310/310/310 311/311/311
f 304/304/304 305/305/305 324/324/324
f 304/304/304 299/299/299 325/325/325
f 313/313/313 312/312/312 317/317/317 318/318/318
f 314/314/314 313/313/313 318/318/318 322/322/322
f 314/314/314 322/322/322 319/319/319
f 323/323/323 314/314/314 319/319/319
f 311/311/311 310/310/310 315/315/315 316/316/316
f 316/316/316 315/315/315 320/320/320 321/321/321
f 323/323/323 320/320/320 315/315/315
f 315/315/315 314/314/314 323/323/323
f 337/337/337 332/332/332 331/331/331 336/336/336
f 338/338/338 333/333/333 332/332/332 337/337/337
f 342/342/342 337/337/337 336/336/336 341/341/341
f 343/343/343 338/338/338 337/337/337 342/342/342
f 327/327/327 326/326/326 330/330/330 331/331/331
f 331/331/331 352/352/352 327/327/327
f 335/335/335 336/336/336 331/331/331 330/330/330
f 331/331/331 332/332/332 351/351/351 352/352/352
f 336/336/336 335/335/335 340/340/340 341/341/341
f 332/332/332 350/350/350 351/351/351
f 333/333/333 328/328/328 350/350/350
f 329/329/329 328/328/328 333/333/333 334/334/334
f 334/334/334 333/333/333 338/338/338 339/339/339
f 332/332/332 333/333/333 350/350/350
f 341/341/341 340/340/340 345/345/345 346/346/346
f 342/342/342 341/341/341 353/353/353 347/347/347
f 341/341/341 346/346/346 353/353/353
f 354/354/354 342/342/342 347/347/347
f 339/339/339 338/338/338 343/343/343 344/344/344
f 344/344/344 343/343/343 348/348/348 349/349/349
f 354/354/354 348/348/348 343/343/343
f 343/343/343 342/342/342 354/354/354
f 364/364/364 363/363/363 358/358/358 359/359/359
f 365/365/365 364/364/364 359/359/359 360/360/360
f 369/369/369 368/368/368 363/363/363 364/364/364
f 370/370/370 369/369/369 364/364/364 365/365/365
f 358/358/358 357/357/357 355/355/355
f 362/362/362 357/357/357 358/358/358 363/363/363
f 363/363/363 368/368/368 367/367/367 362/362/362
f 374/374/374 358/358/358 355/355/355
f 356/356/356 360/360/360 359/359/359 374/374/374
f 361/361/361 366/366/366 365/365/365 360/360/360
f 356/356/356 361/361/361 360/360/360
f 359/359/359 358/358/358 374/374/374
f 372/372/372 367/367/367 368/368/368
f 369/369/369 375/375/375 368/368/368
f 372/372/372 368/368/368 375/375/375
f 370/370/370 375/375/375 369/369/369
f 366/366/366 371/371/371 370/370/370 365/365/365
f 371/371/371 373/373/373 370/370/370
f 375/375/375 370/370/370 373/373/373
f 385/385/385 384/384/384 379/379/379 380/380/380
f 386/386/386 385/385/385 380/380/380 381/381/381
f 390/390/390 389/389/389 384/384/384 385/385/385
f 391/391/391 390/390/390 385/385/385 386/386/386
f 379/379/379 378/378/378 376/376/376
f 383/383/383 378/378/378 379/379/379 384/384/384
f 384/384/384 389/389/389 388/388/388 383/383/383
f 395/395/395 379/379/379 376/376/376
f 377/377/377 381/381/381 380/380/380 395/395/395
f 382/382/382 387/387/387 386/386/386 381/381/381
f 377/377/377 382/382/382 381/381/381
f 380/380/380 379/379/379 395/395/395
f 393/393/393 388/388/388 389/389/389
f 390/390/390 396/396/396 389/389/389
f 393/393/393 389/389/389 396/396/396
f 391/391/391 396/396/396 390/390/390
f 387/387/387 392/392/392 391/391/391 386/386/386
f 392/392/392 394/394/394 391/391/391
f 396/396/396 391/391/391 394/394/394
f 398/398/398 400/400/400 399/399/399 397/397/397
f 402/402/402 404/404/404 403/403/403 401/401/401
f 406/406/406 408/408/408 407/407/407 405/405/405
f 410/410/410 412/412/412 411/411/411 409/409/409
f 414/414/414 416/416/416 415/415/415 413/413/413
f 418/418/418 420/420/420 419/419/419 417/417/417
f 422/422/422 424/424/424 423/423/423 421/421/421
f 426/426/426 428/428/428 427/427/427 425/425/425
f 435/435/435 436/436/436 434/434/434
f 434/434/434 440/440/440 433/433/433
f 432/432/432 430/430/430 440/440/440
f 430/430/430 433/433/433 440/440/440
f 435/435/435 429/429/429 431/431/431 436/436/436
f 438/438/438 436/436/436 437/437/437
f 439/439/439 440/440/440 438/438/438
f 438/438/438 440/440/440 434/434/434
f 436/436/436 438/438/438 434/434/434
f 470/470/470 468/468/468 469/469/469
f 468/468/468 470/470/470 475/475/475
f 468/468/468 466/466/466 467/467/467
f 466/466/466 468/468/468 462/462/462
f 472/472/472 470/470/470 471/471/471
f 468/468/468 475/475/475 476/476/476
f 476/476/476 462/462/462 468/468/468
f 475/475/475 473/473/473 474/474/474
f 473/473/473 475/475/475 470/470/470
f 472/472/472 473/473/473 470/470/470
f 445/445/445 458/458/458 476/476/476
f 465/465/465 466/466/466 464/464/464
f 464/464/464 466/466/466 463/463/463
f 461/461/461 462/462/462 460/460/460
f 462/462/462 458/458/458 460/460/460
f 463/463/463 466/466/466 462/462/462
f 476/476/476 458/458/458 462/462/462
f 460/460/460 458/458/458 459/459/459
f 455/455/455 456/456/456 454/454/454
f 457/457/457 454/454/454 456/456/456
f 445/445/445 457/457/457 458/458/458
f 454/454/454 457/457/457 453/453/453
f 478/478/478 476/476/476 477/477/477
f 479/479/479 481/481/481 478/478/478
f 480/480/480 481/481/481 479/479/479
f 483/483/483 481/481/481 482/482/482
f 481/481/481 445/445/445 476/476/476
f 483/483/483 484/484/484 481/481/481
f 485/485/485 445/445/445 481/481/481
f 486/486/486 487/487/487 485/485/485
f 488/488/488 442/442/442 487/487/487
f 445/445/445 485/485/485 487/487/487
f 484/484/484 485/485/485 481/481/481
f 441/441/441 442/442/442 488/488/488
f 448/448/448 449/449/449 451/451/451
f 450/450/450 451/451/451 449/449/449
f 452/452/452 453/453/453 451/451/451
f 451/451/451 453/453/453 457/457/457
f 457/457/457 448/448/448 451/451/451
f 442/442/442 443/443/443 445/445/445
f 444/444/444 445/445/445 443/443/443
f 446/446/446 447/447/447 445/445/445
f 445/445/445 447/447/447 448/448/448
f 457/457/457 445/445/445 448/448/448
f 445/445/445 487/487/487 442/442/442
f 478/478/478 481/481/481 476/476/476
f 491/491/491 489/489/489 490/490/490 492/492/492
f 493/493/493 491/491/491 492/492/492 494/494/494
f 497/497/497 495/495/495 496/496/496 498/498/498
f 499/499/499 497/497/497 498/498/498 500/500/500
f 495/495/495 493/493/493 494/494/494 496/496/496
f 503/503/503 501/501/501 502/502/502 504/504/504
f 505/505/505 503/503/503 504/504/504 506/506/506
f 509/509/509 507/507/507 508/508/508 510/510/510
f 511/511/511 509/509/509 510/510/510 512/512/512
f 507/507/507 505/505/505 506/506/506 508/508/508
f 501/501/501 499/499/499 500/500/500 502/502/502
f 515/515/515 513/513/513 514/514/514 516/516/516
f 517/517/517 515/515/515 516/516/516 518/518/518
f 521/521/521 519/519/519 520/520/520 522/522/522
f 523/523/523 521/521/521 522/522/522 524/524/524
f 519/519/519 517/517/517 518/518/518 520/520/520
f 527/527/527 525/525/525 526/526/526 528/528/528
f 529/529/529 527/527/527 528/528/528 530/530/530
f 533/533/533 531/531/531 532/532/532 534/534/534
f 535/535/535 533/533/533 534/534/534 536/536/536
f 531/531/531 529/529/529 530/530/530 532/532/532
f 525/525/525 523/523/523 524/524/524 526/526/526
f 513/513/513 511/511/511 512/512/512 514/514/514
f 537/537/537 535/535/535 536/536/536 538/538/538
f 541/541/541 539/539/539 540/540/540 542/542/542
f 543/543/543 541/541/541 542/542/542 544/544/544
f 547/547/547 545/545/545 546/546/546 548/548/548
f 549/549/549 547/547/547 548/548/548 550/550/550
f 545/545/545 543/543/543 544/544/544 546/546/546
f 553/553/553 551/551/551 552/552/552 554/554/554
f 555/555/555 553/553/553 554/554/554 556/556/556
f 559/559/559 557/557/557 558/558/558 560/560/560
f 561/561/561 559/559/559 560/560/560 562/562/562
f 557/557/557 555/555/555 556/556/556 558/558/558
f 551/551/551 549/549/549 550/550/550 552/552/552
f 565/565/565 563/563/563 564/564/564 566/566/566
f 567/567/567 565/565/565 566/566/566 568/568/568
f 571/571/571 569/569/569 570/570/570 572/572/572
f 573/573/573 571/571/571 572/572/572 574/574/574
f 569/569/569 567/567/567 568/568/568 570/570/570
f 577/577/577 575/575/575 576/576/576 578/578/578
f 579/579/579 577/577/577 578/578/578 580/580/580
f 583/583/583 581/581/581 582/582/582 584/584/584
f 585/585/585 583/583/583 584/584/584 586/586/586
f 581/581/581 579/579/579 580/580/580 582/582/582
f 575/575/575 573/573/573 574/574/574 576/576/576
f 563/563/563 561/561/561 562/562/562 564/564/564
f 539/539/539 537/537/537 538/538/538 540/540/540
f 593/593/593 594/594/594 589/589/589 587/587/587
f 591/591/591 596/596/596 595/595/595 592/592/592
f 588/588/588 590/590/590 596/596/596 591/591/591
f 592/592/592 595/595/595 594/594/594 593/593/593
f 608/608/608 607/607/607 602/602/602 603/603/603
f 609/609/609 608/608/608 603/603/603 604/604/604
f 612/612/612 611/611/611 607/607/607 608/608/608
f 613/613/613 612/612/612 608/608/608 609/609/609
f 597/597/597 598/598/598 602/602/602 620/620/620
f 607/607/607 606/606/606 621/621/621 602/602/602
f 620/620/620 602/602/602 621/621/621
f 602/602/602 598/598/598 599/599/599 603/603/603
f 600/600/600 604/604/604 603/603/603 599/599/599
f 601/601/601 605/605/605 604/604/604 600/600/600
f 605/605/605 610/610/610 609/609/609 604/604/604
f 606/606/606 607/607/607 611/611/611 622/622/622
f 623/623/623 622/622/622 611/611/611
f 612/612/612 617/617/617 616/616/616 611/611/611
f 623/623/623 611/611/611 616/616/616 615/615/615
f 610/610/610 614/614/614 613/613/613 609/609/609
f 614/614/614 619/619/619 618/618/618 613/613/613
f 617/617/617 612/612/612 613/613/613 618/618/618
f 629/629/629 624/624/624 625/625/625
f 626/626/626 624/624/624 628/628/628
f 624/624/624 629/629/629 628/628/628
f 625/625/625 627/627/627 630/630/630
f 625/625/625 630/630/630 629/629/629
f 633/633/633 631/631/631 637/637/637
f 633/633/633 637/637/637 636/636/636
f 635/635/635 634/634/634 636/636/636
f 633/633/633 636/636/636 634/634/634
f 635/635/635 632/632/632 634/634/634
f 650/650/650 649/649/649 644/644/644 645/645/645
f 651/651/651 650/650/650 645/645/645 646/646/646
f 655/655/655 654/654/654 649/649/649 650/650/650
f 656/656/656 655/655/655 650/650/650 651/651/651
f 639/639/639 644/644/644 643/643/643 638/638/638
f 648/648/648 643/643/643 644/644/644 649/649/649
f 649/649/649 654/654/654 653/653/653 648/648/648
f 644/644/644 639/639/639 640/640/640 645/645/645
f 641/641/641 646/646/646 645/645/645 640/640/640
f 642/642/642 647/647/647 646/646/646 641/641/641
f 647/647/647 652/652/652 651/651/651 646/646/646
f 654/654/654 659/659/659 658/658/658 653/653/653
f 655/655/655 660/660/660 659/659/659 654/654/654
f 660/660/660 655/655/655 656/656/656 661/661/661
f 652/652/652 657/657/657 656/656/656 651/651/651
f 661/661/661 656/656/656 657/657/657 662/662/662
f 663/663/663 664/664/664 667/667/667 668/668/668
f 666/666/666 665/665/665 668/668/668 667/667/667
f 671/671/671 679/679/679 680/680/680
f 678/678/678 679/679/679 671/671/671
f 675/675/675 677/677/677 678/678/678
f 669/669/669 677/677/677 676/676/676 670/670/670
f 671/671/671 675/675/675 678/678/678
f 674/674/674 672/672/672 673/673/673
f 675/675/675 672/672/672 674/674/674
f 676/676/676 677/677/677 675/675/675
f 675/675/675 671/671/671 672/672/672
f 686/686/686 685/685/685 681/681/681 682/682/682
f 685/685/685 686/686/686 684/684/684 683/683/683
f 704/704/704 695/695/695 687/687/687
f 695/695/695 705/705/705 706/706/706
f 695/695/695 704/704/704 705/705/705
f 703/703/703 704/704/704 700/700/700
f 707/707/707 695/695/695 706/706/706
f 694/694/694 688/688/688 708/708/708
f 708/708/708 688/688/688 695/695/695
f 703/703/703 700/700/700 702/702/702
f 708/708/708 695/695/695 707/707/707
f 687/687/687 689/689/689 704/704/704
f 699/699/699 700/700/700 704/704/704
f 709/709/709 698/698/698 699/699/699
f 697/697/697 698/698/698 709/709/709
f 689/689/689 709/709/709 699/699/699
f 696/696/696 697/697/697 709/709/709
f 700/700/700 701/701/701 702/702/702
f 692/692/692 702/702/702 691/691/691
f 702/702/702 701/701/701 691/691/691
f 693/693/693 696/696/696 690/690/690
f 709/709/709 690/690/690 696/696/696
f 689/689/689 699/699/699 704/704/704
f 710/710/710 712/712/712 711/711/711 713/713/713
f 714/714/714 718/718/718 719/719/719
f 724/724/724 720/720/720 718/718/718
f 723/723/723 724/724/724 722/722/722
f 718/718/718 722/722/722 724/724/724
f 722/722/722 718/718/718 715/715/715 716/716/716
f 716/716/716 717/717/717 722/722/722
f 721/721/721 722/722/722 725/725/725
f 725/725/725 722/722/722 717/717/717
f 714/714/714 715/715/715 718/718/718
f 731/731/731 726/726/726 728/728/728 729/729/729
f 730/730/730 731/731/731 729/729/729 727/727/727
f 733/733/733 749/749/749 735/735/735 732/732/732
f 736/736/736 735/735/735 749/749/749 750/750/750
f 750/750/750 751/751/751 737/737/737 736/736/736
f 743/743/743 733/733/733 734/734/734
f 748/748/748 749/749/749 733/733/733 743/743/743
f 749/749/749 748/748/748 747/747/747 750/750/750
f 750/750/750 747/747/747 751/751/751
f 738/738/738 737/737/737 751/751/751 752/752/752
f 752/752/752 753/753/753 739/739/739 738/738/738
f 746/746/746 752/752/752 751/751/751
f 740/740/740 739/739/739 753/753/753 754/754/754
f 741/741/741 740/740/740 754/754/754 742/742/742
f 745/745/745 753/753/753 752/752/752 746/746/746
f 754/754/754 753/753/753 745/745/745
f 744/744/744 742/742/742 754/754/754
f 745/745/745 744/744/744 754/754/754
f 747/747/747 746/746/746 751/751/751
f 756/756/756 758/758/758 755/755/755
f 758/758/758 756/756/756 775/775/775
f 760/760/760 758/758/758 775/775/775
f 762/762/762 760/760/760 775/775/775 776/776/776
f 764/764/764 762/762/762 776/776/776 777/777/777
f 757/757/757 759/759/759 756/756/756
f 775/775/775 756/756/756 759/759/759
f 761/761/761 775/775/775 759/759/759
f 763/763/763 765/765/765 777/777/777 776/776/776
f 776/776/776 775/775/775 761/761/761 763/763/763
f 777/777/777 778/778/778 766/766/766 764/764/764
f 778/778/778 779/779/779 768/768/768 766/766/766
f 765/765/765 767/767/767 778/778/778 777/777/777
f 770/770/770 768/768/768 779/779/779 780/780/780
f 771/771/771 770/770/770 780/780/780 772/772/772
f 779/779/779 778/778/778 767/767/767 769/769/769
f 774/774/774 772/772/772 780/780/780
f 772/772/772 774/774/774 773/773/773
f 774/774/774 780/780/780 779/779/779 769/769/769
f 793/793/793 792/792/792 787/787/787 788/788/788
f 794/794/794 793/793/793 788/788/788 789/789/789
f 798/798/798 797/797/797 792/792/792 793/793/793
f 799/799/799 798/798/798 793/793/793 794/794/794
f 782/782/782 787/787/787 786/786/786 781/781/781
f 787/787/787 792/792/792 791/791/791 786/786/786
f 787/787/787 782/782/782 783/783/783 788/788/788
f 784/784/784 789/789/789 788/788/788 783/783/783
f 785/785/785 790/790/790 789/789/789 784/784/784
f 790/790/790 795/795/795 794/794/794 789/789/789
f 796/796/796 791/791/791 792/792/792 797/797/797
f 801/801/801 796/796/796 797/797/797
f 798/798/798 802/802/802 797/797/797
f 801/801/801 797/797/797 802/802/802
f 802/802/802 798/798/798 799/799/799 803/803/803
f 795/795/795 800/800/800 799/799/799 794/794/794
f 803/803/803 799/799/799 800/800/800 804/804/804
f 811/811/811 805/805/805 810/810/810
f 812/812/812 809/809/809 806/806/806
f 809/809/809 812/812/812 810/810/810
f 811/811/811 812/812/812 808/808/808 807/807/807
f 810/810/810 812/812/812 811/811/811
f 825/825/825 824/824/824 819/819/819 820/820/820
f 826/826/826 825/825/825 820/820/820 821/821/821
f 830/830/830 829/829/829 824/824/824 825/825/825
f 831/831/831 830/830/830 825/825/825 826/826/826
f 814/814/814 819/819/819 818/818/818 813/813/813
f 819/819/819 824/824/824 823/823/823 818/818/818
f 819/819/819 814/814/814 815/815/815 820/820/820
f 816/816/816 821/821/821 820/820/820 815/815/815
f 817/817/817 822/822/822 821/821/821 816/816/816
f 822/822/822 827/827/827 826/826/826 821/821/821
f 828/828/828 823/823/823 824/824/824 829/829/829
f 833/833/833 828/828/828 829/829/829
f 830/830/830 834/834/834 829/829/829
f 833/833/833 829/829/829 834/834/834
f 834/834/834 830/830/830 831/831/831 835/835/835
f 827/827/827 832/832/832 831/831/831 826/826/826
f 835/835/835 831/831/831 832/832/832 836/836/836
f 841/841/841 837/837/837 845/845/845
f 838/838/838 840/840/840 843/843/843 844/844/844
f 844/844/844 843/843/843 842/842/842 845/845/845
f 837/837/837 841/841/841 839/839/839
f 845/845/845 842/842/842 841/841/841
f 847/847/847 849/849/849 848/848/848 846/846/846
f 851/851/851 854/854/854 855/855/855
f 851/851/851 850/850/850 854/854/854
f 855/855/855 852/852/852 851/851/851
f 853/853/853 852/852/852 855/855/855
f 857/857/857 861/861/861 856/856/856
f 857/857/857 860/860/860 861/861/861
f 859/859/859 860/860/860 858/858/858
f 857/857/857 858/858/858 860/860/860
f 870/870/870 862/862/862 863/863/863 869/869/869
f 869/869/869 867/867/867 870/870/870
f 870/870/870 866/866/866 864/864/864
f 869/869/869 868/868/868 867/867/867
f 869/869/869 865/865/865 868/868/868
f 870/870/870 867/867/867 866/866/866
f 880/880/880 882/882/882 883/883/883
f 882/882/882 880/880/880 881/881/881
f 880/880/880 883/883/883 884/884/884
f 901/901/901 902/902/902 892/892/892 880/880/880
f 885/885/885 877/877/877 901/901/901
f 884/884/884 901/901/901 880/880/880
f 876/876/876 885/885/885 875/875/875
f 890/890/890 891/891/891 892/892/892
f 892/892/892 889/889/889 890/890/890
f 889/889/889 892/892/892 888/888/888
f 888/888/888 892/892/892 902/902/902
f 902/902/902 894/894/894 900/900/900
f 885/885/885 876/876/876 877/877/877
f 878/878/878 902/902/902 901/901/901
f 875/875/875 885/885/885 886/886/886
f 874/874/874 875/875/875 886/886/886
f 878/878/878 893/893/893 902/902/902
f 901/901/901 877/877/877 878/878/878
f 872/872/872 879/879/879 871/871/871
f 887/887/887 873/873/873 874/874/874
f 874/874/874 886/886/886 887/887/887
f 893/893/893 878/878/878 879/879/879
f 894/894/894 895/895/895 900/900/900
f 898/898/898 899/899/899 896/896/896
f 895/895/895 896/896/896 899/899/899
f 895/895/895 899/899/899 900/900/900
f 879/879/879 872/872/872 893/893/893
f 897/897/897 898/898/898 896/896/896
f 894/894/894 902/902/902 893/893/893
f 909/909/909 908/908/908 904/904/904 903/903/903
f 908/908/908 909/909/909 910/910/910 907/907/907
f 911/911/911 906/906/906 907/907/907 910/910/910
f 905/905/905 906/906/906 911/911/911
f 921/921/921 920/920/920 915/915/915 916/916/916
f 922/922/922 921/921/921 916/916/916 917/917/917
f 926/926/926 925/925/925 920/920/920 921/921/921
f 927/927/927 926/926/926 921/921/921 922/922/922
f 914/914/914 912/912/912 935/935/935 915/915/915
f 919/919/919 914/914/914 915/915/915 920/920/920
f 920/920/920 925/925/925 924/924/924 919/919/919
f 934/934/934 917/917/917 916/916/916 935/935/935
f 913/913/913 918/918/918 917/917/917 934/934/934
f 918/918/918 923/923/923 922/922/922 917/917/917
f 916/916/916 915/915/915 935/935/935
f 925/925/925 930/930/930 929/929/929 924/924/924
f 926/926/926 931/931/931 930/930/930 925/925/925
f 931/931/931 926/926/926 927/927/927 932/932/932
f 923/923/923 928/928/928 927/927/927 922/922/922
f 932/932/932 927/927/927 928/928/928 933/933/933
f 948/948/948 947/947/947 942/942/942 943/943/943
f 949/949/949 948/948/948 943/943/943 944/944/944
f 953/953/953 952/952/952 947/947/947 948/948/948
f 954/954/954 953/953/953 948/948/948 949/949/949
f 937/937/937 942/942/942 941/941/941 936/936/936
f 942/942/942 947/947/947 946/946/946 941/941/941
f 942/942/942 937/937/937 938/938/938 943/943/943
f 939/939/939 944/944/944 943/943/943 938/938/938
f 940/940/940 945/945/945 944/944/944 939/939/939
f 945/945/945 950/950/950 949/949/949 944/944/944
f 951/951/951 946/946/946 947/947/947 952/952/952
f 952/952/952 958/958/958 956/956/956 951/951/951
f 953/953/953 958/958/958 952/952/952
f 958/958/958 953/953/953 954/954/954 959/959/959
f 950/950/950 955/955/955 954/954/954 949/949/949
f 955/955/955 957/957/957 959/959/959 954/954/954
f 971/971/971 969/969/969 970/970/970
f 969/969/969 971/971/971 972/972/972
f 967/967/967 969/969/969 975/975/975 961/961/961
f 967/967/967 968/968/968 969/969/969
f 967/967/967 965/965/965 966/966/966
f 965/965/965 967/967/967 964/964/964
f 972/972/972 975/975/975 969/969/969
f 975/975/975 973/973/973 974/974/974
f 960/960/960 961/961/961 975/975/975
f 961/961/961 963/963/963 964/964/964
f 963/963/963 961/961/961 962/962/962
f 964/964/964 967/967/967 961/961/961
f 973/973/973 975/975/975 972/972/972
f 978/978/978 976/976/976 977/977/977 979/979/979
f 982/982/982 980/980/980 981/981/981 983/983/983
f 980/980/980 978/978/978 979/979/979 981/981/981
f 986/986/986 984/984/984 985/985/985 987/987/987
f 990/990/990 988/988/988 989/989/989 991/991/991
f 988/988/988 986/986/986 987/987/987 989/989/989
f 984/984/984 982/982/982 983/983/983 985/985/985
f 992/992/992 990/990/990 991/991/991 993/993/993
f 996/996/996 994/994/994 995/995/995 997/997/997
f 1000/1000/1000 998/998/998 999/999/999 1001/1001/1001
f 998/998/998 996/996/996 997/997/997 999/999/999
f 1004/1004/1004 1002/1002/1002 1003/1003/1003 1005/1005/1005
f 1008/1008/1008 1006/1006/1006 1007/1007/1007 1009/1009/1009
f 1006/1006/1006 1004/1004/1004 1005/1005/1005 1007/1007/1007
f 1002/1002/1002 1000/1000/1000 1001/1001/1001 1003/1003/1003
f 994/994/994 992/992/992 993/993/993 995/995/995
f 1016/1016/1016 1014/1014/1014 1015/1015/1015
f 1017/1017/1017 1014/1014/1014 1016/1016/1016
f 1011/1011/1011 1017/1017/1017 1019/1019/1019 1025/1025/1025
f 1011/1011/1011 1013/1013/1013 1014/1014/1014
f 1013/1013/1013 1011/1011/1011 1012/1012/1012
f 1011/1011/1011 1014/1014/1014 1017/1017/1017
f 1019/1019/1019 1017/1017/1017 1018/1018/1018
f 1021/1021/1021 1019/1019/1019 1020/1020/1020
f 1019/1019/1019 1021/1021/1021 1022/1022/1022
f 1025/1025/1025 1019/1019/1019 1022/1022/1022
f 1010/1010/1010 1011/1011/1011 1025/1025/1025
f 1025/1025/1025 1023/1023/1023 1024/1024/1024
f 1025/1025/1025 1022/1022/1022 1023/1023/1023
f 1028/1028/1028 1026/1026/1026 1027/1027/1027 1029/1029/1029
f 1032/1032/1032 1030/1030/1030 1031/1031/1031 1033/1033/1033
f 1030/1030/1030 1028/1028/1028 1029/1029/1029 1031/1031/1031
f 1036/1036/1036 1034/1034/1034 1035/1035/1035 1037/1037/1037
f 1040/1040/1040 1038/1038/1038 1039/1039/1039 1041/1041/1041
f 1038/1038/1038 1036/1036/1036 1037/1037/1037 1039/1039/1039
f 1034/1034/1034 1032/1032/1032 1033/1033/1033 1035/1035/1035
f 1042/1042/1042 1040/1040/1040 1041/1041/1041 1043/1043/1043
f 1046/1046/1046 1044/1044/1044 1045/1045/1045 1047/1047/1047
f 1050/1050/1050 1048/1048/1048 1049/1049/1049 1051/1051/1051
f 1048/1048/1048 1046/1046/1046 1047/1047/1047 1049/1049/1049
f 1054/1054/1054 1052/1052/1052 1053/1053/1053 1055/1055/1055
f 1058/1058/1058 1056/1056/1056 1057/1057/1057 1059/1059/1059
f 1056/1056/1056 1054/1054/1054 1055/1055/1055 1057/1057/1057
f 1052/1052/1052 1050/1050/1050 1051/1051/1051 1053/1053/1053
f 1044/1044/1044 1042/1042/1042 1043/1043/1043 1045/1045/1045
f 1062/1062/1062 1060/1060/1060 1064/1064/1064
f 1061/1061/1061 1063/1063/1063 1064/1064/1064
f 1062/1062/1062 1064/1064/1064 1063/1063/1063
f 1066/1066/1066 1068/1068/1068 1065/1065/1065
f 1068/1068/1068 1066/1066/1066 1069/1069/1069
f 1070/1070/1070 1068/1068/1068 1085/1085/1085
f 1072/1072/1072 1070/1070/1070 1085/1085/1085 1086/1086/1086
f 1074/1074/1074 1072/1072/1072 1086/1086/1086 1087/1087/1087
f 1067/1067/1067 1069/1069/1069 1066/1066/1066
f 1085/1085/1085 1068/1068/1068 1069/1069/1069
f 1071/1071/1071 1085/1085/1085 1069/1069/1069
f 1073/1073/1073 1075/1075/1075 1087/1087/1087 1086/1086/1086
f 1086/1086/1086 1085/1085/1085 1071/1071/1071 1073/1073/1073
f 1087/1087/1087 1088/1088/1088 1076/1076/1076 1074/1074/1074
f 1088/1088/1088 1089/1089/1089 1078/1078/1078 1076/1076/1076
f 1075/1075/1075 1077/1077/1077 1088/1088/1088 1087/1087/1087
f 1080/1080/1080 1078/1078/1078 1089/1089/1089 1090/1090/1090
f 1082/1082/1082 1080/1080/1080 1090/1090/1090 1083/1083/1083
f 1089/1089/1089 1088/1088/1088 1077/1077/1077 1079/1079/1079
f 1083/1083/1083 1090/1090/1090 1081/1081/1081 1084/1084/1084
f 1090/1090/1090 1089/1089/1089 1079/1079/1079 1081/1081/1081
f 1096/1096/1096 1095/1095/1095 1093/1093/1093 1091/1091/1091
f 1092/1092/1092 1094/1094/1094 1095/1095/1095 1096/1096/1096
f 1098/1098/1098 1100/1100/1100 1097/1097/1097
f 1100/1100/1100 1098/1098/1098 1101/1101/1101
f 1102/1102/1102 1100/1100/1100 1117/1117/1117
f 1104/1104/1104 1102/1102/1102 1117/1117/1117 1118/1118/1118
f 1106/1106/1106 1104/1104/1104 1118/1118/1118 1119/1119/1119
f 1099/1099/1099 1101/1101/1101 1098/1098/1098
f 1117/1117/1117 1100/1100/1100 1101/1101/1101
f 1103/1103/1103 1117/1117/1117 1101/1101/1101
f 1105/1105/1105 1107/1107/1107 1119/1119/1119 1118/1118/1118
f 1118/1118/1118 1117/1117/1117 1103/1103/1103 1105/1105/1105
f 1119/1119/1119 1120/1120/1120 1108/1108/1108 1106/1106/1106
f 1120/1120/1120 1121/1121/1121 1110/1110/1110 1108/1108/1108
f 1107/1107/1107 1109/1109/1109 1120/1120/1120 1119/1119/1119
f 1112/1112/1112 1110/1110/1110 1121/1121/1121 1122/1122/1122
f 1114/1114/1114 1112/1112/1112 1122/1122/1122 1115/1115/1115
f 1121/1121/1121 1120/1120/1120 1109/1109/1109 1111/1111/1111
f 1115/1115/1115 1122/1122/1122 1113/1113/1113 1116/1116/1116
f 1122/1122/1122 1121/1121/1121 1111/1111/1111 1113/1113/1113
f 1124/1124/1124 1127/1127/1127 1125/1125/1125 1123/1123/1123
f 1124/1124/1124 1126/1126/1126 1127/1127/1127
f 1130/1130/1130 1147/1147/1147 1129/1129/1129 1128/1128/1128
f 1132/1132/1132 1138/1138/1138 1131/1131/1131
f 1138/1138/1138 1130/1130/1130 1131/1131/1131
f 1147/1147/1147 1130/1130/1130 1138/1138/1138 1139/1139/1139
f 1144/1144/1144 1145/1145/1145 1139/1139/1139
f 1145/1145/1145 1146/1146/1146 1139/1139/1139
f 1139/1139/1139 1146/1146/1146 1147/1147/1147
f 1132/1132/1132 1133/1133/1133 1138/1138/1138
f 1138/1138/1138 1134/1134/1134 1135/1135/1135
f 1138/1138/1138 1136/1136/1136 1137/1137/1137
f 1135/1135/1135 1136/1136/1136 1138/1138/1138
f 1139/1139/1139 1142/1142/1142 1143/1143/1143
f 1140/1140/1140 1141/1141/1141 1139/1139/1139
f 1142/1142/1142 1139/1139/1139 1141/1141/1141
f 1143/1143/1143 1144/1144/1144 1139/1139/1139
f 1134/1134/1134 1138/1138/1138 1133/1133/1133
