# Rhino

mtllib Play_1.mtl
usemtl Default
v -18 30 -2.5
v -18 30 -2
v 9 14.411542892456055 -2.5
v 9 14.411542892456055 -2
v 9 14.411542892456055 -2.5
v 9 14.411542892456055 -2
v 9 45.588459014892578 -2.5
v 9 45.588459014892578 -2
v 9 45.588459014892578 -2.5
v 9 45.588459014892578 -2
v -18 30 -2.5
v -18 30 -2
v -14.5 30 -2.5
v -14.5 30 -2
v 7.25 42.557369232177734 -2.5
v 7.25 42.557369232177734 -2
v 7.25 42.557369232177734 -2.5
v 7.25 42.557369232177734 -2
v 7.25 17.442630767822266 -2.5
v 7.25 17.442630767822266 -2
v 7.25 17.442630767822266 -2.5
v 7.25 17.442630767822266 -2
v -14.5 30 -2.5
v -14.5 30 -2
v -18 30 -2.5
v 9 14.411542892456055 -2.5
v 9 45.588459014892578 -2.5
v -14.5 30 -2.5
v 7.25 42.557369232177734 -2.5
v 7.25 17.442630767822266 -2.5
v -18 30 -2
v 9 14.411542892456055 -2
v 9 45.588459014892578 -2
v -14.5 30 -2
v 7.25 42.557369232177734 -2
v 7.25 17.442630767822266 -2
vt 0 0
vt 0 0.50458687543869019
vt 0.18461538851261139 0
vt 0.18461538851261139 0.50458687543869019
vt 0.18461538851261139 0
vt 0.18461538851261139 0.50458687543869019
vt 0.36923077702522278 0
vt 0.36923077702522278 0.50458687543869019
vt 0.36923077702522278 0
vt 0.36923077702522278 0.50458687543869019
vt 0.55384618043899536 0
vt 0.55384618043899536 0.50458687543869019
vt 0.55384618043899536 0
vt 0.55384618043899536 0.50458687543869019
vt 0.70256412029266357 0
vt 0.70256412029266357 0.50458687543869019
vt 0.70256412029266357 0
vt 0.70256412029266357 0.50458687543869019
vt 0.85128206014633179 0
vt 0.85128206014633179 0.50458687543869019
vt 0.85128206014633179 0
vt 0.85128206014633179 0.50458687543869019
vt 1 0
vt 1 0.50458687543869019
vt 0.092307694256305695 1
vt 0.18461538851261139 0.50458741188049316
vt 0 0.50458741188049316
vt 0.092307694256305695 0.935779869556427
vt 0.01794871874153614 0.53669750690460205
vt 0.1666666716337204 0.53669750690460205
vt 0.092307694256305695 0.50458741188049316
vt 0.18461538851261139 1
vt 0 1
vt 0.092307694256305695 0.56880754232406616
vt 0.01794871874153614 0.96788990497589111
vt 0.1666666716337204 0.96788990497589111
vn -0.5 -0.86602538824081421 0
vn -0.5 -0.86602538824081421 0
vn -0.5 -0.86602538824081421 0
vn -0.5 -0.86602538824081421 0
vn 1 0 0
vn 1 0 0
vn 1 0 0
vn 1 0 0
vn -0.5 0.86602538824081421 0
vn -0.5 0.86602538824081421 0
vn -0.5 0.86602538824081421 0
vn -0.5 0.86602538824081421 0
vn 0.5 -0.86602538824081421 0
vn 0.5 -0.86602538824081421 0
vn 0.5 -0.86602538824081421 0
vn 0.5 -0.86602538824081421 0
vn -1 0 0
vn -1 0 0
vn -1 0 0
vn -1 0 0
vn 0.5 0.86602538824081421 0
vn 0.5 0.86602538824081421 0
vn 0.5 0.86602538824081421 0
vn 0.5 0.86602538824081421 0
vn 0 0 -1
vn 0 0 -1
vn 0 0 -1
vn 0 0 -1
vn 0 0 -1
vn 0 0 -1
vn 0 0 1
vn 0 0 1
vn 0 0 1
vn 0 0 1
vn 0 0 1
vn 0 0 1
f 1/1/1 3/3/3 4/4/4 2/2/2
f 5/5/5 7/7/7 8/8/8 6/6/6
f 9/9/9 11/11/11 12/12/12 10/10/10
f 13/13/13 15/15/15 16/16/16 14/14/14
f 17/17/17 19/19/19 20/20/20 18/18/18
f 21/21/21 23/23/23 24/24/24 22/22/22
f 29/29/29 28/28/28 25/25/25
f 26/26/26 25/25/25 28/28/28
f 27/27/27 29/29/29 25/25/25
f 27/27/27 26/26/26 30/30/30
f 28/28/28 30/30/30 26/26/26
f 29/29/29 27/27/27 30/30/30
f 35/35/35 31/31/31 34/34/34
f 32/32/32 34/34/34 31/31/31
f 33/33/33 31/31/31 35/35/35
f 33/33/33 36/36/36 32/32/32
f 34/34/34 32/32/32 36/36/36
f 35/35/35 36/36/36 33/33/33
usemtl Default
v 18 30 1
v 18 30 1.5
v -9 45.588459014892578 1
v -9 45.588459014892578 1.5
v -9 45.588459014892578 1
v -9 45.588459014892578 1.5
v -9 14.411542892456055 1
v -9 14.411542892456055 1.5
v -9 14.411542892456055 1
v -9 14.411542892456055 1.5
v 18 30 1
v 18 30 1.5
v 14.5 30 1
v 14.5 30 1.5
v -7.25 17.442630767822266 1
v -7.25 17.442630767822266 1.5
v -7.25 17.442630767822266 1
v -7.25 17.442630767822266 1.5
v -7.25 42.557369232177734 1
v -7.25 42.557369232177734 1.5
v -7.25 42.557369232177734 1
v -7.25 42.557369232177734 1.5
v 14.5 30 1
v 14.5 30 1.5
v 18 30 1
v -9 45.588459014892578 1
v -9 14.411542892456055 1
v 14.5 30 1
v -7.25 17.442630767822266 1
v -7.25 42.557369232177734 1
v 18 30 1.5
v -9 45.588459014892578 1.5
v -9 14.411542892456055 1.5
v 14.5 30 1.5
v -7.25 17.442630767822266 1.5
v -7.25 42.557369232177734 1.5
vt 0 0
vt 0 0.50458687543869019
vt 0.18461538851261139 0
vt 0.18461538851261139 0.50458687543869019
vt 0.18461538851261139 0
vt 0.18461538851261139 0.50458687543869019
vt 0.36923077702522278 0
vt 0.36923077702522278 0.50458687543869019
vt 0.36923077702522278 0
vt 0.36923077702522278 0.50458687543869019
vt 0.55384618043899536 0
vt 0.55384618043899536 0.50458687543869019
vt 0.55384618043899536 0
vt 0.55384618043899536 0.50458687543869019
vt 0.70256412029266357 0
vt 0.70256412029266357 0.50458687543869019
vt 0.70256412029266357 0
vt 0.70256412029266357 0.50458687543869019
vt 0.85128206014633179 0
vt 0.85128206014633179 0.50458687543869019
vt 0.85128206014633179 0
vt 0.85128206014633179 0.50458687543869019
vt 1 0
vt 1 0.50458687543869019
vt 0.092307694256305695 0.50458741188049316
vt 0 1
vt 0.18461538851261139 1
vt 0.092307694256305695 0.56880754232406616
vt 0.1666666716337204 0.96788990497589111
vt 0.01794871874153614 0.96788990497589111
vt 0.092307694256305695 1
vt 0 0.50458741188049316
vt 0.18461538851261139 0.50458741188049316
vt 0.092307694256305695 0.935779869556427
vt 0.1666666716337204 0.53669750690460205
vt 0.01794871874153614 0.53669750690460205
vn 0.5 0.86602538824081421 0
vn 0.5 0.86602538824081421 0
vn 0.5 0.86602538824081421 0
vn 0.5 0.86602538824081421 0
vn -1 0 0
vn -1 0 0
vn -1 0 0
vn -1 0 0
vn 0.5 -0.86602538824081421 0
vn 0.5 -0.86602538824081421 0
vn 0.5 -0.86602538824081421 0
vn 0.5 -0.86602538824081421 0
vn -0.5 0.86602538824081421 0
vn -0.5 0.86602538824081421 0
vn -0.5 0.86602538824081421 0
vn -0.5 0.86602538824081421 0
vn 1 0 0
vn 1 0 0
vn 1 0 0
vn 1 0 0
vn -0.5 -0.86602538824081421 0
vn -0.5 -0.86602538824081421 0
vn -0.5 -0.86602538824081421 0
vn -0.5 -0.86602538824081421 0
vn 0 0 -1
vn 0 0 -1
vn 0 0 -1
vn 0 0 -1
vn 0 0 -1
vn 0 0 -1
vn 0 0 1
vn 0 0 1
vn 0 0 1
vn 0 0 1
vn 0 0 1
vn 0 0 1
f 37/37/37 39/39/39 40/40/40 38/38/38
f 41/41/41 43/43/43 44/44/44 42/42/42
f 45/45/45 47/47/47 48/48/48 46/46/46
f 49/49/49 51/51/51 52/52/52 50/50/50
f 53/53/53 55/55/55 56/56/56 54/54/54
f 57/57/57 59/59/59 60/60/60 58/58/58
f 62/62/62 65/65/65 63/63/63
f 64/64/64 63/63/63 65/65/65
f 66/66/66 65/65/65 62/62/62
f 61/61/61 64/64/64 66/66/66
f 63/63/63 64/64/64 61/61/61
f 62/62/62 61/61/61 66/66/66
f 68/68/68 69/69/69 71/71/71
f 70/70/70 71/71/71 69/69/69
f 72/72/72 68/68/68 71/71/71
f 67/67/67 72/72/72 70/70/70
f 69/69/69 67/67/67 70/70/70
f 68/68/68 72/72/72 67/67/67
usemtl Default
v -27 0 -2.5
v -27 0 -2
v 27 0 -2.5
v 27 0 -2
v -27 0 -2.25
v 27 0 -2.25
v 27 60 -2.5
v -27 60 -2.5
v -27 60 -2
v 27 60 -2
v 27 60 -2.25
v -30 57 -2.5
v -30 3 -2.5
v -27 0 -2.5
v 27 0 -2.5
v 30 3 -2.5
v 30 57 -2.5
v 27 60 -2.5
v -27 60 -2.5
v -27.269563674926758 59.987865447998047 -2.5
v -27.545888900756836 59.949916839599609 -2.5
v -27.825473785400391 59.884197235107422 -2.5
v -28.104284286499023 59.789363861083984 -2.5
v -28.377883911132812 59.664852142333984 -2.5
v -28.641630172729492 59.510986328125 -2.5
v -28.890893936157227 59.329059600830078 -2.5
v -29.121320724487305 59.121318817138672 -2.5
v -29.329059600830078 58.890895843505859 -2.5
v -29.510986328125 58.641628265380859 -2.5
v -29.664852142333984 58.377883911132812 -2.5
v -29.789365768432617 58.104282379150391 -2.5
v -29.884197235107422 57.825473785400391 -2.5
v -29.949916839599609 57.545890808105469 -2.5
v -29.987865447998047 57.269561767578125 -2.5
v -29.987865447998047 2.7304368019104004 -2.5
v -29.949916839599609 2.454110860824585 -2.5
v -29.884197235107422 2.174525260925293 -2.5
v -29.789365768432617 1.8957158327102661 -2.5
v -29.664852142333984 1.6221162080764771 -2.5
v -29.510986328125 1.3583707809448242 -2.5
v -29.329059600830078 1.1091055870056152 -2.5
v -29.121320724487305 0.87867963314056396 -2.5
v -28.890893936157227 0.67094045877456665 -2.5
v -28.641630172729492 0.48901346325874329 -2.5
v -28.377883911132812 0.33514797687530518 -2.5
v -28.104284286499023 0.21063509583473206 -2.5
v -27.825473785400391 0.11580312252044678 -2.5
v -27.545888900756836 0.050083894282579422 -2.5
v -27.269563674926758 0.012135273776948452 -2.5
v 27.269563674926758 0.012135273776948452 -2.5
v 27.545888900756836 0.050083894282579422 -2.5
v 27.825473785400391 0.11580312252044678 -2.5
v 28.104284286499023 0.21063509583473206 -2.5
v 28.377883911132812 0.33514797687530518 -2.5
v 28.641630172729492 0.48901346325874329 -2.5
v 28.890893936157227 0.67094045877456665 -2.5
v 29.121320724487305 0.87867963314056396 -2.5
v 29.329059600830078 1.1091055870056152 -2.5
v 29.510986328125 1.3583707809448242 -2.5
v 29.664852142333984 1.6221162080764771 -2.5
v 29.789365768432617 1.8957158327102661 -2.5
v 29.884197235107422 2.174525260925293 -2.5
v 29.949916839599609 2.454110860824585 -2.5
v 29.987865447998047 2.7304368019104004 -2.5
v 29.987865447998047 57.269561767578125 -2.5
v 29.949916839599609 57.545890808105469 -2.5
v 29.884197235107422 57.825473785400391 -2.5
v 29.789365768432617 58.104282379150391 -2.5
v 29.664852142333984 58.377883911132812 -2.5
v 29.510986328125 58.641628265380859 -2.5
v 29.329059600830078 58.890895843505859 -2.5
v 29.121320724487305 59.121318817138672 -2.5
v 28.890893936157227 59.329059600830078 -2.5
v 28.641630172729492 59.510986328125 -2.5
v 28.377883911132812 59.664852142333984 -2.5
v 28.104284286499023 59.789363861083984 -2.5
v 27.825473785400391 59.884197235107422 -2.5
v 27.545888900756836 59.949916839599609 -2.5
v 27.269563674926758 59.987865447998047 -2.5
v -26.292892456054688 2 -2.5
v -26.946174621582031 2.1299457550048828 -2.5
v -27.5 2.5 -2.5
v -27.870054244995117 3.0538253784179688 -2.5
v -28 3.7071068286895752 -2.5
v -28 56.292892456054688 -2.5
v -27.870054244995117 56.946174621582031 -2.5
v -27.5 57.5 -2.5
v -26.946174621582031 57.870052337646484 -2.5
v -26.292892456054688 58 -2.5
v 26.292892456054688 58 -2.5
v 26.946174621582031 57.870052337646484 -2.5
v 27.5 57.5 -2.5
v 27.870054244995117 56.946174621582031 -2.5
v 28 56.292892456054688 -2.5
v 28 3.7071068286895752 -2.5
v 27.870054244995117 3.0538253784179688 -2.5
v 27.5 2.5 -2.5
v 26.946174621582031 2.1299457550048828 -2.5
v 26.292892456054688 2 -2.5
v 30 57 -2
v 30 57 -2.25
v 27 60 -2.25
v 30 57 -2.5
v 27 60 -2.5
v 29.987865447998047 57.269561767578125 -2.5
v 29.949916839599609 57.545890808105469 -2.5
v 29.884197235107422 57.825473785400391 -2.5
v 29.789365768432617 58.104282379150391 -2.5
v 29.664852142333984 58.377883911132812 -2.5
v 29.510986328125 58.641628265380859 -2.5
v 29.329059600830078 58.890895843505859 -2.5
v 29.121320724487305 59.121318817138672 -2.5
v 28.890893936157227 59.329059600830078 -2.5
v 28.641630172729492 59.510986328125 -2.5
v 28.377883911132812 59.664852142333984 -2.5
v 28.104284286499023 59.789363861083984 -2.5
v 27.825473785400391 59.884197235107422 -2.5
v 27.545888900756836 59.949916839599609 -2.5
v 27.269563674926758 59.987865447998047 -2.5
v 27 60 -2
v 27.269563674926758 59.987865447998047 -2
v 27.545888900756836 59.949916839599609 -2
v 27.825473785400391 59.884197235107422 -2
v 28.104284286499023 59.789363861083984 -2
v 28.377883911132812 59.664852142333984 -2
v 28.641630172729492 59.510986328125 -2
v 28.890893936157227 59.329059600830078 -2
v 29.121320724487305 59.121318817138672 -2
v 29.329059600830078 58.890895843505859 -2
v 29.510986328125 58.641628265380859 -2
v 29.664852142333984 58.377883911132812 -2
v 29.789365768432617 58.104282379150391 -2
v 29.884197235107422 57.825473785400391 -2
v 29.949916839599609 57.545890808105469 -2
v 29.987865447998047 57.269561767578125 -2
v 29.789365768432617 58.104282379150391 -2.25
v 29.510986328125 58.641628265380859 -2.25
v 29.121320724487305 59.121318817138672 -2.25
v 28.641630172729492 59.510986328125 -2.25
v 28.104284286499023 59.789363861083984 -2.25
v 27.545888900756836 59.949916839599609 -2.25
v -28 3.7071068286895752 -2.5
v -28 3.7071068286895752 -2.375
v -28 3.7071068286895752 -2.25
v -28 3.7071068286895752 -2.125
v -28 3.7071068286895752 -2
v -27.870054244995117 3.0538253784179688 -2.5
v -27.870054244995117 3.0538253784179688 -2.375
v -27.870054244995117 3.0538253784179688 -2.25
v -27.870054244995117 3.0538253784179688 -2.125
v -27.870054244995117 3.0538253784179688 -2
v -27.5 2.5 -2.5
v -27.5 2.5 -2.375
v -27.5 2.5 -2.25
v -27.5 2.5 -2.125
v -27.5 2.5 -2
v -26.946174621582031 2.1299457550048828 -2.5
v -26.946174621582031 2.1299457550048828 -2.375
v -26.946174621582031 2.1299457550048828 -2.25
v -26.946174621582031 2.1299457550048828 -2.125
v -26.946174621582031 2.1299457550048828 -2
v -26.292892456054688 2 -2.5
v -26.292892456054688 2 -2.375
v -26.292892456054688 2 -2.25
v -26.292892456054688 2 -2.125
v -26.292892456054688 2 -2
v -28 56.292892456054688 -2.5
v -28 56.292892456054688 -2
v -28 3.7071068286895752 -2.5
v -28 3.7071068286895752 -2
v -28 3.7071068286895752 -2.375
v -28 3.7071068286895752 -2.25
v -28 3.7071068286895752 -2.125
v -28 56.292892456054688 -2.125
v -28 56.292892456054688 -2.25
v -28 56.292892456054688 -2.375
v -26.292892456054688 58 -2.5
v -26.292892456054688 58 -2.375
v -26.292892456054688 58 -2.25
v -26.292892456054688 58 -2.125
v -26.292892456054688 58 -2
v -26.946174621582031 57.870052337646484 -2.5
v -26.946174621582031 57.870052337646484 -2.375
v -26.946174621582031 57.870052337646484 -2.25
v -26.946174621582031 57.870052337646484 -2.125
v -26.946174621582031 57.870052337646484 -2
v -27.5 57.5 -2.5
v -27.5 57.5 -2.375
v -27.5 57.5 -2.25
v -27.5 57.5 -2.125
v -27.5 57.5 -2
v -27.870054244995117 56.946174621582031 -2.5
v -27.870054244995117 56.946174621582031 -2.375
v -27.870054244995117 56.946174621582031 -2.25
v -27.870054244995117 56.946174621582031 -2.125
v -27.870054244995117 56.946174621582031 -2
v -28 56.292892456054688 -2.5
v -28 56.292892456054688 -2.375
v -28 56.292892456054688 -2.25
v -28 56.292892456054688 -2.125
v -28 56.292892456054688 -2
v 26.292892456054688 58 -2.5
v 26.292892456054688 58 -2
v -26.292892456054688 58 -2.5
v -26.292892456054688 58 -2
v -26.292892456054688 58 -2.375
v -26.292892456054688 58 -2.25
v -26.292892456054688 58 -2.125
v 26.292892456054688 58 -2.125
v 26.292892456054688 58 -2.25
v 26.292892456054688 58 -2.375
v 28 56.292892456054688 -2.5
v 28 56.292892456054688 -2.375
v 28 56.292892456054688 -2.25
v 28 56.292892456054688 -2.125
v 28 56.292892456054688 -2
v 27.870054244995117 56.946174621582031 -2.5
v 27.870054244995117 56.946174621582031 -2.375
v 27.870054244995117 56.946174621582031 -2.25
v 27.870054244995117 56.946174621582031 -2.125
v 27.870054244995117 56.946174621582031 -2
v 27.5 57.5 -2.5
v 27.5 57.5 -2.375
v 27.5 57.5 -2.25
v 27.5 57.5 -2.125
v 27.5 57.5 -2
v 26.946174621582031 57.870052337646484 -2.5
v 26.946174621582031 57.870052337646484 -2.375
v 26.946174621582031 57.870052337646484 -2.25
v 26.946174621582031 57.870052337646484 -2.125
v 26.946174621582031 57.870052337646484 -2
v 26.292892456054688 58 -2.5
v 26.292892456054688 58 -2.375
v 26.292892456054688 58 -2.25
v 26.292892456054688 58 -2.125
v 26.292892456054688 58 -2
v 28 3.7071068286895752 -2.5
v 28 3.7071068286895752 -2
v 28 56.292892456054688 -2.5
v 28 56.292892456054688 -2
v 28 56.292892456054688 -2.375
v 28 56.292892456054688 -2.25
v 28 56.292892456054688 -2.125
v 28 3.7071068286895752 -2.125
v 28 3.7071068286895752 -2.25
v 28 3.7071068286895752 -2.375
v 26.292892456054688 2 -2.5
v 26.292892456054688 2 -2.375
v 26.292892456054688 2 -2.25
v 26.292892456054688 2 -2.125
v 26.292892456054688 2 -2
v 26.946174621582031 2.1299457550048828 -2.5
v 26.946174621582031 2.1299457550048828 -2.375
v 26.946174621582031 2.1299457550048828 -2.25
v 26.946174621582031 2.1299457550048828 -2.125
v 26.946174621582031 2.1299457550048828 -2
v 27.5 2.5 -2.5
v 27.5 2.5 -2.375
v 27.5 2.5 -2.25
v 27.5 2.5 -2.125
v 27.5 2.5 -2
v 27.870054244995117 3.0538253784179688 -2.5
v 27.870054244995117 3.0538253784179688 -2.375
v 27.870054244995117 3.0538253784179688 -2.25
v 27.870054244995117 3.0538253784179688 -2.125
v 27.870054244995117 3.0538253784179688 -2
v 28 3.7071068286895752 -2.5
v 28 3.7071068286895752 -2.375
v 28 3.7071068286895752 -2.25
v 28 3.7071068286895752 -2.125
v 28 3.7071068286895752 -2
v -26.292892456054688 2 -2.5
v -26.292892456054688 2 -2
v 26.292892456054688 2 -2.5
v 26.292892456054688 2 -2
v 26.292892456054688 2 -2.375
v 26.292892456054688 2 -2.25
v 26.292892456054688 2 -2.125
v -26.292892456054688 2 -2.125
v -26.292892456054688 2 -2.25
v -26.292892456054688 2 -2.375
v -30 3 -2.5
v -30 3 -2
v -30 57 -2.5
v -30 57 -2
v -30 57 -2.25
v -30 3 -2.25
v 30 3 -2.5
v 30 57 -2.5
v 30 57 -2
v 30 57 -2.25
v 30 3 -2
v 30 3 -2.25
v -30 57 -2.5
v -27 60 -2.5
v -30 57 -2.25
v -30 57 -2
v -27 60 -2
v -27.269563674926758 59.987865447998047 -2.5
v -27.545888900756836 59.949916839599609 -2.5
v -27.825473785400391 59.884197235107422 -2.5
v -28.104284286499023 59.789363861083984 -2.5
v -28.377883911132812 59.664852142333984 -2.5
v -28.641630172729492 59.510986328125 -2.5
v -28.890893936157227 59.329059600830078 -2.5
v -29.121320724487305 59.121318817138672 -2.5
v -29.329059600830078 58.890895843505859 -2.5
v -29.510986328125 58.641628265380859 -2.5
v -29.664852142333984 58.377883911132812 -2.5
v -29.789365768432617 58.104282379150391 -2.5
v -29.884197235107422 57.825473785400391 -2.5
v -29.949916839599609 57.545890808105469 -2.5
v -29.987865447998047 57.269561767578125 -2.5
v -29.987865447998047 57.269561767578125 -2
v -29.949916839599609 57.545890808105469 -2
v -29.884197235107422 57.825473785400391 -2
v -29.789365768432617 58.104282379150391 -2
v -29.664852142333984 58.377883911132812 -2
v -29.510986328125 58.641628265380859 -2
v -29.329059600830078 58.890895843505859 -2
v -29.121320724487305 59.121318817138672 -2
v -28.890893936157227 59.329059600830078 -2
v -28.641630172729492 59.510986328125 -2
v -28.377883911132812 59.664852142333984 -2
v -28.104284286499023 59.789363861083984 -2
v -27.825473785400391 59.884197235107422 -2
v -27.545888900756836 59.949916839599609 -2
v -27.269563674926758 59.987865447998047 -2
v -29.789365768432617 58.104282379150391 -2.25
v -29.510986328125 58.641628265380859 -2.25
v -29.121320724487305 59.121318817138672 -2.25
v -28.641630172729492 59.510986328125 -2.25
v -28.104284286499023 59.789363861083984 -2.25
v -27.545888900756836 59.949916839599609 -2.25
v -30 3 -2
v -30 3 -2.25
v -27 0 -2.25
v -30 3 -2.5
v -29.121320724487305 0.87867963314056396 -2.5
v -27 0 -2.5
v -29.987865447998047 2.7304368019104004 -2.5
v -29.949916839599609 2.454110860824585 -2.5
v -29.884197235107422 2.174525260925293 -2.5
v -29.789365768432617 1.8957158327102661 -2.5
v -29.664852142333984 1.6221162080764771 -2.5
v -29.510986328125 1.3583707809448242 -2.5
v -29.329059600830078 1.1091055870056152 -2.5
v -28.890893936157227 0.67094045877456665 -2.5
v -28.641630172729492 0.48901346325874329 -2.5
v -28.377883911132812 0.33514797687530518 -2.5
v -28.104284286499023 0.21063509583473206 -2.5
v -27.825473785400391 0.11580312252044678 -2.5
v -27.545888900756836 0.050083894282579422 -2.5
v -27.269563674926758 0.012135273776948452 -2.5
v -27 0 -2
v -27.269563674926758 0.012135273776948452 -2
v -27.545888900756836 0.050083894282579422 -2
v -27.825473785400391 0.11580312252044678 -2
v -28.104284286499023 0.21063509583473206 -2
v -28.377883911132812 0.33514797687530518 -2
v -28.641630172729492 0.48901346325874329 -2
v -28.890893936157227 0.67094045877456665 -2
v -29.121320724487305 0.87867963314056396 -2
v -29.329059600830078 1.1091055870056152 -2
v -29.510986328125 1.3583707809448242 -2
v -29.664852142333984 1.6221162080764771 -2
v -29.789365768432617 1.8957158327102661 -2
v -29.884197235107422 2.174525260925293 -2
v -29.949916839599609 2.454110860824585 -2
v -29.987865447998047 2.7304368019104004 -2
v -29.789365768432617 1.8957158327102661 -2.25
v -29.510986328125 1.3583707809448242 -2.25
v -29.121320724487305 0.87867963314056396 -2.25
v -28.641630172729492 0.48901346325874329 -2.25
v -28.104284286499023 0.21063509583473206 -2.25
v -27.545888900756836 0.050083894282579422 -2.25
v 27 0 -2
v 27 0 -2.25
v 30 3 -2.25
v 27 0 -2.5
v 29.789365768432617 1.8957158327102661 -2.5
v 30 3 -2.5
v 27.269563674926758 0.012135273776948452 -2.5
v 27.545888900756836 0.050083894282579422 -2.5
v 27.825473785400391 0.11580312252044678 -2.5
v 28.104284286499023 0.21063509583473206 -2.5
v 28.377883911132812 0.33514797687530518 -2.5
v 28.641630172729492 0.48901346325874329 -2.5
v 28.890893936157227 0.67094045877456665 -2.5
v 29.121320724487305 0.87867963314056396 -2.5
v 29.329059600830078 1.1091055870056152 -2.5
v 29.510986328125 1.3583707809448242 -2.5
v 29.664852142333984 1.6221162080764771 -2.5
v 29.884197235107422 2.174525260925293 -2.5
v 29.949916839599609 2.454110860824585 -2.5
v 29.987865447998047 2.7304368019104004 -2.5
v 30 3 -2
v 29.987865447998047 2.7304368019104004 -2
v 29.949916839599609 2.454110860824585 -2
v 29.884197235107422 2.174525260925293 -2
v 29.789365768432617 1.8957158327102661 -2
v 29.664852142333984 1.6221162080764771 -2
v 29.510986328125 1.3583707809448242 -2
v 29.329059600830078 1.1091055870056152 -2
v 29.121320724487305 0.87867963314056396 -2
v 28.890893936157227 0.67094045877456665 -2
v 28.641630172729492 0.48901346325874329 -2
v 28.377883911132812 0.33514797687530518 -2
v 28.104284286499023 0.21063509583473206 -2
v 27.825473785400391 0.11580312252044678 -2
v 27.545888900756836 0.050083894282579422 -2
v 27.269563674926758 0.012135273776948452 -2
v 28.104284286499023 0.21063509583473206 -2.25
v 28.641630172729492 0.48901346325874329 -2.25
v 29.121320724487305 0.87867963314056396 -2.25
v 29.510986328125 1.3583707809448242 -2.25
v 29.789365768432617 1.8957158327102661 -2.25
v 29.949916839599609 2.454110860824585 -2.25
v -28 3.7071068286895752 -2
v -27.870054244995117 3.0538253784179688 -2
v -27.5 2.5 -2
v -26.946174621582031 2.1299457550048828 -2
v -26.292892456054688 2 -2
v -28 56.292892456054688 -2
v -26.292892456054688 58 -2
v -26.946174621582031 57.870052337646484 -2
v -27.5 57.5 -2
v -27.870054244995117 56.946174621582031 -2
v 26.292892456054688 58 -2
v 28 56.292892456054688 -2
v 27.870054244995117 56.946174621582031 -2
v 27.5 57.5 -2
v 26.946174621582031 57.870052337646484 -2
v 28 3.7071068286895752 -2
v 26.292892456054688 2 -2
v 26.946174621582031 2.1299457550048828 -2
v 27.5 2.5 -2
v 27.870054244995117 3.0538253784179688 -2
v -30 3 -2
v -30 57 -2
v 27 0 -2
v -27 0 -2
v 30 57 -2
v 30 3 -2
v -27 60 -2
v 27 60 -2
v -29.987865447998047 57.269561767578125 -2
v -29.949916839599609 57.545890808105469 -2
v -29.884197235107422 57.825473785400391 -2
v -29.789365768432617 58.104282379150391 -2
v -29.664852142333984 58.377883911132812 -2
v -29.510986328125 58.641628265380859 -2
v -29.329059600830078 58.890895843505859 -2
v -29.121320724487305 59.121318817138672 -2
v -28.890893936157227 59.329059600830078 -2
v -28.641630172729492 59.510986328125 -2
v -28.377883911132812 59.664852142333984 -2
v -28.104284286499023 59.789363861083984 -2
v -27.825473785400391 59.884197235107422 -2
v -27.545888900756836 59.949916839599609 -2
v -27.269563674926758 59.987865447998047 -2
v -27.269563674926758 0.012135273776948452 -2
v -27.545888900756836 0.050083894282579422 -2
v -27.825473785400391 0.11580312252044678 -2
v -28.104284286499023 0.21063509583473206 -2
v -28.377883911132812 0.33514797687530518 -2
v -28.641630172729492 0.48901346325874329 -2
v -28.890893936157227 0.67094045877456665 -2
v -29.121320724487305 0.87867963314056396 -2
v -29.329059600830078 1.1091055870056152 -2
v -29.510986328125 1.3583707809448242 -2
v -29.664852142333984 1.6221162080764771 -2
v -29.789365768432617 1.8957158327102661 -2
v -29.884197235107422 2.174525260925293 -2
v -29.949916839599609 2.454110860824585 -2
v -29.987865447998047 2.7304368019104004 -2
v 29.987865447998047 2.7304368019104004 -2
v 29.949916839599609 2.454110860824585 -2
v 29.884197235107422 2.174525260925293 -2
v 29.789365768432617 1.8957158327102661 -2
v 29.664852142333984 1.6221162080764771 -2
v 29.510986328125 1.3583707809448242 -2
v 29.329059600830078 1.1091055870056152 -2
v 29.121320724487305 0.87867963314056396 -2
v 28.890893936157227 0.67094045877456665 -2
v 28.641630172729492 0.48901346325874329 -2
v 28.377883911132812 0.33514797687530518 -2
v 28.104284286499023 0.21063509583473206 -2
v 27.825473785400391 0.11580312252044678 -2
v 27.545888900756836 0.050083894282579422 -2
v 27.269563674926758 0.012135273776948452 -2
v 27.269563674926758 59.987865447998047 -2
v 27.545888900756836 59.949916839599609 -2
v 27.825473785400391 59.884197235107422 -2
v 28.104284286499023 59.789363861083984 -2
v 28.377883911132812 59.664852142333984 -2
v 28.641630172729492 59.510986328125 -2
v 28.890893936157227 59.329059600830078 -2
v 29.121320724487305 59.121318817138672 -2
v 29.329059600830078 58.890895843505859 -2
v 29.510986328125 58.641628265380859 -2
v 29.664852142333984 58.377883911132812 -2
v 29.789365768432617 58.104282379150391 -2
v 29.884197235107422 57.825473785400391 -2
v 29.949916839599609 57.545890808105469 -2
v 29.987865447998047 57.269561767578125 -2
vt 0.0041666668839752674 0
vt 0 0
vt 0.0041666668839752674 0.44999998807907104
vt 0 0.44999998807907104
vt 0.0020833334419876337 0
vt 0.0020833334419876337 0.44999998807907104
vt 0.066666670143604279 0
vt 0.066666670143604279 0.44999998807907104
vt 0.0625 0.44999998807907104
vt 0.0625 0
vt 0.064583331346511841 0
vt 0.56666666269302368 0.02492675743997097
vt 0.56666666269302368 0.47360840439796448
vt 0.54166668653488159 0.49853515625
vt 0.091666676104068756 0.49853515625
vt 0.066666670143604279 0.47360840439796448
vt 0.066666670143604279 0.02492675743997097
vt 0.091666676104068756 0
vt 0.54166668653488159 0
vt 0.54391300678253174 0.0001008254403132014
vt 0.54621577262878418 0.00041614711517468095
vt 0.54854559898376465 0.0009621992358006537
vt 0.55086904764175415 0.0017501531401649117
vt 0.55314904451370239 0.0027847208548337221
vt 0.55534690618515015 0.0040631778538227081
vt 0.55742412805557251 0.0055747940205037594
vt 0.55934435129165649 0.00730088260024786
vt 0.56107550859451294 0.0092154722660779953
vt 0.562591552734375 0.011286595836281776
vt 0.5638737678527832 0.013478034175932407
vt 0.5649113655090332 0.015751350671052933
vt 0.56570166349411011 0.01806795597076416
vt 0.5662493109703064 0.020391007885336876
vt 0.56656557321548462 0.022686978802084923
vt 0.56656557321548462 0.47584819793701172
vt 0.5662493109703064 0.47814413905143738
vt 0.56570166349411011 0.48046720027923584
vt 0.5649113655090332 0.48278379440307617
vt 0.5638737678527832 0.48505711555480957
vt 0.562591552734375 0.48724856972694397
vt 0.56107550859451294 0.48931968212127686
vt 0.55934435129165649 0.49123427271842957
vt 0.55742412805557251 0.4929603636264801
vt 0.55534690618515015 0.49447199702262878
vt 0.55314904451370239 0.49575045704841614
vt 0.55086904764175415 0.49678501486778259
vt 0.54854559898376465 0.49757295846939087
vt 0.54621577262878418 0.49811899662017822
vt 0.54391300678253174 0.49843433499336243
vt 0.089420296251773834 0.49843433499336243
vt 0.087117590010166168 0.49811899662017822
vt 0.084787704050540924 0.49757295846939087
vt 0.082464314997196198 0.49678501486778259
vt 0.080184318125247955 0.49575045704841614
vt 0.077986426651477814 0.49447199702262878
vt 0.075909234583377838 0.4929603636264801
vt 0.073989011347293854 0.49123427271842957
vt 0.072257854044437408 0.48931968212127686
vt 0.07074178010225296 0.48724856972694397
vt 0.069459564983844757 0.48505711555480957
vt 0.068421967327594757 0.48278379440307617
vt 0.06763169914484024 0.48046720027923584
vt 0.067084051668643951 0.47814413905143738
vt 0.066767789423465729 0.47584819793701172
vt 0.066767789423465729 0.022686978802084923
vt 0.067084051668643951 0.020391007885336876
vt 0.06763169914484024 0.01806795597076416
vt 0.068421967327594757 0.015751350671052933
vt 0.069459564983844757 0.013478034175932407
vt 0.07074178010225296 0.011286595836281776
vt 0.072257854044437408 0.0092154722660779953
vt 0.073989011347293854 0.00730088260024786
vt 0.075909234583377838 0.0055747940205037594
vt 0.077986426651477814 0.0040631778538227081
vt 0.080184318125247955 0.0027847208548337221
vt 0.082464314997196198 0.0017501531401649117
vt 0.084787704050540924 0.0009621992358006537
vt 0.087117590010166168 0.00041614711517468095
vt 0.089420296251773834 0.0001008254403132014
vt 0.5357741117477417 0.48191729187965393
vt 0.541218101978302 0.4808376133441925
vt 0.54583334922790527 0.4777628481388092
vt 0.54891711473464966 0.47316119074821472
vt 0.55000001192092896 0.46773311495780945
vt 0.55000001192092896 0.030802050605416298
vt 0.54891711473464966 0.025373987853527069
vt 0.54583334922790527 0.02077229879796505
vt 0.541218101978302 0.017697546631097794
vt 0.5357741117477417 0.016617840155959129
vt 0.097559221088886261 0.016617840155959129
vt 0.092115201056003571 0.017697546631097794
vt 0.087500013411045074 0.02077229879796505
vt 0.084416218101978302 0.025373987853527069
vt 0.083333350718021393 0.030802050605416298
vt 0.083333350718021393 0.46773311495780945
vt 0.084416218101978302 0.47316119074821472
vt 0.087500013411045074 0.4777628481388092
vt 0.092115201056003571 0.4808376133441925
vt 0.097559221088886261 0.48191729187965393
vt 0.05416666716337204 0
vt 0.056249998509883881 0
vt 0.056249998509883881 0.039157211780548096
vt 0.05833333358168602 0
vt 0.05833333358168602 0.039157211780548096
vt 0.05833333358168602 0.002447325736284256
vt 0.05833333358168602 0.004894651472568512
vt 0.05833333358168602 0.0073419767431914806
vt 0.05833333358168602 0.0097893029451370239
vt 0.05833333358168602 0.012236627750098705
vt 0.05833333358168602 0.014683953486382961
vt 0.05833333358168602 0.017131280153989792
vt 0.05833333358168602 0.019578605890274048
vt 0.05833333358168602 0.022025931626558304
vt 0.05833333358168602 0.024473255500197411
vt 0.05833333358168602 0.026920581236481667
vt 0.05833333358168602 0.029367906972765923
vt 0.05833333358168602 0.031815234571695328
vt 0.05833333358168602 0.034262560307979584
vt 0.05833333358168602 0.03670988604426384
vt 0.05416666716337204 0.039157211780548096
vt 0.05416666716337204 0.03670988604426384
vt 0.05416666716337204 0.034262560307979584
vt 0.05416666716337204 0.031815234571695328
vt 0.05416666716337204 0.029367906972765923
vt 0.05416666716337204 0.026920581236481667
vt 0.05416666716337204 0.024473255500197411
vt 0.05416666716337204 0.022025931626558304
vt 0.05416666716337204 0.019578605890274048
vt 0.05416666716337204 0.017131280153989792
vt 0.05416666716337204 0.014683953486382961
vt 0.05416666716337204 0.012236627750098705
vt 0.05416666716337204 0.0097893029451370239
vt 0.05416666716337204 0.0073419767431914806
vt 0.05416666716337204 0.004894651472568512
vt 0.05416666716337204 0.002447325736284256
vt 0.056249998509883881 0.0097893029451370239
vt 0.056249998509883881 0.014683953486382961
vt 0.056249998509883881 0.019578605890274048
vt 0.056249998509883881 0.024473255500197411
vt 0.056249998509883881 0.029367906972765923
vt 0.056249998509883881 0.034262560307979584
vt 0.033333335071802139 0
vt 0.03229166567325592 0
vt 0.03125 0
vt 0.03020833246409893 0
vt 0.02916666679084301 0
vt 0.033333335071802139 0.0055504948832094669
vt 0.03229166567325592 0.0055504948832094669
vt 0.03125 0.0055504948832094669
vt 0.03020833246409893 0.0055504948832094669
vt 0.02916666679084301 0.0055504948832094669
vt 0.033333335071802139 0.011100989766418934
vt 0.03229166567325592 0.011100989766418934
vt 0.03125 0.011100989766418934
vt 0.03020833246409893 0.011100989766418934
vt 0.02916666679084301 0.011100989766418934
vt 0.033333335071802139 0.016651485115289688
vt 0.03229166567325592 0.016651485115289688
vt 0.03125 0.016651485115289688
vt 0.03020833246409893 0.016651485115289688
vt 0.02916666679084301 0.016651485115289688
vt 0.033333335071802139 0.022201979532837868
vt 0.03229166567325592 0.022201979532837868
vt 0.03125 0.022201979532837868
vt 0.03020833246409893 0.022201979532837868
vt 0.02916666679084301 0.022201979532837868
vt 0.02500000037252903 0
vt 0.02083333395421505 0
vt 0.02500000037252903 0.43821489810943604
vt 0.02083333395421505 0.43821489810943604
vt 0.02395833283662796 0.43821489810943604
vt 0.02291666716337204 0.43821489810943604
vt 0.02187499962747097 0.43821489810943604
vt 0.02187499962747097 0
vt 0.02291666716337204 0
vt 0.02395833283662796 0
vt 0.037500001490116119 0
vt 0.036458332091569901 0
vt 0.03541666641831398 0
vt 0.03437500074505806 0
vt 0.033333335071802139 0
vt 0.037500001490116119 0.0055504948832094669
vt 0.036458332091569901 0.0055504948832094669
vt 0.03541666641831398 0.0055504948832094669
vt 0.03437500074505806 0.0055504948832094669
vt 0.033333335071802139 0.0055504948832094669
vt 0.037500001490116119 0.011100989766418934
vt 0.036458332091569901 0.011100989766418934
vt 0.03541666641831398 0.011100989766418934
vt 0.03437500074505806 0.011100989766418934
vt 0.033333335071802139 0.011100989766418934
vt 0.037500001490116119 0.016651485115289688
vt 0.036458332091569901 0.016651485115289688
vt 0.03541666641831398 0.016651485115289688
vt 0.03437500074505806 0.016651485115289688
vt 0.033333335071802139 0.016651485115289688
vt 0.037500001490116119 0.022201979532837868
vt 0.036458332091569901 0.022201979532837868
vt 0.03541666641831398 0.022201979532837868
vt 0.03437500074505806 0.022201979532837868
vt 0.033333335071802139 0.022201979532837868
vt 0.02083333395421505 0
vt 0.01666666753590107 0
vt 0.02083333395421505 0.43821489810943604
vt 0.01666666753590107 0.43821489810943604
vt 0.01979166641831398 0.43821489810943604
vt 0.01875000074505806 0.43821489810943604
vt 0.01770833320915699 0.43821489810943604
vt 0.01770833320915699 0
vt 0.01875000074505806 0
vt 0.01979166641831398 0
vt 0.02916666679084301 0
vt 0.02812499925494194 0
vt 0.02708333358168602 0
vt 0.02604166604578495 0
vt 0.02500000037252903 0
vt 0.02916666679084301 0.0055504948832094669
vt 0.02812499925494194 0.0055504948832094669
vt 0.02708333358168602 0.0055504948832094669
vt 0.02604166604578495 0.0055504948832094669
vt 0.02500000037252903 0.0055504948832094669
vt 0.02916666679084301 0.011100989766418934
vt 0.02812499925494194 0.011100989766418934
vt 0.02708333358168602 0.011100989766418934
vt 0.02604166604578495 0.011100989766418934
vt 0.02500000037252903 0.011100989766418934
vt 0.02916666679084301 0.016651485115289688
vt 0.02812499925494194 0.016651485115289688
vt 0.02708333358168602 0.016651485115289688
vt 0.02604166604578495 0.016651485115289688
vt 0.02500000037252903 0.016651485115289688
vt 0.02916666679084301 0.022201979532837868
vt 0.02812499925494194 0.022201979532837868
vt 0.02708333358168602 0.022201979532837868
vt 0.02604166604578495 0.022201979532837868
vt 0.02500000037252903 0.022201979532837868
vt 0.01666666753590107 0
vt 0.012500000186264515 0
vt 0.01666666753590107 0.43821489810943604
vt 0.012500000186264515 0.43821489810943604
vt 0.015625 0.43821489810943604
vt 0.014583333395421505 0.43821489810943604
vt 0.01354166679084301 0.43821489810943604
vt 0.01354166679084301 0
vt 0.014583333395421505 0
vt 0.015625 0
vt 0.041666667908430099 0
vt 0.040624998509883881 0
vt 0.03958333283662796 0
vt 0.03854166716337204 0
vt 0.037500001490116119 0
vt 0.041666667908430099 0.0055504948832094669
vt 0.040624998509883881 0.0055504948832094669
vt 0.03958333283662796 0.0055504948832094669
vt 0.03854166716337204 0.0055504948832094669
vt 0.037500001490116119 0.0055504948832094669
vt 0.041666667908430099 0.011100989766418934
vt 0.040624998509883881 0.011100989766418934
vt 0.03958333283662796 0.011100989766418934
vt 0.03854166716337204 0.011100989766418934
vt 0.037500001490116119 0.011100989766418934
vt 0.041666667908430099 0.016651485115289688
vt 0.040624998509883881 0.016651485115289688
vt 0.03958333283662796 0.016651485115289688
vt 0.03854166716337204 0.016651485115289688
vt 0.037500001490116119 0.016651485115289688
vt 0.041666667908430099 0.022201979532837868
vt 0.040624998509883881 0.022201979532837868
vt 0.03958333283662796 0.022201979532837868
vt 0.03854166716337204 0.022201979532837868
vt 0.037500001490116119 0.022201979532837868
vt 0.012500000186264515 0
vt 0.0083333337679505348 0
vt 0.012500000186264515 0.43821489810943604
vt 0.0083333337679505348 0.43821489810943604
vt 0.01145833358168602 0.43821489810943604
vt 0.010416666977107525 0.43821489810943604
vt 0.0093750003725290298 0.43821489810943604
vt 0.0093750003725290298 0
vt 0.010416666977107525 0
vt 0.01145833358168602 0
vt 0.0625 0.44999998807907104
vt 0.05833333358168602 0.44999998807907104
vt 0.0625 0
vt 0.05833333358168602 0
vt 0.060416664928197861 0
vt 0.060416664928197861 0.44999998807907104
vt 0.0083333337679505348 0
vt 0.0083333337679505348 0.44999998807907104
vt 0.0041666668839752674 0.44999998807907104
vt 0.0062500000931322575 0.44999998807907104
vt 0.0041666668839752674 0
vt 0.0062500000931322575 0
vt 0.041666667908430099 0
vt 0.041666667908430099 0.039157211780548096
vt 0.04374999925494194 0
vt 0.04583333432674408 0
vt 0.04583333432674408 0.039157211780548096
vt 0.041666667908430099 0.03670988604426384
vt 0.041666667908430099 0.034262560307979584
vt 0.041666667908430099 0.031815234571695328
vt 0.041666667908430099 0.029367906972765923
vt 0.041666667908430099 0.026920581236481667
vt 0.041666667908430099 0.024473255500197411
vt 0.041666667908430099 0.022025931626558304
vt 0.041666667908430099 0.019578605890274048
vt 0.041666667908430099 0.017131280153989792
vt 0.041666667908430099 0.014683953486382961
vt 0.041666667908430099 0.012236627750098705
vt 0.041666667908430099 0.0097893029451370239
vt 0.041666667908430099 0.0073419767431914806
vt 0.041666667908430099 0.004894651472568512
vt 0.041666667908430099 0.002447325736284256
vt 0.04583333432674408 0.002447325736284256
vt 0.04583333432674408 0.004894651472568512
vt 0.04583333432674408 0.0073419767431914806
vt 0.04583333432674408 0.0097893029451370239
vt 0.04583333432674408 0.012236627750098705
vt 0.04583333432674408 0.014683953486382961
vt 0.04583333432674408 0.017131280153989792
vt 0.04583333432674408 0.019578605890274048
vt 0.04583333432674408 0.022025931626558304
vt 0.04583333432674408 0.024473255500197411
vt 0.04583333432674408 0.026920581236481667
vt 0.04583333432674408 0.029367906972765923
vt 0.04583333432674408 0.031815234571695328
vt 0.04583333432674408 0.034262560307979584
vt 0.04583333432674408 0.03670988604426384
vt 0.04374999925494194 0.0097893029451370239
vt 0.04374999925494194 0.014683953486382961
vt 0.04374999925494194 0.019578605890274048
vt 0.04374999925494194 0.024473255500197411
vt 0.04374999925494194 0.029367906972765923
vt 0.04374999925494194 0.034262560307979584
vt 0.04583333432674408 0
vt 0.04791666567325592 0
vt 0.04791666567325592 0.039157211780548096
vt 0.05000000074505806 0
vt 0.05000000074505806 0.019578605890274048
vt 0.05000000074505806 0.039157211780548096
vt 0.05000000074505806 0.002447325736284256
vt 0.05000000074505806 0.004894651472568512
vt 0.05000000074505806 0.0073419767431914806
vt 0.05000000074505806 0.0097893029451370239
vt 0.05000000074505806 0.012236627750098705
vt 0.05000000074505806 0.014683953486382961
vt 0.05000000074505806 0.017131280153989792
vt 0.05000000074505806 0.022025931626558304
vt 0.05000000074505806 0.024473255500197411
vt 0.05000000074505806 0.026920581236481667
vt 0.05000000074505806 0.029367906972765923
vt 0.05000000074505806 0.031815234571695328
vt 0.05000000074505806 0.034262560307979584
vt 0.05000000074505806 0.03670988604426384
vt 0.04583333432674408 0.039157211780548096
vt 0.04583333432674408 0.03670988604426384
vt 0.04583333432674408 0.034262560307979584
vt 0.04583333432674408 0.031815234571695328
vt 0.04583333432674408 0.029367906972765923
vt 0.04583333432674408 0.026920581236481667
vt 0.04583333432674408 0.024473255500197411
vt 0.04583333432674408 0.022025931626558304
vt 0.04583333432674408 0.019578605890274048
vt 0.04583333432674408 0.017131280153989792
vt 0.04583333432674408 0.014683953486382961
vt 0.04583333432674408 0.012236627750098705
vt 0.04583333432674408 0.0097893029451370239
vt 0.04583333432674408 0.0073419767431914806
vt 0.04583333432674408 0.004894651472568512
vt 0.04583333432674408 0.002447325736284256
vt 0.04791666567325592 0.0097893029451370239
vt 0.04791666567325592 0.014683953486382961
vt 0.04791666567325592 0.019578605890274048
vt 0.04791666567325592 0.024473255500197411
vt 0.04791666567325592 0.029367906972765923
vt 0.04791666567325592 0.034262560307979584
vt 0.05000000074505806 0
vt 0.052083332091569901 0
vt 0.052083332091569901 0.039157211780548096
vt 0.05416666716337204 0
vt 0.05416666716337204 0.029367906972765923
vt 0.05416666716337204 0.039157211780548096
vt 0.05416666716337204 0.002447325736284256
vt 0.05416666716337204 0.004894651472568512
vt 0.05416666716337204 0.0073419767431914806
vt 0.05416666716337204 0.0097893029451370239
vt 0.05416666716337204 0.012236627750098705
vt 0.05416666716337204 0.014683953486382961
vt 0.05416666716337204 0.017131280153989792
vt 0.05416666716337204 0.019578605890274048
vt 0.05416666716337204 0.022025931626558304
vt 0.05416666716337204 0.024473255500197411
vt 0.05416666716337204 0.026920581236481667
vt 0.05416666716337204 0.031815234571695328
vt 0.05416666716337204 0.034262560307979584
vt 0.05416666716337204 0.03670988604426384
vt 0.05000000074505806 0.039157211780548096
vt 0.05000000074505806 0.03670988604426384
vt 0.05000000074505806 0.034262560307979584
vt 0.05000000074505806 0.031815234571695328
vt 0.05000000074505806 0.029367906972765923
vt 0.05000000074505806 0.026920581236481667
vt 0.05000000074505806 0.024473255500197411
vt 0.05000000074505806 0.022025931626558304
vt 0.05000000074505806 0.019578605890274048
vt 0.05000000074505806 0.017131280153989792
vt 0.05000000074505806 0.014683953486382961
vt 0.05000000074505806 0.012236627750098705
vt 0.05000000074505806 0.0097893029451370239
vt 0.05000000074505806 0.0073419767431914806
vt 0.05000000074505806 0.004894651472568512
vt 0.05000000074505806 0.002447325736284256
vt 0.052083332091569901 0.0097893029451370239
vt 0.052083332091569901 0.014683953486382961
vt 0.052083332091569901 0.019578605890274048
vt 0.052083332091569901 0.024473255500197411
vt 0.052083332091569901 0.029367906972765923
vt 0.052083332091569901 0.034262560307979584
vt 0.55276185274124146 0.53080207109451294
vt 0.55168211460113525 0.52537399530410767
vt 0.54860717058181763 0.52077227830886841
vt 0.54400527477264404 0.51769757270812988
vt 0.53857696056365967 0.51661783456802368
vt 0.55276185274124146 0.96773308515548706
vt 0.53857696056365967 0.98191732168197632
vt 0.54400527477264404 0.98083758354187012
vt 0.54860717058181763 0.97776287794113159
vt 0.55168211460113525 0.97316116094589233
vt 0.10162486135959625 0.98191732168197632
vt 0.087439961731433868 0.96773308515548706
vt 0.088519729673862457 0.97316116094589233
vt 0.091594628989696503 0.97776287794113159
vt 0.096196539700031281 0.98083758354187012
vt 0.087439961731433868 0.53080207109451294
vt 0.10162486135959625 0.51661783456802368
vt 0.096196539700031281 0.51769757270812988
vt 0.091594628989696503 0.52077227830886841
vt 0.088519729673862457 0.52537399530410767
vt 0.56938052177429199 0.52492678165435791
vt 0.56938052177429199 0.97360837459564209
vt 0.095749281346797943 0.5
vt 0.54445254802703857 0.5
vt 0.070821322500705719 0.97360837459564209
vt 0.070821322500705719 0.52492678165435791
vt 0.54445254802703857 0.99853515625
vt 0.095749281346797943 0.99853515625
vt 0.56927967071533203 0.97584819793701172
vt 0.56896436214447021 0.97814416885375977
vt 0.56841826438903809 0.98046720027923584
vt 0.56763029098510742 0.98278379440307617
vt 0.56659567356109619 0.98505711555480957
vt 0.56531709432601929 0.98724853992462158
vt 0.56380546092987061 0.98931968212127686
vt 0.56207925081253052 0.99123424291610718
vt 0.56016457080841064 0.99296033382415771
vt 0.5580933690071106 0.9944719672203064
vt 0.55590182542800903 0.99575042724609375
vt 0.55362838506698608 0.99678498506546021
vt 0.5513116717338562 0.99757295846939087
vt 0.54898852109909058 0.998119056224823
vt 0.54669243097305298 0.99843430519104004
vt 0.54669243097305298 0.50010085105895996
vt 0.54898852109909058 0.50041615962982178
vt 0.5513116717338562 0.50096219778060913
vt 0.55362838506698608 0.50175017118453979
vt 0.55590182542800903 0.50278472900390625
vt 0.5580933690071106 0.5040631890296936
vt 0.56016457080841064 0.50557476282119751
vt 0.56207925081253052 0.50730085372924805
vt 0.56380546092987061 0.50921547412872314
vt 0.56531709432601929 0.51128661632537842
vt 0.56659567356109619 0.51347804069519043
vt 0.56763029098510742 0.51575136184692383
vt 0.56841826438903809 0.51806795597076416
vt 0.56896436214447021 0.52039098739624023
vt 0.56927967071533203 0.52268695831298828
vt 0.070922166109085083 0.52268695831298828
vt 0.071237489581108093 0.52039098739624023
vt 0.071783572435379028 0.51806795597076416
vt 0.072571560740470886 0.51575136184692383
vt 0.073606178164482117 0.51347804069519043
vt 0.074884697794914246 0.51128661632537842
vt 0.076396383345127106 0.50921547412872314
vt 0.078122556209564209 0.50730085372924805
vt 0.080037236213684082 0.50557476282119751
vt 0.082108460366725922 0.5040631890296936
vt 0.084300011396408081 0.50278472900390625
vt 0.086573436856269836 0.50175017118453979
vt 0.088890150189399719 0.50096219778060913
vt 0.091213315725326538 0.50041615962982178
vt 0.093509398400783539 0.50010085105895996
vt 0.093509398400783539 0.99843430519104004
vt 0.091213315725326538 0.998119056224823
vt 0.088890150189399719 0.99757295846939087
vt 0.086573436856269836 0.99678498506546021
vt 0.084300011396408081 0.99575042724609375
vt 0.082108460366725922 0.9944719672203064
vt 0.080037236213684082 0.99296033382415771
vt 0.078122556209564209 0.99123424291610718
vt 0.076396383345127106 0.98931968212127686
vt 0.074884697794914246 0.98724853992462158
vt 0.073606178164482117 0.98505711555480957
vt 0.072571560740470886 0.98278379440307617
vt 0.071783572435379028 0.98046720027923584
vt 0.071237489581108093 0.97814416885375977
vt 0.070922166109085083 0.97584819793701172
vn 0 -1 0
vn 0 -1 0
vn 0 -1 0
vn 0 -1 0
vn 0 -1 0
vn 0 -1 0
vn 0 1 0
vn 0 1 0
vn 0 1 0
vn 0 1 0
vn 0 1 0
vn 0 0 -1
vn 0 0 -1
vn 0 0 -1
vn 0 0 -1
vn 0 0 -1
vn 0 0 -1
vn 0 0 -1
vn 0 0 -1
vn 0 0 -1
vn 0 0 -1
vn 0 0 -1
vn 0 0 -1
vn 0 0 -1
vn 0 0 -1
vn 0 0 -1
vn 0 0 -1
vn 0 0 -1
vn 0 0 -1
vn 0 0 -1
vn 0 0 -1
vn 0 0 -1
vn 0 0 -1
vn 0 0 -1
vn 0 0 -1
vn 0 0 -1
vn 0 0 -1
vn 0 0 -1
vn 0 0 -1
vn 0 0 -1
vn 0 0 -1
vn 0 0 -1
vn 0 0 -1
vn 0 0 -1
vn 0 0 -1
vn 0 0 -1
vn 0 0 -1
vn 0 0 -1
vn 0 0 -1
vn 0 0 -1
vn 0 0 -1
vn 0 0 -1
vn 0 0 -1
vn 0 0 -1
vn 0 0 -1
vn 0 0 -1
vn 0 0 -1
vn 0 0 -1
vn 0 0 -1
vn 0 0 -1
vn 0 0 -1
vn 0 0 -1
vn 0 0 -1
vn 0 0 -1
vn 0 0 -1
vn 0 0 -1
vn 0 0 -1
vn 0 0 -1
vn 0 0 -1
vn 0 0 -1
vn 0 0 -1
vn 0 0 -1
vn 0 0 -1
vn 0 0 -1
vn 0 0 -1
vn 0 0 -1
vn 0 0 -1
vn 0 0 -1
vn 0 0 -1
vn 0 0 -1
vn 0 0 -1
vn 0 0 -1
vn 0 0 -1
vn 0 0 -1
vn 0 0 -1
vn 0 0 -1
vn 0 0 -1
vn 0 0 -1
vn 0 0 -1
vn 0 0 -1
vn 0 0 -1
vn 0 0 -1
vn 0 0 -1
vn 0 0 -1
vn 0 0 -1
vn 0 0 -1
vn 0 0 -1
vn 0 0 -1
vn 0 0 -1
vn 1 0 0
vn 1 0 0
vn 0 1 0
vn 1 0 0
vn 0 1 0
vn 0.99595493078231812 0.089854441583156586 0
vn 0.98330539464950562 0.18196305632591248 0
vn 0.96139895915985107 0.27515822649002075 0
vn 0.92978829145431519 0.36809471249580383 0
vn 0.88828402757644653 0.45929458737373352 0
vn 0.83699548244476318 0.54720973968505859 0
vn 0.77635318040847778 0.63029813766479492 0
vn 0.70710676908493042 0.70710676908493042 0
vn 0.63029813766479492 0.77635318040847778 0
vn 0.54720973968505859 0.83699548244476318 0
vn 0.45929458737373352 0.88828402757644653 0
vn 0.36809471249580383 0.92978829145431519 0
vn 0.27515822649002075 0.96139895915985107 0
vn 0.18196305632591248 0.98330539464950562 0
vn 0.089854441583156586 0.99595493078231812 0
vn 0 1 0
vn 0.089854441583156586 0.99595493078231812 0
vn 0.18196305632591248 0.98330539464950562 0
vn 0.27515822649002075 0.96139895915985107 0
vn 0.36809471249580383 0.92978829145431519 0
vn 0.45929458737373352 0.88828402757644653 0
vn 0.54720973968505859 0.83699548244476318 0
vn 0.63029813766479492 0.77635318040847778 0
vn 0.70710676908493042 0.70710676908493042 0
vn 0.77635318040847778 0.63029813766479492 0
vn 0.83699548244476318 0.54720973968505859 0
vn 0.88828402757644653 0.45929458737373352 0
vn 0.92978829145431519 0.36809471249580383 0
vn 0.96139895915985107 0.27515822649002075 0
vn 0.98330539464950562 0.18196305632591248 0
vn 0.99595493078231812 0.089854441583156586 0
vn 0.92978829145431519 0.36809471249580383 0
vn 0.83699548244476318 0.54720973968505859 0
vn 0.70710676908493042 0.70710676908493042 0
vn 0.54720973968505859 0.83699548244476318 0
vn 0.36809471249580383 0.92978829145431519 0
vn 0.18196305632591248 0.98330539464950562 0
vn 1 0 0
vn 1 0 0
vn 1 0 0
vn 1 0 0
vn 1 0 0
vn 0.92387950420379639 0.38268342614173889 0
vn 0.92387950420379639 0.38268342614173889 0
vn 0.92387950420379639 0.38268342614173889 0
vn 0.92387950420379639 0.38268342614173889 0
vn 0.92387950420379639 0.38268342614173889 0
vn 0.70710676908493042 0.70710676908493042 0
vn 0.70710676908493042 0.70710676908493042 0
vn 0.70710676908493042 0.70710676908493042 0
vn 0.70710676908493042 0.70710676908493042 0
vn 0.70710676908493042 0.70710676908493042 0
vn 0.38268342614173889 0.92387950420379639 0
vn 0.38268342614173889 0.92387950420379639 0
vn 0.38268342614173889 0.92387950420379639 0
vn 0.38268342614173889 0.92387950420379639 0
vn 0.38268342614173889 0.92387950420379639 0
vn 0 1 0
vn 0 1 0
vn 0 1 0
vn 0 1 0
vn 0 1 0
vn 1 0 0
vn 1 0 0
vn 1 0 0
vn 1 0 0
vn 1 0 0
vn 1 0 0
vn 1 0 0
vn 1 0 0
vn 1 0 0
vn 1 0 0
vn 0 -1 0
vn 0 -1 0
vn 0 -1 0
vn 0 -1 0
vn 0 -1 0
vn 0.38268342614173889 -0.92387950420379639 0
vn 0.38268342614173889 -0.92387950420379639 0
vn 0.38268342614173889 -0.92387950420379639 0
vn 0.38268342614173889 -0.92387950420379639 0
vn 0.38268342614173889 -0.92387950420379639 0
vn 0.70710676908493042 -0.70710676908493042 0
vn 0.70710676908493042 -0.70710676908493042 0
vn 0.70710676908493042 -0.70710676908493042 0
vn 0.70710676908493042 -0.70710676908493042 0
vn 0.70710676908493042 -0.70710676908493042 0
vn 0.92387950420379639 -0.38268342614173889 0
vn 0.92387950420379639 -0.38268342614173889 0
vn 0.92387950420379639 -0.38268342614173889 0
vn 0.92387950420379639 -0.38268342614173889 0
vn 0.92387950420379639 -0.38268342614173889 0
vn 1 0 0
vn 1 0 0
vn 1 0 0
vn 1 0 0
vn 1 0 0
vn 0 -1 0
vn 0 -1 0
vn 0 -1 0
vn 0 -1 0
vn 0 -1 0
vn 0 -1 0
vn 0 -1 0
vn 0 -1 0
vn 0 -1 0
vn 0 -1 0
vn -1 0 0
vn -1 0 0
vn -1 0 0
vn -1 0 0
vn -1 0 0
vn -0.92387950420379639 -0.38268342614173889 0
vn -0.92387950420379639 -0.38268342614173889 0
vn -0.92387950420379639 -0.38268342614173889 0
vn -0.92387950420379639 -0.38268342614173889 0
vn -0.92387950420379639 -0.38268342614173889 0
vn -0.70710676908493042 -0.70710676908493042 0
vn -0.70710676908493042 -0.70710676908493042 0
vn -0.70710676908493042 -0.70710676908493042 0
vn -0.70710676908493042 -0.70710676908493042 0
vn -0.70710676908493042 -0.70710676908493042 0
vn -0.38268342614173889 -0.92387950420379639 0
vn -0.38268342614173889 -0.92387950420379639 0
vn -0.38268342614173889 -0.92387950420379639 0
vn -0.38268342614173889 -0.92387950420379639 0
vn -0.38268342614173889 -0.92387950420379639 0
vn 0 -1 0
vn 0 -1 0
vn 0 -1 0
vn 0 -1 0
vn 0 -1 0
vn -1 0 0
vn -1 0 0
vn -1 0 0
vn -1 0 0
vn -1 0 0
vn -1 0 0
vn -1 0 0
vn -1 0 0
vn -1 0 0
vn -1 0 0
vn 0 1 0
vn 0 1 0
vn 0 1 0
vn 0 1 0
vn 0 1 0
vn -0.38268342614173889 0.92387950420379639 0
vn -0.38268342614173889 0.92387950420379639 0
vn -0.38268342614173889 0.92387950420379639 0
vn -0.38268342614173889 0.92387950420379639 0
vn -0.38268342614173889 0.92387950420379639 0
vn -0.70710676908493042 0.70710676908493042 0
vn -0.70710676908493042 0.70710676908493042 0
vn -0.70710676908493042 0.70710676908493042 0
vn -0.70710676908493042 0.70710676908493042 0
vn -0.70710676908493042 0.70710676908493042 0
vn -0.92387950420379639 0.38268342614173889 0
vn -0.92387950420379639 0.38268342614173889 0
vn -0.92387950420379639 0.38268342614173889 0
vn -0.92387950420379639 0.38268342614173889 0
vn -0.92387950420379639 0.38268342614173889 0
vn -1 0 0
vn -1 0 0
vn -1 0 0
vn -1 0 0
vn -1 0 0
vn 0 1 0
vn 0 1 0
vn 0 1 0
vn 0 1 0
vn 0 1 0
vn 0 1 0
vn 0 1 0
vn 0 1 0
vn 0 1 0
vn 0 1 0
vn -1 0 0
vn -1 0 0
vn -1 0 0
vn -1 0 0
vn -1 0 0
vn -1 0 0
vn 1 0 0
vn 1 0 0
vn 1 0 0
vn 1 0 0
vn 1 0 0
vn 1 0 0
vn -1 0 0
vn 0 1 0
vn -1 0 0
vn -1 0 0
vn 0 1 0
vn -0.089854441583156586 0.99595493078231812 0
vn -0.18196305632591248 0.98330539464950562 0
vn -0.27515822649002075 0.96139895915985107 0
vn -0.36809471249580383 0.92978829145431519 0
vn -0.45929458737373352 0.88828402757644653 0
vn -0.54720973968505859 0.83699548244476318 0
vn -0.63029813766479492 0.77635318040847778 0
vn -0.70710676908493042 0.70710676908493042 0
vn -0.77635318040847778 0.63029813766479492 0
vn -0.83699548244476318 0.54720973968505859 0
vn -0.88828402757644653 0.45929458737373352 0
vn -0.92978829145431519 0.36809471249580383 0
vn -0.96139895915985107 0.27515822649002075 0
vn -0.98330539464950562 0.18196305632591248 0
vn -0.99595493078231812 0.089854441583156586 0
vn -0.99595493078231812 0.089854441583156586 0
vn -0.98330539464950562 0.18196305632591248 0
vn -0.96139895915985107 0.27515822649002075 0
vn -0.92978829145431519 0.36809471249580383 0
vn -0.88828402757644653 0.45929458737373352 0
vn -0.83699548244476318 0.54720973968505859 0
vn -0.77635318040847778 0.63029813766479492 0
vn -0.70710676908493042 0.70710676908493042 0
vn -0.63029813766479492 0.77635318040847778 0
vn -0.54720973968505859 0.83699548244476318 0
vn -0.45929458737373352 0.88828402757644653 0
vn -0.36809471249580383 0.92978829145431519 0
vn -0.27515822649002075 0.96139895915985107 0
vn -0.18196305632591248 0.98330539464950562 0
vn -0.089854441583156586 0.99595493078231812 0
vn -0.92978829145431519 0.36809471249580383 0
vn -0.83699548244476318 0.54720973968505859 0
vn -0.70710676908493042 0.70710676908493042 0
vn -0.54720973968505859 0.83699548244476318 0
vn -0.36809471249580383 0.92978829145431519 0
vn -0.18196305632591248 0.98330539464950562 0
vn -1 0 0
vn -1 0 0
vn 0 -1 0
vn -1 0 0
vn -0.70710676908493042 -0.70710676908493042 0
vn 0 -1 0
vn -0.99595493078231812 -0.089854441583156586 0
vn -0.98330539464950562 -0.18196305632591248 0
vn -0.96139895915985107 -0.27515822649002075 0
vn -0.92978829145431519 -0.36809471249580383 0
vn -0.88828402757644653 -0.45929458737373352 0
vn -0.83699548244476318 -0.54720973968505859 0
vn -0.77635318040847778 -0.63029813766479492 0
vn -0.63029813766479492 -0.77635318040847778 0
vn -0.54720973968505859 -0.83699548244476318 0
vn -0.45929458737373352 -0.88828402757644653 0
vn -0.36809471249580383 -0.92978829145431519 0
vn -0.27515822649002075 -0.96139895915985107 0
vn -0.18196305632591248 -0.98330539464950562 0
vn -0.089854441583156586 -0.99595493078231812 0
vn 0 -1 0
vn -0.089854441583156586 -0.99595493078231812 0
vn -0.18196305632591248 -0.98330539464950562 0
vn -0.27515822649002075 -0.96139895915985107 0
vn -0.36809471249580383 -0.92978829145431519 0
vn -0.45929458737373352 -0.88828402757644653 0
vn -0.54720973968505859 -0.83699548244476318 0
vn -0.63029813766479492 -0.77635318040847778 0
vn -0.70710676908493042 -0.70710676908493042 0
vn -0.77635318040847778 -0.63029813766479492 0
vn -0.83699548244476318 -0.54720973968505859 0
vn -0.88828402757644653 -0.45929458737373352 0
vn -0.92978829145431519 -0.36809471249580383 0
vn -0.96139895915985107 -0.27515822649002075 0
vn -0.98330539464950562 -0.18196305632591248 0
vn -0.99595493078231812 -0.089854441583156586 0
vn -0.92978829145431519 -0.36809471249580383 0
vn -0.83699548244476318 -0.54720973968505859 0
vn -0.70710676908493042 -0.70710676908493042 0
vn -0.54720973968505859 -0.83699548244476318 0
vn -0.36809471249580383 -0.92978829145431519 0
vn -0.18196305632591248 -0.98330539464950562 0
vn 0 -1 0
vn 0 -1 0
vn 1 0 0
vn 0 -1 0
vn 0.92978829145431519 -0.36809471249580383 0
vn 1 0 0
vn 0.089854441583156586 -0.99595493078231812 0
vn 0.18196305632591248 -0.98330539464950562 0
vn 0.27515822649002075 -0.96139895915985107 0
vn 0.36809471249580383 -0.92978829145431519 0
vn 0.45929458737373352 -0.88828402757644653 0
vn 0.54720973968505859 -0.83699548244476318 0
vn 0.63029813766479492 -0.77635318040847778 0
vn 0.70710676908493042 -0.70710676908493042 0
vn 0.77635318040847778 -0.63029813766479492 0
vn 0.83699548244476318 -0.54720973968505859 0
vn 0.88828402757644653 -0.45929458737373352 0
vn 0.96139895915985107 -0.27515822649002075 0
vn 0.98330539464950562 -0.18196305632591248 0
vn 0.99595493078231812 -0.089854441583156586 0
vn 1 0 0
vn 0.99595493078231812 -0.089854441583156586 0
vn 0.98330539464950562 -0.18196305632591248 0
vn 0.96139895915985107 -0.27515822649002075 0
vn 0.92978829145431519 -0.36809471249580383 0
vn 0.88828402757644653 -0.45929458737373352 0
vn 0.83699548244476318 -0.54720973968505859 0
vn 0.77635318040847778 -0.63029813766479492 0
vn 0.70710676908493042 -0.70710676908493042 0
vn 0.63029813766479492 -0.77635318040847778 0
vn 0.54720973968505859 -0.83699548244476318 0
vn 0.45929458737373352 -0.88828402757644653 0
vn 0.36809471249580383 -0.92978829145431519 0
vn 0.27515822649002075 -0.96139895915985107 0
vn 0.18196305632591248 -0.98330539464950562 0
vn 0.089854441583156586 -0.99595493078231812 0
vn 0.36809471249580383 -0.92978829145431519 0
vn 0.54720973968505859 -0.83699548244476318 0
vn 0.70710676908493042 -0.70710676908493042 0
vn 0.83699548244476318 -0.54720973968505859 0
vn 0.92978829145431519 -0.36809471249580383 0
vn 0.98330539464950562 -0.18196305632591248 0
vn 0 0 1
vn 0 0 1
vn 0 0 1
vn 0 0 1
vn 0 0 1
vn 0 0 1
vn 0 0 1
vn 0 0 1
vn 0 0 1
vn 0 0 1
vn 0 0 1
vn 0 0 1
vn 0 0 1
vn 0 0 1
vn 0 0 1
vn 0 0 1
vn 0 0 1
vn 0 0 1
vn 0 0 1
vn 0 0 1
vn 0 0 1
vn 0 0 1
vn 0 0 1
vn 0 0 1
vn 0 0 1
vn 0 0 1
vn 0 0 1
vn 0 0 1
vn 0 0 1
vn 0 0 1
vn 0 0 1
vn 0 0 1
vn 0 0 1
vn 0 0 1
vn 0 0 1
vn 0 0 1
vn 0 0 1
vn 0 0 1
vn 0 0 1
vn 0 0 1
vn 0 0 1
vn 0 0 1
vn 0 0 1
vn 0 0 1
vn 0 0 1
vn 0 0 1
vn 0 0 1
vn 0 0 1
vn 0 0 1
vn 0 0 1
vn 0 0 1
vn 0 0 1
vn 0 0 1
vn 0 0 1
vn 0 0 1
vn 0 0 1
vn 0 0 1
vn 0 0 1
vn 0 0 1
vn 0 0 1
vn 0 0 1
vn 0 0 1
vn 0 0 1
vn 0 0 1
vn 0 0 1
vn 0 0 1
vn 0 0 1
vn 0 0 1
vn 0 0 1
vn 0 0 1
vn 0 0 1
vn 0 0 1
vn 0 0 1
vn 0 0 1
vn 0 0 1
vn 0 0 1
vn 0 0 1
vn 0 0 1
vn 0 0 1
vn 0 0 1
vn 0 0 1
vn 0 0 1
vn 0 0 1
vn 0 0 1
vn 0 0 1
vn 0 0 1
vn 0 0 1
vn 0 0 1
f 77/77/77 73/73/73 75/75/75 78/78/78
f 74/74/74 77/77/77 78/78/78 76/76/76
f 80/80/80 83/83/83 79/79/79
f 82/82/82 83/83/83 81/81/81
f 80/80/80 81/81/81 83/83/83
f 159/159/159 97/97/97 96/96/96
f 98/98/98 159/159/159 99/99/99
f 97/97/97 159/159/159 98/98/98
f 159/159/159 100/100/100 99/99/99
f 92/92/92 91/91/91 160/160/160
f 95/95/95 94/94/94 160/160/160
f 160/160/160 96/96/96 95/95/95
f 93/93/93 160/160/160 94/94/94
f 93/93/93 92/92/92 160/160/160
f 101/101/101 100/100/100 159/159/159
f 104/104/104 103/103/103 158/158/158
f 106/106/106 105/105/105 158/158/158
f 105/105/105 104/104/104 158/158/158
f 106/106/106 158/158/158 84/84/84
f 91/91/91 161/161/161 160/160/160
f 160/160/160 159/159/159 96/96/96
f 159/159/159 102/102/102 101/101/101
f 102/102/102 159/159/159 158/158/158
f 103/103/103 102/102/102 158/158/158
f 158/158/158 157/157/157 84/84/84
f 84/84/84 157/157/157 156/156/156 85/85/85
f 90/90/90 161/161/161 91/91/91
f 163/163/163 151/151/151 150/150/150
f 148/148/148 163/163/163 149/149/149
f 147/147/147 163/163/163 148/148/148
f 163/163/163 150/150/150 149/149/149
f 145/145/145 164/164/164 146/146/146
f 147/147/147 146/146/146 164/164/164
f 143/143/143 164/164/164 144/144/144
f 164/164/164 145/145/145 144/144/144
f 164/164/164 143/143/143 142/142/142
f 90/90/90 151/151/151 163/163/163
f 163/163/163 147/147/147 164/164/164
f 89/89/89 166/166/166 165/165/165
f 141/141/141 165/165/165 164/164/164
f 142/142/142 141/141/141 164/164/164
f 140/140/140 139/139/139 165/165/165
f 165/165/165 141/141/141 140/140/140
f 138/138/138 137/137/137 165/165/165
f 139/139/139 138/138/138 165/165/165
f 165/165/165 137/137/137 89/89/89
f 89/89/89 167/167/167 166/166/166
f 162/162/162 90/90/90 163/163/163
f 162/162/162 161/161/161 90/90/90
f 107/107/107 85/85/85 155/155/155
f 109/109/109 108/108/108 155/155/155
f 108/108/108 107/107/107 155/155/155
f 109/109/109 155/155/155 110/110/110
f 155/155/155 85/85/85 156/156/156
f 111/111/111 155/155/155 154/154/154
f 86/86/86 153/153/153 152/152/152
f 153/153/153 117/117/117 154/154/154
f 154/154/154 112/112/112 111/111/111
f 155/155/155 111/111/111 110/110/110
f 154/154/154 114/114/114 113/113/113
f 154/154/154 116/116/116 115/115/115
f 154/154/154 115/115/115 114/114/114
f 154/154/154 117/117/117 116/116/116
f 118/118/118 153/153/153 119/119/119
f 120/120/120 119/119/119 153/153/153
f 153/153/153 86/86/86 121/121/121
f 153/153/153 121/121/121 120/120/120
f 153/153/153 118/118/118 117/117/117
f 113/113/113 112/112/112 154/154/154
f 171/171/171 87/87/87 86/86/86 152/152/152
f 88/88/88 168/168/168 167/167/167
f 170/170/170 169/169/169 126/126/126
f 131/131/131 169/169/169 132/132/132
f 132/132/132 169/169/169 168/168/168
f 88/88/88 136/136/136 168/168/168
f 136/136/136 135/135/135 168/168/168
f 135/135/135 134/134/134 168/168/168
f 134/134/134 133/133/133 168/168/168
f 168/168/168 133/133/133 132/132/132
f 87/87/87 171/171/171 170/170/170
f 89/89/89 88/88/88 167/167/167
f 124/124/124 170/170/170 125/125/125
f 123/123/123 122/122/122 170/170/170
f 124/124/124 123/123/123 170/170/170
f 125/125/125 170/170/170 126/126/126
f 169/169/169 131/131/131 130/130/130
f 169/169/169 130/130/130 129/129/129
f 169/169/169 129/129/129 128/128/128
f 127/127/127 169/169/169 128/128/128
f 169/169/169 127/127/127 126/126/126
f 122/122/122 87/87/87 170/170/170
f 173/173/173 207/207/207 172/172/172
f 208/208/208 205/205/205 206/206/206
f 208/208/208 204/204/204 205/205/205
f 206/206/206 207/207/207 173/173/173
f 204/204/204 208/208/208 203/203/203
f 173/173/173 178/178/178 206/206/206
f 202/202/202 203/203/203 209/209/209
f 208/208/208 209/209/209 203/203/203
f 201/201/201 202/202/202 209/209/209
f 209/209/209 208/208/208 180/180/180 181/181/181
f 206/206/206 178/178/178 208/208/208
f 210/210/210 200/200/200 201/201/201
f 199/199/199 211/211/211 198/198/198
f 198/198/198 211/211/211 197/197/197
f 199/199/199 200/200/200 210/210/210
f 212/212/212 195/195/195 196/196/196
f 196/196/196 197/197/197 212/212/212
f 213/213/213 194/194/194 195/195/195
f 194/194/194 213/213/213 193/193/193
f 193/193/193 174/174/174 192/192/192
f 211/211/211 199/199/199 210/210/210
f 210/210/210 201/201/201 209/209/209
f 210/210/210 209/209/209 182/182/182 183/183/183
f 177/177/177 178/178/178 173/173/173
f 179/179/179 180/180/180 208/208/208
f 178/178/178 179/179/179 208/208/208
f 184/184/184 185/185/185 210/210/210
f 210/210/210 185/185/185 211/211/211
f 183/183/183 184/184/184 210/210/210
f 181/181/181 182/182/182 209/209/209
f 212/212/212 211/211/211 186/186/186 187/187/187
f 185/185/185 186/186/186 211/211/211
f 195/195/195 212/212/212 213/213/213
f 213/213/213 212/212/212 188/188/188 189/189/189
f 174/174/174 213/213/213 190/190/190 191/191/191
f 193/193/193 213/213/213 174/174/174
f 197/197/197 211/211/211 212/212/212
f 212/212/212 187/187/187 188/188/188
f 174/174/174 191/191/191 176/176/176
f 213/213/213 189/189/189 190/190/190
f 175/175/175 177/177/177 173/173/173
f 226/226/226 225/225/225 220/220/220 221/221/221
f 227/227/227 226/226/226 221/221/221 222/222/222
f 231/231/231 230/230/230 225/225/225 226/226/226
f 232/232/232 231/231/231 226/226/226 227/227/227
f 215/215/215 220/220/220 219/219/219 214/214/214
f 224/224/224 219/219/219 220/220/220 225/225/225
f 225/225/225 230/230/230 229/229/229 224/224/224
f 220/220/220 215/215/215 216/216/216 221/221/221
f 217/217/217 222/222/222 221/221/221 216/216/216
f 218/218/218 223/223/223 222/222/222 217/217/217
f 223/223/223 228/228/228 227/227/227 222/222/222
f 230/230/230 235/235/235 234/234/234 229/229/229
f 231/231/231 236/236/236 235/235/235 230/230/230
f 236/236/236 231/231/231 232/232/232 237/237/237
f 228/228/228 233/233/233 232/232/232 227/227/227
f 237/237/237 232/232/232 233/233/233 238/238/238
f 248/248/248 243/243/243 241/241/241 239/239/239
f 246/246/246 245/245/245 244/244/244 247/247/247
f 240/240/240 242/242/242 245/245/245 246/246/246
f 247/247/247 244/244/244 243/243/243 248/248/248
f 261/261/261 260/260/260 255/255/255 256/256/256
f 262/262/262 261/261/261 256/256/256 257/257/257
f 266/266/266 265/265/265 260/260/260 261/261/261
f 267/267/267 266/266/266 261/261/261 262/262/262
f 250/250/250 255/255/255 254/254/254 249/249/249
f 259/259/259 254/254/254 255/255/255 260/260/260
f 260/260/260 265/265/265 264/264/264 259/259/259
f 255/255/255 250/250/250 251/251/251 256/256/256
f 252/252/252 257/257/257 256/256/256 251/251/251
f 253/253/253 258/258/258 257/257/257 252/252/252
f 258/258/258 263/263/263 262/262/262 257/257/257
f 265/265/265 270/270/270 269/269/269 264/264/264
f 266/266/266 271/271/271 270/270/270 265/265/265
f 271/271/271 266/266/266 267/267/267 272/272/272
f 263/263/263 268/268/268 267/267/267 262/262/262
f 272/272/272 267/267/267 268/268/268 273/273/273
f 283/283/283 278/278/278 276/276/276 274/274/274
f 281/281/281 280/280/280 279/279/279 282/282/282
f 275/275/275 277/277/277 280/280/280 281/281/281
f 282/282/282 279/279/279 278/278/278 283/283/283
f 296/296/296 295/295/295 290/290/290 291/291/291
f 297/297/297 296/296/296 291/291/291 292/292/292
f 301/301/301 300/300/300 295/295/295 296/296/296
f 302/302/302 301/301/301 296/296/296 297/297/297
f 285/285/285 290/290/290 289/289/289 284/284/284
f 294/294/294 289/289/289 290/290/290 295/295/295
f 295/295/295 300/300/300 299/299/299 294/294/294
f 290/290/290 285/285/285 286/286/286 291/291/291
f 287/287/287 292/292/292 291/291/291 286/286/286
f 288/288/288 293/293/293 292/292/292 287/287/287
f 293/293/293 298/298/298 297/297/297 292/292/292
f 300/300/300 305/305/305 304/304/304 299/299/299
f 301/301/301 306/306/306 305/305/305 300/300/300
f 306/306/306 301/301/301 302/302/302 307/307/307
f 298/298/298 303/303/303 302/302/302 297/297/297
f 307/307/307 302/302/302 303/303/303 308/308/308
f 318/318/318 313/313/313 311/311/311 309/309/309
f 316/316/316 315/315/315 314/314/314 317/317/317
f 310/310/310 312/312/312 315/315/315 316/316/316
f 317/317/317 314/314/314 313/313/313 318/318/318
f 331/331/331 330/330/330 325/325/325 326/326/326
f 332/332/332 331/331/331 326/326/326 327/327/327
f 336/336/336 335/335/335 330/330/330 331/331/331
f 337/337/337 336/336/336 331/331/331 332/332/332
f 320/320/320 325/325/325 324/324/324 319/319/319
f 329/329/329 324/324/324 325/325/325 330/330/330
f 330/330/330 335/335/335 334/334/334 329/329/329
f 325/325/325 320/320/320 321/321/321 326/326/326
f 322/322/322 327/327/327 326/326/326 321/321/321
f 323/323/323 328/328/328 327/327/327 322/322/322
f 328/328/328 333/333/333 332/332/332 327/327/327
f 335/335/335 340/340/340 339/339/339 334/334/334
f 336/336/336 341/341/341 340/340/340 335/335/335
f 341/341/341 336/336/336 337/337/337 342/342/342
f 333/333/333 338/338/338 337/337/337 332/332/332
f 342/342/342 337/337/337 338/338/338 343/343/343
f 353/353/353 348/348/348 346/346/346 344/344/344
f 351/351/351 350/350/350 349/349/349 352/352/352
f 345/345/345 347/347/347 350/350/350 351/351/351
f 352/352/352 349/349/349 348/348/348 353/353/353
f 358/358/358 356/356/356 354/354/354 359/359/359
f 357/357/357 358/358/358 359/359/359 355/355/355
f 365/365/365 360/360/360 361/361/361 363/363/363
f 364/364/364 365/365/365 363/363/363 362/362/362
f 368/368/368 385/385/385 366/366/366
f 401/401/401 383/383/383 384/384/384
f 401/401/401 382/382/382 383/383/383
f 384/384/384 385/385/385 368/368/368
f 382/382/382 401/401/401 381/381/381
f 368/368/368 387/387/387 384/384/384
f 380/380/380 381/381/381 402/402/402
f 401/401/401 402/402/402 381/381/381
f 379/379/379 380/380/380 402/402/402
f 402/402/402 401/401/401 390/390/390 391/391/391
f 384/384/384 387/387/387 401/401/401
f 379/379/379 403/403/403 378/378/378
f 377/377/377 404/404/404 376/376/376
f 376/376/376 404/404/404 375/375/375
f 403/403/403 377/377/377 378/378/378
f 374/374/374 405/405/405 373/373/373
f 372/372/372 406/406/406 371/371/371
f 371/371/371 406/406/406 367/367/367
f 406/406/406 372/372/372 373/373/373
f 405/405/405 374/374/374 375/375/375
f 379/379/379 402/402/402 403/403/403
f 386/386/386 387/387/387 368/368/368
f 401/401/401 388/388/388 389/389/389
f 388/388/388 401/401/401 387/387/387
f 401/401/401 389/389/389 390/390/390
f 369/369/369 386/386/386 368/368/368
f 403/403/403 402/402/402 392/392/392 393/393/393
f 391/391/391 392/392/392 402/402/402
f 394/394/394 403/403/403 393/393/393
f 404/404/404 394/394/394 395/395/395
f 375/375/375 404/404/404 405/405/405
f 405/405/405 404/404/404 396/396/396 397/397/397
f 406/406/406 405/405/405 398/398/398 399/399/399
f 373/373/373 405/405/405 406/406/406
f 395/395/395 396/396/396 404/404/404
f 403/403/403 394/394/394 404/404/404
f 405/405/405 397/397/397 398/398/398
f 406/406/406 399/399/399 400/400/400
f 406/406/406 400/400/400 370/370/370
f 367/367/367 406/406/406 370/370/370
f 377/377/377 403/403/403 404/404/404
f 408/408/408 442/442/442 407/407/407
f 443/443/443 440/440/440 441/441/441
f 443/443/443 439/439/439 440/440/440
f 441/441/441 442/442/442 408/408/408
f 439/439/439 443/443/443 438/438/438
f 443/443/443 408/408/408 414/414/414 415/415/415
f 437/437/437 438/438/438 444/444/444
f 443/443/443 444/444/444 438/438/438
f 436/436/436 437/437/437 444/444/444
f 444/444/444 443/443/443 417/417/417 418/418/418
f 408/408/408 443/443/443 441/441/441
f 445/445/445 435/435/435 436/436/436
f 434/434/434 446/446/446 433/433/433
f 433/433/433 446/446/446 432/432/432
f 434/434/434 435/435/435 445/445/445
f 447/447/447 430/430/430 431/431/431
f 431/431/431 432/432/432 447/447/447
f 448/448/448 429/429/429 430/430/430
f 429/429/429 448/448/448 428/428/428
f 428/428/428 409/409/409 427/427/427
f 446/446/446 434/434/434 445/445/445
f 445/445/445 436/436/436 444/444/444
f 445/445/445 444/444/444 419/419/419
f 413/413/413 414/414/414 408/408/408
f 415/415/415 416/416/416 443/443/443
f 416/416/416 417/417/417 443/443/443
f 418/418/418 419/419/419 444/444/444
f 411/411/411 420/420/420 445/445/445
f 445/445/445 420/420/420 446/446/446
f 419/419/419 411/411/411 445/445/445
f 447/447/447 446/446/446 421/421/421 422/422/422
f 420/420/420 421/421/421 446/446/446
f 430/430/430 447/447/447 448/448/448
f 448/448/448 447/447/447 423/423/423 424/424/424
f 448/448/448 426/426/426 409/409/409
f 428/428/428 448/448/448 409/409/409
f 432/432/432 446/446/446 447/447/447
f 447/447/447 422/422/422 423/423/423
f 448/448/448 425/425/425 426/426/426
f 409/409/409 426/426/426 412/412/412
f 448/448/448 424/424/424 425/425/425
f 410/410/410 413/413/413 408/408/408
f 450/450/450 484/484/484 449/449/449
f 485/485/485 482/482/482 483/483/483
f 485/485/485 481/481/481 482/482/482
f 483/483/483 484/484/484 450/450/450
f 481/481/481 485/485/485 480/480/480
f 485/485/485 450/450/450 455/455/455 456/456/456
f 479/479/479 480/480/480 486/486/486
f 485/485/485 486/486/486 480/480/480
f 478/478/478 479/479/479 486/486/486
f 486/486/486 485/485/485 458/458/458 459/459/459
f 450/450/450 485/485/485 483/483/483
f 487/487/487 477/477/477 478/478/478
f 476/476/476 488/488/488 475/475/475
f 475/475/475 488/488/488 474/474/474
f 476/476/476 477/477/477 487/487/487
f 489/489/489 472/472/472 473/473/473
f 473/473/473 474/474/474 489/489/489
f 490/490/490 471/471/471 472/472/472
f 471/471/471 490/490/490 470/470/470
f 470/470/470 451/451/451 469/469/469
f 488/488/488 476/476/476 487/487/487
f 487/487/487 478/478/478 486/486/486
f 487/487/487 486/486/486 460/460/460 461/461/461
f 457/457/457 458/458/458 485/485/485
f 456/456/456 457/457/457 485/485/485
f 462/462/462 463/463/463 487/487/487
f 487/487/487 463/463/463 488/488/488
f 461/461/461 462/462/462 487/487/487
f 459/459/459 460/460/460 486/486/486
f 489/489/489 488/488/488 464/464/464 465/465/465
f 463/463/463 464/464/464 488/488/488
f 472/472/472 489/489/489 490/490/490
f 490/490/490 489/489/489 466/466/466 467/467/467
f 490/490/490 468/468/468 451/451/451
f 470/470/470 490/490/490 451/451/451
f 474/474/474 488/488/488 489/489/489
f 489/489/489 465/465/465 453/453/453
f 489/489/489 453/453/453 466/466/466
f 490/490/490 467/467/467 468/468/468
f 451/451/451 468/468/468 454/454/454
f 452/452/452 455/455/455 450/450/450
f 555/555/555 554/554/554 509/509/509
f 557/557/557 556/556/556 509/509/509
f 509/509/509 556/556/556 555/555/555
f 509/509/509 554/554/554 553/553/553
f 550/550/550 549/549/549 510/510/510
f 551/551/551 550/550/550 510/510/510
f 553/553/553 552/552/552 510/510/510
f 551/551/551 510/510/510 552/552/552
f 510/510/510 549/549/549 516/516/516
f 557/557/557 509/509/509 558/558/558
f 561/561/561 560/560/560 508/508/508
f 563/563/563 562/562/562 508/508/508
f 508/508/508 562/562/562 561/561/561
f 508/508/508 513/513/513 563/563/563
f 516/516/516 506/506/506 510/510/510
f 510/510/510 509/509/509 553/553/553
f 509/509/509 559/559/559 558/558/558
f 559/559/559 509/509/509 508/508/508
f 560/560/560 559/559/559 508/508/508
f 508/508/508 507/507/507 513/513/513
f 495/495/495 514/514/514 513/513/513 507/507/507
f 515/515/515 506/506/506 516/516/516
f 576/576/576 503/503/503 577/577/577
f 503/503/503 575/575/575 574/574/574
f 503/503/503 576/576/576 575/575/575
f 578/578/578 577/577/577 503/503/503
f 504/504/504 572/572/572 571/571/571
f 572/572/572 504/504/504 573/573/573
f 569/569/569 504/504/504 570/570/570
f 570/570/570 504/504/504 571/571/571
f 574/574/574 573/573/573 504/504/504
f 503/503/503 515/515/515 578/578/578
f 503/503/503 574/574/574 504/504/504
f 518/518/518 501/501/501 505/505/505
f 568/568/568 505/505/505 504/504/504
f 569/569/569 568/568/568 504/504/504
f 567/567/567 566/566/566 505/505/505
f 505/505/505 568/568/568 567/567/567
f 565/565/565 564/564/564 505/505/505
f 505/505/505 566/566/566 565/565/565
f 564/564/564 518/518/518 505/505/505
f 517/517/517 497/497/497 501/501/501 518/518/518
f 502/502/502 515/515/515 503/503/503
f 502/502/502 506/506/506 515/515/515
f 534/534/534 514/514/514 494/494/494
f 536/536/536 535/535/535 494/494/494
f 494/494/494 535/535/535 534/534/534
f 537/537/537 536/536/536 494/494/494
f 494/494/494 514/514/514 495/495/495
f 538/538/538 494/494/494 493/493/493
f 511/511/511 492/492/492 491/491/491
f 492/492/492 544/544/544 493/493/493
f 493/493/493 539/539/539 538/538/538
f 494/494/494 538/538/538 537/537/537
f 493/493/493 541/541/541 540/540/540
f 542/542/542 493/493/493 543/543/543
f 542/542/542 541/541/541 493/493/493
f 493/493/493 544/544/544 543/543/543
f 545/545/545 492/492/492 546/546/546
f 546/546/546 492/492/492 547/547/547
f 511/511/511 548/548/548 492/492/492
f 492/492/492 548/548/548 547/547/547
f 545/545/545 544/544/544 492/492/492
f 493/493/493 540/540/540 539/539/539
f 496/496/496 511/511/511 491/491/491
f 517/517/517 498/498/498 497/497/497
f 500/500/500 499/499/499 523/523/523
f 528/528/528 499/499/499 529/529/529
f 529/529/529 499/499/499 498/498/498
f 517/517/517 533/533/533 498/498/498
f 533/533/533 532/532/532 498/498/498
f 498/498/498 532/532/532 531/531/531
f 531/531/531 530/530/530 498/498/498
f 530/530/530 529/529/529 498/498/498
f 512/512/512 496/496/496 500/500/500
f 521/521/521 500/500/500 522/522/522
f 521/521/521 520/520/520 500/500/500
f 519/519/519 500/500/500 520/520/520
f 523/523/523 522/522/522 500/500/500
f 528/528/528 527/527/527 499/499/499
f 527/527/527 526/526/526 499/499/499
f 499/499/499 526/526/526 525/525/525
f 525/525/525 524/524/524 499/499/499
f 499/499/499 524/524/524 523/523/523
f 512/512/512 500/500/500 519/519/519
f 512/512/512 511/511/511 496/496/496
usemtl Default
v -30 57 1.5
v -30 3 1.5
v -30 3 1
v -30 3 1.25
v -30 57 1
v 30 3 1
v 30 3 1.5
v 30 57 1.5
v 30 57 1
v 30 57 1.25
v 30 3 1.25
v -30 57 1.5
v -30 3 1.5
v -27 0 1.5
v 27 0 1.5
v 30 3 1.5
v 30 57 1.5
v 27 60 1.5
v -27 60 1.5
v -27.269563674926758 59.987865447998047 1.5
v -27.545888900756836 59.949916839599609 1.5
v -27.825473785400391 59.884197235107422 1.5
v -28.104284286499023 59.789363861083984 1.5
v -28.377883911132812 59.664852142333984 1.5
v -28.641630172729492 59.510986328125 1.5
v -28.890893936157227 59.329059600830078 1.5
v -29.121320724487305 59.121318817138672 1.5
v -29.329059600830078 58.890895843505859 1.5
v -29.510986328125 58.641628265380859 1.5
v -29.664852142333984 58.377883911132812 1.5
v -29.789365768432617 58.104282379150391 1.5
v -29.884197235107422 57.825473785400391 1.5
v -29.949916839599609 57.545890808105469 1.5
v -29.987865447998047 57.269561767578125 1.5
v -29.987865447998047 2.7304368019104004 1.5
v -29.949916839599609 2.454110860824585 1.5
v -29.884197235107422 2.174525260925293 1.5
v -29.789365768432617 1.8957158327102661 1.5
v -29.664852142333984 1.6221162080764771 1.5
v -29.510986328125 1.3583707809448242 1.5
v -29.329059600830078 1.1091055870056152 1.5
v -29.121320724487305 0.87867963314056396 1.5
v -28.890893936157227 0.67094045877456665 1.5
v -28.641630172729492 0.48901346325874329 1.5
v -28.377883911132812 0.33514797687530518 1.5
v -28.104284286499023 0.21063509583473206 1.5
v -27.825473785400391 0.11580312252044678 1.5
v -27.545888900756836 0.050083894282579422 1.5
v -27.269563674926758 0.012135273776948452 1.5
v 27.269563674926758 0.012135273776948452 1.5
v 27.545888900756836 0.050083894282579422 1.5
v 27.825473785400391 0.11580312252044678 1.5
v 28.104284286499023 0.21063509583473206 1.5
v 28.377883911132812 0.33514797687530518 1.5
v 28.641630172729492 0.48901346325874329 1.5
v 28.890893936157227 0.67094045877456665 1.5
v 29.121320724487305 0.87867963314056396 1.5
v 29.329059600830078 1.1091055870056152 1.5
v 29.510986328125 1.3583707809448242 1.5
v 29.664852142333984 1.6221162080764771 1.5
v 29.789365768432617 1.8957158327102661 1.5
v 29.884197235107422 2.174525260925293 1.5
v 29.949916839599609 2.454110860824585 1.5
v 29.987865447998047 2.7304368019104004 1.5
v 29.987865447998047 57.269561767578125 1.5
v 29.949916839599609 57.545890808105469 1.5
v 29.884197235107422 57.825473785400391 1.5
v 29.789365768432617 58.104282379150391 1.5
v 29.664852142333984 58.377883911132812 1.5
v 29.510986328125 58.641628265380859 1.5
v 29.329059600830078 58.890895843505859 1.5
v 29.121320724487305 59.121318817138672 1.5
v 28.890893936157227 59.329059600830078 1.5
v 28.641630172729492 59.510986328125 1.5
v 28.377883911132812 59.664852142333984 1.5
v 28.104284286499023 59.789363861083984 1.5
v 27.825473785400391 59.884197235107422 1.5
v 27.545888900756836 59.949916839599609 1.5
v 27.269563674926758 59.987865447998047 1.5
v 26.292892456054688 2 1.5
v -26.292892456054688 2 1.5
v 28 3.7071068286895752 1.5
v 27.870054244995117 3.0538253784179688 1.5
v 27.5 2.5 1.5
v 26.946174621582031 2.1299457550048828 1.5
v 28 56.292892456054688 1.5
v 26.292892456054688 58 1.5
v 26.946174621582031 57.870052337646484 1.5
v 27.5 57.5 1.5
v 27.870054244995117 56.946174621582031 1.5
v -26.292892456054688 58 1.5
v -28 56.292892456054688 1.5
v -27.870054244995117 56.946174621582031 1.5
v -27.5 57.5 1.5
v -26.946174621582031 57.870052337646484 1.5
v -28 3.7071068286895752 1.5
v -26.946174621582031 2.1299457550048828 1.5
v -27.5 2.5 1.5
v -27.870054244995117 3.0538253784179688 1.5
v -27 60 1
v -27 60 1.25
v -30 57 1.5
v -27 60 1.5
v -29.987865447998047 57.269561767578125 1.5
v -29.949916839599609 57.545890808105469 1.5
v -29.884197235107422 57.825473785400391 1.5
v -29.789365768432617 58.104282379150391 1.5
v -29.664852142333984 58.377883911132812 1.5
v -29.510986328125 58.641628265380859 1.5
v -29.329059600830078 58.890895843505859 1.5
v -29.121320724487305 59.121318817138672 1.5
v -28.890893936157227 59.329059600830078 1.5
v -28.641630172729492 59.510986328125 1.5
v -28.377883911132812 59.664852142333984 1.5
v -28.104284286499023 59.789363861083984 1.5
v -27.825473785400391 59.884197235107422 1.5
v -27.545888900756836 59.949916839599609 1.5
v -27.269563674926758 59.987865447998047 1.5
v -27.269563674926758 59.987865447998047 1
v -27.545888900756836 59.949916839599609 1
v -27.825473785400391 59.884197235107422 1
v -28.104284286499023 59.789363861083984 1
v -28.377883911132812 59.664852142333984 1
v -28.641630172729492 59.510986328125 1
v -28.890893936157227 59.329059600830078 1
v -29.121320724487305 59.121318817138672 1
v -29.329059600830078 58.890895843505859 1
v -29.510986328125 58.641628265380859 1
v -29.664852142333984 58.377883911132812 1
v -29.789365768432617 58.104282379150391 1
v -29.884197235107422 57.825473785400391 1
v -29.949916839599609 57.545890808105469 1
v -29.987865447998047 57.269561767578125 1
v -30 57 1
v -29.949916839599609 57.545890808105469 1.25
v -29.510986328125 58.641628265380859 1.25
v -29.121320724487305 59.121318817138672 1.25
v -28.641630172729492 59.510986328125 1.25
v -28.104284286499023 59.789363861083984 1.25
v -27.545888900756836 59.949916839599609 1.25
v -30 3 1.5
v -29.949916839599609 2.454110860824585 1.5
v -29.789365768432617 1.8957158327102661 1.5
v -27 0 1.5
v -30 3 1.25
v -27 0 1.25
v -27 0 1
v -27.269563674926758 0.012135273776948452 1.5
v -27.545888900756836 0.050083894282579422 1.5
v -27.825473785400391 0.11580312252044678 1.5
v -28.104284286499023 0.21063509583473206 1.5
v -28.377883911132812 0.33514797687530518 1.5
v -28.641630172729492 0.48901346325874329 1.5
v -28.890893936157227 0.67094045877456665 1.5
v -29.121320724487305 0.87867963314056396 1.5
v -29.329059600830078 1.1091055870056152 1.5
v -29.510986328125 1.3583707809448242 1.5
v -29.664852142333984 1.6221162080764771 1.5
v -29.884197235107422 2.174525260925293 1.5
v -29.987865447998047 2.7304368019104004 1.5
v -30 3 1
v -29.987865447998047 2.7304368019104004 1
v -29.949916839599609 2.454110860824585 1
v -29.884197235107422 2.174525260925293 1
v -29.789365768432617 1.8957158327102661 1
v -29.664852142333984 1.6221162080764771 1
v -29.510986328125 1.3583707809448242 1
v -29.329059600830078 1.1091055870056152 1
v -29.121320724487305 0.87867963314056396 1
v -28.890893936157227 0.67094045877456665 1
v -28.641630172729492 0.48901346325874329 1
v -28.377883911132812 0.33514797687530518 1
v -28.104284286499023 0.21063509583473206 1
v -27.825473785400391 0.11580312252044678 1
v -27.545888900756836 0.050083894282579422 1
v -27.269563674926758 0.012135273776948452 1
v -29.789365768432617 1.8957158327102661 1.25
v -29.510986328125 1.3583707809448242 1.25
v -29.121320724487305 0.87867963314056396 1.25
v -28.641630172729492 0.48901346325874329 1.25
v -28.104284286499023 0.21063509583473206 1.25
v -27.545888900756836 0.050083894282579422 1.25
v 27 0 1.5
v 29.949916839599609 2.454110860824585 1.5
v 30 3 1.5
v 27 0 1.25
v 30 3 1.25
v 30 3 1
v 29.987865447998047 2.7304368019104004 1.5
v 29.884197235107422 2.174525260925293 1.5
v 29.789365768432617 1.8957158327102661 1.5
v 29.664852142333984 1.6221162080764771 1.5
v 29.510986328125 1.3583707809448242 1.5
v 29.329059600830078 1.1091055870056152 1.5
v 29.121320724487305 0.87867963314056396 1.5
v 28.890893936157227 0.67094045877456665 1.5
v 28.641630172729492 0.48901346325874329 1.5
v 28.377883911132812 0.33514797687530518 1.5
v 28.104284286499023 0.21063509583473206 1.5
v 27.825473785400391 0.11580312252044678 1.5
v 27.545888900756836 0.050083894282579422 1.5
v 27.269563674926758 0.012135273776948452 1.5
v 27 0 1
v 27.269563674926758 0.012135273776948452 1
v 27.545888900756836 0.050083894282579422 1
v 27.825473785400391 0.11580312252044678 1
v 28.104284286499023 0.21063509583473206 1
v 28.377883911132812 0.33514797687530518 1
v 28.641630172729492 0.48901346325874329 1
v 28.890893936157227 0.67094045877456665 1
v 29.121320724487305 0.87867963314056396 1
v 29.329059600830078 1.1091055870056152 1
v 29.510986328125 1.3583707809448242 1
v 29.664852142333984 1.6221162080764771 1
v 29.789365768432617 1.8957158327102661 1
v 29.884197235107422 2.174525260925293 1
v 29.949916839599609 2.454110860824585 1
v 29.987865447998047 2.7304368019104004 1
v 28.104284286499023 0.21063509583473206 1.25
v 28.641630172729492 0.48901346325874329 1.25
v 29.121320724487305 0.87867963314056396 1.25
v 29.510986328125 1.3583707809448242 1.25
v 29.789365768432617 1.8957158327102661 1.25
v 29.949916839599609 2.454110860824585 1.25
v 26.292892456054688 2 1.5
v 26.292892456054688 2 1
v -26.292892456054688 2 1.5
v -26.292892456054688 2 1
v 26.292892456054688 2 1.125
v 26.292892456054688 2 1.25
v -26.292892456054688 2 1.375
v -26.292892456054688 2 1.25
v -26.292892456054688 2 1.125
v 28 3.7071068286895752 1.5
v 28 3.7071068286895752 1.375
v 28 3.7071068286895752 1.25
v 28 3.7071068286895752 1.125
v 28 3.7071068286895752 1
v 27.870054244995117 3.0538253784179688 1.5
v 27.870054244995117 3.0538253784179688 1.375
v 27.870054244995117 3.0538253784179688 1.25
v 27.870054244995117 3.0538253784179688 1.125
v 27.870054244995117 3.0538253784179688 1
v 27.5 2.5 1.5
v 27.5 2.5 1.375
v 27.5 2.5 1.25
v 27.5 2.5 1.125
v 27.5 2.5 1
v 26.946174621582031 2.1299457550048828 1.5
v 26.946174621582031 2.1299457550048828 1.375
v 26.946174621582031 2.1299457550048828 1.25
v 26.946174621582031 2.1299457550048828 1.125
v 26.946174621582031 2.1299457550048828 1
v 26.292892456054688 2 1.5
v 26.292892456054688 2 1.25
v 26.292892456054688 2 1.125
v 26.292892456054688 2 1
v 28 56.292892456054688 1.5
v 28 56.292892456054688 1
v 28 3.7071068286895752 1.5
v 28 3.7071068286895752 1
v 28 3.7071068286895752 1.375
v 28 3.7071068286895752 1.25
v 28 3.7071068286895752 1.125
v 28 56.292892456054688 1.125
v 28 56.292892456054688 1.25
v 28 56.292892456054688 1.375
v 26.292892456054688 58 1.5
v 26.292892456054688 58 1.375
v 26.292892456054688 58 1.25
v 26.292892456054688 58 1.125
v 26.292892456054688 58 1
v 26.946174621582031 57.870052337646484 1.5
v 26.946174621582031 57.870052337646484 1.375
v 26.946174621582031 57.870052337646484 1.25
v 26.946174621582031 57.870052337646484 1.125
v 26.946174621582031 57.870052337646484 1
v 27.5 57.5 1.5
v 27.5 57.5 1.375
v 27.5 57.5 1.25
v 27.5 57.5 1.125
v 27.5 57.5 1
v 27.870054244995117 56.946174621582031 1.5
v 27.870054244995117 56.946174621582031 1.375
v 27.870054244995117 56.946174621582031 1.25
v 27.870054244995117 56.946174621582031 1.125
v 27.870054244995117 56.946174621582031 1
v 28 56.292892456054688 1.5
v 28 56.292892456054688 1.375
v 28 56.292892456054688 1.25
v 28 56.292892456054688 1.125
v 28 56.292892456054688 1
v -26.292892456054688 58 1.5
v -26.292892456054688 58 1
v 26.292892456054688 58 1.5
v 26.292892456054688 58 1
v 26.292892456054688 58 1.375
v 26.292892456054688 58 1.25
v 26.292892456054688 58 1.125
v -26.292892456054688 58 1.125
v -26.292892456054688 58 1.25
v -28 56.292892456054688 1.5
v -28 56.292892456054688 1.375
v -28 56.292892456054688 1.25
v -28 56.292892456054688 1.125
v -28 56.292892456054688 1
v -27.870054244995117 56.946174621582031 1.5
v -27.870054244995117 56.946174621582031 1.375
v -27.870054244995117 56.946174621582031 1.25
v -27.870054244995117 56.946174621582031 1.125
v -27.870054244995117 56.946174621582031 1
v -27.5 57.5 1.5
v -27.5 57.5 1.375
v -27.5 57.5 1.25
v -27.5 57.5 1.125
v -27.5 57.5 1
v -26.946174621582031 57.870052337646484 1.5
v -26.946174621582031 57.870052337646484 1.375
v -26.946174621582031 57.870052337646484 1.25
v -26.946174621582031 57.870052337646484 1.125
v -26.946174621582031 57.870052337646484 1
v -26.292892456054688 58 1.5
v -26.292892456054688 58 1.25
v -26.292892456054688 58 1.125
v -26.292892456054688 58 1
v -28 3.7071068286895752 1.5
v -28 3.7071068286895752 1
v -28 56.292892456054688 1.5
v -28 56.292892456054688 1
v -28 56.292892456054688 1.375
v -28 56.292892456054688 1.25
v -28 56.292892456054688 1.125
v -28 3.7071068286895752 1.125
v -28 3.7071068286895752 1.25
v -26.292892456054688 2 1.5
v -26.292892456054688 2 1.375
v -26.292892456054688 2 1.25
v -26.292892456054688 2 1.125
v -26.292892456054688 2 1
v -26.946174621582031 2.1299457550048828 1.5
v -26.946174621582031 2.1299457550048828 1.375
v -26.946174621582031 2.1299457550048828 1.25
v -26.946174621582031 2.1299457550048828 1.125
v -26.946174621582031 2.1299457550048828 1
v -27.5 2.5 1.5
v -27.5 2.5 1.375
v -27.5 2.5 1.25
v -27.5 2.5 1.125
v -27.5 2.5 1
v -27.870054244995117 3.0538253784179688 1.5
v -27.870054244995117 3.0538253784179688 1.375
v -27.870054244995117 3.0538253784179688 1.25
v -27.870054244995117 3.0538253784179688 1.125
v -27.870054244995117 3.0538253784179688 1
v -28 3.7071068286895752 1.5
v -28 3.7071068286895752 1.25
v -28 3.7071068286895752 1.125
v -28 3.7071068286895752 1
v -27 0 1.5
v 27 0 1.5
v -27 0 1.25
v 27 0 1
v 27 0 1.25
v -27 0 1
v 27 60 1.5
v -27 60 1
v -27 60 1.5
v 27 60 1.25
v 27 60 1
v -27 60 1.25
v 30 57 1.5
v 28.104284286499023 59.789363861083984 1.5
v 27 60 1.5
v 30 57 1.25
v 27 60 1.25
v 27 60 1
v 27.269563674926758 59.987865447998047 1.5
v 27.545888900756836 59.949916839599609 1.5
v 27.825473785400391 59.884197235107422 1.5
v 28.377883911132812 59.664852142333984 1.5
v 28.641630172729492 59.510986328125 1.5
v 28.890893936157227 59.329059600830078 1.5
v 29.121320724487305 59.121318817138672 1.5
v 29.329059600830078 58.890895843505859 1.5
v 29.510986328125 58.641628265380859 1.5
v 29.664852142333984 58.377883911132812 1.5
v 29.789365768432617 58.104282379150391 1.5
v 29.884197235107422 57.825473785400391 1.5
v 29.949916839599609 57.545890808105469 1.5
v 29.987865447998047 57.269561767578125 1.5
v 30 57 1
v 29.987865447998047 57.269561767578125 1
v 29.949916839599609 57.545890808105469 1
v 29.884197235107422 57.825473785400391 1
v 29.789365768432617 58.104282379150391 1
v 29.664852142333984 58.377883911132812 1
v 29.510986328125 58.641628265380859 1
v 29.329059600830078 58.890895843505859 1
v 29.121320724487305 59.121318817138672 1
v 28.890893936157227 59.329059600830078 1
v 28.641630172729492 59.510986328125 1
v 28.377883911132812 59.664852142333984 1
v 28.104284286499023 59.789363861083984 1
v 27.825473785400391 59.884197235107422 1
v 27.545888900756836 59.949916839599609 1
v 27.269563674926758 59.987865447998047 1
v 29.789365768432617 58.104282379150391 1.25
v 29.510986328125 58.641628265380859 1.25
v 29.121320724487305 59.121318817138672 1.25
v 28.641630172729492 59.510986328125 1.25
v 28.104284286499023 59.789363861083984 1.25
v 27.545888900756836 59.949916839599609 1.25
v 26.292892456054688 2 1
v -26.292892456054688 2 1
v 28 3.7071068286895752 1
v 27.870054244995117 3.0538253784179688 1
v 27.5 2.5 1
v 26.946174621582031 2.1299457550048828 1
v 28 56.292892456054688 1
v 26.292892456054688 58 1
v 26.946174621582031 57.870052337646484 1
v 27.5 57.5 1
v 27.870054244995117 56.946174621582031 1
v -26.292892456054688 58 1
v -28 56.292892456054688 1
v -27.870054244995117 56.946174621582031 1
v -27.5 57.5 1
v -26.946174621582031 57.870052337646484 1
v -28 3.7071068286895752 1
v -26.946174621582031 2.1299457550048828 1
v -27.5 2.5 1
v -27.870054244995117 3.0538253784179688 1
v -30 57 1
v -30 3 1
v -27 0 1
v 27 0 1
v 30 3 1
v 30 57 1
v 27 60 1
v -27 60 1
v -27.269563674926758 59.987865447998047 1
v -27.545888900756836 59.949916839599609 1
v -27.825473785400391 59.884197235107422 1
v -28.104284286499023 59.789363861083984 1
v -28.377883911132812 59.664852142333984 1
v -28.641630172729492 59.510986328125 1
v -28.890893936157227 59.329059600830078 1
v -29.121320724487305 59.121318817138672 1
v -29.329059600830078 58.890895843505859 1
v -29.510986328125 58.641628265380859 1
v -29.664852142333984 58.377883911132812 1
v -29.789365768432617 58.104282379150391 1
v -29.884197235107422 57.825473785400391 1
v -29.949916839599609 57.545890808105469 1
v -29.987865447998047 57.269561767578125 1
v -29.987865447998047 2.7304368019104004 1
v -29.949916839599609 2.454110860824585 1
v -29.884197235107422 2.174525260925293 1
v -29.789365768432617 1.8957158327102661 1
v -29.664852142333984 1.6221162080764771 1
v -29.510986328125 1.3583707809448242 1
v -29.329059600830078 1.1091055870056152 1
v -29.121320724487305 0.87867963314056396 1
v -28.890893936157227 0.67094045877456665 1
v -28.641630172729492 0.48901346325874329 1
v -28.377883911132812 0.33514797687530518 1
v -28.104284286499023 0.21063509583473206 1
v -27.825473785400391 0.11580312252044678 1
v -27.545888900756836 0.050083894282579422 1
v -27.269563674926758 0.012135273776948452 1
v 27.269563674926758 0.012135273776948452 1
v 27.545888900756836 0.050083894282579422 1
v 27.825473785400391 0.11580312252044678 1
v 28.104284286499023 0.21063509583473206 1
v 28.377883911132812 0.33514797687530518 1
v 28.641630172729492 0.48901346325874329 1
v 28.890893936157227 0.67094045877456665 1
v 29.121320724487305 0.87867963314056396 1
v 29.329059600830078 1.1091055870056152 1
v 29.510986328125 1.3583707809448242 1
v 29.664852142333984 1.6221162080764771 1
v 29.789365768432617 1.8957158327102661 1
v 29.884197235107422 2.174525260925293 1
v 29.949916839599609 2.454110860824585 1
v 29.987865447998047 2.7304368019104004 1
v 29.987865447998047 57.269561767578125 1
v 29.949916839599609 57.545890808105469 1
v 29.884197235107422 57.825473785400391 1
v 29.789365768432617 58.104282379150391 1
v 29.664852142333984 58.377883911132812 1
v 29.510986328125 58.641628265380859 1
v 29.329059600830078 58.890895843505859 1
v 29.121320724487305 59.121318817138672 1
v 28.890893936157227 59.329059600830078 1
v 28.641630172729492 59.510986328125 1
v 28.377883911132812 59.664852142333984 1
v 28.104284286499023 59.789363861083984 1
v 27.825473785400391 59.884197235107422 1
v 27.545888900756836 59.949916839599609 1
v 27.269563674926758 59.987865447998047 1
vt 0 0
vt 0 0.44999998807907104
vt 0.0041666668839752674 0.44999998807907104
vt 0.0020833334419876337 0.44999998807907104
vt 0.0041666668839752674 0
vt 0.0083333337679505348 0
vt 0.0041666668839752674 0
vt 0.0041666668839752674 0.44999998807907104
vt 0.0083333337679505348 0.44999998807907104
vt 0.0062500000931322575 0.44999998807907104
vt 0.0062500000931322575 0
vt 0.56666666269302368 0.02492675743997097
vt 0.56666666269302368 0.47360840439796448
vt 0.54166668653488159 0.49853515625
vt 0.091666676104068756 0.49853515625
vt 0.066666670143604279 0.47360840439796448
vt 0.066666670143604279 0.02492675743997097
vt 0.091666676104068756 0
vt 0.54166668653488159 0
vt 0.54391300678253174 0.0001008254403132014
vt 0.54621577262878418 0.00041614711517468095
vt 0.54854559898376465 0.0009621992358006537
vt 0.55086904764175415 0.0017501531401649117
vt 0.55314904451370239 0.0027847208548337221
vt 0.55534690618515015 0.0040631778538227081
vt 0.55742412805557251 0.0055747940205037594
vt 0.55934435129165649 0.00730088260024786
vt 0.56107550859451294 0.0092154722660779953
vt 0.562591552734375 0.011286595836281776
vt 0.5638737678527832 0.013478034175932407
vt 0.5649113655090332 0.015751350671052933
vt 0.56570166349411011 0.01806795597076416
vt 0.5662493109703064 0.020391007885336876
vt 0.56656557321548462 0.022686978802084923
vt 0.56656557321548462 0.47584819793701172
vt 0.5662493109703064 0.47814413905143738
vt 0.56570166349411011 0.48046720027923584
vt 0.5649113655090332 0.48278379440307617
vt 0.5638737678527832 0.48505711555480957
vt 0.562591552734375 0.48724856972694397
vt 0.56107550859451294 0.48931968212127686
vt 0.55934435129165649 0.49123427271842957
vt 0.55742412805557251 0.4929603636264801
vt 0.55534690618515015 0.49447199702262878
vt 0.55314904451370239 0.49575045704841614
vt 0.55086904764175415 0.49678501486778259
vt 0.54854559898376465 0.49757295846939087
vt 0.54621577262878418 0.49811899662017822
vt 0.54391300678253174 0.49843433499336243
vt 0.089420296251773834 0.49843433499336243
vt 0.087117590010166168 0.49811899662017822
vt 0.084787704050540924 0.49757295846939087
vt 0.082464314997196198 0.49678501486778259
vt 0.080184318125247955 0.49575045704841614
vt 0.077986426651477814 0.49447199702262878
vt 0.075909234583377838 0.4929603636264801
vt 0.073989011347293854 0.49123427271842957
vt 0.072257854044437408 0.48931968212127686
vt 0.07074178010225296 0.48724856972694397
vt 0.069459564983844757 0.48505711555480957
vt 0.068421967327594757 0.48278379440307617
vt 0.06763169914484024 0.48046720027923584
vt 0.067084051668643951 0.47814413905143738
vt 0.066767789423465729 0.47584819793701172
vt 0.066767789423465729 0.022686978802084923
vt 0.067084051668643951 0.020391007885336876
vt 0.06763169914484024 0.01806795597076416
vt 0.068421967327594757 0.015751350671052933
vt 0.069459564983844757 0.013478034175932407
vt 0.07074178010225296 0.011286595836281776
vt 0.072257854044437408 0.0092154722660779953
vt 0.073989011347293854 0.00730088260024786
vt 0.075909234583377838 0.0055747940205037594
vt 0.077986426651477814 0.0040631778538227081
vt 0.080184318125247955 0.0027847208548337221
vt 0.082464314997196198 0.0017501531401649117
vt 0.084787704050540924 0.0009621992358006537
vt 0.087117590010166168 0.00041614711517468095
vt 0.089420296251773834 0.0001008254403132014
vt 0.097559221088886261 0.48191729187965393
vt 0.5357741117477417 0.48191729187965393
vt 0.083333350718021393 0.46773311495780945
vt 0.084416218101978302 0.47316119074821472
vt 0.087500013411045074 0.4777628481388092
vt 0.092115201056003571 0.4808376133441925
vt 0.083333350718021393 0.030802050605416298
vt 0.097559221088886261 0.016617840155959129
vt 0.092115201056003571 0.017697546631097794
vt 0.087500013411045074 0.02077229879796505
vt 0.084416218101978302 0.025373987853527069
vt 0.5357741117477417 0.016617840155959129
vt 0.55000001192092896 0.030802050605416298
vt 0.54891711473464966 0.025373987853527069
vt 0.54583334922790527 0.02077229879796505
vt 0.541218101978302 0.017697546631097794
vt 0.55000001192092896 0.46773311495780945
vt 0.541218101978302 0.4808376133441925
vt 0.54583334922790527 0.4777628481388092
vt 0.54891711473464966 0.47316119074821472
vt 0.041666667908430099 0.039157211780548096
vt 0.04374999925494194 0.039157211780548096
vt 0.04583333432674408 0
vt 0.04583333432674408 0.039157211780548096
vt 0.04583333432674408 0.002447325736284256
vt 0.04583333432674408 0.004894651472568512
vt 0.04583333432674408 0.0073419767431914806
vt 0.04583333432674408 0.0097893029451370239
vt 0.04583333432674408 0.012236627750098705
vt 0.04583333432674408 0.014683953486382961
vt 0.04583333432674408 0.017131280153989792
vt 0.04583333432674408 0.019578605890274048
vt 0.04583333432674408 0.022025931626558304
vt 0.04583333432674408 0.024473255500197411
vt 0.04583333432674408 0.026920581236481667
vt 0.04583333432674408 0.029367906972765923
vt 0.04583333432674408 0.031815234571695328
vt 0.04583333432674408 0.034262560307979584
vt 0.04583333432674408 0.03670988604426384
vt 0.041666667908430099 0.03670988604426384
vt 0.041666667908430099 0.034262560307979584
vt 0.041666667908430099 0.031815234571695328
vt 0.041666667908430099 0.029367906972765923
vt 0.041666667908430099 0.026920581236481667
vt 0.041666667908430099 0.024473255500197411
vt 0.041666667908430099 0.022025931626558304
vt 0.041666667908430099 0.019578605890274048
vt 0.041666667908430099 0.017131280153989792
vt 0.041666667908430099 0.014683953486382961
vt 0.041666667908430099 0.012236627750098705
vt 0.041666667908430099 0.0097893029451370239
vt 0.041666667908430099 0.0073419767431914806
vt 0.041666667908430099 0.004894651472568512
vt 0.041666667908430099 0.002447325736284256
vt 0.041666667908430099 0
vt 0.04374999925494194 0.004894651472568512
vt 0.04374999925494194 0.014683953486382961
vt 0.04374999925494194 0.019578605890274048
vt 0.04374999925494194 0.024473255500197411
vt 0.04374999925494194 0.029367906972765923
vt 0.04374999925494194 0.034262560307979584
vt 0.04583333432674408 0
vt 0.04583333432674408 0.004894651472568512
vt 0.04583333432674408 0.0097893029451370239
vt 0.04583333432674408 0.039157211780548096
vt 0.04791666567325592 0
vt 0.04791666567325592 0.039157211780548096
vt 0.05000000074505806 0.039157211780548096
vt 0.04583333432674408 0.03670988604426384
vt 0.04583333432674408 0.034262560307979584
vt 0.04583333432674408 0.031815234571695328
vt 0.04583333432674408 0.029367906972765923
vt 0.04583333432674408 0.026920581236481667
vt 0.04583333432674408 0.024473255500197411
vt 0.04583333432674408 0.022025931626558304
vt 0.04583333432674408 0.019578605890274048
vt 0.04583333432674408 0.017131280153989792
vt 0.04583333432674408 0.014683953486382961
vt 0.04583333432674408 0.012236627750098705
vt 0.04583333432674408 0.0073419767431914806
vt 0.04583333432674408 0.002447325736284256
vt 0.05000000074505806 0
vt 0.05000000074505806 0.002447325736284256
vt 0.05000000074505806 0.004894651472568512
vt 0.05000000074505806 0.0073419767431914806
vt 0.05000000074505806 0.0097893029451370239
vt 0.05000000074505806 0.012236627750098705
vt 0.05000000074505806 0.014683953486382961
vt 0.05000000074505806 0.017131280153989792
vt 0.05000000074505806 0.019578605890274048
vt 0.05000000074505806 0.022025931626558304
vt 0.05000000074505806 0.024473255500197411
vt 0.05000000074505806 0.026920581236481667
vt 0.05000000074505806 0.029367906972765923
vt 0.05000000074505806 0.031815234571695328
vt 0.05000000074505806 0.034262560307979584
vt 0.05000000074505806 0.03670988604426384
vt 0.04791666567325592 0.0097893029451370239
vt 0.04791666567325592 0.014683953486382961
vt 0.04791666567325592 0.019578605890274048
vt 0.04791666567325592 0.024473255500197411
vt 0.04791666567325592 0.029367906972765923
vt 0.04791666567325592 0.034262560307979584
vt 0.05416666716337204 0
vt 0.05416666716337204 0.034262560307979584
vt 0.05416666716337204 0.039157211780548096
vt 0.056249998509883881 0
vt 0.056249998509883881 0.039157211780548096
vt 0.05833333358168602 0.039157211780548096
vt 0.05416666716337204 0.03670988604426384
vt 0.05416666716337204 0.031815234571695328
vt 0.05416666716337204 0.029367906972765923
vt 0.05416666716337204 0.026920581236481667
vt 0.05416666716337204 0.024473255500197411
vt 0.05416666716337204 0.022025931626558304
vt 0.05416666716337204 0.019578605890274048
vt 0.05416666716337204 0.017131280153989792
vt 0.05416666716337204 0.014683953486382961
vt 0.05416666716337204 0.012236627750098705
vt 0.05416666716337204 0.0097893029451370239
vt 0.05416666716337204 0.0073419767431914806
vt 0.05416666716337204 0.004894651472568512
vt 0.05416666716337204 0.002447325736284256
vt 0.05833333358168602 0
vt 0.05833333358168602 0.002447325736284256
vt 0.05833333358168602 0.004894651472568512
vt 0.05833333358168602 0.0073419767431914806
vt 0.05833333358168602 0.0097893029451370239
vt 0.05833333358168602 0.012236627750098705
vt 0.05833333358168602 0.014683953486382961
vt 0.05833333358168602 0.017131280153989792
vt 0.05833333358168602 0.019578605890274048
vt 0.05833333358168602 0.022025931626558304
vt 0.05833333358168602 0.024473255500197411
vt 0.05833333358168602 0.026920581236481667
vt 0.05833333358168602 0.029367906972765923
vt 0.05833333358168602 0.031815234571695328
vt 0.05833333358168602 0.034262560307979584
vt 0.05833333358168602 0.03670988604426384
vt 0.056249998509883881 0.0097893029451370239
vt 0.056249998509883881 0.014683953486382961
vt 0.056249998509883881 0.019578605890274048
vt 0.056249998509883881 0.024473255500197411
vt 0.056249998509883881 0.029367906972765923
vt 0.056249998509883881 0.034262560307979584
vt 0.02500000037252903 0
vt 0.02083333395421505 0
vt 0.02500000037252903 0.43821489810943604
vt 0.02083333395421505 0.43821489810943604
vt 0.02187499962747097 0
vt 0.02291666716337204 0
vt 0.02395833283662796 0.43821489810943604
vt 0.02291666716337204 0.43821489810943604
vt 0.02187499962747097 0.43821489810943604
vt 0.041666667908430099 0
vt 0.040624998509883881 0
vt 0.03958333283662796 0
vt 0.03854166716337204 0
vt 0.037500001490116119 0
vt 0.041666667908430099 0.0055504948832094669
vt 0.040624998509883881 0.0055504948832094669
vt 0.03958333283662796 0.0055504948832094669
vt 0.03854166716337204 0.0055504948832094669
vt 0.037500001490116119 0.0055504948832094669
vt 0.041666667908430099 0.011100989766418934
vt 0.040624998509883881 0.011100989766418934
vt 0.03958333283662796 0.011100989766418934
vt 0.03854166716337204 0.011100989766418934
vt 0.037500001490116119 0.011100989766418934
vt 0.041666667908430099 0.016651485115289688
vt 0.040624998509883881 0.016651485115289688
vt 0.03958333283662796 0.016651485115289688
vt 0.03854166716337204 0.016651485115289688
vt 0.037500001490116119 0.016651485115289688
vt 0.041666667908430099 0.022201979532837868
vt 0.03958333283662796 0.022201979532837868
vt 0.03854166716337204 0.022201979532837868
vt 0.037500001490116119 0.022201979532837868
vt 0.02083333395421505 0
vt 0.01666666753590107 0
vt 0.02083333395421505 0.43821489810943604
vt 0.01666666753590107 0.43821489810943604
vt 0.01979166641831398 0.43821489810943604
vt 0.01875000074505806 0.43821489810943604
vt 0.01770833320915699 0.43821489810943604
vt 0.01770833320915699 0
vt 0.01875000074505806 0
vt 0.01979166641831398 0
vt 0.02916666679084301 0
vt 0.02812499925494194 0
vt 0.02708333358168602 0
vt 0.02604166604578495 0
vt 0.02500000037252903 0
vt 0.02916666679084301 0.0055504948832094669
vt 0.02812499925494194 0.0055504948832094669
vt 0.02708333358168602 0.0055504948832094669
vt 0.02604166604578495 0.0055504948832094669
vt 0.02500000037252903 0.0055504948832094669
vt 0.02916666679084301 0.011100989766418934
vt 0.02812499925494194 0.011100989766418934
vt 0.02708333358168602 0.011100989766418934
vt 0.02604166604578495 0.011100989766418934
vt 0.02500000037252903 0.011100989766418934
vt 0.02916666679084301 0.016651485115289688
vt 0.02812499925494194 0.016651485115289688
vt 0.02708333358168602 0.016651485115289688
vt 0.02604166604578495 0.016651485115289688
vt 0.02500000037252903 0.016651485115289688
vt 0.02916666679084301 0.022201979532837868
vt 0.02812499925494194 0.022201979532837868
vt 0.02708333358168602 0.022201979532837868
vt 0.02604166604578495 0.022201979532837868
vt 0.02500000037252903 0.022201979532837868
vt 0.01666666753590107 0
vt 0.012500000186264515 0
vt 0.01666666753590107 0.43821489810943604
vt 0.012500000186264515 0.43821489810943604
vt 0.015625 0.43821489810943604
vt 0.014583333395421505 0.43821489810943604
vt 0.01354166679084301 0.43821489810943604
vt 0.01354166679084301 0
vt 0.014583333395421505 0
vt 0.037500001490116119 0
vt 0.036458332091569901 0
vt 0.03541666641831398 0
vt 0.03437500074505806 0
vt 0.033333335071802139 0
vt 0.037500001490116119 0.0055504948832094669
vt 0.036458332091569901 0.0055504948832094669
vt 0.03541666641831398 0.0055504948832094669
vt 0.03437500074505806 0.0055504948832094669
vt 0.033333335071802139 0.0055504948832094669
vt 0.037500001490116119 0.011100989766418934
vt 0.036458332091569901 0.011100989766418934
vt 0.03541666641831398 0.011100989766418934
vt 0.03437500074505806 0.011100989766418934
vt 0.033333335071802139 0.011100989766418934
vt 0.037500001490116119 0.016651485115289688
vt 0.036458332091569901 0.016651485115289688
vt 0.03541666641831398 0.016651485115289688
vt 0.03437500074505806 0.016651485115289688
vt 0.033333335071802139 0.016651485115289688
vt 0.037500001490116119 0.022201979532837868
vt 0.03541666641831398 0.022201979532837868
vt 0.03437500074505806 0.022201979532837868
vt 0.033333335071802139 0.022201979532837868
vt 0.012500000186264515 0
vt 0.0083333337679505348 0
vt 0.012500000186264515 0.43821489810943604
vt 0.0083333337679505348 0.43821489810943604
vt 0.01145833358168602 0.43821489810943604
vt 0.010416666977107525 0.43821489810943604
vt 0.0093750003725290298 0.43821489810943604
vt 0.0093750003725290298 0
vt 0.010416666977107525 0
vt 0.033333335071802139 0
vt 0.03229166567325592 0
vt 0.03125 0
vt 0.03020833246409893 0
vt 0.02916666679084301 0
vt 0.033333335071802139 0.0055504948832094669
vt 0.03229166567325592 0.0055504948832094669
vt 0.03125 0.0055504948832094669
vt 0.03020833246409893 0.0055504948832094669
vt 0.02916666679084301 0.0055504948832094669
vt 0.033333335071802139 0.011100989766418934
vt 0.03229166567325592 0.011100989766418934
vt 0.03125 0.011100989766418934
vt 0.03020833246409893 0.011100989766418934
vt 0.02916666679084301 0.011100989766418934
vt 0.033333335071802139 0.016651485115289688
vt 0.03229166567325592 0.016651485115289688
vt 0.03125 0.016651485115289688
vt 0.03020833246409893 0.016651485115289688
vt 0.02916666679084301 0.016651485115289688
vt 0.033333335071802139 0.022201979532837868
vt 0.03125 0.022201979532837868
vt 0.03020833246409893 0.022201979532837868
vt 0.02916666679084301 0.022201979532837868
vt 0.0625 0
vt 0.0625 0.44999998807907104
vt 0.064583331346511841 0
vt 0.066666670143604279 0.44999998807907104
vt 0.064583331346511841 0.44999998807907104
vt 0.066666670143604279 0
vt 0.05833333358168602 0
vt 0.0625 0.44999998807907104
vt 0.05833333358168602 0.44999998807907104
vt 0.060416664928197861 0
vt 0.0625 0
vt 0.060416664928197861 0.44999998807907104
vt 0.05000000074505806 0
vt 0.05000000074505806 0.029367906972765923
vt 0.05000000074505806 0.039157211780548096
vt 0.052083332091569901 0
vt 0.052083332091569901 0.039157211780548096
vt 0.05416666716337204 0.039157211780548096
vt 0.05000000074505806 0.03670988604426384
vt 0.05000000074505806 0.034262560307979584
vt 0.05000000074505806 0.031815234571695328
vt 0.05000000074505806 0.026920581236481667
vt 0.05000000074505806 0.024473255500197411
vt 0.05000000074505806 0.022025931626558304
vt 0.05000000074505806 0.019578605890274048
vt 0.05000000074505806 0.017131280153989792
vt 0.05000000074505806 0.014683953486382961
vt 0.05000000074505806 0.012236627750098705
vt 0.05000000074505806 0.0097893029451370239
vt 0.05000000074505806 0.0073419767431914806
vt 0.05000000074505806 0.004894651472568512
vt 0.05000000074505806 0.002447325736284256
vt 0.05416666716337204 0
vt 0.05416666716337204 0.002447325736284256
vt 0.05416666716337204 0.004894651472568512
vt 0.05416666716337204 0.0073419767431914806
vt 0.05416666716337204 0.0097893029451370239
vt 0.05416666716337204 0.012236627750098705
vt 0.05416666716337204 0.014683953486382961
vt 0.05416666716337204 0.017131280153989792
vt 0.05416666716337204 0.019578605890274048
vt 0.05416666716337204 0.022025931626558304
vt 0.05416666716337204 0.024473255500197411
vt 0.05416666716337204 0.026920581236481667
vt 0.05416666716337204 0.029367906972765923
vt 0.05416666716337204 0.031815234571695328
vt 0.05416666716337204 0.034262560307979584
vt 0.05416666716337204 0.03670988604426384
vt 0.052083332091569901 0.0097893029451370239
vt 0.052083332091569901 0.014683953486382961
vt 0.052083332091569901 0.019578605890274048
vt 0.052083332091569901 0.024473255500197411
vt 0.052083332091569901 0.029367906972765923
vt 0.052083332091569901 0.034262560307979584
vt 0.53857696056365967 0.51661783456802368
vt 0.10162486135959625 0.51661783456802368
vt 0.55276185274124146 0.53080207109451294
vt 0.55168211460113525 0.52537399530410767
vt 0.54860717058181763 0.52077227830886841
vt 0.54400527477264404 0.51769757270812988
vt 0.55276185274124146 0.96773308515548706
vt 0.53857696056365967 0.98191732168197632
vt 0.54400527477264404 0.98083758354187012
vt 0.54860717058181763 0.97776287794113159
vt 0.55168211460113525 0.97316116094589233
vt 0.10162486135959625 0.98191732168197632
vt 0.087439961731433868 0.96773308515548706
vt 0.088519729673862457 0.97316116094589233
vt 0.091594628989696503 0.97776287794113159
vt 0.096196539700031281 0.98083758354187012
vt 0.087439961731433868 0.53080207109451294
vt 0.096196539700031281 0.51769757270812988
vt 0.091594628989696503 0.52077227830886841
vt 0.088519729673862457 0.52537399530410767
vt 0.070821322500705719 0.97360837459564209
vt 0.070821322500705719 0.52492678165435791
vt 0.095749281346797943 0.5
vt 0.54445254802703857 0.5
vt 0.56938052177429199 0.52492678165435791
vt 0.56938052177429199 0.97360837459564209
vt 0.54445254802703857 0.99853515625
vt 0.095749281346797943 0.99853515625
vt 0.093509398400783539 0.99843430519104004
vt 0.091213315725326538 0.998119056224823
vt 0.088890150189399719 0.99757295846939087
vt 0.086573436856269836 0.99678498506546021
vt 0.084300011396408081 0.99575042724609375
vt 0.082108460366725922 0.9944719672203064
vt 0.080037236213684082 0.99296033382415771
vt 0.078122556209564209 0.99123424291610718
vt 0.076396383345127106 0.98931968212127686
vt 0.074884697794914246 0.98724853992462158
vt 0.073606178164482117 0.98505711555480957
vt 0.072571560740470886 0.98278379440307617
vt 0.071783572435379028 0.98046720027923584
vt 0.071237489581108093 0.97814416885375977
vt 0.070922166109085083 0.97584819793701172
vt 0.070922166109085083 0.52268695831298828
vt 0.071237489581108093 0.52039098739624023
vt 0.071783572435379028 0.51806795597076416
vt 0.072571560740470886 0.51575136184692383
vt 0.073606178164482117 0.51347804069519043
vt 0.074884697794914246 0.51128661632537842
vt 0.076396383345127106 0.50921547412872314
vt 0.078122556209564209 0.50730085372924805
vt 0.080037236213684082 0.50557476282119751
vt 0.082108460366725922 0.5040631890296936
vt 0.084300011396408081 0.50278472900390625
vt 0.086573436856269836 0.50175017118453979
vt 0.088890150189399719 0.50096219778060913
vt 0.091213315725326538 0.50041615962982178
vt 0.093509398400783539 0.50010085105895996
vt 0.54669243097305298 0.50010085105895996
vt 0.54898852109909058 0.50041615962982178
vt 0.5513116717338562 0.50096219778060913
vt 0.55362838506698608 0.50175017118453979
vt 0.55590182542800903 0.50278472900390625
vt 0.5580933690071106 0.5040631890296936
vt 0.56016457080841064 0.50557476282119751
vt 0.56207925081253052 0.50730085372924805
vt 0.56380546092987061 0.50921547412872314
vt 0.56531709432601929 0.51128661632537842
vt 0.56659567356109619 0.51347804069519043
vt 0.56763029098510742 0.51575136184692383
vt 0.56841826438903809 0.51806795597076416
vt 0.56896436214447021 0.52039098739624023
vt 0.56927967071533203 0.52268695831298828
vt 0.56927967071533203 0.97584819793701172
vt 0.56896436214447021 0.97814416885375977
vt 0.56841826438903809 0.98046720027923584
vt 0.56763029098510742 0.98278379440307617
vt 0.56659567356109619 0.98505711555480957
vt 0.56531709432601929 0.98724853992462158
vt 0.56380546092987061 0.98931968212127686
vt 0.56207925081253052 0.99123424291610718
vt 0.56016457080841064 0.99296033382415771
vt 0.5580933690071106 0.9944719672203064
vt 0.55590182542800903 0.99575042724609375
vt 0.55362838506698608 0.99678498506546021
vt 0.5513116717338562 0.99757295846939087
vt 0.54898852109909058 0.998119056224823
vt 0.54669243097305298 0.99843430519104004
vn -1 0 0
vn -1 0 0
vn -1 0 0
vn -1 0 0
vn -1 0 0
vn 1 0 0
vn 1 0 0
vn 1 0 0
vn 1 0 0
vn 1 0 0
vn 1 0 0
vn 0 0 1
vn 0 0 1
vn 0 0 1
vn 0 0 1
vn 0 0 1
vn 0 0 1
vn 0 0 1
vn 0 0 1
vn 0 0 1
vn 0 0 1
vn 0 0 1
vn 0 0 1
vn 0 0 1
vn 0 0 1
vn 0 0 1
vn 0 0 1
vn 0 0 1
vn 0 0 1
vn 0 0 1
vn 0 0 1
vn 0 0 1
vn 0 0 1
vn 0 0 1
vn 0 0 1
vn 0 0 1
vn 0 0 1
vn 0 0 1
vn 0 0 1
vn 0 0 1
vn 0 0 1
vn 0 0 1
vn 0 0 1
vn 0 0 1
vn 0 0 1
vn 0 0 1
vn 0 0 1
vn 0 0 1
vn 0 0 1
vn 0 0 1
vn 0 0 1
vn 0 0 1
vn 0 0 1
vn 0 0 1
vn 0 0 1
vn 0 0 1
vn 0 0 1
vn 0 0 1
vn 0 0 1
vn 0 0 1
vn 0 0 1
vn 0 0 1
vn 0 0 1
vn 0 0 1
vn 0 0 1
vn 0 0 1
vn 0 0 1
vn 0 0 1
vn 0 0 1
vn 0 0 1
vn 0 0 1
vn 0 0 1
vn 0 0 1
vn 0 0 1
vn 0 0 1
vn 0 0 1
vn 0 0 1
vn 0 0 1
vn 0 0 1
vn 0 0 1
vn 0 0 1
vn 0 0 1
vn 0 0 1
vn 0 0 1
vn 0 0 1
vn 0 0 1
vn 0 0 1
vn 0 0 1
vn 0 0 1
vn 0 0 1
vn 0 0 1
vn 0 0 1
vn 0 0 1
vn 0 0 1
vn 0 0 1
vn 0 0 1
vn 0 0 1
vn 0 0 1
vn 0 0 1
vn 0 1 0
vn 0 1 0
vn -1 0 0
vn 0 1 0
vn -0.99595493078231812 0.089854441583156586 0
vn -0.98330539464950562 0.18196305632591248 0
vn -0.96139895915985107 0.27515822649002075 0
vn -0.92978829145431519 0.36809471249580383 0
vn -0.88828402757644653 0.45929458737373352 0
vn -0.83699548244476318 0.54720973968505859 0
vn -0.77635318040847778 0.63029813766479492 0
vn -0.70710676908493042 0.70710676908493042 0
vn -0.63029813766479492 0.77635318040847778 0
vn -0.54720973968505859 0.83699548244476318 0
vn -0.45929458737373352 0.88828402757644653 0
vn -0.36809471249580383 0.92978829145431519 0
vn -0.27515822649002075 0.96139895915985107 0
vn -0.18196305632591248 0.98330539464950562 0
vn -0.089854441583156586 0.99595493078231812 0
vn -0.089854441583156586 0.99595493078231812 0
vn -0.18196305632591248 0.98330539464950562 0
vn -0.27515822649002075 0.96139895915985107 0
vn -0.36809471249580383 0.92978829145431519 0
vn -0.45929458737373352 0.88828402757644653 0
vn -0.54720973968505859 0.83699548244476318 0
vn -0.63029813766479492 0.77635318040847778 0
vn -0.70710676908493042 0.70710676908493042 0
vn -0.77635318040847778 0.63029813766479492 0
vn -0.83699548244476318 0.54720973968505859 0
vn -0.88828402757644653 0.45929458737373352 0
vn -0.92978829145431519 0.36809471249580383 0
vn -0.96139895915985107 0.27515822649002075 0
vn -0.98330539464950562 0.18196305632591248 0
vn -0.99595493078231812 0.089854441583156586 0
vn -1 0 0
vn -0.98330539464950562 0.18196305632591248 0
vn -0.83699548244476318 0.54720973968505859 0
vn -0.70710676908493042 0.70710676908493042 0
vn -0.54720973968505859 0.83699548244476318 0
vn -0.36809471249580383 0.92978829145431519 0
vn -0.18196305632591248 0.98330539464950562 0
vn -1 0 0
vn -0.98330539464950562 -0.18196305632591248 0
vn -0.92978829145431519 -0.36809471249580383 0
vn 0 -1 0
vn -1 0 0
vn 0 -1 0
vn 0 -1 0
vn -0.089854441583156586 -0.99595493078231812 0
vn -0.18196305632591248 -0.98330539464950562 0
vn -0.27515822649002075 -0.96139895915985107 0
vn -0.36809471249580383 -0.92978829145431519 0
vn -0.45929458737373352 -0.88828402757644653 0
vn -0.54720973968505859 -0.83699548244476318 0
vn -0.63029813766479492 -0.77635318040847778 0
vn -0.70710676908493042 -0.70710676908493042 0
vn -0.77635318040847778 -0.63029813766479492 0
vn -0.83699548244476318 -0.54720973968505859 0
vn -0.88828402757644653 -0.45929458737373352 0
vn -0.96139895915985107 -0.27515822649002075 0
vn -0.99595493078231812 -0.089854441583156586 0
vn -1 0 0
vn -0.99595493078231812 -0.089854441583156586 0
vn -0.98330539464950562 -0.18196305632591248 0
vn -0.96139895915985107 -0.27515822649002075 0
vn -0.92978829145431519 -0.36809471249580383 0
vn -0.88828402757644653 -0.45929458737373352 0
vn -0.83699548244476318 -0.54720973968505859 0
vn -0.77635318040847778 -0.63029813766479492 0
vn -0.70710676908493042 -0.70710676908493042 0
vn -0.63029813766479492 -0.77635318040847778 0
vn -0.54720973968505859 -0.83699548244476318 0
vn -0.45929458737373352 -0.88828402757644653 0
vn -0.36809471249580383 -0.92978829145431519 0
vn -0.27515822649002075 -0.96139895915985107 0
vn -0.18196305632591248 -0.98330539464950562 0
vn -0.089854441583156586 -0.99595493078231812 0
vn -0.92978829145431519 -0.36809471249580383 0
vn -0.83699548244476318 -0.54720973968505859 0
vn -0.70710676908493042 -0.70710676908493042 0
vn -0.54720973968505859 -0.83699548244476318 0
vn -0.36809471249580383 -0.92978829145431519 0
vn -0.18196305632591248 -0.98330539464950562 0
vn 0 -1 0
vn 0.98330539464950562 -0.18196305632591248 0
vn 1 0 0
vn 0 -1 0
vn 1 0 0
vn 1 0 0
vn 0.99595493078231812 -0.089854441583156586 0
vn 0.96139895915985107 -0.27515822649002075 0
vn 0.92978829145431519 -0.36809471249580383 0
vn 0.88828402757644653 -0.45929458737373352 0
vn 0.83699548244476318 -0.54720973968505859 0
vn 0.77635318040847778 -0.63029813766479492 0
vn 0.70710676908493042 -0.70710676908493042 0
vn 0.63029813766479492 -0.77635318040847778 0
vn 0.54720973968505859 -0.83699548244476318 0
vn 0.45929458737373352 -0.88828402757644653 0
vn 0.36809471249580383 -0.92978829145431519 0
vn 0.27515822649002075 -0.96139895915985107 0
vn 0.18196305632591248 -0.98330539464950562 0
vn 0.089854441583156586 -0.99595493078231812 0
vn 0 -1 0
vn 0.089854441583156586 -0.99595493078231812 0
vn 0.18196305632591248 -0.98330539464950562 0
vn 0.27515822649002075 -0.96139895915985107 0
vn 0.36809471249580383 -0.92978829145431519 0
vn 0.45929458737373352 -0.88828402757644653 0
vn 0.54720973968505859 -0.83699548244476318 0
vn 0.63029813766479492 -0.77635318040847778 0
vn 0.70710676908493042 -0.70710676908493042 0
vn 0.77635318040847778 -0.63029813766479492 0
vn 0.83699548244476318 -0.54720973968505859 0
vn 0.88828402757644653 -0.45929458737373352 0
vn 0.92978829145431519 -0.36809471249580383 0
vn 0.96139895915985107 -0.27515822649002075 0
vn 0.98330539464950562 -0.18196305632591248 0
vn 0.99595493078231812 -0.089854441583156586 0
vn 0.36809471249580383 -0.92978829145431519 0
vn 0.54720973968505859 -0.83699548244476318 0
vn 0.70710676908493042 -0.70710676908493042 0
vn 0.83699548244476318 -0.54720973968505859 0
vn 0.92978829145431519 -0.36809471249580383 0
vn 0.98330539464950562 -0.18196305632591248 0
vn 0 1 0
vn 0 1 0
vn 0 1 0
vn 0 1 0
vn 0 1 0
vn 0 1 0
vn 0 1 0
vn 0 1 0
vn 0 1 0
vn -1 0 0
vn -1 0 0
vn -1 0 0
vn -1 0 0
vn -1 0 0
vn -0.92387950420379639 0.38268342614173889 0
vn -0.92387950420379639 0.38268342614173889 0
vn -0.92387950420379639 0.38268342614173889 0
vn -0.92387950420379639 0.38268342614173889 0
vn -0.92387950420379639 0.38268342614173889 0
vn -0.70710676908493042 0.70710676908493042 0
vn -0.70710676908493042 0.70710676908493042 0
vn -0.70710676908493042 0.70710676908493042 0
vn -0.70710676908493042 0.70710676908493042 0
vn -0.70710676908493042 0.70710676908493042 0
vn -0.38268342614173889 0.92387950420379639 0
vn -0.38268342614173889 0.92387950420379639 0
vn -0.38268342614173889 0.92387950420379639 0
vn -0.38268342614173889 0.92387950420379639 0
vn -0.38268342614173889 0.92387950420379639 0
vn 0 1 0
vn 0 1 0
vn 0 1 0
vn 0 1 0
vn -1 0 0
vn -1 0 0
vn -1 0 0
vn -1 0 0
vn -1 0 0
vn -1 0 0
vn -1 0 0
vn -1 0 0
vn -1 0 0
vn -1 0 0
vn 0 -1 0
vn 0 -1 0
vn 0 -1 0
vn 0 -1 0
vn 0 -1 0
vn -0.38268342614173889 -0.92387950420379639 0
vn -0.38268342614173889 -0.92387950420379639 0
vn -0.38268342614173889 -0.92387950420379639 0
vn -0.38268342614173889 -0.92387950420379639 0
vn -0.38268342614173889 -0.92387950420379639 0
vn -0.70710676908493042 -0.70710676908493042 0
vn -0.70710676908493042 -0.70710676908493042 0
vn -0.70710676908493042 -0.70710676908493042 0
vn -0.70710676908493042 -0.70710676908493042 0
vn -0.70710676908493042 -0.70710676908493042 0
vn -0.92387950420379639 -0.38268342614173889 0
vn -0.92387950420379639 -0.38268342614173889 0
vn -0.92387950420379639 -0.38268342614173889 0
vn -0.92387950420379639 -0.38268342614173889 0
vn -0.92387950420379639 -0.38268342614173889 0
vn -1 0 0
vn -1 0 0
vn -1 0 0
vn -1 0 0
vn -1 0 0
vn 0 -1 0
vn 0 -1 0
vn 0 -1 0
vn 0 -1 0
vn 0 -1 0
vn 0 -1 0
vn 0 -1 0
vn 0 -1 0
vn 0 -1 0
vn 1 0 0
vn 1 0 0
vn 1 0 0
vn 1 0 0
vn 1 0 0
vn 0.92387950420379639 -0.38268342614173889 0
vn 0.92387950420379639 -0.38268342614173889 0
vn 0.92387950420379639 -0.38268342614173889 0
vn 0.92387950420379639 -0.38268342614173889 0
vn 0.92387950420379639 -0.38268342614173889 0
vn 0.70710676908493042 -0.70710676908493042 0
vn 0.70710676908493042 -0.70710676908493042 0
vn 0.70710676908493042 -0.70710676908493042 0
vn 0.70710676908493042 -0.70710676908493042 0
vn 0.70710676908493042 -0.70710676908493042 0
vn 0.38268342614173889 -0.92387950420379639 0
vn 0.38268342614173889 -0.92387950420379639 0
vn 0.38268342614173889 -0.92387950420379639 0
vn 0.38268342614173889 -0.92387950420379639 0
vn 0.38268342614173889 -0.92387950420379639 0
vn 0 -1 0
vn 0 -1 0
vn 0 -1 0
vn 0 -1 0
vn 1 0 0
vn 1 0 0
vn 1 0 0
vn 1 0 0
vn 1 0 0
vn 1 0 0
vn 1 0 0
vn 1 0 0
vn 1 0 0
vn 0 1 0
vn 0 1 0
vn 0 1 0
vn 0 1 0
vn 0 1 0
vn 0.38268342614173889 0.92387950420379639 0
vn 0.38268342614173889 0.92387950420379639 0
vn 0.38268342614173889 0.92387950420379639 0
vn 0.38268342614173889 0.92387950420379639 0
vn 0.38268342614173889 0.92387950420379639 0
vn 0.70710676908493042 0.70710676908493042 0
vn 0.70710676908493042 0.70710676908493042 0
vn 0.70710676908493042 0.70710676908493042 0
vn 0.70710676908493042 0.70710676908493042 0
vn 0.70710676908493042 0.70710676908493042 0
vn 0.92387950420379639 0.38268342614173889 0
vn 0.92387950420379639 0.38268342614173889 0
vn 0.92387950420379639 0.38268342614173889 0
vn 0.92387950420379639 0.38268342614173889 0
vn 0.92387950420379639 0.38268342614173889 0
vn 1 0 0
vn 1 0 0
vn 1 0 0
vn 1 0 0
vn 0 -1 0
vn 0 -1 0
vn 0 -1 0
vn 0 -1 0
vn 0 -1 0
vn 0 -1 0
vn 0 1 0
vn 0 1 0
vn 0 1 0
vn 0 1 0
vn 0 1 0
vn 0 1 0
vn 1 0 0
vn 0.36809471249580383 0.92978829145431519 0
vn 0 1 0
vn 1 0 0
vn 0 1 0
vn 0 1 0
vn 0.089854441583156586 0.99595493078231812 0
vn 0.18196305632591248 0.98330539464950562 0
vn 0.27515822649002075 0.96139895915985107 0
vn 0.45929458737373352 0.88828402757644653 0
vn 0.54720973968505859 0.83699548244476318 0
vn 0.63029813766479492 0.77635318040847778 0
vn 0.70710676908493042 0.70710676908493042 0
vn 0.77635318040847778 0.63029813766479492 0
vn 0.83699548244476318 0.54720973968505859 0
vn 0.88828402757644653 0.45929458737373352 0
vn 0.92978829145431519 0.36809471249580383 0
vn 0.96139895915985107 0.27515822649002075 0
vn 0.98330539464950562 0.18196305632591248 0
vn 0.99595493078231812 0.089854441583156586 0
vn 1 0 0
vn 0.99595493078231812 0.089854441583156586 0
vn 0.98330539464950562 0.18196305632591248 0
vn 0.96139895915985107 0.27515822649002075 0
vn 0.92978829145431519 0.36809471249580383 0
vn 0.88828402757644653 0.45929458737373352 0
vn 0.83699548244476318 0.54720973968505859 0
vn 0.77635318040847778 0.63029813766479492 0
vn 0.70710676908493042 0.70710676908493042 0
vn 0.63029813766479492 0.77635318040847778 0
vn 0.54720973968505859 0.83699548244476318 0
vn 0.45929458737373352 0.88828402757644653 0
vn 0.36809471249580383 0.92978829145431519 0
vn 0.27515822649002075 0.96139895915985107 0
vn 0.18196305632591248 0.98330539464950562 0
vn 0.089854441583156586 0.99595493078231812 0
vn 0.92978829145431519 0.36809471249580383 0
vn 0.83699548244476318 0.54720973968505859 0
vn 0.70710676908493042 0.70710676908493042 0
vn 0.54720973968505859 0.83699548244476318 0
vn 0.36809471249580383 0.92978829145431519 0
vn 0.18196305632591248 0.98330539464950562 0
vn 0 0 -1
vn 0 0 -1
vn 0 0 -1
vn 0 0 -1
vn 0 0 -1
vn 0 0 -1
vn 0 0 -1
vn 0 0 -1
vn 0 0 -1
vn 0 0 -1
vn 0 0 -1
vn 0 0 -1
vn 0 0 -1
vn 0 0 -1
vn 0 0 -1
vn 0 0 -1
vn 0 0 -1
vn 0 0 -1
vn 0 0 -1
vn 0 0 -1
vn 0 0 -1
vn 0 0 -1
vn 0 0 -1
vn 0 0 -1
vn 0 0 -1
vn 0 0 -1
vn 0 0 -1
vn 0 0 -1
vn 0 0 -1
vn 0 0 -1
vn 0 0 -1
vn 0 0 -1
vn 0 0 -1
vn 0 0 -1
vn 0 0 -1
vn 0 0 -1
vn 0 0 -1
vn 0 0 -1
vn 0 0 -1
vn 0 0 -1
vn 0 0 -1
vn 0 0 -1
vn 0 0 -1
vn 0 0 -1
vn 0 0 -1
vn 0 0 -1
vn 0 0 -1
vn 0 0 -1
vn 0 0 -1
vn 0 0 -1
vn 0 0 -1
vn 0 0 -1
vn 0 0 -1
vn 0 0 -1
vn 0 0 -1
vn 0 0 -1
vn 0 0 -1
vn 0 0 -1
vn 0 0 -1
vn 0 0 -1
vn 0 0 -1
vn 0 0 -1
vn 0 0 -1
vn 0 0 -1
vn 0 0 -1
vn 0 0 -1
vn 0 0 -1
vn 0 0 -1
vn 0 0 -1
vn 0 0 -1
vn 0 0 -1
vn 0 0 -1
vn 0 0 -1
vn 0 0 -1
vn 0 0 -1
vn 0 0 -1
vn 0 0 -1
vn 0 0 -1
vn 0 0 -1
vn 0 0 -1
vn 0 0 -1
vn 0 0 -1
vn 0 0 -1
vn 0 0 -1
vn 0 0 -1
vn 0 0 -1
vn 0 0 -1
vn 0 0 -1
f 579/579/579 583/583/583 582/582/582 580/580/580
f 583/583/583 581/581/581 582/582/582
f 589/589/589 584/584/584 587/587/587 588/588/588
f 585/585/585 589/589/589 588/588/588 586/586/586
f 672/672/672 602/602/602 603/603/603
f 604/604/604 605/605/605 672/672/672
f 603/603/603 604/604/604 672/672/672
f 672/672/672 605/605/605 606/606/606
f 598/598/598 673/673/673 597/597/597
f 601/601/601 673/673/673 600/600/600
f 673/673/673 601/601/601 602/602/602
f 599/599/599 600/600/600 673/673/673
f 599/599/599 673/673/673 598/598/598
f 607/607/607 672/672/672 606/606/606
f 610/610/610 671/671/671 609/609/609
f 612/612/612 671/671/671 611/611/611
f 611/611/611 671/671/671 610/610/610
f 612/612/612 590/590/590 671/671/671
f 597/597/597 673/673/673 669/669/669
f 673/673/673 602/602/602 672/672/672
f 672/672/672 607/607/607 608/608/608
f 608/608/608 671/671/671 672/672/672
f 609/609/609 671/671/671 608/608/608
f 671/671/671 590/590/590 670/670/670
f 670/670/670 590/590/590 591/591/591
f 596/596/596 597/597/597 669/669/669
f 666/666/666 656/656/656 657/657/657
f 654/654/654 655/655/655 666/666/666
f 653/653/653 654/654/654 666/666/666
f 666/666/666 655/655/655 656/656/656
f 651/651/651 652/652/652 667/667/667
f 653/653/653 667/667/667 652/652/652
f 649/649/649 650/650/650 667/667/667
f 667/667/667 650/650/650 651/651/651
f 667/667/667 648/648/648 649/649/649
f 596/596/596 666/666/666 657/657/657
f 666/666/666 667/667/667 653/653/653
f 595/595/595 668/668/668 664/664/664
f 647/647/647 667/667/667 668/668/668
f 648/648/648 667/667/667 647/647/647
f 646/646/646 668/668/668 645/645/645
f 668/668/668 646/646/646 647/647/647
f 644/644/644 668/668/668 643/643/643
f 645/645/645 668/668/668 644/644/644
f 668/668/668 595/595/595 643/643/643
f 595/595/595 664/664/664 660/660/660
f 665/665/665 666/666/666 596/596/596
f 665/665/665 596/596/596 669/669/669
f 613/613/613 677/677/677 591/591/591
f 615/615/615 677/677/677 614/614/614
f 614/614/614 677/677/677 613/613/613
f 615/615/615 616/616/616 677/677/677
f 677/677/677 674/674/674 591/591/591
f 617/617/617 676/676/676 677/677/677
f 592/592/592 659/659/659 675/675/675
f 675/675/675 676/676/676 623/623/623
f 676/676/676 617/617/617 618/618/618
f 677/677/677 616/616/616 617/617/617
f 670/670/670 591/591/591 674/674/674
f 676/676/676 619/619/619 620/620/620
f 676/676/676 621/621/621 622/622/622
f 676/676/676 620/620/620 621/621/621
f 676/676/676 622/622/622 623/623/623
f 624/624/624 625/625/625 675/675/675
f 626/626/626 675/675/675 625/625/625
f 675/675/675 627/627/627 592/592/592
f 675/675/675 626/626/626 627/627/627
f 675/675/675 623/623/623 624/624/624
f 619/619/619 676/676/676 618/618/618
f 658/658/658 659/659/659 592/592/592
f 594/594/594 660/660/660 661/661/661
f 663/663/663 632/632/632 662/662/662
f 637/637/637 638/638/638 662/662/662
f 638/638/638 661/661/661 662/662/662
f 594/594/594 661/661/661 642/642/642
f 642/642/642 661/661/661 641/641/641
f 641/641/641 661/661/661 640/640/640
f 640/640/640 661/661/661 639/639/639
f 661/661/661 638/638/638 639/639/639
f 593/593/593 663/663/663 658/658/658
f 595/595/595 660/660/660 594/594/594
f 630/630/630 631/631/631 663/663/663
f 629/629/629 663/663/663 628/628/628
f 630/630/630 663/663/663 629/629/629
f 631/631/631 632/632/632 663/663/663
f 662/662/662 636/636/636 637/637/637
f 662/662/662 635/635/635 636/636/636
f 662/662/662 634/634/634 635/635/635
f 633/633/633 634/634/634 662/662/662
f 662/662/662 632/632/632 633/633/633
f 628/628/628 663/663/663 593/593/593
f 593/593/593 658/658/658 592/592/592
f 713/713/713 711/711/711 712/712/712
f 713/713/713 709/709/709 710/710/710
f 713/713/713 708/708/708 709/709/709
f 710/710/710 711/711/711 713/713/713
f 707/707/707 708/708/708 714/714/714
f 713/713/713 714/714/714 708/708/708
f 705/705/705 706/706/706 714/714/714
f 707/707/707 714/714/714 706/706/706
f 714/714/714 715/715/715 704/704/704 705/705/705
f 714/714/714 713/713/713 685/685/685 686/686/686
f 713/713/713 712/712/712 680/680/680
f 715/715/715 703/703/703 704/704/704
f 702/702/702 716/716/716 701/701/701
f 701/701/701 717/717/717 700/700/700
f 716/716/716 702/702/702 703/703/703
f 718/718/718 698/698/698 699/699/699
f 699/699/699 700/700/700 717/717/717
f 698/698/698 718/718/718 697/697/697
f 697/697/697 679/679/679 678/678/678
f 716/716/716 703/703/703 715/715/715
f 715/715/715 714/714/714 688/688/688 689/689/689
f 682/682/682 683/683/683 713/713/713
f 684/684/684 685/685/685 713/713/713
f 683/683/683 684/684/684 713/713/713
f 687/687/687 688/688/688 714/714/714
f 689/689/689 690/690/690 715/715/715
f 716/716/716 715/715/715 690/690/690 691/691/691
f 686/686/686 687/687/687 714/714/714
f 717/717/717 716/716/716 692/692/692 693/693/693
f 699/699/699 717/717/717 718/718/718
f 718/718/718 717/717/717 694/694/694 695/695/695
f 679/679/679 718/718/718 696/696/696 681/681/681
f 697/697/697 718/718/718 679/679/679
f 716/716/716 691/691/691 692/692/692
f 701/701/701 716/716/716 717/717/717
f 717/717/717 693/693/693 694/694/694
f 718/718/718 695/695/695 696/696/696
f 680/680/680 682/682/682 713/713/713
f 723/723/723 738/738/738 719/719/719
f 755/755/755 737/737/737 720/720/720
f 755/755/755 721/721/721 737/737/737
f 720/720/720 738/738/738 723/723/723
f 721/721/721 755/755/755 736/736/736
f 723/723/723 741/741/741 720/720/720
f 735/735/735 736/736/736 756/756/756
f 755/755/755 756/756/756 736/736/736
f 734/734/734 735/735/735 756/756/756
f 756/756/756 755/755/755 744/744/744 745/745/745
f 720/720/720 741/741/741 755/755/755
f 757/757/757 733/733/733 734/734/734
f 732/732/732 758/758/758 731/731/731
f 731/731/731 758/758/758 730/730/730
f 732/732/732 733/733/733 757/757/757
f 759/759/759 728/728/728 729/729/729
f 729/729/729 730/730/730 759/759/759
f 760/760/760 727/727/727 728/728/728
f 727/727/727 760/760/760 726/726/726
f 726/726/726 724/724/724 722/722/722
f 758/758/758 732/732/732 757/757/757
f 757/757/757 734/734/734 756/756/756
f 757/757/757 756/756/756 746/746/746
f 740/740/740 741/741/741 723/723/723
f 742/742/742 743/743/743 755/755/755
f 743/743/743 744/744/744 755/755/755
f 741/741/741 742/742/742 755/755/755
f 745/745/745 746/746/746 756/756/756
f 747/747/747 748/748/748 757/757/757
f 757/757/757 748/748/748 758/758/758
f 746/746/746 747/747/747 757/757/757
f 759/759/759 758/758/758 750/750/750 751/751/751
f 748/748/748 749/749/749 758/758/758
f 728/728/728 759/759/759 760/760/760
f 760/760/760 759/759/759 752/752/752 753/753/753
f 724/724/724 760/760/760 754/754/754 725/725/725
f 726/726/726 760/760/760 724/724/724
f 758/758/758 749/749/749 750/750/750
f 730/730/730 758/758/758 759/759/759
f 759/759/759 751/751/751 752/752/752
f 760/760/760 753/753/753 754/754/754
f 739/739/739 740/740/740 723/723/723
f 764/764/764 780/780/780 761/761/761
f 797/797/797 778/778/778 779/779/779
f 797/797/797 777/777/777 778/778/778
f 779/779/779 780/780/780 764/764/764
f 777/777/777 797/797/797 776/776/776
f 797/797/797 764/764/764 782/782/782 783/783/783
f 775/775/775 776/776/776 798/798/798
f 797/797/797 798/798/798 776/776/776
f 774/774/774 775/775/775 798/798/798
f 798/798/798 797/797/797 785/785/785 786/786/786
f 764/764/764 797/797/797 779/779/779
f 799/799/799 773/773/773 774/774/774
f 772/772/772 800/800/800 771/771/771
f 771/771/771 800/800/800 770/770/770
f 772/772/772 773/773/773 799/799/799
f 801/801/801 768/768/768 769/769/769
f 769/769/769 770/770/770 801/801/801
f 802/802/802 762/762/762 768/768/768
f 762/762/762 802/802/802 767/767/767
f 767/767/767 765/765/765 763/763/763
f 800/800/800 772/772/772 799/799/799
f 799/799/799 774/774/774 798/798/798
f 799/799/799 798/798/798 787/787/787 788/788/788
f 784/784/784 785/785/785 797/797/797
f 783/783/783 784/784/784 797/797/797
f 789/789/789 790/790/790 799/799/799
f 799/799/799 790/790/790 800/800/800
f 788/788/788 789/789/789 799/799/799
f 786/786/786 787/787/787 798/798/798
f 801/801/801 800/800/800 791/791/791 792/792/792
f 790/790/790 791/791/791 800/800/800
f 768/768/768 801/801/801 802/802/802
f 802/802/802 801/801/801 793/793/793 794/794/794
f 765/765/765 802/802/802 796/796/796 766/766/766
f 767/767/767 802/802/802 765/765/765
f 770/770/770 800/800/800 801/801/801
f 801/801/801 792/792/792 793/793/793
f 802/802/802 795/795/795 796/796/796
f 802/802/802 794/794/794 795/795/795
f 781/781/781 782/782/782 764/764/764
f 808/808/808 810/810/810 809/809/809 803/803/803
f 804/804/804 806/806/806 811/811/811 807/807/807
f 807/807/807 811/811/811 810/810/810 808/808/808
f 803/803/803 809/809/809 805/805/805
f 824/824/824 823/823/823 818/818/818 819/819/819
f 825/825/825 824/824/824 819/819/819 820/820/820
f 829/829/829 828/828/828 823/823/823 824/824/824
f 830/830/830 829/829/829 824/824/824 825/825/825
f 813/813/813 818/818/818 817/817/817 812/812/812
f 818/818/818 823/823/823 822/822/822 817/817/817
f 818/818/818 813/813/813 814/814/814 819/819/819
f 815/815/815 820/820/820 819/819/819 814/814/814
f 816/816/816 821/821/821 820/820/820 815/815/815
f 821/821/821 826/826/826 825/825/825 820/820/820
f 827/827/827 822/822/822 823/823/823 828/828/828
f 832/832/832 827/827/827 828/828/828
f 829/829/829 833/833/833 828/828/828
f 832/832/832 828/828/828 833/833/833
f 833/833/833 829/829/829 830/830/830 834/834/834
f 826/826/826 831/831/831 830/830/830 825/825/825
f 834/834/834 830/830/830 831/831/831 835/835/835
f 845/845/845 840/840/840 838/838/838 836/836/836
f 843/843/843 842/842/842 841/841/841 844/844/844
f 837/837/837 839/839/839 842/842/842 843/843/843
f 844/844/844 841/841/841 840/840/840 845/845/845
f 858/858/858 857/857/857 852/852/852 853/853/853
f 859/859/859 858/858/858 853/853/853 854/854/854
f 863/863/863 862/862/862 857/857/857 858/858/858
f 864/864/864 863/863/863 858/858/858 859/859/859
f 847/847/847 852/852/852 851/851/851 846/846/846
f 856/856/856 851/851/851 852/852/852 857/857/857
f 857/857/857 862/862/862 861/861/861 856/856/856
f 852/852/852 847/847/847 848/848/848 853/853/853
f 849/849/849 854/854/854 853/853/853 848/848/848
f 850/850/850 855/855/855 854/854/854 849/849/849
f 855/855/855 860/860/860 859/859/859 854/854/854
f 862/862/862 867/867/867 866/866/866 861/861/861
f 863/863/863 868/868/868 867/867/867 862/862/862
f 868/868/868 863/863/863 864/864/864 869/869/869
f 860/860/860 865/865/865 864/864/864 859/859/859
f 869/869/869 864/864/864 865/865/865 870/870/870
f 879/879/879 876/876/876 875/875/875 871/871/871
f 872/872/872 874/874/874 877/877/877 878/878/878
f 878/878/878 877/877/877 876/876/876 879/879/879
f 871/871/871 875/875/875 873/873/873
f 892/892/892 891/891/891 886/886/886 887/887/887
f 893/893/893 892/892/892 887/887/887 888/888/888
f 897/897/897 896/896/896 891/891/891 892/892/892
f 898/898/898 897/897/897 892/892/892 893/893/893
f 881/881/881 886/886/886 885/885/885 880/880/880
f 886/886/886 891/891/891 890/890/890 885/885/885
f 886/886/886 881/881/881 882/882/882 887/887/887
f 883/883/883 888/888/888 887/887/887 882/882/882
f 884/884/884 889/889/889 888/888/888 883/883/883
f 889/889/889 894/894/894 893/893/893 888/888/888
f 895/895/895 890/890/890 891/891/891 896/896/896
f 900/900/900 895/895/895 896/896/896
f 897/897/897 901/901/901 896/896/896
f 900/900/900 896/896/896 901/901/901
f 901/901/901 897/897/897 898/898/898 902/902/902
f 894/894/894 899/899/899 898/898/898 893/893/893
f 902/902/902 898/898/898 899/899/899 903/903/903
f 912/912/912 909/909/909 908/908/908 904/904/904
f 905/905/905 907/907/907 910/910/910 911/911/911
f 911/911/911 910/910/910 909/909/909 912/912/912
f 904/904/904 908/908/908 906/906/906
f 925/925/925 924/924/924 919/919/919 920/920/920
f 926/926/926 925/925/925 920/920/920 921/921/921
f 930/930/930 929/929/929 924/924/924 925/925/925
f 931/931/931 930/930/930 925/925/925 926/926/926
f 914/914/914 919/919/919 918/918/918 913/913/913
f 919/919/919 924/924/924 923/923/923 918/918/918
f 919/919/919 914/914/914 915/915/915 920/920/920
f 916/916/916 921/921/921 920/920/920 915/915/915
f 917/917/917 922/922/922 921/921/921 916/916/916
f 922/922/922 927/927/927 926/926/926 921/921/921
f 928/928/928 923/923/923 924/924/924 929/929/929
f 933/933/933 928/928/928 929/929/929
f 930/930/930 934/934/934 929/929/929
f 933/933/933 929/929/929 934/934/934
f 934/934/934 930/930/930 931/931/931 935/935/935
f 927/927/927 932/932/932 931/931/931 926/926/926
f 935/935/935 931/931/931 932/932/932 936/936/936
f 939/939/939 942/942/942 940/940/940 941/941/941
f 937/937/937 939/939/939 941/941/941 938/938/938
f 946/946/946 947/947/947 944/944/944 948/948/948
f 943/943/943 946/946/946 948/948/948 945/945/945
f 952/952/952 968/968/968 949/949/949
f 985/985/985 966/966/966 967/967/967
f 985/985/985 965/965/965 966/966/966
f 967/967/967 968/968/968 952/952/952
f 965/965/965 985/985/985 964/964/964
f 985/985/985 952/952/952 970/970/970 971/971/971
f 963/963/963 964/964/964 986/986/986
f 985/985/985 986/986/986 964/964/964
f 962/962/962 963/963/963 986/986/986
f 986/986/986 985/985/985 973/973/973 974/974/974
f 952/952/952 985/985/985 967/967/967
f 987/987/987 961/961/961 962/962/962
f 960/960/960 988/988/988 959/959/959
f 959/959/959 988/988/988 958/958/958
f 960/960/960 961/961/961 987/987/987
f 989/989/989 957/957/957 950/950/950
f 950/950/950 958/958/958 989/989/989
f 990/990/990 956/956/956 957/957/957
f 956/956/956 990/990/990 955/955/955
f 955/955/955 953/953/953 951/951/951
f 988/988/988 960/960/960 987/987/987
f 987/987/987 962/962/962 986/986/986
f 987/987/987 986/986/986 975/975/975 976/976/976
f 972/972/972 973/973/973 985/985/985
f 971/971/971 972/972/972 985/985/985
f 977/977/977 978/978/978 987/987/987
f 987/987/987 978/978/978 988/988/988
f 976/976/976 977/977/977 987/987/987
f 974/974/974 975/975/975 986/986/986
f 980/980/980 989/989/989 988/988/988
f 978/978/978 979/979/979 988/988/988
f 957/957/957 989/989/989 990/990/990
f 989/989/989 982/982/982 990/990/990
f 953/953/953 990/990/990 983/983/983 984/984/984
f 955/955/955 990/990/990 953/953/953
f 988/988/988 979/979/979 980/980/980
f 958/958/958 988/988/988 989/989/989
f 989/989/989 980/980/980 981/981/981
f 989/989/989 981/981/981 982/982/982
f 953/953/953 984/984/984 954/954/954
f 990/990/990 982/982/982 983/983/983
f 969/969/969 970/970/970 952/952/952
f 1040/1040/1040 1039/1039/1039 1009/1009/1009
f 1042/1042/1042 1041/1041/1041 1009/1009/1009
f 1009/1009/1009 1041/1041/1041 1040/1040/1040
f 1009/1009/1009 1039/1039/1039 1038/1038/1038
f 1035/1035/1035 1034/1034/1034 1010/1010/1010
f 1036/1036/1036 1035/1035/1035 1010/1010/1010
f 1038/1038/1038 1037/1037/1037 1010/1010/1010
f 1036/1036/1036 1010/1010/1010 1037/1037/1037
f 1010/1010/1010 1034/1034/1034 1012/1012/1012
f 1042/1042/1042 1009/1009/1009 1043/1043/1043
f 1046/1046/1046 1045/1045/1045 1008/1008/1008
f 1048/1048/1048 1047/1047/1047 1008/1008/1008
f 1008/1008/1008 1047/1047/1047 1046/1046/1046
f 1008/1008/1008 1013/1013/1013 1048/1048/1048
f 1012/1012/1012 1007/1007/1007 1010/1010/1010
f 1010/1010/1010 1009/1009/1009 1038/1038/1038
f 1009/1009/1009 1044/1044/1044 1043/1043/1043
f 1044/1044/1044 1009/1009/1009 1008/1008/1008
f 1045/1045/1045 1044/1044/1044 1008/1008/1008
f 1008/1008/1008 992/992/992 1013/1013/1013
f 1013/1013/1013 992/992/992 991/991/991 1014/1014/1014
f 1003/1003/1003 1007/1007/1007 1012/1012/1012
f 1031/1031/1031 1004/1004/1004 1032/1032/1032
f 1004/1004/1004 1030/1030/1030 1029/1029/1029
f 1004/1004/1004 1031/1031/1031 1030/1030/1030
f 1033/1033/1033 1032/1032/1032 1004/1004/1004
f 1005/1005/1005 1027/1027/1027 1026/1026/1026
f 1027/1027/1027 1005/1005/1005 1028/1028/1028
f 1024/1024/1024 1005/1005/1005 1025/1025/1025
f 1025/1025/1025 1005/1005/1005 1026/1026/1026
f 1029/1029/1029 1028/1028/1028 1005/1005/1005
f 1004/1004/1004 1011/1011/1011 1033/1033/1033
f 1004/1004/1004 1029/1029/1029 1005/1005/1005
f 1018/1018/1018 1002/1002/1002 1006/1006/1006
f 1023/1023/1023 1006/1006/1006 1005/1005/1005
f 1024/1024/1024 1023/1023/1023 1005/1005/1005
f 1022/1022/1022 1021/1021/1021 1006/1006/1006
f 1006/1006/1006 1023/1023/1023 1022/1022/1022
f 1020/1020/1020 1019/1019/1019 1006/1006/1006
f 1006/1006/1006 1021/1021/1021 1020/1020/1020
f 1019/1019/1019 1018/1018/1018 1006/1006/1006
f 1002/1002/1002 1018/1018/1018 1017/1017/1017 998/998/998
f 1003/1003/1003 1011/1011/1011 1004/1004/1004
f 1003/1003/1003 1012/1012/1012 1011/1011/1011
f 1049/1049/1049 1014/1014/1014 996/996/996
f 1051/1051/1051 1050/1050/1050 996/996/996
f 996/996/996 1050/1050/1050 1049/1049/1049
f 1052/1052/1052 1051/1051/1051 996/996/996
f 996/996/996 1014/1014/1014 991/991/991
f 1053/1053/1053 996/996/996 995/995/995
f 1015/1015/1015 994/994/994 993/993/993
f 994/994/994 1059/1059/1059 995/995/995
f 995/995/995 1054/1054/1054 1053/1053/1053
f 996/996/996 1053/1053/1053 1052/1052/1052
f 995/995/995 1056/1056/1056 1055/1055/1055
f 1057/1057/1057 995/995/995 1058/1058/1058
f 1057/1057/1057 1056/1056/1056 995/995/995
f 995/995/995 1059/1059/1059 1058/1058/1058
f 1060/1060/1060 994/994/994 1061/1061/1061
f 1061/1061/1061 994/994/994 1062/1062/1062
f 1015/1015/1015 1063/1063/1063 994/994/994
f 994/994/994 1063/1063/1063 1062/1062/1062
f 1060/1060/1060 1059/1059/1059 994/994/994
f 995/995/995 1055/1055/1055 1054/1054/1054
f 1016/1016/1016 1015/1015/1015 993/993/993
f 1017/1017/1017 999/999/999 998/998/998
f 1001/1001/1001 1000/1000/1000 1068/1068/1068
f 1073/1073/1073 1000/1000/1000 1074/1074/1074
f 1074/1074/1074 1000/1000/1000 999/999/999
f 1017/1017/1017 1078/1078/1078 999/999/999
f 1078/1078/1078 1077/1077/1077 999/999/999
f 999/999/999 1077/1077/1077 1076/1076/1076
f 1076/1076/1076 1075/1075/1075 999/999/999
f 1075/1075/1075 1074/1074/1074 999/999/999
f 1016/1016/1016 997/997/997 1001/1001/1001
f 1066/1066/1066 1001/1001/1001 1067/1067/1067
f 1066/1066/1066 1065/1065/1065 1001/1001/1001
f 1064/1064/1064 1001/1001/1001 1065/1065/1065
f 1068/1068/1068 1067/1067/1067 1001/1001/1001
f 1073/1073/1073 1072/1072/1072 1000/1000/1000
f 1072/1072/1072 1071/1071/1071 1000/1000/1000
f 1000/1000/1000 1071/1071/1071 1070/1070/1070
f 1070/1070/1070 1069/1069/1069 1000/1000/1000
f 1000/1000/1000 1069/1069/1069 1068/1068/1068
f 1016/1016/1016 1001/1001/1001 1064/1064/1064
f 1016/1016/1016 993/993/993 997/997/997
usemtl Default
v 23 30 -2.5
v 23 30 -2
v 22.906963348388672 32.066650390625 -2.5
v 22.906963348388672 32.066650390625 -2
v 22.616024017333984 34.185150146484375 -2.5
v 22.616024017333984 34.185150146484375 -2
v 22.112176895141602 36.328639984130859 -2.5
v 22.112176895141602 36.328639984130859 -2
v 21.3851318359375 38.466178894042969 -2.5
v 21.3851318359375 38.466178894042969 -2
v 20.430532455444336 40.563774108886719 -2.5
v 20.430532455444336 40.563774108886719 -2
v 19.250896453857422 42.585823059082031 -2.5
v 19.250896453857422 42.585823059082031 -2
v 17.856122970581055 44.496856689453125 -2.5
v 17.856122970581055 44.496856689453125 -2
v 16.263456344604492 46.263454437255859 -2.5
v 16.263456344604492 46.263454437255859 -2
v 14.496856689453125 47.856124877929688 -2.5
v 14.496856689453125 47.856124877929688 -2
v 12.585824012756348 49.250896453857422 -2.5
v 12.585824012756348 49.250896453857422 -2
v 10.563776016235352 50.430530548095703 -2.5
v 10.563776016235352 50.430530548095703 -2
v 8.4661779403686523 51.3851318359375 -2.5
v 8.4661779403686523 51.3851318359375 -2
v 6.328639030456543 52.112174987792969 -2.5
v 6.328639030456543 52.112174987792969 -2
v 4.185150146484375 52.616024017333984 -2.5
v 4.185150146484375 52.616024017333984 -2
v 2.0666520595550537 52.906963348388672 -2.5
v 2.0666520595550537 52.906963348388672 -2
v 0 53 -2.5
v 0 53 -2
v -2.0666520595550537 52.906963348388672 -2.5
v -2.0666520595550537 52.906963348388672 -2
v -4.185150146484375 52.616024017333984 -2.5
v -4.185150146484375 52.616024017333984 -2
v -6.328639030456543 52.112174987792969 -2.5
v -6.328639030456543 52.112174987792969 -2
v -8.4661779403686523 51.3851318359375 -2.5
v -8.4661779403686523 51.3851318359375 -2
v -10.563776016235352 50.430530548095703 -2.5
v -10.563776016235352 50.430530548095703 -2
v -12.585824012756348 49.250896453857422 -2.5
v -12.585824012756348 49.250896453857422 -2
v -14.496856689453125 47.856124877929688 -2.5
v -14.496856689453125 47.856124877929688 -2
v -16.263456344604492 46.263454437255859 -2.5
v -16.263456344604492 46.263454437255859 -2
v -17.856122970581055 44.496856689453125 -2.5
v -17.856122970581055 44.496856689453125 -2
v -19.250896453857422 42.585823059082031 -2.5
v -19.250896453857422 42.585823059082031 -2
v -20.430532455444336 40.563774108886719 -2.5
v -20.430532455444336 40.563774108886719 -2
v -21.3851318359375 38.466178894042969 -2.5
v -21.3851318359375 38.466178894042969 -2
v -22.112176895141602 36.328639984130859 -2.5
v -22.112176895141602 36.328639984130859 -2
v -22.616024017333984 34.185150146484375 -2.5
v -22.616024017333984 34.185150146484375 -2
v -22.906963348388672 32.066650390625 -2.5
v -22.906963348388672 32.066650390625 -2
v -23 30 -2.5
v -23 30 -2
v -22.906963348388672 27.933347702026367 -2.5
v -22.906963348388672 27.933347702026367 -2
v -22.616024017333984 25.814849853515625 -2.5
v -22.616024017333984 25.814849853515625 -2
v -22.112176895141602 23.671361923217773 -2.5
v -22.112176895141602 23.671361923217773 -2
v -21.3851318359375 21.533821105957031 -2.5
v -21.3851318359375 21.533821105957031 -2
v -20.430532455444336 19.436223983764648 -2.5
v -20.430532455444336 19.436223983764648 -2
v -19.250896453857422 17.414175033569336 -2.5
v -19.250896453857422 17.414175033569336 -2
v -17.856122970581055 15.503143310546875 -2.5
v -17.856122970581055 15.503143310546875 -2
v -16.263456344604492 13.736543655395508 -2.5
v -16.263456344604492 13.736543655395508 -2
v -14.496856689453125 12.143877029418945 -2.5
v -14.496856689453125 12.143877029418945 -2
v -12.585824012756348 10.749103546142578 -2.5
v -12.585824012756348 10.749103546142578 -2
v -10.563776016235352 9.5694675445556641 -2.5
v -10.563776016235352 9.5694675445556641 -2
v -8.4661779403686523 8.6148691177368164 -2.5
v -8.4661779403686523 8.6148691177368164 -2
v -6.328639030456543 7.8878240585327148 -2.5
v -6.328639030456543 7.8878240585327148 -2
v -4.185150146484375 7.3839764595031738 -2.5
v -4.185150146484375 7.3839764595031738 -2
v -2.0666520595550537 7.0930371284484863 -2.5
v -2.0666520595550537 7.0930371284484863 -2
v 0 7 -2.5
v 0 7 -2
v 2.0666520595550537 7.0930371284484863 -2.5
v 2.0666520595550537 7.0930371284484863 -2
v 4.185150146484375 7.3839764595031738 -2.5
v 4.185150146484375 7.3839764595031738 -2
v 6.328639030456543 7.8878240585327148 -2.5
v 6.328639030456543 7.8878240585327148 -2
v 8.4661779403686523 8.6148691177368164 -2.5
v 8.4661779403686523 8.6148691177368164 -2
v 10.563776016235352 9.5694675445556641 -2.5
v 10.563776016235352 9.5694675445556641 -2
v 12.585824012756348 10.749103546142578 -2.5
v 12.585824012756348 10.749103546142578 -2
v 14.496856689453125 12.143877029418945 -2.5
v 14.496856689453125 12.143877029418945 -2
v 16.263456344604492 13.736543655395508 -2.5
v 16.263456344604492 13.736543655395508 -2
v 17.856122970581055 15.503143310546875 -2.5
v 17.856122970581055 15.503143310546875 -2
v 19.250896453857422 17.414175033569336 -2.5
v 19.250896453857422 17.414175033569336 -2
v 20.430532455444336 19.436223983764648 -2.5
v 20.430532455444336 19.436223983764648 -2
v 21.3851318359375 21.533821105957031 -2.5
v 21.3851318359375 21.533821105957031 -2
v 22.112176895141602 23.671361923217773 -2.5
v 22.112176895141602 23.671361923217773 -2
v 22.616024017333984 25.814849853515625 -2.5
v 22.616024017333984 25.814849853515625 -2
v 22.906963348388672 27.933347702026367 -2.5
v 22.906963348388672 27.933347702026367 -2
v 23 30 -2.5
v 23 30 -2
v 21 30 -2.5
v 21 30 -2
v 20.91505241394043 28.113056182861328 -2.5
v 20.91505241394043 28.113056182861328 -2
v 20.649412155151367 26.178775787353516 -2.5
v 20.649412155151367 26.178775787353516 -2
v 20.18937873840332 24.221677780151367 -2.5
v 20.18937873840332 24.221677780151367 -2
v 19.525554656982422 22.270011901855469 -2.5
v 19.525554656982422 22.270011901855469 -2
v 18.653964996337891 20.354812622070312 -2.5
v 18.653964996337891 20.354812622070312 -2
v 17.576906204223633 18.508594512939453 -2.5
v 17.576906204223633 18.508594512939453 -2
v 16.303417205810547 16.763738632202148 -2.5
v 16.303417205810547 16.763738632202148 -2
v 14.849242210388184 15.150757789611816 -2.5
v 14.849242210388184 15.150757789611816 -2
v 13.236260414123535 13.696582794189453 -2.5
v 13.236260414123535 13.696582794189453 -2
v 11.49140453338623 12.423093795776367 -2.5
v 11.49140453338623 12.423093795776367 -2
v 9.6451864242553711 11.346035957336426 -2.5
v 9.6451864242553711 11.346035957336426 -2
v 7.7299890518188477 10.474445343017578 -2.5
v 7.7299890518188477 10.474445343017578 -2
v 5.778322696685791 9.8106222152709961 -2.5
v 5.778322696685791 9.8106222152709961 -2
v 3.8212242126464844 9.3505868911743164 -2.5
v 3.8212242126464844 9.3505868911743164 -2
v 1.8869432210922241 9.0849466323852539 -2.5
v 1.8869432210922241 9.0849466323852539 -2
v 0 9 -2.5
v 0 9 -2
v -1.8869432210922241 9.0849466323852539 -2.5
v -1.8869432210922241 9.0849466323852539 -2
v -3.8212242126464844 9.3505868911743164 -2.5
v -3.8212242126464844 9.3505868911743164 -2
v -5.778322696685791 9.8106222152709961 -2.5
v -5.778322696685791 9.8106222152709961 -2
v -7.7299890518188477 10.474445343017578 -2.5
v -7.7299890518188477 10.474445343017578 -2
v -9.6451864242553711 11.346035957336426 -2.5
v -9.6451864242553711 11.346035957336426 -2
v -11.49140453338623 12.423093795776367 -2.5
v -11.49140453338623 12.423093795776367 -2
v -13.236260414123535 13.696582794189453 -2.5
v -13.236260414123535 13.696582794189453 -2
v -14.849242210388184 15.150757789611816 -2.5
v -14.849242210388184 15.150757789611816 -2
v -16.303417205810547 16.763738632202148 -2.5
v -16.303417205810547 16.763738632202148 -2
v -17.576906204223633 18.508594512939453 -2.5
v -17.576906204223633 18.508594512939453 -2
v -18.653964996337891 20.354812622070312 -2.5
v -18.653964996337891 20.354812622070312 -2
v -19.525554656982422 22.270011901855469 -2.5
v -19.525554656982422 22.270011901855469 -2
v -20.18937873840332 24.221677780151367 -2.5
v -20.18937873840332 24.221677780151367 -2
v -20.649412155151367 26.178775787353516 -2.5
v -20.649412155151367 26.178775787353516 -2
v -20.91505241394043 28.113056182861328 -2.5
v -20.91505241394043 28.113056182861328 -2
v -21 30 -2.5
v -21 30 -2
v -20.91505241394043 31.886943817138672 -2.5
v -20.91505241394043 31.886943817138672 -2
v -20.649412155151367 33.821224212646484 -2.5
v -20.649412155151367 33.821224212646484 -2
v -20.18937873840332 35.778324127197266 -2.5
v -20.18937873840332 35.778324127197266 -2
v -19.525554656982422 37.729988098144531 -2.5
v -19.525554656982422 37.729988098144531 -2
v -18.653964996337891 39.645187377929688 -2.5
v -18.653964996337891 39.645187377929688 -2
v -17.576906204223633 41.491405487060547 -2.5
v -17.576906204223633 41.491405487060547 -2
v -16.303417205810547 43.236259460449219 -2.5
v -16.303417205810547 43.236259460449219 -2
v -14.849242210388184 44.8492431640625 -2.5
v -14.849242210388184 44.8492431640625 -2
v -13.236260414123535 46.303417205810547 -2.5
v -13.236260414123535 46.303417205810547 -2
v -11.49140453338623 47.576904296875 -2.5
v -11.49140453338623 47.576904296875 -2
v -9.6451864242553711 48.653964996337891 -2.5
v -9.6451864242553711 48.653964996337891 -2
v -7.7299890518188477 49.525554656982422 -2.5
v -7.7299890518188477 49.525554656982422 -2
v -5.778322696685791 50.189376831054688 -2.5
v -5.778322696685791 50.189376831054688 -2
v -3.8212242126464844 50.6494140625 -2.5
v -3.8212242126464844 50.6494140625 -2
v -1.8869432210922241 50.915054321289062 -2.5
v -1.8869432210922241 50.915054321289062 -2
v 0 51 -2.5
v 0 51 -2
v 1.8869432210922241 50.915054321289062 -2.5
v 1.8869432210922241 50.915054321289062 -2
v 3.8212242126464844 50.6494140625 -2.5
v 3.8212242126464844 50.6494140625 -2
v 5.778322696685791 50.189376831054688 -2.5
v 5.778322696685791 50.189376831054688 -2
v 7.7299890518188477 49.525554656982422 -2.5
v 7.7299890518188477 49.525554656982422 -2
v 9.6451864242553711 48.653964996337891 -2.5
v 9.6451864242553711 48.653964996337891 -2
v 11.49140453338623 47.576904296875 -2.5
v 11.49140453338623 47.576904296875 -2
v 13.236260414123535 46.303417205810547 -2.5
v 13.236260414123535 46.303417205810547 -2
v 14.849242210388184 44.8492431640625 -2.5
v 14.849242210388184 44.8492431640625 -2
v 16.303417205810547 43.236259460449219 -2.5
v 16.303417205810547 43.236259460449219 -2
v 17.576906204223633 41.491405487060547 -2.5
v 17.576906204223633 41.491405487060547 -2
v 18.653964996337891 39.645187377929688 -2.5
v 18.653964996337891 39.645187377929688 -2
v 19.525554656982422 37.729988098144531 -2.5
v 19.525554656982422 37.729988098144531 -2
v 20.18937873840332 35.778324127197266 -2.5
v 20.18937873840332 35.778324127197266 -2
v 20.649412155151367 33.821224212646484 -2.5
v 20.649412155151367 33.821224212646484 -2
v 20.91505241394043 31.886943817138672 -2.5
v 20.91505241394043 31.886943817138672 -2
v 21 30 -2.5
v 21 30 -2
v 23 30 -2.5
v 22.906963348388672 32.066650390625 -2.5
v 22.616024017333984 34.185150146484375 -2.5
v 22.112176895141602 36.328639984130859 -2.5
v 21.3851318359375 38.466178894042969 -2.5
v 20.430532455444336 40.563774108886719 -2.5
v 19.250896453857422 42.585823059082031 -2.5
v 17.856122970581055 44.496856689453125 -2.5
v 16.263456344604492 46.263454437255859 -2.5
v 14.496856689453125 47.856124877929688 -2.5
v 12.585824012756348 49.250896453857422 -2.5
v 10.563776016235352 50.430530548095703 -2.5
v 8.4661779403686523 51.3851318359375 -2.5
v 6.328639030456543 52.112174987792969 -2.5
v 4.185150146484375 52.616024017333984 -2.5
v 2.0666520595550537 52.906963348388672 -2.5
v 0 53 -2.5
v -2.0666520595550537 52.906963348388672 -2.5
v -4.185150146484375 52.616024017333984 -2.5
v -6.328639030456543 52.112174987792969 -2.5
v -8.4661779403686523 51.3851318359375 -2.5
v -10.563776016235352 50.430530548095703 -2.5
v -12.585824012756348 49.250896453857422 -2.5
v -14.496856689453125 47.856124877929688 -2.5
v -16.263456344604492 46.263454437255859 -2.5
v -17.856122970581055 44.496856689453125 -2.5
v -19.250896453857422 42.585823059082031 -2.5
v -20.430532455444336 40.563774108886719 -2.5
v -21.3851318359375 38.466178894042969 -2.5
v -22.112176895141602 36.328639984130859 -2.5
v -22.616024017333984 34.185150146484375 -2.5
v -22.906963348388672 32.066650390625 -2.5
v -23 30 -2.5
v -22.906963348388672 27.933347702026367 -2.5
v -22.616024017333984 25.814849853515625 -2.5
v -22.112176895141602 23.671361923217773 -2.5
v -21.3851318359375 21.533821105957031 -2.5
v -20.430532455444336 19.436223983764648 -2.5
v -19.250896453857422 17.414175033569336 -2.5
v -17.856122970581055 15.503143310546875 -2.5
v -16.263456344604492 13.736543655395508 -2.5
v -14.496856689453125 12.143877029418945 -2.5
v -12.585824012756348 10.749103546142578 -2.5
v -10.563776016235352 9.5694675445556641 -2.5
v -8.4661779403686523 8.6148691177368164 -2.5
v -6.328639030456543 7.8878240585327148 -2.5
v -4.185150146484375 7.3839764595031738 -2.5
v -2.0666520595550537 7.0930371284484863 -2.5
v 0 7 -2.5
v 2.0666520595550537 7.0930371284484863 -2.5
v 4.185150146484375 7.3839764595031738 -2.5
v 6.328639030456543 7.8878240585327148 -2.5
v 8.4661779403686523 8.6148691177368164 -2.5
v 10.563776016235352 9.5694675445556641 -2.5
v 12.585824012756348 10.749103546142578 -2.5
v 14.496856689453125 12.143877029418945 -2.5
v 16.263456344604492 13.736543655395508 -2.5
v 17.856122970581055 15.503143310546875 -2.5
v 19.250896453857422 17.414175033569336 -2.5
v 20.430532455444336 19.436223983764648 -2.5
v 21.3851318359375 21.533821105957031 -2.5
v 22.112176895141602 23.671361923217773 -2.5
v 22.616024017333984 25.814849853515625 -2.5
v 22.906963348388672 27.933347702026367 -2.5
v 21 30 -2.5
v 20.91505241394043 28.113056182861328 -2.5
v 20.649412155151367 26.178775787353516 -2.5
v 20.18937873840332 24.221677780151367 -2.5
v 19.525554656982422 22.270011901855469 -2.5
v 18.653964996337891 20.354812622070312 -2.5
v 17.576906204223633 18.508594512939453 -2.5
v 16.303417205810547 16.763738632202148 -2.5
v 14.849242210388184 15.150757789611816 -2.5
v 13.236260414123535 13.696582794189453 -2.5
v 11.49140453338623 12.423093795776367 -2.5
v 9.6451864242553711 11.346035957336426 -2.5
v 7.7299890518188477 10.474445343017578 -2.5
v 5.778322696685791 9.8106222152709961 -2.5
v 3.8212242126464844 9.3505868911743164 -2.5
v 1.8869432210922241 9.0849466323852539 -2.5
v 0 9 -2.5
v -1.8869432210922241 9.0849466323852539 -2.5
v -3.8212242126464844 9.3505868911743164 -2.5
v -5.778322696685791 9.8106222152709961 -2.5
v -7.7299890518188477 10.474445343017578 -2.5
v -9.6451864242553711 11.346035957336426 -2.5
v -11.49140453338623 12.423093795776367 -2.5
v -13.236260414123535 13.696582794189453 -2.5
v -14.849242210388184 15.150757789611816 -2.5
v -16.303417205810547 16.763738632202148 -2.5
v -17.576906204223633 18.508594512939453 -2.5
v -18.653964996337891 20.354812622070312 -2.5
v -19.525554656982422 22.270011901855469 -2.5
v -20.18937873840332 24.221677780151367 -2.5
v -20.649412155151367 26.178775787353516 -2.5
v -20.91505241394043 28.113056182861328 -2.5
v -21 30 -2.5
v -20.91505241394043 31.886943817138672 -2.5
v -20.649412155151367 33.821224212646484 -2.5
v -20.18937873840332 35.778324127197266 -2.5
v -19.525554656982422 37.729988098144531 -2.5
v -18.653964996337891 39.645187377929688 -2.5
v -17.576906204223633 41.491405487060547 -2.5
v -16.303417205810547 43.236259460449219 -2.5
v -14.849242210388184 44.8492431640625 -2.5
v -13.236260414123535 46.303417205810547 -2.5
v -11.49140453338623 47.576904296875 -2.5
v -9.6451864242553711 48.653964996337891 -2.5
v -7.7299890518188477 49.525554656982422 -2.5
v -5.778322696685791 50.189376831054688 -2.5
v -3.8212242126464844 50.6494140625 -2.5
v -1.8869432210922241 50.915054321289062 -2.5
v 0 51 -2.5
v 1.8869432210922241 50.915054321289062 -2.5
v 3.8212242126464844 50.6494140625 -2.5
v 5.778322696685791 50.189376831054688 -2.5
v 7.7299890518188477 49.525554656982422 -2.5
v 9.6451864242553711 48.653964996337891 -2.5
v 11.49140453338623 47.576904296875 -2.5
v 13.236260414123535 46.303417205810547 -2.5
v 14.849242210388184 44.8492431640625 -2.5
v 16.303417205810547 43.236259460449219 -2.5
v 17.576906204223633 41.491405487060547 -2.5
v 18.653964996337891 39.645187377929688 -2.5
v 19.525554656982422 37.729988098144531 -2.5
v 20.18937873840332 35.778324127197266 -2.5
v 20.649412155151367 33.821224212646484 -2.5
v 20.91505241394043 31.886943817138672 -2.5
v 23 30 -2
v 22.906963348388672 32.066650390625 -2
v 22.616024017333984 34.185150146484375 -2
v 22.112176895141602 36.328639984130859 -2
v 21.3851318359375 38.466178894042969 -2
v 20.430532455444336 40.563774108886719 -2
v 19.250896453857422 42.585823059082031 -2
v 17.856122970581055 44.496856689453125 -2
v 16.263456344604492 46.263454437255859 -2
v 14.496856689453125 47.856124877929688 -2
v 12.585824012756348 49.250896453857422 -2
v 10.563776016235352 50.430530548095703 -2
v 8.4661779403686523 51.3851318359375 -2
v 6.328639030456543 52.112174987792969 -2
v 4.185150146484375 52.616024017333984 -2
v 2.0666520595550537 52.906963348388672 -2
v 0 53 -2
v -2.0666520595550537 52.906963348388672 -2
v -4.185150146484375 52.616024017333984 -2
v -6.328639030456543 52.112174987792969 -2
v -8.4661779403686523 51.3851318359375 -2
v -10.563776016235352 50.430530548095703 -2
v -12.585824012756348 49.250896453857422 -2
v -14.496856689453125 47.856124877929688 -2
v -16.263456344604492 46.263454437255859 -2
v -17.856122970581055 44.496856689453125 -2
v -19.250896453857422 42.585823059082031 -2
v -20.430532455444336 40.563774108886719 -2
v -21.3851318359375 38.466178894042969 -2
v -22.112176895141602 36.328639984130859 -2
v -22.616024017333984 34.185150146484375 -2
v -22.906963348388672 32.066650390625 -2
v -23 30 -2
v -22.906963348388672 27.933347702026367 -2
v -22.616024017333984 25.814849853515625 -2
v -22.112176895141602 23.671361923217773 -2
v -21.3851318359375 21.533821105957031 -2
v -20.430532455444336 19.436223983764648 -2
v -19.250896453857422 17.414175033569336 -2
v -17.856122970581055 15.503143310546875 -2
v -16.263456344604492 13.736543655395508 -2
v -14.496856689453125 12.143877029418945 -2
v -12.585824012756348 10.749103546142578 -2
v -10.563776016235352 9.5694675445556641 -2
v -8.4661779403686523 8.6148691177368164 -2
v -6.328639030456543 7.8878240585327148 -2
v -4.185150146484375 7.3839764595031738 -2
v -2.0666520595550537 7.0930371284484863 -2
v 0 7 -2
v 2.0666520595550537 7.0930371284484863 -2
v 4.185150146484375 7.3839764595031738 -2
v 6.328639030456543 7.8878240585327148 -2
v 8.4661779403686523 8.6148691177368164 -2
v 10.563776016235352 9.5694675445556641 -2
v 12.585824012756348 10.749103546142578 -2
v 14.496856689453125 12.143877029418945 -2
v 16.263456344604492 13.736543655395508 -2
v 17.856122970581055 15.503143310546875 -2
v 19.250896453857422 17.414175033569336 -2
v 20.430532455444336 19.436223983764648 -2
v 21.3851318359375 21.533821105957031 -2
v 22.112176895141602 23.671361923217773 -2
v 22.616024017333984 25.814849853515625 -2
v 22.906963348388672 27.933347702026367 -2
v 21 30 -2
v 20.91505241394043 28.113056182861328 -2
v 20.649412155151367 26.178775787353516 -2
v 20.18937873840332 24.221677780151367 -2
v 19.525554656982422 22.270011901855469 -2
v 18.653964996337891 20.354812622070312 -2
v 17.576906204223633 18.508594512939453 -2
v 16.303417205810547 16.763738632202148 -2
v 14.849242210388184 15.150757789611816 -2
v 13.236260414123535 13.696582794189453 -2
v 11.49140453338623 12.423093795776367 -2
v 9.6451864242553711 11.346035957336426 -2
v 7.7299890518188477 10.474445343017578 -2
v 5.778322696685791 9.8106222152709961 -2
v 3.8212242126464844 9.3505868911743164 -2
v 1.8869432210922241 9.0849466323852539 -2
v 0 9 -2
v -1.8869432210922241 9.0849466323852539 -2
v -3.8212242126464844 9.3505868911743164 -2
v -5.778322696685791 9.8106222152709961 -2
v -7.7299890518188477 10.474445343017578 -2
v -9.6451864242553711 11.346035957336426 -2
v -11.49140453338623 12.423093795776367 -2
v -13.236260414123535 13.696582794189453 -2
v -14.849242210388184 15.150757789611816 -2
v -16.303417205810547 16.763738632202148 -2
v -17.576906204223633 18.508594512939453 -2
v -18.653964996337891 20.354812622070312 -2
v -19.525554656982422 22.270011901855469 -2
v -20.18937873840332 24.221677780151367 -2
v -20.649412155151367 26.178775787353516 -2
v -20.91505241394043 28.113056182861328 -2
v -21 30 -2
v -20.91505241394043 31.886943817138672 -2
v -20.649412155151367 33.821224212646484 -2
v -20.18937873840332 35.778324127197266 -2
v -19.525554656982422 37.729988098144531 -2
v -18.653964996337891 39.645187377929688 -2
v -17.576906204223633 41.491405487060547 -2
v -16.303417205810547 43.236259460449219 -2
v -14.849242210388184 44.8492431640625 -2
v -13.236260414123535 46.303417205810547 -2
v -11.49140453338623 47.576904296875 -2
v -9.6451864242553711 48.653964996337891 -2
v -7.7299890518188477 49.525554656982422 -2
v -5.778322696685791 50.189376831054688 -2
v -3.8212242126464844 50.6494140625 -2
v -1.8869432210922241 50.915054321289062 -2
v 0 51 -2
v 1.8869432210922241 50.915054321289062 -2
v 3.8212242126464844 50.6494140625 -2
v 5.778322696685791 50.189376831054688 -2
v 7.7299890518188477 49.525554656982422 -2
v 9.6451864242553711 48.653964996337891 -2
v 11.49140453338623 47.576904296875 -2
v 13.236260414123535 46.303417205810547 -2
v 14.849242210388184 44.8492431640625 -2
v 16.303417205810547 43.236259460449219 -2
v 17.576906204223633 41.491405487060547 -2
v 18.653964996337891 39.645187377929688 -2
v 19.525554656982422 37.729988098144531 -2
v 20.18937873840332 35.778324127197266 -2
v 20.649412155151367 33.821224212646484 -2
v 20.91505241394043 31.886943817138672 -2
vt 0 0
vt 0 0.50270247459411621
vt 0.008167613297700882 0
vt 0.008167613297700882 0.50270247459411621
vt 0.016335226595401764 0
vt 0.016335226595401764 0.50270247459411621
vt 0.024502841755747795 0
vt 0.024502841755747795 0.50270247459411621
vt 0.032670453190803528 0
vt 0.032670453190803528 0.50270247459411621
vt 0.04083806648850441 0
vt 0.04083806648850441 0.50270247459411621
vt 0.04900568351149559 0
vt 0.04900568351149559 0.50270247459411621
vt 0.057173296809196472 0
vt 0.057173296809196472 0.50270247459411621
vt 0.065340906381607056 0
vt 0.065340906381607056 0.50270247459411621
vt 0.073508523404598236 0
vt 0.073508523404598236 0.50270247459411621
vt 0.08167613297700882 0
vt 0.08167613297700882 0.50270247459411621
vt 0.08984375 0
vt 0.08984375 0.50270247459411621
vt 0.09801136702299118 0
vt 0.09801136702299118 0.50270247459411621
vt 0.10617897659540176 0
vt 0.10617897659540176 0.50270247459411621
vt 0.11434659361839294 0
vt 0.11434659361839294 0.50270247459411621
vt 0.12251420319080353 0
vt 0.12251420319080353 0.50270247459411621
vt 0.13068181276321411 0
vt 0.13068181276321411 0.50270247459411621
vt 0.13884943723678589 0
vt 0.13884943723678589 0.50270247459411621
vt 0.14701704680919647 0
vt 0.14701704680919647 0.50270247459411621
vt 0.15518465638160706 0
vt 0.15518465638160706 0.50270247459411621
vt 0.16335226595401764 0
vt 0.16335226595401764 0.50270247459411621
vt 0.17151989042758942 0
vt 0.17151989042758942 0.50270247459411621
vt 0.1796875 0
vt 0.1796875 0.50270247459411621
vt 0.18785510957241058 0
vt 0.18785510957241058 0.50270247459411621
vt 0.19602273404598236 0
vt 0.19602273404598236 0.50270247459411621
vt 0.20419034361839294 0
vt 0.20419034361839294 0.50270247459411621
vt 0.21235795319080353 0
vt 0.21235795319080353 0.50270247459411621
vt 0.22052556276321411 0
vt 0.22052556276321411 0.50270247459411621
vt 0.22869318723678589 0
vt 0.22869318723678589 0.50270247459411621
vt 0.23686079680919647 0
vt 0.23686079680919647 0.50270247459411621
vt 0.24502840638160706 0
vt 0.24502840638160706 0.50270247459411621
vt 0.25319603085517883 0
vt 0.25319603085517883 0.50270247459411621
vt 0.26136362552642822 0
vt 0.26136362552642822 0.50270247459411621
vt 0.26953125 0
vt 0.26953125 0.50270247459411621
vt 0.27769887447357178 0
vt 0.27769887447357178 0.50270247459411621
vt 0.28586646914482117 0
vt 0.28586646914482117 0.50270247459411621
vt 0.29403409361839294 0
vt 0.29403409361839294 0.50270247459411621
vt 0.30220171809196472 0
vt 0.30220171809196472 0.50270247459411621
vt 0.31036931276321411 0
vt 0.31036931276321411 0.50270247459411621
vt 0.31853693723678589 0
vt 0.31853693723678589 0.50270247459411621
vt 0.32670453190803528 0
vt 0.32670453190803528 0.50270247459411621
vt 0.33487215638160706 0
vt 0.33487215638160706 0.50270247459411621
vt 0.34303978085517883 0
vt 0.34303978085517883 0.50270247459411621
vt 0.35120737552642822 0
vt 0.35120737552642822 0.50270247459411621
vt 0.359375 0
vt 0.359375 0.50270247459411621
vt 0.36754262447357178 0
vt 0.36754262447357178 0.50270247459411621
vt 0.37571021914482117 0
vt 0.37571021914482117 0.50270247459411621
vt 0.38387784361839294 0
vt 0.38387784361839294 0.50270247459411621
vt 0.39204546809196472 0
vt 0.39204546809196472 0.50270247459411621
vt 0.40021306276321411 0
vt 0.40021306276321411 0.50270247459411621
vt 0.40838068723678589 0
vt 0.40838068723678589 0.50270247459411621
vt 0.41654828190803528 0
vt 0.41654828190803528 0.50270247459411621
vt 0.42471590638160706 0
vt 0.42471590638160706 0.50270247459411621
vt 0.43288353085517883 0
vt 0.43288353085517883 0.50270247459411621
vt 0.44105112552642822 0
vt 0.44105112552642822 0.50270247459411621
vt 0.44921875 0
vt 0.44921875 0.50270247459411621
vt 0.45738637447357178 0
vt 0.45738637447357178 0.50270247459411621
vt 0.46555396914482117 0
vt 0.46555396914482117 0.50270247459411621
vt 0.47372159361839294 0
vt 0.47372159361839294 0.50270247459411621
vt 0.48188921809196472 0
vt 0.48188921809196472 0.50270247459411621
vt 0.49005681276321411 0
vt 0.49005681276321411 0.50270247459411621
vt 0.49822443723678589 0
vt 0.49822443723678589 0.50270247459411621
vt 0.50639206171035767 0
vt 0.50639206171035767 0.50270247459411621
vt 0.51455968618392944 0
vt 0.51455968618392944 0.50270247459411621
vt 0.52272725105285645 0
vt 0.52272725105285645 0.50270247459411621
vt 0.52272725105285645 0
vt 0.52272725105285645 0.50270247459411621
vt 0.53018468618392944 0
vt 0.53018468618392944 0.50270247459411621
vt 0.53764206171035767 0
vt 0.53764206171035767 0.50270247459411621
vt 0.54509943723678589 0
vt 0.54509943723678589 0.50270247459411621
vt 0.55255681276321411 0
vt 0.55255681276321411 0.50270247459411621
vt 0.56001418828964233 0
vt 0.56001418828964233 0.50270247459411621
vt 0.56747156381607056 0
vt 0.56747156381607056 0.50270247459411621
vt 0.57492899894714355 0
vt 0.57492899894714355 0.50270247459411621
vt 0.58238637447357178 0
vt 0.58238637447357178 0.50270247459411621
vt 0.58984375 0
vt 0.58984375 0.50270247459411621
vt 0.59730112552642822 0
vt 0.59730112552642822 0.50270247459411621
vt 0.60475850105285645 0
vt 0.60475850105285645 0.50270247459411621
vt 0.61221593618392944 0
vt 0.61221593618392944 0.50270247459411621
vt 0.61967331171035767 0
vt 0.61967331171035767 0.50270247459411621
vt 0.62713068723678589 0
vt 0.62713068723678589 0.50270247459411621
vt 0.63458806276321411 0
vt 0.63458806276321411 0.50270247459411621
vt 0.64204543828964233 0
vt 0.64204543828964233 0.50270247459411621
vt 0.64950281381607056 0
vt 0.64950281381607056 0.50270247459411621
vt 0.65696024894714355 0
vt 0.65696024894714355 0.50270247459411621
vt 0.66441762447357178 0
vt 0.66441762447357178 0.50270247459411621
vt 0.671875 0
vt 0.671875 0.50270247459411621
vt 0.67933237552642822 0
vt 0.67933237552642822 0.50270247459411621
vt 0.68678975105285645 0
vt 0.68678975105285645 0.50270247459411621
vt 0.69424718618392944 0
vt 0.69424718618392944 0.50270247459411621
vt 0.70170456171035767 0
vt 0.70170456171035767 0.50270247459411621
vt 0.70916193723678589 0
vt 0.70916193723678589 0.50270247459411621
vt 0.71661931276321411 0
vt 0.71661931276321411 0.50270247459411621
vt 0.72407668828964233 0
vt 0.72407668828964233 0.50270247459411621
vt 0.73153406381607056 0
vt 0.73153406381607056 0.50270247459411621
vt 0.73899149894714355 0
vt 0.73899149894714355 0.50270247459411621
vt 0.74644887447357178 0
vt 0.74644887447357178 0.50270247459411621
vt 0.75390625 0
vt 0.75390625 0.50270247459411621
vt 0.76136362552642822 0
vt 0.76136362552642822 0.50270247459411621
vt 0.76882100105285645 0
vt 0.76882100105285645 0.50270247459411621
vt 0.77627843618392944 0
vt 0.77627843618392944 0.50270247459411621
vt 0.78373581171035767 0
vt 0.78373581171035767 0.50270247459411621
vt 0.79119318723678589 0
vt 0.79119318723678589 0.50270247459411621
vt 0.79865056276321411 0
vt 0.79865056276321411 0.50270247459411621
vt 0.80610793828964233 0
vt 0.80610793828964233 0.50270247459411621
vt 0.81356531381607056 0
vt 0.81356531381607056 0.50270247459411621
vt 0.82102274894714355 0
vt 0.82102274894714355 0.50270247459411621
vt 0.82848012447357178 0
vt 0.82848012447357178 0.50270247459411621
vt 0.8359375 0
vt 0.8359375 0.50270247459411621
vt 0.84339487552642822 0
vt 0.84339487552642822 0.50270247459411621
vt 0.85085225105285645 0
vt 0.85085225105285645 0.50270247459411621
vt 0.85830968618392944 0
vt 0.85830968618392944 0.50270247459411621
vt 0.86576706171035767 0
vt 0.86576706171035767 0.50270247459411621
vt 0.87322443723678589 0
vt 0.87322443723678589 0.50270247459411621
vt 0.88068181276321411 0
vt 0.88068181276321411 0.50270247459411621
vt 0.88813918828964233 0
vt 0.88813918828964233 0.50270247459411621
vt 0.89559656381607056 0
vt 0.89559656381607056 0.50270247459411621
vt 0.90305399894714355 0
vt 0.90305399894714355 0.50270247459411621
vt 0.91051137447357178 0
vt 0.91051137447357178 0.50270247459411621
vt 0.91796875 0
vt 0.91796875 0.50270247459411621
vt 0.92542612552642822 0
vt 0.92542612552642822 0.50270247459411621
vt 0.93288350105285645 0
vt 0.93288350105285645 0.50270247459411621
vt 0.94034093618392944 0
vt 0.94034093618392944 0.50270247459411621
vt 0.94779831171035767 0
vt 0.94779831171035767 0.50270247459411621
vt 0.95525568723678589 0
vt 0.95525568723678589 0.50270247459411621
vt 0.96271306276321411 0
vt 0.96271306276321411 0.50270247459411621
vt 0.97017043828964233 0
vt 0.97017043828964233 0.50270247459411621
vt 0.97762781381607056 0
vt 0.97762781381607056 0.50270247459411621
vt 0.98508524894714355 0
vt 0.98508524894714355 0.50270247459411621
vt 0.99254262447357178 0
vt 0.99254262447357178 0.50270247459411621
vt 1 0
vt 1 0.50270247459411621
vt 0.16645653545856476 0.75135147571563721
vt 0.16611985862255096 0.72900933027267456
vt 0.16506706178188324 0.70610660314559937
vt 0.16324383020401001 0.68293380737304688
vt 0.16061294078826904 0.65982526540756226
vt 0.15715859830379486 0.63714855909347534
vt 0.15288995206356049 0.61528855562210083
vt 0.14784279465675354 0.59462875127792358
vt 0.14207953214645386 0.57553040981292725
vt 0.13568688929080963 0.55831241607666016
vt 0.1287715882062912 0.54323375225067139
vt 0.12145455926656723 0.53048098087310791
vt 0.11386415362358093 0.520160973072052
vt 0.10612920671701431 0.51230102777481079
vt 0.09837273508310318 0.50685405731201172
vt 0.090706691145896912 0.50370877981185913
vt 0.083228267729282379 0.50270295143127441
vt 0.07574983686208725 0.50370877981185913
vt 0.068083792924880981 0.50685405731201172
vt 0.060327325016260147 0.51230102777481079
vt 0.052592381834983826 0.520160973072052
vt 0.04500197246670723 0.53048098087310791
vt 0.03768494725227356 0.54323375225067139
vt 0.030769646167755127 0.55831241607666016
vt 0.024376993998885155 0.57553040981292725
vt 0.01861373707652092 0.59462875127792358
vt 0.013566580601036549 0.61528855562210083
vt 0.0092979287728667259 0.63714855909347534
vt 0.0058435979299247265 0.65982526540756226
vt 0.0032126978039741516 0.68293380737304688
vt 0.0013894651783630252 0.70610660314559937
vt 0.00033666595118120313 0.72900933027267456
vt 0 0.75135147571563721
vt 0.00033666595118120313 0.77369362115859985
vt 0.0013894651783630252 0.79659634828567505
vt 0.0032126978039741516 0.81976914405822754
vt 0.0058435979299247265 0.84287768602371216
vt 0.0092979287728667259 0.86555439233779907
vt 0.013566580601036549 0.88741439580917358
vt 0.01861373707652092 0.90807420015335083
vt 0.024376993998885155 0.92717254161834717
vt 0.030769646167755127 0.94439053535461426
vt 0.03768494725227356 0.95946919918060303
vt 0.04500197246670723 0.9722219705581665
vt 0.052592381834983826 0.98254197835922241
vt 0.060327325016260147 0.99040192365646362
vt 0.068083792924880981 0.9958488941192627
vt 0.07574983686208725 0.99899417161941528
vt 0.083228267729282379 1
vt 0.090706691145896912 0.99899417161941528
vt 0.09837273508310318 0.9958488941192627
vt 0.10612920671701431 0.99040192365646362
vt 0.11386415362358093 0.98254197835922241
vt 0.12145455926656723 0.9722219705581665
vt 0.1287715882062912 0.95946919918060303
vt 0.13568688929080963 0.94439053535461426
vt 0.14207953214645386 0.92717254161834717
vt 0.14784279465675354 0.90807420015335083
vt 0.15288995206356049 0.88741439580917358
vt 0.15715859830379486 0.86555439233779907
vt 0.16061294078826904 0.84287768602371216
vt 0.16324383020401001 0.81976914405822754
vt 0.16506706178188324 0.79659634828567505
vt 0.16611985862255096 0.77369362115859985
vt 0.15921929478645325 0.75135147571563721
vt 0.15891189873218536 0.77175086736679077
vt 0.15795065462589264 0.79266196489334106
vt 0.15628595650196075 0.81381982564926147
vt 0.15388382971286774 0.83491885662078857
vt 0.15072987973690033 0.85562372207641602
vt 0.14683240652084351 0.87558281421661377
vt 0.14222413301467896 0.89444613456726074
vt 0.13696204125881195 0.91188377141952515
vt 0.13112527132034302 0.9276045560836792
vt 0.12481129914522171 0.94137197732925415
vt 0.11813053488731384 0.95301586389541626
vt 0.11120016127824783 0.96243846416473389
vt 0.10413782298564911 0.96961492300033569
vt 0.097055822610855103 0.97458827495574951
vt 0.090056397020816803 0.97746002674102783
vt 0.083228267729282379 0.97837841510772705
vt 0.076400138437747955 0.97746002674102783
vt 0.069400705397129059 0.97458827495574951
vt 0.062318712472915649 0.96961492300033569
vt 0.055256370455026627 0.96243846416473389
vt 0.048325996845960617 0.95301586389541626
vt 0.041645236313343048 0.94137197732925415
vt 0.035331264138221741 0.9276045560836792
vt 0.029494496062397957 0.91188377141952515
vt 0.024232391268014908 0.89444613456726074
vt 0.019624119624495506 0.87558281421661377
vt 0.015726653859019279 0.85562372207641602
vt 0.012572699226438999 0.83491885662078857
vt 0.010170573368668556 0.81381982564926147
vt 0.0085058826953172684 0.79266196489334106
vt 0.0075446311384439468 0.77175086736679077
vt 0.0072372406721115112 0.75135147571563721
vt 0.0075446311384439468 0.73095208406448364
vt 0.0085058826953172684 0.71004098653793335
vt 0.010170573368668556 0.68888318538665771
vt 0.012572699226438999 0.66778409481048584
vt 0.015726653859019279 0.6470792293548584
vt 0.019624119624495506 0.62712013721466064
vt 0.024232391268014908 0.60825681686401367
vt 0.029494496062397957 0.59081918001174927
vt 0.035331264138221741 0.57509839534759521
vt 0.041645236313343048 0.56133097410202026
vt 0.048325996845960617 0.54968708753585815
vt 0.055256370455026627 0.54026448726654053
vt 0.062318712472915649 0.53308802843093872
vt 0.069400705397129059 0.5281146764755249
vt 0.076400138437747955 0.52524292469024658
vt 0.083228267729282379 0.52432453632354736
vt 0.090056397020816803 0.52524292469024658
vt 0.097055822610855103 0.5281146764755249
vt 0.10413782298564911 0.53308802843093872
vt 0.11120016127824783 0.54026448726654053
vt 0.11813053488731384 0.54968708753585815
vt 0.12481129914522171 0.56133097410202026
vt 0.13112527132034302 0.57509839534759521
vt 0.13696204125881195 0.59081918001174927
vt 0.14222413301467896 0.60825681686401367
vt 0.14683240652084351 0.62712013721466064
vt 0.15072987973690033 0.6470792293548584
vt 0.15388382971286774 0.66778409481048584
vt 0.15628595650196075 0.68888318538665771
vt 0.15795065462589264 0.71004098653793335
vt 0.15891189873218536 0.73095208406448364
vt 0.16645653545856476 0.75135147571563721
vt 0.16611985862255096 0.77369362115859985
vt 0.16506706178188324 0.79659634828567505
vt 0.16324383020401001 0.81976914405822754
vt 0.16061294078826904 0.84287768602371216
vt 0.15715859830379486 0.86555439233779907
vt 0.15288995206356049 0.88741439580917358
vt 0.14784279465675354 0.90807420015335083
vt 0.14207953214645386 0.92717254161834717
vt 0.13568688929080963 0.94439053535461426
vt 0.1287715882062912 0.95946919918060303
vt 0.12145455926656723 0.9722219705581665
vt 0.11386415362358093 0.98254197835922241
vt 0.10612920671701431 0.99040192365646362
vt 0.09837273508310318 0.9958488941192627
vt 0.090706691145896912 0.99899417161941528
vt 0.083228267729282379 1
vt 0.07574983686208725 0.99899417161941528
vt 0.068083792924880981 0.9958488941192627
vt 0.060327325016260147 0.99040192365646362
vt 0.052592381834983826 0.98254197835922241
vt 0.04500197246670723 0.9722219705581665
vt 0.03768494725227356 0.95946919918060303
vt 0.030769646167755127 0.94439053535461426
vt 0.024376993998885155 0.92717254161834717
vt 0.01861373707652092 0.90807420015335083
vt 0.013566580601036549 0.88741439580917358
vt 0.0092979287728667259 0.86555439233779907
vt 0.0058435979299247265 0.84287768602371216
vt 0.0032126978039741516 0.81976914405822754
vt 0.0013894651783630252 0.79659634828567505
vt 0.00033666595118120313 0.77369362115859985
vt 0 0.75135147571563721
vt 0.00033666595118120313 0.72900933027267456
vt 0.0013894651783630252 0.70610660314559937
vt 0.0032126978039741516 0.68293380737304688
vt 0.0058435979299247265 0.65982526540756226
vt 0.0092979287728667259 0.63714855909347534
vt 0.013566580601036549 0.61528855562210083
vt 0.01861373707652092 0.59462875127792358
vt 0.024376993998885155 0.57553040981292725
vt 0.030769646167755127 0.55831241607666016
vt 0.03768494725227356 0.54323375225067139
vt 0.04500197246670723 0.53048098087310791
vt 0.052592381834983826 0.520160973072052
vt 0.060327325016260147 0.51230102777481079
vt 0.068083792924880981 0.50685405731201172
vt 0.07574983686208725 0.50370877981185913
vt 0.083228267729282379 0.50270295143127441
vt 0.090706691145896912 0.50370877981185913
vt 0.09837273508310318 0.50685405731201172
vt 0.10612920671701431 0.51230102777481079
vt 0.11386415362358093 0.520160973072052
vt 0.12145455926656723 0.53048098087310791
vt 0.1287715882062912 0.54323375225067139
vt 0.13568688929080963 0.55831241607666016
vt 0.14207953214645386 0.57553040981292725
vt 0.14784279465675354 0.59462875127792358
vt 0.15288995206356049 0.61528855562210083
vt 0.15715859830379486 0.63714855909347534
vt 0.16061294078826904 0.65982526540756226
vt 0.16324383020401001 0.68293380737304688
vt 0.16506706178188324 0.70610660314559937
vt 0.16611985862255096 0.72900933027267456
vt 0.15921929478645325 0.75135147571563721
vt 0.15891189873218536 0.73095208406448364
vt 0.15795065462589264 0.71004098653793335
vt 0.15628595650196075 0.68888318538665771
vt 0.15388382971286774 0.66778409481048584
vt 0.15072987973690033 0.6470792293548584
vt 0.14683240652084351 0.62712013721466064
vt 0.14222413301467896 0.60825681686401367
vt 0.13696204125881195 0.59081918001174927
vt 0.13112527132034302 0.57509839534759521
vt 0.12481129914522171 0.56133097410202026
vt 0.11813053488731384 0.54968708753585815
vt 0.11120016127824783 0.54026448726654053
vt 0.10413782298564911 0.53308802843093872
vt 0.097055822610855103 0.5281146764755249
vt 0.090056397020816803 0.52524292469024658
vt 0.083228267729282379 0.52432453632354736
vt 0.076400138437747955 0.52524292469024658
vt 0.069400705397129059 0.5281146764755249
vt 0.062318712472915649 0.53308802843093872
vt 0.055256370455026627 0.54026448726654053
vt 0.048325996845960617 0.54968708753585815
vt 0.041645236313343048 0.56133097410202026
vt 0.035331264138221741 0.57509839534759521
vt 0.029494496062397957 0.59081918001174927
vt 0.024232391268014908 0.60825681686401367
vt 0.019624119624495506 0.62712013721466064
vt 0.015726653859019279 0.6470792293548584
vt 0.012572699226438999 0.66778409481048584
vt 0.010170573368668556 0.68888318538665771
vt 0.0085058826953172684 0.71004098653793335
vt 0.0075446311384439468 0.73095208406448364
vt 0.0072372406721115112 0.75135147571563721
vt 0.0075446311384439468 0.77175086736679077
vt 0.0085058826953172684 0.79266196489334106
vt 0.010170573368668556 0.81381982564926147
vt 0.012572699226438999 0.83491885662078857
vt 0.015726653859019279 0.85562372207641602
vt 0.019624119624495506 0.87558281421661377
vt 0.024232391268014908 0.89444613456726074
vt 0.029494496062397957 0.91188377141952515
vt 0.035331264138221741 0.9276045560836792
vt 0.041645236313343048 0.94137197732925415
vt 0.048325996845960617 0.95301586389541626
vt 0.055256370455026627 0.96243846416473389
vt 0.062318712472915649 0.96961492300033569
vt 0.069400705397129059 0.97458827495574951
vt 0.076400138437747955 0.97746002674102783
vt 0.083228267729282379 0.97837841510772705
vt 0.090056397020816803 0.97746002674102783
vt 0.097055822610855103 0.97458827495574951
vt 0.10413782298564911 0.96961492300033569
vt 0.11120016127824783 0.96243846416473389
vt 0.11813053488731384 0.95301586389541626
vt 0.12481129914522171 0.94137197732925415
vt 0.13112527132034302 0.9276045560836792
vt 0.13696204125881195 0.91188377141952515
vt 0.14222413301467896 0.89444613456726074
vt 0.14683240652084351 0.87558281421661377
vt 0.15072987973690033 0.85562372207641602
vt 0.15388382971286774 0.83491885662078857
vt 0.15628595650196075 0.81381982564926147
vt 0.15795065462589264 0.79266196489334106
vt 0.15891189873218536 0.77175086736679077
vn 1 0 0
vn 1 0 0
vn 0.99595493078231812 0.089854441583156586 0
vn 0.99595493078231812 0.089854441583156586 0
vn 0.98330539464950562 0.18196305632591248 0
vn 0.98330539464950562 0.18196305632591248 0
vn 0.96139895915985107 0.27515822649002075 0
vn 0.96139895915985107 0.27515822649002075 0
vn 0.92978829145431519 0.36809471249580383 0
vn 0.92978829145431519 0.36809471249580383 0
vn 0.88828402757644653 0.45929458737373352 0
vn 0.88828402757644653 0.45929458737373352 0
vn 0.83699548244476318 0.54720973968505859 0
vn 0.83699548244476318 0.54720973968505859 0
vn 0.77635318040847778 0.63029813766479492 0
vn 0.77635318040847778 0.63029813766479492 0
vn 0.70710676908493042 0.70710676908493042 0
vn 0.70710676908493042 0.70710676908493042 0
vn 0.63029813766479492 0.77635318040847778 0
vn 0.63029813766479492 0.77635318040847778 0
vn 0.54720973968505859 0.83699548244476318 0
vn 0.54720973968505859 0.83699548244476318 0
vn 0.45929458737373352 0.88828402757644653 0
vn 0.45929458737373352 0.88828402757644653 0
vn 0.36809471249580383 0.92978829145431519 0
vn 0.36809471249580383 0.92978829145431519 0
vn 0.27515822649002075 0.96139895915985107 0
vn 0.27515822649002075 0.96139895915985107 0
vn 0.18196305632591248 0.98330539464950562 0
vn 0.18196305632591248 0.98330539464950562 0
vn 0.089854441583156586 0.99595493078231812 0
vn 0.089854441583156586 0.99595493078231812 0
vn 0 1 0
vn 0 1 0
vn -0.089854441583156586 0.99595493078231812 0
vn -0.089854441583156586 0.99595493078231812 0
vn -0.18196305632591248 0.98330539464950562 0
vn -0.18196305632591248 0.98330539464950562 0
vn -0.27515822649002075 0.96139895915985107 0
vn -0.27515822649002075 0.96139895915985107 0
vn -0.36809471249580383 0.92978829145431519 0
vn -0.36809471249580383 0.92978829145431519 0
vn -0.45929458737373352 0.88828402757644653 0
vn -0.45929458737373352 0.88828402757644653 0
vn -0.54720973968505859 0.83699548244476318 0
vn -0.54720973968505859 0.83699548244476318 0
vn -0.63029813766479492 0.77635318040847778 0
vn -0.63029813766479492 0.77635318040847778 0
vn -0.70710676908493042 0.70710676908493042 0
vn -0.70710676908493042 0.70710676908493042 0
vn -0.77635318040847778 0.63029813766479492 0
vn -0.77635318040847778 0.63029813766479492 0
vn -0.83699548244476318 0.54720973968505859 0
vn -0.83699548244476318 0.54720973968505859 0
vn -0.88828402757644653 0.45929458737373352 0
vn -0.88828402757644653 0.45929458737373352 0
vn -0.92978829145431519 0.36809471249580383 0
vn -0.92978829145431519 0.36809471249580383 0
vn -0.96139895915985107 0.27515822649002075 0
vn -0.96139895915985107 0.27515822649002075 0
vn -0.98330539464950562 0.18196305632591248 0
vn -0.98330539464950562 0.18196305632591248 0
vn -0.99595493078231812 0.089854441583156586 0
vn -0.99595493078231812 0.089854441583156586 0
vn -1 0 0
vn -1 0 0
vn -0.99595493078231812 -0.089854441583156586 0
vn -0.99595493078231812 -0.089854441583156586 0
vn -0.98330539464950562 -0.18196305632591248 0
vn -0.98330539464950562 -0.18196305632591248 0
vn -0.96139895915985107 -0.27515822649002075 0
vn -0.96139895915985107 -0.27515822649002075 0
vn -0.92978829145431519 -0.36809471249580383 0
vn -0.92978829145431519 -0.36809471249580383 0
vn -0.88828402757644653 -0.45929458737373352 0
vn -0.88828402757644653 -0.45929458737373352 0
vn -0.83699548244476318 -0.54720973968505859 0
vn -0.83699548244476318 -0.54720973968505859 0
vn -0.77635318040847778 -0.63029813766479492 0
vn -0.77635318040847778 -0.63029813766479492 0
vn -0.70710676908493042 -0.70710676908493042 0
vn -0.70710676908493042 -0.70710676908493042 0
vn -0.63029813766479492 -0.77635318040847778 0
vn -0.63029813766479492 -0.77635318040847778 0
vn -0.54720973968505859 -0.83699548244476318 0
vn -0.54720973968505859 -0.83699548244476318 0
vn -0.45929458737373352 -0.88828402757644653 0
vn -0.45929458737373352 -0.88828402757644653 0
vn -0.36809471249580383 -0.92978829145431519 0
vn -0.36809471249580383 -0.92978829145431519 0
vn -0.27515822649002075 -0.96139895915985107 0
vn -0.27515822649002075 -0.96139895915985107 0
vn -0.18196305632591248 -0.98330539464950562 0
vn -0.18196305632591248 -0.98330539464950562 0
vn -0.089854441583156586 -0.99595493078231812 0
vn -0.089854441583156586 -0.99595493078231812 0
vn 0 -1 0
vn 0 -1 0
vn 0.089854441583156586 -0.99595493078231812 0
vn 0.089854441583156586 -0.99595493078231812 0
vn 0.18196305632591248 -0.98330539464950562 0
vn 0.18196305632591248 -0.98330539464950562 0
vn 0.27515822649002075 -0.96139895915985107 0
vn 0.27515822649002075 -0.96139895915985107 0
vn 0.36809471249580383 -0.92978829145431519 0
vn 0.36809471249580383 -0.92978829145431519 0
vn 0.45929458737373352 -0.88828402757644653 0
vn 0.45929458737373352 -0.88828402757644653 0
vn 0.54720973968505859 -0.83699548244476318 0
vn 0.54720973968505859 -0.83699548244476318 0
vn 0.63029813766479492 -0.77635318040847778 0
vn 0.63029813766479492 -0.77635318040847778 0
vn 0.70710676908493042 -0.70710676908493042 0
vn 0.70710676908493042 -0.70710676908493042 0
vn 0.77635318040847778 -0.63029813766479492 0
vn 0.77635318040847778 -0.63029813766479492 0
vn 0.83699548244476318 -0.54720973968505859 0
vn 0.83699548244476318 -0.54720973968505859 0
vn 0.88828402757644653 -0.45929458737373352 0
vn 0.88828402757644653 -0.45929458737373352 0
vn 0.92978829145431519 -0.36809471249580383 0
vn 0.92978829145431519 -0.36809471249580383 0
vn 0.96139895915985107 -0.27515822649002075 0
vn 0.96139895915985107 -0.27515822649002075 0
vn 0.98330539464950562 -0.18196305632591248 0
vn 0.98330539464950562 -0.18196305632591248 0
vn 0.99595493078231812 -0.089854441583156586 0
vn 0.99595493078231812 -0.089854441583156586 0
vn 1 0 0
vn 1 0 0
vn -1 0 0
vn -1 0 0
vn -0.99595493078231812 0.089854441583156586 0
vn -0.99595493078231812 0.089854441583156586 0
vn -0.98330539464950562 0.18196305632591248 0
vn -0.98330539464950562 0.18196305632591248 0
vn -0.96139895915985107 0.27515822649002075 0
vn -0.96139895915985107 0.27515822649002075 0
vn -0.92978829145431519 0.36809471249580383 0
vn -0.92978829145431519 0.36809471249580383 0
vn -0.88828402757644653 0.45929458737373352 0
vn -0.88828402757644653 0.45929458737373352 0
vn -0.83699548244476318 0.54720973968505859 0
vn -0.83699548244476318 0.54720973968505859 0
vn -0.77635318040847778 0.63029813766479492 0
vn -0.77635318040847778 0.63029813766479492 0
vn -0.70710676908493042 0.70710676908493042 0
vn -0.70710676908493042 0.70710676908493042 0
vn -0.63029813766479492 0.77635318040847778 0
vn -0.63029813766479492 0.77635318040847778 0
vn -0.54720973968505859 0.83699548244476318 0
vn -0.54720973968505859 0.83699548244476318 0
vn -0.45929458737373352 0.88828402757644653 0
vn -0.45929458737373352 0.88828402757644653 0
vn -0.36809471249580383 0.92978829145431519 0
vn -0.36809471249580383 0.92978829145431519 0
vn -0.27515822649002075 0.96139895915985107 0
vn -0.27515822649002075 0.96139895915985107 0
vn -0.18196305632591248 0.98330539464950562 0
vn -0.18196305632591248 0.98330539464950562 0
vn -0.089854441583156586 0.99595493078231812 0
vn -0.089854441583156586 0.99595493078231812 0
vn 0 1 0
vn 0 1 0
vn 0.089854441583156586 0.99595493078231812 0
vn 0.089854441583156586 0.99595493078231812 0
vn 0.18196305632591248 0.98330539464950562 0
vn 0.18196305632591248 0.98330539464950562 0
vn 0.27515822649002075 0.96139895915985107 0
vn 0.27515822649002075 0.96139895915985107 0
vn 0.36809471249580383 0.92978829145431519 0
vn 0.36809471249580383 0.92978829145431519 0
vn 0.45929458737373352 0.88828402757644653 0
vn 0.45929458737373352 0.88828402757644653 0
vn 0.54720973968505859 0.83699548244476318 0
vn 0.54720973968505859 0.83699548244476318 0
vn 0.63029813766479492 0.77635318040847778 0
vn 0.63029813766479492 0.77635318040847778 0
vn 0.70710676908493042 0.70710676908493042 0
vn 0.70710676908493042 0.70710676908493042 0
vn 0.77635318040847778 0.63029813766479492 0
vn 0.77635318040847778 0.63029813766479492 0
vn 0.83699548244476318 0.54720973968505859 0
vn 0.83699548244476318 0.54720973968505859 0
vn 0.88828402757644653 0.45929458737373352 0
vn 0.88828402757644653 0.45929458737373352 0
vn 0.92978829145431519 0.36809471249580383 0
vn 0.92978829145431519 0.36809471249580383 0
vn 0.96139895915985107 0.27515822649002075 0
vn 0.96139895915985107 0.27515822649002075 0
vn 0.98330539464950562 0.18196305632591248 0
vn 0.98330539464950562 0.18196305632591248 0
vn 0.99595493078231812 0.089854441583156586 0
vn 0.99595493078231812 0.089854441583156586 0
vn 1 0 0
vn 1 0 0
vn 0.99595493078231812 -0.089854441583156586 0
vn 0.99595493078231812 -0.089854441583156586 0
vn 0.98330539464950562 -0.18196305632591248 0
vn 0.98330539464950562 -0.18196305632591248 0
vn 0.96139895915985107 -0.27515822649002075 0
vn 0.96139895915985107 -0.27515822649002075 0
vn 0.92978829145431519 -0.36809471249580383 0
vn 0.92978829145431519 -0.36809471249580383 0
vn 0.88828402757644653 -0.45929458737373352 0
vn 0.88828402757644653 -0.45929458737373352 0
vn 0.83699548244476318 -0.54720973968505859 0
vn 0.83699548244476318 -0.54720973968505859 0
vn 0.77635318040847778 -0.63029813766479492 0
vn 0.77635318040847778 -0.63029813766479492 0
vn 0.70710676908493042 -0.70710676908493042 0
vn 0.70710676908493042 -0.70710676908493042 0
vn 0.63029813766479492 -0.77635318040847778 0
vn 0.63029813766479492 -0.77635318040847778 0
vn 0.54720973968505859 -0.83699548244476318 0
vn 0.54720973968505859 -0.83699548244476318 0
vn 0.45929458737373352 -0.88828402757644653 0
vn 0.45929458737373352 -0.88828402757644653 0
vn 0.36809471249580383 -0.92978829145431519 0
vn 0.36809471249580383 -0.92978829145431519 0
vn 0.27515822649002075 -0.96139895915985107 0
vn 0.27515822649002075 -0.96139895915985107 0
vn 0.18196305632591248 -0.98330539464950562 0
vn 0.18196305632591248 -0.98330539464950562 0
vn 0.089854441583156586 -0.99595493078231812 0
vn 0.089854441583156586 -0.99595493078231812 0
vn 0 -1 0
vn 0 -1 0
vn -0.089854441583156586 -0.99595493078231812 0
vn -0.089854441583156586 -0.99595493078231812 0
vn -0.18196305632591248 -0.98330539464950562 0
vn -0.18196305632591248 -0.98330539464950562 0
vn -0.27515822649002075 -0.96139895915985107 0
vn -0.27515822649002075 -0.96139895915985107 0
vn -0.36809471249580383 -0.92978829145431519 0
vn -0.36809471249580383 -0.92978829145431519 0
vn -0.45929458737373352 -0.88828402757644653 0
vn -0.45929458737373352 -0.88828402757644653 0
vn -0.54720973968505859 -0.83699548244476318 0
vn -0.54720973968505859 -0.83699548244476318 0
vn -0.63029813766479492 -0.77635318040847778 0
vn -0.63029813766479492 -0.77635318040847778 0
vn -0.70710676908493042 -0.70710676908493042 0
vn -0.70710676908493042 -0.70710676908493042 0
vn -0.77635318040847778 -0.63029813766479492 0
vn -0.77635318040847778 -0.63029813766479492 0
vn -0.83699548244476318 -0.54720973968505859 0
vn -0.83699548244476318 -0.54720973968505859 0
vn -0.88828402757644653 -0.45929458737373352 0
vn -0.88828402757644653 -0.45929458737373352 0
vn -0.92978829145431519 -0.36809471249580383 0
vn -0.92978829145431519 -0.36809471249580383 0
vn -0.96139895915985107 -0.27515822649002075 0
vn -0.96139895915985107 -0.27515822649002075 0
vn -0.98330539464950562 -0.18196305632591248 0
vn -0.98330539464950562 -0.18196305632591248 0
vn -0.99595493078231812 -0.089854441583156586 0
vn -0.99595493078231812 -0.089854441583156586 0
vn -1 0 0
vn -1 0 0
vn 0 0 -1
vn 0 0 -1
vn 0 0 -1
vn 0 0 -1
vn 0 0 -1
vn 0 0 -1
vn 0 0 -1
vn 0 0 -1
vn 0 0 -1
vn 0 0 -1
vn 0 0 -1
vn 0 0 -1
vn 0 0 -1
vn 0 0 -1
vn 0 0 -1
vn 0 0 -1
vn 0 0 -1
vn 0 0 -1
vn 0 0 -1
vn 0 0 -1
vn 0 0 -1
vn 0 0 -1
vn 0 0 -1
vn 0 0 -1
vn 0 0 -1
vn 0 0 -1
vn 0 0 -1
vn 0 0 -1
vn 0 0 -1
vn 0 0 -1
vn 0 0 -1
vn 0 0 -1
vn 0 0 -1
vn 0 0 -1
vn 0 0 -1
vn 0 0 -1
vn 0 0 -1
vn 0 0 -1
vn 0 0 -1
vn 0 0 -1
vn 0 0 -1
vn 0 0 -1
vn 0 0 -1
vn 0 0 -1
vn 0 0 -1
vn 0 0 -1
vn 0 0 -1
vn 0 0 -1
vn 0 0 -1
vn 0 0 -1
vn 0 0 -1
vn 0 0 -1
vn 0 0 -1
vn 0 0 -1
vn 0 0 -1
vn 0 0 -1
vn 0 0 -1
vn 0 0 -1
vn 0 0 -1
vn 0 0 -1
vn 0 0 -1
vn 0 0 -1
vn 0 0 -1
vn 0 0 -1
vn 0 0 -1
vn 0 0 -1
vn 0 0 -1
vn 0 0 -1
vn 0 0 -1
vn 0 0 -1
vn 0 0 -1
vn 0 0 -1
vn 0 0 -1
vn 0 0 -1
vn 0 0 -1
vn 0 0 -1
vn 0 0 -1
vn 0 0 -1
vn 0 0 -1
vn 0 0 -1
vn 0 0 -1
vn 0 0 -1
vn 0 0 -1
vn 0 0 -1
vn 0 0 -1
vn 0 0 -1
vn 0 0 -1
vn 0 0 -1
vn 0 0 -1
vn 0 0 -1
vn 0 0 -1
vn 0 0 -1
vn 0 0 -1
vn 0 0 -1
vn 0 0 -1
vn 0 0 -1
vn 0 0 -1
vn 0 0 -1
vn 0 0 -1
vn 0 0 -1
vn 0 0 -1
vn 0 0 -1
vn 0 0 -1
vn 0 0 -1
vn 0 0 -1
vn 0 0 -1
vn 0 0 -1
vn 0 0 -1
vn 0 0 -1
vn 0 0 -1
vn 0 0 -1
vn 0 0 -1
vn 0 0 -1
vn 0 0 -1
vn 0 0 -1
vn 0 0 -1
vn 0 0 -1
vn 0 0 -1
vn 0 0 -1
vn 0 0 -1
vn 0 0 -1
vn 0 0 -1
vn 0 0 -1
vn 0 0 -1
vn 0 0 -1
vn 0 0 -1
vn 0 0 -1
vn 0 0 -1
vn 0 0 1
vn 0 0 1
vn 0 0 1
vn 0 0 1
vn 0 0 1
vn 0 0 1
vn 0 0 1
vn 0 0 1
vn 0 0 1
vn 0 0 1
vn 0 0 1
vn 0 0 1
vn 0 0 1
vn 0 0 1
vn 0 0 1
vn 0 0 1
vn 0 0 1
vn 0 0 1
vn 0 0 1
vn 0 0 1
vn 0 0 1
vn 0 0 1
vn 0 0 1
vn 0 0 1
vn 0 0 1
vn 0 0 1
vn 0 0 1
vn 0 0 1
vn 0 0 1
vn 0 0 1
vn 0 0 1
vn 0 0 1
vn 0 0 1
vn 0 0 1
vn 0 0 1
vn 0 0 1
vn 0 0 1
vn 0 0 1
vn 0 0 1
vn 0 0 1
vn 0 0 1
vn 0 0 1
vn 0 0 1
vn 0 0 1
vn 0 0 1
vn 0 0 1
vn 0 0 1
vn 0 0 1
vn 0 0 1
vn 0 0 1
vn 0 0 1
vn 0 0 1
vn 0 0 1
vn 0 0 1
vn 0 0 1
vn 0 0 1
vn 0 0 1
vn 0 0 1
vn 0 0 1
vn 0 0 1
vn 0 0 1
vn 0 0 1
vn 0 0 1
vn 0 0 1
vn 0 0 1
vn 0 0 1
vn 0 0 1
vn 0 0 1
vn 0 0 1
vn 0 0 1
vn 0 0 1
vn 0 0 1
vn 0 0 1
vn 0 0 1
vn 0 0 1
vn 0 0 1
vn 0 0 1
vn 0 0 1
vn 0 0 1
vn 0 0 1
vn 0 0 1
vn 0 0 1
vn 0 0 1
vn 0 0 1
vn 0 0 1
vn 0 0 1
vn 0 0 1
vn 0 0 1
vn 0 0 1
vn 0 0 1
vn 0 0 1
vn 0 0 1
vn 0 0 1
vn 0 0 1
vn 0 0 1
vn 0 0 1
vn 0 0 1
vn 0 0 1
vn 0 0 1
vn 0 0 1
vn 0 0 1
vn 0 0 1
vn 0 0 1
vn 0 0 1
vn 0 0 1
vn 0 0 1
vn 0 0 1
vn 0 0 1
vn 0 0 1
vn 0 0 1
vn 0 0 1
vn 0 0 1
vn 0 0 1
vn 0 0 1
vn 0 0 1
vn 0 0 1
vn 0 0 1
vn 0 0 1
vn 0 0 1
vn 0 0 1
vn 0 0 1
vn 0 0 1
vn 0 0 1
vn 0 0 1
vn 0 0 1
vn 0 0 1
vn 0 0 1
vn 0 0 1
f 1079/1079/1079 1081/1081/1081 1082/1082/1082 1080/1080/1080
f 1081/1081/1081 1083/1083/1083 1084/1084/1084 1082/1082/1082
f 1083/1083/1083 1085/1085/1085 1086/1086/1086 1084/1084/1084
f 1085/1085/1085 1087/1087/1087 1088/1088/1088 1086/1086/1086
f 1087/1087/1087 1089/1089/1089 1090/1090/1090 1088/1088/1088
f 1089/1089/1089 1091/1091/1091 1092/1092/1092 1090/1090/1090
f 1091/1091/1091 1093/1093/1093 1094/1094/1094 1092/1092/1092
f 1093/1093/1093 1095/1095/1095 1096/1096/1096 1094/1094/1094
f 1095/1095/1095 1097/1097/1097 1098/1098/1098 1096/1096/1096
f 1097/1097/1097 1099/1099/1099 1100/1100/1100 1098/1098/1098
f 1099/1099/1099 1101/1101/1101 1102/1102/1102 1100/1100/1100
f 1101/1101/1101 1103/1103/1103 1104/1104/1104 1102/1102/1102
f 1103/1103/1103 1105/1105/1105 1106/1106/1106 1104/1104/1104
f 1105/1105/1105 1107/1107/1107 1108/1108/1108 1106/1106/1106
f 1107/1107/1107 1109/1109/1109 1110/1110/1110 1108/1108/1108
f 1109/1109/1109 1111/1111/1111 1112/1112/1112 1110/1110/1110
f 1111/1111/1111 1113/1113/1113 1114/1114/1114 1112/1112/1112
f 1113/1113/1113 1115/1115/1115 1116/1116/1116 1114/1114/1114
f 1115/1115/1115 1117/1117/1117 1118/1118/1118 1116/1116/1116
f 1117/1117/1117 1119/1119/1119 1120/1120/1120 1118/1118/1118
f 1119/1119/1119 1121/1121/1121 1122/1122/1122 1120/1120/1120
f 1121/1121/1121 1123/1123/1123 1124/1124/1124 1122/1122/1122
f 1123/1123/1123 1125/1125/1125 1126/1126/1126 1124/1124/1124
f 1125/1125/1125 1127/1127/1127 1128/1128/1128 1126/1126/1126
f 1127/1127/1127 1129/1129/1129 1130/1130/1130 1128/1128/1128
f 1129/1129/1129 1131/1131/1131 1132/1132/1132 1130/1130/1130
f 1131/1131/1131 1133/1133/1133 1134/1134/1134 1132/1132/1132
f 1133/1133/1133 1135/1135/1135 1136/1136/1136 1134/1134/1134
f 1135/1135/1135 1137/1137/1137 1138/1138/1138 1136/1136/1136
f 1137/1137/1137 1139/1139/1139 1140/1140/1140 1138/1138/1138
f 1139/1139/1139 1141/1141/1141 1142/1142/1142 1140/1140/1140
f 1141/1141/1141 1143/1143/1143 1144/1144/1144 1142/1142/1142
f 1143/1143/1143 1145/1145/1145 1146/1146/1146 1144/1144/1144
f 1145/1145/1145 1147/1147/1147 1148/1148/1148 1146/1146/1146
f 1147/1147/1147 1149/1149/1149 1150/1150/1150 1148/1148/1148
f 1149/1149/1149 1151/1151/1151 1152/1152/1152 1150/1150/1150
f 1151/1151/1151 1153/1153/1153 1154/1154/1154 1152/1152/1152
f 1153/1153/1153 1155/1155/1155 1156/1156/1156 1154/1154/1154
f 1155/1155/1155 1157/1157/1157 1158/1158/1158 1156/1156/1156
f 1157/1157/1157 1159/1159/1159 1160/1160/1160 1158/1158/1158
f 1159/1159/1159 1161/1161/1161 1162/1162/1162 1160/1160/1160
f 1161/1161/1161 1163/1163/1163 1164/1164/1164 1162/1162/1162
f 1163/1163/1163 1165/1165/1165 1166/1166/1166 1164/1164/1164
f 1165/1165/1165 1167/1167/1167 1168/1168/1168 1166/1166/1166
f 1167/1167/1167 1169/1169/1169 1170/1170/1170 1168/1168/1168
f 1169/1169/1169 1171/1171/1171 1172/1172/1172 1170/1170/1170
f 1171/1171/1171 1173/1173/1173 1174/1174/1174 1172/1172/1172
f 1173/1173/1173 1175/1175/1175 1176/1176/1176 1174/1174/1174
f 1175/1175/1175 1177/1177/1177 1178/1178/1178 1176/1176/1176
f 1177/1177/1177 1179/1179/1179 1180/1180/1180 1178/1178/1178
f 1179/1179/1179 1181/1181/1181 1182/1182/1182 1180/1180/1180
f 1181/1181/1181 1183/1183/1183 1184/1184/1184 1182/1182/1182
f 1183/1183/1183 1185/1185/1185 1186/1186/1186 1184/1184/1184
f 1185/1185/1185 1187/1187/1187 1188/1188/1188 1186/1186/1186
f 1187/1187/1187 1189/1189/1189 1190/1190/1190 1188/1188/1188
f 1189/1189/1189 1191/1191/1191 1192/1192/1192 1190/1190/1190
f 1191/1191/1191 1193/1193/1193 1194/1194/1194 1192/1192/1192
f 1193/1193/1193 1195/1195/1195 1196/1196/1196 1194/1194/1194
f 1195/1195/1195 1197/1197/1197 1198/1198/1198 1196/1196/1196
f 1197/1197/1197 1199/1199/1199 1200/1200/1200 1198/1198/1198
f 1199/1199/1199 1201/1201/1201 1202/1202/1202 1200/1200/1200
f 1201/1201/1201 1203/1203/1203 1204/1204/1204 1202/1202/1202
f 1203/1203/1203 1205/1205/1205 1206/1206/1206 1204/1204/1204
f 1205/1205/1205 1207/1207/1207 1208/1208/1208 1206/1206/1206
f 1209/1209/1209 1211/1211/1211 1212/1212/1212 1210/1210/1210
f 1211/1211/1211 1213/1213/1213 1214/1214/1214 1212/1212/1212
f 1213/1213/1213 1215/1215/1215 1216/1216/1216 1214/1214/1214
f 1215/1215/1215 1217/1217/1217 1218/1218/1218 1216/1216/1216
f 1217/1217/1217 1219/1219/1219 1220/1220/1220 1218/1218/1218
f 1219/1219/1219 1221/1221/1221 1222/1222/1222 1220/1220/1220
f 1221/1221/1221 1223/1223/1223 1224/1224/1224 1222/1222/1222
f 1223/1223/1223 1225/1225/1225 1226/1226/1226 1224/1224/1224
f 1225/1225/1225 1227/1227/1227 1228/1228/1228 1226/1226/1226
f 1227/1227/1227 1229/1229/1229 1230/1230/1230 1228/1228/1228
f 1229/1229/1229 1231/1231/1231 1232/1232/1232 1230/1230/1230
f 1231/1231/1231 1233/1233/1233 1234/1234/1234 1232/1232/1232
f 1233/1233/1233 1235/1235/1235 1236/1236/1236 1234/1234/1234
f 1235/1235/1235 1237/1237/1237 1238/1238/1238 1236/1236/1236
f 1237/1237/1237 1239/1239/1239 1240/1240/1240 1238/1238/1238
f 1239/1239/1239 1241/1241/1241 1242/1242/1242 1240/1240/1240
f 1241/1241/1241 1243/1243/1243 1244/1244/1244 1242/1242/1242
f 1243/1243/1243 1245/1245/1245 1246/1246/1246 1244/1244/1244
f 1245/1245/1245 1247/1247/1247 1248/1248/1248 1246/1246/1246
f 1247/1247/1247 1249/1249/1249 1250/1250/1250 1248/1248/1248
f 1249/1249/1249 1251/1251/1251 1252/1252/1252 1250/1250/1250
f 1251/1251/1251 1253/1253/1253 1254/1254/1254 1252/1252/1252
f 1253/1253/1253 1255/1255/1255 1256/1256/1256 1254/1254/1254
f 1255/1255/1255 1257/1257/1257 1258/1258/1258 1256/1256/1256
f 1257/1257/1257 1259/1259/1259 1260/1260/1260 1258/1258/1258
f 1259/1259/1259 1261/1261/1261 1262/1262/1262 1260/1260/1260
f 1261/1261/1261 1263/1263/1263 1264/1264/1264 1262/1262/1262
f 1263/1263/1263 1265/1265/1265 1266/1266/1266 1264/1264/1264
f 1265/1265/1265 1267/1267/1267 1268/1268/1268 1266/1266/1266
f 1267/1267/1267 1269/1269/1269 1270/1270/1270 1268/1268/1268
f 1269/1269/1269 1271/1271/1271 1272/1272/1272 1270/1270/1270
f 1271/1271/1271 1273/1273/1273 1274/1274/1274 1272/1272/1272
f 1273/1273/1273 1275/1275/1275 1276/1276/1276 1274/1274/1274
f 1275/1275/1275 1277/1277/1277 1278/1278/1278 1276/1276/1276
f 1277/1277/1277 1279/1279/1279 1280/1280/1280 1278/1278/1278
f 1279/1279/1279 1281/1281/1281 1282/1282/1282 1280/1280/1280
f 1281/1281/1281 1283/1283/1283 1284/1284/1284 1282/1282/1282
f 1283/1283/1283 1285/1285/1285 1286/1286/1286 1284/1284/1284
f 1285/1285/1285 1287/1287/1287 1288/1288/1288 1286/1286/1286
f 1287/1287/1287 1289/1289/1289 1290/1290/1290 1288/1288/1288
f 1289/1289/1289 1291/1291/1291 1292/1292/1292 1290/1290/1290
f 1291/1291/1291 1293/1293/1293 1294/1294/1294 1292/1292/1292
f 1293/1293/1293 1295/1295/1295 1296/1296/1296 1294/1294/1294
f 1295/1295/1295 1297/1297/1297 1298/1298/1298 1296/1296/1296
f 1297/1297/1297 1299/1299/1299 1300/1300/1300 1298/1298/1298
f 1299/1299/1299 1301/1301/1301 1302/1302/1302 1300/1300/1300
f 1301/1301/1301 1303/1303/1303 1304/1304/1304 1302/1302/1302
f 1303/1303/1303 1305/1305/1305 1306/1306/1306 1304/1304/1304
f 1305/1305/1305 1307/1307/1307 1308/1308/1308 1306/1306/1306
f 1307/1307/1307 1309/1309/1309 1310/1310/1310 1308/1308/1308
f 1309/1309/1309 1311/1311/1311 1312/1312/1312 1310/1310/1310
f 1311/1311/1311 1313/1313/1313 1314/1314/1314 1312/1312/1312
f 1313/1313/1313 1315/1315/1315 1316/1316/1316 1314/1314/1314
f 1315/1315/1315 1317/1317/1317 1318/1318/1318 1316/1316/1316
f 1317/1317/1317 1319/1319/1319 1320/1320/1320 1318/1318/1318
f 1319/1319/1319 1321/1321/1321 1322/1322/1322 1320/1320/1320
f 1321/1321/1321 1323/1323/1323 1324/1324/1324 1322/1322/1322
f 1323/1323/1323 1325/1325/1325 1326/1326/1326 1324/1324/1324
f 1325/1325/1325 1327/1327/1327 1328/1328/1328 1326/1326/1326
f 1327/1327/1327 1329/1329/1329 1330/1330/1330 1328/1328/1328
f 1329/1329/1329 1331/1331/1331 1332/1332/1332 1330/1330/1330
f 1331/1331/1331 1333/1333/1333 1334/1334/1334 1332/1332/1332
f 1333/1333/1333 1335/1335/1335 1336/1336/1336 1334/1334/1334
f 1335/1335/1335 1337/1337/1337 1338/1338/1338 1336/1336/1336
f 1429/1429/1429 1377/1377/1377 1430/1430/1430
f 1375/1375/1375 1430/1430/1430 1376/1376/1376
f 1377/1377/1377 1376/1376/1376 1430/1430/1430
f 1429/1429/1429 1378/1378/1378 1377/1377/1377
f 1378/1378/1378 1428/1428/1428 1427/1427/1427
f 1426/1426/1426 1379/1379/1379 1427/1427/1427
f 1428/1428/1428 1378/1378/1378 1429/1429/1429
f 1427/1427/1427 1379/1379/1379 1378/1378/1378
f 1432/1432/1432 1374/1374/1374 1373/1373/1373
f 1373/1373/1373 1372/1372/1372 1433/1433/1433
f 1375/1375/1375 1374/1374/1374 1431/1431/1431
f 1374/1374/1374 1432/1432/1432 1431/1431/1431
f 1372/1372/1372 1434/1434/1434 1433/1433/1433
f 1373/1373/1373 1433/1433/1433 1432/1432/1432
f 1431/1431/1431 1430/1430/1430 1375/1375/1375
f 1371/1371/1371 1434/1434/1434 1372/1372/1372
f 1421/1421/1421 1385/1385/1385 1384/1384/1384
f 1421/1421/1421 1384/1384/1384 1422/1422/1422
f 1383/1383/1383 1423/1423/1423 1384/1384/1384
f 1421/1421/1421 1420/1420/1420 1385/1385/1385
f 1419/1419/1419 1387/1387/1387 1386/1386/1386
f 1386/1386/1386 1420/1420/1420 1419/1419/1419
f 1419/1419/1419 1388/1388/1388 1387/1387/1387
f 1385/1385/1385 1420/1420/1420 1386/1386/1386
f 1425/1425/1425 1381/1381/1381 1380/1380/1380
f 1380/1380/1380 1426/1426/1426 1425/1425/1425
f 1425/1425/1425 1382/1382/1382 1381/1381/1381
f 1379/1379/1379 1426/1426/1426 1380/1380/1380
f 1383/1383/1383 1424/1424/1424 1423/1423/1423
f 1422/1422/1422 1384/1384/1384 1423/1423/1423
f 1383/1383/1383 1382/1382/1382 1424/1424/1424
f 1425/1425/1425 1424/1424/1424 1382/1382/1382
f 1437/1437/1437 1370/1370/1370 1369/1369/1369
f 1369/1369/1369 1368/1368/1368 1437/1437/1437
f 1371/1371/1371 1370/1370/1370 1435/1435/1435
f 1370/1370/1370 1436/1436/1436 1435/1435/1435
f 1368/1368/1368 1438/1438/1438 1437/1437/1437
f 1370/1370/1370 1437/1437/1437 1436/1436/1436
f 1435/1435/1435 1434/1434/1434 1371/1371/1371
f 1367/1367/1367 1438/1438/1438 1368/1368/1368
f 1366/1366/1366 1439/1439/1439 1367/1367/1367
f 1438/1438/1438 1367/1367/1367 1439/1439/1439
f 1366/1366/1366 1365/1365/1365 1440/1440/1440
f 1440/1440/1440 1439/1439/1439 1366/1366/1366
f 1441/1441/1441 1365/1365/1365 1442/1442/1442
f 1443/1443/1443 1442/1442/1442 1364/1364/1364
f 1442/1442/1442 1365/1365/1365 1364/1364/1364
f 1440/1440/1440 1365/1365/1365 1441/1441/1441
f 1362/1362/1362 1443/1443/1443 1363/1363/1363
f 1364/1364/1364 1363/1363/1363 1443/1443/1443
f 1361/1361/1361 1444/1444/1444 1362/1362/1362
f 1443/1443/1443 1362/1362/1362 1444/1444/1444
f 1361/1361/1361 1446/1446/1446 1445/1445/1445
f 1447/1447/1447 1446/1446/1446 1360/1360/1360
f 1361/1361/1361 1360/1360/1360 1446/1446/1446
f 1444/1444/1444 1361/1361/1361 1445/1445/1445
f 1360/1360/1360 1359/1359/1359 1447/1447/1447
f 1448/1448/1448 1447/1447/1447 1359/1359/1359
f 1448/1448/1448 1359/1359/1359 1358/1358/1358
f 1358/1358/1358 1449/1449/1449 1448/1448/1448
f 1356/1356/1356 1450/1450/1450 1449/1449/1449
f 1449/1449/1449 1357/1357/1357 1356/1356/1356
f 1356/1356/1356 1355/1355/1355 1450/1450/1450
f 1358/1358/1358 1357/1357/1357 1449/1449/1449
f 1418/1418/1418 1389/1389/1389 1388/1388/1388
f 1389/1389/1389 1418/1418/1418 1417/1417/1417
f 1417/1417/1417 1390/1390/1390 1389/1389/1389
f 1419/1419/1419 1418/1418/1418 1388/1388/1388
f 1415/1415/1415 1390/1390/1390 1416/1416/1416
f 1392/1392/1392 1391/1391/1391 1414/1414/1414
f 1415/1415/1415 1391/1391/1391 1390/1390/1390
f 1417/1417/1417 1416/1416/1416 1390/1390/1390
f 1415/1415/1415 1414/1414/1414 1391/1391/1391
f 1413/1413/1413 1393/1393/1393 1392/1392/1392
f 1413/1413/1413 1392/1392/1392 1414/1414/1414
f 1413/1413/1413 1412/1412/1412 1393/1393/1393
f 1411/1411/1411 1394/1394/1394 1412/1412/1412
f 1393/1393/1393 1412/1412/1412 1394/1394/1394
f 1410/1410/1410 1395/1395/1395 1411/1411/1411
f 1394/1394/1394 1411/1411/1411 1395/1395/1395
f 1409/1409/1409 1396/1396/1396 1410/1410/1410
f 1395/1395/1395 1410/1410/1410 1396/1396/1396
f 1409/1409/1409 1408/1408/1408 1398/1398/1398
f 1397/1397/1397 1396/1396/1396 1409/1409/1409
f 1398/1398/1398 1408/1408/1408 1399/1399/1399
f 1400/1400/1400 1399/1399/1399 1407/1407/1407
f 1399/1399/1399 1408/1408/1408 1407/1407/1407
f 1397/1397/1397 1409/1409/1409 1398/1398/1398
f 1400/1400/1400 1406/1406/1406 1405/1405/1405
f 1402/1402/1402 1404/1404/1404 1403/1403/1403
f 1404/1404/1404 1401/1401/1401 1405/1405/1405
f 1404/1404/1404 1402/1402/1402 1401/1401/1401
f 1402/1402/1402 1403/1403/1403 1339/1339/1339
f 1401/1401/1401 1400/1400/1400 1405/1405/1405
f 1400/1400/1400 1407/1407/1407 1406/1406/1406
f 1466/1466/1466 1339/1339/1339 1403/1403/1403
f 1456/1456/1456 1455/1455/1455 1351/1351/1351
f 1456/1456/1456 1351/1351/1351 1350/1350/1350
f 1454/1454/1454 1352/1352/1352 1455/1455/1455
f 1350/1350/1350 1349/1349/1349 1456/1456/1456
f 1349/1349/1349 1458/1458/1458 1457/1457/1457
f 1458/1458/1458 1349/1349/1349 1348/1348/1348
f 1348/1348/1348 1459/1459/1459 1458/1458/1458
f 1456/1456/1456 1349/1349/1349 1457/1457/1457
f 1355/1355/1355 1452/1452/1452 1451/1451/1451
f 1452/1452/1452 1355/1355/1355 1354/1354/1354
f 1354/1354/1354 1453/1453/1453 1452/1452/1452
f 1450/1450/1450 1355/1355/1355 1451/1451/1451
f 1454/1454/1454 1353/1353/1353 1352/1352/1352
f 1351/1351/1351 1455/1455/1455 1352/1352/1352
f 1454/1454/1454 1453/1453/1453 1353/1353/1353
f 1354/1354/1354 1353/1353/1353 1453/1453/1453
f 1340/1340/1340 1466/1466/1466 1465/1465/1465
f 1343/1343/1343 1464/1464/1464 1463/1463/1463
f 1464/1464/1464 1341/1341/1341 1465/1465/1465
f 1464/1464/1464 1342/1342/1342 1341/1341/1341
f 1342/1342/1342 1464/1464/1464 1343/1343/1343
f 1341/1341/1341 1340/1340/1340 1465/1465/1465
f 1340/1340/1340 1339/1339/1339 1466/1466/1466
f 1344/1344/1344 1343/1343/1343 1463/1463/1463
f 1346/1346/1346 1460/1460/1460 1347/1347/1347
f 1348/1348/1348 1347/1347/1347 1459/1459/1459
f 1460/1460/1460 1459/1459/1459 1347/1347/1347
f 1346/1346/1346 1461/1461/1461 1460/1460/1460
f 1345/1345/1345 1344/1344/1344 1462/1462/1462
f 1463/1463/1463 1462/1462/1462 1344/1344/1344
f 1345/1345/1345 1461/1461/1461 1346/1346/1346
f 1462/1462/1462 1461/1461/1461 1345/1345/1345
f 1557/1557/1557 1558/1558/1558 1505/1505/1505
f 1503/1503/1503 1504/1504/1504 1558/1558/1558
f 1505/1505/1505 1558/1558/1558 1504/1504/1504
f 1557/1557/1557 1505/1505/1505 1506/1506/1506
f 1506/1506/1506 1555/1555/1555 1556/1556/1556
f 1554/1554/1554 1555/1555/1555 1507/1507/1507
f 1556/1556/1556 1557/1557/1557 1506/1506/1506
f 1555/1555/1555 1506/1506/1506 1507/1507/1507
f 1560/1560/1560 1501/1501/1501 1502/1502/1502
f 1501/1501/1501 1561/1561/1561 1500/1500/1500
f 1503/1503/1503 1559/1559/1559 1502/1502/1502
f 1502/1502/1502 1559/1559/1559 1560/1560/1560
f 1500/1500/1500 1561/1561/1561 1562/1562/1562
f 1501/1501/1501 1560/1560/1560 1561/1561/1561
f 1559/1559/1559 1503/1503/1503 1558/1558/1558
f 1499/1499/1499 1500/1500/1500 1562/1562/1562
f 1549/1549/1549 1512/1512/1512 1513/1513/1513
f 1549/1549/1549 1550/1550/1550 1512/1512/1512
f 1511/1511/1511 1512/1512/1512 1551/1551/1551
f 1549/1549/1549 1513/1513/1513 1548/1548/1548
f 1547/1547/1547 1514/1514/1514 1515/1515/1515
f 1514/1514/1514 1547/1547/1547 1548/1548/1548
f 1547/1547/1547 1515/1515/1515 1516/1516/1516
f 1513/1513/1513 1514/1514/1514 1548/1548/1548
f 1553/1553/1553 1508/1508/1508 1509/1509/1509
f 1508/1508/1508 1553/1553/1553 1554/1554/1554
f 1553/1553/1553 1509/1509/1509 1510/1510/1510
f 1507/1507/1507 1508/1508/1508 1554/1554/1554
f 1511/1511/1511 1551/1551/1551 1552/1552/1552
f 1550/1550/1550 1551/1551/1551 1512/1512/1512
f 1511/1511/1511 1552/1552/1552 1510/1510/1510
f 1553/1553/1553 1510/1510/1510 1552/1552/1552
f 1565/1565/1565 1497/1497/1497 1498/1498/1498
f 1497/1497/1497 1565/1565/1565 1496/1496/1496
f 1499/1499/1499 1563/1563/1563 1498/1498/1498
f 1498/1498/1498 1563/1563/1563 1564/1564/1564
f 1496/1496/1496 1565/1565/1565 1566/1566/1566
f 1498/1498/1498 1564/1564/1564 1565/1565/1565
f 1563/1563/1563 1499/1499/1499 1562/1562/1562
f 1495/1495/1495 1496/1496/1496 1566/1566/1566
f 1494/1494/1494 1495/1495/1495 1567/1567/1567
f 1566/1566/1566 1567/1567/1567 1495/1495/1495
f 1494/1494/1494 1568/1568/1568 1493/1493/1493
f 1568/1568/1568 1494/1494/1494 1567/1567/1567
f 1569/1569/1569 1570/1570/1570 1493/1493/1493
f 1571/1571/1571 1492/1492/1492 1570/1570/1570
f 1570/1570/1570 1492/1492/1492 1493/1493/1493
f 1568/1568/1568 1569/1569/1569 1493/1493/1493
f 1490/1490/1490 1491/1491/1491 1571/1571/1571
f 1492/1492/1492 1571/1571/1571 1491/1491/1491
f 1489/1489/1489 1490/1490/1490 1572/1572/1572
f 1571/1571/1571 1572/1572/1572 1490/1490/1490
f 1489/1489/1489 1573/1573/1573 1574/1574/1574
f 1575/1575/1575 1488/1488/1488 1574/1574/1574
f 1489/1489/1489 1574/1574/1574 1488/1488/1488
f 1572/1572/1572 1573/1573/1573 1489/1489/1489
f 1488/1488/1488 1575/1575/1575 1487/1487/1487
f 1576/1576/1576 1487/1487/1487 1575/1575/1575
f 1576/1576/1576 1486/1486/1486 1487/1487/1487
f 1486/1486/1486 1576/1576/1576 1577/1577/1577
f 1484/1484/1484 1577/1577/1577 1578/1578/1578
f 1577/1577/1577 1484/1484/1484 1485/1485/1485
f 1484/1484/1484 1578/1578/1578 1483/1483/1483
f 1486/1486/1486 1577/1577/1577 1485/1485/1485
f 1546/1546/1546 1516/1516/1516 1517/1517/1517
f 1517/1517/1517 1545/1545/1545 1546/1546/1546
f 1545/1545/1545 1517/1517/1517 1518/1518/1518
f 1547/1547/1547 1516/1516/1516 1546/1546/1546
f 1543/1543/1543 1544/1544/1544 1518/1518/1518
f 1520/1520/1520 1542/1542/1542 1519/1519/1519
f 1543/1543/1543 1518/1518/1518 1519/1519/1519
f 1545/1545/1545 1518/1518/1518 1544/1544/1544
f 1543/1543/1543 1519/1519/1519 1542/1542/1542
f 1541/1541/1541 1520/1520/1520 1521/1521/1521
f 1541/1541/1541 1542/1542/1542 1520/1520/1520
f 1541/1541/1541 1521/1521/1521 1540/1540/1540
f 1539/1539/1539 1540/1540/1540 1522/1522/1522
f 1521/1521/1521 1522/1522/1522 1540/1540/1540
f 1538/1538/1538 1539/1539/1539 1523/1523/1523
f 1522/1522/1522 1523/1523/1523 1539/1539/1539
f 1537/1537/1537 1538/1538/1538 1524/1524/1524
f 1523/1523/1523 1524/1524/1524 1538/1538/1538
f 1537/1537/1537 1526/1526/1526 1536/1536/1536
f 1525/1525/1525 1537/1537/1537 1524/1524/1524
f 1526/1526/1526 1527/1527/1527 1536/1536/1536
f 1528/1528/1528 1535/1535/1535 1527/1527/1527
f 1527/1527/1527 1535/1535/1535 1536/1536/1536
f 1525/1525/1525 1526/1526/1526 1537/1537/1537
f 1528/1528/1528 1533/1533/1533 1534/1534/1534
f 1530/1530/1530 1531/1531/1531 1532/1532/1532
f 1532/1532/1532 1533/1533/1533 1529/1529/1529
f 1532/1532/1532 1529/1529/1529 1530/1530/1530
f 1530/1530/1530 1467/1467/1467 1531/1531/1531
f 1529/1529/1529 1533/1533/1533 1528/1528/1528
f 1528/1528/1528 1534/1534/1534 1535/1535/1535
f 1594/1594/1594 1531/1531/1531 1467/1467/1467
f 1584/1584/1584 1479/1479/1479 1583/1583/1583
f 1584/1584/1584 1478/1478/1478 1479/1479/1479
f 1582/1582/1582 1583/1583/1583 1480/1480/1480
f 1478/1478/1478 1584/1584/1584 1477/1477/1477
f 1477/1477/1477 1585/1585/1585 1586/1586/1586
f 1586/1586/1586 1476/1476/1476 1477/1477/1477
f 1476/1476/1476 1586/1586/1586 1587/1587/1587
f 1584/1584/1584 1585/1585/1585 1477/1477/1477
f 1483/1483/1483 1579/1579/1579 1580/1580/1580
f 1580/1580/1580 1482/1482/1482 1483/1483/1483
f 1482/1482/1482 1580/1580/1580 1581/1581/1581
f 1578/1578/1578 1579/1579/1579 1483/1483/1483
f 1582/1582/1582 1480/1480/1480 1481/1481/1481
f 1479/1479/1479 1480/1480/1480 1583/1583/1583
f 1582/1582/1582 1481/1481/1481 1581/1581/1581
f 1482/1482/1482 1581/1581/1581 1481/1481/1481
f 1468/1468/1468 1593/1593/1593 1594/1594/1594
f 1471/1471/1471 1591/1591/1591 1592/1592/1592
f 1592/1592/1592 1593/1593/1593 1469/1469/1469
f 1592/1592/1592 1469/1469/1469 1470/1470/1470
f 1470/1470/1470 1471/1471/1471 1592/1592/1592
f 1469/1469/1469 1593/1593/1593 1468/1468/1468
f 1468/1468/1468 1594/1594/1594 1467/1467/1467
f 1472/1472/1472 1591/1591/1591 1471/1471/1471
f 1474/1474/1474 1475/1475/1475 1588/1588/1588
f 1476/1476/1476 1587/1587/1587 1475/1475/1475
f 1588/1588/1588 1475/1475/1475 1587/1587/1587
f 1474/1474/1474 1588/1588/1588 1589/1589/1589
f 1473/1473/1473 1590/1590/1590 1472/1472/1472
f 1591/1591/1591 1472/1472/1472 1590/1590/1590
f 1473/1473/1473 1474/1474/1474 1589/1589/1589
f 1590/1590/1590 1473/1473/1473 1589/1589/1589
usemtl Default
v 23 30 1
v 23 30 1.5
v 22.906963348388672 32.066650390625 1
v 22.906963348388672 32.066650390625 1.5
v 22.616024017333984 34.185150146484375 1
v 22.616024017333984 34.185150146484375 1.5
v 22.112176895141602 36.328639984130859 1
v 22.112176895141602 36.328639984130859 1.5
v 21.3851318359375 38.466178894042969 1
v 21.3851318359375 38.466178894042969 1.5
v 20.430532455444336 40.563774108886719 1
v 20.430532455444336 40.563774108886719 1.5
v 19.250896453857422 42.585823059082031 1
v 19.250896453857422 42.585823059082031 1.5
v 17.856122970581055 44.496856689453125 1
v 17.856122970581055 44.496856689453125 1.5
v 16.263456344604492 46.263454437255859 1
v 16.263456344604492 46.263454437255859 1.5
v 14.496856689453125 47.856124877929688 1
v 14.496856689453125 47.856124877929688 1.5
v 12.585824012756348 49.250896453857422 1
v 12.585824012756348 49.250896453857422 1.5
v 10.563776016235352 50.430530548095703 1
v 10.563776016235352 50.430530548095703 1.5
v 8.4661779403686523 51.3851318359375 1
v 8.4661779403686523 51.3851318359375 1.5
v 6.328639030456543 52.112174987792969 1
v 6.328639030456543 52.112174987792969 1.5
v 4.185150146484375 52.616024017333984 1
v 4.185150146484375 52.616024017333984 1.5
v 2.0666520595550537 52.906963348388672 1
v 2.0666520595550537 52.906963348388672 1.5
v 0 53 1
v 0 53 1.5
v -2.0666520595550537 52.906963348388672 1
v -2.0666520595550537 52.906963348388672 1.5
v -4.185150146484375 52.616024017333984 1
v -4.185150146484375 52.616024017333984 1.5
v -6.328639030456543 52.112174987792969 1
v -6.328639030456543 52.112174987792969 1.5
v -8.4661779403686523 51.3851318359375 1
v -8.4661779403686523 51.3851318359375 1.5
v -10.563776016235352 50.430530548095703 1
v -10.563776016235352 50.430530548095703 1.5
v -12.585824012756348 49.250896453857422 1
v -12.585824012756348 49.250896453857422 1.5
v -14.496856689453125 47.856124877929688 1
v -14.496856689453125 47.856124877929688 1.5
v -16.263456344604492 46.263454437255859 1
v -16.263456344604492 46.263454437255859 1.5
v -17.856122970581055 44.496856689453125 1
v -17.856122970581055 44.496856689453125 1.5
v -19.250896453857422 42.585823059082031 1
v -19.250896453857422 42.585823059082031 1.5
v -20.430532455444336 40.563774108886719 1
v -20.430532455444336 40.563774108886719 1.5
v -21.3851318359375 38.466178894042969 1
v -21.3851318359375 38.466178894042969 1.5
v -22.112176895141602 36.328639984130859 1
v -22.112176895141602 36.328639984130859 1.5
v -22.616024017333984 34.185150146484375 1
v -22.616024017333984 34.185150146484375 1.5
v -22.906963348388672 32.066650390625 1
v -22.906963348388672 32.066650390625 1.5
v -23 30 1
v -23 30 1.5
v -22.906963348388672 27.933347702026367 1
v -22.906963348388672 27.933347702026367 1.5
v -22.616024017333984 25.814849853515625 1
v -22.616024017333984 25.814849853515625 1.5
v -22.112176895141602 23.671361923217773 1
v -22.112176895141602 23.671361923217773 1.5
v -21.3851318359375 21.533821105957031 1
v -21.3851318359375 21.533821105957031 1.5
v -20.430532455444336 19.436223983764648 1
v -20.430532455444336 19.436223983764648 1.5
v -19.250896453857422 17.414175033569336 1
v -19.250896453857422 17.414175033569336 1.5
v -17.856122970581055 15.503143310546875 1
v -17.856122970581055 15.503143310546875 1.5
v -16.263456344604492 13.736543655395508 1
v -16.263456344604492 13.736543655395508 1.5
v -14.496856689453125 12.143877029418945 1
v -14.496856689453125 12.143877029418945 1.5
v -12.585824012756348 10.749103546142578 1
v -12.585824012756348 10.749103546142578 1.5
v -10.563776016235352 9.5694675445556641 1
v -10.563776016235352 9.5694675445556641 1.5
v -8.4661779403686523 8.6148691177368164 1
v -8.4661779403686523 8.6148691177368164 1.5
v -6.328639030456543 7.8878240585327148 1
v -6.328639030456543 7.8878240585327148 1.5
v -4.185150146484375 7.3839764595031738 1
v -4.185150146484375 7.3839764595031738 1.5
v -2.0666520595550537 7.0930371284484863 1
v -2.0666520595550537 7.0930371284484863 1.5
v 0 7 1
v 0 7 1.5
v 2.0666520595550537 7.0930371284484863 1
v 2.0666520595550537 7.0930371284484863 1.5
v 4.185150146484375 7.3839764595031738 1
v 4.185150146484375 7.3839764595031738 1.5
v 6.328639030456543 7.8878240585327148 1
v 6.328639030456543 7.8878240585327148 1.5
v 8.4661779403686523 8.6148691177368164 1
v 8.4661779403686523 8.6148691177368164 1.5
v 10.563776016235352 9.5694675445556641 1
v 10.563776016235352 9.5694675445556641 1.5
v 12.585824012756348 10.749103546142578 1
v 12.585824012756348 10.749103546142578 1.5
v 14.496856689453125 12.143877029418945 1
v 14.496856689453125 12.143877029418945 1.5
v 16.263456344604492 13.736543655395508 1
v 16.263456344604492 13.736543655395508 1.5
v 17.856122970581055 15.503143310546875 1
v 17.856122970581055 15.503143310546875 1.5
v 19.250896453857422 17.414175033569336 1
v 19.250896453857422 17.414175033569336 1.5
v 20.430532455444336 19.436223983764648 1
v 20.430532455444336 19.436223983764648 1.5
v 21.3851318359375 21.533821105957031 1
v 21.3851318359375 21.533821105957031 1.5
v 22.112176895141602 23.671361923217773 1
v 22.112176895141602 23.671361923217773 1.5
v 22.616024017333984 25.814849853515625 1
v 22.616024017333984 25.814849853515625 1.5
v 22.906963348388672 27.933347702026367 1
v 22.906963348388672 27.933347702026367 1.5
v 23 30 1
v 23 30 1.5
v 21 30 1
v 21 30 1.5
v 20.91505241394043 28.113056182861328 1
v 20.91505241394043 28.113056182861328 1.5
v 20.649412155151367 26.178775787353516 1
v 20.649412155151367 26.178775787353516 1.5
v 20.18937873840332 24.221677780151367 1
v 20.18937873840332 24.221677780151367 1.5
v 19.525554656982422 22.270011901855469 1
v 19.525554656982422 22.270011901855469 1.5
v 18.653964996337891 20.354812622070312 1
v 18.653964996337891 20.354812622070312 1.5
v 17.576906204223633 18.508594512939453 1
v 17.576906204223633 18.508594512939453 1.5
v 16.303417205810547 16.763738632202148 1
v 16.303417205810547 16.763738632202148 1.5
v 14.849242210388184 15.150757789611816 1
v 14.849242210388184 15.150757789611816 1.5
v 13.236260414123535 13.696582794189453 1
v 13.236260414123535 13.696582794189453 1.5
v 11.49140453338623 12.423093795776367 1
v 11.49140453338623 12.423093795776367 1.5
v 9.6451864242553711 11.346035957336426 1
v 9.6451864242553711 11.346035957336426 1.5
v 7.7299890518188477 10.474445343017578 1
v 7.7299890518188477 10.474445343017578 1.5
v 5.778322696685791 9.8106222152709961 1
v 5.778322696685791 9.8106222152709961 1.5
v 3.8212242126464844 9.3505868911743164 1
v 3.8212242126464844 9.3505868911743164 1.5
v 1.8869432210922241 9.0849466323852539 1
v 1.8869432210922241 9.0849466323852539 1.5
v 0 9 1
v 0 9 1.5
v -1.8869432210922241 9.0849466323852539 1
v -1.8869432210922241 9.0849466323852539 1.5
v -3.8212242126464844 9.3505868911743164 1
v -3.8212242126464844 9.3505868911743164 1.5
v -5.778322696685791 9.8106222152709961 1
v -5.778322696685791 9.8106222152709961 1.5
v -7.7299890518188477 10.474445343017578 1
v -7.7299890518188477 10.474445343017578 1.5
v -9.6451864242553711 11.346035957336426 1
v -9.6451864242553711 11.346035957336426 1.5
v -11.49140453338623 12.423093795776367 1
v -11.49140453338623 12.423093795776367 1.5
v -13.236260414123535 13.696582794189453 1
v -13.236260414123535 13.696582794189453 1.5
v -14.849242210388184 15.150757789611816 1
v -14.849242210388184 15.150757789611816 1.5
v -16.303417205810547 16.763738632202148 1
v -16.303417205810547 16.763738632202148 1.5
v -17.576906204223633 18.508594512939453 1
v -17.576906204223633 18.508594512939453 1.5
v -18.653964996337891 20.354812622070312 1
v -18.653964996337891 20.354812622070312 1.5
v -19.525554656982422 22.270011901855469 1
v -19.525554656982422 22.270011901855469 1.5
v -20.18937873840332 24.221677780151367 1
v -20.18937873840332 24.221677780151367 1.5
v -20.649412155151367 26.178775787353516 1
v -20.649412155151367 26.178775787353516 1.5
v -20.91505241394043 28.113056182861328 1
v -20.91505241394043 28.113056182861328 1.5
v -21 30 1
v -21 30 1.5
v -20.91505241394043 31.886943817138672 1
v -20.91505241394043 31.886943817138672 1.5
v -20.649412155151367 33.821224212646484 1
v -20.649412155151367 33.821224212646484 1.5
v -20.18937873840332 35.778324127197266 1
v -20.18937873840332 35.778324127197266 1.5
v -19.525554656982422 37.729988098144531 1
v -19.525554656982422 37.729988098144531 1.5
v -18.653964996337891 39.645187377929688 1
v -18.653964996337891 39.645187377929688 1.5
v -17.576906204223633 41.491405487060547 1
v -17.576906204223633 41.491405487060547 1.5
v -16.303417205810547 43.236259460449219 1
v -16.303417205810547 43.236259460449219 1.5
v -14.849242210388184 44.8492431640625 1
v -14.849242210388184 44.8492431640625 1.5
v -13.236260414123535 46.303417205810547 1
v -13.236260414123535 46.303417205810547 1.5
v -11.49140453338623 47.576904296875 1
v -11.49140453338623 47.576904296875 1.5
v -9.6451864242553711 48.653964996337891 1
v -9.6451864242553711 48.653964996337891 1.5
v -7.7299890518188477 49.525554656982422 1
v -7.7299890518188477 49.525554656982422 1.5
v -5.778322696685791 50.189376831054688 1
v -5.778322696685791 50.189376831054688 1.5
v -3.8212242126464844 50.6494140625 1
v -3.8212242126464844 50.6494140625 1.5
v -1.8869432210922241 50.915054321289062 1
v -1.8869432210922241 50.915054321289062 1.5
v 0 51 1
v 0 51 1.5
v 1.8869432210922241 50.915054321289062 1
v 1.8869432210922241 50.915054321289062 1.5
v 3.8212242126464844 50.6494140625 1
v 3.8212242126464844 50.6494140625 1.5
v 5.778322696685791 50.189376831054688 1
v 5.778322696685791 50.189376831054688 1.5
v 7.7299890518188477 49.525554656982422 1
v 7.7299890518188477 49.525554656982422 1.5
v 9.6451864242553711 48.653964996337891 1
v 9.6451864242553711 48.653964996337891 1.5
v 11.49140453338623 47.576904296875 1
v 11.49140453338623 47.576904296875 1.5
v 13.236260414123535 46.303417205810547 1
v 13.236260414123535 46.303417205810547 1.5
v 14.849242210388184 44.8492431640625 1
v 14.849242210388184 44.8492431640625 1.5
v 16.303417205810547 43.236259460449219 1
v 16.303417205810547 43.236259460449219 1.5
v 17.576906204223633 41.491405487060547 1
v 17.576906204223633 41.491405487060547 1.5
v 18.653964996337891 39.645187377929688 1
v 18.653964996337891 39.645187377929688 1.5
v 19.525554656982422 37.729988098144531 1
v 19.525554656982422 37.729988098144531 1.5
v 20.18937873840332 35.778324127197266 1
v 20.18937873840332 35.778324127197266 1.5
v 20.649412155151367 33.821224212646484 1
v 20.649412155151367 33.821224212646484 1.5
v 20.91505241394043 31.886943817138672 1
v 20.91505241394043 31.886943817138672 1.5
v 21 30 1
v 21 30 1.5
v 23 30 1
v 22.906963348388672 32.066650390625 1
v 22.616024017333984 34.185150146484375 1
v 22.112176895141602 36.328639984130859 1
v 21.3851318359375 38.466178894042969 1
v 20.430532455444336 40.563774108886719 1
v 19.250896453857422 42.585823059082031 1
v 17.856122970581055 44.496856689453125 1
v 16.263456344604492 46.263454437255859 1
v 14.496856689453125 47.856124877929688 1
v 12.585824012756348 49.250896453857422 1
v 10.563776016235352 50.430530548095703 1
v 8.4661779403686523 51.3851318359375 1
v 6.328639030456543 52.112174987792969 1
v 4.185150146484375 52.616024017333984 1
v 2.0666520595550537 52.906963348388672 1
v 0 53 1
v -2.0666520595550537 52.906963348388672 1
v -4.185150146484375 52.616024017333984 1
v -6.328639030456543 52.112174987792969 1
v -8.4661779403686523 51.3851318359375 1
v -10.563776016235352 50.430530548095703 1
v -12.585824012756348 49.250896453857422 1
v -14.496856689453125 47.856124877929688 1
v -16.263456344604492 46.263454437255859 1
v -17.856122970581055 44.496856689453125 1
v -19.250896453857422 42.585823059082031 1
v -20.430532455444336 40.563774108886719 1
v -21.3851318359375 38.466178894042969 1
v -22.112176895141602 36.328639984130859 1
v -22.616024017333984 34.185150146484375 1
v -22.906963348388672 32.066650390625 1
v -23 30 1
v -22.906963348388672 27.933347702026367 1
v -22.616024017333984 25.814849853515625 1
v -22.112176895141602 23.671361923217773 1
v -21.3851318359375 21.533821105957031 1
v -20.430532455444336 19.436223983764648 1
v -19.250896453857422 17.414175033569336 1
v -17.856122970581055 15.503143310546875 1
v -16.263456344604492 13.736543655395508 1
v -14.496856689453125 12.143877029418945 1
v -12.585824012756348 10.749103546142578 1
v -10.563776016235352 9.5694675445556641 1
v -8.4661779403686523 8.6148691177368164 1
v -6.328639030456543 7.8878240585327148 1
v -4.185150146484375 7.3839764595031738 1
v -2.0666520595550537 7.0930371284484863 1
v 0 7 1
v 2.0666520595550537 7.0930371284484863 1
v 4.185150146484375 7.3839764595031738 1
v 6.328639030456543 7.8878240585327148 1
v 8.4661779403686523 8.6148691177368164 1
v 10.563776016235352 9.5694675445556641 1
v 12.585824012756348 10.749103546142578 1
v 14.496856689453125 12.143877029418945 1
v 16.263456344604492 13.736543655395508 1
v 17.856122970581055 15.503143310546875 1
v 19.250896453857422 17.414175033569336 1
v 20.430532455444336 19.436223983764648 1
v 21.3851318359375 21.533821105957031 1
v 22.112176895141602 23.671361923217773 1
v 22.616024017333984 25.814849853515625 1
v 22.906963348388672 27.933347702026367 1
v 21 30 1
v 20.91505241394043 28.113056182861328 1
v 20.649412155151367 26.178775787353516 1
v 20.18937873840332 24.221677780151367 1
v 19.525554656982422 22.270011901855469 1
v 18.653964996337891 20.354812622070312 1
v 17.576906204223633 18.508594512939453 1
v 16.303417205810547 16.763738632202148 1
v 14.849242210388184 15.150757789611816 1
v 13.236260414123535 13.696582794189453 1
v 11.49140453338623 12.423093795776367 1
v 9.6451864242553711 11.346035957336426 1
v 7.7299890518188477 10.474445343017578 1
v 5.778322696685791 9.8106222152709961 1
v 3.8212242126464844 9.3505868911743164 1
v 1.8869432210922241 9.0849466323852539 1
v 0 9 1
v -1.8869432210922241 9.0849466323852539 1
v -3.8212242126464844 9.3505868911743164 1
v -5.778322696685791 9.8106222152709961 1
v -7.7299890518188477 10.474445343017578 1
v -9.6451864242553711 11.346035957336426 1
v -11.49140453338623 12.423093795776367 1
v -13.236260414123535 13.696582794189453 1
v -14.849242210388184 15.150757789611816 1
v -16.303417205810547 16.763738632202148 1
v -17.576906204223633 18.508594512939453 1
v -18.653964996337891 20.354812622070312 1
v -19.525554656982422 22.270011901855469 1
v -20.18937873840332 24.221677780151367 1
v -20.649412155151367 26.178775787353516 1
v -20.91505241394043 28.113056182861328 1
v -21 30 1
v -20.91505241394043 31.886943817138672 1
v -20.649412155151367 33.821224212646484 1
v -20.18937873840332 35.778324127197266 1
v -19.525554656982422 37.729988098144531 1
v -18.653964996337891 39.645187377929688 1
v -17.576906204223633 41.491405487060547 1
v -16.303417205810547 43.236259460449219 1
v -14.849242210388184 44.8492431640625 1
v -13.236260414123535 46.303417205810547 1
v -11.49140453338623 47.576904296875 1
v -9.6451864242553711 48.653964996337891 1
v -7.7299890518188477 49.525554656982422 1
v -5.778322696685791 50.189376831054688 1
v -3.8212242126464844 50.6494140625 1
v -1.8869432210922241 50.915054321289062 1
v 0 51 1
v 1.8869432210922241 50.915054321289062 1
v 3.8212242126464844 50.6494140625 1
v 5.778322696685791 50.189376831054688 1
v 7.7299890518188477 49.525554656982422 1
v 9.6451864242553711 48.653964996337891 1
v 11.49140453338623 47.576904296875 1
v 13.236260414123535 46.303417205810547 1
v 14.849242210388184 44.8492431640625 1
v 16.303417205810547 43.236259460449219 1
v 17.576906204223633 41.491405487060547 1
v 18.653964996337891 39.645187377929688 1
v 19.525554656982422 37.729988098144531 1
v 20.18937873840332 35.778324127197266 1
v 20.649412155151367 33.821224212646484 1
v 20.91505241394043 31.886943817138672 1
v 23 30 1.5
v 22.906963348388672 32.066650390625 1.5
v 22.616024017333984 34.185150146484375 1.5
v 22.112176895141602 36.328639984130859 1.5
v 21.3851318359375 38.466178894042969 1.5
v 20.430532455444336 40.563774108886719 1.5
v 19.250896453857422 42.585823059082031 1.5
v 17.856122970581055 44.496856689453125 1.5
v 16.263456344604492 46.263454437255859 1.5
v 14.496856689453125 47.856124877929688 1.5
v 12.585824012756348 49.250896453857422 1.5
v 10.563776016235352 50.430530548095703 1.5
v 8.4661779403686523 51.3851318359375 1.5
v 6.328639030456543 52.112174987792969 1.5
v 4.185150146484375 52.616024017333984 1.5
v 2.0666520595550537 52.906963348388672 1.5
v 0 53 1.5
v -2.0666520595550537 52.906963348388672 1.5
v -4.185150146484375 52.616024017333984 1.5
v -6.328639030456543 52.112174987792969 1.5
v -8.4661779403686523 51.3851318359375 1.5
v -10.563776016235352 50.430530548095703 1.5
v -12.585824012756348 49.250896453857422 1.5
v -14.496856689453125 47.856124877929688 1.5
v -16.263456344604492 46.263454437255859 1.5
v -17.856122970581055 44.496856689453125 1.5
v -19.250896453857422 42.585823059082031 1.5
v -20.430532455444336 40.563774108886719 1.5
v -21.3851318359375 38.466178894042969 1.5
v -22.112176895141602 36.328639984130859 1.5
v -22.616024017333984 34.185150146484375 1.5
v -22.906963348388672 32.066650390625 1.5
v -23 30 1.5
v -22.906963348388672 27.933347702026367 1.5
v -22.616024017333984 25.814849853515625 1.5
v -22.112176895141602 23.671361923217773 1.5
v -21.3851318359375 21.533821105957031 1.5
v -20.430532455444336 19.436223983764648 1.5
v -19.250896453857422 17.414175033569336 1.5
v -17.856122970581055 15.503143310546875 1.5
v -16.263456344604492 13.736543655395508 1.5
v -14.496856689453125 12.143877029418945 1.5
v -12.585824012756348 10.749103546142578 1.5
v -10.563776016235352 9.5694675445556641 1.5
v -8.4661779403686523 8.6148691177368164 1.5
v -6.328639030456543 7.8878240585327148 1.5
v -4.185150146484375 7.3839764595031738 1.5
v -2.0666520595550537 7.0930371284484863 1.5
v 0 7 1.5
v 2.0666520595550537 7.0930371284484863 1.5
v 4.185150146484375 7.3839764595031738 1.5
v 6.328639030456543 7.8878240585327148 1.5
v 8.4661779403686523 8.6148691177368164 1.5
v 10.563776016235352 9.5694675445556641 1.5
v 12.585824012756348 10.749103546142578 1.5
v 14.496856689453125 12.143877029418945 1.5
v 16.263456344604492 13.736543655395508 1.5
v 17.856122970581055 15.503143310546875 1.5
v 19.250896453857422 17.414175033569336 1.5
v 20.430532455444336 19.436223983764648 1.5
v 21.3851318359375 21.533821105957031 1.5
v 22.112176895141602 23.671361923217773 1.5
v 22.616024017333984 25.814849853515625 1.5
v 22.906963348388672 27.933347702026367 1.5
v 21 30 1.5
v 20.91505241394043 28.113056182861328 1.5
v 20.649412155151367 26.178775787353516 1.5
v 20.18937873840332 24.221677780151367 1.5
v 19.525554656982422 22.270011901855469 1.5
v 18.653964996337891 20.354812622070312 1.5
v 17.576906204223633 18.508594512939453 1.5
v 16.303417205810547 16.763738632202148 1.5
v 14.849242210388184 15.150757789611816 1.5
v 13.236260414123535 13.696582794189453 1.5
v 11.49140453338623 12.423093795776367 1.5
v 9.6451864242553711 11.346035957336426 1.5
v 7.7299890518188477 10.474445343017578 1.5
v 5.778322696685791 9.8106222152709961 1.5
v 3.8212242126464844 9.3505868911743164 1.5
v 1.8869432210922241 9.0849466323852539 1.5
v 0 9 1.5
v -1.8869432210922241 9.0849466323852539 1.5
v -3.8212242126464844 9.3505868911743164 1.5
v -5.778322696685791 9.8106222152709961 1.5
v -7.7299890518188477 10.474445343017578 1.5
v -9.6451864242553711 11.346035957336426 1.5
v -11.49140453338623 12.423093795776367 1.5
v -13.236260414123535 13.696582794189453 1.5
v -14.849242210388184 15.150757789611816 1.5
v -16.303417205810547 16.763738632202148 1.5
v -17.576906204223633 18.508594512939453 1.5
v -18.653964996337891 20.354812622070312 1.5
v -19.525554656982422 22.270011901855469 1.5
v -20.18937873840332 24.221677780151367 1.5
v -20.649412155151367 26.178775787353516 1.5
v -20.91505241394043 28.113056182861328 1.5
v -21 30 1.5
v -20.91505241394043 31.886943817138672 1.5
v -20.649412155151367 33.821224212646484 1.5
v -20.18937873840332 35.778324127197266 1.5
v -19.525554656982422 37.729988098144531 1.5
v -18.653964996337891 39.645187377929688 1.5
v -17.576906204223633 41.491405487060547 1.5
v -16.303417205810547 43.236259460449219 1.5
v -14.849242210388184 44.8492431640625 1.5
v -13.236260414123535 46.303417205810547 1.5
v -11.49140453338623 47.576904296875 1.5
v -9.6451864242553711 48.653964996337891 1.5
v -7.7299890518188477 49.525554656982422 1.5
v -5.778322696685791 50.189376831054688 1.5
v -3.8212242126464844 50.6494140625 1.5
v -1.8869432210922241 50.915054321289062 1.5
v 0 51 1.5
v 1.8869432210922241 50.915054321289062 1.5
v 3.8212242126464844 50.6494140625 1.5
v 5.778322696685791 50.189376831054688 1.5
v 7.7299890518188477 49.525554656982422 1.5
v 9.6451864242553711 48.653964996337891 1.5
v 11.49140453338623 47.576904296875 1.5
v 13.236260414123535 46.303417205810547 1.5
v 14.849242210388184 44.8492431640625 1.5
v 16.303417205810547 43.236259460449219 1.5
v 17.576906204223633 41.491405487060547 1.5
v 18.653964996337891 39.645187377929688 1.5
v 19.525554656982422 37.729988098144531 1.5
v 20.18937873840332 35.778324127197266 1.5
v 20.649412155151367 33.821224212646484 1.5
v 20.91505241394043 31.886943817138672 1.5
vt 0 0
vt 0 0.50270247459411621
vt 0.008167613297700882 0
vt 0.008167613297700882 0.50270247459411621
vt 0.016335226595401764 0
vt 0.016335226595401764 0.50270247459411621
vt 0.024502841755747795 0
vt 0.024502841755747795 0.50270247459411621
vt 0.032670453190803528 0
vt 0.032670453190803528 0.50270247459411621
vt 0.04083806648850441 0
vt 0.04083806648850441 0.50270247459411621
vt 0.04900568351149559 0
vt 0.04900568351149559 0.50270247459411621
vt 0.057173296809196472 0
vt 0.057173296809196472 0.50270247459411621
vt 0.065340906381607056 0
vt 0.065340906381607056 0.50270247459411621
vt 0.073508523404598236 0
vt 0.073508523404598236 0.50270247459411621
vt 0.08167613297700882 0
vt 0.08167613297700882 0.50270247459411621
vt 0.08984375 0
vt 0.08984375 0.50270247459411621
vt 0.09801136702299118 0
vt 0.09801136702299118 0.50270247459411621
vt 0.10617897659540176 0
vt 0.10617897659540176 0.50270247459411621
vt 0.11434659361839294 0
vt 0.11434659361839294 0.50270247459411621
vt 0.12251420319080353 0
vt 0.12251420319080353 0.50270247459411621
vt 0.13068181276321411 0
vt 0.13068181276321411 0.50270247459411621
vt 0.13884943723678589 0
vt 0.13884943723678589 0.50270247459411621
vt 0.14701704680919647 0
vt 0.14701704680919647 0.50270247459411621
vt 0.15518465638160706 0
vt 0.15518465638160706 0.50270247459411621
vt 0.16335226595401764 0
vt 0.16335226595401764 0.50270247459411621
vt 0.17151989042758942 0
vt 0.17151989042758942 0.50270247459411621
vt 0.1796875 0
vt 0.1796875 0.50270247459411621
vt 0.18785510957241058 0
vt 0.18785510957241058 0.50270247459411621
vt 0.19602273404598236 0
vt 0.19602273404598236 0.50270247459411621
vt 0.20419034361839294 0
vt 0.20419034361839294 0.50270247459411621
vt 0.21235795319080353 0
vt 0.21235795319080353 0.50270247459411621
vt 0.22052556276321411 0
vt 0.22052556276321411 0.50270247459411621
vt 0.22869318723678589 0
vt 0.22869318723678589 0.50270247459411621
vt 0.23686079680919647 0
vt 0.23686079680919647 0.50270247459411621
vt 0.24502840638160706 0
vt 0.24502840638160706 0.50270247459411621
vt 0.25319603085517883 0
vt 0.25319603085517883 0.50270247459411621
vt 0.26136362552642822 0
vt 0.26136362552642822 0.50270247459411621
vt 0.26953125 0
vt 0.26953125 0.50270247459411621
vt 0.27769887447357178 0
vt 0.27769887447357178 0.50270247459411621
vt 0.28586646914482117 0
vt 0.28586646914482117 0.50270247459411621
vt 0.29403409361839294 0
vt 0.29403409361839294 0.50270247459411621
vt 0.30220171809196472 0
vt 0.30220171809196472 0.50270247459411621
vt 0.31036931276321411 0
vt 0.31036931276321411 0.50270247459411621
vt 0.31853693723678589 0
vt 0.31853693723678589 0.50270247459411621
vt 0.32670453190803528 0
vt 0.32670453190803528 0.50270247459411621
vt 0.33487215638160706 0
vt 0.33487215638160706 0.50270247459411621
vt 0.34303978085517883 0
vt 0.34303978085517883 0.50270247459411621
vt 0.35120737552642822 0
vt 0.35120737552642822 0.50270247459411621
vt 0.359375 0
vt 0.359375 0.50270247459411621
vt 0.36754262447357178 0
vt 0.36754262447357178 0.50270247459411621
vt 0.37571021914482117 0
vt 0.37571021914482117 0.50270247459411621
vt 0.38387784361839294 0
vt 0.38387784361839294 0.50270247459411621
vt 0.39204546809196472 0
vt 0.39204546809196472 0.50270247459411621
vt 0.40021306276321411 0
vt 0.40021306276321411 0.50270247459411621
vt 0.40838068723678589 0
vt 0.40838068723678589 0.50270247459411621
vt 0.41654828190803528 0
vt 0.41654828190803528 0.50270247459411621
vt 0.42471590638160706 0
vt 0.42471590638160706 0.50270247459411621
vt 0.43288353085517883 0
vt 0.43288353085517883 0.50270247459411621
vt 0.44105112552642822 0
vt 0.44105112552642822 0.50270247459411621
vt 0.44921875 0
vt 0.44921875 0.50270247459411621
vt 0.45738637447357178 0
vt 0.45738637447357178 0.50270247459411621
vt 0.46555396914482117 0
vt 0.46555396914482117 0.50270247459411621
vt 0.47372159361839294 0
vt 0.47372159361839294 0.50270247459411621
vt 0.48188921809196472 0
vt 0.48188921809196472 0.50270247459411621
vt 0.49005681276321411 0
vt 0.49005681276321411 0.50270247459411621
vt 0.49822443723678589 0
vt 0.49822443723678589 0.50270247459411621
vt 0.50639206171035767 0
vt 0.50639206171035767 0.50270247459411621
vt 0.51455968618392944 0
vt 0.51455968618392944 0.50270247459411621
vt 0.52272725105285645 0
vt 0.52272725105285645 0.50270247459411621
vt 0.52272725105285645 0
vt 0.52272725105285645 0.50270247459411621
vt 0.53018468618392944 0
vt 0.53018468618392944 0.50270247459411621
vt 0.53764206171035767 0
vt 0.53764206171035767 0.50270247459411621
vt 0.54509943723678589 0
vt 0.54509943723678589 0.50270247459411621
vt 0.55255681276321411 0
vt 0.55255681276321411 0.50270247459411621
vt 0.56001418828964233 0
vt 0.56001418828964233 0.50270247459411621
vt 0.56747156381607056 0
vt 0.56747156381607056 0.50270247459411621
vt 0.57492899894714355 0
vt 0.57492899894714355 0.50270247459411621
vt 0.58238637447357178 0
vt 0.58238637447357178 0.50270247459411621
vt 0.58984375 0
vt 0.58984375 0.50270247459411621
vt 0.59730112552642822 0
vt 0.59730112552642822 0.50270247459411621
vt 0.60475850105285645 0
vt 0.60475850105285645 0.50270247459411621
vt 0.61221593618392944 0
vt 0.61221593618392944 0.50270247459411621
vt 0.61967331171035767 0
vt 0.61967331171035767 0.50270247459411621
vt 0.62713068723678589 0
vt 0.62713068723678589 0.50270247459411621
vt 0.63458806276321411 0
vt 0.63458806276321411 0.50270247459411621
vt 0.64204543828964233 0
vt 0.64204543828964233 0.50270247459411621
vt 0.64950281381607056 0
vt 0.64950281381607056 0.50270247459411621
vt 0.65696024894714355 0
vt 0.65696024894714355 0.50270247459411621
vt 0.66441762447357178 0
vt 0.66441762447357178 0.50270247459411621
vt 0.671875 0
vt 0.671875 0.50270247459411621
vt 0.67933237552642822 0
vt 0.67933237552642822 0.50270247459411621
vt 0.68678975105285645 0
vt 0.68678975105285645 0.50270247459411621
vt 0.69424718618392944 0
vt 0.69424718618392944 0.50270247459411621
vt 0.70170456171035767 0
vt 0.70170456171035767 0.50270247459411621
vt 0.70916193723678589 0
vt 0.70916193723678589 0.50270247459411621
vt 0.71661931276321411 0
vt 0.71661931276321411 0.50270247459411621
vt 0.72407668828964233 0
vt 0.72407668828964233 0.50270247459411621
vt 0.73153406381607056 0
vt 0.73153406381607056 0.50270247459411621
vt 0.73899149894714355 0
vt 0.73899149894714355 0.50270247459411621
vt 0.74644887447357178 0
vt 0.74644887447357178 0.50270247459411621
vt 0.75390625 0
vt 0.75390625 0.50270247459411621
vt 0.76136362552642822 0
vt 0.76136362552642822 0.50270247459411621
vt 0.76882100105285645 0
vt 0.76882100105285645 0.50270247459411621
vt 0.77627843618392944 0
vt 0.77627843618392944 0.50270247459411621
vt 0.78373581171035767 0
vt 0.78373581171035767 0.50270247459411621
vt 0.79119318723678589 0
vt 0.79119318723678589 0.50270247459411621
vt 0.79865056276321411 0
vt 0.79865056276321411 0.50270247459411621
vt 0.80610793828964233 0
vt 0.80610793828964233 0.50270247459411621
vt 0.81356531381607056 0
vt 0.81356531381607056 0.50270247459411621
vt 0.82102274894714355 0
vt 0.82102274894714355 0.50270247459411621
vt 0.82848012447357178 0
vt 0.82848012447357178 0.50270247459411621
vt 0.8359375 0
vt 0.8359375 0.50270247459411621
vt 0.84339487552642822 0
vt 0.84339487552642822 0.50270247459411621
vt 0.85085225105285645 0
vt 0.85085225105285645 0.50270247459411621
vt 0.85830968618392944 0
vt 0.85830968618392944 0.50270247459411621
vt 0.86576706171035767 0
vt 0.86576706171035767 0.50270247459411621
vt 0.87322443723678589 0
vt 0.87322443723678589 0.50270247459411621
vt 0.88068181276321411 0
vt 0.88068181276321411 0.50270247459411621
vt 0.88813918828964233 0
vt 0.88813918828964233 0.50270247459411621
vt 0.89559656381607056 0
vt 0.89559656381607056 0.50270247459411621
vt 0.90305399894714355 0
vt 0.90305399894714355 0.50270247459411621
vt 0.91051137447357178 0
vt 0.91051137447357178 0.50270247459411621
vt 0.91796875 0
vt 0.91796875 0.50270247459411621
vt 0.92542612552642822 0
vt 0.92542612552642822 0.50270247459411621
vt 0.93288350105285645 0
vt 0.93288350105285645 0.50270247459411621
vt 0.94034093618392944 0
vt 0.94034093618392944 0.50270247459411621
vt 0.94779831171035767 0
vt 0.94779831171035767 0.50270247459411621
vt 0.95525568723678589 0
vt 0.95525568723678589 0.50270247459411621
vt 0.96271306276321411 0
vt 0.96271306276321411 0.50270247459411621
vt 0.97017043828964233 0
vt 0.97017043828964233 0.50270247459411621
vt 0.97762781381607056 0
vt 0.97762781381607056 0.50270247459411621
vt 0.98508524894714355 0
vt 0.98508524894714355 0.50270247459411621
vt 0.99254262447357178 0
vt 0.99254262447357178 0.50270247459411621
vt 1 0
vt 1 0.50270247459411621
vt 0.16645653545856476 0.75135147571563721
vt 0.16611985862255096 0.72900933027267456
vt 0.16506706178188324 0.70610660314559937
vt 0.16324383020401001 0.68293380737304688
vt 0.16061294078826904 0.65982526540756226
vt 0.15715859830379486 0.63714855909347534
vt 0.15288995206356049 0.61528855562210083
vt 0.14784279465675354 0.59462875127792358
vt 0.14207953214645386 0.57553040981292725
vt 0.13568688929080963 0.55831241607666016
vt 0.1287715882062912 0.54323375225067139
vt 0.12145455926656723 0.53048098087310791
vt 0.11386415362358093 0.520160973072052
vt 0.10612920671701431 0.51230102777481079
vt 0.09837273508310318 0.50685405731201172
vt 0.090706691145896912 0.50370877981185913
vt 0.083228267729282379 0.50270295143127441
vt 0.07574983686208725 0.50370877981185913
vt 0.068083792924880981 0.50685405731201172
vt 0.060327325016260147 0.51230102777481079
vt 0.052592381834983826 0.520160973072052
vt 0.04500197246670723 0.53048098087310791
vt 0.03768494725227356 0.54323375225067139
vt 0.030769646167755127 0.55831241607666016
vt 0.024376993998885155 0.57553040981292725
vt 0.01861373707652092 0.59462875127792358
vt 0.013566580601036549 0.61528855562210083
vt 0.0092979287728667259 0.63714855909347534
vt 0.0058435979299247265 0.65982526540756226
vt 0.0032126978039741516 0.68293380737304688
vt 0.0013894651783630252 0.70610660314559937
vt 0.00033666595118120313 0.72900933027267456
vt 0 0.75135147571563721
vt 0.00033666595118120313 0.77369362115859985
vt 0.0013894651783630252 0.79659634828567505
vt 0.0032126978039741516 0.81976914405822754
vt 0.0058435979299247265 0.84287768602371216
vt 0.0092979287728667259 0.86555439233779907
vt 0.013566580601036549 0.88741439580917358
vt 0.01861373707652092 0.90807420015335083
vt 0.024376993998885155 0.92717254161834717
vt 0.030769646167755127 0.94439053535461426
vt 0.03768494725227356 0.95946919918060303
vt 0.04500197246670723 0.9722219705581665
vt 0.052592381834983826 0.98254197835922241
vt 0.060327325016260147 0.99040192365646362
vt 0.068083792924880981 0.9958488941192627
vt 0.07574983686208725 0.99899417161941528
vt 0.083228267729282379 1
vt 0.090706691145896912 0.99899417161941528
vt 0.09837273508310318 0.9958488941192627
vt 0.10612920671701431 0.99040192365646362
vt 0.11386415362358093 0.98254197835922241
vt 0.12145455926656723 0.9722219705581665
vt 0.1287715882062912 0.95946919918060303
vt 0.13568688929080963 0.94439053535461426
vt 0.14207953214645386 0.92717254161834717
vt 0.14784279465675354 0.90807420015335083
vt 0.15288995206356049 0.88741439580917358
vt 0.15715859830379486 0.86555439233779907
vt 0.16061294078826904 0.84287768602371216
vt 0.16324383020401001 0.81976914405822754
vt 0.16506706178188324 0.79659634828567505
vt 0.16611985862255096 0.77369362115859985
vt 0.15921929478645325 0.75135147571563721
vt 0.15891189873218536 0.77175086736679077
vt 0.15795065462589264 0.79266196489334106
vt 0.15628595650196075 0.81381982564926147
vt 0.15388382971286774 0.83491885662078857
vt 0.15072987973690033 0.85562372207641602
vt 0.14683240652084351 0.87558281421661377
vt 0.14222413301467896 0.89444613456726074
vt 0.13696204125881195 0.91188377141952515
vt 0.13112527132034302 0.9276045560836792
vt 0.12481129914522171 0.94137197732925415
vt 0.11813053488731384 0.95301586389541626
vt 0.11120016127824783 0.96243846416473389
vt 0.10413782298564911 0.96961492300033569
vt 0.097055822610855103 0.97458827495574951
vt 0.090056397020816803 0.97746002674102783
vt 0.083228267729282379 0.97837841510772705
vt 0.076400138437747955 0.97746002674102783
vt 0.069400705397129059 0.97458827495574951
vt 0.062318712472915649 0.96961492300033569
vt 0.055256370455026627 0.96243846416473389
vt 0.048325996845960617 0.95301586389541626
vt 0.041645236313343048 0.94137197732925415
vt 0.035331264138221741 0.9276045560836792
vt 0.029494496062397957 0.91188377141952515
vt 0.024232391268014908 0.89444613456726074
vt 0.019624119624495506 0.87558281421661377
vt 0.015726653859019279 0.85562372207641602
vt 0.012572699226438999 0.83491885662078857
vt 0.010170573368668556 0.81381982564926147
vt 0.0085058826953172684 0.79266196489334106
vt 0.0075446311384439468 0.77175086736679077
vt 0.0072372406721115112 0.75135147571563721
vt 0.0075446311384439468 0.73095208406448364
vt 0.0085058826953172684 0.71004098653793335
vt 0.010170573368668556 0.68888318538665771
vt 0.012572699226438999 0.66778409481048584
vt 0.015726653859019279 0.6470792293548584
vt 0.019624119624495506 0.62712013721466064
vt 0.024232391268014908 0.60825681686401367
vt 0.029494496062397957 0.59081918001174927
vt 0.035331264138221741 0.57509839534759521
vt 0.041645236313343048 0.56133097410202026
vt 0.048325996845960617 0.54968708753585815
vt 0.055256370455026627 0.54026448726654053
vt 0.062318712472915649 0.53308802843093872
vt 0.069400705397129059 0.5281146764755249
vt 0.076400138437747955 0.52524292469024658
vt 0.083228267729282379 0.52432453632354736
vt 0.090056397020816803 0.52524292469024658
vt 0.097055822610855103 0.5281146764755249
vt 0.10413782298564911 0.53308802843093872
vt 0.11120016127824783 0.54026448726654053
vt 0.11813053488731384 0.54968708753585815
vt 0.12481129914522171 0.56133097410202026
vt 0.13112527132034302 0.57509839534759521
vt 0.13696204125881195 0.59081918001174927
vt 0.14222413301467896 0.60825681686401367
vt 0.14683240652084351 0.62712013721466064
vt 0.15072987973690033 0.6470792293548584
vt 0.15388382971286774 0.66778409481048584
vt 0.15628595650196075 0.68888318538665771
vt 0.15795065462589264 0.71004098653793335
vt 0.15891189873218536 0.73095208406448364
vt 0.16645653545856476 0.75135147571563721
vt 0.16611985862255096 0.77369362115859985
vt 0.16506706178188324 0.79659634828567505
vt 0.16324383020401001 0.81976914405822754
vt 0.16061294078826904 0.84287768602371216
vt 0.15715859830379486 0.86555439233779907
vt 0.15288995206356049 0.88741439580917358
vt 0.14784279465675354 0.90807420015335083
vt 0.14207953214645386 0.92717254161834717
vt 0.13568688929080963 0.94439053535461426
vt 0.1287715882062912 0.95946919918060303
vt 0.12145455926656723 0.9722219705581665
vt 0.11386415362358093 0.98254197835922241
vt 0.10612920671701431 0.99040192365646362
vt 0.09837273508310318 0.9958488941192627
vt 0.090706691145896912 0.99899417161941528
vt 0.083228267729282379 1
vt 0.07574983686208725 0.99899417161941528
vt 0.068083792924880981 0.9958488941192627
vt 0.060327325016260147 0.99040192365646362
vt 0.052592381834983826 0.98254197835922241
vt 0.04500197246670723 0.9722219705581665
vt 0.03768494725227356 0.95946919918060303
vt 0.030769646167755127 0.94439053535461426
vt 0.024376993998885155 0.92717254161834717
vt 0.01861373707652092 0.90807420015335083
vt 0.013566580601036549 0.88741439580917358
vt 0.0092979287728667259 0.86555439233779907
vt 0.0058435979299247265 0.84287768602371216
vt 0.0032126978039741516 0.81976914405822754
vt 0.0013894651783630252 0.79659634828567505
vt 0.00033666595118120313 0.77369362115859985
vt 0 0.75135147571563721
vt 0.00033666595118120313 0.72900933027267456
vt 0.0013894651783630252 0.70610660314559937
vt 0.0032126978039741516 0.68293380737304688
vt 0.0058435979299247265 0.65982526540756226
vt 0.0092979287728667259 0.63714855909347534
vt 0.013566580601036549 0.61528855562210083
vt 0.01861373707652092 0.59462875127792358
vt 0.024376993998885155 0.57553040981292725
vt 0.030769646167755127 0.55831241607666016
vt 0.03768494725227356 0.54323375225067139
vt 0.04500197246670723 0.53048098087310791
vt 0.052592381834983826 0.520160973072052
vt 0.060327325016260147 0.51230102777481079
vt 0.068083792924880981 0.50685405731201172
vt 0.07574983686208725 0.50370877981185913
vt 0.083228267729282379 0.50270295143127441
vt 0.090706691145896912 0.50370877981185913
vt 0.09837273508310318 0.50685405731201172
vt 0.10612920671701431 0.51230102777481079
vt 0.11386415362358093 0.520160973072052
vt 0.12145455926656723 0.53048098087310791
vt 0.1287715882062912 0.54323375225067139
vt 0.13568688929080963 0.55831241607666016
vt 0.14207953214645386 0.57553040981292725
vt 0.14784279465675354 0.59462875127792358
vt 0.15288995206356049 0.61528855562210083
vt 0.15715859830379486 0.63714855909347534
vt 0.16061294078826904 0.65982526540756226
vt 0.16324383020401001 0.68293380737304688
vt 0.16506706178188324 0.70610660314559937
vt 0.16611985862255096 0.72900933027267456
vt 0.15921929478645325 0.75135147571563721
vt 0.15891189873218536 0.73095208406448364
vt 0.15795065462589264 0.71004098653793335
vt 0.15628595650196075 0.68888318538665771
vt 0.15388382971286774 0.66778409481048584
vt 0.15072987973690033 0.6470792293548584
vt 0.14683240652084351 0.62712013721466064
vt 0.14222413301467896 0.60825681686401367
vt 0.13696204125881195 0.59081918001174927
vt 0.13112527132034302 0.57509839534759521
vt 0.12481129914522171 0.56133097410202026
vt 0.11813053488731384 0.54968708753585815
vt 0.11120016127824783 0.54026448726654053
vt 0.10413782298564911 0.53308802843093872
vt 0.097055822610855103 0.5281146764755249
vt 0.090056397020816803 0.52524292469024658
vt 0.083228267729282379 0.52432453632354736
vt 0.076400138437747955 0.52524292469024658
vt 0.069400705397129059 0.5281146764755249
vt 0.062318712472915649 0.53308802843093872
vt 0.055256370455026627 0.54026448726654053
vt 0.048325996845960617 0.54968708753585815
vt 0.041645236313343048 0.56133097410202026
vt 0.035331264138221741 0.57509839534759521
vt 0.029494496062397957 0.59081918001174927
vt 0.024232391268014908 0.60825681686401367
vt 0.019624119624495506 0.62712013721466064
vt 0.015726653859019279 0.6470792293548584
vt 0.012572699226438999 0.66778409481048584
vt 0.010170573368668556 0.68888318538665771
vt 0.0085058826953172684 0.71004098653793335
vt 0.0075446311384439468 0.73095208406448364
vt 0.0072372406721115112 0.75135147571563721
vt 0.0075446311384439468 0.77175086736679077
vt 0.0085058826953172684 0.79266196489334106
vt 0.010170573368668556 0.81381982564926147
vt 0.012572699226438999 0.83491885662078857
vt 0.015726653859019279 0.85562372207641602
vt 0.019624119624495506 0.87558281421661377
vt 0.024232391268014908 0.89444613456726074
vt 0.029494496062397957 0.91188377141952515
vt 0.035331264138221741 0.9276045560836792
vt 0.041645236313343048 0.94137197732925415
vt 0.048325996845960617 0.95301586389541626
vt 0.055256370455026627 0.96243846416473389
vt 0.062318712472915649 0.96961492300033569
vt 0.069400705397129059 0.97458827495574951
vt 0.076400138437747955 0.97746002674102783
vt 0.083228267729282379 0.97837841510772705
vt 0.090056397020816803 0.97746002674102783
vt 0.097055822610855103 0.97458827495574951
vt 0.10413782298564911 0.96961492300033569
vt 0.11120016127824783 0.96243846416473389
vt 0.11813053488731384 0.95301586389541626
vt 0.12481129914522171 0.94137197732925415
vt 0.13112527132034302 0.9276045560836792
vt 0.13696204125881195 0.91188377141952515
vt 0.14222413301467896 0.89444613456726074
vt 0.14683240652084351 0.87558281421661377
vt 0.15072987973690033 0.85562372207641602
vt 0.15388382971286774 0.83491885662078857
vt 0.15628595650196075 0.81381982564926147
vt 0.15795065462589264 0.79266196489334106
vt 0.15891189873218536 0.77175086736679077
vn 1 0 0
vn 1 0 0
vn 0.99595493078231812 0.089854441583156586 0
vn 0.99595493078231812 0.089854441583156586 0
vn 0.98330539464950562 0.18196305632591248 0
vn 0.98330539464950562 0.18196305632591248 0
vn 0.96139895915985107 0.27515822649002075 0
vn 0.96139895915985107 0.27515822649002075 0
vn 0.92978829145431519 0.36809471249580383 0
vn 0.92978829145431519 0.36809471249580383 0
vn 0.88828402757644653 0.45929458737373352 0
vn 0.88828402757644653 0.45929458737373352 0
vn 0.83699548244476318 0.54720973968505859 0
vn 0.83699548244476318 0.54720973968505859 0
vn 0.77635318040847778 0.63029813766479492 0
vn 0.77635318040847778 0.63029813766479492 0
vn 0.70710676908493042 0.70710676908493042 0
vn 0.70710676908493042 0.70710676908493042 0
vn 0.63029813766479492 0.77635318040847778 0
vn 0.63029813766479492 0.77635318040847778 0
vn 0.54720973968505859 0.83699548244476318 0
vn 0.54720973968505859 0.83699548244476318 0
vn 0.45929458737373352 0.88828402757644653 0
vn 0.45929458737373352 0.88828402757644653 0
vn 0.36809471249580383 0.92978829145431519 0
vn 0.36809471249580383 0.92978829145431519 0
vn 0.27515822649002075 0.96139895915985107 0
vn 0.27515822649002075 0.96139895915985107 0
vn 0.18196305632591248 0.98330539464950562 0
vn 0.18196305632591248 0.98330539464950562 0
vn 0.089854441583156586 0.99595493078231812 0
vn 0.089854441583156586 0.99595493078231812 0
vn 0 1 0
vn 0 1 0
vn -0.089854441583156586 0.99595493078231812 0
vn -0.089854441583156586 0.99595493078231812 0
vn -0.18196305632591248 0.98330539464950562 0
vn -0.18196305632591248 0.98330539464950562 0
vn -0.27515822649002075 0.96139895915985107 0
vn -0.27515822649002075 0.96139895915985107 0
vn -0.36809471249580383 0.92978829145431519 0
vn -0.36809471249580383 0.92978829145431519 0
vn -0.45929458737373352 0.88828402757644653 0
vn -0.45929458737373352 0.88828402757644653 0
vn -0.54720973968505859 0.83699548244476318 0
vn -0.54720973968505859 0.83699548244476318 0
vn -0.63029813766479492 0.77635318040847778 0
vn -0.63029813766479492 0.77635318040847778 0
vn -0.70710676908493042 0.70710676908493042 0
vn -0.70710676908493042 0.70710676908493042 0
vn -0.77635318040847778 0.63029813766479492 0
vn -0.77635318040847778 0.63029813766479492 0
vn -0.83699548244476318 0.54720973968505859 0
vn -0.83699548244476318 0.54720973968505859 0
vn -0.88828402757644653 0.45929458737373352 0
vn -0.88828402757644653 0.45929458737373352 0
vn -0.92978829145431519 0.36809471249580383 0
vn -0.92978829145431519 0.36809471249580383 0
vn -0.96139895915985107 0.27515822649002075 0
vn -0.96139895915985107 0.27515822649002075 0
vn -0.98330539464950562 0.18196305632591248 0
vn -0.98330539464950562 0.18196305632591248 0
vn -0.99595493078231812 0.089854441583156586 0
vn -0.99595493078231812 0.089854441583156586 0
vn -1 0 0
vn -1 0 0
vn -0.99595493078231812 -0.089854441583156586 0
vn -0.99595493078231812 -0.089854441583156586 0
vn -0.98330539464950562 -0.18196305632591248 0
vn -0.98330539464950562 -0.18196305632591248 0
vn -0.96139895915985107 -0.27515822649002075 0
vn -0.96139895915985107 -0.27515822649002075 0
vn -0.92978829145431519 -0.36809471249580383 0
vn -0.92978829145431519 -0.36809471249580383 0
vn -0.88828402757644653 -0.45929458737373352 0
vn -0.88828402757644653 -0.45929458737373352 0
vn -0.83699548244476318 -0.54720973968505859 0
vn -0.83699548244476318 -0.54720973968505859 0
vn -0.77635318040847778 -0.63029813766479492 0
vn -0.77635318040847778 -0.63029813766479492 0
vn -0.70710676908493042 -0.70710676908493042 0
vn -0.70710676908493042 -0.70710676908493042 0
vn -0.63029813766479492 -0.77635318040847778 0
vn -0.63029813766479492 -0.77635318040847778 0
vn -0.54720973968505859 -0.83699548244476318 0
vn -0.54720973968505859 -0.83699548244476318 0
vn -0.45929458737373352 -0.88828402757644653 0
vn -0.45929458737373352 -0.88828402757644653 0
vn -0.36809471249580383 -0.92978829145431519 0
vn -0.36809471249580383 -0.92978829145431519 0
vn -0.27515822649002075 -0.96139895915985107 0
vn -0.27515822649002075 -0.96139895915985107 0
vn -0.18196305632591248 -0.98330539464950562 0
vn -0.18196305632591248 -0.98330539464950562 0
vn -0.089854441583156586 -0.99595493078231812 0
vn -0.089854441583156586 -0.99595493078231812 0
vn 0 -1 0
vn 0 -1 0
vn 0.089854441583156586 -0.99595493078231812 0
vn 0.089854441583156586 -0.99595493078231812 0
vn 0.18196305632591248 -0.98330539464950562 0
vn 0.18196305632591248 -0.98330539464950562 0
vn 0.27515822649002075 -0.96139895915985107 0
vn 0.27515822649002075 -0.96139895915985107 0
vn 0.36809471249580383 -0.92978829145431519 0
vn 0.36809471249580383 -0.92978829145431519 0
vn 0.45929458737373352 -0.88828402757644653 0
vn 0.45929458737373352 -0.88828402757644653 0
vn 0.54720973968505859 -0.83699548244476318 0
vn 0.54720973968505859 -0.83699548244476318 0
vn 0.63029813766479492 -0.77635318040847778 0
vn 0.63029813766479492 -0.77635318040847778 0
vn 0.70710676908493042 -0.70710676908493042 0
vn 0.70710676908493042 -0.70710676908493042 0
vn 0.77635318040847778 -0.63029813766479492 0
vn 0.77635318040847778 -0.63029813766479492 0
vn 0.83699548244476318 -0.54720973968505859 0
vn 0.83699548244476318 -0.54720973968505859 0
vn 0.88828402757644653 -0.45929458737373352 0
vn 0.88828402757644653 -0.45929458737373352 0
vn 0.92978829145431519 -0.36809471249580383 0
vn 0.92978829145431519 -0.36809471249580383 0
vn 0.96139895915985107 -0.27515822649002075 0
vn 0.96139895915985107 -0.27515822649002075 0
vn 0.98330539464950562 -0.18196305632591248 0
vn 0.98330539464950562 -0.18196305632591248 0
vn 0.99595493078231812 -0.089854441583156586 0
vn 0.99595493078231812 -0.089854441583156586 0
vn 1 0 0
vn 1 0 0
vn -1 0 0
vn -1 0 0
vn -0.99595493078231812 0.089854441583156586 0
vn -0.99595493078231812 0.089854441583156586 0
vn -0.98330539464950562 0.18196305632591248 0
vn -0.98330539464950562 0.18196305632591248 0
vn -0.96139895915985107 0.27515822649002075 0
vn -0.96139895915985107 0.27515822649002075 0
vn -0.92978829145431519 0.36809471249580383 0
vn -0.92978829145431519 0.36809471249580383 0
vn -0.88828402757644653 0.45929458737373352 0
vn -0.88828402757644653 0.45929458737373352 0
vn -0.83699548244476318 0.54720973968505859 0
vn -0.83699548244476318 0.54720973968505859 0
vn -0.77635318040847778 0.63029813766479492 0
vn -0.77635318040847778 0.63029813766479492 0
vn -0.70710676908493042 0.70710676908493042 0
vn -0.70710676908493042 0.70710676908493042 0
vn -0.63029813766479492 0.77635318040847778 0
vn -0.63029813766479492 0.77635318040847778 0
vn -0.54720973968505859 0.83699548244476318 0
vn -0.54720973968505859 0.83699548244476318 0
vn -0.45929458737373352 0.88828402757644653 0
vn -0.45929458737373352 0.88828402757644653 0
vn -0.36809471249580383 0.92978829145431519 0
vn -0.36809471249580383 0.92978829145431519 0
vn -0.27515822649002075 0.96139895915985107 0
vn -0.27515822649002075 0.96139895915985107 0
vn -0.18196305632591248 0.98330539464950562 0
vn -0.18196305632591248 0.98330539464950562 0
vn -0.089854441583156586 0.99595493078231812 0
vn -0.089854441583156586 0.99595493078231812 0
vn 0 1 0
vn 0 1 0
vn 0.089854441583156586 0.99595493078231812 0
vn 0.089854441583156586 0.99595493078231812 0
vn 0.18196305632591248 0.98330539464950562 0
vn 0.18196305632591248 0.98330539464950562 0
vn 0.27515822649002075 0.96139895915985107 0
vn 0.27515822649002075 0.96139895915985107 0
vn 0.36809471249580383 0.92978829145431519 0
vn 0.36809471249580383 0.92978829145431519 0
vn 0.45929458737373352 0.88828402757644653 0
vn 0.45929458737373352 0.88828402757644653 0
vn 0.54720973968505859 0.83699548244476318 0
vn 0.54720973968505859 0.83699548244476318 0
vn 0.63029813766479492 0.77635318040847778 0
vn 0.63029813766479492 0.77635318040847778 0
vn 0.70710676908493042 0.70710676908493042 0
vn 0.70710676908493042 0.70710676908493042 0
vn 0.77635318040847778 0.63029813766479492 0
vn 0.77635318040847778 0.63029813766479492 0
vn 0.83699548244476318 0.54720973968505859 0
vn 0.83699548244476318 0.54720973968505859 0
vn 0.88828402757644653 0.45929458737373352 0
vn 0.88828402757644653 0.45929458737373352 0
vn 0.92978829145431519 0.36809471249580383 0
vn 0.92978829145431519 0.36809471249580383 0
vn 0.96139895915985107 0.27515822649002075 0
vn 0.96139895915985107 0.27515822649002075 0
vn 0.98330539464950562 0.18196305632591248 0
vn 0.98330539464950562 0.18196305632591248 0
vn 0.99595493078231812 0.089854441583156586 0
vn 0.99595493078231812 0.089854441583156586 0
vn 1 0 0
vn 1 0 0
vn 0.99595493078231812 -0.089854441583156586 0
vn 0.99595493078231812 -0.089854441583156586 0
vn 0.98330539464950562 -0.18196305632591248 0
vn 0.98330539464950562 -0.18196305632591248 0
vn 0.96139895915985107 -0.27515822649002075 0
vn 0.96139895915985107 -0.27515822649002075 0
vn 0.92978829145431519 -0.36809471249580383 0
vn 0.92978829145431519 -0.36809471249580383 0
vn 0.88828402757644653 -0.45929458737373352 0
vn 0.88828402757644653 -0.45929458737373352 0
vn 0.83699548244476318 -0.54720973968505859 0
vn 0.83699548244476318 -0.54720973968505859 0
vn 0.77635318040847778 -0.63029813766479492 0
vn 0.77635318040847778 -0.63029813766479492 0
vn 0.70710676908493042 -0.70710676908493042 0
vn 0.70710676908493042 -0.70710676908493042 0
vn 0.63029813766479492 -0.77635318040847778 0
vn 0.63029813766479492 -0.77635318040847778 0
vn 0.54720973968505859 -0.83699548244476318 0
vn 0.54720973968505859 -0.83699548244476318 0
vn 0.45929458737373352 -0.88828402757644653 0
vn 0.45929458737373352 -0.88828402757644653 0
vn 0.36809471249580383 -0.92978829145431519 0
vn 0.36809471249580383 -0.92978829145431519 0
vn 0.27515822649002075 -0.96139895915985107 0
vn 0.27515822649002075 -0.96139895915985107 0
vn 0.18196305632591248 -0.98330539464950562 0
vn 0.18196305632591248 -0.98330539464950562 0
vn 0.089854441583156586 -0.99595493078231812 0
vn 0.089854441583156586 -0.99595493078231812 0
vn 0 -1 0
vn 0 -1 0
vn -0.089854441583156586 -0.99595493078231812 0
vn -0.089854441583156586 -0.99595493078231812 0
vn -0.18196305632591248 -0.98330539464950562 0
vn -0.18196305632591248 -0.98330539464950562 0
vn -0.27515822649002075 -0.96139895915985107 0
vn -0.27515822649002075 -0.96139895915985107 0
vn -0.36809471249580383 -0.92978829145431519 0
vn -0.36809471249580383 -0.92978829145431519 0
vn -0.45929458737373352 -0.88828402757644653 0
vn -0.45929458737373352 -0.88828402757644653 0
vn -0.54720973968505859 -0.83699548244476318 0
vn -0.54720973968505859 -0.83699548244476318 0
vn -0.63029813766479492 -0.77635318040847778 0
vn -0.63029813766479492 -0.77635318040847778 0
vn -0.70710676908493042 -0.70710676908493042 0
vn -0.70710676908493042 -0.70710676908493042 0
vn -0.77635318040847778 -0.63029813766479492 0
vn -0.77635318040847778 -0.63029813766479492 0
vn -0.83699548244476318 -0.54720973968505859 0
vn -0.83699548244476318 -0.54720973968505859 0
vn -0.88828402757644653 -0.45929458737373352 0
vn -0.88828402757644653 -0.45929458737373352 0
vn -0.92978829145431519 -0.36809471249580383 0
vn -0.92978829145431519 -0.36809471249580383 0
vn -0.96139895915985107 -0.27515822649002075 0
vn -0.96139895915985107 -0.27515822649002075 0
vn -0.98330539464950562 -0.18196305632591248 0
vn -0.98330539464950562 -0.18196305632591248 0
vn -0.99595493078231812 -0.089854441583156586 0
vn -0.99595493078231812 -0.089854441583156586 0
vn -1 0 0
vn -1 0 0
vn 0 0 -1
vn 0 0 -1
vn 0 0 -1
vn 0 0 -1
vn 0 0 -1
vn 0 0 -1
vn 0 0 -1
vn 0 0 -1
vn 0 0 -1
vn 0 0 -1
vn 0 0 -1
vn 0 0 -1
vn 0 0 -1
vn 0 0 -1
vn 0 0 -1
vn 0 0 -1
vn 0 0 -1
vn 0 0 -1
vn 0 0 -1
vn 0 0 -1
vn 0 0 -1
vn 0 0 -1
vn 0 0 -1
vn 0 0 -1
vn 0 0 -1
vn 0 0 -1
vn 0 0 -1
vn 0 0 -1
vn 0 0 -1
vn 0 0 -1
vn 0 0 -1
vn 0 0 -1
vn 0 0 -1
vn 0 0 -1
vn 0 0 -1
vn 0 0 -1
vn 0 0 -1
vn 0 0 -1
vn 0 0 -1
vn 0 0 -1
vn 0 0 -1
vn 0 0 -1
vn 0 0 -1
vn 0 0 -1
vn 0 0 -1
vn 0 0 -1
vn 0 0 -1
vn 0 0 -1
vn 0 0 -1
vn 0 0 -1
vn 0 0 -1
vn 0 0 -1
vn 0 0 -1
vn 0 0 -1
vn 0 0 -1
vn 0 0 -1
vn 0 0 -1
vn 0 0 -1
vn 0 0 -1
vn 0 0 -1
vn 0 0 -1
vn 0 0 -1
vn 0 0 -1
vn 0 0 -1
vn 0 0 -1
vn 0 0 -1
vn 0 0 -1
vn 0 0 -1
vn 0 0 -1
vn 0 0 -1
vn 0 0 -1
vn 0 0 -1
vn 0 0 -1
vn 0 0 -1
vn 0 0 -1
vn 0 0 -1
vn 0 0 -1
vn 0 0 -1
vn 0 0 -1
vn 0 0 -1
vn 0 0 -1
vn 0 0 -1
vn 0 0 -1
vn 0 0 -1
vn 0 0 -1
vn 0 0 -1
vn 0 0 -1
vn 0 0 -1
vn 0 0 -1
vn 0 0 -1
vn 0 0 -1
vn 0 0 -1
vn 0 0 -1
vn 0 0 -1
vn 0 0 -1
vn 0 0 -1
vn 0 0 -1
vn 0 0 -1
vn 0 0 -1
vn 0 0 -1
vn 0 0 -1
vn 0 0 -1
vn 0 0 -1
vn 0 0 -1
vn 0 0 -1
vn 0 0 -1
vn 0 0 -1
vn 0 0 -1
vn 0 0 -1
vn 0 0 -1
vn 0 0 -1
vn 0 0 -1
vn 0 0 -1
vn 0 0 -1
vn 0 0 -1
vn 0 0 -1
vn 0 0 -1
vn 0 0 -1
vn 0 0 -1
vn 0 0 -1
vn 0 0 -1
vn 0 0 -1
vn 0 0 -1
vn 0 0 -1
vn 0 0 -1
vn 0 0 -1
vn 0 0 -1
vn 0 0 -1
vn 0 0 1
vn 0 0 1
vn 0 0 1
vn 0 0 1
vn 0 0 1
vn 0 0 1
vn 0 0 1
vn 0 0 1
vn 0 0 1
vn 0 0 1
vn 0 0 1
vn 0 0 1
vn 0 0 1
vn 0 0 1
vn 0 0 1
vn 0 0 1
vn 0 0 1
vn 0 0 1
vn 0 0 1
vn 0 0 1
vn 0 0 1
vn 0 0 1
vn 0 0 1
vn 0 0 1
vn 0 0 1
vn 0 0 1
vn 0 0 1
vn 0 0 1
vn 0 0 1
vn 0 0 1
vn 0 0 1
vn 0 0 1
vn 0 0 1
vn 0 0 1
vn 0 0 1
vn 0 0 1
vn 0 0 1
vn 0 0 1
vn 0 0 1
vn 0 0 1
vn 0 0 1
vn 0 0 1
vn 0 0 1
vn 0 0 1
vn 0 0 1
vn 0 0 1
vn 0 0 1
vn 0 0 1
vn 0 0 1
vn 0 0 1
vn 0 0 1
vn 0 0 1
vn 0 0 1
vn 0 0 1
vn 0 0 1
vn 0 0 1
vn 0 0 1
vn 0 0 1
vn 0 0 1
vn 0 0 1
vn 0 0 1
vn 0 0 1
vn 0 0 1
vn 0 0 1
vn 0 0 1
vn 0 0 1
vn 0 0 1
vn 0 0 1
vn 0 0 1
vn 0 0 1
vn 0 0 1
vn 0 0 1
vn 0 0 1
vn 0 0 1
vn 0 0 1
vn 0 0 1
vn 0 0 1
vn 0 0 1
vn 0 0 1
vn 0 0 1
vn 0 0 1
vn 0 0 1
vn 0 0 1
vn 0 0 1
vn 0 0 1
vn 0 0 1
vn 0 0 1
vn 0 0 1
vn 0 0 1
vn 0 0 1
vn 0 0 1
vn 0 0 1
vn 0 0 1
vn 0 0 1
vn 0 0 1
vn 0 0 1
vn 0 0 1
vn 0 0 1
vn 0 0 1
vn 0 0 1
vn 0 0 1
vn 0 0 1
vn 0 0 1
vn 0 0 1
vn 0 0 1
vn 0 0 1
vn 0 0 1
vn 0 0 1
vn 0 0 1
vn 0 0 1
vn 0 0 1
vn 0 0 1
vn 0 0 1
vn 0 0 1
vn 0 0 1
vn 0 0 1
vn 0 0 1
vn 0 0 1
vn 0 0 1
vn 0 0 1
vn 0 0 1
vn 0 0 1
vn 0 0 1
vn 0 0 1
vn 0 0 1
vn 0 0 1
vn 0 0 1
vn 0 0 1
f 1595/1595/1595 1597/1597/1597 1598/1598/1598 1596/1596/1596
f 1597/1597/1597 1599/1599/1599 1600/1600/1600 1598/1598/1598
f 1599/1599/1599 1601/1601/1601 1602/1602/1602 1600/1600/1600
f 1601/1601/1601 1603/1603/1603 1604/1604/1604 1602/1602/1602
f 1603/1603/1603 1605/1605/1605 1606/1606/1606 1604/1604/1604
f 1605/1605/1605 1607/1607/1607 1608/1608/1608 1606/1606/1606
f 1607/1607/1607 1609/1609/1609 1610/1610/1610 1608/1608/1608
f 1609/1609/1609 1611/1611/1611 1612/1612/1612 1610/1610/1610
f 1611/1611/1611 1613/1613/1613 1614/1614/1614 1612/1612/1612
f 1613/1613/1613 1615/1615/1615 1616/1616/1616 1614/1614/1614
f 1615/1615/1615 1617/1617/1617 1618/1618/1618 1616/1616/1616
f 1617/1617/1617 1619/1619/1619 1620/1620/1620 1618/1618/1618
f 1619/1619/1619 1621/1621/1621 1622/1622/1622 1620/1620/1620
f 1621/1621/1621 1623/1623/1623 1624/1624/1624 1622/1622/1622
f 1623/1623/1623 1625/1625/1625 1626/1626/1626 1624/1624/1624
f 1625/1625/1625 1627/1627/1627 1628/1628/1628 1626/1626/1626
f 1627/1627/1627 1629/1629/1629 1630/1630/1630 1628/1628/1628
f 1629/1629/1629 1631/1631/1631 1632/1632/1632 1630/1630/1630
f 1631/1631/1631 1633/1633/1633 1634/1634/1634 1632/1632/1632
f 1633/1633/1633 1635/1635/1635 1636/1636/1636 1634/1634/1634
f 1635/1635/1635 1637/1637/1637 1638/1638/1638 1636/1636/1636
f 1637/1637/1637 1639/1639/1639 1640/1640/1640 1638/1638/1638
f 1639/1639/1639 1641/1641/1641 1642/1642/1642 1640/1640/1640
f 1641/1641/1641 1643/1643/1643 1644/1644/1644 1642/1642/1642
f 1643/1643/1643 1645/1645/1645 1646/1646/1646 1644/1644/1644
f 1645/1645/1645 1647/1647/1647 1648/1648/1648 1646/1646/1646
f 1647/1647/1647 1649/1649/1649 1650/1650/1650 1648/1648/1648
f 1649/1649/1649 1651/1651/1651 1652/1652/1652 1650/1650/1650
f 1651/1651/1651 1653/1653/1653 1654/1654/1654 1652/1652/1652
f 1653/1653/1653 1655/1655/1655 1656/1656/1656 1654/1654/1654
f 1655/1655/1655 1657/1657/1657 1658/1658/1658 1656/1656/1656
f 1657/1657/1657 1659/1659/1659 1660/1660/1660 1658/1658/1658
f 1659/1659/1659 1661/1661/1661 1662/1662/1662 1660/1660/1660
f 1661/1661/1661 1663/1663/1663 1664/1664/1664 1662/1662/1662
f 1663/1663/1663 1665/1665/1665 1666/1666/1666 1664/1664/1664
f 1665/1665/1665 1667/1667/1667 1668/1668/1668 1666/1666/1666
f 1667/1667/1667 1669/1669/1669 1670/1670/1670 1668/1668/1668
f 1669/1669/1669 1671/1671/1671 1672/1672/1672 1670/1670/1670
f 1671/1671/1671 1673/1673/1673 1674/1674/1674 1672/1672/1672
f 1673/1673/1673 1675/1675/1675 1676/1676/1676 1674/1674/1674
f 1675/1675/1675 1677/1677/1677 1678/1678/1678 1676/1676/1676
f 1677/1677/1677 1679/1679/1679 1680/1680/1680 1678/1678/1678
f 1679/1679/1679 1681/1681/1681 1682/1682/1682 1680/1680/1680
f 1681/1681/1681 1683/1683/1683 1684/1684/1684 1682/1682/1682
f 1683/1683/1683 1685/1685/1685 1686/1686/1686 1684/1684/1684
f 1685/1685/1685 1687/1687/1687 1688/1688/1688 1686/1686/1686
f 1687/1687/1687 1689/1689/1689 1690/1690/1690 1688/1688/1688
f 1689/1689/1689 1691/1691/1691 1692/1692/1692 1690/1690/1690
f 1691/1691/1691 1693/1693/1693 1694/1694/1694 1692/1692/1692
f 1693/1693/1693 1695/1695/1695 1696/1696/1696 1694/1694/1694
f 1695/1695/1695 1697/1697/1697 1698/1698/1698 1696/1696/1696
f 1697/1697/1697 1699/1699/1699 1700/1700/1700 1698/1698/1698
f 1699/1699/1699 1701/1701/1701 1702/1702/1702 1700/1700/1700
f 1701/1701/1701 1703/1703/1703 1704/1704/1704 1702/1702/1702
f 1703/1703/1703 1705/1705/1705 1706/1706/1706 1704/1704/1704
f 1705/1705/1705 1707/1707/1707 1708/1708/1708 1706/1706/1706
f 1707/1707/1707 1709/1709/1709 1710/1710/1710 1708/1708/1708
f 1709/1709/1709 1711/1711/1711 1712/1712/1712 1710/1710/1710
f 1711/1711/1711 1713/1713/1713 1714/1714/1714 1712/1712/1712
f 1713/1713/1713 1715/1715/1715 1716/1716/1716 1714/1714/1714
f 1715/1715/1715 1717/1717/1717 1718/1718/1718 1716/1716/1716
f 1717/1717/1717 1719/1719/1719 1720/1720/1720 1718/1718/1718
f 1719/1719/1719 1721/1721/1721 1722/1722/1722 1720/1720/1720
f 1721/1721/1721 1723/1723/1723 1724/1724/1724 1722/1722/1722
f 1725/1725/1725 1727/1727/1727 1728/1728/1728 1726/1726/1726
f 1727/1727/1727 1729/1729/1729 1730/1730/1730 1728/1728/1728
f 1729/1729/1729 1731/1731/1731 1732/1732/1732 1730/1730/1730
f 1731/1731/1731 1733/1733/1733 1734/1734/1734 1732/1732/1732
f 1733/1733/1733 1735/1735/1735 1736/1736/1736 1734/1734/1734
f 1735/1735/1735 1737/1737/1737 1738/1738/1738 1736/1736/1736
f 1737/1737/1737 1739/1739/1739 1740/1740/1740 1738/1738/1738
f 1739/1739/1739 1741/1741/1741 1742/1742/1742 1740/1740/1740
f 1741/1741/1741 1743/1743/1743 1744/1744/1744 1742/1742/1742
f 1743/1743/1743 1745/1745/1745 1746/1746/1746 1744/1744/1744
f 1745/1745/1745 1747/1747/1747 1748/1748/1748 1746/1746/1746
f 1747/1747/1747 1749/1749/1749 1750/1750/1750 1748/1748/1748
f 1749/1749/1749 1751/1751/1751 1752/1752/1752 1750/1750/1750
f 1751/1751/1751 1753/1753/1753 1754/1754/1754 1752/1752/1752
f 1753/1753/1753 1755/1755/1755 1756/1756/1756 1754/1754/1754
f 1755/1755/1755 1757/1757/1757 1758/1758/1758 1756/1756/1756
f 1757/1757/1757 1759/1759/1759 1760/1760/1760 1758/1758/1758
f 1759/1759/1759 1761/1761/1761 1762/1762/1762 1760/1760/1760
f 1761/1761/1761 1763/1763/1763 1764/1764/1764 1762/1762/1762
f 1763/1763/1763 1765/1765/1765 1766/1766/1766 1764/1764/1764
f 1765/1765/1765 1767/1767/1767 1768/1768/1768 1766/1766/1766
f 1767/1767/1767 1769/1769/1769 1770/1770/1770 1768/1768/1768
f 1769/1769/1769 1771/1771/1771 1772/1772/1772 1770/1770/1770
f 1771/1771/1771 1773/1773/1773 1774/1774/1774 1772/1772/1772
f 1773/1773/1773 1775/1775/1775 1776/1776/1776 1774/1774/1774
f 1775/1775/1775 1777/1777/1777 1778/1778/1778 1776/1776/1776
f 1777/1777/1777 1779/1779/1779 1780/1780/1780 1778/1778/1778
f 1779/1779/1779 1781/1781/1781 1782/1782/1782 1780/1780/1780
f 1781/1781/1781 1783/1783/1783 1784/1784/1784 1782/1782/1782
f 1783/1783/1783 1785/1785/1785 1786/1786/1786 1784/1784/1784
f 1785/1785/1785 1787/1787/1787 1788/1788/1788 1786/1786/1786
f 1787/1787/1787 1789/1789/1789 1790/1790/1790 1788/1788/1788
f 1789/1789/1789 1791/1791/1791 1792/1792/1792 1790/1790/1790
f 1791/1791/1791 1793/1793/1793 1794/1794/1794 1792/1792/1792
f 1793/1793/1793 1795/1795/1795 1796/1796/1796 1794/1794/1794
f 1795/1795/1795 1797/1797/1797 1798/1798/1798 1796/1796/1796
f 1797/1797/1797 1799/1799/1799 1800/1800/1800 1798/1798/1798
f 1799/1799/1799 1801/1801/1801 1802/1802/1802 1800/1800/1800
f 1801/1801/1801 1803/1803/1803 1804/1804/1804 1802/1802/1802
f 1803/1803/1803 1805/1805/1805 1806/1806/1806 1804/1804/1804
f 1805/1805/1805 1807/1807/1807 1808/1808/1808 1806/1806/1806
f 1807/1807/1807 1809/1809/1809 1810/1810/1810 1808/1808/1808
f 1809/1809/1809 1811/1811/1811 1812/1812/1812 1810/1810/1810
f 1811/1811/1811 1813/1813/1813 1814/1814/1814 1812/1812/1812
f 1813/1813/1813 1815/1815/1815 1816/1816/1816 1814/1814/1814
f 1815/1815/1815 1817/1817/1817 1818/1818/1818 1816/1816/1816
f 1817/1817/1817 1819/1819/1819 1820/1820/1820 1818/1818/1818
f 1819/1819/1819 1821/1821/1821 1822/1822/1822 1820/1820/1820
f 1821/1821/1821 1823/1823/1823 1824/1824/1824 1822/1822/1822
f 1823/1823/1823 1825/1825/1825 1826/1826/1826 1824/1824/1824
f 1825/1825/1825 1827/1827/1827 1828/1828/1828 1826/1826/1826
f 1827/1827/1827 1829/1829/1829 1830/1830/1830 1828/1828/1828
f 1829/1829/1829 1831/1831/1831 1832/1832/1832 1830/1830/1830
f 1831/1831/1831 1833/1833/1833 1834/1834/1834 1832/1832/1832
f 1833/1833/1833 1835/1835/1835 1836/1836/1836 1834/1834/1834
f 1835/1835/1835 1837/1837/1837 1838/1838/1838 1836/1836/1836
f 1837/1837/1837 1839/1839/1839 1840/1840/1840 1838/1838/1838
f 1839/1839/1839 1841/1841/1841 1842/1842/1842 1840/1840/1840
f 1841/1841/1841 1843/1843/1843 1844/1844/1844 1842/1842/1842
f 1843/1843/1843 1845/1845/1845 1846/1846/1846 1844/1844/1844
f 1845/1845/1845 1847/1847/1847 1848/1848/1848 1846/1846/1846
f 1847/1847/1847 1849/1849/1849 1850/1850/1850 1848/1848/1848
f 1849/1849/1849 1851/1851/1851 1852/1852/1852 1850/1850/1850
f 1851/1851/1851 1853/1853/1853 1854/1854/1854 1852/1852/1852
f 1945/1945/1945 1893/1893/1893 1946/1946/1946
f 1891/1891/1891 1946/1946/1946 1892/1892/1892
f 1893/1893/1893 1892/1892/1892 1946/1946/1946
f 1945/1945/1945 1894/1894/1894 1893/1893/1893
f 1894/1894/1894 1944/1944/1944 1943/1943/1943
f 1942/1942/1942 1895/1895/1895 1943/1943/1943
f 1944/1944/1944 1894/1894/1894 1945/1945/1945
f 1943/1943/1943 1895/1895/1895 1894/1894/1894
f 1948/1948/1948 1890/1890/1890 1889/1889/1889
f 1889/1889/1889 1888/1888/1888 1949/1949/1949
f 1891/1891/1891 1890/1890/1890 1947/1947/1947
f 1890/1890/1890 1948/1948/1948 1947/1947/1947
f 1888/1888/1888 1950/1950/1950 1949/1949/1949
f 1889/1889/1889 1949/1949/1949 1948/1948/1948
f 1947/1947/1947 1946/1946/1946 1891/1891/1891
f 1887/1887/1887 1950/1950/1950 1888/1888/1888
f 1937/1937/1937 1901/1901/1901 1900/1900/1900
f 1937/1937/1937 1900/1900/1900 1938/1938/1938
f 1899/1899/1899 1939/1939/1939 1900/1900/1900
f 1937/1937/1937 1936/1936/1936 1901/1901/1901
f 1935/1935/1935 1903/1903/1903 1902/1902/1902
f 1902/1902/1902 1936/1936/1936 1935/1935/1935
f 1935/1935/1935 1904/1904/1904 1903/1903/1903
f 1901/1901/1901 1936/1936/1936 1902/1902/1902
f 1941/1941/1941 1897/1897/1897 1896/1896/1896
f 1896/1896/1896 1942/1942/1942 1941/1941/1941
f 1941/1941/1941 1898/1898/1898 1897/1897/1897
f 1895/1895/1895 1942/1942/1942 1896/1896/1896
f 1899/1899/1899 1940/1940/1940 1939/1939/1939
f 1938/1938/1938 1900/1900/1900 1939/1939/1939
f 1899/1899/1899 1898/1898/1898 1940/1940/1940
f 1941/1941/1941 1940/1940/1940 1898/1898/1898
f 1953/1953/1953 1886/1886/1886 1885/1885/1885
f 1885/1885/1885 1884/1884/1884 1953/1953/1953
f 1887/1887/1887 1886/1886/1886 1951/1951/1951
f 1886/1886/1886 1952/1952/1952 1951/1951/1951
f 1884/1884/1884 1954/1954/1954 1953/1953/1953
f 1886/1886/1886 1953/1953/1953 1952/1952/1952
f 1951/1951/1951 1950/1950/1950 1887/1887/1887
f 1883/1883/1883 1954/1954/1954 1884/1884/1884
f 1882/1882/1882 1955/1955/1955 1883/1883/1883
f 1954/1954/1954 1883/1883/1883 1955/1955/1955
f 1882/1882/1882 1881/1881/1881 1956/1956/1956
f 1956/1956/1956 1955/1955/1955 1882/1882/1882
f 1957/1957/1957 1881/1881/1881 1958/1958/1958
f 1959/1959/1959 1958/1958/1958 1880/1880/1880
f 1958/1958/1958 1881/1881/1881 1880/1880/1880
f 1956/1956/1956 1881/1881/1881 1957/1957/1957
f 1878/1878/1878 1959/1959/1959 1879/1879/1879
f 1880/1880/1880 1879/1879/1879 1959/1959/1959
f 1877/1877/1877 1960/1960/1960 1878/1878/1878
f 1959/1959/1959 1878/1878/1878 1960/1960/1960
f 1877/1877/1877 1962/1962/1962 1961/1961/1961
f 1963/1963/1963 1962/1962/1962 1876/1876/1876
f 1877/1877/1877 1876/1876/1876 1962/1962/1962
f 1960/1960/1960 1877/1877/1877 1961/1961/1961
f 1876/1876/1876 1875/1875/1875 1963/1963/1963
f 1964/1964/1964 1963/1963/1963 1875/1875/1875
f 1964/1964/1964 1875/1875/1875 1874/1874/1874
f 1874/1874/1874 1965/1965/1965 1964/1964/1964
f 1872/1872/1872 1966/1966/1966 1965/1965/1965
f 1965/1965/1965 1873/1873/1873 1872/1872/1872
f 1872/1872/1872 1871/1871/1871 1966/1966/1966
f 1874/1874/1874 1873/1873/1873 1965/1965/1965
f 1934/1934/1934 1905/1905/1905 1904/1904/1904
f 1905/1905/1905 1934/1934/1934 1933/1933/1933
f 1933/1933/1933 1906/1906/1906 1905/1905/1905
f 1935/1935/1935 1934/1934/1934 1904/1904/1904
f 1931/1931/1931 1906/1906/1906 1932/1932/1932
f 1908/1908/1908 1907/1907/1907 1930/1930/1930
f 1931/1931/1931 1907/1907/1907 1906/1906/1906
f 1933/1933/1933 1932/1932/1932 1906/1906/1906
f 1931/1931/1931 1930/1930/1930 1907/1907/1907
f 1929/1929/1929 1909/1909/1909 1908/1908/1908
f 1929/1929/1929 1908/1908/1908 1930/1930/1930
f 1929/1929/1929 1928/1928/1928 1909/1909/1909
f 1927/1927/1927 1910/1910/1910 1928/1928/1928
f 1909/1909/1909 1928/1928/1928 1910/1910/1910
f 1926/1926/1926 1911/1911/1911 1927/1927/1927
f 1910/1910/1910 1927/1927/1927 1911/1911/1911
f 1925/1925/1925 1912/1912/1912 1926/1926/1926
f 1911/1911/1911 1926/1926/1926 1912/1912/1912
f 1925/1925/1925 1924/1924/1924 1914/1914/1914
f 1913/1913/1913 1912/1912/1912 1925/1925/1925
f 1914/1914/1914 1924/1924/1924 1915/1915/1915
f 1916/1916/1916 1915/1915/1915 1923/1923/1923
f 1915/1915/1915 1924/1924/1924 1923/1923/1923
f 1913/1913/1913 1925/1925/1925 1914/1914/1914
f 1916/1916/1916 1922/1922/1922 1921/1921/1921
f 1918/1918/1918 1920/1920/1920 1919/1919/1919
f 1920/1920/1920 1917/1917/1917 1921/1921/1921
f 1920/1920/1920 1918/1918/1918 1917/1917/1917
f 1918/1918/1918 1919/1919/1919 1855/1855/1855
f 1917/1917/1917 1916/1916/1916 1921/1921/1921
f 1916/1916/1916 1923/1923/1923 1922/1922/1922
f 1982/1982/1982 1855/1855/1855 1919/1919/1919
f 1972/1972/1972 1971/1971/1971 1867/1867/1867
f 1972/1972/1972 1867/1867/1867 1866/1866/1866
f 1970/1970/1970 1868/1868/1868 1971/1971/1971
f 1866/1866/1866 1865/1865/1865 1972/1972/1972
f 1865/1865/1865 1974/1974/1974 1973/1973/1973
f 1974/1974/1974 1865/1865/1865 1864/1864/1864
f 1864/1864/1864 1975/1975/1975 1974/1974/1974
f 1972/1972/1972 1865/1865/1865 1973/1973/1973
f 1871/1871/1871 1968/1968/1968 1967/1967/1967
f 1968/1968/1968 1871/1871/1871 1870/1870/1870
f 1870/1870/1870 1969/1969/1969 1968/1968/1968
f 1966/1966/1966 1871/1871/1871 1967/1967/1967
f 1970/1970/1970 1869/1869/1869 1868/1868/1868
f 1867/1867/1867 1971/1971/1971 1868/1868/1868
f 1970/1970/1970 1969/1969/1969 1869/1869/1869
f 1870/1870/1870 1869/1869/1869 1969/1969/1969
f 1856/1856/1856 1982/1982/1982 1981/1981/1981
f 1859/1859/1859 1980/1980/1980 1979/1979/1979
f 1980/1980/1980 1857/1857/1857 1981/1981/1981
f 1980/1980/1980 1858/1858/1858 1857/1857/1857
f 1858/1858/1858 1980/1980/1980 1859/1859/1859
f 1857/1857/1857 1856/1856/1856 1981/1981/1981
f 1856/1856/1856 1855/1855/1855 1982/1982/1982
f 1860/1860/1860 1859/1859/1859 1979/1979/1979
f 1862/1862/1862 1976/1976/1976 1863/1863/1863
f 1864/1864/1864 1863/1863/1863 1975/1975/1975
f 1976/1976/1976 1975/1975/1975 1863/1863/1863
f 1862/1862/1862 1977/1977/1977 1976/1976/1976
f 1861/1861/1861 1860/1860/1860 1978/1978/1978
f 1979/1979/1979 1978/1978/1978 1860/1860/1860
f 1861/1861/1861 1977/1977/1977 1862/1862/1862
f 1978/1978/1978 1977/1977/1977 1861/1861/1861
f 2073/2073/2073 2074/2074/2074 2021/2021/2021
f 2019/2019/2019 2020/2020/2020 2074/2074/2074
f 2021/2021/2021 2074/2074/2074 2020/2020/2020
f 2073/2073/2073 2021/2021/2021 2022/2022/2022
f 2022/2022/2022 2071/2071/2071 2072/2072/2072
f 2070/2070/2070 2071/2071/2071 2023/2023/2023
f 2072/2072/2072 2073/2073/2073 2022/2022/2022
f 2071/2071/2071 2022/2022/2022 2023/2023/2023
f 2076/2076/2076 2017/2017/2017 2018/2018/2018
f 2017/2017/2017 2077/2077/2077 2016/2016/2016
f 2019/2019/2019 2075/2075/2075 2018/2018/2018
f 2018/2018/2018 2075/2075/2075 2076/2076/2076
f 2016/2016/2016 2077/2077/2077 2078/2078/2078
f 2017/2017/2017 2076/2076/2076 2077/2077/2077
f 2075/2075/2075 2019/2019/2019 2074/2074/2074
f 2015/2015/2015 2016/2016/2016 2078/2078/2078
f 2065/2065/2065 2028/2028/2028 2029/2029/2029
f 2065/2065/2065 2066/2066/2066 2028/2028/2028
f 2027/2027/2027 2028/2028/2028 2067/2067/2067
f 2065/2065/2065 2029/2029/2029 2064/2064/2064
f 2063/2063/2063 2030/2030/2030 2031/2031/2031
f 2030/2030/2030 2063/2063/2063 2064/2064/2064
f 2063/2063/2063 2031/2031/2031 2032/2032/2032
f 2029/2029/2029 2030/2030/2030 2064/2064/2064
f 2069/2069/2069 2024/2024/2024 2025/2025/2025
f 2024/2024/2024 2069/2069/2069 2070/2070/2070
f 2069/2069/2069 2025/2025/2025 2026/2026/2026
f 2023/2023/2023 2024/2024/2024 2070/2070/2070
f 2027/2027/2027 2067/2067/2067 2068/2068/2068
f 2066/2066/2066 2067/2067/2067 2028/2028/2028
f 2027/2027/2027 2068/2068/2068 2026/2026/2026
f 2069/2069/2069 2026/2026/2026 2068/2068/2068
f 2081/2081/2081 2013/2013/2013 2014/2014/2014
f 2013/2013/2013 2081/2081/2081 2012/2012/2012
f 2015/2015/2015 2079/2079/2079 2014/2014/2014
f 2014/2014/2014 2079/2079/2079 2080/2080/2080
f 2012/2012/2012 2081/2081/2081 2082/2082/2082
f 2014/2014/2014 2080/2080/2080 2081/2081/2081
f 2079/2079/2079 2015/2015/2015 2078/2078/2078
f 2011/2011/2011 2012/2012/2012 2082/2082/2082
f 2010/2010/2010 2011/2011/2011 2083/2083/2083
f 2082/2082/2082 2083/2083/2083 2011/2011/2011
f 2010/2010/2010 2084/2084/2084 2009/2009/2009
f 2084/2084/2084 2010/2010/2010 2083/2083/2083
f 2085/2085/2085 2086/2086/2086 2009/2009/2009
f 2087/2087/2087 2008/2008/2008 2086/2086/2086
f 2086/2086/2086 2008/2008/2008 2009/2009/2009
f 2084/2084/2084 2085/2085/2085 2009/2009/2009
f 2006/2006/2006 2007/2007/2007 2087/2087/2087
f 2008/2008/2008 2087/2087/2087 2007/2007/2007
f 2005/2005/2005 2006/2006/2006 2088/2088/2088
f 2087/2087/2087 2088/2088/2088 2006/2006/2006
f 2005/2005/2005 2089/2089/2089 2090/2090/2090
f 2091/2091/2091 2004/2004/2004 2090/2090/2090
f 2005/2005/2005 2090/2090/2090 2004/2004/2004
f 2088/2088/2088 2089/2089/2089 2005/2005/2005
f 2004/2004/2004 2091/2091/2091 2003/2003/2003
f 2092/2092/2092 2003/2003/2003 2091/2091/2091
f 2092/2092/2092 2002/2002/2002 2003/2003/2003
f 2002/2002/2002 2092/2092/2092 2093/2093/2093
f 2000/2000/2000 2093/2093/2093 2094/2094/2094
f 2093/2093/2093 2000/2000/2000 2001/2001/2001
f 2000/2000/2000 2094/2094/2094 1999/1999/1999
f 2002/2002/2002 2093/2093/2093 2001/2001/2001
f 2062/2062/2062 2032/2032/2032 2033/2033/2033
f 2033/2033/2033 2061/2061/2061 2062/2062/2062
f 2061/2061/2061 2033/2033/2033 2034/2034/2034
f 2063/2063/2063 2032/2032/2032 2062/2062/2062
f 2059/2059/2059 2060/2060/2060 2034/2034/2034
f 2036/2036/2036 2058/2058/2058 2035/2035/2035
f 2059/2059/2059 2034/2034/2034 2035/2035/2035
f 2061/2061/2061 2034/2034/2034 2060/2060/2060
f 2059/2059/2059 2035/2035/2035 2058/2058/2058
f 2057/2057/2057 2036/2036/2036 2037/2037/2037
f 2057/2057/2057 2058/2058/2058 2036/2036/2036
f 2057/2057/2057 2037/2037/2037 2056/2056/2056
f 2055/2055/2055 2056/2056/2056 2038/2038/2038
f 2037/2037/2037 2038/2038/2038 2056/2056/2056
f 2054/2054/2054 2055/2055/2055 2039/2039/2039
f 2038/2038/2038 2039/2039/2039 2055/2055/2055
f 2053/2053/2053 2054/2054/2054 2040/2040/2040
f 2039/2039/2039 2040/2040/2040 2054/2054/2054
f 2053/2053/2053 2042/2042/2042 2052/2052/2052
f 2041/2041/2041 2053/2053/2053 2040/2040/2040
f 2042/2042/2042 2043/2043/2043 2052/2052/2052
f 2044/2044/2044 2051/2051/2051 2043/2043/2043
f 2043/2043/2043 2051/2051/2051 2052/2052/2052
f 2041/2041/2041 2042/2042/2042 2053/2053/2053
f 2044/2044/2044 2049/2049/2049 2050/2050/2050
f 2046/2046/2046 2047/2047/2047 2048/2048/2048
f 2048/2048/2048 2049/2049/2049 2045/2045/2045
f 2048/2048/2048 2045/2045/2045 2046/2046/2046
f 2046/2046/2046 1983/1983/1983 2047/2047/2047
f 2045/2045/2045 2049/2049/2049 2044/2044/2044
f 2044/2044/2044 2050/2050/2050 2051/2051/2051
f 2110/2110/2110 2047/2047/2047 1983/1983/1983
f 2100/2100/2100 1995/1995/1995 2099/2099/2099
f 2100/2100/2100 1994/1994/1994 1995/1995/1995
f 2098/2098/2098 2099/2099/2099 1996/1996/1996
f 1994/1994/1994 2100/2100/2100 1993/1993/1993
f 1993/1993/1993 2101/2101/2101 2102/2102/2102
f 2102/2102/2102 1992/1992/1992 1993/1993/1993
f 1992/1992/1992 2102/2102/2102 2103/2103/2103
f 2100/2100/2100 2101/2101/2101 1993/1993/1993
f 1999/1999/1999 2095/2095/2095 2096/2096/2096
f 2096/2096/2096 1998/1998/1998 1999/1999/1999
f 1998/1998/1998 2096/2096/2096 2097/2097/2097
f 2094/2094/2094 2095/2095/2095 1999/1999/1999
f 2098/2098/2098 1996/1996/1996 1997/1997/1997
f 1995/1995/1995 1996/1996/1996 2099/2099/2099
f 2098/2098/2098 1997/1997/1997 2097/2097/2097
f 1998/1998/1998 2097/2097/2097 1997/1997/1997
f 1984/1984/1984 2109/2109/2109 2110/2110/2110
f 1987/1987/1987 2107/2107/2107 2108/2108/2108
f 2108/2108/2108 2109/2109/2109 1985/1985/1985
f 2108/2108/2108 1985/1985/1985 1986/1986/1986
f 1986/1986/1986 1987/1987/1987 2108/2108/2108
f 1985/1985/1985 2109/2109/2109 1984/1984/1984
f 1984/1984/1984 2110/2110/2110 1983/1983/1983
f 1988/1988/1988 2107/2107/2107 1987/1987/1987
f 1990/1990/1990 1991/1991/1991 2104/2104/2104
f 1992/1992/1992 2103/2103/2103 1991/1991/1991
f 2104/2104/2104 1991/1991/1991 2103/2103/2103
f 1990/1990/1990 2104/2104/2104 2105/2105/2105
f 1989/1989/1989 2106/2106/2106 1988/1988/1988
f 2107/2107/2107 1988/1988/1988 2106/2106/2106
f 1989/1989/1989 1990/1990/1990 2105/2105/2105
f 2106/2106/2106 1989/1989/1989 2105/2105/2105
