# Rhino

mtllib Box_16.mtl
usemtl Default
v -177.31236267089844 102.56796264648438 80
v -184.8072509765625 105.63026428222656 80
v -193.09207153320312 108.6456298828125 80
v -203.88978576660156 112.41639709472656 80
v -206.33782958984375 113.44241333007812 80
v -208.6253662109375 114.52839660644531 80
v -210.78875732421875 115.6761474609375 80
v -212.86212158203125 116.89421844482422 80
v -214.87675476074219 118.19725799560547 80
v -216.86056518554688 119.60548400878906 80
v -219.82948303222656 121.97219848632812 80
v -222.84078979492188 124.74138641357422 80
v -239.10408020019531 141.00357055664062 80
v -184.84800720214844 105.52072143554688 78.72625732421875
v -193.13014221191406 108.53513336181641 78.72625732421875
v -203.92886352539062 112.30618286132812 78.72625732421875
v -206.38038635253906 113.33341217041016 78.72625732421875
v -208.67318725585938 114.421630859375 78.72625732421875
v -210.84295654296875 115.57254791259766 78.72625732421875
v -212.92312622070312 116.79452514648438 78.72625732421875
v -214.94439697265625 118.10190582275391 78.72625732421875
v -216.93412780761719 119.51454162597656 78.72625732421875
v -219.9095458984375 121.88688659667969 78.72625732421875
v -222.92341613769531 124.65872955322266 78.72625732421875
v -239.18672180175781 140.92092895507812 78.72625732421875
v -184.97866821289062 105.16960906982422 77.42333984375
v -193.25218200683594 108.18095397949219 77.42333984375
v -204.05409240722656 111.95292663574219 77.42333984375
v -206.51678466796875 112.98405456542969 77.42333984375
v -208.82647705078125 114.07941436767578 77.42333984375
v -211.01664733886719 115.24048614501953 77.42333984375
v -213.11863708496094 116.47498321533203 77.42333984375
v -215.16119384765625 117.79631042480469 77.42333984375
v -217.169921875 119.22304534912109 77.42333984375
v -220.16618347167969 121.61344146728516 77.42333984375
v -223.18827819824219 124.39380645751953 77.42333984375
v -239.45159912109375 140.65603637695312 77.42333984375
v -185.20524597167969 104.560791015625 76.169532775878906
v -193.46376037597656 107.56683349609375 76.169532775878906
v -204.27125549316406 111.34040069580078 76.169532775878906
v -206.75328063964844 112.3782958984375 76.169532775878906
v -209.09228515625 113.48604583740234 76.169532775878906
v -211.31784057617188 114.66471099853516 76.169532775878906
v -213.45765686035156 115.92092132568359 76.169532775878906
v -215.53712463378906 117.26641845703125 76.169532775878906
v -217.57876586914062 118.71762847900391 76.169532775878906
v -220.61117553710938 121.13931274414062 76.169532775878906
v -223.64752197265625 123.93443298339844 76.169532775878906
v -239.91090393066406 140.19674682617188 76.169532775878906
v -185.52238464355469 103.70858764648438 75.050254821777344
v -193.75993347167969 106.70720672607422 75.050254821777344
v -204.57522583007812 110.48301696777344 75.050254821777344
v -207.08430480957031 111.53038787841797 75.050254821777344
v -209.46432495117188 112.65548706054688 75.050254821777344
v -211.73942565917969 113.8587646484375 75.050254821777344
v -213.93220520019531 115.14535522460938 75.050254821777344
v -216.06332397460938 116.52469635009766 75.050254821777344
v -218.15104675292969 118.01016235351562 75.050254821777344
v -221.23403930664062 120.47566986083984 75.050254821777344
v -224.29034423828125 123.29141235351562 75.050254821777344
v -240.55381774902344 139.55381774902344 75.050254821777344
v -185.91279602050781 102.65950012207031 74.141029357910156
v -194.12454223632812 105.64897918701172 74.141029357910156
v -204.94941711425781 109.42756652832031 74.141029357910156
v -207.49180603027344 110.48664093017578 74.141029357910156
v -209.92230224609375 111.63307189941406 74.141029357910156
v -212.25839233398438 112.86663055419922 74.141029357910156
v -214.51638793945312 114.19061279296875 74.141029357910156
v -216.71110534667969 115.61162567138672 74.141029357910156
v -218.85552978515625 117.1392822265625 74.141029357910156
v -222.00079345703125 119.65872955322266 74.141029357910156
v -225.08169555664062 122.49983978271484 74.141029357910156
v -241.34527587890625 138.76237487792969 74.141029357910156
v -186.35014343261719 101.48431396484375 73.491432189941406
v -194.532958984375 104.46355438232422 73.491432189941406
v -205.36857604980469 108.24527740478516 73.491432189941406
v -207.94825744628906 109.31747436523438 73.491432189941406
v -210.43531799316406 110.48780822753906 73.491432189941406
v -212.83975219726562 111.75526428222656 73.491432189941406
v -215.17079162597656 113.12111663818359 73.491432189941406
v -217.43672180175781 114.58881378173828 73.491432189941406
v -219.6446533203125 116.16375732421875 73.491432189941406
v -222.85966491699219 118.74362945556641 73.491432189941406
v -225.96815490722656 121.61312103271484 73.491432189941406
v -242.23185729980469 137.87579345703125 73.491432189941406
v -186.57705688476562 100.87455749511719 73.270210266113281
v -194.744873046875 103.84848022460938 73.270210266113281
v -205.58604431152344 107.63185119628906 73.270210266113281
v -208.18507385253906 108.71086883544922 73.270210266113281
v -210.70149230957031 109.89359283447266 73.270210266113281
v -213.14137268066406 111.17862701416016 73.270210266113281
v -215.51033020019531 112.56620025634766 73.270210266113281
v -217.81321716308594 114.05812072753906 73.270210266113281
v -220.0540771484375 115.65760803222656 73.270210266113281
v -223.30528259277344 118.26884460449219 73.270210266113281
v -226.4281005859375 121.15303802490234 73.270210266113281
v -242.69186401367188 137.41578674316406 73.270210266113281
v -186.80462646484375 100.26309967041016 73.116859436035156
v -194.95738220214844 103.23169708251953 73.116859436035156
v -205.80413818359375 107.01670837402344 73.116859436035156
v -208.42256164550781 108.10257720947266 73.116859436035156
v -210.96839904785156 109.2977294921875 73.116859436035156
v -213.44384765625 110.60037994384766 73.116859436035156
v -215.85081481933594 112.00973510742188 73.116859436035156
v -218.19076538085938 113.52594757080078 73.116859436035156
v -220.46466064453125 115.15004730224609 73.116859436035156
v -223.75213623046875 117.79273223876953 73.116859436035156
v -226.88932800292969 120.69167327880859 73.116859436035156
v -243.15315246582031 136.95449829101562 73.116859436035156
v -186.91758728027344 99.959541320800781 73.064743041992188
v -195.06288146972656 102.92549133300781 73.064743041992188
v -205.91239929199219 106.71132659912109 73.064743041992188
v -208.54045104980469 107.80059051513672 73.064743041992188
v -211.10090637207031 109.00191497802734 73.064743041992188
v -213.59402465820312 110.31330871582031 73.064743041992188
v -216.01985168457031 111.73347473144531 73.064743041992188
v -218.37820434570312 113.26174926757812 73.064743041992188
v -220.66848754882812 114.89807891845703 73.064743041992188
v -223.97398376464844 117.55637359619141 73.064743041992188
v -227.11830139160156 120.46262359619141 73.064743041992188
v -243.38217163085938 136.72547912597656 73.064743041992188
v -187.02952575683594 99.658775329589844 73.028312683105469
v -195.16740417480469 102.62210845947266 73.028312683105469
v -206.01966857910156 106.40875244140625 73.028312683105469
v -208.65725708007812 107.50139617919922 73.028312683105469
v -211.23219299316406 108.70883178710938 73.028312683105469
v -213.7427978515625 110.02888488769531 73.028312683105469
v -216.18733215332031 111.45975494384766 73.028312683105469
v -218.56390380859375 112.99998474121094 73.028312683105469
v -220.87043762207031 114.64842224121094 73.028312683105469
v -224.19377136230469 117.32218933105469 73.028312683105469
v -227.34518432617188 120.23568725585938 73.028312683105469
v -243.60906982421875 136.49858093261719 73.028312683105469
v -187.14007568359375 99.361732482910156 73.0069580078125
v -195.27064514160156 102.32247161865234 73.0069580078125
v -206.1256103515625 106.10992431640625 73.0069580078125
v -208.77261352539062 107.20589447021484 73.0069580078125
v -211.36184692382812 108.41937255859375 73.0069580078125
v -213.88973999023438 109.74797821044922 73.0069580078125
v -216.35273742675781 111.18943023681641 73.0069580078125
v -218.747314453125 112.741455078125 73.0069580078125
v -221.06988525390625 114.40186309814453 73.0069580078125
v -224.41084289550781 117.09090423583984 73.0069580078125
v -227.56924438476562 120.01155853271484 73.0069580078125
v -243.83316040039062 136.27449035644531 73.0069580078125
v -187.24893188476562 99.069244384765625 73
v -195.37229919433594 102.02742767333984 73
v -206.22993469238281 105.815673828125 73
v -208.88621520996094 106.91493225097656 73
v -211.48951721191406 108.13434600830078 73
v -214.034423828125 109.47138214111328 73
v -216.51560974121094 110.92324066162109 73
v -218.92790222167969 112.48689270019531 73
v -221.26628112792969 114.15908050537109 73
v -224.62458801269531 116.86316680908203 73
v -227.78987121582031 119.79086303710938 73
v -244.05381774902344 136.05381774902344 73
v -187.3577880859375 98.776748657226562 73.0069580078125
v -195.47395324707031 101.73239135742188 73.0069580078125
v -206.33425903320312 105.52143096923828 73.0069580078125
v -208.99980163574219 106.62397003173828 73.0069580078125
v -211.6171875 107.84932708740234 73.0069580078125
v -214.17910766601562 109.19477844238281 73.0069580078125
v -216.67848205566406 110.65705108642578 73.0069580078125
v -219.10850524902344 112.23233032226562 73.0069580078125
v -221.46267700195312 113.91629791259766 73.0069580078125
v -224.83833312988281 116.63543701171875 73.0069580078125
v -228.01051330566406 119.57016754150391 73.0069580078125
v -244.27449035644531 135.83316040039062 73.0069580078125
v -187.46832275390625 98.479736328125 73.028312683105469
v -195.57717895507812 101.43279266357422 73.028312683105469
v -206.440185546875 105.22264099121094 73.028312683105469
v -209.11515808105469 106.32851409912109 73.028312683105469
v -211.74684143066406 107.55990600585938 73.028312683105469
v -214.32603454589844 108.91390991210938 73.028312683105469
v -216.8438720703125 110.38674926757812 73.028312683105469
v -219.29190063476562 111.97383117675781 73.028312683105469
v -221.66209411621094 113.66976928710938 73.028312683105469
v -225.05538940429688 116.40418243408203 73.028312683105469
v -228.23454284667969 119.34606170654297 73.028312683105469
v -244.49855041503906 135.60910034179688 73.028312683105469
v -187.6932373046875 97.875381469726562 73.116859436035156
v -195.78721618652344 100.82316589355469 73.116859436035156
v -206.65573120117188 104.61466217041016 73.116859436035156
v -209.349853515625 105.72732543945312 73.116859436035156
v -212.0106201171875 106.97100067138672 73.116859436035156
v -214.62498474121094 108.34239196777344 73.116859436035156
v -217.18040466308594 109.83674621582031 73.116859436035156
v -219.66505432128906 111.44784545898438 73.116859436035156
v -222.06788635253906 113.16813659667969 73.116859436035156
v -225.49702453613281 115.93363952636719 73.116859436035156
v -228.6904296875 118.89005279541016 73.116859436035156
v -244.95449829101562 135.15315246582031 73.116859436035156
v -187.92080688476562 97.263923645019531 73.270210266113281
v -195.99972534179688 100.20637512207031 73.270210266113281
v -206.87379455566406 103.99954986572266 73.270210266113281
v -209.58731079101562 105.11909484863281 73.270210266113281
v -212.27751159667969 106.37518310546875 73.270210266113281
v -214.92745971679688 107.76416778564453 73.270210266113281
v -217.52090454101562 109.2802734375 73.270210266113281
v -220.04258728027344 110.91568756103516 73.270210266113281
v -222.47842407226562 112.66061401367188 73.270210266113281
v -225.94384765625 115.45757293701172 73.270210266113281
v -229.15165710449219 118.42868804931641 73.270210266113281
v -245.41578674316406 134.69186401367188 73.270210266113281
v -188.14773559570312 96.654167175292969 73.491432189941406
v -196.21163940429688 99.59130859375 73.491432189941406
v -207.09126281738281 103.38615417480469 73.491432189941406
v -209.8240966796875 104.51256561279297 73.491432189941406
v -212.54365539550781 105.78103637695312 73.491432189941406
v -215.22908020019531 107.18755340576172 73.491432189941406
v -217.86044311523438 108.72535705566406 73.491432189941406
v -220.4190673828125 110.385009765625 73.491432189941406
v -222.88783264160156 112.15451812744141 73.491432189941406
v -226.389404296875 114.98284149169922 73.491432189941406
v -229.61160278320312 117.96860504150391 73.491432189941406
v -245.87579345703125 134.23185729980469 73.491432189941406
v -188.58509826660156 95.478988647460938 74.141029357910156
v -196.62005615234375 98.4058837890625 74.141029357910156
v -207.5103759765625 102.20396423339844 74.141029357910156
v -210.28045654296875 103.34362030029297 74.141029357910156
v -213.05656433105469 104.63595581054688 74.141029357910156
v -215.81037902832031 106.07625579833984 74.141029357910156
v -218.51483154296875 107.65586090087891 74.141029357910156
v -221.14466857910156 109.36223602294922 74.141029357910156
v -223.67684936523438 111.17913055419922 74.141029357910156
v -227.24813842773438 114.06791687011719 74.141029357910156
v -230.49806213378906 117.08189392089844 74.141029357910156
v -246.76237487792969 133.34527587890625 74.141029357910156
v -188.97554016113281 94.429901123046875 75.050254821777344
v -196.98466491699219 97.34765625 75.050254821777344
v -207.884521484375 101.14863586425781 75.050254821777344
v -210.68782043457031 102.30013275146484 75.050254821777344
v -213.51443481445312 103.61376953125 75.050254821777344
v -216.32931518554688 105.08420562744141 75.050254821777344
v -219.09901428222656 106.70112609863281 75.050254821777344
v -221.79240417480469 108.44920349121094 75.050254821777344
v -224.38119506835938 110.30841827392578 75.050254821777344
v -228.01470947265625 113.25118255615234 75.050254821777344
v -231.28939819335938 116.29032135009766 75.050254821777344
v -247.55381774902344 132.55381774902344 75.050254821777344
v -189.292724609375 93.57769775390625 76.169532775878906
v -197.28083801269531 96.488029479980469 76.169532775878906
v -208.18844604492188 100.29137420654297 76.169532775878906
v -211.01873779296875 101.45249938964844 76.169532775878906
v -213.88638305664062 102.78343200683594 76.169532775878906
v -216.7508544921875 104.27834320068359 76.169532775878906
v -219.57356262207031 105.92555999755859 76.169532775878906
v -222.31858825683594 107.70753479003906 76.169532775878906
v -224.95335388183594 109.60112762451172 76.169532775878906
v -228.63739013671875 112.58774566650391 76.169532775878906
v -231.93222045898438 115.64730072021484 76.169532775878906
v -248.19674682617188 131.91090393066406 76.169532775878906
v -189.51931762695312 92.968841552734375 77.42333984375
v -197.492431640625 95.873855590820312 77.42333984375
v -208.40557861328125 99.678901672363281 77.42333984375
v -211.25515747070312 100.84691619873047 77.42333984375
v -214.152099609375 102.19020080566406 77.42333984375
v -217.05201721191406 103.70259857177734 77.42333984375
v -219.91261291503906 105.37145233154297 77.42333984375
v -222.69450378417969 107.17764282226562 77.42333984375
v -225.36212158203125 109.09580230712891 77.42333984375
v -229.082275390625 112.11375427246094 77.42333984375
v -232.39149475097656 115.18789672851562 77.42333984375
v -248.65608215332031 131.45156860351562 77.42333984375
v -189.59649658203125 92.761489868164062 78.073890686035156
v -197.56449890136719 95.664695739746094 78.073890686035156
v -208.47952270507812 99.470321655273438 78.073890686035156
v -211.33566284179688 100.64068603515625 78.073890686035156
v -214.24259948730469 101.98817443847656 78.073890686035156
v -217.15458679199219 103.50652313232422 78.073890686035156
v -220.02806091308594 105.18275451660156 78.073890686035156
v -222.82252502441406 106.99718475341797 78.073890686035156
v -225.50132751464844 108.92371368408203 78.073890686035156
v -229.23377990722656 111.95233154296875 78.073890686035156
v -232.54791259765625 115.03144073486328 78.073890686035156
v -248.8125 131.29513549804688 78.073890686035156
v -189.64999389648438 92.617759704589844 78.72625732421875
v -197.61445617675781 95.519721984863281 78.72625732421875
v -208.53079223632812 99.32574462890625 78.72625732421875
v -211.3914794921875 100.49772644042969 78.72625732421875
v -214.30532836914062 101.84813690185547 78.72625732421875
v -217.22567749023438 103.37061309814453 78.72625732421875
v -220.10810852050781 105.05194854736328 78.72625732421875
v -222.91127014160156 106.87209320068359 78.72625732421875
v -225.59782409667969 108.80442810058594 78.72625732421875
v -229.33879089355469 111.84044647216797 78.72625732421875
v -232.65632629394531 114.92299652099609 78.72625732421875
v -248.92094421386719 131.18670654296875 78.72625732421875
v -189.68087768554688 92.534767150878906 79.371055603027344
v -197.64329528808594 95.435997009277344 79.371055603027344
v -208.56037902832031 99.242256164550781 79.371055603027344
v -211.4237060546875 100.41518402099609 79.371055603027344
v -214.34153747558594 101.76727294921875 79.371055603027344
v -217.26673889160156 103.29212951660156 79.371055603027344
v -220.15431213378906 104.97641754150391 79.371055603027344
v -222.96250915527344 106.79986572265625 79.371055603027344
v -225.65354919433594 108.73554229736328 79.371055603027344
v -229.39942932128906 111.77583312988281 79.371055603027344
v -232.71893310546875 114.86037445068359 79.371055603027344
v -248.98355102539062 131.12409973144531 79.371055603027344
v -189.68832397460938 92.514747619628906 79.687934875488281
v -197.65025329589844 95.415809631347656 79.687934875488281
v -208.56752014160156 99.222122192382812 79.687934875488281
v -211.43147277832031 100.39527130126953 79.687934875488281
v -214.35028076171875 101.74777221679688 79.687934875488281
v -217.27662658691406 103.27320098876953 79.687934875488281
v -220.16546630859375 104.95820617675781 79.687934875488281
v -222.97486877441406 106.78244781494141 79.687934875488281
v -225.66697692871094 108.71893310546875 79.687934875488281
v -229.4140625 111.76025390625 79.687934875488281
v -232.73402404785156 114.84526824951172 79.687934875488281
v -248.9986572265625 131.10899353027344 79.687934875488281
v -189.69075012207031 92.508224487304688 80
v -197.65252685546875 95.409233093261719 80
v -208.56985473632812 99.215560913085938 80
v -211.43400573730469 100.38878631591797 80
v -214.35311889648438 101.74141693115234 80
v -217.27986145019531 103.26703643798828 80
v -220.16909790039062 104.9522705078125 80
v -222.97889709472656 106.77677154541016 80
v -225.67135620117188 108.71351623535156 80
v -229.4188232421875 111.75517272949219 80
v -232.73895263671875 114.84034729003906 80
v -249.00357055664062 131.10408020019531 80
v -189.68832397460938 92.514747619628906 80.312065124511719
v -197.65025329589844 95.415809631347656 80.312065124511719
v -208.56752014160156 99.222122192382812 80.312065124511719
v -211.43147277832031 100.39527130126953 80.312065124511719
v -214.35028076171875 101.74777221679688 80.312065124511719
v -217.27662658691406 103.27320098876953 80.312065124511719
v -220.16546630859375 104.95820617675781 80.312065124511719
v -222.97486877441406 106.78244781494141 80.312065124511719
v -225.66697692871094 108.71893310546875 80.312065124511719
v -229.4140625 111.76025390625 80.312065124511719
v -232.73402404785156 114.84526824951172 80.312065124511719
v -248.9986572265625 131.10899353027344 80.312065124511719
v -189.68087768554688 92.534767150878906 80.628944396972656
v -197.64329528808594 95.435997009277344 80.628944396972656
v -208.56037902832031 99.242256164550781 80.628944396972656
v -211.4237060546875 100.41518402099609 80.628944396972656
v -214.34153747558594 101.76727294921875 80.628944396972656
v -217.26673889160156 103.29212951660156 80.628944396972656
v -220.15431213378906 104.97641754150391 80.628944396972656
v -222.96250915527344 106.79986572265625 80.628944396972656
v -225.65354919433594 108.73554229736328 80.628944396972656
v -229.39942932128906 111.77583312988281 80.628944396972656
v -232.71893310546875 114.86037445068359 80.628944396972656
v -248.98355102539062 131.12409973144531 80.628944396972656
v -189.64999389648438 92.617759704589844 81.27374267578125
v -197.61445617675781 95.519721984863281 81.27374267578125
v -208.53079223632812 99.32574462890625 81.27374267578125
v -211.3914794921875 100.49772644042969 81.27374267578125
v -214.30532836914062 101.84813690185547 81.27374267578125
v -217.22567749023438 103.37061309814453 81.27374267578125
v -220.10810852050781 105.05194854736328 81.27374267578125
v -222.91127014160156 106.87209320068359 81.27374267578125
v -225.59782409667969 108.80442810058594 81.27374267578125
v -229.33879089355469 111.84044647216797 81.27374267578125
v -232.65632629394531 114.92299652099609 81.27374267578125
v -248.92094421386719 131.18670654296875 81.27374267578125
v -189.59649658203125 92.761489868164062 81.926109313964844
v -197.56449890136719 95.664695739746094 81.926109313964844
v -208.47952270507812 99.470321655273438 81.926109313964844
v -211.33566284179688 100.64068603515625 81.926109313964844
v -214.24259948730469 101.98817443847656 81.926109313964844
v -217.15458679199219 103.50652313232422 81.926109313964844
v -220.02806091308594 105.18275451660156 81.926109313964844
v -222.82252502441406 106.99718475341797 81.926109313964844
v -225.50132751464844 108.92371368408203 81.926109313964844
v -229.23377990722656 111.95233154296875 81.926109313964844
v -232.54791259765625 115.03144073486328 81.926109313964844
v -248.8125 131.29513549804688 81.926109313964844
v -189.51931762695312 92.968841552734375 82.57666015625
v -197.492431640625 95.873855590820312 82.57666015625
v -208.40557861328125 99.678901672363281 82.57666015625
v -211.25515747070312 100.84691619873047 82.57666015625
v -214.152099609375 102.19020080566406 82.57666015625
v -217.05201721191406 103.70259857177734 82.57666015625
v -219.91261291503906 105.37145233154297 82.57666015625
v -222.69450378417969 107.17764282226562 82.57666015625
v -225.36212158203125 109.09580230712891 82.57666015625
v -229.082275390625 112.11375427246094 82.57666015625
v -232.39149475097656 115.18789672851562 82.57666015625
v -248.65608215332031 131.45156860351562 82.57666015625
v -189.292724609375 93.57769775390625 83.830467224121094
v -197.28083801269531 96.488029479980469 83.830467224121094
v -208.18844604492188 100.29137420654297 83.830467224121094
v -211.01873779296875 101.45249938964844 83.830467224121094
v -213.88638305664062 102.78343200683594 83.830467224121094
v -216.7508544921875 104.27834320068359 83.830467224121094
v -219.57356262207031 105.92555999755859 83.830467224121094
v -222.31858825683594 107.70753479003906 83.830467224121094
v -224.95335388183594 109.60112762451172 83.830467224121094
v -228.63739013671875 112.58774566650391 83.830467224121094
v -231.93222045898438 115.64730072021484 83.830467224121094
v -248.19674682617188 131.91090393066406 83.830467224121094
v -188.97554016113281 94.429901123046875 84.949745178222656
v -196.98466491699219 97.34765625 84.949745178222656
v -207.884521484375 101.14863586425781 84.949745178222656
v -210.68782043457031 102.30013275146484 84.949745178222656
v -213.51443481445312 103.61376953125 84.949745178222656
v -216.32931518554688 105.08420562744141 84.949745178222656
v -219.09901428222656 106.70112609863281 84.949745178222656
v -221.79240417480469 108.44920349121094 84.949745178222656
v -224.38119506835938 110.30841827392578 84.949745178222656
v -228.01470947265625 113.25118255615234 84.949745178222656
v -231.28939819335938 116.29032135009766 84.949745178222656
v -247.55381774902344 132.55381774902344 84.949745178222656
v -188.58509826660156 95.478988647460938 85.858970642089844
v -196.62005615234375 98.4058837890625 85.858970642089844
v -207.5103759765625 102.20396423339844 85.858970642089844
v -210.28045654296875 103.34362030029297 85.858970642089844
v -213.05656433105469 104.63595581054688 85.858970642089844
v -215.81037902832031 106.07625579833984 85.858970642089844
v -218.51483154296875 107.65586090087891 85.858970642089844
v -221.14466857910156 109.36223602294922 85.858970642089844
v -223.67684936523438 111.17913055419922 85.858970642089844
v -227.24813842773438 114.06791687011719 85.858970642089844
v -230.49806213378906 117.08189392089844 85.858970642089844
v -246.76237487792969 133.34527587890625 85.858970642089844
v -188.14773559570312 96.654167175292969 86.508567810058594
v -196.21163940429688 99.59130859375 86.508567810058594
v -207.09126281738281 103.38615417480469 86.508567810058594
v -209.8240966796875 104.51256561279297 86.508567810058594
v -212.54365539550781 105.78103637695312 86.508567810058594
v -215.22908020019531 107.18755340576172 86.508567810058594
v -217.86044311523438 108.72535705566406 86.508567810058594
v -220.4190673828125 110.385009765625 86.508567810058594
v -222.88783264160156 112.15451812744141 86.508567810058594
v -226.389404296875 114.98284149169922 86.508567810058594
v -229.61160278320312 117.96860504150391 86.508567810058594
v -245.87579345703125 134.23185729980469 86.508567810058594
v -187.92080688476562 97.263923645019531 86.729789733886719
v -195.99972534179688 100.20637512207031 86.729789733886719
v -206.87379455566406 103.99954986572266 86.729789733886719
v -209.58731079101562 105.11909484863281 86.729789733886719
v -212.27751159667969 106.37518310546875 86.729789733886719
v -214.92745971679688 107.76416778564453 86.729789733886719
v -217.52090454101562 109.2802734375 86.729789733886719
v -220.04258728027344 110.91568756103516 86.729789733886719
v -222.47842407226562 112.66061401367188 86.729789733886719
v -225.94384765625 115.45757293701172 86.729789733886719
v -229.15165710449219 118.42868804931641 86.729789733886719
v -245.41578674316406 134.69186401367188 86.729789733886719
v -187.6932373046875 97.875381469726562 86.883140563964844
v -195.78721618652344 100.82316589355469 86.883140563964844
v -206.65573120117188 104.61466217041016 86.883140563964844
v -209.349853515625 105.72732543945312 86.883140563964844
v -212.0106201171875 106.97100067138672 86.883140563964844
v -214.62498474121094 108.34239196777344 86.883140563964844
v -217.18040466308594 109.83674621582031 86.883140563964844
v -219.66505432128906 111.44784545898438 86.883140563964844
v -222.06788635253906 113.16813659667969 86.883140563964844
v -225.49702453613281 115.93363952636719 86.883140563964844
v -228.6904296875 118.89005279541016 86.883140563964844
v -244.95449829101562 135.15315246582031 86.883140563964844
v -187.46832275390625 98.479736328125 86.971687316894531
v -195.57717895507812 101.43279266357422 86.971687316894531
v -206.440185546875 105.22264099121094 86.971687316894531
v -209.11515808105469 106.32851409912109 86.971687316894531
v -211.74684143066406 107.55990600585938 86.971687316894531
v -214.32603454589844 108.91390991210938 86.971687316894531
v -216.8438720703125 110.38674926757812 86.971687316894531
v -219.29190063476562 111.97383117675781 86.971687316894531
v -221.66209411621094 113.66976928710938 86.971687316894531
v -225.05538940429688 116.40418243408203 86.971687316894531
v -228.23454284667969 119.34606170654297 86.971687316894531
v -244.49855041503906 135.60910034179688 86.971687316894531
v -187.3577880859375 98.776748657226562 86.9930419921875
v -195.47395324707031 101.73239135742188 86.9930419921875
v -206.33425903320312 105.52143096923828 86.9930419921875
v -208.99980163574219 106.62397003173828 86.9930419921875
v -211.6171875 107.84932708740234 86.9930419921875
v -214.17910766601562 109.19477844238281 86.9930419921875
v -216.67848205566406 110.65705108642578 86.9930419921875
v -219.10850524902344 112.23233032226562 86.9930419921875
v -221.46267700195312 113.91629791259766 86.9930419921875
v -224.83833312988281 116.63543701171875 86.9930419921875
v -228.01051330566406 119.57016754150391 86.9930419921875
v -244.27449035644531 135.83316040039062 86.9930419921875
v -187.24893188476562 99.069244384765625 87
v -195.37229919433594 102.02742767333984 87
v -206.22993469238281 105.815673828125 87
v -208.88621520996094 106.91493225097656 87
v -211.48951721191406 108.13434600830078 87
v -214.034423828125 109.47138214111328 87
v -216.51560974121094 110.92324066162109 87
v -218.92790222167969 112.48689270019531 87
v -221.26628112792969 114.15908050537109 87
v -224.62458801269531 116.86316680908203 87
v -227.78987121582031 119.79086303710938 87
v -244.05381774902344 136.05381774902344 87
v -187.14007568359375 99.361732482910156 86.9930419921875
v -195.27064514160156 102.32247161865234 86.9930419921875
v -206.1256103515625 106.10992431640625 86.9930419921875
v -208.77261352539062 107.20589447021484 86.9930419921875
v -211.36184692382812 108.41937255859375 86.9930419921875
v -213.88973999023438 109.74797821044922 86.9930419921875
v -216.35273742675781 111.18943023681641 86.9930419921875
v -218.747314453125 112.741455078125 86.9930419921875
v -221.06988525390625 114.40186309814453 86.9930419921875
v -224.41084289550781 117.09090423583984 86.9930419921875
v -227.56924438476562 120.01155853271484 86.9930419921875
v -243.83316040039062 136.27449035644531 86.9930419921875
v -187.02952575683594 99.658775329589844 86.971687316894531
v -195.16740417480469 102.62210845947266 86.971687316894531
v -206.01966857910156 106.40875244140625 86.971687316894531
v -208.65725708007812 107.50139617919922 86.971687316894531
v -211.23219299316406 108.70883178710938 86.971687316894531
v -213.7427978515625 110.02888488769531 86.971687316894531
v -216.18733215332031 111.45975494384766 86.971687316894531
v -218.56390380859375 112.99998474121094 86.971687316894531
v -220.87043762207031 114.64842224121094 86.971687316894531
v -224.19377136230469 117.32218933105469 86.971687316894531
v -227.34518432617188 120.23568725585938 86.971687316894531
v -243.60906982421875 136.49858093261719 86.971687316894531
v -186.91758728027344 99.959541320800781 86.935256958007812
v -195.06288146972656 102.92549133300781 86.935256958007812
v -205.91239929199219 106.71132659912109 86.935256958007812
v -208.54045104980469 107.80059051513672 86.935256958007812
v -211.10090637207031 109.00191497802734 86.935256958007812
v -213.59402465820312 110.31330871582031 86.935256958007812
v -216.01985168457031 111.73347473144531 86.935256958007812
v -218.37820434570312 113.26174926757812 86.935256958007812
v -220.66848754882812 114.89807891845703 86.935256958007812
v -223.97398376464844 117.55637359619141 86.935256958007812
v -227.11830139160156 120.46262359619141 86.935256958007812
v -243.38217163085938 136.72547912597656 86.935256958007812
v -186.80462646484375 100.26309967041016 86.883140563964844
v -194.95738220214844 103.23169708251953 86.883140563964844
v -205.80413818359375 107.01670837402344 86.883140563964844
v -208.42256164550781 108.10257720947266 86.883140563964844
v -210.96839904785156 109.2977294921875 86.883140563964844
v -213.44384765625 110.60037994384766 86.883140563964844
v -215.85081481933594 112.00973510742188 86.883140563964844
v -218.19076538085938 113.52594757080078 86.883140563964844
v -220.46466064453125 115.15004730224609 86.883140563964844
v -223.75213623046875 117.79273223876953 86.883140563964844
v -226.88932800292969 120.69167327880859 86.883140563964844
v -243.15315246582031 136.95449829101562 86.883140563964844
v -186.57705688476562 100.87455749511719 86.729789733886719
v -194.744873046875 103.84848022460938 86.729789733886719
v -205.58604431152344 107.63185119628906 86.729789733886719
v -208.18507385253906 108.71086883544922 86.729789733886719
v -210.70149230957031 109.89359283447266 86.729789733886719
v -213.14137268066406 111.17862701416016 86.729789733886719
v -215.51033020019531 112.56620025634766 86.729789733886719
v -217.81321716308594 114.05812072753906 86.729789733886719
v -220.0540771484375 115.65760803222656 86.729789733886719
v -223.30528259277344 118.26884460449219 86.729789733886719
v -226.4281005859375 121.15303802490234 86.729789733886719
v -242.69186401367188 137.41578674316406 86.729789733886719
v -186.35014343261719 101.48431396484375 86.508567810058594
v -194.532958984375 104.46355438232422 86.508567810058594
v -205.36857604980469 108.24527740478516 86.508567810058594
v -207.94825744628906 109.31747436523438 86.508567810058594
v -210.43531799316406 110.48780822753906 86.508567810058594
v -212.83975219726562 111.75526428222656 86.508567810058594
v -215.17079162597656 113.12111663818359 86.508567810058594
v -217.43672180175781 114.58881378173828 86.508567810058594
v -219.6446533203125 116.16375732421875 86.508567810058594
v -222.85966491699219 118.74362945556641 86.508567810058594
v -225.96815490722656 121.61312103271484 86.508567810058594
v -242.23185729980469 137.87579345703125 86.508567810058594
v -185.91279602050781 102.65950012207031 85.858970642089844
v -194.12454223632812 105.64897918701172 85.858970642089844
v -204.94941711425781 109.42756652832031 85.858970642089844
v -207.49180603027344 110.48664093017578 85.858970642089844
v -209.92230224609375 111.63307189941406 85.858970642089844
v -212.25839233398438 112.86663055419922 85.858970642089844
v -214.51638793945312 114.19061279296875 85.858970642089844
v -216.71110534667969 115.61162567138672 85.858970642089844
v -218.85552978515625 117.1392822265625 85.858970642089844
v -222.00079345703125 119.65872955322266 85.858970642089844
v -225.08169555664062 122.49983978271484 85.858970642089844
v -241.34527587890625 138.76237487792969 85.858970642089844
v -185.52238464355469 103.70858764648438 84.949745178222656
v -193.75993347167969 106.70720672607422 84.949745178222656
v -204.57522583007812 110.48301696777344 84.949745178222656
v -207.08430480957031 111.53038787841797 84.949745178222656
v -209.46432495117188 112.65548706054688 84.949745178222656
v -211.73942565917969 113.8587646484375 84.949745178222656
v -213.93220520019531 115.14535522460938 84.949745178222656
v -216.06332397460938 116.52469635009766 84.949745178222656
v -218.15104675292969 118.01016235351562 84.949745178222656
v -221.23403930664062 120.47566986083984 84.949745178222656
v -224.29034423828125 123.29141235351562 84.949745178222656
v -240.55381774902344 139.55381774902344 84.949745178222656
v -185.20524597167969 104.560791015625 83.830467224121094
v -193.46376037597656 107.56683349609375 83.830467224121094
v -204.27125549316406 111.34040069580078 83.830467224121094
v -206.75328063964844 112.3782958984375 83.830467224121094
v -209.09228515625 113.48604583740234 83.830467224121094
v -211.31784057617188 114.66471099853516 83.830467224121094
v -213.45765686035156 115.92092132568359 83.830467224121094
v -215.53712463378906 117.26641845703125 83.830467224121094
v -217.57876586914062 118.71762847900391 83.830467224121094
v -220.61117553710938 121.13931274414062 83.830467224121094
v -223.64752197265625 123.93443298339844 83.830467224121094
v -239.91090393066406 140.19674682617188 83.830467224121094
v -184.97866821289062 105.16960906982422 82.57666015625
v -193.25218200683594 108.18095397949219 82.57666015625
v -204.05409240722656 111.95292663574219 82.57666015625
v -206.51678466796875 112.98405456542969 82.57666015625
v -208.82647705078125 114.07941436767578 82.57666015625
v -211.01664733886719 115.24048614501953 82.57666015625
v -213.11863708496094 116.47498321533203 82.57666015625
v -215.16119384765625 117.79631042480469 82.57666015625
v -217.169921875 119.22304534912109 82.57666015625
v -220.16618347167969 121.61344146728516 82.57666015625
v -223.18827819824219 124.39380645751953 82.57666015625
v -239.45159912109375 140.65603637695312 82.57666015625
v -184.84800720214844 105.52072143554688 81.27374267578125
v -193.13014221191406 108.53513336181641 81.27374267578125
v -203.92886352539062 112.30618286132812 81.27374267578125
v -206.38038635253906 113.33341217041016 81.27374267578125
v -208.67318725585938 114.421630859375 81.27374267578125
v -210.84295654296875 115.57254791259766 81.27374267578125
v -212.92312622070312 116.79452514648438 81.27374267578125
v -214.94439697265625 118.10190582275391 81.27374267578125
v -216.93412780761719 119.51454162597656 81.27374267578125
v -219.9095458984375 121.88688659667969 81.27374267578125
v -222.92341613769531 124.65872955322266 81.27374267578125
v -239.18672180175781 140.92092895507812 81.27374267578125
v -184.8072509765625 105.63026428222656 80
v -193.09207153320312 108.6456298828125 80
v -203.88978576660156 112.41639709472656 80
v -206.33782958984375 113.44241333007812 80
v -208.6253662109375 114.52839660644531 80
v -210.78875732421875 115.6761474609375 80
v -212.86212158203125 116.89421844482422 80
v -214.87675476074219 118.19725799560547 80
v -216.86056518554688 119.60548400878906 80
v -219.82948303222656 121.97219848632812 80
v -222.84078979492188 124.74138641357422 80
v -239.10408020019531 141.00357055664062 80
v -177.3665771484375 102.46405792236328 78.72625732421875
v -177.54034423828125 102.13101196289062 77.42333984375
v -177.84164428710938 101.55352783203125 76.169532775878906
v -178.26339721679688 100.74516296386719 75.050254821777344
v -178.78260803222656 99.750007629394531 74.141029357910156
v -179.36424255371094 98.635208129882812 73.491432189941406
v -179.66603088378906 98.056770324707031 73.270210266113281
v -179.96867370605469 97.476707458496094 73.116859436035156
v -180.11892700195312 97.188728332519531 73.064743041992188
v -180.26779174804688 96.903396606445312 73.028312683105469
v -180.41482543945312 96.621597290039062 73.0069580078125
v -180.55960083007812 96.344108581542969 73
v -180.70437622070312 96.066619873046875 73.0069580078125
v -180.85137939453125 95.784843444824219 73.028312683105469
v -181.15054321289062 95.211463928222656 73.116859436035156
v -181.45320129394531 94.63134765625 73.270210266113281
v -181.75503540039062 94.052841186523438 73.491432189941406
v -182.33677673339844 92.937835693359375 74.141029357910156
v -182.85612487792969 91.942436218261719 75.050254821777344
v -183.27801513671875 91.133819580078125 76.169532775878906
v -183.57943725585938 90.556083679199219 77.42333984375
v -183.68208312988281 90.359329223632812 78.073890686035156
v -183.75325012207031 90.222946166992188 78.72625732421875
v -183.79434204101562 90.144187927246094 79.371055603027344
v -183.80424499511719 90.125198364257812 79.687934875488281
v -183.80747985839844 90.119003295898438 80
v -183.80424499511719 90.125198364257812 80.312065124511719
v -183.79434204101562 90.144187927246094 80.628944396972656
v -183.75325012207031 90.222946166992188 81.27374267578125
v -183.68208312988281 90.359329223632812 81.926109313964844
v -183.57943725585938 90.556083679199219 82.57666015625
v -183.27801513671875 91.133819580078125 83.830467224121094
v -182.85612487792969 91.942436218261719 84.949745178222656
v -182.33677673339844 92.937835693359375 85.858970642089844
v -181.75503540039062 94.052841186523438 86.508567810058594
v -181.45320129394531 94.63134765625 86.729789733886719
v -181.15054321289062 95.211463928222656 86.883140563964844
v -180.85137939453125 95.784843444824219 86.971687316894531
v -180.70437622070312 96.066619873046875 86.9930419921875
v -180.55960083007812 96.344108581542969 87
v -180.41482543945312 96.621597290039062 86.9930419921875
v -180.26779174804688 96.903396606445312 86.971687316894531
v -180.11892700195312 97.188728332519531 86.935256958007812
v -179.96867370605469 97.476707458496094 86.883140563964844
v -179.66603088378906 98.056770324707031 86.729789733886719
v -179.36424255371094 98.635208129882812 86.508567810058594
v -178.78260803222656 99.750007629394531 85.858970642089844
v -178.26339721679688 100.74516296386719 84.949745178222656
v -177.84164428710938 101.55352783203125 83.830467224121094
v -177.54034423828125 102.13101196289062 82.57666015625
v -177.3665771484375 102.46405792236328 81.27374267578125
v -177.31236267089844 102.56796264648438 80
v -177.77621459960938 101.67890930175781 80
v -185.15605163574219 104.69297790527344 80
v -193.41781616210938 107.70017242431641 80
v -204.22410583496094 111.47339630126953 80
v -206.70193481445312 112.50981903076172 80
v -209.03457641601562 113.61487579345703 80
v -211.25244140625 114.78971862792969 80
v -213.38404846191406 116.04122161865234 80
v -215.45550537109375 117.3814697265625 80
v -217.49000549316406 118.82736206054688 80
v -220.51455688476562 121.24225616455078 80
v -223.54780578613281 124.03417205810547 80
v -239.81118774414062 140.29646301269531 80
v -185.19099426269531 104.59908294677734 81.091781616210938
v -193.45045471191406 107.60546112060547 81.091781616210938
v -204.25759887695312 111.37892913818359 81.091781616210938
v -206.7384033203125 112.41638946533203 81.091781616210938
v -209.0755615234375 113.52336120605469 81.091781616210938
v -211.29888916015625 114.70092010498047 81.091781616210938
v -213.43634033203125 115.95576477050781 81.091781616210938
v -215.51348876953125 117.29974365234375 81.091781616210938
v -217.55305480957031 118.74941253662109 81.091781616210938
v -220.58319091796875 121.16913604736328 81.091781616210938
v -223.61863708496094 123.96332550048828 81.091781616210938
v -239.88201904296875 140.22563171386719 81.091781616210938
v -185.30299377441406 104.29812622070312 82.208564758300781
v -193.5550537109375 107.3018798828125 82.208564758300781
v -204.36494445800781 111.07614135742188 82.208564758300781
v -206.85531616210938 112.11695098876953 82.208564758300781
v -209.20695495605469 113.23004913330078 82.208564758300781
v -211.44776916503906 114.41629791259766 82.208564758300781
v -213.60392761230469 115.68187713623047 82.208564758300781
v -215.69931030273438 117.03781127929688 82.208564758300781
v -217.75515747070312 118.49957275390625 82.208564758300781
v -220.80316162109375 120.93476104736328 82.208564758300781
v -223.84564208984375 123.73623657226562 82.208564758300781
v -240.10906982421875 139.99858093261719 82.208564758300781
v -185.4971923828125 103.77628326416016 83.283256530761719
v -193.73640441894531 106.77548980712891 83.283256530761719
v -204.55108642578125 110.55112457275391 83.283256530761719
v -207.05801391601562 111.59774780273438 83.283256530761719
v -209.43476867675781 112.72145843505859 83.283256530761719
v -211.7059326171875 113.92278289794922 83.283256530761719
v -213.89451599121094 115.20696258544922 83.283256530761719
v -216.02153015136719 116.5836181640625 83.283256530761719
v -218.1055908203125 118.06636047363281 83.283256530761719
v -221.1845703125 120.52838897705078 83.283256530761719
v -224.23928833007812 123.34249114990234 83.283256530761719
v -240.50274658203125 139.60488891601562 83.283256530761719
v -185.76902770996094 103.04582214355469 84.242637634277344
v -193.99028015136719 106.03866577148438 84.242637634277344
v -204.81161499023438 109.81623077392578 84.242637634277344
v -207.34175109863281 110.87099456787109 84.242637634277344
v -209.753662109375 112.00956726074219 84.242637634277344
v -212.06729125976562 113.23197937011719 84.242637634277344
v -214.30126953125 114.54219818115234 84.242637634277344
v -216.47256469726562 115.94786071777344 84.242637634277344
v -218.59609985351562 117.45998382568359 84.242637634277344
v -221.71844482421875 119.95955657958984 84.242637634277344
v -224.790283203125 122.79133605957031 84.242637634277344
v -241.05381774902344 139.05381774902344 84.242637634277344
v -186.10366821289062 102.1466064453125 85.02197265625
v -194.30279541015625 105.13161468505859 85.02197265625
v -205.13235473632812 108.91156768798828 85.02197265625
v -207.69100952148438 109.97636413574219 85.02197265625
v -210.14620971679688 111.13323211669922 85.02197265625
v -212.51211547851562 112.38158416748047 85.02197265625
v -214.80198669433594 113.72384643554688 85.02197265625
v -217.02778625488281 115.16522979736328 85.02197265625
v -219.19993591308594 116.71352386474609 85.02197265625
v -222.37564086914062 119.25933837890625 85.02197265625
v -225.46856689453125 122.11283874511719 85.02197265625
v -241.73220825195312 138.37544250488281 85.02197265625
v -186.47853088378906 101.13930511474609 85.578773498535156
v -194.65286254882812 104.11553192138672 85.578773498535156
v -205.49162292480469 107.89818572998047 85.578773498535156
v -208.08224487304688 108.9742431640625 85.578773498535156
v -210.58592224121094 110.15158843994141 85.578773498535156
v -213.01042175292969 111.42899322509766 85.578773498535156
v -215.36289978027344 112.80713653564453 85.578773498535156
v -217.64974975585938 114.28853607177734 85.578773498535156
v -219.87631225585938 115.87736511230469 85.578773498535156
v -223.11180114746094 118.47498321533203 85.578773498535156
v -226.2283935546875 121.35279846191406 85.578773498535156
v -242.49212646484375 137.61550903320312 85.578773498535156
v -186.67304992675781 100.61666107177734 85.768394470214844
v -194.83450317382812 103.58833312988281 85.768394470214844
v -205.67803955078125 107.37239074707031 85.768394470214844
v -208.28523254394531 108.45429992675781 85.768394470214844
v -210.81407165527344 109.64227294921875 85.768394470214844
v -213.26895141601562 110.93473052978516 85.768394470214844
v -215.65394592285156 112.33148956298828 85.768394470214844
v -217.97245788574219 113.83365631103516 85.768394470214844
v -220.22726440429688 115.44352722167969 85.768394470214844
v -223.49375915527344 118.06802368164062 85.768394470214844
v -226.62263488769531 120.95844268798828 85.768394470214844
v -242.88642883300781 137.22122192382812 85.768394470214844
v -186.86808776855469 100.09255218505859 85.899833679199219
v -195.01666259765625 103.05966186523438 85.899833679199219
v -205.86495971679688 106.84513092041016 85.899833679199219
v -208.48878479003906 107.93291473388672 85.899833679199219
v -211.0428466796875 109.13153076171875 85.899833679199219
v -213.52821350097656 110.43909454345703 85.899833679199219
v -215.94578552246094 111.85452270507812 85.899833679199219
v -218.29606628417969 113.37751007080078 85.899833679199219
v -220.57917785644531 115.00848388671875 85.899833679199219
v -223.87677001953125 117.65994262695312 85.899833679199219
v -227.01797485351562 120.56298828125 85.899833679199219
v -243.28181457519531 136.82582092285156 85.899833679199219
v -187.06088256835938 99.574531555175781 85.975730895996094
v -195.19668579101562 102.53712463378906 85.975730895996094
v -206.04971313476562 106.32399749755859 85.975730895996094
v -208.68997192382812 107.41757965087891 85.975730895996094
v -211.26896667480469 108.62673187255859 85.975730895996094
v -213.78446960449219 109.94921875 85.975730895996094
v -216.23423767089844 111.38308715820312 85.975730895996094
v -218.61592102050781 112.92665863037109 85.975730895996094
v -220.927001953125 114.5784912109375 85.975730895996094
v -224.25534057617188 117.256591796875 85.975730895996094
v -227.40872192382812 120.172119140625 85.975730895996094
v -243.67262268066406 136.43502807617188 85.975730895996094
v -187.15562438964844 99.3199462890625 85.994033813476562
v -195.28517150878906 102.28032684326172 85.994033813476562
v -206.14051818847656 106.06788635253906 85.994033813476562
v -208.78884887695312 107.16432952880859 85.994033813476562
v -211.38009643554688 108.37865447998047 85.994033813476562
v -213.910400390625 109.70846557617188 85.994033813476562
v -216.37600708007812 111.15139770507812 85.994033813476562
v -218.77311706542969 112.70509338378906 85.994033813476562
v -221.09794616699219 114.36717987060547 85.994033813476562
v -224.44139099121094 117.05837249755859 85.994033813476562
v -227.60076904296875 119.98002624511719 85.994033813476562
v -243.86468505859375 136.24296569824219 85.994033813476562
v -187.24893188476562 99.069244384765625 86
v -195.37229919433594 102.02742767333984 86
v -206.22993469238281 105.815673828125 86
v -208.88621520996094 106.91493225097656 86
v -211.48951721191406 108.13434600830078 86
v -214.034423828125 109.47138214111328 86
v -216.51560974121094 110.92324066162109 86
v -218.92790222167969 112.48689270019531 86
v -221.26628112792969 114.15908050537109 86
v -224.62458801269531 116.86316680908203 86
v -227.78987121582031 119.79086303710938 86
v -244.05381774902344 136.05381774902344 86
v -187.34222412109375 98.818534851074219 85.994033813476562
v -195.45942687988281 101.7745361328125 85.994033813476562
v -206.31935119628906 105.56346130371094 85.994033813476562
v -208.98358154296875 106.66553497314453 85.994033813476562
v -211.59895324707031 107.89004516601562 85.994033813476562
v -214.158447265625 109.23429870605469 85.994033813476562
v -216.65521240234375 110.69507598876953 85.994033813476562
v -219.08270263671875 112.26869964599609 85.994033813476562
v -221.43461608886719 113.95098114013672 85.994033813476562
v -224.80780029296875 116.66796875 85.994033813476562
v -227.97898864746094 119.60169219970703 85.994033813476562
v -244.24296569824219 135.86468505859375 85.994033813476562
v -187.43698120117188 98.563957214355469 85.975730895996094
v -195.54791259765625 101.51773834228516 85.975730895996094
v -206.41014099121094 105.30735778808594 85.975730895996094
v -209.08244323730469 106.41228485107422 85.975730895996094
v -211.71006774902344 107.6419677734375 85.975730895996094
v -214.28437805175781 108.99354553222656 85.975730895996094
v -216.79698181152344 110.46339416503906 85.975730895996094
v -219.23989868164062 112.04712677001953 85.975730895996094
v -221.60554504394531 113.73966979980469 85.975730895996094
v -224.99385070800781 116.46974945068359 85.975730895996094
v -228.1710205078125 119.40960693359375 85.975730895996094
v -244.43502807617188 135.67262268066406 85.975730895996094
v -187.6297607421875 98.045928955078125 85.899833679199219
v -195.72793579101562 100.99520111083984 85.899833679199219
v -206.59489440917969 104.78623199462891 85.899833679199219
v -209.28363037109375 105.89698028564453 85.899833679199219
v -211.93618774414062 107.13719177246094 85.899833679199219
v -214.54061889648438 108.50367736816406 85.899833679199219
v -217.08543395996094 109.99195861816406 85.899833679199219
v -219.55973815917969 111.59628295898438 85.899833679199219
v -221.953369140625 113.30970001220703 85.899833679199219
v -225.37239074707031 116.06642150878906 85.899833679199219
v -228.561767578125 119.01873779296875 85.899833679199219
v -244.82582092285156 135.28181457519531 85.899833679199219
v -187.82481384277344 97.521827697753906 85.768394470214844
v -195.91009521484375 100.46652984619141 85.768394470214844
v -206.78181457519531 104.25899505615234 85.768394470214844
v -209.48715209960938 105.37563323974609 85.768394470214844
v -212.16494750976562 106.62648773193359 85.768394470214844
v -214.79988098144531 108.008056640625 85.768394470214844
v -217.37728881835938 109.51498413085938 85.768394470214844
v -219.88334655761719 111.14014434814453 85.768394470214844
v -222.30526733398438 112.87467956542969 85.768394470214844
v -225.75538635253906 115.65837097167969 85.768394470214844
v -228.95710754394531 118.62328338623047 85.768394470214844
v -245.22122192382812 134.88642883300781 85.768394470214844
v -188.01933288574219 96.999183654785156 85.578773498535156
v -196.09173583984375 99.9393310546875 85.578773498535156
v -206.96821594238281 103.73322296142578 85.578773498535156
v -209.69012451171875 104.85575103759766 85.578773498535156
v -212.39306640625 106.11721801757812 85.578773498535156
v -215.05841064453125 107.51381683349609 85.578773498535156
v -217.66831970214844 109.03934478759766 85.578773498535156
v -220.2060546875 110.68527221679688 85.578773498535156
v -222.65618896484375 112.44087982177734 85.578773498535156
v -226.13729858398438 115.25145721435547 85.578773498535156
v -229.35134887695312 118.22892761230469 85.578773498535156
v -245.61550903320312 134.49212646484375 85.578773498535156
v -188.39421081542969 95.99188232421875 85.02197265625
v -196.44180297851562 98.923248291015625 85.02197265625
v -207.32746887207031 102.71991729736328 85.02197265625
v -210.08128356933594 103.85379028320312 85.02197265625
v -212.83271789550781 105.13571166992188 85.02197265625
v -215.55667114257812 106.56127166748047 85.02197265625
v -218.22923278808594 108.12263488769531 85.02197265625
v -220.82798767089844 109.80860900878906 85.02197265625
v -223.33248901367188 111.60482025146484 85.02197265625
v -226.87336730957031 114.46722412109375 85.02197265625
v -230.11117553710938 117.46888732910156 85.02197265625
v -246.37544250488281 133.73220825195312 85.02197265625
v -188.7288818359375 95.092666625976562 84.242637634277344
v -196.75431823730469 98.016197204589844 84.242637634277344
v -207.64816284179688 101.81534576416016 84.242637634277344
v -210.43046569824219 102.95935821533203 84.242637634277344
v -213.22518920898438 104.25953674316406 84.242637634277344
v -216.00148010253906 105.7109375 84.242637634277344
v -218.72996520996094 107.30428314208984 84.242637634277344
v -221.38319396972656 109.02600860595703 84.242637634277344
v -223.93621826171875 110.85848999023438 84.242637634277344
v -227.53042602539062 113.76715087890625 84.242637634277344
v -230.78945922851562 116.79039764404297 84.242637634277344
v -247.05381774902344 133.05381774902344 84.242637634277344
v -189.00074768066406 94.362205505371094 83.283256530761719
v -197.0081787109375 97.279373168945312 83.283256530761719
v -207.90866088867188 101.08054351806641 83.283256530761719
v -210.714111328125 102.23280334472656 83.283256530761719
v -213.54399108886719 103.54780578613281 83.283256530761719
v -216.36279296875 105.02019500732422 83.283256530761719
v -219.13671875 106.63951873779297 83.283256530761719
v -221.83419799804688 108.39028930664062 83.283256530761719
v -224.42665100097656 110.25222778320312 83.283256530761719
v -228.06416320800781 113.19847869873047 83.283256530761719
v -231.34046936035156 116.23924255371094 83.283256530761719
v -247.60488891601562 132.50274658203125 83.283256530761719
v -189.19497680664062 93.840324401855469 82.208564758300781
v -197.18955993652344 96.752937316894531 82.208564758300781
v -208.09478759765625 100.55555725097656 82.208564758300781
v -210.91676330566406 101.71371459960938 82.208564758300781
v -213.77175903320312 103.03931427001953 82.208564758300781
v -216.62094116210938 104.52668762207031 82.208564758300781
v -219.42732238769531 106.16456604003906 82.208564758300781
v -222.15643310546875 107.93609619140625 82.208564758300781
v -224.77702331542969 109.819091796875 82.208564758300781
v -228.44549560546875 112.79219818115234 82.208564758300781
v -231.734130859375 115.845458984375 82.208564758300781
v -247.99861145019531 132.10903930664062 82.208564758300781
v -189.26112365722656 93.66259765625 81.650947570800781
v -197.25132751464844 96.573661804199219 81.650947570800781
v -208.15817260742188 100.37677764892578 81.650947570800781
v -210.98577880859375 101.53694152832031 81.650947570800781
v -213.84931945800781 102.86614990234375 81.650947570800781
v -216.7088623046875 104.35862731933594 81.650947570800781
v -219.52629089355469 106.00282287597656 81.650947570800781
v -222.26615905761719 107.78141784667969 81.650947570800781
v -224.89634704589844 109.67158508300781 81.650947570800781
v -228.57536315917969 112.65383148193359 81.650947570800781
v -231.86819458007812 115.71135711669922 81.650947570800781
v -248.1326904296875 131.97496032714844 81.650947570800781
v -189.30697631835938 93.539398193359375 81.091781616210938
v -197.29414367675781 96.449394226074219 81.091781616210938
v -208.20210266113281 100.25284576416016 81.091781616210938
v -211.03361511230469 101.41440582275391 81.091781616210938
v -213.90309143066406 102.74611663818359 81.091781616210938
v -216.76979064941406 104.24212646484375 81.091781616210938
v -219.59489440917969 105.89070892333984 81.091781616210938
v -222.34222412109375 107.67420196533203 81.091781616210938
v -224.97906494140625 109.5693359375 81.091781616210938
v -228.66537475585938 112.55792999267578 81.091781616210938
v -231.96112060546875 115.61840057373047 81.091781616210938
v -248.22563171386719 131.88201904296875 81.091781616210938
v -189.33345031738281 93.46826171875 80.539093017578125
v -197.31886291503906 96.377632141113281 80.539093017578125
v -208.22747802734375 100.18128967285156 80.539093017578125
v -211.06123352050781 101.34365081787109 80.539093017578125
v -213.93414306640625 102.67680358886719 80.539093017578125
v -216.80497741699219 104.17485809326172 80.539093017578125
v -219.63450622558594 105.82596588134766 80.539093017578125
v -222.38615417480469 107.61228942871094 80.539093017578125
v -225.02682495117188 109.51029205322266 80.539093017578125
v -228.71736145019531 112.50254821777344 80.539093017578125
v -232.01478576660156 115.56472778320312 80.539093017578125
v -248.279296875 131.82833862304688 80.539093017578125
v -189.33982849121094 93.451103210449219 80.267478942871094
v -197.3248291015625 96.360328674316406 80.267478942871094
v -208.23359680175781 100.16403198242188 80.267478942871094
v -211.06788635253906 101.32658386230469 80.267478942871094
v -213.94161987304688 102.66008758544922 80.267478942871094
v -216.8134765625 104.15863800048828 80.267478942871094
v -219.64405822753906 105.81034851074219 80.267478942871094
v -222.39674377441406 107.59735870361328 80.267478942871094
v -225.03834533691406 109.49605560302734 80.267478942871094
v -228.72988891601562 112.48918914794922 80.267478942871094
v -232.02772521972656 115.55178070068359 80.267478942871094
v -248.29225158691406 131.81539916992188 80.267478942871094
v -189.3419189453125 93.445510864257812 80
v -197.32676696777344 96.354690551757812 80
v -208.23558044433594 100.15840911865234 80
v -211.070068359375 101.32102966308594 80
v -213.94406127929688 102.65464019775391 80
v -216.81623840332031 104.15335083007812 80
v -219.64717102050781 105.80525970458984 80
v -222.40019226074219 107.59249114990234 80
v -225.04209899902344 109.49141693115234 80
v -228.73397827148438 112.48484039306641 80
v -232.03193664550781 115.54756164550781 80
v -248.29646301269531 131.81118774414062 80
v -189.33982849121094 93.451103210449219 79.732521057128906
v -197.3248291015625 96.360328674316406 79.732521057128906
v -208.23359680175781 100.16403198242188 79.732521057128906
v -211.06788635253906 101.32658386230469 79.732521057128906
v -213.94161987304688 102.66008758544922 79.732521057128906
v -216.8134765625 104.15863800048828 79.732521057128906
v -219.64405822753906 105.81034851074219 79.732521057128906
v -222.39674377441406 107.59735870361328 79.732521057128906
v -225.03834533691406 109.49605560302734 79.732521057128906
v -228.72988891601562 112.48918914794922 79.732521057128906
v -232.02772521972656 115.55178070068359 79.732521057128906
v -248.29225158691406 131.81539916992188 79.732521057128906
v -189.33345031738281 93.46826171875 79.460906982421875
v -197.31886291503906 96.377632141113281 79.460906982421875
v -208.22747802734375 100.18128967285156 79.460906982421875
v -211.06123352050781 101.34365081787109 79.460906982421875
v -213.93414306640625 102.67680358886719 79.460906982421875
v -216.80497741699219 104.17485809326172 79.460906982421875
v -219.63450622558594 105.82596588134766 79.460906982421875
v -222.38615417480469 107.61228942871094 79.460906982421875
v -225.02682495117188 109.51029205322266 79.460906982421875
v -228.71736145019531 112.50254821777344 79.460906982421875
v -232.01478576660156 115.56472778320312 79.460906982421875
v -248.279296875 131.82833862304688 79.460906982421875
v -189.30697631835938 93.539398193359375 78.908218383789062
v -197.29414367675781 96.449394226074219 78.908218383789062
v -208.20210266113281 100.25284576416016 78.908218383789062
v -211.03361511230469 101.41440582275391 78.908218383789062
v -213.90309143066406 102.74611663818359 78.908218383789062
v -216.76979064941406 104.24212646484375 78.908218383789062
v -219.59489440917969 105.89070892333984 78.908218383789062
v -222.34222412109375 107.67420196533203 78.908218383789062
v -224.97906494140625 109.5693359375 78.908218383789062
v -228.66537475585938 112.55792999267578 78.908218383789062
v -231.96112060546875 115.61840057373047 78.908218383789062
v -248.22563171386719 131.88201904296875 78.908218383789062
v -189.26112365722656 93.66259765625 78.349052429199219
v -197.25132751464844 96.573661804199219 78.349052429199219
v -208.15817260742188 100.37677764892578 78.349052429199219
v -210.98577880859375 101.53694152832031 78.349052429199219
v -213.84931945800781 102.86614990234375 78.349052429199219
v -216.7088623046875 104.35862731933594 78.349052429199219
v -219.52629089355469 106.00282287597656 78.349052429199219
v -222.26615905761719 107.78141784667969 78.349052429199219
v -224.89634704589844 109.67158508300781 78.349052429199219
v -228.57536315917969 112.65383148193359 78.349052429199219
v -231.86819458007812 115.71135711669922 78.349052429199219
v -248.1326904296875 131.97496032714844 78.349052429199219
v -189.19497680664062 93.840324401855469 77.791435241699219
v -197.18955993652344 96.752937316894531 77.791435241699219
v -208.09478759765625 100.55555725097656 77.791435241699219
v -210.91676330566406 101.71371459960938 77.791435241699219
v -213.77175903320312 103.03931427001953 77.791435241699219
v -216.62094116210938 104.52668762207031 77.791435241699219
v -219.42732238769531 106.16456604003906 77.791435241699219
v -222.15643310546875 107.93609619140625 77.791435241699219
v -224.77702331542969 109.819091796875 77.791435241699219
v -228.44549560546875 112.79219818115234 77.791435241699219
v -231.734130859375 115.845458984375 77.791435241699219
v -247.99861145019531 132.10903930664062 77.791435241699219
v -189.00074768066406 94.362205505371094 76.716743469238281
v -197.0081787109375 97.279373168945312 76.716743469238281
v -207.90866088867188 101.08054351806641 76.716743469238281
v -210.714111328125 102.23280334472656 76.716743469238281
v -213.54399108886719 103.54780578613281 76.716743469238281
v -216.36279296875 105.02019500732422 76.716743469238281
v -219.13671875 106.63951873779297 76.716743469238281
v -221.83419799804688 108.39028930664062 76.716743469238281
v -224.42665100097656 110.25222778320312 76.716743469238281
v -228.06416320800781 113.19847869873047 76.716743469238281
v -231.34046936035156 116.23924255371094 76.716743469238281
v -247.60488891601562 132.50274658203125 76.716743469238281
v -188.7288818359375 95.092666625976562 75.757362365722656
v -196.75431823730469 98.016197204589844 75.757362365722656
v -207.64816284179688 101.81534576416016 75.757362365722656
v -210.43046569824219 102.95935821533203 75.757362365722656
v -213.22518920898438 104.25953674316406 75.757362365722656
v -216.00148010253906 105.7109375 75.757362365722656
v -218.72996520996094 107.30428314208984 75.757362365722656
v -221.38319396972656 109.02600860595703 75.757362365722656
v -223.93621826171875 110.85848999023438 75.757362365722656
v -227.53042602539062 113.76715087890625 75.757362365722656
v -230.78945922851562 116.79039764404297 75.757362365722656
v -247.05381774902344 133.05381774902344 75.757362365722656
v -188.39421081542969 95.99188232421875 74.97802734375
v -196.44180297851562 98.923248291015625 74.97802734375
v -207.32746887207031 102.71991729736328 74.97802734375
v -210.08128356933594 103.85379028320312 74.97802734375
v -212.83271789550781 105.13571166992188 74.97802734375
v -215.55667114257812 106.56127166748047 74.97802734375
v -218.22923278808594 108.12263488769531 74.97802734375
v -220.82798767089844 109.80860900878906 74.97802734375
v -223.33248901367188 111.60482025146484 74.97802734375
v -226.87336730957031 114.46722412109375 74.97802734375
v -230.11117553710938 117.46888732910156 74.97802734375
v -246.37544250488281 133.73220825195312 74.97802734375
v -188.01933288574219 96.999183654785156 74.421226501464844
v -196.09173583984375 99.9393310546875 74.421226501464844
v -206.96821594238281 103.73322296142578 74.421226501464844
v -209.69012451171875 104.85575103759766 74.421226501464844
v -212.39306640625 106.11721801757812 74.421226501464844
v -215.05841064453125 107.51381683349609 74.421226501464844
v -217.66831970214844 109.03934478759766 74.421226501464844
v -220.2060546875 110.68527221679688 74.421226501464844
v -222.65618896484375 112.44087982177734 74.421226501464844
v -226.13729858398438 115.25145721435547 74.421226501464844
v -229.35134887695312 118.22892761230469 74.421226501464844
v -245.61550903320312 134.49212646484375 74.421226501464844
v -187.82481384277344 97.521827697753906 74.231605529785156
v -195.91009521484375 100.46652984619141 74.231605529785156
v -206.78181457519531 104.25899505615234 74.231605529785156
v -209.48715209960938 105.37563323974609 74.231605529785156
v -212.16494750976562 106.62648773193359 74.231605529785156
v -214.79988098144531 108.008056640625 74.231605529785156
v -217.37728881835938 109.51498413085938 74.231605529785156
v -219.88334655761719 111.14014434814453 74.231605529785156
v -222.30526733398438 112.87467956542969 74.231605529785156
v -225.75538635253906 115.65837097167969 74.231605529785156
v -228.95710754394531 118.62328338623047 74.231605529785156
v -245.22122192382812 134.88642883300781 74.231605529785156
v -187.6297607421875 98.045928955078125 74.100166320800781
v -195.72793579101562 100.99520111083984 74.100166320800781
v -206.59489440917969 104.78623199462891 74.100166320800781
v -209.28363037109375 105.89698028564453 74.100166320800781
v -211.93618774414062 107.13719177246094 74.100166320800781
v -214.54061889648438 108.50367736816406 74.100166320800781
v -217.08543395996094 109.99195861816406 74.100166320800781
v -219.55973815917969 111.59628295898438 74.100166320800781
v -221.953369140625 113.30970001220703 74.100166320800781
v -225.37239074707031 116.06642150878906 74.100166320800781
v -228.561767578125 119.01873779296875 74.100166320800781
v -244.82582092285156 135.28181457519531 74.100166320800781
v -187.43698120117188 98.563957214355469 74.024269104003906
v -195.54791259765625 101.51773834228516 74.024269104003906
v -206.41014099121094 105.30735778808594 74.024269104003906
v -209.08244323730469 106.41228485107422 74.024269104003906
v -211.71006774902344 107.6419677734375 74.024269104003906
v -214.28437805175781 108.99354553222656 74.024269104003906
v -216.79698181152344 110.46339416503906 74.024269104003906
v -219.23989868164062 112.04712677001953 74.024269104003906
v -221.60554504394531 113.73966979980469 74.024269104003906
v -224.99385070800781 116.46974945068359 74.024269104003906
v -228.1710205078125 119.40960693359375 74.024269104003906
v -244.43502807617188 135.67262268066406 74.024269104003906
v -187.34222412109375 98.818534851074219 74.005966186523438
v -195.45942687988281 101.7745361328125 74.005966186523438
v -206.31935119628906 105.56346130371094 74.005966186523438
v -208.98358154296875 106.66553497314453 74.005966186523438
v -211.59895324707031 107.89004516601562 74.005966186523438
v -214.158447265625 109.23429870605469 74.005966186523438
v -216.65521240234375 110.69507598876953 74.005966186523438
v -219.08270263671875 112.26869964599609 74.005966186523438
v -221.43461608886719 113.95098114013672 74.005966186523438
v -224.80780029296875 116.66796875 74.005966186523438
v -227.97898864746094 119.60169219970703 74.005966186523438
v -244.24296569824219 135.86468505859375 74.005966186523438
v -187.24893188476562 99.069244384765625 74
v -195.37229919433594 102.02742767333984 74
v -206.22993469238281 105.815673828125 74
v -208.88621520996094 106.91493225097656 74
v -211.48951721191406 108.13434600830078 74
v -214.034423828125 109.47138214111328 74
v -216.51560974121094 110.92324066162109 74
v -218.92790222167969 112.48689270019531 74
v -221.26628112792969 114.15908050537109 74
v -224.62458801269531 116.86316680908203 74
v -227.78987121582031 119.79086303710938 74
v -244.05381774902344 136.05381774902344 74
v -187.15562438964844 99.3199462890625 74.005966186523438
v -195.28517150878906 102.28032684326172 74.005966186523438
v -206.14051818847656 106.06788635253906 74.005966186523438
v -208.78884887695312 107.16432952880859 74.005966186523438
v -211.38009643554688 108.37865447998047 74.005966186523438
v -213.910400390625 109.70846557617188 74.005966186523438
v -216.37600708007812 111.15139770507812 74.005966186523438
v -218.77311706542969 112.70509338378906 74.005966186523438
v -221.09794616699219 114.36717987060547 74.005966186523438
v -224.44139099121094 117.05837249755859 74.005966186523438
v -227.60076904296875 119.98002624511719 74.005966186523438
v -243.86468505859375 136.24296569824219 74.005966186523438
v -187.06088256835938 99.574531555175781 74.024269104003906
v -195.19668579101562 102.53712463378906 74.024269104003906
v -206.04971313476562 106.32399749755859 74.024269104003906
v -208.68997192382812 107.41757965087891 74.024269104003906
v -211.26896667480469 108.62673187255859 74.024269104003906
v -213.78446960449219 109.94921875 74.024269104003906
v -216.23423767089844 111.38308715820312 74.024269104003906
v -218.61592102050781 112.92665863037109 74.024269104003906
v -220.927001953125 114.5784912109375 74.024269104003906
v -224.25534057617188 117.256591796875 74.024269104003906
v -227.40872192382812 120.172119140625 74.024269104003906
v -243.67262268066406 136.43502807617188 74.024269104003906
v -186.86808776855469 100.09255218505859 74.100166320800781
v -195.01666259765625 103.05966186523438 74.100166320800781
v -205.86495971679688 106.84513092041016 74.100166320800781
v -208.48878479003906 107.93291473388672 74.100166320800781
v -211.0428466796875 109.13153076171875 74.100166320800781
v -213.52821350097656 110.43909454345703 74.100166320800781
v -215.94578552246094 111.85452270507812 74.100166320800781
v -218.29606628417969 113.37751007080078 74.100166320800781
v -220.57917785644531 115.00848388671875 74.100166320800781
v -223.87677001953125 117.65994262695312 74.100166320800781
v -227.01797485351562 120.56298828125 74.100166320800781
v -243.28181457519531 136.82582092285156 74.100166320800781
v -186.67304992675781 100.61666107177734 74.231605529785156
v -194.83450317382812 103.58833312988281 74.231605529785156
v -205.67803955078125 107.37239074707031 74.231605529785156
v -208.28523254394531 108.45429992675781 74.231605529785156
v -210.81407165527344 109.64227294921875 74.231605529785156
v -213.26895141601562 110.93473052978516 74.231605529785156
v -215.65394592285156 112.33148956298828 74.231605529785156
v -217.97245788574219 113.83365631103516 74.231605529785156
v -220.22726440429688 115.44352722167969 74.231605529785156
v -223.49375915527344 118.06802368164062 74.231605529785156
v -226.62263488769531 120.95844268798828 74.231605529785156
v -242.88642883300781 137.22122192382812 74.231605529785156
v -186.47853088378906 101.13930511474609 74.421226501464844
v -194.65286254882812 104.11553192138672 74.421226501464844
v -205.49162292480469 107.89818572998047 74.421226501464844
v -208.08224487304688 108.9742431640625 74.421226501464844
v -210.58592224121094 110.15158843994141 74.421226501464844
v -213.01042175292969 111.42899322509766 74.421226501464844
v -215.36289978027344 112.80713653564453 74.421226501464844
v -217.64974975585938 114.28853607177734 74.421226501464844
v -219.87631225585938 115.87736511230469 74.421226501464844
v -223.11180114746094 118.47498321533203 74.421226501464844
v -226.2283935546875 121.35279846191406 74.421226501464844
v -242.49212646484375 137.61550903320312 74.421226501464844
v -186.10366821289062 102.1466064453125 74.97802734375
v -194.30279541015625 105.13161468505859 74.97802734375
v -205.13235473632812 108.91156768798828 74.97802734375
v -207.69100952148438 109.97636413574219 74.97802734375
v -210.14620971679688 111.13323211669922 74.97802734375
v -212.51211547851562 112.38158416748047 74.97802734375
v -214.80198669433594 113.72384643554688 74.97802734375
v -217.02778625488281 115.16522979736328 74.97802734375
v -219.19993591308594 116.71352386474609 74.97802734375
v -222.37564086914062 119.25933837890625 74.97802734375
v -225.46856689453125 122.11283874511719 74.97802734375
v -241.73220825195312 138.37544250488281 74.97802734375
v -185.76902770996094 103.04582214355469 75.757362365722656
v -193.99028015136719 106.03866577148438 75.757362365722656
v -204.81161499023438 109.81623077392578 75.757362365722656
v -207.34175109863281 110.87099456787109 75.757362365722656
v -209.753662109375 112.00956726074219 75.757362365722656
v -212.06729125976562 113.23197937011719 75.757362365722656
v -214.30126953125 114.54219818115234 75.757362365722656
v -216.47256469726562 115.94786071777344 75.757362365722656
v -218.59609985351562 117.45998382568359 75.757362365722656
v -221.71844482421875 119.95955657958984 75.757362365722656
v -224.790283203125 122.79133605957031 75.757362365722656
v -241.05381774902344 139.05381774902344 75.757362365722656
v -185.4971923828125 103.77628326416016 76.716743469238281
v -193.73640441894531 106.77548980712891 76.716743469238281
v -204.55108642578125 110.55112457275391 76.716743469238281
v -207.05801391601562 111.59774780273438 76.716743469238281
v -209.43476867675781 112.72145843505859 76.716743469238281
v -211.7059326171875 113.92278289794922 76.716743469238281
v -213.89451599121094 115.20696258544922 76.716743469238281
v -216.02153015136719 116.5836181640625 76.716743469238281
v -218.1055908203125 118.06636047363281 76.716743469238281
v -221.1845703125 120.52838897705078 76.716743469238281
v -224.23928833007812 123.34249114990234 76.716743469238281
v -240.50274658203125 139.60488891601562 76.716743469238281
v -185.30299377441406 104.29812622070312 77.791435241699219
v -193.5550537109375 107.3018798828125 77.791435241699219
v -204.36494445800781 111.07614135742188 77.791435241699219
v -206.85531616210938 112.11695098876953 77.791435241699219
v -209.20695495605469 113.23004913330078 77.791435241699219
v -211.44776916503906 114.41629791259766 77.791435241699219
v -213.60392761230469 115.68187713623047 77.791435241699219
v -215.69931030273438 117.03781127929688 77.791435241699219
v -217.75515747070312 118.49957275390625 77.791435241699219
v -220.80316162109375 120.93476104736328 77.791435241699219
v -223.84564208984375 123.73623657226562 77.791435241699219
v -240.10906982421875 139.99858093261719 77.791435241699219
v -185.19099426269531 104.59908294677734 78.908218383789062
v -193.45045471191406 107.60546112060547 78.908218383789062
v -204.25759887695312 111.37892913818359 78.908218383789062
v -206.7384033203125 112.41638946533203 78.908218383789062
v -209.0755615234375 113.52336120605469 78.908218383789062
v -211.29888916015625 114.70092010498047 78.908218383789062
v -213.43634033203125 115.95576477050781 78.908218383789062
v -215.51348876953125 117.29974365234375 78.908218383789062
v -217.55305480957031 118.74941253662109 78.908218383789062
v -220.58319091796875 121.16913604736328 78.908218383789062
v -223.61863708496094 123.96332550048828 78.908218383789062
v -239.88201904296875 140.22563171386719 78.908218383789062
v -185.15605163574219 104.69297790527344 80
v -193.41781616210938 107.70017242431641 80
v -204.22410583496094 111.47339630126953 80
v -206.70193481445312 112.50981903076172 80
v -209.03457641601562 113.61487579345703 80
v -211.25244140625 114.78971862792969 80
v -213.38404846191406 116.04122161865234 80
v -215.45550537109375 117.3814697265625 80
v -217.49000549316406 118.82736206054688 80
v -220.51455688476562 121.24225616455078 80
v -223.54780578613281 124.03417205810547 80
v -239.81118774414062 140.29646301269531 80
v -177.82269287109375 101.58984375 81.091781616210938
v -177.97163391113281 101.30437469482422 82.208564758300781
v -178.22988891601562 100.80937194824219 83.283256530761719
v -178.59140014648438 100.11647796630859 84.242637634277344
v -179.03645324707031 99.263473510742188 85.02197265625
v -179.53500366210938 98.30792236328125 85.578773498535156
v -179.79368591308594 97.812110900878906 85.768394470214844
v -180.05308532714844 97.314910888671875 85.899833679199219
v -180.30949401855469 96.823471069335938 85.975730895996094
v -180.43550109863281 96.581954956054688 85.994033813476562
v -180.55960083007812 96.344108581542969 86
v -180.68368530273438 96.10626220703125 85.994033813476562
v -180.80970764160156 95.864738464355469 85.975730895996094
v -181.06611633300781 95.373275756835938 85.899833679199219
v -181.32554626464844 94.87603759765625 85.768394470214844
v -181.58425903320312 94.380172729492188 85.578773498535156
v -182.0828857421875 93.424468994140625 85.02197265625
v -182.52803039550781 92.571281433105469 84.242637634277344
v -182.88963317871094 91.878204345703125 83.283256530761719
v -183.14799499511719 91.383010864257812 82.208564758300781
v -183.23597717285156 91.214370727539062 81.650947570800781
v -183.29696655273438 91.09747314453125 81.091781616210938
v -183.33218383789062 91.029975891113281 80.539093017578125
v -183.34068298339844 91.013694763183594 80.267478942871094
v -183.34344482421875 91.008392333984375 80
v -183.34068298339844 91.013694763183594 79.732521057128906
v -183.33218383789062 91.029975891113281 79.460906982421875
v -183.29696655273438 91.09747314453125 78.908218383789062
v -183.23597717285156 91.214370727539062 78.349052429199219
v -183.14799499511719 91.383010864257812 77.791435241699219
v -182.88963317871094 91.878204345703125 76.716743469238281
v -182.52803039550781 92.571281433105469 75.757362365722656
v -182.0828857421875 93.424468994140625 74.97802734375
v -181.58425903320312 94.380172729492188 74.421226501464844
v -181.32554626464844 94.87603759765625 74.231605529785156
v -181.06611633300781 95.373275756835938 74.100166320800781
v -180.80970764160156 95.864738464355469 74.024269104003906
v -180.68368530273438 96.10626220703125 74.005966186523438
v -180.55960083007812 96.344108581542969 74
v -180.43550109863281 96.581954956054688 74.005966186523438
v -180.30949401855469 96.823471069335938 74.024269104003906
v -180.05308532714844 97.314910888671875 74.100166320800781
v -179.79368591308594 97.812110900878906 74.231605529785156
v -179.53500366210938 98.30792236328125 74.421226501464844
v -179.03645324707031 99.263473510742188 74.97802734375
v -178.59140014648438 100.11647796630859 75.757362365722656
v -178.22988891601562 100.80937194824219 76.716743469238281
v -177.97163391113281 101.30437469482422 77.791435241699219
v -177.82269287109375 101.58984375 78.908218383789062
v -177.77621459960938 101.67890930175781 80
v -239.10408020019531 141.00357055664062 80
v -239.18672180175781 140.92092895507812 78.72625732421875
v -239.45159912109375 140.65603637695312 77.42333984375
v -239.91090393066406 140.19674682617188 76.169532775878906
v -240.55381774902344 139.55381774902344 75.050254821777344
v -241.34527587890625 138.76237487792969 74.141029357910156
v -242.23185729980469 137.87579345703125 73.491432189941406
v -242.69186401367188 137.41578674316406 73.270210266113281
v -243.15315246582031 136.95449829101562 73.116859436035156
v -243.38217163085938 136.72547912597656 73.064743041992188
v -243.60906982421875 136.49858093261719 73.028312683105469
v -243.83316040039062 136.27449035644531 73.0069580078125
v -244.05381774902344 136.05381774902344 73
v -244.27449035644531 135.83316040039062 73.0069580078125
v -244.49855041503906 135.60910034179688 73.028312683105469
v -244.95449829101562 135.15315246582031 73.116859436035156
v -245.41578674316406 134.69186401367188 73.270210266113281
v -245.87579345703125 134.23185729980469 73.491432189941406
v -246.76237487792969 133.34527587890625 74.141029357910156
v -247.55381774902344 132.55381774902344 75.050254821777344
v -248.19674682617188 131.91090393066406 76.169532775878906
v -248.65608215332031 131.45156860351562 77.42333984375
v -248.8125 131.29513549804688 78.073890686035156
v -248.92094421386719 131.18670654296875 78.72625732421875
v -248.98355102539062 131.12409973144531 79.371055603027344
v -248.9986572265625 131.10899353027344 79.687934875488281
v -249.00357055664062 131.10408020019531 80
v -248.9986572265625 131.10899353027344 80.312065124511719
v -248.98355102539062 131.12409973144531 80.628944396972656
v -248.92094421386719 131.18670654296875 81.27374267578125
v -248.8125 131.29513549804688 81.926109313964844
v -248.65608215332031 131.45156860351562 82.57666015625
v -248.19674682617188 131.91090393066406 83.830467224121094
v -247.55381774902344 132.55381774902344 84.949745178222656
v -246.76237487792969 133.34527587890625 85.858970642089844
v -245.87579345703125 134.23185729980469 86.508567810058594
v -245.41578674316406 134.69186401367188 86.729789733886719
v -244.95449829101562 135.15315246582031 86.883140563964844
v -244.49855041503906 135.60910034179688 86.971687316894531
v -244.27449035644531 135.83316040039062 86.9930419921875
v -244.05381774902344 136.05381774902344 87
v -243.83316040039062 136.27449035644531 86.9930419921875
v -243.60906982421875 136.49858093261719 86.971687316894531
v -243.38217163085938 136.72547912597656 86.935256958007812
v -243.15315246582031 136.95449829101562 86.883140563964844
v -242.69186401367188 137.41578674316406 86.729789733886719
v -242.23185729980469 137.87579345703125 86.508567810058594
v -241.34527587890625 138.76237487792969 85.858970642089844
v -240.55381774902344 139.55381774902344 84.949745178222656
v -239.91090393066406 140.19674682617188 83.830467224121094
v -239.45159912109375 140.65603637695312 82.57666015625
v -239.18672180175781 140.92092895507812 81.27374267578125
v -239.81118774414062 140.29646301269531 80
v -239.88201904296875 140.22563171386719 81.091781616210938
v -240.10906982421875 139.99858093261719 82.208564758300781
v -240.50274658203125 139.60488891601562 83.283256530761719
v -241.05381774902344 139.05381774902344 84.242637634277344
v -241.73220825195312 138.37544250488281 85.02197265625
v -242.49212646484375 137.61550903320312 85.578773498535156
v -242.88642883300781 137.22122192382812 85.768394470214844
v -243.28181457519531 136.82582092285156 85.899833679199219
v -243.67262268066406 136.43502807617188 85.975730895996094
v -243.86468505859375 136.24296569824219 85.994033813476562
v -244.05381774902344 136.05381774902344 86
v -244.24296569824219 135.86468505859375 85.994033813476562
v -244.43502807617188 135.67262268066406 85.975730895996094
v -244.82582092285156 135.28181457519531 85.899833679199219
v -245.22122192382812 134.88642883300781 85.768394470214844
v -245.61550903320312 134.49212646484375 85.578773498535156
v -246.37544250488281 133.73220825195312 85.02197265625
v -247.05381774902344 133.05381774902344 84.242637634277344
v -247.60488891601562 132.50274658203125 83.283256530761719
v -247.99861145019531 132.10903930664062 82.208564758300781
v -248.1326904296875 131.97496032714844 81.650947570800781
v -248.22563171386719 131.88201904296875 81.091781616210938
v -248.279296875 131.82833862304688 80.539093017578125
v -248.29225158691406 131.81539916992188 80.267478942871094
v -248.29646301269531 131.81118774414062 80
v -248.29225158691406 131.81539916992188 79.732521057128906
v -248.279296875 131.82833862304688 79.460906982421875
v -248.22563171386719 131.88201904296875 78.908218383789062
v -248.1326904296875 131.97496032714844 78.349052429199219
v -247.99861145019531 132.10903930664062 77.791435241699219
v -247.60488891601562 132.50274658203125 76.716743469238281
v -247.05381774902344 133.05381774902344 75.757362365722656
v -246.37544250488281 133.73220825195312 74.97802734375
v -245.61550903320312 134.49212646484375 74.421226501464844
v -245.22122192382812 134.88642883300781 74.231605529785156
v -244.82582092285156 135.28181457519531 74.100166320800781
v -244.43502807617188 135.67262268066406 74.024269104003906
v -244.24296569824219 135.86468505859375 74.005966186523438
v -244.05381774902344 136.05381774902344 74
v -243.86468505859375 136.24296569824219 74.005966186523438
v -243.67262268066406 136.43502807617188 74.024269104003906
v -243.28181457519531 136.82582092285156 74.100166320800781
v -242.88642883300781 137.22122192382812 74.231605529785156
v -242.49212646484375 137.61550903320312 74.421226501464844
v -241.73220825195312 138.37544250488281 74.97802734375
v -241.05381774902344 139.05381774902344 75.757362365722656
v -240.50274658203125 139.60488891601562 76.716743469238281
v -240.10906982421875 139.99858093261719 77.791435241699219
v -239.88201904296875 140.22563171386719 78.908218383789062
v -177.31236267089844 102.56796264648438 80
v -177.3665771484375 102.46405792236328 78.72625732421875
v -177.54034423828125 102.13101196289062 77.42333984375
v -177.84164428710938 101.55352783203125 76.169532775878906
v -178.26339721679688 100.74516296386719 75.050254821777344
v -178.78260803222656 99.750007629394531 74.141029357910156
v -179.36424255371094 98.635208129882812 73.491432189941406
v -179.66603088378906 98.056770324707031 73.270210266113281
v -179.96867370605469 97.476707458496094 73.116859436035156
v -180.11892700195312 97.188728332519531 73.064743041992188
v -180.26779174804688 96.903396606445312 73.028312683105469
v -180.41482543945312 96.621597290039062 73.0069580078125
v -180.55960083007812 96.344108581542969 73
v -180.70437622070312 96.066619873046875 73.0069580078125
v -180.85137939453125 95.784843444824219 73.028312683105469
v -181.15054321289062 95.211463928222656 73.116859436035156
v -181.45320129394531 94.63134765625 73.270210266113281
v -181.75503540039062 94.052841186523438 73.491432189941406
v -182.33677673339844 92.937835693359375 74.141029357910156
v -182.85612487792969 91.942436218261719 75.050254821777344
v -183.27801513671875 91.133819580078125 76.169532775878906
v -183.57943725585938 90.556083679199219 77.42333984375
v -183.68208312988281 90.359329223632812 78.073890686035156
v -183.75325012207031 90.222946166992188 78.72625732421875
v -183.79434204101562 90.144187927246094 79.371055603027344
v -183.80424499511719 90.125198364257812 79.687934875488281
v -183.80747985839844 90.119003295898438 80
v -183.80424499511719 90.125198364257812 80.312065124511719
v -183.79434204101562 90.144187927246094 80.628944396972656
v -183.75325012207031 90.222946166992188 81.27374267578125
v -183.68208312988281 90.359329223632812 81.926109313964844
v -183.57943725585938 90.556083679199219 82.57666015625
v -183.27801513671875 91.133819580078125 83.830467224121094
v -182.85612487792969 91.942436218261719 84.949745178222656
v -182.33677673339844 92.937835693359375 85.858970642089844
v -181.75503540039062 94.052841186523438 86.508567810058594
v -181.45320129394531 94.63134765625 86.729789733886719
v -181.15054321289062 95.211463928222656 86.883140563964844
v -180.85137939453125 95.784843444824219 86.971687316894531
v -180.70437622070312 96.066619873046875 86.9930419921875
v -180.55960083007812 96.344108581542969 87
v -180.41482543945312 96.621597290039062 86.9930419921875
v -180.26779174804688 96.903396606445312 86.971687316894531
v -180.11892700195312 97.188728332519531 86.935256958007812
v -179.96867370605469 97.476707458496094 86.883140563964844
v -179.66603088378906 98.056770324707031 86.729789733886719
v -179.36424255371094 98.635208129882812 86.508567810058594
v -178.78260803222656 99.750007629394531 85.858970642089844
v -178.26339721679688 100.74516296386719 84.949745178222656
v -177.84164428710938 101.55352783203125 83.830467224121094
v -177.54034423828125 102.13101196289062 82.57666015625
v -177.3665771484375 102.46405792236328 81.27374267578125
v -177.77621459960938 101.67890930175781 80
v -177.82269287109375 101.58984375 81.091781616210938
v -177.97163391113281 101.30437469482422 82.208564758300781
v -178.22988891601562 100.80937194824219 83.283256530761719
v -178.59140014648438 100.11647796630859 84.242637634277344
v -179.03645324707031 99.263473510742188 85.02197265625
v -179.53500366210938 98.30792236328125 85.578773498535156
v -179.79368591308594 97.812110900878906 85.768394470214844
v -180.05308532714844 97.314910888671875 85.899833679199219
v -180.30949401855469 96.823471069335938 85.975730895996094
v -180.43550109863281 96.581954956054688 85.994033813476562
v -180.55960083007812 96.344108581542969 86
v -180.68368530273438 96.10626220703125 85.994033813476562
v -180.80970764160156 95.864738464355469 85.975730895996094
v -181.06611633300781 95.373275756835938 85.899833679199219
v -181.32554626464844 94.87603759765625 85.768394470214844
v -181.58425903320312 94.380172729492188 85.578773498535156
v -182.0828857421875 93.424468994140625 85.02197265625
v -182.52803039550781 92.571281433105469 84.242637634277344
v -182.88963317871094 91.878204345703125 83.283256530761719
v -183.14799499511719 91.383010864257812 82.208564758300781
v -183.23597717285156 91.214370727539062 81.650947570800781
v -183.29696655273438 91.09747314453125 81.091781616210938
v -183.33218383789062 91.029975891113281 80.539093017578125
v -183.34068298339844 91.013694763183594 80.267478942871094
v -183.34344482421875 91.008392333984375 80
v -183.34068298339844 91.013694763183594 79.732521057128906
v -183.33218383789062 91.029975891113281 79.460906982421875
v -183.29696655273438 91.09747314453125 78.908218383789062
v -183.23597717285156 91.214370727539062 78.349052429199219
v -183.14799499511719 91.383010864257812 77.791435241699219
v -182.88963317871094 91.878204345703125 76.716743469238281
v -182.52803039550781 92.571281433105469 75.757362365722656
v -182.0828857421875 93.424468994140625 74.97802734375
v -181.58425903320312 94.380172729492188 74.421226501464844
v -181.32554626464844 94.87603759765625 74.231605529785156
v -181.06611633300781 95.373275756835938 74.100166320800781
v -180.80970764160156 95.864738464355469 74.024269104003906
v -180.68368530273438 96.10626220703125 74.005966186523438
v -180.55960083007812 96.344108581542969 74
v -180.43550109863281 96.581954956054688 74.005966186523438
v -180.30949401855469 96.823471069335938 74.024269104003906
v -180.05308532714844 97.314910888671875 74.100166320800781
v -179.79368591308594 97.812110900878906 74.231605529785156
v -179.53500366210938 98.30792236328125 74.421226501464844
v -179.03645324707031 99.263473510742188 74.97802734375
v -178.59140014648438 100.11647796630859 75.757362365722656
v -178.22988891601562 100.80937194824219 76.716743469238281
v -177.97163391113281 101.30437469482422 77.791435241699219
v -177.82269287109375 101.58984375 78.908218383789062
vt 0.54040169715881348 0
vt 0.54040169715881348 0.082532189786434174
vt 0.54040169715881348 0.17503568530082703
vt 0.54040169715881348 0.29837366938591003
vt 0.54040169715881348 0.32920816540718079
vt 0.54040169715881348 0.36004263162612915
vt 0.54040169715881348 0.3908771276473999
vt 0.54040169715881348 0.42171165347099304
vt 0.54040169715881348 0.45254611968994141
vt 0.54040169715881348 0.48338061571121216
vt 0.54040169715881348 0.52963238954544067
vt 0.54040169715881348 0.57588410377502441
vt 0.54040169715881348 0.82256007194519043
vt 0.55471837520599365 0.082532189786434174
vt 0.55471837520599365 0.17503568530082703
vt 0.55471837520599365 0.29837366938591003
vt 0.55471837520599365 0.32920816540718079
vt 0.55471837520599365 0.36004263162612915
vt 0.55471837520599365 0.3908771276473999
vt 0.55471837520599365 0.42171165347099304
vt 0.55471837520599365 0.45254611968994141
vt 0.55471837520599365 0.48338061571121216
vt 0.55471837520599365 0.52963238954544067
vt 0.55471837520599365 0.57588410377502441
vt 0.55471837520599365 0.82256007194519043
vt 0.56903505325317383 0.082532189786434174
vt 0.56903505325317383 0.17503568530082703
vt 0.56903505325317383 0.29837366938591003
vt 0.56903505325317383 0.32920816540718079
vt 0.56903505325317383 0.36004263162612915
vt 0.56903505325317383 0.3908771276473999
vt 0.56903505325317383 0.42171165347099304
vt 0.56903505325317383 0.45254611968994141
vt 0.56903505325317383 0.48338061571121216
vt 0.56903505325317383 0.52963238954544067
vt 0.56903505325317383 0.57588410377502441
vt 0.56903505325317383 0.82256007194519043
vt 0.583351731300354 0.082532189786434174
vt 0.583351731300354 0.17503568530082703
vt 0.583351731300354 0.29837366938591003
vt 0.583351731300354 0.32920816540718079
vt 0.583351731300354 0.36004263162612915
vt 0.583351731300354 0.3908771276473999
vt 0.583351731300354 0.42171165347099304
vt 0.583351731300354 0.45254611968994141
vt 0.583351731300354 0.48338061571121216
vt 0.583351731300354 0.52963238954544067
vt 0.583351731300354 0.57588410377502441
vt 0.583351731300354 0.82256007194519043
vt 0.5976683497428894 0.082532189786434174
vt 0.5976683497428894 0.17503568530082703
vt 0.5976683497428894 0.29837366938591003
vt 0.5976683497428894 0.32920816540718079
vt 0.5976683497428894 0.36004263162612915
vt 0.5976683497428894 0.3908771276473999
vt 0.5976683497428894 0.42171165347099304
vt 0.5976683497428894 0.45254611968994141
vt 0.5976683497428894 0.48338061571121216
vt 0.5976683497428894 0.52963238954544067
vt 0.5976683497428894 0.57588410377502441
vt 0.5976683497428894 0.82256007194519043
vt 0.61198502779006958 0.082532189786434174
vt 0.61198502779006958 0.17503568530082703
vt 0.61198502779006958 0.29837366938591003
vt 0.61198502779006958 0.32920816540718079
vt 0.61198502779006958 0.36004263162612915
vt 0.61198502779006958 0.3908771276473999
vt 0.61198502779006958 0.42171165347099304
vt 0.61198502779006958 0.45254611968994141
vt 0.61198502779006958 0.48338061571121216
vt 0.61198502779006958 0.52963238954544067
vt 0.61198502779006958 0.57588410377502441
vt 0.61198502779006958 0.82256007194519043
vt 0.62630170583724976 0.082532189786434174
vt 0.62630170583724976 0.17503568530082703
vt 0.62630170583724976 0.29837366938591003
vt 0.62630170583724976 0.32920816540718079
vt 0.62630170583724976 0.36004263162612915
vt 0.62630170583724976 0.3908771276473999
vt 0.62630170583724976 0.42171165347099304
vt 0.62630170583724976 0.45254611968994141
vt 0.62630170583724976 0.48338061571121216
vt 0.62630170583724976 0.52963238954544067
vt 0.62630170583724976 0.57588410377502441
vt 0.62630170583724976 0.82256007194519043
vt 0.63346004486083984 0.082532189786434174
vt 0.63346004486083984 0.17503568530082703
vt 0.63346004486083984 0.29837366938591003
vt 0.63346004486083984 0.32920816540718079
vt 0.63346004486083984 0.36004263162612915
vt 0.63346004486083984 0.3908771276473999
vt 0.63346004486083984 0.42171165347099304
vt 0.63346004486083984 0.45254611968994141
vt 0.63346004486083984 0.48338061571121216
vt 0.63346004486083984 0.52963238954544067
vt 0.63346004486083984 0.57588410377502441
vt 0.63346004486083984 0.82256007194519043
vt 0.64061838388442993 0.082532189786434174
vt 0.64061838388442993 0.17503568530082703
vt 0.64061838388442993 0.29837366938591003
vt 0.64061838388442993 0.32920816540718079
vt 0.64061838388442993 0.36004263162612915
vt 0.64061838388442993 0.3908771276473999
vt 0.64061838388442993 0.42171165347099304
vt 0.64061838388442993 0.45254611968994141
vt 0.64061838388442993 0.48338061571121216
vt 0.64061838388442993 0.52963238954544067
vt 0.64061838388442993 0.57588410377502441
vt 0.64061838388442993 0.82256007194519043
vt 0.64419758319854736 0.082532189786434174
vt 0.64419758319854736 0.17503568530082703
vt 0.64419758319854736 0.29837366938591003
vt 0.64419758319854736 0.32920816540718079
vt 0.64419758319854736 0.36004263162612915
vt 0.64419758319854736 0.3908771276473999
vt 0.64419758319854736 0.42171165347099304
vt 0.64419758319854736 0.45254611968994141
vt 0.64419758319854736 0.48338061571121216
vt 0.64419758319854736 0.52963238954544067
vt 0.64419758319854736 0.57588410377502441
vt 0.64419758319854736 0.82256007194519043
vt 0.64777672290802002 0.082532189786434174
vt 0.64777672290802002 0.17503568530082703
vt 0.64777672290802002 0.29837366938591003
vt 0.64777672290802002 0.32920816540718079
vt 0.64777672290802002 0.36004263162612915
vt 0.64777672290802002 0.3908771276473999
vt 0.64777672290802002 0.42171165347099304
vt 0.64777672290802002 0.45254611968994141
vt 0.64777672290802002 0.48338061571121216
vt 0.64777672290802002 0.52963238954544067
vt 0.64777672290802002 0.57588410377502441
vt 0.64777672290802002 0.82256007194519043
vt 0.65135592222213745 0.082532189786434174
vt 0.65135592222213745 0.17503568530082703
vt 0.65135592222213745 0.29837366938591003
vt 0.65135592222213745 0.32920816540718079
vt 0.65135592222213745 0.36004263162612915
vt 0.65135592222213745 0.3908771276473999
vt 0.65135592222213745 0.42171165347099304
vt 0.65135592222213745 0.45254611968994141
vt 0.65135592222213745 0.48338061571121216
vt 0.65135592222213745 0.52963238954544067
vt 0.65135592222213745 0.57588410377502441
vt 0.65135592222213745 0.82256007194519043
vt 0.65493506193161011 0.082532189786434174
vt 0.65493506193161011 0.17503568530082703
vt 0.65493506193161011 0.29837366938591003
vt 0.65493506193161011 0.32920816540718079
vt 0.65493506193161011 0.36004263162612915
vt 0.65493506193161011 0.3908771276473999
vt 0.65493506193161011 0.42171165347099304
vt 0.65493506193161011 0.45254611968994141
vt 0.65493506193161011 0.48338061571121216
vt 0.65493506193161011 0.52963238954544067
vt 0.65493506193161011 0.57588410377502441
vt 0.65493506193161011 0.82256007194519043
vt 0.65851420164108276 0.082532189786434174
vt 0.65851420164108276 0.17503568530082703
vt 0.65851420164108276 0.29837366938591003
vt 0.65851420164108276 0.32920816540718079
vt 0.65851420164108276 0.36004263162612915
vt 0.65851420164108276 0.3908771276473999
vt 0.65851420164108276 0.42171165347099304
vt 0.65851420164108276 0.45254611968994141
vt 0.65851420164108276 0.48338061571121216
vt 0.65851420164108276 0.52963238954544067
vt 0.65851420164108276 0.57588410377502441
vt 0.65851420164108276 0.82256007194519043
vt 0.6620934009552002 0.082532189786434174
vt 0.6620934009552002 0.17503568530082703
vt 0.6620934009552002 0.29837366938591003
vt 0.6620934009552002 0.32920816540718079
vt 0.6620934009552002 0.36004263162612915
vt 0.6620934009552002 0.3908771276473999
vt 0.6620934009552002 0.42171165347099304
vt 0.6620934009552002 0.45254611968994141
vt 0.6620934009552002 0.48338061571121216
vt 0.6620934009552002 0.52963238954544067
vt 0.6620934009552002 0.57588410377502441
vt 0.6620934009552002 0.82256007194519043
vt 0.66925173997879028 0.082532189786434174
vt 0.66925173997879028 0.17503568530082703
vt 0.66925173997879028 0.29837366938591003
vt 0.66925173997879028 0.32920816540718079
vt 0.66925173997879028 0.36004263162612915
vt 0.66925173997879028 0.3908771276473999
vt 0.66925173997879028 0.42171165347099304
vt 0.66925173997879028 0.45254611968994141
vt 0.66925173997879028 0.48338061571121216
vt 0.66925173997879028 0.52963238954544067
vt 0.66925173997879028 0.57588410377502441
vt 0.66925173997879028 0.82256007194519043
vt 0.67641007900238037 0.082532189786434174
vt 0.67641007900238037 0.17503568530082703
vt 0.67641007900238037 0.29837366938591003
vt 0.67641007900238037 0.32920816540718079
vt 0.67641007900238037 0.36004263162612915
vt 0.67641007900238037 0.3908771276473999
vt 0.67641007900238037 0.42171165347099304
vt 0.67641007900238037 0.45254611968994141
vt 0.67641007900238037 0.48338061571121216
vt 0.67641007900238037 0.52963238954544067
vt 0.67641007900238037 0.57588410377502441
vt 0.67641007900238037 0.82256007194519043
vt 0.68356841802597046 0.082532189786434174
vt 0.68356841802597046 0.17503568530082703
vt 0.68356841802597046 0.29837366938591003
vt 0.68356841802597046 0.32920816540718079
vt 0.68356841802597046 0.36004263162612915
vt 0.68356841802597046 0.3908771276473999
vt 0.68356841802597046 0.42171165347099304
vt 0.68356841802597046 0.45254611968994141
vt 0.68356841802597046 0.48338061571121216
vt 0.68356841802597046 0.52963238954544067
vt 0.68356841802597046 0.57588410377502441
vt 0.68356841802597046 0.82256007194519043
vt 0.69788509607315063 0.082532189786434174
vt 0.69788509607315063 0.17503568530082703
vt 0.69788509607315063 0.29837366938591003
vt 0.69788509607315063 0.32920816540718079
vt 0.69788509607315063 0.36004263162612915
vt 0.69788509607315063 0.3908771276473999
vt 0.69788509607315063 0.42171165347099304
vt 0.69788509607315063 0.45254611968994141
vt 0.69788509607315063 0.48338061571121216
vt 0.69788509607315063 0.52963238954544067
vt 0.69788509607315063 0.57588410377502441
vt 0.69788509607315063 0.82256007194519043
vt 0.71220171451568604 0.082532189786434174
vt 0.71220171451568604 0.17503568530082703
vt 0.71220171451568604 0.29837366938591003
vt 0.71220171451568604 0.32920816540718079
vt 0.71220171451568604 0.36004263162612915
vt 0.71220171451568604 0.3908771276473999
vt 0.71220171451568604 0.42171165347099304
vt 0.71220171451568604 0.45254611968994141
vt 0.71220171451568604 0.48338061571121216
vt 0.71220171451568604 0.52963238954544067
vt 0.71220171451568604 0.57588410377502441
vt 0.71220171451568604 0.82256007194519043
vt 0.72651839256286621 0.082532189786434174
vt 0.72651839256286621 0.17503568530082703
vt 0.72651839256286621 0.29837366938591003
vt 0.72651839256286621 0.32920816540718079
vt 0.72651839256286621 0.36004263162612915
vt 0.72651839256286621 0.3908771276473999
vt 0.72651839256286621 0.42171165347099304
vt 0.72651839256286621 0.45254611968994141
vt 0.72651839256286621 0.48338061571121216
vt 0.72651839256286621 0.52963238954544067
vt 0.72651839256286621 0.57588410377502441
vt 0.72651839256286621 0.82256007194519043
vt 0.74083507061004639 0.082532189786434174
vt 0.74083507061004639 0.17503568530082703
vt 0.74083507061004639 0.29837366938591003
vt 0.74083507061004639 0.32920816540718079
vt 0.74083507061004639 0.36004263162612915
vt 0.74083507061004639 0.3908771276473999
vt 0.74083507061004639 0.42171165347099304
vt 0.74083507061004639 0.45254611968994141
vt 0.74083507061004639 0.48338061571121216
vt 0.74083507061004639 0.52963238954544067
vt 0.74083507061004639 0.57588410377502441
vt 0.74083507061004639 0.82256007194519043
vt 0.74799340963363647 0.082532189786434174
vt 0.74799340963363647 0.17503568530082703
vt 0.74799340963363647 0.29837366938591003
vt 0.74799340963363647 0.32920816540718079
vt 0.74799340963363647 0.36004263162612915
vt 0.74799340963363647 0.3908771276473999
vt 0.74799340963363647 0.42171165347099304
vt 0.74799340963363647 0.45254611968994141
vt 0.74799340963363647 0.48338061571121216
vt 0.74799340963363647 0.52963238954544067
vt 0.74799340963363647 0.57588410377502441
vt 0.74799340963363647 0.82256007194519043
vt 0.75515174865722656 0.082532189786434174
vt 0.75515174865722656 0.17503568530082703
vt 0.75515174865722656 0.29837366938591003
vt 0.75515174865722656 0.32920816540718079
vt 0.75515174865722656 0.36004263162612915
vt 0.75515174865722656 0.3908771276473999
vt 0.75515174865722656 0.42171165347099304
vt 0.75515174865722656 0.45254611968994141
vt 0.75515174865722656 0.48338061571121216
vt 0.75515174865722656 0.52963238954544067
vt 0.75515174865722656 0.57588410377502441
vt 0.75515174865722656 0.82256007194519043
vt 0.76231008768081665 0.082532189786434174
vt 0.76231008768081665 0.17503568530082703
vt 0.76231008768081665 0.29837366938591003
vt 0.76231008768081665 0.32920816540718079
vt 0.76231008768081665 0.36004263162612915
vt 0.76231008768081665 0.3908771276473999
vt 0.76231008768081665 0.42171165347099304
vt 0.76231008768081665 0.45254611968994141
vt 0.76231008768081665 0.48338061571121216
vt 0.76231008768081665 0.52963238954544067
vt 0.76231008768081665 0.57588410377502441
vt 0.76231008768081665 0.82256007194519043
vt 0.76588928699493408 0.082532189786434174
vt 0.76588928699493408 0.17503568530082703
vt 0.76588928699493408 0.29837366938591003
vt 0.76588928699493408 0.32920816540718079
vt 0.76588928699493408 0.36004263162612915
vt 0.76588928699493408 0.3908771276473999
vt 0.76588928699493408 0.42171165347099304
vt 0.76588928699493408 0.45254611968994141
vt 0.76588928699493408 0.48338061571121216
vt 0.76588928699493408 0.52963238954544067
vt 0.76588928699493408 0.57588410377502441
vt 0.76588928699493408 0.82256007194519043
vt 0.76946842670440674 0.082532189786434174
vt 0.76946842670440674 0.17503568530082703
vt 0.76946842670440674 0.29837366938591003
vt 0.76946842670440674 0.32920816540718079
vt 0.76946842670440674 0.36004263162612915
vt 0.76946842670440674 0.3908771276473999
vt 0.76946842670440674 0.42171165347099304
vt 0.76946842670440674 0.45254611968994141
vt 0.76946842670440674 0.48338061571121216
vt 0.76946842670440674 0.52963238954544067
vt 0.76946842670440674 0.57588410377502441
vt 0.76946842670440674 0.82256007194519043
vt 0.77304756641387939 0.082532189786434174
vt 0.77304756641387939 0.17503568530082703
vt 0.77304756641387939 0.29837366938591003
vt 0.77304756641387939 0.32920816540718079
vt 0.77304756641387939 0.36004263162612915
vt 0.77304756641387939 0.3908771276473999
vt 0.77304756641387939 0.42171165347099304
vt 0.77304756641387939 0.45254611968994141
vt 0.77304756641387939 0.48338061571121216
vt 0.77304756641387939 0.52963238954544067
vt 0.77304756641387939 0.57588410377502441
vt 0.77304756641387939 0.82256007194519043
vt 0.77662676572799683 0.082532189786434174
vt 0.77662676572799683 0.17503568530082703
vt 0.77662676572799683 0.29837366938591003
vt 0.77662676572799683 0.32920816540718079
vt 0.77662676572799683 0.36004263162612915
vt 0.77662676572799683 0.3908771276473999
vt 0.77662676572799683 0.42171165347099304
vt 0.77662676572799683 0.45254611968994141
vt 0.77662676572799683 0.48338061571121216
vt 0.77662676572799683 0.52963238954544067
vt 0.77662676572799683 0.57588410377502441
vt 0.77662676572799683 0.82256007194519043
vt 0.78378510475158691 0.082532189786434174
vt 0.78378510475158691 0.17503568530082703
vt 0.78378510475158691 0.29837366938591003
vt 0.78378510475158691 0.32920816540718079
vt 0.78378510475158691 0.36004263162612915
vt 0.78378510475158691 0.3908771276473999
vt 0.78378510475158691 0.42171165347099304
vt 0.78378510475158691 0.45254611968994141
vt 0.78378510475158691 0.48338061571121216
vt 0.78378510475158691 0.52963238954544067
vt 0.78378510475158691 0.57588410377502441
vt 0.78378510475158691 0.82256007194519043
vt 0.790943443775177 0.082532189786434174
vt 0.790943443775177 0.17503568530082703
vt 0.790943443775177 0.29837366938591003
vt 0.790943443775177 0.32920816540718079
vt 0.790943443775177 0.36004263162612915
vt 0.790943443775177 0.3908771276473999
vt 0.790943443775177 0.42171165347099304
vt 0.790943443775177 0.45254611968994141
vt 0.790943443775177 0.48338061571121216
vt 0.790943443775177 0.52963238954544067
vt 0.790943443775177 0.57588410377502441
vt 0.790943443775177 0.82256007194519043
vt 0.79810178279876709 0.082532189786434174
vt 0.79810178279876709 0.17503568530082703
vt 0.79810178279876709 0.29837366938591003
vt 0.79810178279876709 0.32920816540718079
vt 0.79810178279876709 0.36004263162612915
vt 0.79810178279876709 0.3908771276473999
vt 0.79810178279876709 0.42171165347099304
vt 0.79810178279876709 0.45254611968994141
vt 0.79810178279876709 0.48338061571121216
vt 0.79810178279876709 0.52963238954544067
vt 0.79810178279876709 0.57588410377502441
vt 0.79810178279876709 0.82256007194519043
vt 0.81241846084594727 0.082532189786434174
vt 0.81241846084594727 0.17503568530082703
vt 0.81241846084594727 0.29837366938591003
vt 0.81241846084594727 0.32920816540718079
vt 0.81241846084594727 0.36004263162612915
vt 0.81241846084594727 0.3908771276473999
vt 0.81241846084594727 0.42171165347099304
vt 0.81241846084594727 0.45254611968994141
vt 0.81241846084594727 0.48338061571121216
vt 0.81241846084594727 0.52963238954544067
vt 0.81241846084594727 0.57588410377502441
vt 0.81241846084594727 0.82256007194519043
vt 0.82673507928848267 0.082532189786434174
vt 0.82673507928848267 0.17503568530082703
vt 0.82673507928848267 0.29837366938591003
vt 0.82673507928848267 0.32920816540718079
vt 0.82673507928848267 0.36004263162612915
vt 0.82673507928848267 0.3908771276473999
vt 0.82673507928848267 0.42171165347099304
vt 0.82673507928848267 0.45254611968994141
vt 0.82673507928848267 0.48338061571121216
vt 0.82673507928848267 0.52963238954544067
vt 0.82673507928848267 0.57588410377502441
vt 0.82673507928848267 0.82256007194519043
vt 0.84105175733566284 0.082532189786434174
vt 0.84105175733566284 0.17503568530082703
vt 0.84105175733566284 0.29837366938591003
vt 0.84105175733566284 0.32920816540718079
vt 0.84105175733566284 0.36004263162612915
vt 0.84105175733566284 0.3908771276473999
vt 0.84105175733566284 0.42171165347099304
vt 0.84105175733566284 0.45254611968994141
vt 0.84105175733566284 0.48338061571121216
vt 0.84105175733566284 0.52963238954544067
vt 0.84105175733566284 0.57588410377502441
vt 0.84105175733566284 0.82256007194519043
vt 0.85536843538284302 0.082532189786434174
vt 0.85536843538284302 0.17503568530082703
vt 0.85536843538284302 0.29837366938591003
vt 0.85536843538284302 0.32920816540718079
vt 0.85536843538284302 0.36004263162612915
vt 0.85536843538284302 0.3908771276473999
vt 0.85536843538284302 0.42171165347099304
vt 0.85536843538284302 0.45254611968994141
vt 0.85536843538284302 0.48338061571121216
vt 0.85536843538284302 0.52963238954544067
vt 0.85536843538284302 0.57588410377502441
vt 0.85536843538284302 0.82256007194519043
vt 0.86252677440643311 0.082532189786434174
vt 0.86252677440643311 0.17503568530082703
vt 0.86252677440643311 0.29837366938591003
vt 0.86252677440643311 0.32920816540718079
vt 0.86252677440643311 0.36004263162612915
vt 0.86252677440643311 0.3908771276473999
vt 0.86252677440643311 0.42171165347099304
vt 0.86252677440643311 0.45254611968994141
vt 0.86252677440643311 0.48338061571121216
vt 0.86252677440643311 0.52963238954544067
vt 0.86252677440643311 0.57588410377502441
vt 0.86252677440643311 0.82256007194519043
vt 0.86968511343002319 0.082532189786434174
vt 0.86968511343002319 0.17503568530082703
vt 0.86968511343002319 0.29837366938591003
vt 0.86968511343002319 0.32920816540718079
vt 0.86968511343002319 0.36004263162612915
vt 0.86968511343002319 0.3908771276473999
vt 0.86968511343002319 0.42171165347099304
vt 0.86968511343002319 0.45254611968994141
vt 0.86968511343002319 0.48338061571121216
vt 0.86968511343002319 0.52963238954544067
vt 0.86968511343002319 0.57588410377502441
vt 0.86968511343002319 0.82256007194519043
vt 0.87684345245361328 0.082532189786434174
vt 0.87684345245361328 0.17503568530082703
vt 0.87684345245361328 0.29837366938591003
vt 0.87684345245361328 0.32920816540718079
vt 0.87684345245361328 0.36004263162612915
vt 0.87684345245361328 0.3908771276473999
vt 0.87684345245361328 0.42171165347099304
vt 0.87684345245361328 0.45254611968994141
vt 0.87684345245361328 0.48338061571121216
vt 0.87684345245361328 0.52963238954544067
vt 0.87684345245361328 0.57588410377502441
vt 0.87684345245361328 0.82256007194519043
vt 0.88042265176773071 0.082532189786434174
vt 0.88042265176773071 0.17503568530082703
vt 0.88042265176773071 0.29837366938591003
vt 0.88042265176773071 0.32920816540718079
vt 0.88042265176773071 0.36004263162612915
vt 0.88042265176773071 0.3908771276473999
vt 0.88042265176773071 0.42171165347099304
vt 0.88042265176773071 0.45254611968994141
vt 0.88042265176773071 0.48338061571121216
vt 0.88042265176773071 0.52963238954544067
vt 0.88042265176773071 0.57588410377502441
vt 0.88042265176773071 0.82256007194519043
vt 0.88400179147720337 0.082532189786434174
vt 0.88400179147720337 0.17503568530082703
vt 0.88400179147720337 0.29837366938591003
vt 0.88400179147720337 0.32920816540718079
vt 0.88400179147720337 0.36004263162612915
vt 0.88400179147720337 0.3908771276473999
vt 0.88400179147720337 0.42171165347099304
vt 0.88400179147720337 0.45254611968994141
vt 0.88400179147720337 0.48338061571121216
vt 0.88400179147720337 0.52963238954544067
vt 0.88400179147720337 0.57588410377502441
vt 0.88400179147720337 0.82256007194519043
vt 0.88758093118667603 0.082532189786434174
vt 0.88758093118667603 0.17503568530082703
vt 0.88758093118667603 0.29837366938591003
vt 0.88758093118667603 0.32920816540718079
vt 0.88758093118667603 0.36004263162612915
vt 0.88758093118667603 0.3908771276473999
vt 0.88758093118667603 0.42171165347099304
vt 0.88758093118667603 0.45254611968994141
vt 0.88758093118667603 0.48338061571121216
vt 0.88758093118667603 0.52963238954544067
vt 0.88758093118667603 0.57588410377502441
vt 0.88758093118667603 0.82256007194519043
vt 0.89116013050079346 0.082532189786434174
vt 0.89116013050079346 0.17503568530082703
vt 0.89116013050079346 0.29837366938591003
vt 0.89116013050079346 0.32920816540718079
vt 0.89116013050079346 0.36004263162612915
vt 0.89116013050079346 0.3908771276473999
vt 0.89116013050079346 0.42171165347099304
vt 0.89116013050079346 0.45254611968994141
vt 0.89116013050079346 0.48338061571121216
vt 0.89116013050079346 0.52963238954544067
vt 0.89116013050079346 0.57588410377502441
vt 0.89116013050079346 0.82256007194519043
vt 0.89473927021026611 0.082532189786434174
vt 0.89473927021026611 0.17503568530082703
vt 0.89473927021026611 0.29837366938591003
vt 0.89473927021026611 0.32920816540718079
vt 0.89473927021026611 0.36004263162612915
vt 0.89473927021026611 0.3908771276473999
vt 0.89473927021026611 0.42171165347099304
vt 0.89473927021026611 0.45254611968994141
vt 0.89473927021026611 0.48338061571121216
vt 0.89473927021026611 0.52963238954544067
vt 0.89473927021026611 0.57588410377502441
vt 0.89473927021026611 0.82256007194519043
vt 0.89831846952438354 0.082532189786434174
vt 0.89831846952438354 0.17503568530082703
vt 0.89831846952438354 0.29837366938591003
vt 0.89831846952438354 0.32920816540718079
vt 0.89831846952438354 0.36004263162612915
vt 0.89831846952438354 0.3908771276473999
vt 0.89831846952438354 0.42171165347099304
vt 0.89831846952438354 0.45254611968994141
vt 0.89831846952438354 0.48338061571121216
vt 0.89831846952438354 0.52963238954544067
vt 0.89831846952438354 0.57588410377502441
vt 0.89831846952438354 0.82256007194519043
vt 0.90547680854797363 0.082532189786434174
vt 0.90547680854797363 0.17503568530082703
vt 0.90547680854797363 0.29837366938591003
vt 0.90547680854797363 0.32920816540718079
vt 0.90547680854797363 0.36004263162612915
vt 0.90547680854797363 0.3908771276473999
vt 0.90547680854797363 0.42171165347099304
vt 0.90547680854797363 0.45254611968994141
vt 0.90547680854797363 0.48338061571121216
vt 0.90547680854797363 0.52963238954544067
vt 0.90547680854797363 0.57588410377502441
vt 0.90547680854797363 0.82256007194519043
vt 0.91263514757156372 0.082532189786434174
vt 0.91263514757156372 0.17503568530082703
vt 0.91263514757156372 0.29837366938591003
vt 0.91263514757156372 0.32920816540718079
vt 0.91263514757156372 0.36004263162612915
vt 0.91263514757156372 0.3908771276473999
vt 0.91263514757156372 0.42171165347099304
vt 0.91263514757156372 0.45254611968994141
vt 0.91263514757156372 0.48338061571121216
vt 0.91263514757156372 0.52963238954544067
vt 0.91263514757156372 0.57588410377502441
vt 0.91263514757156372 0.82256007194519043
vt 0.9269518256187439 0.082532189786434174
vt 0.9269518256187439 0.17503568530082703
vt 0.9269518256187439 0.29837366938591003
vt 0.9269518256187439 0.32920816540718079
vt 0.9269518256187439 0.36004263162612915
vt 0.9269518256187439 0.3908771276473999
vt 0.9269518256187439 0.42171165347099304
vt 0.9269518256187439 0.45254611968994141
vt 0.9269518256187439 0.48338061571121216
vt 0.9269518256187439 0.52963238954544067
vt 0.9269518256187439 0.57588410377502441
vt 0.9269518256187439 0.82256007194519043
vt 0.9412684440612793 0.082532189786434174
vt 0.9412684440612793 0.17503568530082703
vt 0.9412684440612793 0.29837366938591003
vt 0.9412684440612793 0.32920816540718079
vt 0.9412684440612793 0.36004263162612915
vt 0.9412684440612793 0.3908771276473999
vt 0.9412684440612793 0.42171165347099304
vt 0.9412684440612793 0.45254611968994141
vt 0.9412684440612793 0.48338061571121216
vt 0.9412684440612793 0.52963238954544067
vt 0.9412684440612793 0.57588410377502441
vt 0.9412684440612793 0.82256007194519043
vt 0.95558512210845947 0.082532189786434174
vt 0.95558512210845947 0.17503568530082703
vt 0.95558512210845947 0.29837366938591003
vt 0.95558512210845947 0.32920816540718079
vt 0.95558512210845947 0.36004263162612915
vt 0.95558512210845947 0.3908771276473999
vt 0.95558512210845947 0.42171165347099304
vt 0.95558512210845947 0.45254611968994141
vt 0.95558512210845947 0.48338061571121216
vt 0.95558512210845947 0.52963238954544067
vt 0.95558512210845947 0.57588410377502441
vt 0.95558512210845947 0.82256007194519043
vt 0.96990180015563965 0.082532189786434174
vt 0.96990180015563965 0.17503568530082703
vt 0.96990180015563965 0.29837366938591003
vt 0.96990180015563965 0.32920816540718079
vt 0.96990180015563965 0.36004263162612915
vt 0.96990180015563965 0.3908771276473999
vt 0.96990180015563965 0.42171165347099304
vt 0.96990180015563965 0.45254611968994141
vt 0.96990180015563965 0.48338061571121216
vt 0.96990180015563965 0.52963238954544067
vt 0.96990180015563965 0.57588410377502441
vt 0.96990180015563965 0.82256007194519043
vt 0.98421847820281982 0.082532189786434174
vt 0.98421847820281982 0.17503568530082703
vt 0.98421847820281982 0.29837366938591003
vt 0.98421847820281982 0.32920816540718079
vt 0.98421847820281982 0.36004263162612915
vt 0.98421847820281982 0.3908771276473999
vt 0.98421847820281982 0.42171165347099304
vt 0.98421847820281982 0.45254611968994141
vt 0.98421847820281982 0.48338061571121216
vt 0.98421847820281982 0.52963238954544067
vt 0.98421847820281982 0.57588410377502441
vt 0.98421847820281982 0.82256007194519043
vt 0.99853515625 0.082532189786434174
vt 0.99853515625 0.17503568530082703
vt 0.99853515625 0.29837366938591003
vt 0.99853515625 0.32920816540718079
vt 0.99853515625 0.36004263162612915
vt 0.99853515625 0.3908771276473999
vt 0.99853515625 0.42171165347099304
vt 0.99853515625 0.45254611968994141
vt 0.99853515625 0.48338061571121216
vt 0.99853515625 0.52963238954544067
vt 0.99853515625 0.57588410377502441
vt 0.99853515625 0.82256007194519043
vt 0.55471837520599365 8.7456857727374882E-05
vt 0.56903505325317383 0.00036870688199996948
vt 0.583351731300354 0.00085978530114516616
vt 0.5976683497428894 0.0015545348869636655
vt 0.61198502779006958 0.0024217937607318163
vt 0.62630170583724976 0.0034093859139829874
vt 0.63346004486083984 0.0039286511018872261
vt 0.64061838388442993 0.0044541512615978718
vt 0.64419758319854736 0.004716834519058466
vt 0.64777672290802002 0.0049782874993979931
vt 0.65135592222213745 0.0052376766689121723
vt 0.65493506193161011 0.005494232289493084
vt 0.65851420164108276 0.0057519297115504742
vt 0.6620934009552002 0.0060147838667035103
vt 0.66925173997879028 0.00655333511531353
vt 0.67641007900238037 0.0071033034473657608
vt 0.68356841802597046 0.0076569193042814732
vt 0.69788509607315063 0.0087387524545192719
vt 0.71220171451568604 0.0097213871777057648
vt 0.72651839256286621 0.010531608015298843
vt 0.74083507061004639 0.011117191985249519
vt 0.74799340963363647 0.011317908763885498
vt 0.75515174865722656 0.011457427404820919
vt 0.76231008768081665 0.011538135819137096
vt 0.76588928699493408 0.011557617224752903
vt 0.76946842670440674 0.011563966982066631
vt 0.77304756641387939 0.011557617224752903
vt 0.77662676572799683 0.011538135819137096
vt 0.78378510475158691 0.011457427404820919
vt 0.790943443775177 0.011317908763885498
vt 0.79810178279876709 0.011117191985249519
vt 0.81241846084594727 0.010531608015298843
vt 0.82673507928848267 0.0097213871777057648
vt 0.84105175733566284 0.0087387524545192719
vt 0.85536843538284302 0.0076569193042814732
vt 0.86252677440643311 0.0071033034473657608
vt 0.86968511343002319 0.00655333511531353
vt 0.87684345245361328 0.0060147838667035103
vt 0.88042265176773071 0.0057519297115504742
vt 0.88400179147720337 0.005494232289493084
vt 0.88758093118667603 0.0052376766689121723
vt 0.89116013050079346 0.0049782874993979931
vt 0.89473927021026611 0.004716834519058466
vt 0.89831846952438354 0.0044541512615978718
vt 0.90547680854797363 0.0039286511018872261
vt 0.91263514757156372 0.0034093859139829874
vt 0.9269518256187439 0.0024217937607318163
vt 0.9412684440612793 0.0015545348869636655
vt 0.95558512210845947 0.00085978530114516616
vt 0.96990180015563965 0.00036870688199996948
vt 0.98421847820281982 8.7456857727374882E-05
vt 0.99853515625 0
vt 0.1464640349149704 0.14939332008361816
vt 0.1464640349149704 0.2307523638010025
vt 0.1464640349149704 0.32278037071228027
vt 0.1464640349149704 0.44548439979553223
vt 0.1464640349149704 0.47616040706634521
vt 0.1464640349149704 0.5068364143371582
vt 0.1464640349149704 0.53751242160797119
vt 0.1464640349149704 0.5681883692741394
vt 0.1464640349149704 0.59886437654495239
vt 0.1464640349149704 0.62954038381576538
vt 0.1464640349149704 0.67555439472198486
vt 0.1464640349149704 0.72156840562820435
vt 0.1464640349149704 0.96697646379470825
vt 0.15872882306575775 0.2307523638010025
vt 0.15872882306575775 0.32278037071228027
vt 0.15872882306575775 0.44548439979553223
vt 0.15872882306575775 0.47616040706634521
vt 0.15872882306575775 0.5068364143371582
vt 0.15872882306575775 0.53751242160797119
vt 0.15872882306575775 0.5681883692741394
vt 0.15872882306575775 0.59886437654495239
vt 0.15872882306575775 0.62954038381576538
vt 0.15872882306575775 0.67555439472198486
vt 0.15872882306575775 0.72156840562820435
vt 0.15872882306575775 0.96697646379470825
vt 0.17099359631538391 0.2307523638010025
vt 0.17099359631538391 0.32278037071228027
vt 0.17099359631538391 0.44548439979553223
vt 0.17099359631538391 0.47616040706634521
vt 0.17099359631538391 0.5068364143371582
vt 0.17099359631538391 0.53751242160797119
vt 0.17099359631538391 0.5681883692741394
vt 0.17099359631538391 0.59886437654495239
vt 0.17099359631538391 0.62954038381576538
vt 0.17099359631538391 0.67555439472198486
vt 0.17099359631538391 0.72156840562820435
vt 0.17099359631538391 0.96697646379470825
vt 0.18325836956501007 0.2307523638010025
vt 0.18325836956501007 0.32278037071228027
vt 0.18325836956501007 0.44548439979553223
vt 0.18325836956501007 0.47616040706634521
vt 0.18325836956501007 0.5068364143371582
vt 0.18325836956501007 0.53751242160797119
vt 0.18325836956501007 0.5681883692741394
vt 0.18325836956501007 0.59886437654495239
vt 0.18325836956501007 0.62954038381576538
vt 0.18325836956501007 0.67555439472198486
vt 0.18325836956501007 0.72156840562820435
vt 0.18325836956501007 0.96697646379470825
vt 0.19552314281463623 0.2307523638010025
vt 0.19552314281463623 0.32278037071228027
vt 0.19552314281463623 0.44548439979553223
vt 0.19552314281463623 0.47616040706634521
vt 0.19552314281463623 0.5068364143371582
vt 0.19552314281463623 0.53751242160797119
vt 0.19552314281463623 0.5681883692741394
vt 0.19552314281463623 0.59886437654495239
vt 0.19552314281463623 0.62954038381576538
vt 0.19552314281463623 0.67555439472198486
vt 0.19552314281463623 0.72156840562820435
vt 0.19552314281463623 0.96697646379470825
vt 0.20778791606426239 0.2307523638010025
vt 0.20778791606426239 0.32278037071228027
vt 0.20778791606426239 0.44548439979553223
vt 0.20778791606426239 0.47616040706634521
vt 0.20778791606426239 0.5068364143371582
vt 0.20778791606426239 0.53751242160797119
vt 0.20778791606426239 0.5681883692741394
vt 0.20778791606426239 0.59886437654495239
vt 0.20778791606426239 0.62954038381576538
vt 0.20778791606426239 0.67555439472198486
vt 0.20778791606426239 0.72156840562820435
vt 0.20778791606426239 0.96697646379470825
vt 0.22005268931388855 0.2307523638010025
vt 0.22005268931388855 0.32278037071228027
vt 0.22005268931388855 0.44548439979553223
vt 0.22005268931388855 0.47616040706634521
vt 0.22005268931388855 0.5068364143371582
vt 0.22005268931388855 0.53751242160797119
vt 0.22005268931388855 0.5681883692741394
vt 0.22005268931388855 0.59886437654495239
vt 0.22005268931388855 0.62954038381576538
vt 0.22005268931388855 0.67555439472198486
vt 0.22005268931388855 0.72156840562820435
vt 0.22005268931388855 0.96697646379470825
vt 0.22618508338928223 0.2307523638010025
vt 0.22618508338928223 0.32278037071228027
vt 0.22618508338928223 0.44548439979553223
vt 0.22618508338928223 0.47616040706634521
vt 0.22618508338928223 0.5068364143371582
vt 0.22618508338928223 0.53751242160797119
vt 0.22618508338928223 0.5681883692741394
vt 0.22618508338928223 0.59886437654495239
vt 0.22618508338928223 0.62954038381576538
vt 0.22618508338928223 0.67555439472198486
vt 0.22618508338928223 0.72156840562820435
vt 0.22618508338928223 0.96697646379470825
vt 0.23231746256351471 0.2307523638010025
vt 0.23231746256351471 0.32278037071228027
vt 0.23231746256351471 0.44548439979553223
vt 0.23231746256351471 0.47616040706634521
vt 0.23231746256351471 0.5068364143371582
vt 0.23231746256351471 0.53751242160797119
vt 0.23231746256351471 0.5681883692741394
vt 0.23231746256351471 0.59886437654495239
vt 0.23231746256351471 0.62954038381576538
vt 0.23231746256351471 0.67555439472198486
vt 0.23231746256351471 0.72156840562820435
vt 0.23231746256351471 0.96697646379470825
vt 0.23844985663890839 0.2307523638010025
vt 0.23844985663890839 0.32278037071228027
vt 0.23844985663890839 0.44548439979553223
vt 0.23844985663890839 0.47616040706634521
vt 0.23844985663890839 0.5068364143371582
vt 0.23844985663890839 0.53751242160797119
vt 0.23844985663890839 0.5681883692741394
vt 0.23844985663890839 0.59886437654495239
vt 0.23844985663890839 0.62954038381576538
vt 0.23844985663890839 0.67555439472198486
vt 0.23844985663890839 0.72156840562820435
vt 0.23844985663890839 0.96697646379470825
vt 0.24151605367660522 0.2307523638010025
vt 0.24151605367660522 0.32278037071228027
vt 0.24151605367660522 0.44548439979553223
vt 0.24151605367660522 0.47616040706634521
vt 0.24151605367660522 0.5068364143371582
vt 0.24151605367660522 0.53751242160797119
vt 0.24151605367660522 0.5681883692741394
vt 0.24151605367660522 0.59886437654495239
vt 0.24151605367660522 0.62954038381576538
vt 0.24151605367660522 0.67555439472198486
vt 0.24151605367660522 0.72156840562820435
vt 0.24151605367660522 0.96697646379470825
vt 0.24458225071430206 0.2307523638010025
vt 0.24458225071430206 0.32278037071228027
vt 0.24458225071430206 0.44548439979553223
vt 0.24458225071430206 0.47616040706634521
vt 0.24458225071430206 0.5068364143371582
vt 0.24458225071430206 0.53751242160797119
vt 0.24458225071430206 0.5681883692741394
vt 0.24458225071430206 0.59886437654495239
vt 0.24458225071430206 0.62954038381576538
vt 0.24458225071430206 0.67555439472198486
vt 0.24458225071430206 0.72156840562820435
vt 0.24458225071430206 0.96697646379470825
vt 0.24764843285083771 0.2307523638010025
vt 0.24764843285083771 0.32278037071228027
vt 0.24764843285083771 0.44548439979553223
vt 0.24764843285083771 0.47616040706634521
vt 0.24764843285083771 0.5068364143371582
vt 0.24764843285083771 0.53751242160797119
vt 0.24764843285083771 0.5681883692741394
vt 0.24764843285083771 0.59886437654495239
vt 0.24764843285083771 0.62954038381576538
vt 0.24764843285083771 0.67555439472198486
vt 0.24764843285083771 0.72156840562820435
vt 0.24764843285083771 0.96697646379470825
vt 0.25071462988853455 0.2307523638010025
vt 0.25071462988853455 0.32278037071228027
vt 0.25071462988853455 0.44548439979553223
vt 0.25071462988853455 0.47616040706634521
vt 0.25071462988853455 0.5068364143371582
vt 0.25071462988853455 0.53751242160797119
vt 0.25071462988853455 0.5681883692741394
vt 0.25071462988853455 0.59886437654495239
vt 0.25071462988853455 0.62954038381576538
vt 0.25071462988853455 0.67555439472198486
vt 0.25071462988853455 0.72156840562820435
vt 0.25071462988853455 0.96697646379470825
vt 0.25684702396392822 0.2307523638010025
vt 0.25684702396392822 0.32278037071228027
vt 0.25684702396392822 0.44548439979553223
vt 0.25684702396392822 0.47616040706634521
vt 0.25684702396392822 0.5068364143371582
vt 0.25684702396392822 0.53751242160797119
vt 0.25684702396392822 0.5681883692741394
vt 0.25684702396392822 0.59886437654495239
vt 0.25684702396392822 0.62954038381576538
vt 0.25684702396392822 0.67555439472198486
vt 0.25684702396392822 0.72156840562820435
vt 0.25684702396392822 0.96697646379470825
vt 0.2629794180393219 0.2307523638010025
vt 0.2629794180393219 0.32278037071228027
vt 0.2629794180393219 0.44548439979553223
vt 0.2629794180393219 0.47616040706634521
vt 0.2629794180393219 0.5068364143371582
vt 0.2629794180393219 0.53751242160797119
vt 0.2629794180393219 0.5681883692741394
vt 0.2629794180393219 0.59886437654495239
vt 0.2629794180393219 0.62954038381576538
vt 0.2629794180393219 0.67555439472198486
vt 0.2629794180393219 0.72156840562820435
vt 0.2629794180393219 0.96697646379470825
vt 0.26911178231239319 0.2307523638010025
vt 0.26911178231239319 0.32278037071228027
vt 0.26911178231239319 0.44548439979553223
vt 0.26911178231239319 0.47616040706634521
vt 0.26911178231239319 0.5068364143371582
vt 0.26911178231239319 0.53751242160797119
vt 0.26911178231239319 0.5681883692741394
vt 0.26911178231239319 0.59886437654495239
vt 0.26911178231239319 0.62954038381576538
vt 0.26911178231239319 0.67555439472198486
vt 0.26911178231239319 0.72156840562820435
vt 0.26911178231239319 0.96697646379470825
vt 0.28137657046318054 0.2307523638010025
vt 0.28137657046318054 0.32278037071228027
vt 0.28137657046318054 0.44548439979553223
vt 0.28137657046318054 0.47616040706634521
vt 0.28137657046318054 0.5068364143371582
vt 0.28137657046318054 0.53751242160797119
vt 0.28137657046318054 0.5681883692741394
vt 0.28137657046318054 0.59886437654495239
vt 0.28137657046318054 0.62954038381576538
vt 0.28137657046318054 0.67555439472198486
vt 0.28137657046318054 0.72156840562820435
vt 0.28137657046318054 0.96697646379470825
vt 0.2936413586139679 0.2307523638010025
vt 0.2936413586139679 0.32278037071228027
vt 0.2936413586139679 0.44548439979553223
vt 0.2936413586139679 0.47616040706634521
vt 0.2936413586139679 0.5068364143371582
vt 0.2936413586139679 0.53751242160797119
vt 0.2936413586139679 0.5681883692741394
vt 0.2936413586139679 0.59886437654495239
vt 0.2936413586139679 0.62954038381576538
vt 0.2936413586139679 0.67555439472198486
vt 0.2936413586139679 0.72156840562820435
vt 0.2936413586139679 0.96697646379470825
vt 0.30590611696243286 0.2307523638010025
vt 0.30590611696243286 0.32278037071228027
vt 0.30590611696243286 0.44548439979553223
vt 0.30590611696243286 0.47616040706634521
vt 0.30590611696243286 0.5068364143371582
vt 0.30590611696243286 0.53751242160797119
vt 0.30590611696243286 0.5681883692741394
vt 0.30590611696243286 0.59886437654495239
vt 0.30590611696243286 0.62954038381576538
vt 0.30590611696243286 0.67555439472198486
vt 0.30590611696243286 0.72156840562820435
vt 0.30590611696243286 0.96697646379470825
vt 0.31817090511322021 0.2307523638010025
vt 0.31817090511322021 0.32278037071228027
vt 0.31817090511322021 0.44548439979553223
vt 0.31817090511322021 0.47616040706634521
vt 0.31817090511322021 0.5068364143371582
vt 0.31817090511322021 0.53751242160797119
vt 0.31817090511322021 0.5681883692741394
vt 0.31817090511322021 0.59886437654495239
vt 0.31817090511322021 0.62954038381576538
vt 0.31817090511322021 0.67555439472198486
vt 0.31817090511322021 0.72156840562820435
vt 0.31817090511322021 0.96697646379470825
vt 0.3243032693862915 0.2307523638010025
vt 0.3243032693862915 0.32278037071228027
vt 0.3243032693862915 0.44548439979553223
vt 0.3243032693862915 0.47616040706634521
vt 0.3243032693862915 0.5068364143371582
vt 0.3243032693862915 0.53751242160797119
vt 0.3243032693862915 0.5681883692741394
vt 0.3243032693862915 0.59886437654495239
vt 0.3243032693862915 0.62954038381576538
vt 0.3243032693862915 0.67555439472198486
vt 0.3243032693862915 0.72156840562820435
vt 0.3243032693862915 0.96697646379470825
vt 0.33043566346168518 0.2307523638010025
vt 0.33043566346168518 0.32278037071228027
vt 0.33043566346168518 0.44548439979553223
vt 0.33043566346168518 0.47616040706634521
vt 0.33043566346168518 0.5068364143371582
vt 0.33043566346168518 0.53751242160797119
vt 0.33043566346168518 0.5681883692741394
vt 0.33043566346168518 0.59886437654495239
vt 0.33043566346168518 0.62954038381576538
vt 0.33043566346168518 0.67555439472198486
vt 0.33043566346168518 0.72156840562820435
vt 0.33043566346168518 0.96697646379470825
vt 0.33656805753707886 0.2307523638010025
vt 0.33656805753707886 0.32278037071228027
vt 0.33656805753707886 0.44548439979553223
vt 0.33656805753707886 0.47616040706634521
vt 0.33656805753707886 0.5068364143371582
vt 0.33656805753707886 0.53751242160797119
vt 0.33656805753707886 0.5681883692741394
vt 0.33656805753707886 0.59886437654495239
vt 0.33656805753707886 0.62954038381576538
vt 0.33656805753707886 0.67555439472198486
vt 0.33656805753707886 0.72156840562820435
vt 0.33656805753707886 0.96697646379470825
vt 0.3396342396736145 0.2307523638010025
vt 0.3396342396736145 0.32278037071228027
vt 0.3396342396736145 0.44548439979553223
vt 0.3396342396736145 0.47616040706634521
vt 0.3396342396736145 0.5068364143371582
vt 0.3396342396736145 0.53751242160797119
vt 0.3396342396736145 0.5681883692741394
vt 0.3396342396736145 0.59886437654495239
vt 0.3396342396736145 0.62954038381576538
vt 0.3396342396736145 0.67555439472198486
vt 0.3396342396736145 0.72156840562820435
vt 0.3396342396736145 0.96697646379470825
vt 0.34270045161247253 0.2307523638010025
vt 0.34270045161247253 0.32278037071228027
vt 0.34270045161247253 0.44548439979553223
vt 0.34270045161247253 0.47616040706634521
vt 0.34270045161247253 0.5068364143371582
vt 0.34270045161247253 0.53751242160797119
vt 0.34270045161247253 0.5681883692741394
vt 0.34270045161247253 0.59886437654495239
vt 0.34270045161247253 0.62954038381576538
vt 0.34270045161247253 0.67555439472198486
vt 0.34270045161247253 0.72156840562820435
vt 0.34270045161247253 0.96697646379470825
vt 0.34576663374900818 0.2307523638010025
vt 0.34576663374900818 0.32278037071228027
vt 0.34576663374900818 0.44548439979553223
vt 0.34576663374900818 0.47616040706634521
vt 0.34576663374900818 0.5068364143371582
vt 0.34576663374900818 0.53751242160797119
vt 0.34576663374900818 0.5681883692741394
vt 0.34576663374900818 0.59886437654495239
vt 0.34576663374900818 0.62954038381576538
vt 0.34576663374900818 0.67555439472198486
vt 0.34576663374900818 0.72156840562820435
vt 0.34576663374900818 0.96697646379470825
vt 0.34883284568786621 0.2307523638010025
vt 0.34883284568786621 0.32278037071228027
vt 0.34883284568786621 0.44548439979553223
vt 0.34883284568786621 0.47616040706634521
vt 0.34883284568786621 0.5068364143371582
vt 0.34883284568786621 0.53751242160797119
vt 0.34883284568786621 0.5681883692741394
vt 0.34883284568786621 0.59886437654495239
vt 0.34883284568786621 0.62954038381576538
vt 0.34883284568786621 0.67555439472198486
vt 0.34883284568786621 0.72156840562820435
vt 0.34883284568786621 0.96697646379470825
vt 0.3549652099609375 0.2307523638010025
vt 0.3549652099609375 0.32278037071228027
vt 0.3549652099609375 0.44548439979553223
vt 0.3549652099609375 0.47616040706634521
vt 0.3549652099609375 0.5068364143371582
vt 0.3549652099609375 0.53751242160797119
vt 0.3549652099609375 0.5681883692741394
vt 0.3549652099609375 0.59886437654495239
vt 0.3549652099609375 0.62954038381576538
vt 0.3549652099609375 0.67555439472198486
vt 0.3549652099609375 0.72156840562820435
vt 0.3549652099609375 0.96697646379470825
vt 0.36109760403633118 0.2307523638010025
vt 0.36109760403633118 0.32278037071228027
vt 0.36109760403633118 0.44548439979553223
vt 0.36109760403633118 0.47616040706634521
vt 0.36109760403633118 0.5068364143371582
vt 0.36109760403633118 0.53751242160797119
vt 0.36109760403633118 0.5681883692741394
vt 0.36109760403633118 0.59886437654495239
vt 0.36109760403633118 0.62954038381576538
vt 0.36109760403633118 0.67555439472198486
vt 0.36109760403633118 0.72156840562820435
vt 0.36109760403633118 0.96697646379470825
vt 0.36722999811172485 0.2307523638010025
vt 0.36722999811172485 0.32278037071228027
vt 0.36722999811172485 0.44548439979553223
vt 0.36722999811172485 0.47616040706634521
vt 0.36722999811172485 0.5068364143371582
vt 0.36722999811172485 0.53751242160797119
vt 0.36722999811172485 0.5681883692741394
vt 0.36722999811172485 0.59886437654495239
vt 0.36722999811172485 0.62954038381576538
vt 0.36722999811172485 0.67555439472198486
vt 0.36722999811172485 0.72156840562820435
vt 0.36722999811172485 0.96697646379470825
vt 0.37949478626251221 0.2307523638010025
vt 0.37949478626251221 0.32278037071228027
vt 0.37949478626251221 0.44548439979553223
vt 0.37949478626251221 0.47616040706634521
vt 0.37949478626251221 0.5068364143371582
vt 0.37949478626251221 0.53751242160797119
vt 0.37949478626251221 0.5681883692741394
vt 0.37949478626251221 0.59886437654495239
vt 0.37949478626251221 0.62954038381576538
vt 0.37949478626251221 0.67555439472198486
vt 0.37949478626251221 0.72156840562820435
vt 0.37949478626251221 0.96697646379470825
vt 0.39175954461097717 0.2307523638010025
vt 0.39175954461097717 0.32278037071228027
vt 0.39175954461097717 0.44548439979553223
vt 0.39175954461097717 0.47616040706634521
vt 0.39175954461097717 0.5068364143371582
vt 0.39175954461097717 0.53751242160797119
vt 0.39175954461097717 0.5681883692741394
vt 0.39175954461097717 0.59886437654495239
vt 0.39175954461097717 0.62954038381576538
vt 0.39175954461097717 0.67555439472198486
vt 0.39175954461097717 0.72156840562820435
vt 0.39175954461097717 0.96697646379470825
vt 0.40402433276176453 0.2307523638010025
vt 0.40402433276176453 0.32278037071228027
vt 0.40402433276176453 0.44548439979553223
vt 0.40402433276176453 0.47616040706634521
vt 0.40402433276176453 0.5068364143371582
vt 0.40402433276176453 0.53751242160797119
vt 0.40402433276176453 0.5681883692741394
vt 0.40402433276176453 0.59886437654495239
vt 0.40402433276176453 0.62954038381576538
vt 0.40402433276176453 0.67555439472198486
vt 0.40402433276176453 0.72156840562820435
vt 0.40402433276176453 0.96697646379470825
vt 0.41628909111022949 0.2307523638010025
vt 0.41628909111022949 0.32278037071228027
vt 0.41628909111022949 0.44548439979553223
vt 0.41628909111022949 0.47616040706634521
vt 0.41628909111022949 0.5068364143371582
vt 0.41628909111022949 0.53751242160797119
vt 0.41628909111022949 0.5681883692741394
vt 0.41628909111022949 0.59886437654495239
vt 0.41628909111022949 0.62954038381576538
vt 0.41628909111022949 0.67555439472198486
vt 0.41628909111022949 0.72156840562820435
vt 0.41628909111022949 0.96697646379470825
vt 0.42242148518562317 0.2307523638010025
vt 0.42242148518562317 0.32278037071228027
vt 0.42242148518562317 0.44548439979553223
vt 0.42242148518562317 0.47616040706634521
vt 0.42242148518562317 0.5068364143371582
vt 0.42242148518562317 0.53751242160797119
vt 0.42242148518562317 0.5681883692741394
vt 0.42242148518562317 0.59886437654495239
vt 0.42242148518562317 0.62954038381576538
vt 0.42242148518562317 0.67555439472198486
vt 0.42242148518562317 0.72156840562820435
vt 0.42242148518562317 0.96697646379470825
vt 0.42855387926101685 0.2307523638010025
vt 0.42855387926101685 0.32278037071228027
vt 0.42855387926101685 0.44548439979553223
vt 0.42855387926101685 0.47616040706634521
vt 0.42855387926101685 0.5068364143371582
vt 0.42855387926101685 0.53751242160797119
vt 0.42855387926101685 0.5681883692741394
vt 0.42855387926101685 0.59886437654495239
vt 0.42855387926101685 0.62954038381576538
vt 0.42855387926101685 0.67555439472198486
vt 0.42855387926101685 0.72156840562820435
vt 0.42855387926101685 0.96697646379470825
vt 0.43468627333641052 0.2307523638010025
vt 0.43468627333641052 0.32278037071228027
vt 0.43468627333641052 0.44548439979553223
vt 0.43468627333641052 0.47616040706634521
vt 0.43468627333641052 0.5068364143371582
vt 0.43468627333641052 0.53751242160797119
vt 0.43468627333641052 0.5681883692741394
vt 0.43468627333641052 0.59886437654495239
vt 0.43468627333641052 0.62954038381576538
vt 0.43468627333641052 0.67555439472198486
vt 0.43468627333641052 0.72156840562820435
vt 0.43468627333641052 0.96697646379470825
vt 0.43775245547294617 0.2307523638010025
vt 0.43775245547294617 0.32278037071228027
vt 0.43775245547294617 0.44548439979553223
vt 0.43775245547294617 0.47616040706634521
vt 0.43775245547294617 0.5068364143371582
vt 0.43775245547294617 0.53751242160797119
vt 0.43775245547294617 0.5681883692741394
vt 0.43775245547294617 0.59886437654495239
vt 0.43775245547294617 0.62954038381576538
vt 0.43775245547294617 0.67555439472198486
vt 0.43775245547294617 0.72156840562820435
vt 0.43775245547294617 0.96697646379470825
vt 0.44081863760948181 0.2307523638010025
vt 0.44081863760948181 0.32278037071228027
vt 0.44081863760948181 0.44548439979553223
vt 0.44081863760948181 0.47616040706634521
vt 0.44081863760948181 0.5068364143371582
vt 0.44081863760948181 0.53751242160797119
vt 0.44081863760948181 0.5681883692741394
vt 0.44081863760948181 0.59886437654495239
vt 0.44081863760948181 0.62954038381576538
vt 0.44081863760948181 0.67555439472198486
vt 0.44081863760948181 0.72156840562820435
vt 0.44081863760948181 0.96697646379470825
vt 0.44388484954833984 0.2307523638010025
vt 0.44388484954833984 0.32278037071228027
vt 0.44388484954833984 0.44548439979553223
vt 0.44388484954833984 0.47616040706634521
vt 0.44388484954833984 0.5068364143371582
vt 0.44388484954833984 0.53751242160797119
vt 0.44388484954833984 0.5681883692741394
vt 0.44388484954833984 0.59886437654495239
vt 0.44388484954833984 0.62954038381576538
vt 0.44388484954833984 0.67555439472198486
vt 0.44388484954833984 0.72156840562820435
vt 0.44388484954833984 0.96697646379470825
vt 0.44695103168487549 0.2307523638010025
vt 0.44695103168487549 0.32278037071228027
vt 0.44695103168487549 0.44548439979553223
vt 0.44695103168487549 0.47616040706634521
vt 0.44695103168487549 0.5068364143371582
vt 0.44695103168487549 0.53751242160797119
vt 0.44695103168487549 0.5681883692741394
vt 0.44695103168487549 0.59886437654495239
vt 0.44695103168487549 0.62954038381576538
vt 0.44695103168487549 0.67555439472198486
vt 0.44695103168487549 0.72156840562820435
vt 0.44695103168487549 0.96697646379470825
vt 0.45308342576026917 0.2307523638010025
vt 0.45308342576026917 0.32278037071228027
vt 0.45308342576026917 0.44548439979553223
vt 0.45308342576026917 0.47616040706634521
vt 0.45308342576026917 0.5068364143371582
vt 0.45308342576026917 0.53751242160797119
vt 0.45308342576026917 0.5681883692741394
vt 0.45308342576026917 0.59886437654495239
vt 0.45308342576026917 0.62954038381576538
vt 0.45308342576026917 0.67555439472198486
vt 0.45308342576026917 0.72156840562820435
vt 0.45308342576026917 0.96697646379470825
vt 0.45921581983566284 0.2307523638010025
vt 0.45921581983566284 0.32278037071228027
vt 0.45921581983566284 0.44548439979553223
vt 0.45921581983566284 0.47616040706634521
vt 0.45921581983566284 0.5068364143371582
vt 0.45921581983566284 0.53751242160797119
vt 0.45921581983566284 0.5681883692741394
vt 0.45921581983566284 0.59886437654495239
vt 0.45921581983566284 0.62954038381576538
vt 0.45921581983566284 0.67555439472198486
vt 0.45921581983566284 0.72156840562820435
vt 0.45921581983566284 0.96697646379470825
vt 0.46534821391105652 0.2307523638010025
vt 0.46534821391105652 0.32278037071228027
vt 0.46534821391105652 0.44548439979553223
vt 0.46534821391105652 0.47616040706634521
vt 0.46534821391105652 0.5068364143371582
vt 0.46534821391105652 0.53751242160797119
vt 0.46534821391105652 0.5681883692741394
vt 0.46534821391105652 0.59886437654495239
vt 0.46534821391105652 0.62954038381576538
vt 0.46534821391105652 0.67555439472198486
vt 0.46534821391105652 0.72156840562820435
vt 0.46534821391105652 0.96697646379470825
vt 0.47761297225952148 0.2307523638010025
vt 0.47761297225952148 0.32278037071228027
vt 0.47761297225952148 0.44548439979553223
vt 0.47761297225952148 0.47616040706634521
vt 0.47761297225952148 0.5068364143371582
vt 0.47761297225952148 0.53751242160797119
vt 0.47761297225952148 0.5681883692741394
vt 0.47761297225952148 0.59886437654495239
vt 0.47761297225952148 0.62954038381576538
vt 0.47761297225952148 0.67555439472198486
vt 0.47761297225952148 0.72156840562820435
vt 0.47761297225952148 0.96697646379470825
vt 0.48987776041030884 0.2307523638010025
vt 0.48987776041030884 0.32278037071228027
vt 0.48987776041030884 0.44548439979553223
vt 0.48987776041030884 0.47616040706634521
vt 0.48987776041030884 0.5068364143371582
vt 0.48987776041030884 0.53751242160797119
vt 0.48987776041030884 0.5681883692741394
vt 0.48987776041030884 0.59886437654495239
vt 0.48987776041030884 0.62954038381576538
vt 0.48987776041030884 0.67555439472198486
vt 0.48987776041030884 0.72156840562820435
vt 0.48987776041030884 0.96697646379470825
vt 0.50214254856109619 0.2307523638010025
vt 0.50214254856109619 0.32278037071228027
vt 0.50214254856109619 0.44548439979553223
vt 0.50214254856109619 0.47616040706634521
vt 0.50214254856109619 0.5068364143371582
vt 0.50214254856109619 0.53751242160797119
vt 0.50214254856109619 0.5681883692741394
vt 0.50214254856109619 0.59886437654495239
vt 0.50214254856109619 0.62954038381576538
vt 0.50214254856109619 0.67555439472198486
vt 0.50214254856109619 0.72156840562820435
vt 0.50214254856109619 0.96697646379470825
vt 0.51440727710723877 0.2307523638010025
vt 0.51440727710723877 0.32278037071228027
vt 0.51440727710723877 0.44548439979553223
vt 0.51440727710723877 0.47616040706634521
vt 0.51440727710723877 0.5068364143371582
vt 0.51440727710723877 0.53751242160797119
vt 0.51440727710723877 0.5681883692741394
vt 0.51440727710723877 0.59886437654495239
vt 0.51440727710723877 0.62954038381576538
vt 0.51440727710723877 0.67555439472198486
vt 0.51440727710723877 0.72156840562820435
vt 0.51440727710723877 0.96697646379470825
vt 0.52667206525802612 0.2307523638010025
vt 0.52667206525802612 0.32278037071228027
vt 0.52667206525802612 0.44548439979553223
vt 0.52667206525802612 0.47616040706634521
vt 0.52667206525802612 0.5068364143371582
vt 0.52667206525802612 0.53751242160797119
vt 0.52667206525802612 0.5681883692741394
vt 0.52667206525802612 0.59886437654495239
vt 0.52667206525802612 0.62954038381576538
vt 0.52667206525802612 0.67555439472198486
vt 0.52667206525802612 0.72156840562820435
vt 0.52667206525802612 0.96697646379470825
vt 0.53893685340881348 0.2307523638010025
vt 0.53893685340881348 0.32278037071228027
vt 0.53893685340881348 0.44548439979553223
vt 0.53893685340881348 0.47616040706634521
vt 0.53893685340881348 0.5068364143371582
vt 0.53893685340881348 0.53751242160797119
vt 0.53893685340881348 0.5681883692741394
vt 0.53893685340881348 0.59886437654495239
vt 0.53893685340881348 0.62954038381576538
vt 0.53893685340881348 0.67555439472198486
vt 0.53893685340881348 0.72156840562820435
vt 0.53893685340881348 0.96697646379470825
vt 0.15872882306575775 0.14946891367435455
vt 0.17099359631538391 0.14971187710762024
vt 0.18325836956501007 0.15013572573661804
vt 0.19552314281463623 0.15073446929454803
vt 0.20778791606426239 0.15148045122623444
vt 0.22005268931388855 0.15232798457145691
vt 0.22618508338928223 0.15277278423309326
vt 0.23231746256351471 0.15322233736515045
vt 0.23844985663890839 0.15367017686367035
vt 0.24151605367660522 0.15389154851436615
vt 0.24458225071430206 0.154110386967659
vt 0.24764843285083771 0.15433007478713989
vt 0.25071462988853455 0.15455399453639984
vt 0.25684702396392822 0.1550123542547226
vt 0.2629794180393219 0.1554797887802124
vt 0.26911178231239319 0.15594968199729919
vt 0.28137657046318054 0.15686608850955963
vt 0.2936413586139679 0.15769636631011963
vt 0.30590611696243286 0.1583794504404068
vt 0.31817090511322021 0.1588723212480545
vt 0.3243032693862915 0.15904109179973602
vt 0.33043566346168518 0.15915834903717041
vt 0.33656805753707886 0.1592261791229248
vt 0.3396342396736145 0.15924254059791565
vt 0.34270045161247253 0.15924787521362305
vt 0.34576663374900818 0.15924254059791565
vt 0.34883284568786621 0.1592261791229248
vt 0.3549652099609375 0.15915834903717041
vt 0.36109760403633118 0.15904109179973602
vt 0.36722999811172485 0.1588723212480545
vt 0.37949478626251221 0.1583794504404068
vt 0.39175954461097717 0.15769636631011963
vt 0.40402433276176453 0.15686608850955963
vt 0.41628909111022949 0.15594968199729919
vt 0.42242148518562317 0.1554797887802124
vt 0.42855387926101685 0.1550123542547226
vt 0.43468627333641052 0.15455399453639984
vt 0.43775245547294617 0.15433007478713989
vt 0.44081863760948181 0.154110386967659
vt 0.44388484954833984 0.15389154851436615
vt 0.44695103168487549 0.15367017686367035
vt 0.45308342576026917 0.15322233736515045
vt 0.45921581983566284 0.15277278423309326
vt 0.46534821391105652 0.15232798457145691
vt 0.47761297225952148 0.15148045122623444
vt 0.48987776041030884 0.15073446929454803
vt 0.50214254856109619 0.15013572573661804
vt 0.51440727710723877 0.14971187710762024
vt 0.52667206525802612 0.14946891367435455
vt 0.53893685340881348 0.14939332008361816
vt 0.074696660041809082 0.14647819101810455
vt 0.06137114018201828 0.14526747167110443
vt 0.04774034395813942 0.14138686656951904
vt 0.034623380750417709 0.1346580982208252
vt 0.022913802415132523 0.12523935735225677
vt 0.013401789590716362 0.11364458501338959
vt 0.0066058565862476826 0.10065618902444839
vt 0.0042914696969091892 0.093917056918144226
vt 0.0026871752925217152 0.087159059941768646
vt 0.0021419948898255825 0.083804048597812653
vt 0.0017608719645068049 0.080479934811592102
vt 0.0015374482609331608 0.077196933329105377
vt 0.0014646447962149978 0.073964238166809082
vt 0.0015374482609331608 0.070731550455093384
vt 0.0017608631169423461 0.067448921501636505
vt 0.0026872197631746531 0.060769375413656235
vt 0.0042914696969091892 0.054011430591344833
vt 0.0066058477386832237 0.047272276133298874
vt 0.013401789590716362 0.034283891320228577
vt 0.022913802415132523 0.022689124569296837
vt 0.034623380750417709 0.013270379975438118
vt 0.047740384936332703 0.006541077047586441
vt 0.054546266794204712 0.0042493934743106365
vt 0.06137114018201828 0.0026608728803694248
vt 0.068116821348667145 0.0017435949994251132
vt 0.071431957185268402 0.0015223720110952854
vt 0.074696660041809082 0.0014502792619168758
vt 0.077961362898349762 0.0015223720110952854
vt 0.081276498734951019 0.0017435949994251132
vt 0.088022179901599884 0.0026608728803694248
vt 0.094847053289413452 0.0042493934743106365
vt 0.10165294259786606 0.006541077047586441
vt 0.11476993560791016 0.013270379975438118
vt 0.12647952139377594 0.022689124569296837
vt 0.13599152863025665 0.034283891320228577
vt 0.14278747141361237 0.047272276133298874
vt 0.14510184526443481 0.054011430591344833
vt 0.14670610427856445 0.060769375413656235
vt 0.14763246476650238 0.067448921501636505
vt 0.14785587787628174 0.070731550455093384
vt 0.14792868494987488 0.073964238166809082
vt 0.14785587787628174 0.077196933329105377
vt 0.14763244986534119 0.080479934811592102
vt 0.14725132286548615 0.083804048597812653
vt 0.14670614898204803 0.087159059941768646
vt 0.14510184526443481 0.093917056918144226
vt 0.14278747141361237 0.10065618902444839
vt 0.13599152863025665 0.11364458501338959
vt 0.12647952139377594 0.12523935735225677
vt 0.11476993560791016 0.1346580982208252
vt 0.10165297985076904 0.14138686656951904
vt 0.088022179901599884 0.14526747167110443
vt 0.074696660041809082 0.1361190527677536
vt 0.086118534207344055 0.13508129119873047
vt 0.09780208021402359 0.13175506889820099
vt 0.10904518514871597 0.12598754465579987
vt 0.11908196657896042 0.11791433393955231
vt 0.12723512947559357 0.10797596722841263
vt 0.13306021690368652 0.096843063831329346
vt 0.13504396378993988 0.091066651046276093
vt 0.13641904294490814 0.085274122655391693
vt 0.13721306622028351 0.079548798501491547
vt 0.13740456104278564 0.076735116541385651
vt 0.13746696710586548 0.073964238166809082
vt 0.13740456104278564 0.071193359792232513
vt 0.13721306622028351 0.068379677832126617
vt 0.13641904294490814 0.062654361128807068
vt 0.13504396378993988 0.05686182901263237
vt 0.13306021690368652 0.051085416227579117
vt 0.12723512947559357 0.039952512830495834
vt 0.11908196657896042 0.030014142394065857
vt 0.10904518514871597 0.021940931677818298
vt 0.097802035510540009 0.016172956675291061
vt 0.091968424618244171 0.014208657667040825
vt 0.086118534207344055 0.012847068719565868
vt 0.080336518585681915 0.012060830369591713
vt 0.077494978904724121 0.011871210299432278
vt 0.074696660041809082 0.011809417046606541
vt 0.07189834862947464 0.011871210299432278
vt 0.069056801497936249 0.012060830369591713
vt 0.063274785876274109 0.012847068719565868
vt 0.057424899190664291 0.014208657667040825
vt 0.051591277122497559 0.016172956675291061
vt 0.040348134934902191 0.021940931677818298
vt 0.030311351642012596 0.030014142394065857
vt 0.022158198058605194 0.039952512830495834
vt 0.016333108767867088 0.051085416227579117
vt 0.014349357225000858 0.05686182901263237
vt 0.01297428272664547 0.062654361128807068
vt 0.01218025665730238 0.068379677832126617
vt 0.011988764628767967 0.071193359792232513
vt 0.011926361359655857 0.073964238166809082
vt 0.011988764628767967 0.076735116541385651
vt 0.01218025665730238 0.079548798501491547
vt 0.01297428272664547 0.085274122655391693
vt 0.014349357225000858 0.091066651046276093
vt 0.016333108767867088 0.096843063831329346
vt 0.022158198058605194 0.10797596722841263
vt 0.030311351642012596 0.11791433393955231
vt 0.040348134934902191 0.12598754465579987
vt 0.051591243594884872 0.13175506889820099
vt 0.063274785876274109 0.13508129119873047
vt 0.072499595582485199 0.14939332008361816
vt 0.085691846907138824 0.15061941742897034
vt 0.099186316132545471 0.15454933047294617
vt 0.11217208206653595 0.16136369109153748
vt 0.12376455217599869 0.17090243101119995
vt 0.13318143784999847 0.18264521658420563
vt 0.13990940153598785 0.19579987227916718
vt 0.14220063388347626 0.20262543857097626
vt 0.1437888890504837 0.2094702422618866
vt 0.14432862401008606 0.21286839246749878
vt 0.14470593631267548 0.21623526513576508
vt 0.14492711424827576 0.21956054866313934
vt 0.1449991911649704 0.22283490002155304
vt 0.14492711424827576 0.22610928118228912
vt 0.14470593631267548 0.22943426668643951
vt 0.14378884434700012 0.23620009422302246
vt 0.14220063388347626 0.24304547905921936
vt 0.13990940153598785 0.24987193942070007
vt 0.13318143784999847 0.26302897930145264
vt 0.12376455217599869 0.27477473020553589
vt 0.11217208206653595 0.28431645035743713
vt 0.099186278879642487 0.29113376140594482
vt 0.092448458075523376 0.29345542192459106
vt 0.085691846907138824 0.29506474733352661
vt 0.079013630747795105 0.29599404335021973
vt 0.075731649994850159 0.29621818661689758
vt 0.072499595582485199 0.29629123210906982
vt 0.069267548620700836 0.29621818661689758
vt 0.065985575318336487 0.29599404335021973
vt 0.059307347983121872 0.29506474733352661
vt 0.052550740540027618 0.29345542192459106
vt 0.045812923461198807 0.29113376140594482
vt 0.032827112823724747 0.28431645035743713
vt 0.021234637126326561 0.27477473020553589
vt 0.011817761696875095 0.26302897930145264
vt 0.0050897891633212566 0.24987193942070007
vt 0.0027985598426312208 0.24304547905921936
vt 0.0012103564804419875 0.23620009422302246
vt 0.00029326157527975738 0.22943426668643951
vt 7.2079499659594148E-05 0.22610928118228912
vt 0 0.22283490002155304
vt 7.2079499659594148E-05 0.21956054866313934
vt 0.00029327021911740303 0.21623526513576508
vt 0.00067058129934594035 0.21286839246749878
vt 0.0012103046756237745 0.2094702422618866
vt 0.0027985598426312208 0.20262543857097626
vt 0.0050897980108857155 0.19579987227916718
vt 0.011817761696875095 0.18264521658420563
vt 0.021234637126326561 0.17090243101119995
vt 0.032827112823724747 0.16136369109153748
vt 0.045812882483005524 0.15454933047294617
vt 0.059307347983121872 0.15061941742897034
vt 0.072499595582485199 0.15988412499427795
vt 0.06119195744395256 0.16093510389328003
vt 0.049625266343355179 0.16430367529392242
vt 0.038494609296321869 0.1701446920633316
vt 0.028558207675814629 0.17832091450691223
vt 0.020486591383814812 0.18838635087013245
vt 0.01471976563334465 0.19966188073158264
vt 0.012755850329995155 0.20551244914531708
vt 0.011394532397389412 0.21137940883636475
vt 0.010608451440930367 0.21717840433120728
vt 0.010418866761028767 0.22002832591533661
vt 0.010357089340686798 0.22283490002155304
vt 0.010418866761028767 0.22564150393009186
vt 0.010608451440930367 0.22849150002002716
vt 0.011394532397389412 0.23429074883460999
vt 0.012755850329995155 0.24015818536281586
vt 0.01471976563334465 0.24600937962532043
vt 0.020486591383814812 0.25728669762611389
vt 0.028558207675814629 0.26735427975654602
vt 0.038494609296321869 0.27553269267082214
vt 0.049625307321548462 0.2813759446144104
vt 0.055400580167770386 0.28336590528488159
vt 0.06119195744395256 0.28474527597427368
vt 0.066916145384311676 0.28554180264472961
vt 0.0697292760014534 0.2857339084148407
vt 0.072499595582485199 0.28579649329185486
vt 0.075269930064678192 0.2857339084148407
vt 0.078083053231239319 0.28554180264472961
vt 0.083807237446308136 0.28474527597427368
vt 0.089598625898361206 0.28336590528488159
vt 0.095373891294002533 0.2813759446144104
vt 0.10650458931922913 0.27553269267082214
vt 0.11644098907709122 0.26735427975654602
vt 0.12451260536909103 0.25728669762611389
vt 0.13027943670749664 0.24600937962532043
vt 0.13224335014820099 0.24015818536281586
vt 0.13360466063022614 0.23429074883460999
vt 0.13439074158668518 0.22849150002002716
vt 0.1345803290605545 0.22564150393009186
vt 0.1346421092748642 0.22283490002155304
vt 0.1345803290605545 0.22002832591533661
vt 0.13439074158668518 0.21717840433120728
vt 0.13360466063022614 0.21137940883636475
vt 0.13224335014820099 0.20551244914531708
vt 0.13027943670749664 0.19966188073158264
vt 0.12451260536909103 0.18838635087013245
vt 0.11644098907709122 0.17832091450691223
vt 0.10650458931922913 0.1701446920633316
vt 0.095373928546905518 0.16430367529392242
vt 0.083807237446308136 0.16093510389328003
vn 0.39543339610099792 0.91849464178085327 0
vn 0.36090877652168274 0.93260115385055542 0
vn 0.32560175657272339 0.9455069899559021 0
vn 0.36453002691268921 0.93119162321090698 0
vn 0.40829908847808838 0.91284823417663574 0
vn 0.44921007752418518 0.89342617988586426 0
vn 0.48788771033287048 0.8729063868522644 0
vn 0.52495658397674561 0.85112899541854858 0
vn 0.5609745979309082 0.82783299684524536 0
vn 0.59644365310668945 0.80265498161315918 0
vn 0.64954185485839844 0.7603258490562439 0
vn 0.70238661766052246 0.71179568767547607 0
vn 0.70710676908493042 0.70710676908493042 0
vn 0.35488542914390564 0.91701763868331909 -0.18203012645244598
vn 0.32016196846961975 0.92971044778823853 -0.18202953040599823
vn 0.35837796330451965 0.91565847396850586 -0.18202966451644897
vn 0.40138721466064453 0.89763766527175903 -0.18202994763851166
vn 0.44162312150001526 0.87854099273681641 -0.18202953040599823
vn 0.47968697547912598 0.85835057497024536 -0.18202953040599823
vn 0.51617997884750366 0.83691304922103882 -0.18202953040599823
vn 0.5516389012336731 0.81397777795791626 -0.18202953040599823
vn 0.58654659986495972 0.78919476270675659 -0.18202954530715942
vn 0.6387629508972168 0.74756073951721191 -0.18202973902225494
vn 0.69066113233566284 0.69989496469497681 -0.18202812969684601
vn 0.69529318809509277 0.69529318809509277 -0.18202953040599823
vn 0.33558729290962219 0.86709415912628174 -0.36814254522323608
vn 0.30273476243019104 0.87910383939743042 -0.36814144253730774
vn 0.33868458867073059 0.86588943004608154 -0.36814165115356445
vn 0.3792668879032135 0.84889811277389526 -0.36814212799072266
vn 0.41733783483505249 0.83084356784820557 -0.36814141273498535
vn 0.45342719554901123 0.81171154975891113 -0.36814144253730774
vn 0.4880642294883728 0.79136919975280762 -0.36814144253730774
vn 0.5217212438583374 0.76959651708602905 -0.36814144253730774
vn 0.55482262372970581 0.74608558416366577 -0.36814144253730774
vn 0.60421246290206909 0.70668160915374756 -0.36814180016517639
vn 0.65309441089630127 0.66177141666412354 -0.36813893914222717
vn 0.65744650363922119 0.65744650363922119 -0.36814144253730774
vn 0.30212566256523132 0.78054547309875488 -0.54723745584487915
vn 0.2725217342376709 0.79136872291564941 -0.54723614454269409
vn 0.30459868907928467 0.77958446741104126 -0.54723638296127319
vn 0.34099924564361572 0.76436328887939453 -0.54723691940307617
vn 0.37530931830406189 0.74811464548110962 -0.54723608493804932
vn 0.40794625878334045 0.73082995414733887 -0.54723614454269409
vn 0.43932652473449707 0.71240776777267456 -0.54723614454269409
vn 0.46982103586196899 0.69267654418945312 -0.54723614454269409
vn 0.49976262450218201 0.6713939905166626 -0.54723614454269409
vn 0.54424750804901123 0.63586699962615967 -0.54723656177520752
vn 0.58795773983001709 0.59568572044372559 -0.5472332239151001
vn 0.59183299541473389 0.59183299541473389 -0.54723614454269409
vn 0.25528046488761902 0.6594129204750061 -0.70711135864257812
vn 0.23023433983325958 0.66857117414474487 -0.70711016654968262
vn 0.25700575113296509 0.65874350070953369 -0.70711034536361694
vn 0.28760644793510437 0.64596962928771973 -0.70711082220077515
vn 0.31663709878921509 0.63224697113037109 -0.70711010694503784
vn 0.3443816602230072 0.617573082447052 -0.70711016654968262
vn 0.371122807264328 0.6018829345703125 -0.70711016654968262
vn 0.39711153507232666 0.58506208658218384 -0.70711016654968262
vn 0.42257231473922729 0.56694608926773071 -0.70711016654968262
vn 0.46018216013908386 0.53686785697937012 -0.70711052417755127
vn 0.49677255749702454 0.50320571660995483 -0.70710748434066772
vn 0.49999761581420898 0.49999761581420898 -0.70711016654968262
vn 0.19760441780090332 0.51032716035842896 -0.83696991205215454
vn 0.17818589508533478 0.51742881536483765 -0.83696907758712769
vn 0.19860321283340454 0.509940505027771 -0.83696919679641724
vn 0.22214657068252563 0.50013291835784912 -0.83696949481964111
vn 0.2446553111076355 0.48951670527458191 -0.83696901798248291
vn 0.26628595590591431 0.47809475660324097 -0.83696907758712769
vn 0.2871936559677124 0.46583539247512817 -0.83696907758712769
vn 0.30751511454582214 0.45267787575721741 -0.83696907758712769
vn 0.32737195491790771 0.43853208422660828 -0.83696907758712769
vn 0.35650491714477539 0.41519463062286377 -0.83696931600570679
vn 0.38451316952705383 0.38940399885177612 -0.83696722984313965
vn 0.386964350938797 0.386964350938797 -0.83696907758712769
vn 0.13297396898269653 0.34333595633506775 -0.92975175380706787
vn 0.11988294869661331 0.34812435507774353 -0.92975133657455444
vn 0.13340096175670624 0.34317129850387573 -0.92975139617919922
vn 0.14913977682590485 0.3366294801235199 -0.92975151538848877
vn 0.16431328654289246 0.32948994636535645 -0.92975133657455444
vn 0.17898093163967133 0.32175815105438232 -0.92975133657455444
vn 0.19320099055767059 0.31342601776123047 -0.92975133657455444
vn 0.20702371001243591 0.30447277426719666 -0.92975133657455444
vn 0.22049316763877869 0.29486477375030518 -0.92975133657455444
vn 0.24011218547821045 0.27912068367004395 -0.92975145578384399
vn 0.25873148441314697 0.26195827126502991 -0.92975044250488281
vn 0.26034832000732422 0.26034832000732422 -0.92975133657455444
vn 0.099360562860965729 0.25651609897613525 -0.96141922473907471
vn 0.089569427073001862 0.26009777188301086 -0.96141898632049561
vn 0.099587149918079376 0.25642907619476318 -0.96141904592514038
vn 0.1113082692027092 0.2515626847743988 -0.96141910552978516
vn 0.12265618145465851 0.24622957408428192 -0.96141898632049561
vn 0.1336580216884613 0.2404351681470871 -0.96141898632049561
vn 0.14434003829956055 0.2341783195734024 -0.96141898632049561
vn 0.15472406148910522 0.22745110094547272 -0.96141898632049561
vn 0.16482886672019958 0.22023844718933105 -0.96141898632049561
vn 0.17949396371841431 0.20845936238765717 -0.96141904592514038
vn 0.1933208703994751 0.1957077831029892 -0.9614185094833374
vn 0.19451674818992615 0.19451674818992615 -0.96141898632049561
vn 0.065736368298530579 0.16968905925750732 -0.9833027720451355
vn 0.059252411127090454 0.17206111550331116 -0.98330265283584595
vn 0.065826036036014557 0.16965487599372864 -0.98330265283584595
vn 0.073555171489715576 0.16644942760467529 -0.98330271244049072
vn 0.081069357693195343 0.16292217373847961 -0.98330265283584595
vn 0.088375315070152283 0.15907758474349976 -0.98330265283584595
vn 0.09547916054725647 0.15491805970668793 -0.98330265283584595
vn 0.10238514095544815 0.15044321119785309 -0.98330265283584595
vn 0.1090964749455452 0.14564968645572662 -0.98330265283584595
vn 0.1188022792339325 0.13784709572792053 -0.98330271244049072
vn 0.12789438664913177 0.12945783138275146 -0.98330241441726685
vn 0.12867765128612518 0.12867765128612518 -0.98330265283584595
vn 0.049019604921340942 0.12652948498725891 -0.99075090885162354
vn 0.04418221116065979 0.12829923629760742 -0.99075084924697876
vn 0.049064468592405319 0.12651254236698151 -0.99075084924697876
vn 0.054818790405988693 0.12412738800048828 -0.99075084924697876
vn 0.060424469411373138 0.12149751931428909 -0.99075084924697876
vn 0.065882429480552673 0.11862659454345703 -0.99075084924697876
vn 0.071193128824234009 0.11551753431558609 -0.99075084924697876
vn 0.076356016099452972 0.11217184364795685 -0.99075084924697876
vn 0.081370137631893158 0.10858941823244095 -0.99075084924697876
vn 0.088609017431735992 0.10276753455400467 -0.99075084924697876
vn 0.095368705689907074 0.096528828144073486 -0.99075073003768921
vn 0.095949888229370117 0.095949888229370117 -0.99075084924697876
vn 0.032451480627059937 0.083758801221847534 -0.99595749378204346
vn 0.02924756146967411 0.084930993616580963 -0.99595749378204346
vn 0.032466880977153778 0.083753138780593872 -0.99595749378204346
vn 0.036270260810852051 0.082177482545375824 -0.99595749378204346
vn 0.039982803165912628 0.080436743795871735 -0.99595749378204346
vn 0.043602455407381058 0.078533560037612915 -0.99595749378204346
vn 0.047126863151788712 0.076470598578453064 -0.99595749378204346
vn 0.050553247332572937 0.074250005185604095 -0.99595749378204346
vn 0.053878795355558395 0.071873277425765991 -0.99595749378204346
vn 0.058671824634075165 0.068016864359378815 -0.99595749378204346
vn 0.06313362717628479 0.06389792263507843 -0.99595743417739868
vn 0.063516512513160706 0.063516512513160706 -0.99595749378204346
vn 0.016128689050674438 0.041626438498497009 -0.99900305271148682
vn 0.014535564929246902 0.04220932349562645 -0.99900305271148682
vn 0.016129381954669952 0.041626323014497757 -0.99900305271148682
vn 0.018016764894127846 0.040844827890396118 -0.99900305271148682
vn 0.019862672314047813 0.039979793131351471 -0.99900305271148682
vn 0.021664794534444809 0.039032630622386932 -0.99900305271148682
vn 0.023420671001076698 0.038005024194717407 -0.99900305271148682
vn 0.025127742439508438 0.036898594349622726 -0.99900305271148682
vn 0.026783555746078491 0.035714849829673767 -0.99900305271148682
vn 0.029166128486394882 0.033797074109315872 -0.99900305271148682
vn 0.031377285718917847 0.031755339354276657 -0.99900305271148682
vn 0.031566672027111053 0.031566672027111053 -0.99900305271148682
vn -2.2476946526239772E-07 -5.8007219649880426E-07 -1
vn -2.0255740196262195E-07 -5.8819938431042829E-07 -1
vn -2.2468441329692723E-07 -5.8010726888824138E-07 -1
vn -2.5094709599216003E-07 -5.6923840929812286E-07 -1
vn -2.7668167490446649E-07 -5.571849328589451E-07 -1
vn -3.0183841204234341E-07 -5.4396809900936205E-07 -1
vn -3.2636555147291801E-07 -5.2961627261538524E-07 -1
vn -3.5021130884160812E-07 -5.1415935331533547E-07 -1
vn -3.7332739566409145E-07 -4.9762900289351819E-07 -1
vn -4.0653617361385841E-07 -4.7088784072002454E-07 -1
vn -4.3726385001718882E-07 -4.4250779751564551E-07 -1
vn -4.398908117764222E-07 -4.3989089704155049E-07 -1
vn -0.016131090000271797 -0.041627749800682068 -0.99900293350219727
vn -0.014536249451339245 -0.042211297899484634 -0.99900293350219727
vn -0.016118245199322701 -0.04163287952542305 -0.99900293350219727
vn -0.01800021156668663 -0.040854413062334061 -0.99900293350219727
vn -0.019847827032208443 -0.039989497512578964 -0.99900293350219727
vn -0.021656271070241928 -0.039039749652147293 -0.99900293350219727
vn -0.023420574143528938 -0.038007538765668869 -0.99900293350219727
vn -0.025135902687907219 -0.036895565688610077 -0.99900293350219727
vn -0.02679775096476078 -0.035706814378499985 -0.99900293350219727
vn -0.029181435704231262 -0.033786620944738388 -0.99900293350219727
vn -0.031380496919155121 -0.031755097210407257 -0.99900293350219727
vn -0.031568150967359543 -0.031568150967359543 -0.99900293350219727
vn -0.032456174492835999 -0.083751112222671509 -0.99595803022384644
vn -0.029245797544717789 -0.084925815463066101 -0.99595797061920166
vn -0.032416675239801407 -0.083766721189022064 -0.99595797061920166
vn -0.036197502166032791 -0.082203589379787445 -0.99595797061920166
vn -0.039916388690471649 -0.080463610589504242 -0.99595797061920166
vn -0.043561115860939026 -0.078550241887569427 -0.99595797061920166
vn -0.047119159251451492 -0.076468922197818756 -0.99595797061920166
vn -0.050578489899635315 -0.074226193130016327 -0.99595797061920166
vn -0.053927987813949585 -0.071829535067081451 -0.99595797061920166
vn -0.058724783360958099 -0.067963913083076477 -0.99595797061920166
vn -0.063136845827102661 -0.063887022435665131 -0.99595791101455688
vn -0.063512638211250305 -0.063512638211250305 -0.99595797061920166
vn -0.065772481262683868 -0.1697009801864624 -0.98329830169677734
vn -0.059260360896587372 -0.17208395898342133 -0.98329818248748779
vn -0.065636835992336273 -0.16975411772727966 -0.98329818248748779
vn -0.073275357484817505 -0.16659927368164062 -0.98329824209213257
vn -0.080817513167858124 -0.16307424008846283 -0.98329818248748779
vn -0.088228270411491394 -0.15918684005737305 -0.98329818248748779
vn -0.095472000539302826 -0.15495088696479797 -0.98329818248748779
vn -0.10251501202583313 -0.15038402378559113 -0.98329818248748779
vn -0.10932637751102448 -0.14550745487213135 -0.98329818248748779
vn -0.11905013769865036 -0.13766507804393768 -0.98329824209213257
vn -0.12794040143489838 -0.12944626808166504 -0.98329800367355347
vn -0.12869475781917572 -0.12869475781917572 -0.98329818248748779
vn -0.09941834956407547 -0.25647950172424316 -0.96142303943634033
vn -0.089565292000770569 -0.26008522510528564 -0.96142274141311646
vn -0.099129721522331238 -0.25659209489822388 -0.96142280101776123
vn -0.11064071208238602 -0.25184264779090881 -0.96142286062240601
vn -0.12204977124929428 -0.24651595950126648 -0.96142274141311646
vn -0.13328850269317627 -0.24062509834766388 -0.96142274141311646
vn -0.14428772032260895 -0.2341950535774231 -0.96142274141311646
vn -0.15498247742652893 -0.22725909948348999 -0.96142274141311646
vn -0.16531351208686829 -0.21985836327075958 -0.96142274141311646
vn -0.18001598119735718 -0.20799124240875244 -0.96142286062240601
vn -0.19337791204452515 -0.19563259184360504 -0.96142232418060303
vn -0.1945074051618576 -0.1945074200630188 -0.96142274141311646
vn -0.13308753073215485 -0.34329640865325928 -0.92975014448165894
vn -0.11988461762666702 -0.34812822937965393 -0.92974966764450073
vn -0.13259139657020569 -0.34348949790000916 -0.92974966764450073
vn -0.14795488119125366 -0.337156742811203 -0.92974978685379028
vn -0.16323910653591156 -0.33002817630767822 -0.92974966764450073
vn -0.17833234369754791 -0.32212290167808533 -0.92974966764450073
vn -0.19312186539173126 -0.3134797215461731 -0.92974966764450073
vn -0.20750246942043304 -0.30415180325508118 -0.92974966764450073
vn -0.22137837111949921 -0.29420608282089233 -0.92974966764450073
vn -0.24106588959693909 -0.27830305695533752 -0.92974978685379028
vn -0.25885331630706787 -0.26184341311454773 -0.92974889278411865
vn -0.26035130023956299 -0.26035130023956299 -0.92974966764450073
vn -0.19785137474536896 -0.51022946834564209 -0.83697116374969482
vn -0.17818598449230194 -0.51742690801620483 -0.83697021007537842
vn -0.19680678844451904 -0.51063472032546997 -0.83697032928466797
vn -0.21951872110366821 -0.50129026174545288 -0.83697050809860229
vn -0.24227209389209747 -0.49069857597351074 -0.83697021007537842
vn -0.26484456658363342 -0.47889271378517151 -0.83697021007537842
vn -0.28701263666152954 -0.46594485640525818 -0.83697021007537842
vn -0.30856889486312866 -0.45195809006690979 -0.83697021007537842
vn -0.32932525873184204 -0.43706488609313965 -0.83697021007537842
vn -0.35860931873321533 -0.41337606310844421 -0.83697050809860229
vn -0.38477519154548645 -0.38914185762405396 -0.83696871995925903
vn -0.38696309924125671 -0.38696309924125671 -0.83697021007537842
vn -0.25569519400596619 -0.65925568342208862 -0.70710813999176025
vn -0.23023653030395508 -0.66857397556304932 -0.70710676908493042
vn -0.2540012001991272 -0.65991151332855225 -0.70710688829421997
vn -0.28321060538291931 -0.64791297912597656 -0.70710712671279907
vn -0.31265094876289368 -0.6342313289642334 -0.70710676908493042
vn -0.34197214245796204 -0.61891442537307739 -0.70710676908493042
vn -0.37082314491271973 -0.60207158327102661 -0.70710676908493042
vn -0.39887902140617371 -0.58386260271072388 -0.70710676908493042
vn -0.42584595084190369 -0.56449556350708008 -0.70710676908493042
vn -0.4637090265750885 -0.5338289737701416 -0.70710718631744385
vn -0.49721574783325195 -0.50277167558670044 -0.70710480213165283
vn -0.5 -0.5 -0.70710676908493042
vn -0.30270227789878845 -0.78031331300735474 -0.54724991321563721
vn -0.27252066135406494 -0.79136061668395996 -0.54724842309951782
vn -0.30037397146224976 -0.78121346235275269 -0.54724860191345215
vn -0.33481994271278381 -0.76708167791366577 -0.54724884033203125
vn -0.36970490217208862 -0.75089108943939209 -0.54724842309951782
vn -0.40455576777458191 -0.73270303010940552 -0.54724842309951782
vn -0.43889892101287842 -0.71266180276870728 -0.54724842309951782
vn -0.47229656577110291 -0.69098126888275146 -0.54724842309951782
vn -0.50435346364974976 -0.66794216632843018 -0.5472484827041626
vn -0.54919344186782837 -0.63158947229385376 -0.54724884033203125
vn -0.58857154846191406 -0.59506720304489136 -0.54724633693695068
vn -0.59182733297348022 -0.59182733297348022 -0.54724842309951782
vn -0.33629530668258667 -0.86679810285568237 -0.36819359660148621
vn -0.30273011326789856 -0.87908411026000977 -0.36819234490394592
vn -0.33345696330070496 -0.86789447069168091 -0.36819243431091309
vn -0.37162205576896667 -0.85225069522857666 -0.36819261312484741
vn -0.41040337085723877 -0.83426821231842041 -0.36819231510162354
vn -0.44922980666160583 -0.81401902437210083 -0.36819234490394592
vn -0.48753011226654053 -0.79167467355728149 -0.36819234490394592
vn -0.52477669715881348 -0.76749187707901001 -0.36819234490394592
vn -0.56049370765686035 -0.7418094277381897 -0.36819234490394592
vn -0.61032217741012573 -0.70138508081436157 -0.36819267272949219
vn -0.65384644269943237 -0.66099965572357178 -0.36819061636924744
vn -0.65743225812911987 -0.65743225812911987 -0.36819234490394592
vn -0.34776508808135986 -0.89632171392440796 -0.27507597208023071
vn -0.3130430281162262 -0.90903127193450928 -0.27507498860359192
vn -0.34474220871925354 -0.89748901128768921 -0.27507507801055908
vn -0.38417291641235352 -0.88133126497268677 -0.27507522702217102
vn -0.42428556084632874 -0.86273723840713501 -0.27507498860359192
vn -0.46447372436523438 -0.84178256988525391 -0.27507498860359192
vn -0.504131019115448 -0.81864869594573975 -0.27507498860359192
vn -0.5426974892616272 -0.79360771179199219 -0.27507498860359192
vn -0.57966822385787964 -0.76701921224594116 -0.27507498860359192
vn -0.63120043277740479 -0.72520315647125244 -0.27507525682449341
vn -0.67613124847412109 -0.68350642919540405 -0.27507361769676208
vn -0.67982858419418335 -0.67982858419418335 -0.27507498860359192
vn -0.35568740963935852 -0.91671234369277954 -0.18200263381004333
vn -0.32016578316688538 -0.92971456050872803 -0.18200194835662842
vn -0.3525337278842926 -0.91792988777160645 -0.182001993060112
vn -0.39283725619316101 -0.90141785144805908 -0.18200209736824036
vn -0.43386977910995483 -0.88240146636962891 -0.18200193345546722
vn -0.47499987483024597 -0.86095899343490601 -0.18200193345546722
vn -0.51559633016586304 -0.83727878332138062 -0.18200194835662842
vn -0.55507630109786987 -0.81164377927780151 -0.18200193345546722
vn -0.5929144024848938 -0.78442835807800293 -0.18200193345546722
vn -0.64562344551086426 -0.74165058135986328 -0.18200211226940155
vn -0.69152295589447021 -0.69905054569244385 -0.18200099468231201
vn -0.69529682397842407 -0.69529682397842407 -0.18200194835662842
vn -0.36027240753173828 -0.9285128116607666 -0.089820526540279388
vn -0.32428789138793945 -0.94168448448181152 -0.089820176362991333
vn -0.35704198479652405 -0.92975986003875732 -0.089820198714733124
vn -0.39785021543502808 -0.91304302215576172 -0.089820250868797302
vn -0.43941521644592285 -0.89378219842910767 -0.089820168912410736
vn -0.48109090328216553 -0.87205725908279419 -0.089820176362991333
vn -0.52223145961761475 -0.8480604887008667 -0.089820176362991333
vn -0.56224071979522705 -0.82208132743835449 -0.089820176362991333
vn -0.60058116912841797 -0.79450273513793945 -0.089820168912410736
vn -0.65397149324417114 -0.75116819143295288 -0.089820265769958496
vn -0.70043063163757324 -0.70804619789123535 -0.089819692075252533
vn -0.70424866676330566 -0.70424866676330566 -0.089820176362991333
vn -0.36137521266937256 -0.93135106563568115 -0.044644836336374283
vn -0.32527932524681091 -0.94456350803375244 -0.044644661247730255
vn -0.35812616348266602 -0.93260520696640015 -0.044644676148891449
vn -0.39905574917793274 -0.91583913564682007 -0.044644702225923538
vn -0.44074884057044983 -0.89651954174041748 -0.044644661247730255
vn -0.4825558066368103 -0.87472665309906006 -0.044644661247730255
vn -0.52382737398147583 -0.85065370798110962 -0.044644661247730255
vn -0.56396394968032837 -0.82459169626235962 -0.044644661247730255
vn -0.60242533683776855 -0.79692572355270386 -0.044644661247730255
vn -0.6559794545173645 -0.75345724821090698 -0.044644709676504135
vn -0.70257306098937988 -0.71020978689193726 -0.044644422829151154
vn -0.7064017653465271 -0.7064017653465271 -0.044644661247730255
vn -0.36173635721206665 -0.93228042125701904 0
vn -0.32560396194458008 -0.94550621509552002 0
vn -0.35848119854927063 -0.93353694677352905 0
vn -0.39945048093795776 -0.91675478219985962 0
vn -0.44118553400039673 -0.89741593599319458 0
vn -0.48303550481796265 -0.87560075521469116 0
vn -0.52434992790222168 -0.85150289535522461 0
vn -0.56452822685241699 -0.82541376352310181 0
vn -0.60302919149398804 -0.79771912097930908 0
vn -0.65663701295852661 -0.75420677661895752 0
vn -0.70327466726303101 -0.71091824769973755 0
vn -0.70710676908493042 -0.70710676908493042 0
vn -0.36137521266937256 -0.93135106563568115 0.044644836336374283
vn -0.32527932524681091 -0.94456350803375244 0.044644661247730255
vn -0.35812616348266602 -0.93260520696640015 0.044644676148891449
vn -0.39905574917793274 -0.91583913564682007 0.044644702225923538
vn -0.44074884057044983 -0.89651954174041748 0.044644661247730255
vn -0.4825558066368103 -0.87472665309906006 0.044644661247730255
vn -0.52382737398147583 -0.85065370798110962 0.044644661247730255
vn -0.56396394968032837 -0.82459169626235962 0.044644661247730255
vn -0.60242533683776855 -0.79692572355270386 0.044644661247730255
vn -0.6559794545173645 -0.75345724821090698 0.044644709676504135
vn -0.70257306098937988 -0.71020978689193726 0.044644422829151154
vn -0.7064017653465271 -0.7064017653465271 0.044644661247730255
vn -0.36027240753173828 -0.9285128116607666 0.089820526540279388
vn -0.32428789138793945 -0.94168448448181152 0.089820176362991333
vn -0.35704198479652405 -0.92975986003875732 0.089820198714733124
vn -0.39785021543502808 -0.91304302215576172 0.089820250868797302
vn -0.43941521644592285 -0.89378219842910767 0.089820168912410736
vn -0.48109090328216553 -0.87205725908279419 0.089820176362991333
vn -0.52223145961761475 -0.8480604887008667 0.089820176362991333
vn -0.56224071979522705 -0.82208132743835449 0.089820176362991333
vn -0.60058116912841797 -0.79450273513793945 0.089820168912410736
vn -0.65397149324417114 -0.75116819143295288 0.089820265769958496
vn -0.70043063163757324 -0.70804619789123535 0.089819692075252533
vn -0.70424866676330566 -0.70424866676330566 0.089820176362991333
vn -0.35568740963935852 -0.91671234369277954 0.18200263381004333
vn -0.32016578316688538 -0.92971456050872803 0.18200194835662842
vn -0.3525337278842926 -0.91792988777160645 0.182001993060112
vn -0.39283725619316101 -0.90141785144805908 0.18200209736824036
vn -0.43386977910995483 -0.88240146636962891 0.18200193345546722
vn -0.47499987483024597 -0.86095899343490601 0.18200193345546722
vn -0.51559633016586304 -0.83727878332138062 0.18200194835662842
vn -0.55507630109786987 -0.81164377927780151 0.18200193345546722
vn -0.5929144024848938 -0.78442835807800293 0.18200193345546722
vn -0.64562344551086426 -0.74165058135986328 0.18200211226940155
vn -0.69152295589447021 -0.69905054569244385 0.18200099468231201
vn -0.69529682397842407 -0.69529682397842407 0.18200194835662842
vn -0.34776508808135986 -0.89632171392440796 0.27507597208023071
vn -0.3130430281162262 -0.90903127193450928 0.27507498860359192
vn -0.34474220871925354 -0.89748901128768921 0.27507507801055908
vn -0.38417291641235352 -0.88133126497268677 0.27507522702217102
vn -0.42428556084632874 -0.86273723840713501 0.27507498860359192
vn -0.46447372436523438 -0.84178256988525391 0.27507498860359192
vn -0.504131019115448 -0.81864869594573975 0.27507498860359192
vn -0.5426974892616272 -0.79360771179199219 0.27507498860359192
vn -0.57966822385787964 -0.76701921224594116 0.27507498860359192
vn -0.63120043277740479 -0.72520315647125244 0.27507525682449341
vn -0.67613124847412109 -0.68350642919540405 0.27507361769676208
vn -0.67982858419418335 -0.67982858419418335 0.27507498860359192
vn -0.33629530668258667 -0.86679810285568237 0.36819359660148621
vn -0.30273011326789856 -0.87908411026000977 0.36819234490394592
vn -0.33345696330070496 -0.86789447069168091 0.36819243431091309
vn -0.37162205576896667 -0.85225069522857666 0.36819261312484741
vn -0.41040337085723877 -0.83426821231842041 0.36819231510162354
vn -0.44922980666160583 -0.81401902437210083 0.36819234490394592
vn -0.48753011226654053 -0.79167467355728149 0.36819234490394592
vn -0.52477669715881348 -0.76749187707901001 0.36819234490394592
vn -0.56049370765686035 -0.7418094277381897 0.36819234490394592
vn -0.61032217741012573 -0.70138508081436157 0.36819267272949219
vn -0.65384644269943237 -0.66099965572357178 0.36819061636924744
vn -0.65743225812911987 -0.65743225812911987 0.36819234490394592
vn -0.30270227789878845 -0.78031331300735474 0.54724991321563721
vn -0.27252066135406494 -0.79136061668395996 0.54724842309951782
vn -0.30037397146224976 -0.78121346235275269 0.54724860191345215
vn -0.33481994271278381 -0.76708167791366577 0.54724884033203125
vn -0.36970490217208862 -0.75089108943939209 0.54724842309951782
vn -0.40455576777458191 -0.73270303010940552 0.54724842309951782
vn -0.43889892101287842 -0.71266180276870728 0.54724842309951782
vn -0.47229656577110291 -0.69098126888275146 0.54724842309951782
vn -0.50435346364974976 -0.66794216632843018 0.5472484827041626
vn -0.54919344186782837 -0.63158947229385376 0.54724884033203125
vn -0.58857154846191406 -0.59506720304489136 0.54724633693695068
vn -0.59182733297348022 -0.59182733297348022 0.54724842309951782
vn -0.25569519400596619 -0.65925568342208862 0.70710813999176025
vn -0.23023653030395508 -0.66857397556304932 0.70710676908493042
vn -0.2540012001991272 -0.65991151332855225 0.70710688829421997
vn -0.28321060538291931 -0.64791297912597656 0.70710712671279907
vn -0.31265094876289368 -0.6342313289642334 0.70710676908493042
vn -0.34197214245796204 -0.61891442537307739 0.70710676908493042
vn -0.37082314491271973 -0.60207158327102661 0.70710676908493042
vn -0.39887902140617371 -0.58386260271072388 0.70710676908493042
vn -0.42584595084190369 -0.56449556350708008 0.70710676908493042
vn -0.4637090265750885 -0.5338289737701416 0.70710718631744385
vn -0.49721574783325195 -0.50277167558670044 0.70710480213165283
vn -0.5 -0.5 0.70710676908493042
vn -0.19785137474536896 -0.51022946834564209 0.83697116374969482
vn -0.17818598449230194 -0.51742690801620483 0.83697021007537842
vn -0.19680678844451904 -0.51063472032546997 0.83697032928466797
vn -0.21951872110366821 -0.50129026174545288 0.83697050809860229
vn -0.24227209389209747 -0.49069857597351074 0.83697021007537842
vn -0.26484456658363342 -0.47889271378517151 0.83697021007537842
vn -0.28701263666152954 -0.46594485640525818 0.83697021007537842
vn -0.30856889486312866 -0.45195809006690979 0.83697021007537842
vn -0.32932525873184204 -0.43706488609313965 0.83697021007537842
vn -0.35860931873321533 -0.41337606310844421 0.83697050809860229
vn -0.38477519154548645 -0.38914185762405396 0.83696871995925903
vn -0.38696309924125671 -0.38696309924125671 0.83697021007537842
vn -0.13308753073215485 -0.34329640865325928 0.92975014448165894
vn -0.11988461762666702 -0.34812822937965393 0.92974966764450073
vn -0.13259139657020569 -0.34348949790000916 0.92974966764450073
vn -0.14795488119125366 -0.337156742811203 0.92974978685379028
vn -0.16323910653591156 -0.33002817630767822 0.92974966764450073
vn -0.17833234369754791 -0.32212290167808533 0.92974966764450073
vn -0.19312186539173126 -0.3134797215461731 0.92974966764450073
vn -0.20750246942043304 -0.30415180325508118 0.92974966764450073
vn -0.22137837111949921 -0.29420608282089233 0.92974966764450073
vn -0.24106588959693909 -0.27830305695533752 0.92974978685379028
vn -0.25885331630706787 -0.26184341311454773 0.92974889278411865
vn -0.26035130023956299 -0.26035130023956299 0.92974966764450073
vn -0.09941834956407547 -0.25647950172424316 0.96142303943634033
vn -0.089565292000770569 -0.26008522510528564 0.96142274141311646
vn -0.099129721522331238 -0.25659209489822388 0.96142280101776123
vn -0.11064071208238602 -0.25184264779090881 0.96142286062240601
vn -0.12204977124929428 -0.24651595950126648 0.96142274141311646
vn -0.13328850269317627 -0.24062509834766388 0.96142274141311646
vn -0.14428772032260895 -0.2341950535774231 0.96142274141311646
vn -0.15498247742652893 -0.22725909948348999 0.96142274141311646
vn -0.16531351208686829 -0.21985836327075958 0.96142274141311646
vn -0.18001598119735718 -0.20799124240875244 0.96142286062240601
vn -0.19337791204452515 -0.19563259184360504 0.96142232418060303
vn -0.1945074051618576 -0.1945074200630188 0.96142274141311646
vn -0.065772481262683868 -0.1697009801864624 0.98329830169677734
vn -0.059260360896587372 -0.17208395898342133 0.98329818248748779
vn -0.065636835992336273 -0.16975411772727966 0.98329818248748779
vn -0.073275357484817505 -0.16659927368164062 0.98329824209213257
vn -0.080817513167858124 -0.16307424008846283 0.98329818248748779
vn -0.088228270411491394 -0.15918684005737305 0.98329818248748779
vn -0.095472000539302826 -0.15495088696479797 0.98329818248748779
vn -0.10251501202583313 -0.15038402378559113 0.98329818248748779
vn -0.10932637751102448 -0.14550745487213135 0.98329818248748779
vn -0.11905013769865036 -0.13766507804393768 0.98329824209213257
vn -0.12794040143489838 -0.12944626808166504 0.98329800367355347
vn -0.12869475781917572 -0.12869475781917572 0.98329818248748779
vn -0.032456174492835999 -0.083751112222671509 0.99595803022384644
vn -0.029245797544717789 -0.084925815463066101 0.99595797061920166
vn -0.032416675239801407 -0.083766721189022064 0.99595797061920166
vn -0.036197502166032791 -0.082203589379787445 0.99595797061920166
vn -0.039916388690471649 -0.080463610589504242 0.99595797061920166
vn -0.043561115860939026 -0.078550241887569427 0.99595797061920166
vn -0.047119159251451492 -0.076468922197818756 0.99595797061920166
vn -0.050578489899635315 -0.074226193130016327 0.99595797061920166
vn -0.053927987813949585 -0.071829535067081451 0.99595797061920166
vn -0.058724783360958099 -0.067963913083076477 0.99595797061920166
vn -0.063136845827102661 -0.063887022435665131 0.99595791101455688
vn -0.063512638211250305 -0.063512638211250305 0.99595797061920166
vn -0.016131090000271797 -0.041627749800682068 0.99900293350219727
vn -0.014536249451339245 -0.042211297899484634 0.99900293350219727
vn -0.016118245199322701 -0.04163287952542305 0.99900293350219727
vn -0.01800021156668663 -0.040854413062334061 0.99900293350219727
vn -0.019847827032208443 -0.039989497512578964 0.99900293350219727
vn -0.021656271070241928 -0.039039749652147293 0.99900293350219727
vn -0.023420574143528938 -0.038007538765668869 0.99900293350219727
vn -0.025135902687907219 -0.036895565688610077 0.99900293350219727
vn -0.02679775096476078 -0.035706814378499985 0.99900293350219727
vn -0.029181435704231262 -0.033786620944738388 0.99900293350219727
vn -0.031380496919155121 -0.031755097210407257 0.99900293350219727
vn -0.031568150967359543 -0.031568150967359543 0.99900293350219727
vn -2.2476939420812414E-07 -5.8007208281196654E-07 1
vn -2.0255738775176724E-07 -5.8819927062359056E-07 1
vn -2.2468441329692723E-07 -5.8010726888824138E-07 1
vn -2.5094703914874117E-07 -5.6923823876786628E-07 1
vn -2.7668167490446649E-07 -5.571849328589451E-07 1
vn -3.018384973074717E-07 -5.4396821269619977E-07 1
vn -3.2636549462949915E-07 -5.2961621577196638E-07 1
vn -3.5021133726331755E-07 -5.1415935331533547E-07 1
vn -3.7332733882067259E-07 -4.9762894605009933E-07 1
vn -4.0653611677043955E-07 -4.7088778387660568E-07 1
vn -4.3726382159547938E-07 -4.4250779751564551E-07 1
vn -4.3989078335471277E-07 -4.3989078335471277E-07 1
vn 0.016128689050674438 0.041626438498497009 0.99900305271148682
vn 0.014535564929246902 0.04220932349562645 0.99900305271148682
vn 0.016129381954669952 0.041626323014497757 0.99900305271148682
vn 0.018016764894127846 0.040844827890396118 0.99900305271148682
vn 0.019862672314047813 0.039979793131351471 0.99900305271148682
vn 0.021664794534444809 0.039032630622386932 0.99900305271148682
vn 0.023420671001076698 0.038005024194717407 0.99900305271148682
vn 0.025127742439508438 0.036898594349622726 0.99900305271148682
vn 0.026783555746078491 0.035714849829673767 0.99900305271148682
vn 0.029166128486394882 0.033797074109315872 0.99900305271148682
vn 0.031377285718917847 0.031755339354276657 0.99900305271148682
vn 0.031566672027111053 0.031566672027111053 0.99900305271148682
vn 0.032451480627059937 0.083758801221847534 0.99595749378204346
vn 0.02924756146967411 0.084930993616580963 0.99595749378204346
vn 0.032466880977153778 0.083753138780593872 0.99595749378204346
vn 0.036270260810852051 0.082177482545375824 0.99595749378204346
vn 0.039982803165912628 0.080436743795871735 0.99595749378204346
vn 0.043602455407381058 0.078533560037612915 0.99595749378204346
vn 0.047126863151788712 0.076470598578453064 0.99595749378204346
vn 0.050553247332572937 0.074250005185604095 0.99595749378204346
vn 0.053878795355558395 0.071873277425765991 0.99595749378204346
vn 0.058671824634075165 0.068016864359378815 0.99595749378204346
vn 0.06313362717628479 0.06389792263507843 0.99595743417739868
vn 0.063516512513160706 0.063516512513160706 0.99595749378204346
vn 0.049019604921340942 0.12652948498725891 0.99075090885162354
vn 0.04418221116065979 0.12829923629760742 0.99075084924697876
vn 0.049064468592405319 0.12651254236698151 0.99075084924697876
vn 0.054818790405988693 0.12412738800048828 0.99075084924697876
vn 0.060424469411373138 0.12149751931428909 0.99075084924697876
vn 0.065882429480552673 0.11862659454345703 0.99075084924697876
vn 0.071193128824234009 0.11551753431558609 0.99075084924697876
vn 0.076356016099452972 0.11217184364795685 0.99075084924697876
vn 0.081370137631893158 0.10858941823244095 0.99075084924697876
vn 0.088609017431735992 0.10276753455400467 0.99075084924697876
vn 0.095368705689907074 0.096528828144073486 0.99075073003768921
vn 0.095949888229370117 0.095949888229370117 0.99075084924697876
vn 0.065736368298530579 0.16968905925750732 0.9833027720451355
vn 0.059252411127090454 0.17206111550331116 0.98330265283584595
vn 0.065826036036014557 0.16965487599372864 0.98330265283584595
vn 0.073555171489715576 0.16644942760467529 0.98330271244049072
vn 0.081069357693195343 0.16292217373847961 0.98330265283584595
vn 0.088375315070152283 0.15907758474349976 0.98330265283584595
vn 0.09547916054725647 0.15491805970668793 0.98330265283584595
vn 0.10238514095544815 0.15044321119785309 0.98330265283584595
vn 0.1090964749455452 0.14564968645572662 0.98330265283584595
vn 0.1188022792339325 0.13784709572792053 0.98330271244049072
vn 0.12789438664913177 0.12945783138275146 0.98330241441726685
vn 0.12867765128612518 0.12867765128612518 0.98330265283584595
vn 0.099360562860965729 0.25651609897613525 0.96141922473907471
vn 0.089569427073001862 0.26009777188301086 0.96141898632049561
vn 0.099587149918079376 0.25642907619476318 0.96141904592514038
vn 0.1113082692027092 0.2515626847743988 0.96141910552978516
vn 0.12265618145465851 0.24622957408428192 0.96141898632049561
vn 0.1336580216884613 0.2404351681470871 0.96141898632049561
vn 0.14434003829956055 0.2341783195734024 0.96141898632049561
vn 0.15472406148910522 0.22745110094547272 0.96141898632049561
vn 0.16482886672019958 0.22023844718933105 0.96141898632049561
vn 0.17949396371841431 0.20845936238765717 0.96141904592514038
vn 0.1933208703994751 0.1957077831029892 0.9614185094833374
vn 0.19451674818992615 0.19451674818992615 0.96141898632049561
vn 0.13297396898269653 0.34333595633506775 0.92975175380706787
vn 0.11988294869661331 0.34812435507774353 0.92975133657455444
vn 0.13340096175670624 0.34317129850387573 0.92975139617919922
vn 0.14913977682590485 0.3366294801235199 0.92975151538848877
vn 0.16431328654289246 0.32948994636535645 0.92975133657455444
vn 0.17898093163967133 0.32175815105438232 0.92975133657455444
vn 0.19320099055767059 0.31342601776123047 0.92975133657455444
vn 0.20702371001243591 0.30447277426719666 0.92975133657455444
vn 0.22049316763877869 0.29486477375030518 0.92975133657455444
vn 0.24011218547821045 0.27912068367004395 0.92975145578384399
vn 0.25873148441314697 0.26195827126502991 0.92975044250488281
vn 0.26034832000732422 0.26034832000732422 0.92975133657455444
vn 0.19760441780090332 0.51032716035842896 0.83696991205215454
vn 0.17818589508533478 0.51742881536483765 0.83696907758712769
vn 0.19860321283340454 0.509940505027771 0.83696919679641724
vn 0.22214657068252563 0.50013291835784912 0.83696949481964111
vn 0.2446553111076355 0.48951670527458191 0.83696901798248291
vn 0.26628595590591431 0.47809475660324097 0.83696907758712769
vn 0.2871936559677124 0.46583539247512817 0.83696907758712769
vn 0.30751511454582214 0.45267787575721741 0.83696907758712769
vn 0.32737195491790771 0.43853208422660828 0.83696907758712769
vn 0.35650491714477539 0.41519463062286377 0.83696931600570679
vn 0.38451316952705383 0.38940399885177612 0.83696722984313965
vn 0.386964350938797 0.386964350938797 0.83696907758712769
vn 0.25528046488761902 0.6594129204750061 0.70711135864257812
vn 0.23023433983325958 0.66857117414474487 0.70711016654968262
vn 0.25700575113296509 0.65874350070953369 0.70711034536361694
vn 0.28760644793510437 0.64596962928771973 0.70711082220077515
vn 0.31663709878921509 0.63224697113037109 0.70711010694503784
vn 0.3443816602230072 0.617573082447052 0.70711016654968262
vn 0.371122807264328 0.6018829345703125 0.70711016654968262
vn 0.39711153507232666 0.58506208658218384 0.70711016654968262
vn 0.42257231473922729 0.56694608926773071 0.70711016654968262
vn 0.46018216013908386 0.53686785697937012 0.70711052417755127
vn 0.49677255749702454 0.50320571660995483 0.70710748434066772
vn 0.49999761581420898 0.49999761581420898 0.70711016654968262
vn 0.30212566256523132 0.78054547309875488 0.54723745584487915
vn 0.2725217342376709 0.79136872291564941 0.54723614454269409
vn 0.30459868907928467 0.77958446741104126 0.54723638296127319
vn 0.34099924564361572 0.76436328887939453 0.54723691940307617
vn 0.37530931830406189 0.74811464548110962 0.54723608493804932
vn 0.40794625878334045 0.73082995414733887 0.54723614454269409
vn 0.43932652473449707 0.71240776777267456 0.54723614454269409
vn 0.46982103586196899 0.69267654418945312 0.54723614454269409
vn 0.49976262450218201 0.6713939905166626 0.54723614454269409
vn 0.54424750804901123 0.63586699962615967 0.54723656177520752
vn 0.58795773983001709 0.59568572044372559 0.5472332239151001
vn 0.59183299541473389 0.59183299541473389 0.54723614454269409
vn 0.33558729290962219 0.86709415912628174 0.36814254522323608
vn 0.30273476243019104 0.87910383939743042 0.36814144253730774
vn 0.33868458867073059 0.86588943004608154 0.36814165115356445
vn 0.3792668879032135 0.84889811277389526 0.36814212799072266
vn 0.41733783483505249 0.83084356784820557 0.36814141273498535
vn 0.45342719554901123 0.81171154975891113 0.36814144253730774
vn 0.4880642294883728 0.79136919975280762 0.36814144253730774
vn 0.5217212438583374 0.76959651708602905 0.36814144253730774
vn 0.55482262372970581 0.74608558416366577 0.36814144253730774
vn 0.60421246290206909 0.70668160915374756 0.36814180016517639
vn 0.65309441089630127 0.66177141666412354 0.36813893914222717
vn 0.65744650363922119 0.65744650363922119 0.36814144253730774
vn 0.35488542914390564 0.91701763868331909 0.18203012645244598
vn 0.32016196846961975 0.92971044778823853 0.18202953040599823
vn 0.35837796330451965 0.91565847396850586 0.18202966451644897
vn 0.40138721466064453 0.89763766527175903 0.18202994763851166
vn 0.44162312150001526 0.87854099273681641 0.18202953040599823
vn 0.47968697547912598 0.85835057497024536 0.18202953040599823
vn 0.51617997884750366 0.83691304922103882 0.18202953040599823
vn 0.5516389012336731 0.81397777795791626 0.18202953040599823
vn 0.58654659986495972 0.78919476270675659 0.18202954530715942
vn 0.6387629508972168 0.74756073951721191 0.18202973902225494
vn 0.69066113233566284 0.69989496469497681 0.18202812969684601
vn 0.69529318809509277 0.69529318809509277 0.18202953040599823
vn 0.36090877652168274 0.93260115385055542 0
vn 0.32560175657272339 0.9455069899559021 0
vn 0.36453002691268921 0.93119162321090698 0
vn 0.40829908847808838 0.91284823417663574 0
vn 0.44921007752418518 0.89342617988586426 0
vn 0.48788771033287048 0.8729063868522644 0
vn 0.52495658397674561 0.85112899541854858 0
vn 0.5609745979309082 0.82783299684524536 0
vn 0.59644365310668945 0.80265498161315918 0
vn 0.64954185485839844 0.7603258490562439 0
vn 0.70238661766052246 0.71179568767547607 0
vn 0.70710676908493042 0.70710676908493042 0
vn 0.38879057765007019 0.90316516160964966 -0.1820291131734848
vn 0.36751726269721985 0.85405123233795166 -0.36814072728157043
vn 0.33066558837890625 0.76889127492904663 -0.54723531007766724
vn 0.27914932370185852 0.64967060089111328 -0.70710945129394531
vn 0.21584387123584747 0.50288665294647217 -0.83696860074996948
vn 0.14506734907627106 0.3384055495262146 -0.92975109815597534
vn 0.10832630842924118 0.25286191701889038 -0.96141886711120605
vn 0.0716208815574646 0.16729138791561127 -0.98330259323120117
vn 0.053390141576528549 0.12474895268678665 -0.99075084924697876
vn 0.03533327579498291 0.082584939897060394 -0.99595749378204346
vn 0.017555283382534981 0.041045412421226501 -0.99900305271148682
vn -2.4457222025375813E-07 -5.7200799119527801E-07 -1
vn -0.017546646296977997 -0.041051372885704041 -0.99900293350219727
vn -0.035292766988277435 -0.082596279680728912 -0.99595797061920166
vn -0.071473002433776855 -0.16738080978393555 -0.98329818248748779
vn -0.10796137154102325 -0.25300332903862 -0.96142274141311646
vn -0.14442485570907593 -0.33868443965911865 -0.92974960803985596
vn -0.21441979706287384 -0.50349289178848267 -0.83697015047073364
vn -0.27677392959594727 -0.65068894624710083 -0.7071068286895752
vn -0.32733219861984253 -0.77030682563781738 -0.54724860191345215
vn -0.36339956521987915 -0.85578912496566772 -0.36819252371788025
vn -0.37570220232009888 -0.88497543334960938 -0.27507513761520386
vn -0.38419586420059204 -0.90513467788696289 -0.18200205266475677
vn -0.38911029696464539 -0.91680175065994263 -0.089820235967636108
vn -0.39029216766357422 -0.91960799694061279 -0.044644691050052643
vn -0.39067918062210083 -0.92052692174911499 0
vn -0.39029216766357422 -0.91960799694061279 0.044644691050052643
vn -0.38911029696464539 -0.91680175065994263 0.089820235967636108
vn -0.38419586420059204 -0.90513467788696289 0.18200205266475677
vn -0.37570220232009888 -0.88497543334960938 0.27507513761520386
vn -0.36339956521987915 -0.85578912496566772 0.36819252371788025
vn -0.32733219861984253 -0.77030682563781738 0.54724860191345215
vn -0.27677392959594727 -0.65068894624710083 0.7071068286895752
vn -0.21441979706287384 -0.50349289178848267 0.83697015047073364
vn -0.14442485570907593 -0.33868443965911865 0.92974960803985596
vn -0.10796137154102325 -0.25300332903862 0.96142274141311646
vn -0.071473002433776855 -0.16738080978393555 0.98329818248748779
vn -0.035292766988277435 -0.082596279680728912 0.99595797061920166
vn -0.017546646296977997 -0.041051372885704041 0.99900293350219727
vn -2.445721918320487E-07 -5.7200793435185915E-07 1
vn 0.017555283382534981 0.041045412421226501 0.99900305271148682
vn 0.03533327579498291 0.082584939897060394 0.99595749378204346
vn 0.053390141576528549 0.12474895268678665 0.99075084924697876
vn 0.0716208815574646 0.16729138791561127 0.98330259323120117
vn 0.10832630842924118 0.25286191701889038 0.96141886711120605
vn 0.14506734907627106 0.3384055495262146 0.92975109815597534
vn 0.21584387123584747 0.50288665294647217 0.83696860074996948
vn 0.27914932370185852 0.64967060089111328 0.70710945129394531
vn 0.33066558837890625 0.76889127492904663 0.54723531007766724
vn 0.36751726269721985 0.85405123233795166 0.36814072728157043
vn 0.38879057765007019 0.90316516160964966 0.1820291131734848
vn 0.39543339610099792 0.91849464178085327 0
vn -0.39511555433273315 -0.91863143444061279 0
vn -0.36096441745758057 -0.93257957696914673 0
vn -0.32560190558433533 -0.94550693035125732 0
vn -0.36399999260902405 -0.93139892816543579 0
vn -0.40752443671226501 -0.91319429874420166 0
vn -0.44850704073905945 -0.89377927780151367 0
vn -0.48746243119239807 -0.87314397096633911 0
vn -0.52490335702896118 -0.85116183757781982 0
vn -0.56128686666488647 -0.82762128114700317 0
vn -0.5970233678817749 -0.80222386121749878 0
vn -0.65016669034957886 -0.75979155302047729 0
vn -0.70246440172195435 -0.71171891689300537 0
vn -0.70710676908493042 -0.70710676908493042 0
vn -0.35493928194046021 -0.91699677705764771 -0.18203014135360718
vn -0.32016211748123169 -0.92971044778823853 -0.18202953040599823
vn -0.35786744952201843 -0.91585814952850342 -0.18202964961528778
vn -0.4006410539150238 -0.89797097444534302 -0.18202993273735046
vn -0.44094595313072205 -0.87888103723526001 -0.18202954530715942
vn -0.4792773425579071 -0.85857933759689331 -0.18202954530715942
vn -0.51612865924835205 -0.83694469928741455 -0.18202953040599823
vn -0.55193966627120972 -0.81377381086349487 -0.18202953040599823
vn -0.5871049165725708 -0.78877943754196167 -0.18202954530715942
vn -0.63936471939086914 -0.74704611301422119 -0.18202975392341614
vn -0.69073605537414551 -0.69982105493545532 -0.18202817440032959
vn -0.69529318809509277 -0.69529318809509277 -0.18202953040599823
vn -0.33563560247421265 -0.86707544326782227 -0.3681425154209137
vn -0.30273488163948059 -0.87910377979278564 -0.36814144253730774
vn -0.33823367953300476 -0.86606568098068237 -0.36814162135124207
vn -0.37860780954360962 -0.84919226169586182 -0.36814206838607788
vn -0.41673970222473145 -0.83114373683929443 -0.36814141273498535
vn -0.45306539535522461 -0.81191354990005493 -0.36814141273498535
vn -0.48801895976066589 -0.7913970947265625 -0.36814144253730774
vn -0.52198690176010132 -0.76941639184951782 -0.36814141273498535
vn -0.55531567335128784 -0.74571871757507324 -0.36814144253730774
vn -0.6047438383102417 -0.70622694492340088 -0.368141770362854
vn -0.65316057205200195 -0.66170608997344971 -0.36813899874687195
vn -0.65744650363922119 -0.65744656324386597 -0.36814144253730774
vn -0.30216503143310547 -0.78053021430969238 -0.54723751544952393
vn -0.27252182364463806 -0.79136866331100464 -0.54723620414733887
vn -0.30424085259437561 -0.77972418069839478 -0.54723644256591797
vn -0.34047615528106689 -0.76459640264511108 -0.54723697900772095
vn -0.37483465671539307 -0.74835258722305298 -0.54723620414733887
vn -0.4076591432094574 -0.73099011182785034 -0.54723620414733887
vn -0.43929058313369751 -0.71242988109588623 -0.54723620414733887
vn -0.47003173828125 -0.69253355264663696 -0.54723620414733887
vn -0.50015366077423096 -0.67110270261764526 -0.54723620414733887
vn -0.54466885328292847 -0.6355060338973999 -0.54723662137985229
vn -0.58801019191741943 -0.595633864402771 -0.54723334312438965
vn -0.59183299541473389 -0.59183299541473389 -0.54723620414733887
vn -0.2553088366985321 -0.65940213203430176 -0.7071111798286438
vn -0.23023447394371033 -0.66857129335403442 -0.70710998773574829
vn -0.2567577064037323 -0.65884041786193848 -0.70711016654968262
vn -0.28724381327629089 -0.64613121747970581 -0.70711064338684082
vn -0.31630805134773254 -0.63241183757781982 -0.70710992813110352
vn -0.34418269991874695 -0.61768418550491333 -0.70710998773574829
vn -0.37109801173210144 -0.60189849138259888 -0.70710998773574829
vn -0.39725768566131592 -0.58496308326721191 -0.70710998773574829
vn -0.42284336686134338 -0.56674420833587646 -0.70710998773574829
vn -0.46047425270080566 -0.53661757707595825 -0.70711034536361694
vn -0.49680903553962708 -0.50316989421844482 -0.70710736513137817
vn -0.49999773502349854 -0.49999773502349854 -0.70710998773574829
vn -0.19762127101421356 -0.51031988859176636 -0.83697038888931274
vn -0.17818571627140045 -0.51742815971374512 -0.83696949481964111
vn -0.19845949113368988 -0.50999569892883301 -0.83696967363357544
vn -0.22193649411201477 -0.50022542476654053 -0.83696997165679932
vn -0.24446466565132141 -0.48961111903190613 -0.83696949481964111
vn -0.26617050170898438 -0.47815820574760437 -0.83696949481964111
vn -0.28717887401580811 -0.46584364771842957 -0.83696949481964111
vn -0.30759912729263306 -0.45261994004249573 -0.83696949481964111
vn -0.32752805948257446 -0.43841463327407837 -0.83696955442428589
vn -0.35667312145233154 -0.41504919528961182 -0.83696979284286499
vn -0.38453367352485657 -0.38938266038894653 -0.83696770668029785
vn -0.38696384429931641 -0.38696384429931641 -0.83696949481964111
vn -0.13298326730728149 -0.34333670139312744 -0.92975014448165894
vn -0.11988428980112076 -0.34812816977500916 -0.92974972724914551
vn -0.13333997130393982 -0.34319937229156494 -0.92974978685379028
vn -0.14905005693435669 -0.33667367696762085 -0.92974990606307983
vn -0.16423222422599792 -0.32953488826751709 -0.92974972724914551
vn -0.178932785987854 -0.32178956270217896 -0.92974972724914551
vn -0.1931968629360199 -0.31343331933021545 -0.92974972724914551
vn -0.20706272125244141 -0.30445113778114319 -0.92974972724914551
vn -0.22056369483470917 -0.29481709003448486 -0.92974972724914551
vn -0.24018821120262146 -0.27906063199043274 -0.92974984645843506
vn -0.25874349474906921 -0.26195207238197327 -0.92974883317947388
vn -0.26035118103027344 -0.26035118103027344 -0.92974972724914551
vn -0.099360227584838867 -0.2565021812915802 -0.96142297983169556
vn -0.089565172791481018 -0.26008537411689758 -0.96142274141311646
vn -0.099548198282718658 -0.25643014907836914 -0.96142274141311646
vn -0.11125293374061584 -0.25157284736633301 -0.96142286062240601
vn -0.12260495871305466 -0.24624043703079224 -0.96142274141311646
vn -0.13362421095371246 -0.24043896794319153 -0.96142274141311646
vn -0.1443297266960144 -0.23416928946971893 -0.96142274141311646
vn -0.15473680198192596 -0.22742658853530884 -0.96142274141311646
vn -0.16485829651355743 -0.2202000617980957 -0.96142274141311646
vn -0.17952556908130646 -0.20841485261917114 -0.96142280101776123
vn -0.19331668317317963 -0.1956934928894043 -0.96142226457595825
vn -0.19450749456882477 -0.19450749456882477 -0.96142274141311646
vn -0.065747052431106567 -0.16971088945865631 -0.98329830169677734
vn -0.059260305017232895 -0.1720840185880661 -0.98329818248748779
vn -0.065820120275020599 -0.16968315839767456 -0.98329818248748779
vn -0.073543496429920197 -0.16648107767105103 -0.98329824209213257
vn -0.081060677766799927 -0.16295355558395386 -0.98329818248748779
vn -0.088375307619571686 -0.15910530090332031 -0.98329818248748779
vn -0.095490403473377228 -0.15493959188461304 -0.98329818248748779
vn -0.10240739583969116 -0.15045736730098724 -0.98329818248748779
vn -0.109126977622509 -0.14565710723400116 -0.98329818248748779
vn -0.11883532255887985 -0.13785059750080109 -0.98329824209213257
vn -0.12791356444358826 -0.12947292625904083 -0.98329794406890869
vn -0.12869478762149811 -0.12869478762149811 -0.98329818248748779
vn -0.032449886202812195 -0.083753280341625214 -0.99595803022384644
vn -0.02924569696187973 -0.084925577044487 -0.99595797061920166
vn -0.032461296766996384 -0.083749160170555115 -0.99595803022384644
vn -0.036262813955545425 -0.082174502313137054 -0.99595803022384644
vn -0.039975598454475403 -0.080433927476406097 -0.99595797061920166
vn -0.043596860021352768 -0.078530110418796539 -0.99595797061920166
vn -0.047123506665229797 -0.076465941965579987 -0.99595797061920166
vn -0.050552085041999817 -0.07424386590719223 -0.99595797061920166
vn -0.053879182785749435 -0.071865834295749664 -0.99595797061920166
vn -0.058672197163105011 -0.068008974194526672 -0.99595803022384644
vn -0.063130117952823639 -0.063893333077430725 -0.99595797061920166
vn -0.063512459397315979 -0.063512459397315979 -0.99595797061920166
vn -0.016129761934280396 -0.041628856211900711 -0.99900293350219727
vn -0.014536425471305847 -0.042211819440126419 -0.99900293350219727
vn -0.016129478812217712 -0.041629120707511902 -0.99900293350219727
vn -0.018016576766967773 -0.040847796946763992 -0.99900293350219727
vn -0.019862711429595947 -0.03998272493481636 -0.99900293350219727
vn -0.021665388718247414 -0.039035320281982422 -0.99900293350219727
vn -0.023421971127390862 -0.038007326424121857 -0.99900293350219727
vn -0.025129731744527817 -0.036900434643030167 -0.99900293350219727
vn -0.026786074042320251 -0.035716261714696884 -0.99900293350219727
vn -0.029168859124183655 -0.033798206597566605 -0.99900293350219727
vn -0.031379267573356628 -0.031757093966007233 -0.99900293350219727
vn -0.031568538397550583 -0.031568542122840881 -0.99900293350219727
vn -3.999572339985491E-10 -1.0321525856227254E-09 -1
vn -3.6041325479629904E-10 -1.0465504018952743E-09 -1
vn -3.997487341145245E-10 -1.0320918564232784E-09 -1
vn -4.4651857211697177E-10 -1.0128611283022337E-09 -1
vn -4.9232146137612176E-10 -9.9142993814638203E-10 -1
vn -5.3707993608043125E-10 -9.6791008541430301E-10 -1
vn -5.8074195452562094E-10 -9.4241581205523062E-10 -1
vn -6.2319999161175588E-10 -9.1493163045797132E-10 -1
vn -6.6423921918357109E-10 -8.8541574072564799E-10 -1
vn -7.233419418994913E-10 -8.3782808468768621E-10 -1
vn -7.779624167092436E-10 -7.872733576164137E-10 -1
vn -7.8264711378395191E-10 -7.8274509096587508E-10 -1
vn 0.016131173819303513 0.041628316044807434 -0.99900293350219727
vn 0.014536431059241295 0.042211823165416718 -0.99900293350219727
vn 0.01611928828060627 0.04163307324051857 -0.99900293350219727
vn 0.01800166629254818 0.040854379534721375 -0.99900293350219727
vn 0.01984919048845768 0.039989441633224487 -0.99900293350219727
vn 0.021657215431332588 0.039039861410856247 -0.99900293350219727
vn 0.023420950397849083 0.038007959723472595 -0.99900293350219727
vn 0.025135722011327744 0.036896359175443649 -0.99900293350219727
vn 0.02679716981947422 0.035707946866750717 -0.99900293350219727
vn 0.02918081171810627 0.033787894994020462 -0.99900293350219727
vn 0.03138076514005661 0.031755615025758743 -0.99900293350219727
vn 0.031568542122840881 0.031568542122840881 -0.99900293350219727
vn 0.032455600798130035 0.083751052618026733 -0.99595803022384644
vn 0.029245711863040924 0.084925569593906403 -0.99595797061920166
vn 0.032419964671134949 0.083765164017677307 -0.99595803022384644
vn 0.036202341318130493 0.082201167941093445 -0.99595803022384644
vn 0.039920758455991745 0.080461151897907257 -0.99595797061920166
vn 0.043563701212406158 0.078548505902290344 -0.99595797061920166
vn 0.047119360417127609 0.076468490064144135 -0.99595797061920166
vn 0.050576355308294296 0.074227325618267059 -0.99595797061920166
vn 0.053924154490232468 0.071832083165645599 -0.99595797061920166
vn 0.058720648288726807 0.067967139184474945 -0.99595803022384644
vn 0.063136167824268341 0.063887320458889008 -0.99595797061920166
vn 0.063512451946735382 0.063512451946735382 -0.99595797061920166
vn 0.065770529210567474 0.16970182955265045 -0.98329830169677734
vn 0.059260379523038864 0.17208403348922729 -0.98329818248748779
vn 0.065650485455989838 0.16974891722202301 -0.98329818248748779
vn 0.073295310139656067 0.16659057140350342 -0.98329824209213257
vn 0.080835618078708649 0.1630653589963913 -0.98329818248748779
vn 0.088239230215549469 0.15918084979057312 -0.98329818248748779
vn 0.095473408699035645 0.15495011210441589 -0.98329818248748779
vn 0.10250705480575562 0.15038953721523285 -0.98329818248748779
vn 0.10931161791086197 0.14551864564418793 -0.98329818248748779
vn 0.11903423815965652 0.13767893612384796 -0.98329818248748779
vn 0.12793844938278198 0.1294482946395874 -0.98329794406890869
vn 0.1286948025226593 0.1286948025226593 -0.98329818248748779
vn 0.09941379725933075 0.25648123025894165 -0.96142303943634033
vn 0.089565269649028778 0.26008519530296326 -0.96142280101776123
vn 0.099160261452198029 0.25658026337623596 -0.96142280101776123
vn 0.11068540811538696 0.25182297825813293 -0.96142286062240601
vn 0.12209029495716095 0.24649585783481598 -0.96142280101776123
vn 0.13331300020217896 0.2406114935874939 -0.96142280101776123
vn 0.14429076015949249 0.23419313132762909 -0.96142280101776123
vn 0.15496453642845154 0.22727130353450775 -0.96142280101776123
vn 0.1652802973985672 0.21988330781459808 -0.96142280101776123
vn 0.17998020350933075 0.20802217721939087 -0.96142286062240601
vn 0.1933734118938446 0.19563700258731842 -0.96142232418060303
vn 0.19450739026069641 0.19450739026069641 -0.96142280101776123
vn 0.13307934999465942 0.34329959750175476 -0.92975008487701416
vn 0.11988460272550583 0.34812825918197632 -0.92974966764450073
vn 0.13264511525630951 0.34346875548362732 -0.92974966764450073
vn 0.14803348481655121 0.33712223172187805 -0.92974978685379028
vn 0.16331036388874054 0.32999292016029358 -0.92974960803985596
vn 0.17837542295455933 0.32209905982017517 -0.92974966764450073
vn 0.19312725961208344 0.31347641348838806 -0.92974966764450073
vn 0.20747096836566925 0.30417332053184509 -0.92974966764450073
vn 0.22132003307342529 0.29424998164176941 -0.92974966764450073
vn 0.24100303649902344 0.27835750579833984 -0.92974978685379028
vn 0.25884544849395752 0.26185122132301331 -0.92974889278411865
vn 0.26035130023956299 0.26035130023956299 -0.92974966764450073
vn 0.19783309102058411 0.51023656129837036 -0.83697116374969482
vn 0.17818593978881836 0.51742696762084961 -0.83697021007537842
vn 0.19692134857177734 0.51059055328369141 -0.83697032928466797
vn 0.21968641877174377 0.50121676921844482 -0.83697050809860229
vn 0.24242411553859711 0.49062350392341614 -0.83697021007537842
vn 0.26493644714355469 0.4788418710231781 -0.83697021007537842
vn 0.2870241105556488 0.46593779325485229 -0.83697021007537842
vn 0.30850169062614441 0.45200395584106445 -0.83697021007537842
vn 0.32920089364051819 0.43715858459472656 -0.83697021007537842
vn 0.35847535729408264 0.41349223256111145 -0.83697050809860229
vn 0.38475838303565979 0.38915851712226868 -0.83696871995925903
vn 0.38696309924125671 0.38696309924125671 -0.83697021007537842
vn 0.25566437840461731 0.65926766395568848 -0.70710813999176025
vn 0.23023645579814911 0.66857397556304932 -0.70710676908493042
vn 0.25418668985366821 0.65984010696411133 -0.70710688829421997
vn 0.2834821343421936 0.64779418706893921 -0.70710718631744385
vn 0.31289705634117126 0.6341099739074707 -0.70710676908493042
vn 0.34212091565132141 0.61883217096328735 -0.70710676908493042
vn 0.37084171175956726 0.60206013917922974 -0.70710676908493042
vn 0.39877030253410339 0.58393687009811401 -0.70710676908493042
vn 0.42564472556114197 0.56464725732803345 -0.70710676908493042
vn 0.46349227428436279 0.53401720523834229 -0.70710718631744385
vn 0.4971885085105896 0.50279861688613892 -0.70710474252700806
vn 0.5 0.5 -0.70710676908493042
vn 0.30265876650810242 0.78033018112182617 -0.54724991321563721
vn 0.27252054214477539 0.79136067628860474 -0.54724842309951782
vn 0.30062752962112427 0.78111594915390015 -0.54724860191345215
vn 0.33519113063812256 0.76691955327987671 -0.54724884033203125
vn 0.37004131078720093 0.75072532892227173 -0.54724842309951782
vn 0.40475910902023315 0.73259073495864868 -0.54724842309951782
vn 0.43892431259155273 0.71264618635177612 -0.54724842309951782
vn 0.47214800119400024 0.69108277559280396 -0.54724842309951782
vn 0.50407856702804565 0.66814965009689331 -0.5472484827041626
vn 0.54889732599258423 0.63184678554534912 -0.54724884033203125
vn 0.58853429555892944 0.59510409832000732 -0.54724627733230591
vn 0.59182733297348022 0.59182733297348022 -0.54724842309951782
vn 0.33624127507209778 0.86681908369064331 -0.36819356679916382
vn 0.30272996425628662 0.87908416986465454 -0.36819234490394592
vn 0.33376443386077881 0.86777627468109131 -0.36819243431091309
vn 0.3720722496509552 0.85205423831939697 -0.3681926429271698
vn 0.41081133484840393 0.83406740427017212 -0.36819231510162354
vn 0.44947639107704163 0.81388288736343384 -0.36819234490394592
vn 0.48756089806556702 0.79165571928024292 -0.36819234490394592
vn 0.52459657192230225 0.76761502027511597 -0.36819234490394592
vn 0.56016045808792114 0.7420610785484314 -0.36819234490394592
vn 0.60996329784393311 0.70169723033905029 -0.36819267272949219
vn 0.65380126237869263 0.66104435920715332 -0.36819055676460266
vn 0.65743225812911987 0.65743225812911987 -0.36819234490394592
vn 0.34770721197128296 0.89634418487548828 -0.27507597208023071
vn 0.31304287910461426 0.90903127193450928 -0.27507498860359192
vn 0.34506902098655701 0.89736342430114746 -0.27507507801055908
vn 0.38465142250061035 0.88112252950668335 -0.27507525682449341
vn 0.42471921443939209 0.86252379417419434 -0.27507498860359192
vn 0.46473583579063416 0.84163790941238403 -0.27507498860359192
vn 0.50416374206542969 0.81862854957580566 -0.27507498860359192
vn 0.54250603914260864 0.79373860359191895 -0.27507498860359192
vn 0.57931405305862427 0.76728671789169312 -0.27507498860359192
vn 0.63081902265548706 0.72553497552871704 -0.27507525682449341
vn 0.6760832667350769 0.68355393409729004 -0.2750735878944397
vn 0.67982858419418335 0.67982858419418335 -0.27507498860359192
vn 0.35562676191329956 0.91673588752746582 -0.18200261890888214
vn 0.32016560435295105 0.9297146201133728 -0.18200194835662842
vn 0.35287418961524963 0.91779905557632446 -0.182001993060112
vn 0.39333575963973999 0.90120041370391846 -0.18200211226940155
vn 0.43432155251502991 0.8821791410446167 -0.18200193345546722
vn 0.47527295351028442 0.86080831289291382 -0.18200193345546722
vn 0.51563042402267456 0.8372577428817749 -0.18200194835662842
vn 0.55487686395645142 0.81178015470504761 -0.18200193345546722
vn 0.59254544973373413 0.78470706939697266 -0.18200193345546722
vn 0.6452261209487915 0.74199628829956055 -0.18200212717056274
vn 0.69147288799285889 0.69910001754760742 -0.18200096487998962
vn 0.69529682397842407 0.69529682397842407 -0.18200194835662842
vn 0.36021018028259277 0.92853695154190063 -0.089820519089698792
vn 0.32428771257400513 0.9416845440864563 -0.089820176362991333
vn 0.35739043354988098 0.92962592840194702 -0.089820198714733124
vn 0.39836043119430542 0.91282051801681519 -0.089820258319377899
vn 0.43987759947776794 0.89355474710464478 -0.089820168912410736
vn 0.48137038946151733 0.87190300226211548 -0.089820176362991333
vn 0.52226638793945312 0.84803903102874756 -0.089820176362991333
vn 0.56203657388687134 0.82222092151641846 -0.089820176362991333
vn 0.60020357370376587 0.79478800296783447 -0.089820176362991333
vn 0.65356481075286865 0.7515220046043396 -0.089820265769958496
vn 0.70037937164306641 0.70809686183929443 -0.089819684624671936
vn 0.70424866676330566 0.70424866676330566 -0.089820176362991333
vn 0.36131259799003601 0.93137538433074951 -0.044644836336374283
vn 0.32527914643287659 0.94456356763839722 -0.044644661247730255
vn 0.35847657918930054 0.93247056007385254 -0.044644676148891449
vn 0.3995688259601593 0.91561543941497803 -0.044644705951213837
vn 0.44121378660202026 0.89629083871841431 -0.044644661247730255
vn 0.48283684253692627 0.87457156181335449 -0.044644661247730255
vn 0.52386242151260376 0.85063213109970093 -0.044644661247730255
vn 0.5637587308883667 0.82473206520080566 -0.044644661247730255
vn 0.60204565525054932 0.79721254110336304 -0.044644661247730255
vn 0.65557056665420532 0.75381302833557129 -0.044644709676504135
vn 0.70252156257629395 0.71026074886322021 -0.044644415378570557
vn 0.7064017653465271 0.7064017653465271 -0.044644661247730255
vn 0.36167356371879578 0.93230479955673218 0
vn 0.32560381293296814 0.94550627470016479 0
vn 0.35883224010467529 0.93340206146240234 0
vn 0.39996451139450073 0.91653060913085938 0
vn 0.44165131449699402 0.8971867561340332 0
vn 0.4833170473575592 0.87544536590576172 0
vn 0.52438509464263916 0.85148125886917114 0
vn 0.56432265043258667 0.82555431127548218 0
vn 0.60264885425567627 0.79800647497177124 0
vn 0.65622735023498535 0.75456321239471436 0
vn 0.70322304964065552 0.71096926927566528 0
vn 0.70710676908493042 0.70710676908493042 0
vn 0.36131259799003601 0.93137538433074951 0.044644836336374283
vn 0.32527914643287659 0.94456356763839722 0.044644661247730255
vn 0.35847657918930054 0.93247056007385254 0.044644676148891449
vn 0.3995688259601593 0.91561543941497803 0.044644705951213837
vn 0.44121378660202026 0.89629083871841431 0.044644661247730255
vn 0.48283684253692627 0.87457156181335449 0.044644661247730255
vn 0.52386242151260376 0.85063213109970093 0.044644661247730255
vn 0.5637587308883667 0.82473206520080566 0.044644661247730255
vn 0.60204565525054932 0.79721254110336304 0.044644661247730255
vn 0.65557056665420532 0.75381302833557129 0.044644709676504135
vn 0.70252156257629395 0.71026074886322021 0.044644415378570557
vn 0.7064017653465271 0.7064017653465271 0.044644661247730255
vn 0.36021018028259277 0.92853695154190063 0.089820519089698792
vn 0.32428771257400513 0.9416845440864563 0.089820176362991333
vn 0.35739043354988098 0.92962592840194702 0.089820198714733124
vn 0.39836043119430542 0.91282051801681519 0.089820258319377899
vn 0.43987759947776794 0.89355474710464478 0.089820168912410736
vn 0.48137038946151733 0.87190300226211548 0.089820176362991333
vn 0.52226638793945312 0.84803903102874756 0.089820176362991333
vn 0.56203657388687134 0.82222092151641846 0.089820176362991333
vn 0.60020357370376587 0.79478800296783447 0.089820176362991333
vn 0.65356481075286865 0.7515220046043396 0.089820265769958496
vn 0.70037937164306641 0.70809686183929443 0.089819684624671936
vn 0.70424866676330566 0.70424866676330566 0.089820176362991333
vn 0.35562676191329956 0.91673588752746582 0.18200261890888214
vn 0.32016560435295105 0.9297146201133728 0.18200194835662842
vn 0.35287418961524963 0.91779905557632446 0.182001993060112
vn 0.39333575963973999 0.90120041370391846 0.18200211226940155
vn 0.43432155251502991 0.8821791410446167 0.18200193345546722
vn 0.47527295351028442 0.86080831289291382 0.18200193345546722
vn 0.51563042402267456 0.8372577428817749 0.18200194835662842
vn 0.55487686395645142 0.81178015470504761 0.18200193345546722
vn 0.59254544973373413 0.78470706939697266 0.18200193345546722
vn 0.6452261209487915 0.74199628829956055 0.18200212717056274
vn 0.69147288799285889 0.69910001754760742 0.18200096487998962
vn 0.69529682397842407 0.69529682397842407 0.18200194835662842
vn 0.34770721197128296 0.89634418487548828 0.27507597208023071
vn 0.31304287910461426 0.90903127193450928 0.27507498860359192
vn 0.34506902098655701 0.89736342430114746 0.27507507801055908
vn 0.38465142250061035 0.88112252950668335 0.27507525682449341
vn 0.42471921443939209 0.86252379417419434 0.27507498860359192
vn 0.46473583579063416 0.84163790941238403 0.27507498860359192
vn 0.50416374206542969 0.81862854957580566 0.27507498860359192
vn 0.54250603914260864 0.79373860359191895 0.27507498860359192
vn 0.57931405305862427 0.76728671789169312 0.27507498860359192
vn 0.63081902265548706 0.72553497552871704 0.27507525682449341
vn 0.6760832667350769 0.68355393409729004 0.2750735878944397
vn 0.67982858419418335 0.67982858419418335 0.27507498860359192
vn 0.33624127507209778 0.86681908369064331 0.36819356679916382
vn 0.30272996425628662 0.87908416986465454 0.36819234490394592
vn 0.33376443386077881 0.86777627468109131 0.36819243431091309
vn 0.3720722496509552 0.85205423831939697 0.3681926429271698
vn 0.41081133484840393 0.83406740427017212 0.36819231510162354
vn 0.44947639107704163 0.81388288736343384 0.36819234490394592
vn 0.48756089806556702 0.79165571928024292 0.36819234490394592
vn 0.52459657192230225 0.76761502027511597 0.36819234490394592
vn 0.56016045808792114 0.7420610785484314 0.36819234490394592
vn 0.60996329784393311 0.70169723033905029 0.36819267272949219
vn 0.65380126237869263 0.66104435920715332 0.36819055676460266
vn 0.65743225812911987 0.65743225812911987 0.36819234490394592
vn 0.30265876650810242 0.78033018112182617 0.54724991321563721
vn 0.27252054214477539 0.79136067628860474 0.54724842309951782
vn 0.30062752962112427 0.78111594915390015 0.54724860191345215
vn 0.33519113063812256 0.76691955327987671 0.54724884033203125
vn 0.37004131078720093 0.75072532892227173 0.54724842309951782
vn 0.40475910902023315 0.73259073495864868 0.54724842309951782
vn 0.43892431259155273 0.71264618635177612 0.54724842309951782
vn 0.47214800119400024 0.69108277559280396 0.54724842309951782
vn 0.50407856702804565 0.66814965009689331 0.5472484827041626
vn 0.54889732599258423 0.63184678554534912 0.54724884033203125
vn 0.58853429555892944 0.59510409832000732 0.54724627733230591
vn 0.59182733297348022 0.59182733297348022 0.54724842309951782
vn 0.25566437840461731 0.65926766395568848 0.70710813999176025
vn 0.23023645579814911 0.66857397556304932 0.70710676908493042
vn 0.25418668985366821 0.65984010696411133 0.70710688829421997
vn 0.2834821343421936 0.64779418706893921 0.70710718631744385
vn 0.31289705634117126 0.6341099739074707 0.70710676908493042
vn 0.34212091565132141 0.61883217096328735 0.70710676908493042
vn 0.37084171175956726 0.60206013917922974 0.70710676908493042
vn 0.39877030253410339 0.58393687009811401 0.70710676908493042
vn 0.42564472556114197 0.56464725732803345 0.70710676908493042
vn 0.46349227428436279 0.53401720523834229 0.70710718631744385
vn 0.4971885085105896 0.50279861688613892 0.70710474252700806
vn 0.5 0.5 0.70710676908493042
vn 0.19783309102058411 0.51023656129837036 0.83697116374969482
vn 0.17818593978881836 0.51742696762084961 0.83697021007537842
vn 0.19692134857177734 0.51059055328369141 0.83697032928466797
vn 0.21968641877174377 0.50121676921844482 0.83697050809860229
vn 0.24242411553859711 0.49062350392341614 0.83697021007537842
vn 0.26493644714355469 0.4788418710231781 0.83697021007537842
vn 0.2870241105556488 0.46593779325485229 0.83697021007537842
vn 0.30850169062614441 0.45200395584106445 0.83697021007537842
vn 0.32920089364051819 0.43715858459472656 0.83697021007537842
vn 0.35847535729408264 0.41349223256111145 0.83697050809860229
vn 0.38475838303565979 0.38915851712226868 0.83696871995925903
vn 0.38696309924125671 0.38696309924125671 0.83697021007537842
vn 0.13307934999465942 0.34329959750175476 0.92975008487701416
vn 0.11988460272550583 0.34812825918197632 0.92974966764450073
vn 0.13264511525630951 0.34346875548362732 0.92974966764450073
vn 0.14803348481655121 0.33712223172187805 0.92974978685379028
vn 0.16331036388874054 0.32999292016029358 0.92974960803985596
vn 0.17837542295455933 0.32209905982017517 0.92974966764450073
vn 0.19312725961208344 0.31347641348838806 0.92974966764450073
vn 0.20747096836566925 0.30417332053184509 0.92974966764450073
vn 0.22132003307342529 0.29424998164176941 0.92974966764450073
vn 0.24100303649902344 0.27835750579833984 0.92974978685379028
vn 0.25884544849395752 0.26185122132301331 0.92974889278411865
vn 0.26035130023956299 0.26035130023956299 0.92974966764450073
vn 0.09941379725933075 0.25648123025894165 0.96142303943634033
vn 0.089565269649028778 0.26008519530296326 0.96142280101776123
vn 0.099160261452198029 0.25658026337623596 0.96142280101776123
vn 0.11068540811538696 0.25182297825813293 0.96142286062240601
vn 0.12209029495716095 0.24649585783481598 0.96142280101776123
vn 0.13331300020217896 0.2406114935874939 0.96142280101776123
vn 0.14429076015949249 0.23419313132762909 0.96142280101776123
vn 0.15496453642845154 0.22727130353450775 0.96142280101776123
vn 0.1652802973985672 0.21988330781459808 0.96142280101776123
vn 0.17998020350933075 0.20802217721939087 0.96142286062240601
vn 0.1933734118938446 0.19563700258731842 0.96142232418060303
vn 0.19450739026069641 0.19450739026069641 0.96142280101776123
vn 0.065770529210567474 0.16970182955265045 0.98329830169677734
vn 0.059260379523038864 0.17208403348922729 0.98329818248748779
vn 0.065650485455989838 0.16974891722202301 0.98329818248748779
vn 0.073295310139656067 0.16659057140350342 0.98329824209213257
vn 0.080835618078708649 0.1630653589963913 0.98329818248748779
vn 0.088239230215549469 0.15918084979057312 0.98329818248748779
vn 0.095473408699035645 0.15495011210441589 0.98329818248748779
vn 0.10250705480575562 0.15038953721523285 0.98329818248748779
vn 0.10931161791086197 0.14551864564418793 0.98329818248748779
vn 0.11903423815965652 0.13767893612384796 0.98329818248748779
vn 0.12793844938278198 0.1294482946395874 0.98329794406890869
vn 0.1286948025226593 0.1286948025226593 0.98329818248748779
vn 0.032455600798130035 0.083751052618026733 0.99595803022384644
vn 0.029245711863040924 0.084925569593906403 0.99595797061920166
vn 0.032419964671134949 0.083765164017677307 0.99595803022384644
vn 0.036202341318130493 0.082201167941093445 0.99595803022384644
vn 0.039920758455991745 0.080461151897907257 0.99595797061920166
vn 0.043563701212406158 0.078548505902290344 0.99595797061920166
vn 0.047119360417127609 0.076468490064144135 0.99595797061920166
vn 0.050576355308294296 0.074227325618267059 0.99595797061920166
vn 0.053924154490232468 0.071832083165645599 0.99595797061920166
vn 0.058720648288726807 0.067967139184474945 0.99595803022384644
vn 0.063136167824268341 0.063887320458889008 0.99595797061920166
vn 0.063512451946735382 0.063512451946735382 0.99595797061920166
vn 0.016131173819303513 0.041628316044807434 0.99900293350219727
vn 0.014536431059241295 0.042211823165416718 0.99900293350219727
vn 0.01611928828060627 0.04163307324051857 0.99900293350219727
vn 0.01800166629254818 0.040854379534721375 0.99900293350219727
vn 0.01984919048845768 0.039989441633224487 0.99900293350219727
vn 0.021657215431332588 0.039039861410856247 0.99900293350219727
vn 0.023420950397849083 0.038007959723472595 0.99900293350219727
vn 0.025135722011327744 0.036896359175443649 0.99900293350219727
vn 0.02679716981947422 0.035707946866750717 0.99900293350219727
vn 0.02918081171810627 0.033787894994020462 0.99900293350219727
vn 0.03138076514005661 0.031755615025758743 0.99900293350219727
vn 0.031568542122840881 0.031568542122840881 0.99900293350219727
vn -3.9993194866916326E-10 -1.0321117294154192E-09 1
vn -3.6039646267305159E-10 -1.0465561750550023E-09 1
vn -3.9982622768164333E-10 -1.0322537269402687E-09 1
vn -4.4648618136022833E-10 -1.0128190508496004E-09 1
vn -4.9229648135806769E-10 -9.9137664744120002E-10 1
vn -5.3703091973389405E-10 -9.6784269487670826E-10 1
vn -5.806841674171892E-10 -9.4231777936215622E-10 1
vn -6.2310512305430166E-10 -9.1481122677095073E-10 1
vn -6.6422428668388989E-10 -8.8537738252014719E-10 1
vn -7.2335465395312326E-10 -8.3786455551404515E-10 1
vn -7.780132094126202E-10 -7.8733358721549962E-10 1
vn -7.8268647119017487E-10 -7.8266132463866711E-10 1
vn -0.016129761934280396 -0.041628856211900711 0.99900293350219727
vn -0.014536425471305847 -0.042211819440126419 0.99900293350219727
vn -0.016129478812217712 -0.041629120707511902 0.99900293350219727
vn -0.018016576766967773 -0.040847796946763992 0.99900293350219727
vn -0.019862711429595947 -0.03998272493481636 0.99900293350219727
vn -0.021665388718247414 -0.039035320281982422 0.99900293350219727
vn -0.023421971127390862 -0.038007326424121857 0.99900293350219727
vn -0.025129731744527817 -0.036900434643030167 0.99900293350219727
vn -0.026786074042320251 -0.035716261714696884 0.99900293350219727
vn -0.029168859124183655 -0.033798206597566605 0.99900293350219727
vn -0.031379267573356628 -0.031757093966007233 0.99900293350219727
vn -0.031568538397550583 -0.031568542122840881 0.99900293350219727
vn -0.032449886202812195 -0.083753280341625214 0.99595803022384644
vn -0.02924569696187973 -0.084925577044487 0.99595797061920166
vn -0.032461296766996384 -0.083749160170555115 0.99595803022384644
vn -0.036262813955545425 -0.082174502313137054 0.99595803022384644
vn -0.039975598454475403 -0.080433927476406097 0.99595797061920166
vn -0.043596860021352768 -0.078530110418796539 0.99595797061920166
vn -0.047123506665229797 -0.076465941965579987 0.99595797061920166
vn -0.050552085041999817 -0.07424386590719223 0.99595797061920166
vn -0.053879182785749435 -0.071865834295749664 0.99595797061920166
vn -0.058672197163105011 -0.068008974194526672 0.99595803022384644
vn -0.063130117952823639 -0.063893333077430725 0.99595797061920166
vn -0.063512459397315979 -0.063512459397315979 0.99595797061920166
vn -0.065747052431106567 -0.16971088945865631 0.98329830169677734
vn -0.059260305017232895 -0.1720840185880661 0.98329818248748779
vn -0.065820120275020599 -0.16968315839767456 0.98329818248748779
vn -0.073543496429920197 -0.16648107767105103 0.98329824209213257
vn -0.081060677766799927 -0.16295355558395386 0.98329818248748779
vn -0.088375307619571686 -0.15910530090332031 0.98329818248748779
vn -0.095490403473377228 -0.15493959188461304 0.98329818248748779
vn -0.10240739583969116 -0.15045736730098724 0.98329818248748779
vn -0.109126977622509 -0.14565710723400116 0.98329818248748779
vn -0.11883532255887985 -0.13785059750080109 0.98329824209213257
vn -0.12791356444358826 -0.12947292625904083 0.98329794406890869
vn -0.12869478762149811 -0.12869478762149811 0.98329818248748779
vn -0.099360227584838867 -0.2565021812915802 0.96142297983169556
vn -0.089565172791481018 -0.26008537411689758 0.96142274141311646
vn -0.099548198282718658 -0.25643014907836914 0.96142274141311646
vn -0.11125293374061584 -0.25157284736633301 0.96142286062240601
vn -0.12260495871305466 -0.24624043703079224 0.96142274141311646
vn -0.13362421095371246 -0.24043896794319153 0.96142274141311646
vn -0.1443297266960144 -0.23416928946971893 0.96142274141311646
vn -0.15473680198192596 -0.22742658853530884 0.96142274141311646
vn -0.16485829651355743 -0.2202000617980957 0.96142274141311646
vn -0.17952556908130646 -0.20841485261917114 0.96142280101776123
vn -0.19331668317317963 -0.1956934928894043 0.96142226457595825
vn -0.19450749456882477 -0.19450749456882477 0.96142274141311646
vn -0.13298326730728149 -0.34333670139312744 0.92975014448165894
vn -0.11988428980112076 -0.34812816977500916 0.92974972724914551
vn -0.13333997130393982 -0.34319937229156494 0.92974978685379028
vn -0.14905005693435669 -0.33667367696762085 0.92974990606307983
vn -0.16423222422599792 -0.32953488826751709 0.92974972724914551
vn -0.178932785987854 -0.32178956270217896 0.92974972724914551
vn -0.1931968629360199 -0.31343331933021545 0.92974972724914551
vn -0.20706272125244141 -0.30445113778114319 0.92974972724914551
vn -0.22056369483470917 -0.29481709003448486 0.92974972724914551
vn -0.24018821120262146 -0.27906063199043274 0.92974984645843506
vn -0.25874349474906921 -0.26195207238197327 0.92974883317947388
vn -0.26035118103027344 -0.26035118103027344 0.92974972724914551
vn -0.19762127101421356 -0.51031988859176636 0.83697038888931274
vn -0.17818571627140045 -0.51742815971374512 0.83696949481964111
vn -0.19845949113368988 -0.50999569892883301 0.83696967363357544
vn -0.22193649411201477 -0.50022542476654053 0.83696997165679932
vn -0.24446466565132141 -0.48961111903190613 0.83696949481964111
vn -0.26617050170898438 -0.47815820574760437 0.83696949481964111
vn -0.28717887401580811 -0.46584364771842957 0.83696949481964111
vn -0.30759912729263306 -0.45261994004249573 0.83696949481964111
vn -0.32752805948257446 -0.43841463327407837 0.83696955442428589
vn -0.35667312145233154 -0.41504919528961182 0.83696979284286499
vn -0.38453367352485657 -0.38938266038894653 0.83696770668029785
vn -0.38696384429931641 -0.38696384429931641 0.83696949481964111
vn -0.2553088366985321 -0.65940213203430176 0.7071111798286438
vn -0.23023447394371033 -0.66857129335403442 0.70710998773574829
vn -0.2567577064037323 -0.65884041786193848 0.70711016654968262
vn -0.28724381327629089 -0.64613121747970581 0.70711064338684082
vn -0.31630805134773254 -0.63241183757781982 0.70710992813110352
vn -0.34418269991874695 -0.61768418550491333 0.70710998773574829
vn -0.37109801173210144 -0.60189849138259888 0.70710998773574829
vn -0.39725768566131592 -0.58496308326721191 0.70710998773574829
vn -0.42284336686134338 -0.56674420833587646 0.70710998773574829
vn -0.46047425270080566 -0.53661757707595825 0.70711034536361694
vn -0.49680903553962708 -0.50316989421844482 0.70710736513137817
vn -0.49999773502349854 -0.49999773502349854 0.70710998773574829
vn -0.30216503143310547 -0.78053021430969238 0.54723751544952393
vn -0.27252182364463806 -0.79136866331100464 0.54723620414733887
vn -0.30424085259437561 -0.77972418069839478 0.54723644256591797
vn -0.34047615528106689 -0.76459640264511108 0.54723697900772095
vn -0.37483465671539307 -0.74835258722305298 0.54723620414733887
vn -0.4076591432094574 -0.73099011182785034 0.54723620414733887
vn -0.43929058313369751 -0.71242988109588623 0.54723620414733887
vn -0.47003173828125 -0.69253355264663696 0.54723620414733887
vn -0.50015366077423096 -0.67110270261764526 0.54723620414733887
vn -0.54466885328292847 -0.6355060338973999 0.54723662137985229
vn -0.58801019191741943 -0.595633864402771 0.54723334312438965
vn -0.59183299541473389 -0.59183299541473389 0.54723620414733887
vn -0.33563560247421265 -0.86707544326782227 0.3681425154209137
vn -0.30273488163948059 -0.87910377979278564 0.36814144253730774
vn -0.33823367953300476 -0.86606568098068237 0.36814162135124207
vn -0.37860780954360962 -0.84919226169586182 0.36814206838607788
vn -0.41673970222473145 -0.83114373683929443 0.36814141273498535
vn -0.45306539535522461 -0.81191354990005493 0.36814141273498535
vn -0.48801895976066589 -0.7913970947265625 0.36814144253730774
vn -0.52198690176010132 -0.76941639184951782 0.36814141273498535
vn -0.55531567335128784 -0.74571871757507324 0.36814144253730774
vn -0.6047438383102417 -0.70622694492340088 0.368141770362854
vn -0.65316057205200195 -0.66170608997344971 0.36813899874687195
vn -0.65744650363922119 -0.65744656324386597 0.36814144253730774
vn -0.35493928194046021 -0.91699677705764771 0.18203014135360718
vn -0.32016211748123169 -0.92971044778823853 0.18202953040599823
vn -0.35786744952201843 -0.91585814952850342 0.18202964961528778
vn -0.4006410539150238 -0.89797097444534302 0.18202993273735046
vn -0.44094595313072205 -0.87888103723526001 0.18202954530715942
vn -0.4792773425579071 -0.85857933759689331 0.18202954530715942
vn -0.51612865924835205 -0.83694469928741455 0.18202953040599823
vn -0.55193966627120972 -0.81377381086349487 0.18202953040599823
vn -0.5871049165725708 -0.78877943754196167 0.18202954530715942
vn -0.63936471939086914 -0.74704611301422119 0.18202975392341614
vn -0.69073605537414551 -0.69982105493545532 0.18202817440032959
vn -0.69529318809509277 -0.69529318809509277 0.18202953040599823
vn -0.36096441745758057 -0.93257957696914673 0
vn -0.32560190558433533 -0.94550693035125732 0
vn -0.36399999260902405 -0.93139892816543579 0
vn -0.40752443671226501 -0.91319429874420166 0
vn -0.44850704073905945 -0.89377927780151367 0
vn -0.48746243119239807 -0.87314397096633911 0
vn -0.52490335702896118 -0.85116183757781982 0
vn -0.56128686666488647 -0.82762128114700317 0
vn -0.5970233678817749 -0.80222386121749878 0
vn -0.65016669034957886 -0.75979155302047729 0
vn -0.70246440172195435 -0.71171891689300537 0
vn -0.70710676908493042 -0.70710676908493042 0
vn -0.38848292827606201 -0.9032975435256958 -0.18202914297580719
vn -0.36724120378494263 -0.85416996479034424 -0.36814075708389282
vn -0.33044049143791199 -0.76898795366287231 -0.54723542928695679
vn -0.27898737788200378 -0.64974033832550049 -0.70710927248001099
vn -0.21574552357196808 -0.50292801856994629 -0.83696907758712769
vn -0.14502404630184174 -0.33842849731445312 -0.92974954843521118
vn -0.10829591751098633 -0.2528606653213501 -0.9614226222038269
vn -0.071619309484958649 -0.16731840372085571 -0.98329812288284302
vn -0.035328298807144165 -0.082580834627151489 -0.99595797061920166
vn -0.01755564846098423 -0.041048131883144379 -0.99900293350219727
vn -4.351913274192043E-10 -1.0178292653151289E-09 -1
vn 0.017547542229294777 0.041051596403121948 -0.99900293350219727
vn 0.03529541939496994 0.082594864070415497 -0.99595797061920166
vn 0.071484409272670746 0.16737602651119232 -0.98329812288284302
vn 0.10798751562833786 0.25299215316772461 -0.96142274141311646
vn 0.14447198808193207 0.33866438269615173 -0.92974954843521118
vn 0.21452513337135315 0.50344806909561157 -0.83697015047073364
vn 0.27695158123970032 0.65061342716217041 -0.70710676908493042
vn 0.3275831937789917 0.77020019292831421 -0.54724854230880737
vn 0.36371108889579773 0.85565680265426636 -0.36819243431091309
vn 0.37603592872619629 0.8848336935043335 -0.27507507801055908
vn 0.38454544544219971 0.90498620271682739 -0.18200200796127319
vn 0.38946923613548279 0.91664934158325195 -0.089820213615894318
vn 0.39065337181091309 0.91945463418960571 -0.044644679874181747
vn 0.391041100025177 0.92037320137023926 0
vn 0.39065337181091309 0.91945463418960571 0.044644679874181747
vn 0.38946923613548279 0.91664934158325195 0.089820213615894318
vn 0.38454544544219971 0.90498620271682739 0.18200200796127319
vn 0.37603592872619629 0.8848336935043335 0.27507507801055908
vn 0.36371108889579773 0.85565680265426636 0.36819243431091309
vn 0.3275831937789917 0.77020019292831421 0.54724854230880737
vn 0.27695158123970032 0.65061342716217041 0.70710676908493042
vn 0.21452513337135315 0.50344806909561157 0.83697015047073364
vn 0.14447198808193207 0.33866438269615173 0.92974954843521118
vn 0.10798751562833786 0.25299215316772461 0.96142274141311646
vn 0.071484409272670746 0.16737602651119232 0.98329812288284302
vn 0.03529541939496994 0.082594864070415497 0.99595797061920166
vn 0.017547542229294777 0.041051596403121948 0.99900293350219727
vn -4.3517150993821474E-10 -1.0177694242941016E-09 1
vn -0.01755564846098423 -0.041048131883144379 0.99900293350219727
vn -0.035328298807144165 -0.082580834627151489 0.99595797061920166
vn -0.071619309484958649 -0.16731840372085571 0.98329812288284302
vn -0.10829591751098633 -0.2528606653213501 0.9614226222038269
vn -0.14502404630184174 -0.33842849731445312 0.92974954843521118
vn -0.21574552357196808 -0.50292801856994629 0.83696907758712769
vn -0.27898737788200378 -0.64974033832550049 0.70710927248001099
vn -0.33044049143791199 -0.76898795366287231 0.54723542928695679
vn -0.36724120378494263 -0.85416996479034424 0.36814075708389282
vn -0.38848292827606201 -0.9032975435256958 0.18202914297580719
vn -0.39511555433273315 -0.91863143444061279 0
vn -0.70710676908493042 0.70710676908493042 0
vn -0.70710676908493042 0.70710676908493042 0
vn -0.70710676908493042 0.70710676908493042 0
vn -0.70710676908493042 0.70710676908493042 0
vn -0.70710676908493042 0.70710676908493042 0
vn -0.70710676908493042 0.70710676908493042 0
vn -0.70710676908493042 0.70710676908493042 0
vn -0.70710676908493042 0.70710676908493042 0
vn -0.70710676908493042 0.70710676908493042 0
vn -0.70710676908493042 0.70710676908493042 0
vn -0.70710676908493042 0.70710676908493042 0
vn -0.70710676908493042 0.70710676908493042 0
vn -0.70710676908493042 0.70710676908493042 0
vn -0.70710676908493042 0.70710676908493042 0
vn -0.70710676908493042 0.70710676908493042 0
vn -0.70710676908493042 0.70710676908493042 0
vn -0.70710676908493042 0.70710676908493042 0
vn -0.70710676908493042 0.70710676908493042 0
vn -0.70710676908493042 0.70710676908493042 0
vn -0.70710676908493042 0.70710676908493042 0
vn -0.70710676908493042 0.70710676908493042 0
vn -0.70710676908493042 0.70710676908493042 0
vn -0.70710676908493042 0.70710676908493042 0
vn -0.70710676908493042 0.70710676908493042 0
vn -0.70710676908493042 0.70710676908493042 0
vn -0.70710676908493042 0.70710676908493042 0
vn -0.70710676908493042 0.70710676908493042 0
vn -0.70710676908493042 0.70710676908493042 0
vn -0.70710676908493042 0.70710676908493042 0
vn -0.70710676908493042 0.70710676908493042 0
vn -0.70710676908493042 0.70710676908493042 0
vn -0.70710676908493042 0.70710676908493042 0
vn -0.70710676908493042 0.70710676908493042 0
vn -0.70710676908493042 0.70710676908493042 0
vn -0.70710676908493042 0.70710676908493042 0
vn -0.70710676908493042 0.70710676908493042 0
vn -0.70710676908493042 0.70710676908493042 0
vn -0.70710676908493042 0.70710676908493042 0
vn -0.70710676908493042 0.70710676908493042 0
vn -0.70710676908493042 0.70710676908493042 0
vn -0.70710676908493042 0.70710676908493042 0
vn -0.70710676908493042 0.70710676908493042 0
vn -0.70710676908493042 0.70710676908493042 0
vn -0.70710676908493042 0.70710676908493042 0
vn -0.70710676908493042 0.70710676908493042 0
vn -0.70710676908493042 0.70710676908493042 0
vn -0.70710676908493042 0.70710676908493042 0
vn -0.70710676908493042 0.70710676908493042 0
vn -0.70710676908493042 0.70710676908493042 0
vn -0.70710676908493042 0.70710676908493042 0
vn -0.70710676908493042 0.70710676908493042 0
vn -0.70710676908493042 0.70710676908493042 0
vn -0.70710676908493042 0.70710676908493042 0
vn -0.70710676908493042 0.70710676908493042 0
vn -0.70710676908493042 0.70710676908493042 0
vn -0.70710676908493042 0.70710676908493042 0
vn -0.70710676908493042 0.70710676908493042 0
vn -0.70710676908493042 0.70710676908493042 0
vn -0.70710676908493042 0.70710676908493042 0
vn -0.70710676908493042 0.70710676908493042 0
vn -0.70710676908493042 0.70710676908493042 0
vn -0.70710676908493042 0.70710676908493042 0
vn -0.70710676908493042 0.70710676908493042 0
vn -0.70710676908493042 0.70710676908493042 0
vn -0.70710676908493042 0.70710676908493042 0
vn -0.70710676908493042 0.70710676908493042 0
vn -0.70710676908493042 0.70710676908493042 0
vn -0.70710676908493042 0.70710676908493042 0
vn -0.70710676908493042 0.70710676908493042 0
vn -0.70710676908493042 0.70710676908493042 0
vn -0.70710676908493042 0.70710676908493042 0
vn -0.70710676908493042 0.70710676908493042 0
vn -0.70710676908493042 0.70710676908493042 0
vn -0.70710676908493042 0.70710676908493042 0
vn -0.70710676908493042 0.70710676908493042 0
vn -0.70710676908493042 0.70710676908493042 0
vn -0.70710676908493042 0.70710676908493042 0
vn -0.70710676908493042 0.70710676908493042 0
vn -0.70710676908493042 0.70710676908493042 0
vn -0.70710676908493042 0.70710676908493042 0
vn -0.70710676908493042 0.70710676908493042 0
vn -0.70710676908493042 0.70710676908493042 0
vn -0.70710676908493042 0.70710676908493042 0
vn -0.70710676908493042 0.70710676908493042 0
vn -0.70710676908493042 0.70710676908493042 0
vn -0.70710676908493042 0.70710676908493042 0
vn -0.70710676908493042 0.70710676908493042 0
vn -0.70710676908493042 0.70710676908493042 0
vn -0.70710676908493042 0.70710676908493042 0
vn -0.70710676908493042 0.70710676908493042 0
vn -0.70710676908493042 0.70710676908493042 0
vn -0.70710676908493042 0.70710676908493042 0
vn -0.70710676908493042 0.70710676908493042 0
vn -0.70710676908493042 0.70710676908493042 0
vn -0.70710676908493042 0.70710676908493042 0
vn -0.70710676908493042 0.70710676908493042 0
vn -0.70710676908493042 0.70710676908493042 0
vn -0.70710676908493042 0.70710676908493042 0
vn -0.70710676908493042 0.70710676908493042 0
vn -0.70710676908493042 0.70710676908493042 0
vn -0.70710676908493042 0.70710676908493042 0
vn -0.70710676908493042 0.70710676908493042 0
vn 0.8865848183631897 -0.46256601810455322 0
vn 0.8865848183631897 -0.46256601810455322 0
vn 0.8865848183631897 -0.46256601810455322 0
vn 0.8865848183631897 -0.46256601810455322 0
vn 0.8865848183631897 -0.46256601810455322 0
vn 0.8865848183631897 -0.46256601810455322 0
vn 0.8865848183631897 -0.46256601810455322 0
vn 0.8865848183631897 -0.46256601810455322 0
vn 0.8865848183631897 -0.46256601810455322 0
vn 0.8865848183631897 -0.46256601810455322 0
vn 0.8865848183631897 -0.46256601810455322 0
vn 0.8865848183631897 -0.46256601810455322 0
vn 0.8865848183631897 -0.46256601810455322 0
vn 0.8865848183631897 -0.46256601810455322 0
vn 0.8865848183631897 -0.46256601810455322 0
vn 0.8865848183631897 -0.46256601810455322 0
vn 0.8865848183631897 -0.46256601810455322 0
vn 0.8865848183631897 -0.46256601810455322 0
vn 0.8865848183631897 -0.46256601810455322 0
vn 0.8865848183631897 -0.46256601810455322 0
vn 0.8865848183631897 -0.46256601810455322 0
vn 0.8865848183631897 -0.46256601810455322 0
vn 0.8865848183631897 -0.46256601810455322 0
vn 0.8865848183631897 -0.46256601810455322 0
vn 0.8865848183631897 -0.46256601810455322 0
vn 0.8865848183631897 -0.46256601810455322 0
vn 0.8865848183631897 -0.46256601810455322 0
vn 0.8865848183631897 -0.46256601810455322 0
vn 0.8865848183631897 -0.46256601810455322 0
vn 0.8865848183631897 -0.46256601810455322 0
vn 0.8865848183631897 -0.46256601810455322 0
vn 0.8865848183631897 -0.46256601810455322 0
vn 0.8865848183631897 -0.46256601810455322 0
vn 0.8865848183631897 -0.46256601810455322 0
vn 0.8865848183631897 -0.46256601810455322 0
vn 0.8865848183631897 -0.46256601810455322 0
vn 0.8865848183631897 -0.46256601810455322 0
vn 0.8865848183631897 -0.46256601810455322 0
vn 0.8865848183631897 -0.46256601810455322 0
vn 0.8865848183631897 -0.46256601810455322 0
vn 0.8865848183631897 -0.46256601810455322 0
vn 0.8865848183631897 -0.46256601810455322 0
vn 0.8865848183631897 -0.46256601810455322 0
vn 0.8865848183631897 -0.46256601810455322 0
vn 0.8865848183631897 -0.46256601810455322 0
vn 0.8865848183631897 -0.46256601810455322 0
vn 0.8865848183631897 -0.46256601810455322 0
vn 0.8865848183631897 -0.46256601810455322 0
vn 0.8865848183631897 -0.46256601810455322 0
vn 0.8865848183631897 -0.46256601810455322 0
vn 0.8865848183631897 -0.46256601810455322 0
vn 0.8865848183631897 -0.46256601810455322 0
vn 0.8865848183631897 -0.46256601810455322 0
vn 0.8865848183631897 -0.46256601810455322 0
vn 0.8865848183631897 -0.46256601810455322 0
vn 0.8865848183631897 -0.46256601810455322 0
vn 0.8865848183631897 -0.46256601810455322 0
vn 0.8865848183631897 -0.46256601810455322 0
vn 0.8865848183631897 -0.46256601810455322 0
vn 0.8865848183631897 -0.46256601810455322 0
vn 0.8865848183631897 -0.46256601810455322 0
vn 0.8865848183631897 -0.46256601810455322 0
vn 0.8865848183631897 -0.46256601810455322 0
vn 0.8865848183631897 -0.46256601810455322 0
vn 0.8865848183631897 -0.46256601810455322 0
vn 0.8865848183631897 -0.46256601810455322 0
vn 0.8865848183631897 -0.46256601810455322 0
vn 0.8865848183631897 -0.46256601810455322 0
vn 0.8865848183631897 -0.46256601810455322 0
vn 0.8865848183631897 -0.46256601810455322 0
vn 0.8865848183631897 -0.46256601810455322 0
vn 0.8865848183631897 -0.46256601810455322 0
vn 0.8865848183631897 -0.46256601810455322 0
vn 0.8865848183631897 -0.46256601810455322 0
vn 0.8865848183631897 -0.46256601810455322 0
vn 0.8865848183631897 -0.46256601810455322 0
vn 0.8865848183631897 -0.46256601810455322 0
vn 0.8865848183631897 -0.46256601810455322 0
vn 0.8865848183631897 -0.46256601810455322 0
vn 0.8865848183631897 -0.46256601810455322 0
vn 0.8865848183631897 -0.46256601810455322 0
vn 0.8865848183631897 -0.46256601810455322 0
vn 0.8865848183631897 -0.46256601810455322 0
vn 0.8865848183631897 -0.46256601810455322 0
vn 0.8865848183631897 -0.46256601810455322 0
vn 0.8865848183631897 -0.46256601810455322 0
vn 0.8865848183631897 -0.46256601810455322 0
vn 0.8865848183631897 -0.46256601810455322 0
vn 0.8865848183631897 -0.46256601810455322 0
vn 0.8865848183631897 -0.46256601810455322 0
vn 0.8865848183631897 -0.46256601810455322 0
vn 0.8865848183631897 -0.46256601810455322 0
vn 0.8865848183631897 -0.46256601810455322 0
vn 0.8865848183631897 -0.46256601810455322 0
vn 0.8865848183631897 -0.46256601810455322 0
vn 0.8865848183631897 -0.46256601810455322 0
vn 0.8865848183631897 -0.46256601810455322 0
vn 0.8865848183631897 -0.46256601810455322 0
vn 0.8865848183631897 -0.46256601810455322 0
vn 0.8865848183631897 -0.46256601810455322 0
vn 0.8865848183631897 -0.46256601810455322 0
vn 0.8865848183631897 -0.46256601810455322 0
f 15/15/15 3/3/3 2/2/2 14/14/14
f 16/16/16 4/4/4 3/3/3 15/15/15
f 17/17/17 5/5/5 4/4/4 16/16/16
f 18/18/18 6/6/6 5/5/5 17/17/17
f 19/19/19 7/7/7 6/6/6 18/18/18
f 20/20/20 8/8/8 7/7/7 19/19/19
f 21/21/21 9/9/9 8/8/8 20/20/20
f 22/22/22 10/10/10 9/9/9 21/21/21
f 23/23/23 11/11/11 10/10/10 22/22/22
f 24/24/24 12/12/12 11/11/11 23/23/23
f 27/27/27 15/15/15 14/14/14 26/26/26
f 28/28/28 16/16/16 15/15/15 27/27/27
f 29/29/29 17/17/17 16/16/16 28/28/28
f 30/30/30 18/18/18 17/17/17 29/29/29
f 31/31/31 19/19/19 18/18/18 30/30/30
f 32/32/32 20/20/20 19/19/19 31/31/31
f 33/33/33 21/21/21 20/20/20 32/32/32
f 34/34/34 22/22/22 21/21/21 33/33/33
f 35/35/35 23/23/23 22/22/22 34/34/34
f 36/36/36 24/24/24 23/23/23 35/35/35
f 39/39/39 27/27/27 26/26/26 38/38/38
f 40/40/40 28/28/28 27/27/27 39/39/39
f 41/41/41 29/29/29 28/28/28 40/40/40
f 42/42/42 30/30/30 29/29/29 41/41/41
f 43/43/43 31/31/31 30/30/30 42/42/42
f 44/44/44 32/32/32 31/31/31 43/43/43
f 45/45/45 33/33/33 32/32/32 44/44/44
f 46/46/46 34/34/34 33/33/33 45/45/45
f 47/47/47 35/35/35 34/34/34 46/46/46
f 48/48/48 36/36/36 35/35/35 47/47/47
f 51/51/51 39/39/39 38/38/38 50/50/50
f 52/52/52 40/40/40 39/39/39 51/51/51
f 53/53/53 41/41/41 40/40/40 52/52/52
f 54/54/54 42/42/42 41/41/41 53/53/53
f 55/55/55 43/43/43 42/42/42 54/54/54
f 56/56/56 44/44/44 43/43/43 55/55/55
f 57/57/57 45/45/45 44/44/44 56/56/56
f 58/58/58 46/46/46 45/45/45 57/57/57
f 59/59/59 47/47/47 46/46/46 58/58/58
f 60/60/60 48/48/48 47/47/47 59/59/59
f 63/63/63 51/51/51 50/50/50 62/62/62
f 64/64/64 52/52/52 51/51/51 63/63/63
f 65/65/65 53/53/53 52/52/52 64/64/64
f 66/66/66 54/54/54 53/53/53 65/65/65
f 67/67/67 55/55/55 54/54/54 66/66/66
f 68/68/68 56/56/56 55/55/55 67/67/67
f 69/69/69 57/57/57 56/56/56 68/68/68
f 70/70/70 58/58/58 57/57/57 69/69/69
f 71/71/71 59/59/59 58/58/58 70/70/70
f 72/72/72 60/60/60 59/59/59 71/71/71
f 75/75/75 63/63/63 62/62/62 74/74/74
f 76/76/76 64/64/64 63/63/63 75/75/75
f 77/77/77 65/65/65 64/64/64 76/76/76
f 78/78/78 66/66/66 65/65/65 77/77/77
f 79/79/79 67/67/67 66/66/66 78/78/78
f 80/80/80 68/68/68 67/67/67 79/79/79
f 81/81/81 69/69/69 68/68/68 80/80/80
f 82/82/82 70/70/70 69/69/69 81/81/81
f 83/83/83 71/71/71 70/70/70 82/82/82
f 84/84/84 72/72/72 71/71/71 83/83/83
f 87/87/87 75/75/75 74/74/74 86/86/86
f 88/88/88 76/76/76 75/75/75 87/87/87
f 89/89/89 77/77/77 76/76/76 88/88/88
f 90/90/90 78/78/78 77/77/77 89/89/89
f 91/91/91 79/79/79 78/78/78 90/90/90
f 92/92/92 80/80/80 79/79/79 91/91/91
f 93/93/93 81/81/81 80/80/80 92/92/92
f 94/94/94 82/82/82 81/81/81 93/93/93
f 95/95/95 83/83/83 82/82/82 94/94/94
f 96/96/96 84/84/84 83/83/83 95/95/95
f 99/99/99 87/87/87 86/86/86 98/98/98
f 100/100/100 88/88/88 87/87/87 99/99/99
f 101/101/101 89/89/89 88/88/88 100/100/100
f 102/102/102 90/90/90 89/89/89 101/101/101
f 103/103/103 91/91/91 90/90/90 102/102/102
f 104/104/104 92/92/92 91/91/91 103/103/103
f 105/105/105 93/93/93 92/92/92 104/104/104
f 106/106/106 94/94/94 93/93/93 105/105/105
f 107/107/107 95/95/95 94/94/94 106/106/106
f 108/108/108 96/96/96 95/95/95 107/107/107
f 111/111/111 99/99/99 98/98/98 110/110/110
f 112/112/112 100/100/100 99/99/99 111/111/111
f 113/113/113 101/101/101 100/100/100 112/112/112
f 114/114/114 102/102/102 101/101/101 113/113/113
f 115/115/115 103/103/103 102/102/102 114/114/114
f 116/116/116 104/104/104 103/103/103 115/115/115
f 117/117/117 105/105/105 104/104/104 116/116/116
f 118/118/118 106/106/106 105/105/105 117/117/117
f 119/119/119 107/107/107 106/106/106 118/118/118
f 120/120/120 108/108/108 107/107/107 119/119/119
f 123/123/123 111/111/111 110/110/110 122/122/122
f 124/124/124 112/112/112 111/111/111 123/123/123
f 125/125/125 113/113/113 112/112/112 124/124/124
f 126/126/126 114/114/114 113/113/113 125/125/125
f 127/127/127 115/115/115 114/114/114 126/126/126
f 128/128/128 116/116/116 115/115/115 127/127/127
f 129/129/129 117/117/117 116/116/116 128/128/128
f 130/130/130 118/118/118 117/117/117 129/129/129
f 131/131/131 119/119/119 118/118/118 130/130/130
f 132/132/132 120/120/120 119/119/119 131/131/131
f 135/135/135 123/123/123 122/122/122 134/134/134
f 136/136/136 124/124/124 123/123/123 135/135/135
f 137/137/137 125/125/125 124/124/124 136/136/136
f 138/138/138 126/126/126 125/125/125 137/137/137
f 139/139/139 127/127/127 126/126/126 138/138/138
f 140/140/140 128/128/128 127/127/127 139/139/139
f 141/141/141 129/129/129 128/128/128 140/140/140
f 142/142/142 130/130/130 129/129/129 141/141/141
f 143/143/143 131/131/131 130/130/130 142/142/142
f 144/144/144 132/132/132 131/131/131 143/143/143
f 147/147/147 135/135/135 134/134/134 146/146/146
f 148/148/148 136/136/136 135/135/135 147/147/147
f 149/149/149 137/137/137 136/136/136 148/148/148
f 150/150/150 138/138/138 137/137/137 149/149/149
f 151/151/151 139/139/139 138/138/138 150/150/150
f 152/152/152 140/140/140 139/139/139 151/151/151
f 153/153/153 141/141/141 140/140/140 152/152/152
f 154/154/154 142/142/142 141/141/141 153/153/153
f 155/155/155 143/143/143 142/142/142 154/154/154
f 156/156/156 144/144/144 143/143/143 155/155/155
f 159/159/159 147/147/147 146/146/146 158/158/158
f 160/160/160 148/148/148 147/147/147 159/159/159
f 161/161/161 149/149/149 148/148/148 160/160/160
f 162/162/162 150/150/150 149/149/149 161/161/161
f 163/163/163 151/151/151 150/150/150 162/162/162
f 164/164/164 152/152/152 151/151/151 163/163/163
f 165/165/165 153/153/153 152/152/152 164/164/164
f 166/166/166 154/154/154 153/153/153 165/165/165
f 167/167/167 155/155/155 154/154/154 166/166/166
f 168/168/168 156/156/156 155/155/155 167/167/167
f 171/171/171 159/159/159 158/158/158 170/170/170
f 172/172/172 160/160/160 159/159/159 171/171/171
f 173/173/173 161/161/161 160/160/160 172/172/172
f 174/174/174 162/162/162 161/161/161 173/173/173
f 175/175/175 163/163/163 162/162/162 174/174/174
f 176/176/176 164/164/164 163/163/163 175/175/175
f 177/177/177 165/165/165 164/164/164 176/176/176
f 178/178/178 166/166/166 165/165/165 177/177/177
f 179/179/179 167/167/167 166/166/166 178/178/178
f 180/180/180 168/168/168 167/167/167 179/179/179
f 183/183/183 171/171/171 170/170/170 182/182/182
f 184/184/184 172/172/172 171/171/171 183/183/183
f 185/185/185 173/173/173 172/172/172 184/184/184
f 186/186/186 174/174/174 173/173/173 185/185/185
f 187/187/187 175/175/175 174/174/174 186/186/186
f 188/188/188 176/176/176 175/175/175 187/187/187
f 189/189/189 177/177/177 176/176/176 188/188/188
f 190/190/190 178/178/178 177/177/177 189/189/189
f 191/191/191 179/179/179 178/178/178 190/190/190
f 192/192/192 180/180/180 179/179/179 191/191/191
f 195/195/195 183/183/183 182/182/182 194/194/194
f 196/196/196 184/184/184 183/183/183 195/195/195
f 197/197/197 185/185/185 184/184/184 196/196/196
f 198/198/198 186/186/186 185/185/185 197/197/197
f 199/199/199 187/187/187 186/186/186 198/198/198
f 200/200/200 188/188/188 187/187/187 199/199/199
f 201/201/201 189/189/189 188/188/188 200/200/200
f 202/202/202 190/190/190 189/189/189 201/201/201
f 203/203/203 191/191/191 190/190/190 202/202/202
f 204/204/204 192/192/192 191/191/191 203/203/203
f 207/207/207 195/195/195 194/194/194 206/206/206
f 208/208/208 196/196/196 195/195/195 207/207/207
f 209/209/209 197/197/197 196/196/196 208/208/208
f 210/210/210 198/198/198 197/197/197 209/209/209
f 211/211/211 199/199/199 198/198/198 210/210/210
f 212/212/212 200/200/200 199/199/199 211/211/211
f 213/213/213 201/201/201 200/200/200 212/212/212
f 214/214/214 202/202/202 201/201/201 213/213/213
f 215/215/215 203/203/203 202/202/202 214/214/214
f 216/216/216 204/204/204 203/203/203 215/215/215
f 219/219/219 207/207/207 206/206/206 218/218/218
f 220/220/220 208/208/208 207/207/207 219/219/219
f 221/221/221 209/209/209 208/208/208 220/220/220
f 222/222/222 210/210/210 209/209/209 221/221/221
f 223/223/223 211/211/211 210/210/210 222/222/222
f 224/224/224 212/212/212 211/211/211 223/223/223
f 225/225/225 213/213/213 212/212/212 224/224/224
f 226/226/226 214/214/214 213/213/213 225/225/225
f 227/227/227 215/215/215 214/214/214 226/226/226
f 228/228/228 216/216/216 215/215/215 227/227/227
f 231/231/231 219/219/219 218/218/218 230/230/230
f 232/232/232 220/220/220 219/219/219 231/231/231
f 233/233/233 221/221/221 220/220/220 232/232/232
f 234/234/234 222/222/222 221/221/221 233/233/233
f 235/235/235 223/223/223 222/222/222 234/234/234
f 236/236/236 224/224/224 223/223/223 235/235/235
f 237/237/237 225/225/225 224/224/224 236/236/236
f 238/238/238 226/226/226 225/225/225 237/237/237
f 239/239/239 227/227/227 226/226/226 238/238/238
f 240/240/240 228/228/228 227/227/227 239/239/239
f 243/243/243 231/231/231 230/230/230 242/242/242
f 244/244/244 232/232/232 231/231/231 243/243/243
f 245/245/245 233/233/233 232/232/232 244/244/244
f 246/246/246 234/234/234 233/233/233 245/245/245
f 247/247/247 235/235/235 234/234/234 246/246/246
f 248/248/248 236/236/236 235/235/235 247/247/247
f 249/249/249 237/237/237 236/236/236 248/248/248
f 250/250/250 238/238/238 237/237/237 249/249/249
f 251/251/251 239/239/239 238/238/238 250/250/250
f 252/252/252 240/240/240 239/239/239 251/251/251
f 255/255/255 243/243/243 242/242/242 254/254/254
f 256/256/256 244/244/244 243/243/243 255/255/255
f 257/257/257 245/245/245 244/244/244 256/256/256
f 258/258/258 246/246/246 245/245/245 257/257/257
f 259/259/259 247/247/247 246/246/246 258/258/258
f 260/260/260 248/248/248 247/247/247 259/259/259
f 261/261/261 249/249/249 248/248/248 260/260/260
f 262/262/262 250/250/250 249/249/249 261/261/261
f 263/263/263 251/251/251 250/250/250 262/262/262
f 264/264/264 252/252/252 251/251/251 263/263/263
f 267/267/267 255/255/255 254/254/254 266/266/266
f 268/268/268 256/256/256 255/255/255 267/267/267
f 269/269/269 257/257/257 256/256/256 268/268/268
f 270/270/270 258/258/258 257/257/257 269/269/269
f 271/271/271 259/259/259 258/258/258 270/270/270
f 272/272/272 260/260/260 259/259/259 271/271/271
f 273/273/273 261/261/261 260/260/260 272/272/272
f 274/274/274 262/262/262 261/261/261 273/273/273
f 275/275/275 263/263/263 262/262/262 274/274/274
f 276/276/276 264/264/264 263/263/263 275/275/275
f 279/279/279 267/267/267 266/266/266 278/278/278
f 280/280/280 268/268/268 267/267/267 279/279/279
f 281/281/281 269/269/269 268/268/268 280/280/280
f 282/282/282 270/270/270 269/269/269 281/281/281
f 283/283/283 271/271/271 270/270/270 282/282/282
f 284/284/284 272/272/272 271/271/271 283/283/283
f 285/285/285 273/273/273 272/272/272 284/284/284
f 286/286/286 274/274/274 273/273/273 285/285/285
f 287/287/287 275/275/275 274/274/274 286/286/286
f 288/288/288 276/276/276 275/275/275 287/287/287
f 291/291/291 279/279/279 278/278/278 290/290/290
f 292/292/292 280/280/280 279/279/279 291/291/291
f 293/293/293 281/281/281 280/280/280 292/292/292
f 294/294/294 282/282/282 281/281/281 293/293/293
f 295/295/295 283/283/283 282/282/282 294/294/294
f 296/296/296 284/284/284 283/283/283 295/295/295
f 297/297/297 285/285/285 284/284/284 296/296/296
f 298/298/298 286/286/286 285/285/285 297/297/297
f 299/299/299 287/287/287 286/286/286 298/298/298
f 300/300/300 288/288/288 287/287/287 299/299/299
f 303/303/303 291/291/291 290/290/290 302/302/302
f 304/304/304 292/292/292 291/291/291 303/303/303
f 305/305/305 293/293/293 292/292/292 304/304/304
f 306/306/306 294/294/294 293/293/293 305/305/305
f 307/307/307 295/295/295 294/294/294 306/306/306
f 308/308/308 296/296/296 295/295/295 307/307/307
f 309/309/309 297/297/297 296/296/296 308/308/308
f 310/310/310 298/298/298 297/297/297 309/309/309
f 311/311/311 299/299/299 298/298/298 310/310/310
f 312/312/312 300/300/300 299/299/299 311/311/311
f 315/315/315 303/303/303 302/302/302 314/314/314
f 316/316/316 304/304/304 303/303/303 315/315/315
f 317/317/317 305/305/305 304/304/304 316/316/316
f 318/318/318 306/306/306 305/305/305 317/317/317
f 319/319/319 307/307/307 306/306/306 318/318/318
f 320/320/320 308/308/308 307/307/307 319/319/319
f 321/321/321 309/309/309 308/308/308 320/320/320
f 322/322/322 310/310/310 309/309/309 321/321/321
f 323/323/323 311/311/311 310/310/310 322/322/322
f 324/324/324 312/312/312 311/311/311 323/323/323
f 327/327/327 315/315/315 314/314/314 326/326/326
f 328/328/328 316/316/316 315/315/315 327/327/327
f 329/329/329 317/317/317 316/316/316 328/328/328
f 330/330/330 318/318/318 317/317/317 329/329/329
f 331/331/331 319/319/319 318/318/318 330/330/330
f 332/332/332 320/320/320 319/319/319 331/331/331
f 333/333/333 321/321/321 320/320/320 332/332/332
f 334/334/334 322/322/322 321/321/321 333/333/333
f 335/335/335 323/323/323 322/322/322 334/334/334
f 336/336/336 324/324/324 323/323/323 335/335/335
f 339/339/339 327/327/327 326/326/326 338/338/338
f 340/340/340 328/328/328 327/327/327 339/339/339
f 341/341/341 329/329/329 328/328/328 340/340/340
f 342/342/342 330/330/330 329/329/329 341/341/341
f 343/343/343 331/331/331 330/330/330 342/342/342
f 344/344/344 332/332/332 331/331/331 343/343/343
f 345/345/345 333/333/333 332/332/332 344/344/344
f 346/346/346 334/334/334 333/333/333 345/345/345
f 347/347/347 335/335/335 334/334/334 346/346/346
f 348/348/348 336/336/336 335/335/335 347/347/347
f 351/351/351 339/339/339 338/338/338 350/350/350
f 352/352/352 340/340/340 339/339/339 351/351/351
f 353/353/353 341/341/341 340/340/340 352/352/352
f 354/354/354 342/342/342 341/341/341 353/353/353
f 355/355/355 343/343/343 342/342/342 354/354/354
f 356/356/356 344/344/344 343/343/343 355/355/355
f 357/357/357 345/345/345 344/344/344 356/356/356
f 358/358/358 346/346/346 345/345/345 357/357/357
f 359/359/359 347/347/347 346/346/346 358/358/358
f 360/360/360 348/348/348 347/347/347 359/359/359
f 363/363/363 351/351/351 350/350/350 362/362/362
f 364/364/364 352/352/352 351/351/351 363/363/363
f 365/365/365 353/353/353 352/352/352 364/364/364
f 366/366/366 354/354/354 353/353/353 365/365/365
f 367/367/367 355/355/355 354/354/354 366/366/366
f 368/368/368 356/356/356 355/355/355 367/367/367
f 369/369/369 357/357/357 356/356/356 368/368/368
f 370/370/370 358/358/358 357/357/357 369/369/369
f 371/371/371 359/359/359 358/358/358 370/370/370
f 372/372/372 360/360/360 359/359/359 371/371/371
f 375/375/375 363/363/363 362/362/362 374/374/374
f 376/376/376 364/364/364 363/363/363 375/375/375
f 377/377/377 365/365/365 364/364/364 376/376/376
f 378/378/378 366/366/366 365/365/365 377/377/377
f 379/379/379 367/367/367 366/366/366 378/378/378
f 380/380/380 368/368/368 367/367/367 379/379/379
f 381/381/381 369/369/369 368/368/368 380/380/380
f 382/382/382 370/370/370 369/369/369 381/381/381
f 383/383/383 371/371/371 370/370/370 382/382/382
f 384/384/384 372/372/372 371/371/371 383/383/383
f 387/387/387 375/375/375 374/374/374 386/386/386
f 388/388/388 376/376/376 375/375/375 387/387/387
f 389/389/389 377/377/377 376/376/376 388/388/388
f 390/390/390 378/378/378 377/377/377 389/389/389
f 391/391/391 379/379/379 378/378/378 390/390/390
f 392/392/392 380/380/380 379/379/379 391/391/391
f 393/393/393 381/381/381 380/380/380 392/392/392
f 394/394/394 382/382/382 381/381/381 393/393/393
f 395/395/395 383/383/383 382/382/382 394/394/394
f 396/396/396 384/384/384 383/383/383 395/395/395
f 399/399/399 387/387/387 386/386/386 398/398/398
f 400/400/400 388/388/388 387/387/387 399/399/399
f 401/401/401 389/389/389 388/388/388 400/400/400
f 402/402/402 390/390/390 389/389/389 401/401/401
f 403/403/403 391/391/391 390/390/390 402/402/402
f 404/404/404 392/392/392 391/391/391 403/403/403
f 405/405/405 393/393/393 392/392/392 404/404/404
f 406/406/406 394/394/394 393/393/393 405/405/405
f 407/407/407 395/395/395 394/394/394 406/406/406
f 408/408/408 396/396/396 395/395/395 407/407/407
f 411/411/411 399/399/399 398/398/398 410/410/410
f 412/412/412 400/400/400 399/399/399 411/411/411
f 413/413/413 401/401/401 400/400/400 412/412/412
f 414/414/414 402/402/402 401/401/401 413/413/413
f 415/415/415 403/403/403 402/402/402 414/414/414
f 416/416/416 404/404/404 403/403/403 415/415/415
f 417/417/417 405/405/405 404/404/404 416/416/416
f 418/418/418 406/406/406 405/405/405 417/417/417
f 419/419/419 407/407/407 406/406/406 418/418/418
f 420/420/420 408/408/408 407/407/407 419/419/419
f 423/423/423 411/411/411 410/410/410 422/422/422
f 424/424/424 412/412/412 411/411/411 423/423/423
f 425/425/425 413/413/413 412/412/412 424/424/424
f 426/426/426 414/414/414 413/413/413 425/425/425
f 427/427/427 415/415/415 414/414/414 426/426/426
f 428/428/428 416/416/416 415/415/415 427/427/427
f 429/429/429 417/417/417 416/416/416 428/428/428
f 430/430/430 418/418/418 417/417/417 429/429/429
f 431/431/431 419/419/419 418/418/418 430/430/430
f 432/432/432 420/420/420 419/419/419 431/431/431
f 435/435/435 423/423/423 422/422/422 434/434/434
f 436/436/436 424/424/424 423/423/423 435/435/435
f 437/437/437 425/425/425 424/424/424 436/436/436
f 438/438/438 426/426/426 425/425/425 437/437/437
f 439/439/439 427/427/427 426/426/426 438/438/438
f 440/440/440 428/428/428 427/427/427 439/439/439
f 441/441/441 429/429/429 428/428/428 440/440/440
f 442/442/442 430/430/430 429/429/429 441/441/441
f 443/443/443 431/431/431 430/430/430 442/442/442
f 444/444/444 432/432/432 431/431/431 443/443/443
f 447/447/447 435/435/435 434/434/434 446/446/446
f 448/448/448 436/436/436 435/435/435 447/447/447
f 449/449/449 437/437/437 436/436/436 448/448/448
f 450/450/450 438/438/438 437/437/437 449/449/449
f 451/451/451 439/439/439 438/438/438 450/450/450
f 452/452/452 440/440/440 439/439/439 451/451/451
f 453/453/453 441/441/441 440/440/440 452/452/452
f 454/454/454 442/442/442 441/441/441 453/453/453
f 455/455/455 443/443/443 442/442/442 454/454/454
f 456/456/456 444/444/444 443/443/443 455/455/455
f 459/459/459 447/447/447 446/446/446 458/458/458
f 460/460/460 448/448/448 447/447/447 459/459/459
f 461/461/461 449/449/449 448/448/448 460/460/460
f 462/462/462 450/450/450 449/449/449 461/461/461
f 463/463/463 451/451/451 450/450/450 462/462/462
f 464/464/464 452/452/452 451/451/451 463/463/463
f 465/465/465 453/453/453 452/452/452 464/464/464
f 466/466/466 454/454/454 453/453/453 465/465/465
f 467/467/467 455/455/455 454/454/454 466/466/466
f 468/468/468 456/456/456 455/455/455 467/467/467
f 471/471/471 459/459/459 458/458/458 470/470/470
f 472/472/472 460/460/460 459/459/459 471/471/471
f 473/473/473 461/461/461 460/460/460 472/472/472
f 474/474/474 462/462/462 461/461/461 473/473/473
f 475/475/475 463/463/463 462/462/462 474/474/474
f 476/476/476 464/464/464 463/463/463 475/475/475
f 477/477/477 465/465/465 464/464/464 476/476/476
f 478/478/478 466/466/466 465/465/465 477/477/477
f 479/479/479 467/467/467 466/466/466 478/478/478
f 480/480/480 468/468/468 467/467/467 479/479/479
f 483/483/483 471/471/471 470/470/470 482/482/482
f 484/484/484 472/472/472 471/471/471 483/483/483
f 485/485/485 473/473/473 472/472/472 484/484/484
f 486/486/486 474/474/474 473/473/473 485/485/485
f 487/487/487 475/475/475 474/474/474 486/486/486
f 488/488/488 476/476/476 475/475/475 487/487/487
f 489/489/489 477/477/477 476/476/476 488/488/488
f 490/490/490 478/478/478 477/477/477 489/489/489
f 491/491/491 479/479/479 478/478/478 490/490/490
f 492/492/492 480/480/480 479/479/479 491/491/491
f 495/495/495 483/483/483 482/482/482 494/494/494
f 496/496/496 484/484/484 483/483/483 495/495/495
f 497/497/497 485/485/485 484/484/484 496/496/496
f 498/498/498 486/486/486 485/485/485 497/497/497
f 499/499/499 487/487/487 486/486/486 498/498/498
f 500/500/500 488/488/488 487/487/487 499/499/499
f 501/501/501 489/489/489 488/488/488 500/500/500
f 502/502/502 490/490/490 489/489/489 501/501/501
f 503/503/503 491/491/491 490/490/490 502/502/502
f 504/504/504 492/492/492 491/491/491 503/503/503
f 507/507/507 495/495/495 494/494/494 506/506/506
f 508/508/508 496/496/496 495/495/495 507/507/507
f 509/509/509 497/497/497 496/496/496 508/508/508
f 510/510/510 498/498/498 497/497/497 509/509/509
f 511/511/511 499/499/499 498/498/498 510/510/510
f 512/512/512 500/500/500 499/499/499 511/511/511
f 513/513/513 501/501/501 500/500/500 512/512/512
f 514/514/514 502/502/502 501/501/501 513/513/513
f 515/515/515 503/503/503 502/502/502 514/514/514
f 516/516/516 504/504/504 503/503/503 515/515/515
f 519/519/519 507/507/507 506/506/506 518/518/518
f 520/520/520 508/508/508 507/507/507 519/519/519
f 521/521/521 509/509/509 508/508/508 520/520/520
f 522/522/522 510/510/510 509/509/509 521/521/521
f 523/523/523 511/511/511 510/510/510 522/522/522
f 524/524/524 512/512/512 511/511/511 523/523/523
f 525/525/525 513/513/513 512/512/512 524/524/524
f 526/526/526 514/514/514 513/513/513 525/525/525
f 527/527/527 515/515/515 514/514/514 526/526/526
f 528/528/528 516/516/516 515/515/515 527/527/527
f 531/531/531 519/519/519 518/518/518 530/530/530
f 532/532/532 520/520/520 519/519/519 531/531/531
f 533/533/533 521/521/521 520/520/520 532/532/532
f 534/534/534 522/522/522 521/521/521 533/533/533
f 535/535/535 523/523/523 522/522/522 534/534/534
f 536/536/536 524/524/524 523/523/523 535/535/535
f 537/537/537 525/525/525 524/524/524 536/536/536
f 538/538/538 526/526/526 525/525/525 537/537/537
f 539/539/539 527/527/527 526/526/526 538/538/538
f 540/540/540 528/528/528 527/527/527 539/539/539
f 543/543/543 531/531/531 530/530/530 542/542/542
f 544/544/544 532/532/532 531/531/531 543/543/543
f 545/545/545 533/533/533 532/532/532 544/544/544
f 546/546/546 534/534/534 533/533/533 545/545/545
f 547/547/547 535/535/535 534/534/534 546/546/546
f 548/548/548 536/536/536 535/535/535 547/547/547
f 549/549/549 537/537/537 536/536/536 548/548/548
f 550/550/550 538/538/538 537/537/537 549/549/549
f 551/551/551 539/539/539 538/538/538 550/550/550
f 552/552/552 540/540/540 539/539/539 551/551/551
f 555/555/555 543/543/543 542/542/542 554/554/554
f 556/556/556 544/544/544 543/543/543 555/555/555
f 557/557/557 545/545/545 544/544/544 556/556/556
f 558/558/558 546/546/546 545/545/545 557/557/557
f 559/559/559 547/547/547 546/546/546 558/558/558
f 560/560/560 548/548/548 547/547/547 559/559/559
f 561/561/561 549/549/549 548/548/548 560/560/560
f 562/562/562 550/550/550 549/549/549 561/561/561
f 563/563/563 551/551/551 550/550/550 562/562/562
f 564/564/564 552/552/552 551/551/551 563/563/563
f 567/567/567 555/555/555 554/554/554 566/566/566
f 568/568/568 556/556/556 555/555/555 567/567/567
f 569/569/569 557/557/557 556/556/556 568/568/568
f 570/570/570 558/558/558 557/557/557 569/569/569
f 571/571/571 559/559/559 558/558/558 570/570/570
f 572/572/572 560/560/560 559/559/559 571/571/571
f 573/573/573 561/561/561 560/560/560 572/572/572
f 574/574/574 562/562/562 561/561/561 573/573/573
f 575/575/575 563/563/563 562/562/562 574/574/574
f 576/576/576 564/564/564 563/563/563 575/575/575
f 579/579/579 567/567/567 566/566/566 578/578/578
f 580/580/580 568/568/568 567/567/567 579/579/579
f 581/581/581 569/569/569 568/568/568 580/580/580
f 582/582/582 570/570/570 569/569/569 581/581/581
f 583/583/583 571/571/571 570/570/570 582/582/582
f 584/584/584 572/572/572 571/571/571 583/583/583
f 585/585/585 573/573/573 572/572/572 584/584/584
f 586/586/586 574/574/574 573/573/573 585/585/585
f 587/587/587 575/575/575 574/574/574 586/586/586
f 588/588/588 576/576/576 575/575/575 587/587/587
f 591/591/591 579/579/579 578/578/578 590/590/590
f 592/592/592 580/580/580 579/579/579 591/591/591
f 593/593/593 581/581/581 580/580/580 592/592/592
f 594/594/594 582/582/582 581/581/581 593/593/593
f 595/595/595 583/583/583 582/582/582 594/594/594
f 596/596/596 584/584/584 583/583/583 595/595/595
f 597/597/597 585/585/585 584/584/584 596/596/596
f 598/598/598 586/586/586 585/585/585 597/597/597
f 599/599/599 587/587/587 586/586/586 598/598/598
f 600/600/600 588/588/588 587/587/587 599/599/599
f 603/603/603 591/591/591 590/590/590 602/602/602
f 604/604/604 592/592/592 591/591/591 603/603/603
f 605/605/605 593/593/593 592/592/592 604/604/604
f 606/606/606 594/594/594 593/593/593 605/605/605
f 607/607/607 595/595/595 594/594/594 606/606/606
f 608/608/608 596/596/596 595/595/595 607/607/607
f 609/609/609 597/597/597 596/596/596 608/608/608
f 610/610/610 598/598/598 597/597/597 609/609/609
f 611/611/611 599/599/599 598/598/598 610/610/610
f 612/612/612 600/600/600 599/599/599 611/611/611
f 615/615/615 603/603/603 602/602/602 614/614/614
f 616/616/616 604/604/604 603/603/603 615/615/615
f 617/617/617 605/605/605 604/604/604 616/616/616
f 618/618/618 606/606/606 605/605/605 617/617/617
f 619/619/619 607/607/607 606/606/606 618/618/618
f 620/620/620 608/608/608 607/607/607 619/619/619
f 621/621/621 609/609/609 608/608/608 620/620/620
f 622/622/622 610/610/610 609/609/609 621/621/621
f 623/623/623 611/611/611 610/610/610 622/622/622
f 624/624/624 612/612/612 611/611/611 623/623/623
f 627/627/627 615/615/615 614/614/614 626/626/626
f 628/628/628 616/616/616 615/615/615 627/627/627
f 629/629/629 617/617/617 616/616/616 628/628/628
f 630/630/630 618/618/618 617/617/617 629/629/629
f 631/631/631 619/619/619 618/618/618 630/630/630
f 632/632/632 620/620/620 619/619/619 631/631/631
f 633/633/633 621/621/621 620/620/620 632/632/632
f 634/634/634 622/622/622 621/621/621 633/633/633
f 635/635/635 623/623/623 622/622/622 634/634/634
f 636/636/636 624/624/624 623/623/623 635/635/635
f 2/2/2 1/1/1 638/638/638 14/14/14
f 14/14/14 638/638/638 639/639/639 26/26/26
f 38/38/38 640/640/640 641/641/641 50/50/50
f 26/26/26 639/639/639 640/640/640 38/38/38
f 50/50/50 641/641/641 642/642/642 62/62/62
f 74/74/74 643/643/643 644/644/644 86/86/86
f 86/86/86 644/644/644 645/645/645 98/98/98
f 98/98/98 645/645/645 646/646/646 110/110/110
f 122/122/122 647/647/647 648/648/648 134/134/134
f 110/110/110 646/646/646 647/647/647 122/122/122
f 62/62/62 642/642/642 643/643/643 74/74/74
f 134/134/134 648/648/648 649/649/649 146/146/146
f 146/146/146 649/649/649 650/650/650 158/158/158
f 158/158/158 650/650/650 651/651/651 170/170/170
f 170/170/170 651/651/651 652/652/652 182/182/182
f 206/206/206 654/654/654 655/655/655 218/218/218
f 182/182/182 652/652/652 653/653/653 194/194/194
f 194/194/194 653/653/653 654/654/654 206/206/206
f 242/242/242 657/657/657 658/658/658 254/254/254
f 230/230/230 656/656/656 657/657/657 242/242/242
f 266/266/266 659/659/659 660/660/660 278/278/278
f 290/290/290 661/661/661 662/662/662 302/302/302
f 278/278/278 660/660/660 661/661/661 290/290/290
f 254/254/254 658/658/658 659/659/659 266/266/266
f 218/218/218 655/655/655 656/656/656 230/230/230
f 663/663/663 314/314/314 302/302/302 662/662/662
f 24/24/24 25/25/25 13/13/13 12/12/12
f 36/36/36 37/37/37 25/25/25 24/24/24
f 60/60/60 61/61/61 49/49/49 48/48/48
f 72/72/72 73/73/73 61/61/61 60/60/60
f 48/48/48 49/49/49 37/37/37 36/36/36
f 96/96/96 97/97/97 85/85/85 84/84/84
f 108/108/108 109/109/109 97/97/97 96/96/96
f 132/132/132 133/133/133 121/121/121 120/120/120
f 156/156/156 157/157/157 145/145/145 144/144/144
f 144/144/144 145/145/145 133/133/133 132/132/132
f 120/120/120 121/121/121 109/109/109 108/108/108
f 84/84/84 85/85/85 73/73/73 72/72/72
f 157/157/157 156/156/156 168/168/168 169/169/169
f 180/180/180 181/181/181 169/169/169 168/168/168
f 192/192/192 193/193/193 181/181/181 180/180/180
f 216/216/216 217/217/217 205/205/205 204/204/204
f 228/228/228 229/229/229 217/217/217 216/216/216
f 204/204/204 205/205/205 193/193/193 192/192/192
f 252/252/252 253/253/253 241/241/241 240/240/240
f 276/276/276 277/277/277 265/265/265 264/264/264
f 300/300/300 301/301/301 289/289/289 288/288/288
f 288/288/288 289/289/289 277/277/277 276/276/276
f 264/264/264 265/265/265 253/253/253 252/252/252
f 240/240/240 241/241/241 229/229/229 228/228/228
f 312/312/312 313/313/313 301/301/301 300/300/300
f 313/313/313 312/312/312 324/324/324 325/325/325
f 314/314/314 663/663/663 664/664/664 326/326/326
f 669/669/669 386/386/386 374/374/374 668/668/668
f 668/668/668 374/374/374 362/362/362 667/667/667
f 666/666/666 350/350/350 338/338/338 665/665/665
f 665/665/665 338/338/338 326/326/326 664/664/664
f 667/667/667 362/362/362 350/350/350 666/666/666
f 675/675/675 458/458/458 446/446/446 674/674/674
f 674/674/674 446/446/446 434/434/434 673/673/673
f 671/671/671 410/410/410 398/398/398 670/670/670
f 673/673/673 434/434/434 672/672/672
f 422/422/422 671/671/671 672/672/672
f 458/458/458 675/675/675 676/676/676 470/470/470
f 670/670/670 398/398/398 386/386/386 669/669/669
f 672/672/672 434/434/434 422/422/422
f 422/422/422 410/410/410 671/671/671
f 682/682/682 542/542/542 530/530/530 681/681/681
f 681/681/681 530/530/530 518/518/518 680/680/680
f 679/679/679 506/506/506 494/494/494 678/678/678
f 678/678/678 494/494/494 482/482/482 677/677/677
f 680/680/680 518/518/518 506/506/506 679/679/679
f 687/687/687 602/602/602 590/590/590 686/686/686
f 688/688/688 614/614/614 602/602/602 687/687/687
f 685/685/685 578/578/578 566/566/566 684/684/684
f 686/686/686 590/590/590 578/578/578 685/685/685
f 684/684/684 566/566/566 554/554/554 683/683/683
f 683/683/683 554/554/554 542/542/542 682/682/682
f 689/689/689 626/626/626 614/614/614 688/688/688
f 470/470/470 676/676/676 677/677/677 482/482/482
f 348/348/348 349/349/349 337/337/337 336/336/336
f 360/360/360 361/361/361 349/349/349 348/348/348
f 384/384/384 385/385/385 373/373/373 372/372/372
f 396/396/396 397/397/397 385/385/385 384/384/384
f 372/372/372 373/373/373 361/361/361 360/360/360
f 420/420/420 421/421/421 409/409/409 408/408/408
f 432/432/432 433/433/433 421/421/421 420/420/420
f 456/456/456 457/457/457 445/445/445 444/444/444
f 469/469/469 468/468/468 480/480/480 481/481/481
f 468/468/468 469/469/469 457/457/457 456/456/456
f 444/444/444 445/445/445 433/433/433 432/432/432
f 408/408/408 409/409/409 397/397/397 396/396/396
f 336/336/336 337/337/337 325/325/325 324/324/324
f 504/504/504 505/505/505 493/493/493 492/492/492
f 516/516/516 517/517/517 505/505/505 504/504/504
f 540/540/540 541/541/541 529/529/529 528/528/528
f 552/552/552 553/553/553 541/541/541 540/540/540
f 528/528/528 529/529/529 517/517/517 516/516/516
f 576/576/576 577/577/577 565/565/565 564/564/564
f 588/588/588 589/589/589 577/577/577 576/576/576
f 612/612/612 613/613/613 601/601/601 600/600/600
f 636/636/636 637/637/637 625/625/625 624/624/624
f 624/624/624 625/625/625 613/613/613 612/612/612
f 600/600/600 601/601/601 589/589/589 588/588/588
f 564/564/564 565/565/565 553/553/553 552/552/552
f 492/492/492 493/493/493 481/481/481 480/480/480
f 704/704/704 692/692/692 691/691/691 703/703/703
f 705/705/705 693/693/693 692/692/692 704/704/704
f 706/706/706 694/694/694 693/693/693 705/705/705
f 707/707/707 695/695/695 694/694/694 706/706/706
f 708/708/708 696/696/696 695/695/695 707/707/707
f 709/709/709 697/697/697 696/696/696 708/708/708
f 710/710/710 698/698/698 697/697/697 709/709/709
f 711/711/711 699/699/699 698/698/698 710/710/710
f 712/712/712 700/700/700 699/699/699 711/711/711
f 713/713/713 701/701/701 700/700/700 712/712/712
f 716/716/716 704/704/704 703/703/703 715/715/715
f 717/717/717 705/705/705 704/704/704 716/716/716
f 718/718/718 706/706/706 705/705/705 717/717/717
f 719/719/719 707/707/707 706/706/706 718/718/718
f 720/720/720 708/708/708 707/707/707 719/719/719
f 721/721/721 709/709/709 708/708/708 720/720/720
f 722/722/722 710/710/710 709/709/709 721/721/721
f 723/723/723 711/711/711 710/710/710 722/722/722
f 724/724/724 712/712/712 711/711/711 723/723/723
f 725/725/725 713/713/713 712/712/712 724/724/724
f 728/728/728 716/716/716 715/715/715 727/727/727
f 729/729/729 717/717/717 716/716/716 728/728/728
f 730/730/730 718/718/718 717/717/717 729/729/729
f 731/731/731 719/719/719 718/718/718 730/730/730
f 732/732/732 720/720/720 719/719/719 731/731/731
f 733/733/733 721/721/721 720/720/720 732/732/732
f 734/734/734 722/722/722 721/721/721 733/733/733
f 735/735/735 723/723/723 722/722/722 734/734/734
f 736/736/736 724/724/724 723/723/723 735/735/735
f 737/737/737 725/725/725 724/724/724 736/736/736
f 740/740/740 728/728/728 727/727/727 739/739/739
f 741/741/741 729/729/729 728/728/728 740/740/740
f 742/742/742 730/730/730 729/729/729 741/741/741
f 743/743/743 731/731/731 730/730/730 742/742/742
f 744/744/744 732/732/732 731/731/731 743/743/743
f 745/745/745 733/733/733 732/732/732 744/744/744
f 746/746/746 734/734/734 733/733/733 745/745/745
f 747/747/747 735/735/735 734/734/734 746/746/746
f 748/748/748 736/736/736 735/735/735 747/747/747
f 749/749/749 737/737/737 736/736/736 748/748/748
f 752/752/752 740/740/740 739/739/739 751/751/751
f 753/753/753 741/741/741 740/740/740 752/752/752
f 754/754/754 742/742/742 741/741/741 753/753/753
f 755/755/755 743/743/743 742/742/742 754/754/754
f 756/756/756 744/744/744 743/743/743 755/755/755
f 757/757/757 745/745/745 744/744/744 756/756/756
f 758/758/758 746/746/746 745/745/745 757/757/757
f 759/759/759 747/747/747 746/746/746 758/758/758
f 760/760/760 748/748/748 747/747/747 759/759/759
f 761/761/761 749/749/749 748/748/748 760/760/760
f 764/764/764 752/752/752 751/751/751 763/763/763
f 765/765/765 753/753/753 752/752/752 764/764/764
f 766/766/766 754/754/754 753/753/753 765/765/765
f 767/767/767 755/755/755 754/754/754 766/766/766
f 768/768/768 756/756/756 755/755/755 767/767/767
f 769/769/769 757/757/757 756/756/756 768/768/768
f 770/770/770 758/758/758 757/757/757 769/769/769
f 771/771/771 759/759/759 758/758/758 770/770/770
f 772/772/772 760/760/760 759/759/759 771/771/771
f 773/773/773 761/761/761 760/760/760 772/772/772
f 776/776/776 764/764/764 763/763/763 775/775/775
f 777/777/777 765/765/765 764/764/764 776/776/776
f 778/778/778 766/766/766 765/765/765 777/777/777
f 779/779/779 767/767/767 766/766/766 778/778/778
f 780/780/780 768/768/768 767/767/767 779/779/779
f 781/781/781 769/769/769 768/768/768 780/780/780
f 782/782/782 770/770/770 769/769/769 781/781/781
f 783/783/783 771/771/771 770/770/770 782/782/782
f 784/784/784 772/772/772 771/771/771 783/783/783
f 785/785/785 773/773/773 772/772/772 784/784/784
f 788/788/788 776/776/776 775/775/775 787/787/787
f 789/789/789 777/777/777 776/776/776 788/788/788
f 790/790/790 778/778/778 777/777/777 789/789/789
f 791/791/791 779/779/779 778/778/778 790/790/790
f 792/792/792 780/780/780 779/779/779 791/791/791
f 793/793/793 781/781/781 780/780/780 792/792/792
f 794/794/794 782/782/782 781/781/781 793/793/793
f 795/795/795 783/783/783 782/782/782 794/794/794
f 796/796/796 784/784/784 783/783/783 795/795/795
f 797/797/797 785/785/785 784/784/784 796/796/796
f 800/800/800 788/788/788 787/787/787 799/799/799
f 801/801/801 789/789/789 788/788/788 800/800/800
f 802/802/802 790/790/790 789/789/789 801/801/801
f 803/803/803 791/791/791 790/790/790 802/802/802
f 804/804/804 792/792/792 791/791/791 803/803/803
f 805/805/805 793/793/793 792/792/792 804/804/804
f 806/806/806 794/794/794 793/793/793 805/805/805
f 807/807/807 795/795/795 794/794/794 806/806/806
f 808/808/808 796/796/796 795/795/795 807/807/807
f 809/809/809 797/797/797 796/796/796 808/808/808
f 812/812/812 800/800/800 799/799/799 811/811/811
f 813/813/813 801/801/801 800/800/800 812/812/812
f 814/814/814 802/802/802 801/801/801 813/813/813
f 815/815/815 803/803/803 802/802/802 814/814/814
f 816/816/816 804/804/804 803/803/803 815/815/815
f 817/817/817 805/805/805 804/804/804 816/816/816
f 818/818/818 806/806/806 805/805/805 817/817/817
f 819/819/819 807/807/807 806/806/806 818/818/818
f 820/820/820 808/808/808 807/807/807 819/819/819
f 821/821/821 809/809/809 808/808/808 820/820/820
f 824/824/824 812/812/812 811/811/811 823/823/823
f 825/825/825 813/813/813 812/812/812 824/824/824
f 826/826/826 814/814/814 813/813/813 825/825/825
f 827/827/827 815/815/815 814/814/814 826/826/826
f 828/828/828 816/816/816 815/815/815 827/827/827
f 829/829/829 817/817/817 816/816/816 828/828/828
f 830/830/830 818/818/818 817/817/817 829/829/829
f 831/831/831 819/819/819 818/818/818 830/830/830
f 832/832/832 820/820/820 819/819/819 831/831/831
f 833/833/833 821/821/821 820/820/820 832/832/832
f 836/836/836 824/824/824 823/823/823 835/835/835
f 837/837/837 825/825/825 824/824/824 836/836/836
f 838/838/838 826/826/826 825/825/825 837/837/837
f 839/839/839 827/827/827 826/826/826 838/838/838
f 840/840/840 828/828/828 827/827/827 839/839/839
f 841/841/841 829/829/829 828/828/828 840/840/840
f 842/842/842 830/830/830 829/829/829 841/841/841
f 843/843/843 831/831/831 830/830/830 842/842/842
f 844/844/844 832/832/832 831/831/831 843/843/843
f 845/845/845 833/833/833 832/832/832 844/844/844
f 848/848/848 836/836/836 835/835/835 847/847/847
f 849/849/849 837/837/837 836/836/836 848/848/848
f 850/850/850 838/838/838 837/837/837 849/849/849
f 851/851/851 839/839/839 838/838/838 850/850/850
f 852/852/852 840/840/840 839/839/839 851/851/851
f 853/853/853 841/841/841 840/840/840 852/852/852
f 854/854/854 842/842/842 841/841/841 853/853/853
f 855/855/855 843/843/843 842/842/842 854/854/854
f 856/856/856 844/844/844 843/843/843 855/855/855
f 857/857/857 845/845/845 844/844/844 856/856/856
f 860/860/860 848/848/848 847/847/847 859/859/859
f 861/861/861 849/849/849 848/848/848 860/860/860
f 862/862/862 850/850/850 849/849/849 861/861/861
f 863/863/863 851/851/851 850/850/850 862/862/862
f 864/864/864 852/852/852 851/851/851 863/863/863
f 865/865/865 853/853/853 852/852/852 864/864/864
f 866/866/866 854/854/854 853/853/853 865/865/865
f 867/867/867 855/855/855 854/854/854 866/866/866
f 868/868/868 856/856/856 855/855/855 867/867/867
f 869/869/869 857/857/857 856/856/856 868/868/868
f 872/872/872 860/860/860 859/859/859 871/871/871
f 873/873/873 861/861/861 860/860/860 872/872/872
f 874/874/874 862/862/862 861/861/861 873/873/873
f 875/875/875 863/863/863 862/862/862 874/874/874
f 876/876/876 864/864/864 863/863/863 875/875/875
f 877/877/877 865/865/865 864/864/864 876/876/876
f 878/878/878 866/866/866 865/865/865 877/877/877
f 879/879/879 867/867/867 866/866/866 878/878/878
f 880/880/880 868/868/868 867/867/867 879/879/879
f 881/881/881 869/869/869 868/868/868 880/880/880
f 884/884/884 872/872/872 871/871/871 883/883/883
f 885/885/885 873/873/873 872/872/872 884/884/884
f 886/886/886 874/874/874 873/873/873 885/885/885
f 887/887/887 875/875/875 874/874/874 886/886/886
f 888/888/888 876/876/876 875/875/875 887/887/887
f 889/889/889 877/877/877 876/876/876 888/888/888
f 890/890/890 878/878/878 877/877/877 889/889/889
f 891/891/891 879/879/879 878/878/878 890/890/890
f 892/892/892 880/880/880 879/879/879 891/891/891
f 893/893/893 881/881/881 880/880/880 892/892/892
f 896/896/896 884/884/884 883/883/883 895/895/895
f 897/897/897 885/885/885 884/884/884 896/896/896
f 898/898/898 886/886/886 885/885/885 897/897/897
f 899/899/899 887/887/887 886/886/886 898/898/898
f 900/900/900 888/888/888 887/887/887 899/899/899
f 901/901/901 889/889/889 888/888/888 900/900/900
f 902/902/902 890/890/890 889/889/889 901/901/901
f 903/903/903 891/891/891 890/890/890 902/902/902
f 904/904/904 892/892/892 891/891/891 903/903/903
f 905/905/905 893/893/893 892/892/892 904/904/904
f 908/908/908 896/896/896 895/895/895 907/907/907
f 909/909/909 897/897/897 896/896/896 908/908/908
f 910/910/910 898/898/898 897/897/897 909/909/909
f 911/911/911 899/899/899 898/898/898 910/910/910
f 912/912/912 900/900/900 899/899/899 911/911/911
f 913/913/913 901/901/901 900/900/900 912/912/912
f 914/914/914 902/902/902 901/901/901 913/913/913
f 915/915/915 903/903/903 902/902/902 914/914/914
f 916/916/916 904/904/904 903/903/903 915/915/915
f 917/917/917 905/905/905 904/904/904 916/916/916
f 920/920/920 908/908/908 907/907/907 919/919/919
f 921/921/921 909/909/909 908/908/908 920/920/920
f 922/922/922 910/910/910 909/909/909 921/921/921
f 923/923/923 911/911/911 910/910/910 922/922/922
f 924/924/924 912/912/912 911/911/911 923/923/923
f 925/925/925 913/913/913 912/912/912 924/924/924
f 926/926/926 914/914/914 913/913/913 925/925/925
f 927/927/927 915/915/915 914/914/914 926/926/926
f 928/928/928 916/916/916 915/915/915 927/927/927
f 929/929/929 917/917/917 916/916/916 928/928/928
f 932/932/932 920/920/920 919/919/919 931/931/931
f 933/933/933 921/921/921 920/920/920 932/932/932
f 934/934/934 922/922/922 921/921/921 933/933/933
f 935/935/935 923/923/923 922/922/922 934/934/934
f 936/936/936 924/924/924 923/923/923 935/935/935
f 937/937/937 925/925/925 924/924/924 936/936/936
f 938/938/938 926/926/926 925/925/925 937/937/937
f 939/939/939 927/927/927 926/926/926 938/938/938
f 940/940/940 928/928/928 927/927/927 939/939/939
f 941/941/941 929/929/929 928/928/928 940/940/940
f 944/944/944 932/932/932 931/931/931 943/943/943
f 945/945/945 933/933/933 932/932/932 944/944/944
f 946/946/946 934/934/934 933/933/933 945/945/945
f 947/947/947 935/935/935 934/934/934 946/946/946
f 948/948/948 936/936/936 935/935/935 947/947/947
f 949/949/949 937/937/937 936/936/936 948/948/948
f 950/950/950 938/938/938 937/937/937 949/949/949
f 951/951/951 939/939/939 938/938/938 950/950/950
f 952/952/952 940/940/940 939/939/939 951/951/951
f 953/953/953 941/941/941 940/940/940 952/952/952
f 956/956/956 944/944/944 943/943/943 955/955/955
f 957/957/957 945/945/945 944/944/944 956/956/956
f 958/958/958 946/946/946 945/945/945 957/957/957
f 959/959/959 947/947/947 946/946/946 958/958/958
f 960/960/960 948/948/948 947/947/947 959/959/959
f 961/961/961 949/949/949 948/948/948 960/960/960
f 962/962/962 950/950/950 949/949/949 961/961/961
f 963/963/963 951/951/951 950/950/950 962/962/962
f 964/964/964 952/952/952 951/951/951 963/963/963
f 965/965/965 953/953/953 952/952/952 964/964/964
f 968/968/968 956/956/956 955/955/955 967/967/967
f 969/969/969 957/957/957 956/956/956 968/968/968
f 970/970/970 958/958/958 957/957/957 969/969/969
f 971/971/971 959/959/959 958/958/958 970/970/970
f 972/972/972 960/960/960 959/959/959 971/971/971
f 973/973/973 961/961/961 960/960/960 972/972/972
f 974/974/974 962/962/962 961/961/961 973/973/973
f 975/975/975 963/963/963 962/962/962 974/974/974
f 976/976/976 964/964/964 963/963/963 975/975/975
f 977/977/977 965/965/965 964/964/964 976/976/976
f 980/980/980 968/968/968 967/967/967 979/979/979
f 981/981/981 969/969/969 968/968/968 980/980/980
f 982/982/982 970/970/970 969/969/969 981/981/981
f 983/983/983 971/971/971 970/970/970 982/982/982
f 984/984/984 972/972/972 971/971/971 983/983/983
f 985/985/985 973/973/973 972/972/972 984/984/984
f 986/986/986 974/974/974 973/973/973 985/985/985
f 987/987/987 975/975/975 974/974/974 986/986/986
f 988/988/988 976/976/976 975/975/975 987/987/987
f 989/989/989 977/977/977 976/976/976 988/988/988
f 992/992/992 980/980/980 979/979/979 991/991/991
f 993/993/993 981/981/981 980/980/980 992/992/992
f 994/994/994 982/982/982 981/981/981 993/993/993
f 995/995/995 983/983/983 982/982/982 994/994/994
f 996/996/996 984/984/984 983/983/983 995/995/995
f 997/997/997 985/985/985 984/984/984 996/996/996
f 998/998/998 986/986/986 985/985/985 997/997/997
f 999/999/999 987/987/987 986/986/986 998/998/998
f 1000/1000/1000 988/988/988 987/987/987 999/999/999
f 1001/1001/1001 989/989/989 988/988/988 1000/1000/1000
f 1004/1004/1004 992/992/992 991/991/991 1003/1003/1003
f 1005/1005/1005 993/993/993 992/992/992 1004/1004/1004
f 1006/1006/1006 994/994/994 993/993/993 1005/1005/1005
f 1007/1007/1007 995/995/995 994/994/994 1006/1006/1006
f 1008/1008/1008 996/996/996 995/995/995 1007/1007/1007
f 1009/1009/1009 997/997/997 996/996/996 1008/1008/1008
f 1010/1010/1010 998/998/998 997/997/997 1009/1009/1009
f 1011/1011/1011 999/999/999 998/998/998 1010/1010/1010
f 1012/1012/1012 1000/1000/1000 999/999/999 1011/1011/1011
f 1013/1013/1013 1001/1001/1001 1000/1000/1000 1012/1012/1012
f 1016/1016/1016 1004/1004/1004 1003/1003/1003 1015/1015/1015
f 1017/1017/1017 1005/1005/1005 1004/1004/1004 1016/1016/1016
f 1018/1018/1018 1006/1006/1006 1005/1005/1005 1017/1017/1017
f 1019/1019/1019 1007/1007/1007 1006/1006/1006 1018/1018/1018
f 1020/1020/1020 1008/1008/1008 1007/1007/1007 1019/1019/1019
f 1021/1021/1021 1009/1009/1009 1008/1008/1008 1020/1020/1020
f 1022/1022/1022 1010/1010/1010 1009/1009/1009 1021/1021/1021
f 1023/1023/1023 1011/1011/1011 1010/1010/1010 1022/1022/1022
f 1024/1024/1024 1012/1012/1012 1011/1011/1011 1023/1023/1023
f 1025/1025/1025 1013/1013/1013 1012/1012/1012 1024/1024/1024
f 1028/1028/1028 1016/1016/1016 1015/1015/1015 1027/1027/1027
f 1029/1029/1029 1017/1017/1017 1016/1016/1016 1028/1028/1028
f 1030/1030/1030 1018/1018/1018 1017/1017/1017 1029/1029/1029
f 1031/1031/1031 1019/1019/1019 1018/1018/1018 1030/1030/1030
f 1032/1032/1032 1020/1020/1020 1019/1019/1019 1031/1031/1031
f 1033/1033/1033 1021/1021/1021 1020/1020/1020 1032/1032/1032
f 1034/1034/1034 1022/1022/1022 1021/1021/1021 1033/1033/1033
f 1035/1035/1035 1023/1023/1023 1022/1022/1022 1034/1034/1034
f 1036/1036/1036 1024/1024/1024 1023/1023/1023 1035/1035/1035
f 1037/1037/1037 1025/1025/1025 1024/1024/1024 1036/1036/1036
f 1040/1040/1040 1028/1028/1028 1027/1027/1027 1039/1039/1039
f 1041/1041/1041 1029/1029/1029 1028/1028/1028 1040/1040/1040
f 1042/1042/1042 1030/1030/1030 1029/1029/1029 1041/1041/1041
f 1043/1043/1043 1031/1031/1031 1030/1030/1030 1042/1042/1042
f 1044/1044/1044 1032/1032/1032 1031/1031/1031 1043/1043/1043
f 1045/1045/1045 1033/1033/1033 1032/1032/1032 1044/1044/1044
f 1046/1046/1046 1034/1034/1034 1033/1033/1033 1045/1045/1045
f 1047/1047/1047 1035/1035/1035 1034/1034/1034 1046/1046/1046
f 1048/1048/1048 1036/1036/1036 1035/1035/1035 1047/1047/1047
f 1049/1049/1049 1037/1037/1037 1036/1036/1036 1048/1048/1048
f 1052/1052/1052 1040/1040/1040 1039/1039/1039 1051/1051/1051
f 1053/1053/1053 1041/1041/1041 1040/1040/1040 1052/1052/1052
f 1054/1054/1054 1042/1042/1042 1041/1041/1041 1053/1053/1053
f 1055/1055/1055 1043/1043/1043 1042/1042/1042 1054/1054/1054
f 1056/1056/1056 1044/1044/1044 1043/1043/1043 1055/1055/1055
f 1057/1057/1057 1045/1045/1045 1044/1044/1044 1056/1056/1056
f 1058/1058/1058 1046/1046/1046 1045/1045/1045 1057/1057/1057
f 1059/1059/1059 1047/1047/1047 1046/1046/1046 1058/1058/1058
f 1060/1060/1060 1048/1048/1048 1047/1047/1047 1059/1059/1059
f 1061/1061/1061 1049/1049/1049 1048/1048/1048 1060/1060/1060
f 1064/1064/1064 1052/1052/1052 1051/1051/1051 1063/1063/1063
f 1065/1065/1065 1053/1053/1053 1052/1052/1052 1064/1064/1064
f 1066/1066/1066 1054/1054/1054 1053/1053/1053 1065/1065/1065
f 1067/1067/1067 1055/1055/1055 1054/1054/1054 1066/1066/1066
f 1068/1068/1068 1056/1056/1056 1055/1055/1055 1067/1067/1067
f 1069/1069/1069 1057/1057/1057 1056/1056/1056 1068/1068/1068
f 1070/1070/1070 1058/1058/1058 1057/1057/1057 1069/1069/1069
f 1071/1071/1071 1059/1059/1059 1058/1058/1058 1070/1070/1070
f 1072/1072/1072 1060/1060/1060 1059/1059/1059 1071/1071/1071
f 1073/1073/1073 1061/1061/1061 1060/1060/1060 1072/1072/1072
f 1076/1076/1076 1064/1064/1064 1063/1063/1063 1075/1075/1075
f 1077/1077/1077 1065/1065/1065 1064/1064/1064 1076/1076/1076
f 1078/1078/1078 1066/1066/1066 1065/1065/1065 1077/1077/1077
f 1079/1079/1079 1067/1067/1067 1066/1066/1066 1078/1078/1078
f 1080/1080/1080 1068/1068/1068 1067/1067/1067 1079/1079/1079
f 1081/1081/1081 1069/1069/1069 1068/1068/1068 1080/1080/1080
f 1082/1082/1082 1070/1070/1070 1069/1069/1069 1081/1081/1081
f 1083/1083/1083 1071/1071/1071 1070/1070/1070 1082/1082/1082
f 1084/1084/1084 1072/1072/1072 1071/1071/1071 1083/1083/1083
f 1085/1085/1085 1073/1073/1073 1072/1072/1072 1084/1084/1084
f 1088/1088/1088 1076/1076/1076 1075/1075/1075 1087/1087/1087
f 1089/1089/1089 1077/1077/1077 1076/1076/1076 1088/1088/1088
f 1090/1090/1090 1078/1078/1078 1077/1077/1077 1089/1089/1089
f 1091/1091/1091 1079/1079/1079 1078/1078/1078 1090/1090/1090
f 1092/1092/1092 1080/1080/1080 1079/1079/1079 1091/1091/1091
f 1093/1093/1093 1081/1081/1081 1080/1080/1080 1092/1092/1092
f 1094/1094/1094 1082/1082/1082 1081/1081/1081 1093/1093/1093
f 1095/1095/1095 1083/1083/1083 1082/1082/1082 1094/1094/1094
f 1096/1096/1096 1084/1084/1084 1083/1083/1083 1095/1095/1095
f 1097/1097/1097 1085/1085/1085 1084/1084/1084 1096/1096/1096
f 1100/1100/1100 1088/1088/1088 1087/1087/1087 1099/1099/1099
f 1101/1101/1101 1089/1089/1089 1088/1088/1088 1100/1100/1100
f 1102/1102/1102 1090/1090/1090 1089/1089/1089 1101/1101/1101
f 1103/1103/1103 1091/1091/1091 1090/1090/1090 1102/1102/1102
f 1104/1104/1104 1092/1092/1092 1091/1091/1091 1103/1103/1103
f 1105/1105/1105 1093/1093/1093 1092/1092/1092 1104/1104/1104
f 1106/1106/1106 1094/1094/1094 1093/1093/1093 1105/1105/1105
f 1107/1107/1107 1095/1095/1095 1094/1094/1094 1106/1106/1106
f 1108/1108/1108 1096/1096/1096 1095/1095/1095 1107/1107/1107
f 1109/1109/1109 1097/1097/1097 1096/1096/1096 1108/1108/1108
f 1112/1112/1112 1100/1100/1100 1099/1099/1099 1111/1111/1111
f 1113/1113/1113 1101/1101/1101 1100/1100/1100 1112/1112/1112
f 1114/1114/1114 1102/1102/1102 1101/1101/1101 1113/1113/1113
f 1115/1115/1115 1103/1103/1103 1102/1102/1102 1114/1114/1114
f 1116/1116/1116 1104/1104/1104 1103/1103/1103 1115/1115/1115
f 1117/1117/1117 1105/1105/1105 1104/1104/1104 1116/1116/1116
f 1118/1118/1118 1106/1106/1106 1105/1105/1105 1117/1117/1117
f 1119/1119/1119 1107/1107/1107 1106/1106/1106 1118/1118/1118
f 1120/1120/1120 1108/1108/1108 1107/1107/1107 1119/1119/1119
f 1121/1121/1121 1109/1109/1109 1108/1108/1108 1120/1120/1120
f 1124/1124/1124 1112/1112/1112 1111/1111/1111 1123/1123/1123
f 1125/1125/1125 1113/1113/1113 1112/1112/1112 1124/1124/1124
f 1126/1126/1126 1114/1114/1114 1113/1113/1113 1125/1125/1125
f 1127/1127/1127 1115/1115/1115 1114/1114/1114 1126/1126/1126
f 1128/1128/1128 1116/1116/1116 1115/1115/1115 1127/1127/1127
f 1129/1129/1129 1117/1117/1117 1116/1116/1116 1128/1128/1128
f 1130/1130/1130 1118/1118/1118 1117/1117/1117 1129/1129/1129
f 1131/1131/1131 1119/1119/1119 1118/1118/1118 1130/1130/1130
f 1132/1132/1132 1120/1120/1120 1119/1119/1119 1131/1131/1131
f 1133/1133/1133 1121/1121/1121 1120/1120/1120 1132/1132/1132
f 1136/1136/1136 1124/1124/1124 1123/1123/1123 1135/1135/1135
f 1137/1137/1137 1125/1125/1125 1124/1124/1124 1136/1136/1136
f 1138/1138/1138 1126/1126/1126 1125/1125/1125 1137/1137/1137
f 1139/1139/1139 1127/1127/1127 1126/1126/1126 1138/1138/1138
f 1140/1140/1140 1128/1128/1128 1127/1127/1127 1139/1139/1139
f 1141/1141/1141 1129/1129/1129 1128/1128/1128 1140/1140/1140
f 1142/1142/1142 1130/1130/1130 1129/1129/1129 1141/1141/1141
f 1143/1143/1143 1131/1131/1131 1130/1130/1130 1142/1142/1142
f 1144/1144/1144 1132/1132/1132 1131/1131/1131 1143/1143/1143
f 1145/1145/1145 1133/1133/1133 1132/1132/1132 1144/1144/1144
f 1148/1148/1148 1136/1136/1136 1135/1135/1135 1147/1147/1147
f 1149/1149/1149 1137/1137/1137 1136/1136/1136 1148/1148/1148
f 1150/1150/1150 1138/1138/1138 1137/1137/1137 1149/1149/1149
f 1151/1151/1151 1139/1139/1139 1138/1138/1138 1150/1150/1150
f 1152/1152/1152 1140/1140/1140 1139/1139/1139 1151/1151/1151
f 1153/1153/1153 1141/1141/1141 1140/1140/1140 1152/1152/1152
f 1154/1154/1154 1142/1142/1142 1141/1141/1141 1153/1153/1153
f 1155/1155/1155 1143/1143/1143 1142/1142/1142 1154/1154/1154
f 1156/1156/1156 1144/1144/1144 1143/1143/1143 1155/1155/1155
f 1157/1157/1157 1145/1145/1145 1144/1144/1144 1156/1156/1156
f 1160/1160/1160 1148/1148/1148 1147/1147/1147 1159/1159/1159
f 1161/1161/1161 1149/1149/1149 1148/1148/1148 1160/1160/1160
f 1162/1162/1162 1150/1150/1150 1149/1149/1149 1161/1161/1161
f 1163/1163/1163 1151/1151/1151 1150/1150/1150 1162/1162/1162
f 1164/1164/1164 1152/1152/1152 1151/1151/1151 1163/1163/1163
f 1165/1165/1165 1153/1153/1153 1152/1152/1152 1164/1164/1164
f 1166/1166/1166 1154/1154/1154 1153/1153/1153 1165/1165/1165
f 1167/1167/1167 1155/1155/1155 1154/1154/1154 1166/1166/1166
f 1168/1168/1168 1156/1156/1156 1155/1155/1155 1167/1167/1167
f 1169/1169/1169 1157/1157/1157 1156/1156/1156 1168/1168/1168
f 1172/1172/1172 1160/1160/1160 1159/1159/1159 1171/1171/1171
f 1173/1173/1173 1161/1161/1161 1160/1160/1160 1172/1172/1172
f 1174/1174/1174 1162/1162/1162 1161/1161/1161 1173/1173/1173
f 1175/1175/1175 1163/1163/1163 1162/1162/1162 1174/1174/1174
f 1176/1176/1176 1164/1164/1164 1163/1163/1163 1175/1175/1175
f 1177/1177/1177 1165/1165/1165 1164/1164/1164 1176/1176/1176
f 1178/1178/1178 1166/1166/1166 1165/1165/1165 1177/1177/1177
f 1179/1179/1179 1167/1167/1167 1166/1166/1166 1178/1178/1178
f 1180/1180/1180 1168/1168/1168 1167/1167/1167 1179/1179/1179
f 1181/1181/1181 1169/1169/1169 1168/1168/1168 1180/1180/1180
f 1184/1184/1184 1172/1172/1172 1171/1171/1171 1183/1183/1183
f 1185/1185/1185 1173/1173/1173 1172/1172/1172 1184/1184/1184
f 1186/1186/1186 1174/1174/1174 1173/1173/1173 1185/1185/1185
f 1187/1187/1187 1175/1175/1175 1174/1174/1174 1186/1186/1186
f 1188/1188/1188 1176/1176/1176 1175/1175/1175 1187/1187/1187
f 1189/1189/1189 1177/1177/1177 1176/1176/1176 1188/1188/1188
f 1190/1190/1190 1178/1178/1178 1177/1177/1177 1189/1189/1189
f 1191/1191/1191 1179/1179/1179 1178/1178/1178 1190/1190/1190
f 1192/1192/1192 1180/1180/1180 1179/1179/1179 1191/1191/1191
f 1193/1193/1193 1181/1181/1181 1180/1180/1180 1192/1192/1192
f 1196/1196/1196 1184/1184/1184 1183/1183/1183 1195/1195/1195
f 1197/1197/1197 1185/1185/1185 1184/1184/1184 1196/1196/1196
f 1198/1198/1198 1186/1186/1186 1185/1185/1185 1197/1197/1197
f 1199/1199/1199 1187/1187/1187 1186/1186/1186 1198/1198/1198
f 1200/1200/1200 1188/1188/1188 1187/1187/1187 1199/1199/1199
f 1201/1201/1201 1189/1189/1189 1188/1188/1188 1200/1200/1200
f 1202/1202/1202 1190/1190/1190 1189/1189/1189 1201/1201/1201
f 1203/1203/1203 1191/1191/1191 1190/1190/1190 1202/1202/1202
f 1204/1204/1204 1192/1192/1192 1191/1191/1191 1203/1203/1203
f 1205/1205/1205 1193/1193/1193 1192/1192/1192 1204/1204/1204
f 1208/1208/1208 1196/1196/1196 1195/1195/1195 1207/1207/1207
f 1209/1209/1209 1197/1197/1197 1196/1196/1196 1208/1208/1208
f 1210/1210/1210 1198/1198/1198 1197/1197/1197 1209/1209/1209
f 1211/1211/1211 1199/1199/1199 1198/1198/1198 1210/1210/1210
f 1212/1212/1212 1200/1200/1200 1199/1199/1199 1211/1211/1211
f 1213/1213/1213 1201/1201/1201 1200/1200/1200 1212/1212/1212
f 1214/1214/1214 1202/1202/1202 1201/1201/1201 1213/1213/1213
f 1215/1215/1215 1203/1203/1203 1202/1202/1202 1214/1214/1214
f 1216/1216/1216 1204/1204/1204 1203/1203/1203 1215/1215/1215
f 1217/1217/1217 1205/1205/1205 1204/1204/1204 1216/1216/1216
f 1220/1220/1220 1208/1208/1208 1207/1207/1207 1219/1219/1219
f 1221/1221/1221 1209/1209/1209 1208/1208/1208 1220/1220/1220
f 1222/1222/1222 1210/1210/1210 1209/1209/1209 1221/1221/1221
f 1223/1223/1223 1211/1211/1211 1210/1210/1210 1222/1222/1222
f 1224/1224/1224 1212/1212/1212 1211/1211/1211 1223/1223/1223
f 1225/1225/1225 1213/1213/1213 1212/1212/1212 1224/1224/1224
f 1226/1226/1226 1214/1214/1214 1213/1213/1213 1225/1225/1225
f 1227/1227/1227 1215/1215/1215 1214/1214/1214 1226/1226/1226
f 1228/1228/1228 1216/1216/1216 1215/1215/1215 1227/1227/1227
f 1229/1229/1229 1217/1217/1217 1216/1216/1216 1228/1228/1228
f 1232/1232/1232 1220/1220/1220 1219/1219/1219 1231/1231/1231
f 1233/1233/1233 1221/1221/1221 1220/1220/1220 1232/1232/1232
f 1234/1234/1234 1222/1222/1222 1221/1221/1221 1233/1233/1233
f 1235/1235/1235 1223/1223/1223 1222/1222/1222 1234/1234/1234
f 1236/1236/1236 1224/1224/1224 1223/1223/1223 1235/1235/1235
f 1237/1237/1237 1225/1225/1225 1224/1224/1224 1236/1236/1236
f 1238/1238/1238 1226/1226/1226 1225/1225/1225 1237/1237/1237
f 1239/1239/1239 1227/1227/1227 1226/1226/1226 1238/1238/1238
f 1240/1240/1240 1228/1228/1228 1227/1227/1227 1239/1239/1239
f 1241/1241/1241 1229/1229/1229 1228/1228/1228 1240/1240/1240
f 1244/1244/1244 1232/1232/1232 1231/1231/1231 1243/1243/1243
f 1245/1245/1245 1233/1233/1233 1232/1232/1232 1244/1244/1244
f 1246/1246/1246 1234/1234/1234 1233/1233/1233 1245/1245/1245
f 1247/1247/1247 1235/1235/1235 1234/1234/1234 1246/1246/1246
f 1248/1248/1248 1236/1236/1236 1235/1235/1235 1247/1247/1247
f 1249/1249/1249 1237/1237/1237 1236/1236/1236 1248/1248/1248
f 1250/1250/1250 1238/1238/1238 1237/1237/1237 1249/1249/1249
f 1251/1251/1251 1239/1239/1239 1238/1238/1238 1250/1250/1250
f 1252/1252/1252 1240/1240/1240 1239/1239/1239 1251/1251/1251
f 1253/1253/1253 1241/1241/1241 1240/1240/1240 1252/1252/1252
f 1256/1256/1256 1244/1244/1244 1243/1243/1243 1255/1255/1255
f 1257/1257/1257 1245/1245/1245 1244/1244/1244 1256/1256/1256
f 1258/1258/1258 1246/1246/1246 1245/1245/1245 1257/1257/1257
f 1259/1259/1259 1247/1247/1247 1246/1246/1246 1258/1258/1258
f 1260/1260/1260 1248/1248/1248 1247/1247/1247 1259/1259/1259
f 1261/1261/1261 1249/1249/1249 1248/1248/1248 1260/1260/1260
f 1262/1262/1262 1250/1250/1250 1249/1249/1249 1261/1261/1261
f 1263/1263/1263 1251/1251/1251 1250/1250/1250 1262/1262/1262
f 1264/1264/1264 1252/1252/1252 1251/1251/1251 1263/1263/1263
f 1265/1265/1265 1253/1253/1253 1252/1252/1252 1264/1264/1264
f 1268/1268/1268 1256/1256/1256 1255/1255/1255 1267/1267/1267
f 1269/1269/1269 1257/1257/1257 1256/1256/1256 1268/1268/1268
f 1270/1270/1270 1258/1258/1258 1257/1257/1257 1269/1269/1269
f 1271/1271/1271 1259/1259/1259 1258/1258/1258 1270/1270/1270
f 1272/1272/1272 1260/1260/1260 1259/1259/1259 1271/1271/1271
f 1273/1273/1273 1261/1261/1261 1260/1260/1260 1272/1272/1272
f 1274/1274/1274 1262/1262/1262 1261/1261/1261 1273/1273/1273
f 1275/1275/1275 1263/1263/1263 1262/1262/1262 1274/1274/1274
f 1276/1276/1276 1264/1264/1264 1263/1263/1263 1275/1275/1275
f 1277/1277/1277 1265/1265/1265 1264/1264/1264 1276/1276/1276
f 1280/1280/1280 1268/1268/1268 1267/1267/1267 1279/1279/1279
f 1281/1281/1281 1269/1269/1269 1268/1268/1268 1280/1280/1280
f 1282/1282/1282 1270/1270/1270 1269/1269/1269 1281/1281/1281
f 1283/1283/1283 1271/1271/1271 1270/1270/1270 1282/1282/1282
f 1284/1284/1284 1272/1272/1272 1271/1271/1271 1283/1283/1283
f 1285/1285/1285 1273/1273/1273 1272/1272/1272 1284/1284/1284
f 1286/1286/1286 1274/1274/1274 1273/1273/1273 1285/1285/1285
f 1287/1287/1287 1275/1275/1275 1274/1274/1274 1286/1286/1286
f 1288/1288/1288 1276/1276/1276 1275/1275/1275 1287/1287/1287
f 1289/1289/1289 1277/1277/1277 1276/1276/1276 1288/1288/1288
f 1292/1292/1292 1280/1280/1280 1279/1279/1279 1291/1291/1291
f 1293/1293/1293 1281/1281/1281 1280/1280/1280 1292/1292/1292
f 1294/1294/1294 1282/1282/1282 1281/1281/1281 1293/1293/1293
f 1295/1295/1295 1283/1283/1283 1282/1282/1282 1294/1294/1294
f 1296/1296/1296 1284/1284/1284 1283/1283/1283 1295/1295/1295
f 1297/1297/1297 1285/1285/1285 1284/1284/1284 1296/1296/1296
f 1298/1298/1298 1286/1286/1286 1285/1285/1285 1297/1297/1297
f 1299/1299/1299 1287/1287/1287 1286/1286/1286 1298/1298/1298
f 1300/1300/1300 1288/1288/1288 1287/1287/1287 1299/1299/1299
f 1301/1301/1301 1289/1289/1289 1288/1288/1288 1300/1300/1300
f 691/691/691 690/690/690 1303/1303/1303 703/703/703
f 703/703/703 1303/1303/1303 1304/1304/1304 715/715/715
f 727/727/727 1305/1305/1305 1306/1306/1306 739/739/739
f 715/715/715 1304/1304/1304 1305/1305/1305 727/727/727
f 739/739/739 1306/1306/1306 1307/1307/1307 751/751/751
f 763/763/763 1308/1308/1308 1309/1309/1309 775/775/775
f 775/775/775 1309/1309/1309 1310/1310/1310 787/787/787
f 799/799/799 1311/1311/1311 1312/1312/1312 811/811/811
f 787/787/787 1310/1310/1310 1311/1311/1311 799/799/799
f 751/751/751 1307/1307/1307 1308/1308/1308 763/763/763
f 811/811/811 1312/1312/1312 1313/1313/1313 823/823/823
f 1314/1314/1314 835/835/835 823/823/823 1313/1313/1313
f 847/847/847 1315/1315/1315 1316/1316/1316 859/859/859
f 859/859/859 1316/1316/1316 1317/1317/1317 871/871/871
f 895/895/895 1319/1319/1319 1320/1320/1320 907/907/907
f 883/883/883 1318/1318/1318 1319/1319/1319 895/895/895
f 871/871/871 1317/1317/1317 1318/1318/1318 883/883/883
f 931/931/931 1322/1322/1322 1323/1323/1323 943/943/943
f 919/919/919 1321/1321/1321 1322/1322/1322 931/931/931
f 955/955/955 1324/1324/1324 1325/1325/1325 967/967/967
f 979/979/979 1326/1326/1326 1327/1327/1327 991/991/991
f 967/967/967 1325/1325/1325 1326/1326/1326 979/979/979
f 943/943/943 1323/1323/1323 1324/1324/1324 955/955/955
f 907/907/907 1320/1320/1320 1321/1321/1321 919/919/919
f 1315/1315/1315 847/847/847 835/835/835 1314/1314/1314
f 713/713/713 714/714/714 702/702/702 701/701/701
f 725/725/725 726/726/726 714/714/714 713/713/713
f 749/749/749 750/750/750 738/738/738 737/737/737
f 761/761/761 762/762/762 750/750/750 749/749/749
f 737/737/737 738/738/738 726/726/726 725/725/725
f 785/785/785 786/786/786 774/774/774 773/773/773
f 797/797/797 798/798/798 786/786/786 785/785/785
f 821/821/821 822/822/822 810/810/810 809/809/809
f 833/833/833 834/834/834 822/822/822 821/821/821
f 809/809/809 810/810/810 798/798/798 797/797/797
f 773/773/773 774/774/774 762/762/762 761/761/761
f 845/845/845 846/846/846 834/834/834 833/833/833
f 869/869/869 870/870/870 858/858/858 857/857/857
f 881/881/881 882/882/882 870/870/870 869/869/869
f 905/905/905 906/906/906 894/894/894 893/893/893
f 917/917/917 918/918/918 906/906/906 905/905/905
f 893/893/893 894/894/894 882/882/882 881/881/881
f 941/941/941 942/942/942 930/930/930 929/929/929
f 965/965/965 966/966/966 954/954/954 953/953/953
f 989/989/989 990/990/990 978/978/978 977/977/977
f 977/977/977 978/978/978 966/966/966 965/965/965
f 990/990/990 989/989/989 1001/1001/1001 1002/1002/1002
f 953/953/953 954/954/954 942/942/942 941/941/941
f 929/929/929 930/930/930 918/918/918 917/917/917
f 857/857/857 858/858/858 846/846/846 845/845/845
f 991/991/991 1327/1327/1327 1328/1328/1328 1003/1003/1003
f 1333/1333/1333 1063/1063/1063 1051/1051/1051 1332/1332/1332
f 1332/1332/1332 1051/1051/1051 1039/1039/1039 1331/1331/1331
f 1330/1330/1330 1027/1027/1027 1015/1015/1015 1329/1329/1329
f 1329/1329/1329 1015/1015/1015 1003/1003/1003 1328/1328/1328
f 1331/1331/1331 1039/1039/1039 1027/1027/1027 1330/1330/1330
f 1338/1338/1338 1123/1123/1123 1111/1111/1111 1337/1337/1337
f 1337/1337/1337 1111/1111/1111 1099/1099/1099 1336/1336/1336
f 1336/1336/1336 1099/1099/1099 1087/1087/1087 1335/1335/1335
f 1335/1335/1335 1087/1087/1087 1075/1075/1075 1334/1334/1334
f 1339/1339/1339 1135/1135/1135 1123/1123/1123 1338/1338/1338
f 1334/1334/1334 1075/1075/1075 1063/1063/1063 1333/1333/1333
f 1135/1135/1135 1339/1339/1339 1340/1340/1340 1147/1147/1147
f 1345/1345/1345 1207/1207/1207 1195/1195/1195 1344/1344/1344
f 1344/1344/1344 1195/1195/1195 1183/1183/1183 1343/1343/1343
f 1341/1341/1341 1159/1159/1159 1147/1147/1147 1340/1340/1340
f 1342/1342/1342 1171/1171/1171 1159/1159/1159 1341/1341/1341
f 1343/1343/1343 1183/1183/1183 1171/1171/1171 1342/1342/1342
f 1350/1350/1350 1267/1267/1267 1255/1255/1255 1349/1349/1349
f 1351/1351/1351 1279/1279/1279 1267/1267/1267 1350/1350/1350
f 1348/1348/1348 1243/1243/1243 1231/1231/1231 1347/1347/1347
f 1349/1349/1349 1255/1255/1255 1243/1243/1243 1348/1348/1348
f 1347/1347/1347 1231/1231/1231 1219/1219/1219 1346/1346/1346
f 1346/1346/1346 1219/1219/1219 1207/1207/1207 1345/1345/1345
f 1352/1352/1352 1291/1291/1291 1279/1279/1279 1351/1351/1351
f 1025/1025/1025 1026/1026/1026 1014/1014/1014 1013/1013/1013
f 1037/1037/1037 1038/1038/1038 1026/1026/1026 1025/1025/1025
f 1061/1061/1061 1062/1062/1062 1050/1050/1050 1049/1049/1049
f 1073/1073/1073 1074/1074/1074 1062/1062/1062 1061/1061/1061
f 1049/1049/1049 1050/1050/1050 1038/1038/1038 1037/1037/1037
f 1097/1097/1097 1098/1098/1098 1086/1086/1086 1085/1085/1085
f 1109/1109/1109 1110/1110/1110 1098/1098/1098 1097/1097/1097
f 1133/1133/1133 1134/1134/1134 1122/1122/1122 1121/1121/1121
f 1145/1145/1145 1146/1146/1146 1134/1134/1134 1133/1133/1133
f 1121/1121/1121 1122/1122/1122 1110/1110/1110 1109/1109/1109
f 1085/1085/1085 1086/1086/1086 1074/1074/1074 1073/1073/1073
f 1013/1013/1013 1014/1014/1014 1002/1002/1002 1001/1001/1001
f 1146/1146/1146 1145/1145/1145 1157/1157/1157 1158/1158/1158
f 1169/1169/1169 1170/1170/1170 1158/1158/1158 1157/1157/1157
f 1181/1181/1181 1182/1182/1182 1170/1170/1170 1169/1169/1169
f 1205/1205/1205 1206/1206/1206 1194/1194/1194 1193/1193/1193
f 1217/1217/1217 1218/1218/1218 1206/1206/1206 1205/1205/1205
f 1193/1193/1193 1194/1194/1194 1182/1182/1182 1181/1181/1181
f 1241/1241/1241 1242/1242/1242 1230/1230/1230 1229/1229/1229
f 1253/1253/1253 1254/1254/1254 1242/1242/1242 1241/1241/1241
f 1277/1277/1277 1278/1278/1278 1266/1266/1266 1265/1265/1265
f 1301/1301/1301 1302/1302/1302 1290/1290/1290 1289/1289/1289
f 1289/1289/1289 1290/1290/1290 1278/1278/1278 1277/1277/1277
f 1265/1265/1265 1266/1266/1266 1254/1254/1254 1253/1253/1253
f 1229/1229/1229 1230/1230/1230 1218/1218/1218 1217/1217/1217
f 1384/1384/1384 1425/1425/1425 1383/1383/1383
f 1385/1385/1385 1425/1425/1425 1384/1384/1384
f 1383/1383/1383 1425/1425/1425 1426/1426/1426
f 1385/1385/1385 1424/1424/1424 1425/1425/1425
f 1424/1424/1424 1385/1385/1385 1423/1423/1423
f 1427/1427/1427 1383/1383/1383 1426/1426/1426
f 1381/1381/1381 1429/1429/1429 1380/1380/1380
f 1382/1382/1382 1427/1427/1427 1381/1381/1381
f 1381/1381/1381 1428/1428/1428 1429/1429/1429
f 1381/1381/1381 1427/1427/1427 1428/1428/1428
f 1427/1427/1427 1382/1382/1382 1383/1383/1383
f 1430/1430/1430 1380/1380/1380 1429/1429/1429
f 1388/1388/1388 1389/1389/1389 1421/1421/1421
f 1389/1389/1389 1390/1390/1390 1420/1420/1420
f 1417/1417/1417 1418/1418/1418 1391/1391/1391
f 1419/1419/1419 1390/1390/1390 1391/1391/1391
f 1419/1419/1419 1391/1391/1391 1418/1418/1418
f 1422/1422/1422 1423/1423/1423 1386/1386/1386
f 1387/1387/1387 1422/1422/1422 1386/1386/1386
f 1385/1385/1385 1386/1386/1386 1423/1423/1423
f 1420/1420/1420 1421/1421/1421 1389/1389/1389
f 1387/1387/1387 1421/1421/1421 1422/1422/1422
f 1388/1388/1388 1421/1421/1421 1387/1387/1387
f 1420/1420/1420 1390/1390/1390 1419/1419/1419
f 1377/1377/1377 1378/1378/1378 1431/1431/1431
f 1379/1379/1379 1430/1430/1430 1378/1378/1378
f 1377/1377/1377 1431/1431/1431 1432/1432/1432
f 1378/1378/1378 1430/1430/1430 1431/1431/1431
f 1430/1430/1430 1379/1379/1379 1380/1380/1380
f 1433/1433/1433 1377/1377/1377 1432/1432/1432
f 1374/1374/1374 1375/1375/1375 1435/1435/1435
f 1376/1376/1376 1433/1433/1433 1375/1375/1375
f 1434/1434/1434 1435/1435/1435 1375/1375/1375
f 1436/1436/1436 1373/1373/1373 1435/1435/1435
f 1435/1435/1435 1373/1373/1373 1374/1374/1374
f 1433/1433/1433 1434/1434/1434 1375/1375/1375
f 1433/1433/1433 1376/1376/1376 1377/1377/1377
f 1373/1373/1373 1437/1437/1437 1372/1372/1372
f 1438/1438/1438 1372/1372/1372 1437/1437/1437
f 1436/1436/1436 1437/1437/1437 1373/1373/1373
f 1439/1439/1439 1371/1371/1371 1438/1438/1438
f 1371/1371/1371 1372/1372/1372 1438/1438/1438
f 1440/1440/1440 1369/1369/1369 1439/1439/1439
f 1370/1370/1370 1439/1439/1439 1369/1369/1369
f 1439/1439/1439 1370/1370/1370 1371/1371/1371
f 1367/1367/1367 1441/1441/1441 1442/1442/1442
f 1441/1441/1441 1367/1367/1367 1368/1368/1368
f 1367/1367/1367 1442/1442/1442 1443/1443/1443
f 1440/1440/1440 1368/1368/1368 1369/1369/1369
f 1441/1441/1441 1368/1368/1368 1440/1440/1440
f 1392/1392/1392 1417/1417/1417 1391/1391/1391
f 1393/1393/1393 1394/1394/1394 1416/1416/1416
f 1394/1394/1394 1395/1395/1395 1414/1414/1414
f 1397/1397/1397 1413/1413/1413 1396/1396/1396
f 1396/1396/1396 1414/1414/1414 1395/1395/1395
f 1413/1413/1413 1397/1397/1397 1398/1398/1398
f 1416/1416/1416 1417/1417/1417 1392/1392/1392
f 1394/1394/1394 1415/1415/1415 1416/1416/1416
f 1396/1396/1396 1413/1413/1413 1414/1414/1414
f 1398/1398/1398 1412/1412/1412 1413/1413/1413
f 1414/1414/1414 1415/1415/1415 1394/1394/1394
f 1412/1412/1412 1398/1398/1398 1411/1411/1411
f 1393/1393/1393 1416/1416/1416 1392/1392/1392
f 1400/1400/1400 1410/1410/1410 1411/1411/1411
f 1398/1398/1398 1399/1399/1399 1411/1411/1411
f 1399/1399/1399 1400/1400/1400 1411/1411/1411
f 1410/1410/1410 1401/1401/1401 1409/1409/1409
f 1408/1408/1408 1409/1409/1409 1401/1401/1401
f 1400/1400/1400 1401/1401/1401 1410/1410/1410
f 1403/1403/1403 1407/1407/1407 1408/1408/1408
f 1401/1401/1401 1402/1402/1402 1408/1408/1408
f 1402/1402/1402 1403/1403/1403 1408/1408/1408
f 1407/1407/1407 1404/1404/1404 1406/1406/1406
f 1404/1404/1404 1405/1405/1405 1406/1406/1406
f 1405/1405/1405 1404/1404/1404 1353/1353/1353
f 1403/1403/1403 1404/1404/1404 1407/1407/1407
f 1365/1365/1365 1444/1444/1444 1445/1445/1445
f 1365/1365/1365 1443/1443/1443 1444/1444/1444
f 1360/1360/1360 1447/1447/1447 1448/1448/1448
f 1362/1362/1362 1446/1446/1446 1447/1447/1447
f 1364/1364/1364 1445/1445/1445 1446/1446/1446
f 1365/1365/1365 1445/1445/1445 1364/1364/1364
f 1443/1443/1443 1365/1365/1365 1366/1366/1366
f 1447/1447/1447 1361/1361/1361 1362/1362/1362
f 1362/1362/1362 1363/1363/1363 1446/1446/1446
f 1364/1364/1364 1446/1446/1446 1363/1363/1363
f 1360/1360/1360 1361/1361/1361 1447/1447/1447
f 1360/1360/1360 1448/1448/1448 1449/1449/1449
f 1443/1443/1443 1366/1366/1366 1367/1367/1367
f 1354/1354/1354 1453/1453/1453 1454/1454/1454
f 1355/1355/1355 1452/1452/1452 1453/1453/1453
f 1355/1355/1355 1453/1453/1453 1354/1354/1354
f 1354/1354/1354 1454/1454/1454 1405/1405/1405
f 1356/1356/1356 1452/1452/1452 1355/1355/1355
f 1358/1358/1358 1359/1359/1359 1449/1449/1449
f 1450/1450/1450 1358/1358/1358 1449/1449/1449
f 1360/1360/1360 1449/1449/1449 1359/1359/1359
f 1357/1357/1357 1451/1451/1451 1356/1356/1356
f 1452/1452/1452 1356/1356/1356 1451/1451/1451
f 1451/1451/1451 1357/1357/1357 1358/1358/1358
f 1450/1450/1450 1451/1451/1451 1358/1358/1358
f 1405/1405/1405 1353/1353/1353 1354/1354/1354
f 1459/1459/1459 1458/1458/1458 1554/1554/1554
f 1460/1460/1460 1459/1459/1459 1553/1553/1553
f 1553/1553/1553 1459/1459/1459 1554/1554/1554
f 1552/1552/1552 1461/1461/1461 1460/1460/1460
f 1551/1551/1551 1461/1461/1461 1552/1552/1552
f 1553/1553/1553 1552/1552/1552 1460/1460/1460
f 1455/1455/1455 1507/1507/1507 1456/1456/1456
f 1457/1457/1457 1456/1456/1456 1556/1556/1556
f 1457/1457/1457 1556/1556/1556 1555/1555/1555
f 1458/1458/1458 1457/1457/1457 1555/1555/1555
f 1555/1555/1555 1554/1554/1554 1458/1458/1458
f 1456/1456/1456 1507/1507/1507 1556/1556/1556
f 1463/1463/1463 1462/1462/1462 1550/1550/1550
f 1463/1463/1463 1549/1549/1549 1464/1464/1464
f 1466/1466/1466 1465/1465/1465 1548/1548/1548
f 1548/1548/1548 1465/1465/1465 1464/1464/1464
f 1467/1467/1467 1466/1466/1466 1547/1547/1547
f 1462/1462/1462 1551/1551/1551 1550/1550/1550
f 1463/1463/1463 1550/1550/1550 1549/1549/1549
f 1467/1467/1467 1547/1547/1547 1546/1546/1546
f 1545/1545/1545 1467/1467/1467 1546/1546/1546
f 1466/1466/1466 1548/1548/1548 1547/1547/1547
f 1548/1548/1548 1464/1464/1464 1549/1549/1549
f 1545/1545/1545 1468/1468/1468 1467/1467/1467
f 1461/1461/1461 1551/1551/1551 1462/1462/1462
f 1508/1508/1508 1506/1506/1506 1505/1505/1505
f 1455/1455/1455 1506/1506/1506 1507/1507/1507
f 1507/1507/1507 1506/1506/1506 1508/1508/1508
f 1504/1504/1504 1509/1509/1509 1505/1505/1505
f 1505/1505/1505 1509/1509/1509 1508/1508/1508
f 1510/1510/1510 1509/1509/1509 1504/1504/1504
f 1504/1504/1504 1503/1503/1503 1510/1510/1510
f 1511/1511/1511 1510/1510/1510 1503/1503/1503
f 1502/1502/1502 1511/1511/1511 1503/1503/1503
f 1501/1501/1501 1513/1513/1513 1512/1512/1512
f 1512/1512/1512 1502/1502/1502 1501/1501/1501
f 1501/1501/1501 1500/1500/1500 1513/1513/1513
f 1511/1511/1511 1502/1502/1502 1512/1512/1512
f 1498/1498/1498 1516/1516/1516 1515/1515/1515
f 1499/1499/1499 1515/1515/1515 1514/1514/1514
f 1495/1495/1495 1519/1519/1519 1518/1518/1518
f 1495/1495/1495 1518/1518/1518 1517/1517/1517
f 1496/1496/1496 1517/1517/1517 1516/1516/1516
f 1500/1500/1500 1499/1499/1499 1514/1514/1514
f 1499/1499/1499 1498/1498/1498 1515/1515/1515
f 1496/1496/1496 1516/1516/1516 1497/1497/1497
f 1496/1496/1496 1495/1495/1495 1517/1517/1517
f 1497/1497/1497 1516/1516/1516 1498/1498/1498
f 1495/1495/1495 1494/1494/1494 1519/1519/1519
f 1520/1520/1520 1519/1519/1519 1494/1494/1494
f 1513/1513/1513 1500/1500/1500 1514/1514/1514
f 1544/1544/1544 1469/1469/1469 1468/1468/1468
f 1469/1469/1469 1544/1544/1544 1543/1543/1543
f 1471/1471/1471 1470/1470/1470 1542/1542/1542
f 1543/1543/1543 1470/1470/1470 1469/1469/1469
f 1472/1472/1472 1471/1471/1471 1541/1541/1541
f 1542/1542/1542 1470/1470/1470 1543/1543/1543
f 1541/1541/1541 1471/1471/1471 1542/1542/1542
f 1539/1539/1539 1473/1473/1473 1540/1540/1540
f 1472/1472/1472 1541/1541/1541 1540/1540/1540
f 1474/1474/1474 1473/1473/1473 1539/1539/1539
f 1473/1473/1473 1472/1472/1472 1540/1540/1540
f 1537/1537/1537 1475/1475/1475 1538/1538/1538
f 1474/1474/1474 1538/1538/1538 1475/1475/1475
f 1539/1539/1539 1538/1538/1538 1474/1474/1474
f 1536/1536/1536 1476/1476/1476 1537/1537/1537
f 1475/1475/1475 1537/1537/1537 1476/1476/1476
f 1477/1477/1477 1476/1476/1476 1536/1536/1536
f 1535/1535/1535 1477/1477/1477 1536/1536/1536
f 1478/1478/1478 1535/1535/1535 1534/1534/1534
f 1534/1534/1534 1533/1533/1533 1479/1479/1479
f 1532/1532/1532 1480/1480/1480 1533/1533/1533
f 1479/1479/1479 1533/1533/1533 1480/1480/1480
f 1478/1478/1478 1534/1534/1534 1479/1479/1479
f 1535/1535/1535 1478/1478/1478 1477/1477/1477
f 1524/1524/1524 1523/1523/1523 1490/1490/1490
f 1523/1523/1523 1522/1522/1522 1491/1491/1491
f 1488/1488/1488 1526/1526/1526 1525/1525/1525
f 1487/1487/1487 1526/1526/1526 1488/1488/1488
f 1489/1489/1489 1525/1525/1525 1524/1524/1524
f 1489/1489/1489 1488/1488/1488 1525/1525/1525
f 1493/1493/1493 1521/1521/1521 1520/1520/1520
f 1492/1492/1492 1521/1521/1521 1493/1493/1493
f 1494/1494/1494 1493/1493/1493 1520/1520/1520
f 1491/1491/1491 1522/1522/1522 1492/1492/1492
f 1492/1492/1492 1522/1522/1522 1521/1521/1521
f 1523/1523/1523 1491/1491/1491 1490/1490/1490
f 1490/1490/1490 1489/1489/1489 1524/1524/1524
f 1482/1482/1482 1532/1532/1532 1531/1531/1531
f 1483/1483/1483 1531/1531/1531 1530/1530/1530
f 1483/1483/1483 1482/1482/1482 1531/1531/1531
f 1481/1481/1481 1532/1532/1532 1482/1482/1482
f 1481/1481/1481 1480/1480/1480 1532/1532/1532
f 1484/1484/1484 1483/1483/1483 1530/1530/1530
f 1486/1486/1486 1527/1527/1527 1487/1487/1487
f 1528/1528/1528 1527/1527/1527 1486/1486/1486
f 1526/1526/1526 1487/1487/1487 1527/1527/1527
f 1485/1485/1485 1484/1484/1484 1529/1529/1529
f 1530/1530/1530 1529/1529/1529 1484/1484/1484
f 1485/1485/1485 1528/1528/1528 1486/1486/1486
f 1529/1529/1529 1528/1528/1528 1485/1485/1485
f 1468/1468/1468 1545/1545/1545 1544/1544/1544
