# Rhino

mtllib PCaja_05.mtl
usemtl Default
v -122 260 -122
v -122 266 -122
v -122 260 122
v -122 266 122
v -122 260 -103.23076629638672
v -122 260 -84.461540222167969
v -122 260 -65.692306518554688
v -122 260 -46.923076629638672
v -122 260 -28.153846740722656
v -122 260 -9.3846149444580078
v -122 260 9.3846149444580078
v -122 260 28.153846740722656
v -122 260 46.923076629638672
v -122 260 65.692306518554688
v -122 260 84.461540222167969
v -122 260 103.23076629638672
v -122 266 103.23076629638672
v -122 266 84.461540222167969
v -122 266 65.692306518554688
v -122 266 46.923076629638672
v -122 266 28.153846740722656
v -122 266 9.3846149444580078
v -122 266 -9.3846149444580078
v -122 266 -28.153846740722656
v -122 266 -46.923076629638672
v -122 266 -65.692306518554688
v -122 266 -84.461540222167969
v -122 266 -103.23076629638672
v -122 260 122
v -122 266 122
v 5.5 260 122
v 5.5 266 122
v 133 260 122
v 133 266 122
v -103.78571319580078 260 122
v -85.571426391601562 260 122
v -67.357139587402344 260 122
v -49.142856597900391 260 122
v -30.928571701049805 260 122
v -12.714285850524902 260 122
v 23.714284896850586 260 122
v 41.928569793701172 260 122
v 60.142856597900391 260 122
v 78.357139587402344 260 122
v 96.571426391601562 260 122
v 114.78571319580078 260 122
v 114.78571319580078 266 122
v 96.571426391601562 266 122
v 78.357139587402344 266 122
v 60.142856597900391 266 122
v 41.928569793701172 266 122
v 23.714284896850586 266 122
v -12.714285850524902 266 122
v -30.928571701049805 266 122
v -49.142856597900391 266 122
v -67.357139587402344 266 122
v -85.571426391601562 266 122
v -103.78571319580078 266 122
v 133 260 122
v 133 266 122
v 133 260 -122
v 133 266 -122
v 133 260 103.23076629638672
v 133 260 84.461540222167969
v 133 260 65.692306518554688
v 133 260 46.923076629638672
v 133 260 28.153846740722656
v 133 260 9.3846149444580078
v 133 260 -9.3846149444580078
v 133 260 -28.153846740722656
v 133 260 -46.923076629638672
v 133 260 -65.692306518554688
v 133 260 -84.461540222167969
v 133 260 -103.23076629638672
v 133 266 -103.23076629638672
v 133 266 -84.461540222167969
v 133 266 -65.692306518554688
v 133 266 -46.923076629638672
v 133 266 -28.153846740722656
v 133 266 -9.3846149444580078
v 133 266 9.3846149444580078
v 133 266 28.153846740722656
v 133 266 46.923076629638672
v 133 266 65.692306518554688
v 133 266 84.461540222167969
v 133 266 103.23076629638672
v 133 260 -122
v 133 266 -122
v 5.5 260 -122
v 5.5 266 -122
v -122 260 -122
v -122 266 -122
v 114.78571319580078 260 -122
v 96.571426391601562 260 -122
v 78.357139587402344 260 -122
v 60.142856597900391 260 -122
v 41.928569793701172 260 -122
v 23.714284896850586 260 -122
v -12.714285850524902 260 -122
v -30.928571701049805 260 -122
v -49.142856597900391 260 -122
v -67.357139587402344 260 -122
v -85.571426391601562 260 -122
v -103.78571319580078 260 -122
v -103.78571319580078 266 -122
v -85.571426391601562 266 -122
v -67.357139587402344 266 -122
v -49.142856597900391 266 -122
v -30.928571701049805 266 -122
v -12.714285850524902 266 -122
v 23.714284896850586 266 -122
v 41.928569793701172 266 -122
v 60.142856597900391 266 -122
v 78.357139587402344 266 -122
v 96.571426391601562 266 -122
v 114.78571319580078 266 -122
v -122 260 -122
v 5.5 260 -122
v 133 260 -122
v -96.5 260 -97.599998474121094
v -71 260 -97.599998474121094
v -45.5 260 -97.599998474121094
v -20 260 -97.599998474121094
v 5.5 260 -97.599998474121094
v 31 260 -97.599998474121094
v 56.5 260 -97.599998474121094
v 82 260 -97.599998474121094
v 107.5 260 -97.599998474121094
v -96.5 260 -73.199996948242188
v -71 260 -73.199996948242188
v -45.5 260 -73.199996948242188
v -20 260 -73.199996948242188
v 5.5 260 -73.199996948242188
v 31 260 -73.199996948242188
v 56.5 260 -73.199996948242188
v 82 260 -73.199996948242188
v 107.5 260 -73.199996948242188
v -96.5 260 -48.799999237060547
v -71 260 -48.799999237060547
v -45.5 260 -48.799999237060547
v -20 260 -48.799999237060547
v 5.5 260 -48.799999237060547
v 31 260 -48.799999237060547
v 56.5 260 -48.799999237060547
v 82 260 -48.799999237060547
v 107.5 260 -48.799999237060547
v -96.5 260 -24.399999618530273
v -71 260 -24.399999618530273
v -45.5 260 -24.399999618530273
v -20 260 -24.399999618530273
v 5.5 260 -24.399999618530273
v 56.5 260 -24.399999618530273
v 82 260 -24.399999618530273
v 107.5 260 -24.399999618530273
v -96.5 260 0
v -71 260 0
v -20 260 0
v 31 260 0
v 56.5 260 0
v 107.5 260 0
v -96.5 260 24.399999618530273
v -71 260 24.399999618530273
v -45.5 260 24.399999618530273
v -20 260 24.399999618530273
v 5.5 260 24.399999618530273
v 56.5 260 24.399999618530273
v 82 260 24.399999618530273
v 107.5 260 24.399999618530273
v -96.5 260 48.799999237060547
v -71 260 48.799999237060547
v -45.5 260 48.799999237060547
v -20 260 48.799999237060547
v 5.5 260 48.799999237060547
v 31 260 48.799999237060547
v 56.5 260 48.799999237060547
v 82 260 48.799999237060547
v 107.5 260 48.799999237060547
v -96.5 260 73.199996948242188
v -71 260 73.199996948242188
v -45.5 260 73.199996948242188
v -20 260 73.199996948242188
v 5.5 260 73.199996948242188
v 31 260 73.199996948242188
v 56.5 260 73.199996948242188
v 82 260 73.199996948242188
v 107.5 260 73.199996948242188
v -96.5 260 97.599998474121094
v -71 260 97.599998474121094
v -45.5 260 97.599998474121094
v -20 260 97.599998474121094
v 5.5 260 97.599998474121094
v 31 260 97.599998474121094
v 56.5 260 97.599998474121094
v 82 260 97.599998474121094
v 107.5 260 97.599998474121094
v -122 260 122
v 5.5 260 122
v 133 260 122
v -122 260 -103.23076629638672
v -122 260 -84.461540222167969
v -122 260 -65.692306518554688
v -122 260 -46.923076629638672
v -122 260 -28.153846740722656
v -122 260 -9.3846149444580078
v -122 260 9.3846149444580078
v -122 260 28.153846740722656
v -122 260 46.923076629638672
v -122 260 65.692306518554688
v -122 260 84.461540222167969
v -122 260 103.23076629638672
v -103.78571319580078 260 122
v -85.571426391601562 260 122
v -67.357139587402344 260 122
v -49.142856597900391 260 122
v -30.928571701049805 260 122
v -12.714285850524902 260 122
v 23.714284896850586 260 122
v 41.928569793701172 260 122
v 60.142856597900391 260 122
v 78.357139587402344 260 122
v 96.571426391601562 260 122
v 114.78571319580078 260 122
v 133 260 103.23076629638672
v 133 260 84.461540222167969
v 133 260 65.692306518554688
v 133 260 46.923076629638672
v 133 260 28.153846740722656
v 133 260 9.3846149444580078
v 133 260 -9.3846149444580078
v 133 260 -28.153846740722656
v 133 260 -46.923076629638672
v 133 260 -65.692306518554688
v 133 260 -84.461540222167969
v 133 260 -103.23076629638672
v 114.78571319580078 260 -122
v 96.571426391601562 260 -122
v 78.357139587402344 260 -122
v 60.142856597900391 260 -122
v 41.928569793701172 260 -122
v 23.714284896850586 260 -122
v -12.714285850524902 260 -122
v -30.928571701049805 260 -122
v -49.142856597900391 260 -122
v -67.357139587402344 260 -122
v -85.571426391601562 260 -122
v -103.78571319580078 260 -122
v 85 260 0
v 84.594963073730469 260 1.9713778495788574
v 83.500450134277344 260 3.5702733993530273
v 81.890586853027344 260 4.6287884712219238
v 80 260 5
v 78.02862548828125 260 4.5949611663818359
v 76.429725646972656 260 3.5004496574401855
v 75.371208190917969 260 1.890586256980896
v 75 260 0
v 75.405036926269531 260 -1.9713778495788574
v 76.499549865722656 260 -3.5702733993530273
v 78.109413146972656 260 -4.6287884712219238
v 80 260 -5
v 81.97137451171875 260 -4.5949611663818359
v 83.570274353027344 260 -3.5004496574401855
v 84.628791809082031 260 -1.890586256980896
v 94.75 260 0
v 107.5 260 -12.199999809265137
v 94.75 260 -24.399999618530273
v 82 260 -12.199999809265137
v 94.75 260 -12.199999809265137
v 88.375 260 0
v 94.75 260 -6.0999999046325684
v 88.375 260 -12.199999809265137
v 82 260 -6.0999999046325684
v 88.375 260 -6.0999999046325684
v 69.25 260 0
v 69.25 260 -24.399999618530273
v 56.5 260 -12.199999809265137
v 69.25 260 -12.199999809265137
v 94.75 260 24.399999618530273
v 107.5 260 12.199999809265137
v 82 260 12.199999809265137
v 94.75 260 12.199999809265137
v 88.375 260 -3.0499999523162842
v 85.1875 260 -6.0999999046325684
v 85.1875 260 -3.0499999523162842
v 75.625 260 -12.199999809265137
v 69.25 260 -6.0999999046325684
v 75.625 260 -6.0999999046325684
v 69.25 260 24.399999618530273
v 56.5 260 12.199999809265137
v 69.25 260 12.199999809265137
v 88.375 260 12.199999809265137
v 94.75 260 6.0999999046325684
v 82 260 6.0999999046325684
v 88.375 260 6.0999999046325684
v 85.1875 260 6.0999999046325684
v 88.375 260 3.0499999523162842
v 85.1875 260 3.0499999523162842
v 75.625 260 12.199999809265137
v 69.25 260 6.0999999046325684
v 75.625 260 6.0999999046325684
v 78.8125 260 6.0999999046325684
v 75.625 260 3.0499999523162842
v 72.4375 260 6.0999999046325684
v 72.4375 260 0
v 69.25 260 3.0499999523162842
v 72.4375 260 3.0499999523162842
v 62.875 260 12.199999809265137
v 62.875 260 0
v 56.5 260 6.0999999046325684
v 62.875 260 6.0999999046325684
v 43.75 260 24.399999618530273
v 31 260 12.199999809265137
v 43.75 260 12.199999809265137
v 75.625 260 -3.0499999523162842
v 72.4375 260 -6.0999999046325684
v 69.25 260 -3.0499999523162842
v 72.4375 260 -3.0499999523162842
v 62.875 260 -12.199999809265137
v 56.5 260 -6.0999999046325684
v 62.875 260 -6.0999999046325684
v 43.75 260 -24.399999618530273
v 31 260 -12.199999809265137
v 43.75 260 -12.199999809265137
v 78.8125 260 -6.0999999046325684
v 45 260 0
v 44.594963073730469 260 1.9713778495788574
v 43.500450134277344 260 3.5702733993530273
v 41.890586853027344 260 4.6287884712219238
v 40 260 5
v 38.028621673583984 260 4.5949611663818359
v 36.429725646972656 260 3.5004496574401855
v 35.371212005615234 260 1.890586256980896
v 35 260 0
v 35.405036926269531 260 -1.9713778495788574
v 36.499549865722656 260 -3.5702733993530273
v 38.109413146972656 260 -4.6287884712219238
v 40 260 -5
v 41.971378326416016 260 -4.5949611663818359
v 43.570274353027344 260 -3.5004496574401855
v 44.628787994384766 260 -1.890586256980896
v 50.125 260 0
v 50.125 260 -12.199999809265137
v 43.75 260 -6.0999999046325684
v 50.125 260 -6.0999999046325684
v 46.9375 260 0
v 50.125 260 -3.0499999523162842
v 46.9375 260 -6.0999999046325684
v 46.9375 260 -3.0499999523162842
v 37.375 260 -12.199999809265137
v 31 260 -6.0999999046325684
v 37.375 260 -6.0999999046325684
v 18.25 260 0
v 18.25 260 -24.399999618530273
v 5.5 260 -12.199999809265137
v 18.25 260 -12.199999809265137
v 50.125 260 12.199999809265137
v 43.75 260 6.0999999046325684
v 50.125 260 6.0999999046325684
v 46.9375 260 6.0999999046325684
v 50.125 260 3.0499999523162842
v 46.9375 260 3.0499999523162842
v 37.375 260 12.199999809265137
v 31 260 6.0999999046325684
v 37.375 260 6.0999999046325684
v 18.25 260 24.399999618530273
v 5.5 260 12.199999809265137
v 18.25 260 12.199999809265137
v 40.5625 260 6.0999999046325684
v 34.1875 260 6.0999999046325684
v 34.1875 260 0
v 31 260 3.0499999523162842
v 34.1875 260 3.0499999523162842
v 24.625 260 12.199999809265137
v 24.625 260 0
v 18.25 260 6.0999999046325684
v 24.625 260 6.0999999046325684
v 34.1875 260 -6.0999999046325684
v 31 260 -3.0499999523162842
v 34.1875 260 -3.0499999523162842
v 24.625 260 -12.199999809265137
v 18.25 260 -6.0999999046325684
v 24.625 260 -6.0999999046325684
v 40.5625 260 -6.0999999046325684
v 5 260 0
v 4.5949611663818359 260 1.9713778495788574
v 3.5004496574401855 260 3.5702733993530273
v 1.890586256980896 260 4.6287884712219238
v 0 260 5
v -1.9713778495788574 260 4.5949611663818359
v -3.5702733993530273 260 3.5004496574401855
v -4.6287884712219238 260 1.890586256980896
v -5 260 0
v -4.5949611663818359 260 -1.9713778495788574
v -3.5004496574401855 260 -3.5702733993530273
v -1.890586256980896 260 -4.6287884712219238
v 0 260 -5
v 1.9713778495788574 260 -4.5949611663818359
v 3.5702733993530273 260 -3.5004496574401855
v 4.6287884712219238 260 -1.890586256980896
v -7.25 260 0
v -7.25 260 -24.399999618530273
v -20 260 -12.199999809265137
v -7.25 260 -12.199999809265137
v 5.5 260 -6.0999999046325684
v -0.875 260 -12.199999809265137
v -7.25 260 -6.0999999046325684
v -0.875 260 -6.0999999046325684
v -7.25 260 24.399999618530273
v -20 260 12.199999809265137
v -7.25 260 12.199999809265137
v 2.3125 260 -6.0999999046325684
v -0.875 260 12.199999809265137
v 5.5 260 6.0999999046325684
v -7.25 260 6.0999999046325684
v -0.875 260 6.0999999046325684
v 11.875 260 0
v 11.875 260 -12.199999809265137
v 11.875 260 -6.0999999046325684
v 2.3125 260 6.0999999046325684
v 11.875 260 12.199999809265137
v 11.875 260 6.0999999046325684
v -4.0625 260 6.0999999046325684
v -7.25 260 3.0499999523162842
v -13.625 260 12.199999809265137
v -13.625 260 0
v -20 260 6.0999999046325684
v -13.625 260 6.0999999046325684
v -32.75 260 24.399999618530273
v -32.75 260 0
v -45.5 260 12.199999809265137
v -32.75 260 12.199999809265137
v -4.0625 260 -6.0999999046325684
v -7.25 260 -3.0499999523162842
v -13.625 260 -12.199999809265137
v -20 260 -6.0999999046325684
v -13.625 260 -6.0999999046325684
v -32.75 260 -24.399999618530273
v -45.5 260 -12.199999809265137
v -32.75 260 -12.199999809265137
v 31.819805145263672 260 -31.819805145263672
v 32.927375793457031 260 -30.139425277709961
v 33.284027099609375 260 -28.234899520874023
v 32.8941650390625 260 -26.34807014465332
v 31.819805145263672 260 -24.748737335205078
v 30.139425277709961 260 -23.641168594360352
v 28.234897613525391 260 -23.284515380859375
v 26.34807014465332 260 -23.67437744140625
v 24.748737335205078 260 -24.748737335205078
v 23.641168594360352 260 -26.429117202758789
v 23.284515380859375 260 -28.333644866943359
v 23.67437744140625 260 -30.22047233581543
v 24.748737335205078 260 -31.819805145263672
v 26.429117202758789 260 -32.927375793457031
v 28.333642959594727 260 -33.284027099609375
v 30.22047233581543 260 -32.8941650390625
v 56.5 260 -36.599998474121094
v 43.75 260 -48.799999237060547
v 31 260 -36.599998474121094
v 43.75 260 -36.599998474121094
v 37.375 260 -24.399999618530273
v 43.75 260 -30.5
v 37.375 260 -36.599998474121094
v 37.375 260 -30.5
v 18.25 260 -48.799999237060547
v 5.5 260 -36.599998474121094
v 18.25 260 -36.599998474121094
v 34.1875 260 -30.5
v 37.375 260 -33.549999237060547
v 34.1875 260 -36.599998474121094
v 34.1875 260 -33.549999237060547
v 43.75 260 -42.700000762939453
v 37.375 260 -48.799999237060547
v 31 260 -42.700000762939453
v 37.375 260 -42.700000762939453
v 43.75 260 -73.199996948242188
v 31 260 -61
v 43.75 260 -61
v 24.625 260 -36.599998474121094
v 18.25 260 -30.5
v 34.1875 260 -24.399999618530273
v 37.375 260 -27.450000762939453
v 34.1875 260 -27.450000762939453
v 43.75 260 -18.299999237060547
v 31 260 -18.299999237060547
v 37.375 260 -18.299999237060547
v 18.25 260 -18.299999237060547
v 24.625 260 -18.299999237060547
v 27.8125 260 -18.299999237060547
v 31 260 -21.350000381469727
v 24.625 260 -21.350000381469727
v 27.8125 260 -21.350000381469727
v 21.4375 260 -24.399999618530273
v 21.4375 260 -30.5
v 18.25 260 -27.450000762939453
v 21.4375 260 -27.450000762939453
v 11.875 260 -24.399999618530273
v 11.875 260 -36.599998474121094
v 5.5 260 -30.5
v 11.875 260 -30.5
v -7.25 260 -48.799999237060547
v -20 260 -36.599998474121094
v -7.25 260 -36.599998474121094
v 27.8125 260 -36.599998474121094
v 24.625 260 -48.799999237060547
v 18.25 260 -42.700000762939453
v 24.625 260 -42.700000762939453
v 18.25 260 -73.199996948242188
v 5.5 260 -61
v 18.25 260 -61
v 0 260 -45
v 1.9713778495788574 260 -44.594963073730469
v 3.5702733993530273 260 -43.500450134277344
v 4.6287884712219238 260 -41.890586853027344
v 5 260 -40
v 4.5949611663818359 260 -38.028621673583984
v 3.5004496574401855 260 -36.429725646972656
v 1.890586256980896 260 -35.371212005615234
v 0 260 -35
v -1.9713778495788574 260 -35.405036926269531
v -3.5702733993530273 260 -36.499549865722656
v -4.6287884712219238 260 -38.109413146972656
v -5 260 -40
v -4.5949611663818359 260 -41.971378326416016
v -3.5004496574401855 260 -43.570274353027344
v -1.890586256980896 260 -44.628787994384766
v 5.5 260 -42.700000762939453
v -0.875 260 -48.799999237060547
v -7.25 260 -42.700000762939453
v -7.25 260 -73.199996948242188
v -20 260 -61
v -7.25 260 -61
v 5.5 260 -45.75
v 2.3125 260 -48.799999237060547
v -0.875 260 -45.75
v 2.3125 260 -45.75
v 11.875 260 -48.799999237060547
v 11.875 260 -42.700000762939453
v 5.5 260 -54.900001525878906
v -0.875 260 -61
v -7.25 260 -54.900001525878906
v -0.875 260 -54.900001525878906
v 5.5 260 -39.650001525878906
v -0.875 260 -24.399999618530273
v -7.25 260 -30.5
v -0.875 260 -30.5
v 2.3125 260 -30.5
v 5.5 260 -33.549999237060547
v -0.875 260 -33.549999237060547
v 2.3125 260 -33.549999237060547
v -4.0625 260 -30.5
v -7.25 260 -33.549999237060547
v -4.0625 260 -33.549999237060547
v -13.625 260 -24.399999618530273
v -13.625 260 -36.599998474121094
v -20 260 -30.5
v -13.625 260 -30.5
v -32.75 260 -48.799999237060547
v -45.5 260 -36.599998474121094
v -32.75 260 -36.599998474121094
v -7.25 260 -39.650001525878906
v -13.625 260 -48.799999237060547
v -20 260 -42.700000762939453
v -13.625 260 -42.700000762939453
v -4.0625 260 -48.799999237060547
v -7.25 260 -45.75
v -4.0625 260 -45.75
v -31.819805145263672 260 -31.819805145263672
v -30.139425277709961 260 -32.927375793457031
v -28.234899520874023 260 -33.284027099609375
v -26.34807014465332 260 -32.8941650390625
v -24.748737335205078 260 -31.819805145263672
v -23.641168594360352 260 -30.139425277709961
v -23.284515380859375 260 -28.234897613525391
v -23.67437744140625 260 -26.34807014465332
v -24.748737335205078 260 -24.748737335205078
v -26.429117202758789 260 -23.641168594360352
v -28.333644866943359 260 -23.284515380859375
v -30.22047233581543 260 -23.67437744140625
v -31.819805145263672 260 -24.748737335205078
v -32.927375793457031 260 -26.429117202758789
v -33.284027099609375 260 -28.333642959594727
v -32.8941650390625 260 -30.22047233581543
v -26.375 260 -36.599998474121094
v -29.5625 260 -36.599998474121094
v -32.75 260 -33.549999237060547
v -26.375 260 -48.799999237060547
v -32.75 260 -42.700000762939453
v -26.375 260 -42.700000762939453
v -32.75 260 -73.199996948242188
v -45.5 260 -61
v -32.75 260 -61
v -39.125 260 -24.399999618530273
v -39.125 260 -36.599998474121094
v -45.5 260 -30.5
v -39.125 260 -30.5
v -58.25 260 -24.399999618530273
v -58.25 260 -48.799999237060547
v -71 260 -36.599998474121094
v -58.25 260 -36.599998474121094
v -20 260 -33.549999237060547
v -23.1875 260 -36.599998474121094
v -23.1875 260 -33.549999237060547
v -20 260 -27.450000762939453
v -26.375 260 -12.199999809265137
v -20 260 -18.299999237060547
v -32.75 260 -18.299999237060547
v -26.375 260 -18.299999237060547
v -29.5625 260 -18.299999237060547
v -26.375 260 -21.350000381469727
v -32.75 260 -21.350000381469727
v -29.5625 260 -21.350000381469727
v -39.125 260 -12.199999809265137
v -45.5 260 -18.299999237060547
v -39.125 260 -18.299999237060547
v -58.25 260 0
v -71 260 -12.199999809265137
v -58.25 260 -12.199999809265137
v -35.9375 260 -24.399999618530273
v -35.9375 260 -30.5
v -39.125 260 -27.450000762939453
v -35.9375 260 -27.450000762939453
v -45 260 0
v -44.594963073730469 260 -1.9713778495788574
v -43.500450134277344 260 -3.5702733993530273
v -41.890586853027344 260 -4.6287884712219238
v -40 260 -5
v -38.028621673583984 260 -4.5949611663818359
v -36.429725646972656 260 -3.5004496574401855
v -35.371212005615234 260 -1.890586256980896
v -35 260 0
v -35.405036926269531 260 1.9713778495788574
v -36.499549865722656 260 3.5702733993530273
v -38.109413146972656 260 4.6287884712219238
v -40 260 5
v -41.971378326416016 260 4.5949611663818359
v -43.570274353027344 260 3.5004496574401855
v -44.628787994384766 260 1.890586256980896
v -39.125 260 12.199999809265137
v -32.75 260 6.0999999046325684
v -45.5 260 6.0999999046325684
v -39.125 260 6.0999999046325684
v -58.25 260 24.399999618530273
v -71 260 12.199999809265137
v -58.25 260 12.199999809265137
v -42.3125 260 6.0999999046325684
v -32.75 260 -6.0999999046325684
v -45.5 260 -6.0999999046325684
v -39.125 260 -6.0999999046325684
v -51.875 260 12.199999809265137
v -51.875 260 0
v -58.25 260 6.0999999046325684
v -51.875 260 6.0999999046325684
v -42.3125 260 -6.0999999046325684
v -51.875 260 -12.199999809265137
v -58.25 260 -6.0999999046325684
v -51.875 260 -6.0999999046325684
v -32.75 260 -3.0499999523162842
v -35.9375 260 -6.0999999046325684
v -26.375 260 0
v -26.375 260 -6.0999999046325684
v -35.9375 260 6.0999999046325684
v -32.75 260 3.0499999523162842
v -26.375 260 12.199999809265137
v -26.375 260 6.0999999046325684
v -31.819805145263672 260 31.819805145263672
v -32.927375793457031 260 30.139425277709961
v -33.284027099609375 260 28.234899520874023
v -32.8941650390625 260 26.34807014465332
v -31.819805145263672 260 24.748737335205078
v -30.139425277709961 260 23.641168594360352
v -28.234897613525391 260 23.284515380859375
v -26.34807014465332 260 23.67437744140625
v -24.748737335205078 260 24.748737335205078
v -23.641168594360352 260 26.429117202758789
v -23.284515380859375 260 28.333644866943359
v -23.67437744140625 260 30.22047233581543
v -24.748737335205078 260 31.819805145263672
v -26.429117202758789 260 32.927375793457031
v -28.333642959594727 260 33.284027099609375
v -30.22047233581543 260 32.8941650390625
v -32.75 260 48.799999237060547
v -20 260 36.599998474121094
v -45.5 260 36.599998474121094
v -32.75 260 36.599998474121094
v -26.375 260 36.599998474121094
v -20 260 30.5
v -7.25 260 48.799999237060547
v 5.5 260 36.599998474121094
v -7.25 260 36.599998474121094
v -29.5625 260 36.599998474121094
v -32.75 260 33.549999237060547
v -39.125 260 36.599998474121094
v -39.125 260 24.399999618530273
v -45.5 260 30.5
v -39.125 260 30.5
v -58.25 260 48.799999237060547
v -71 260 36.599998474121094
v -58.25 260 36.599998474121094
v -26.375 260 48.799999237060547
v -20 260 42.700000762939453
v -32.75 260 42.700000762939453
v -26.375 260 42.700000762939453
v -32.75 260 73.199996948242188
v -20 260 61
v -45.5 260 61
v -32.75 260 61
v -35.9375 260 30.5
v -35.9375 260 24.399999618530273
v -39.125 260 27.450000762939453
v -35.9375 260 27.450000762939453
v -32.75 260 18.299999237060547
v -45.5 260 18.299999237060547
v -39.125 260 18.299999237060547
v -20 260 18.299999237060547
v -26.375 260 18.299999237060547
v -26.375 260 21.350000381469727
v -29.5625 260 18.299999237060547
v -32.75 260 21.350000381469727
v -29.5625 260 21.350000381469727
v -23.1875 260 24.399999618530273
v -20 260 21.350000381469727
v -23.1875 260 18.299999237060547
v -23.1875 260 21.350000381469727
v -13.625 260 24.399999618530273
v -7.25 260 18.299999237060547
v -13.625 260 18.299999237060547
v -20 260 27.450000762939453
v -13.625 260 36.599998474121094
v -7.25 260 30.5
v -13.625 260 30.5
v -23.1875 260 36.599998474121094
v -20 260 33.549999237060547
v -23.1875 260 33.549999237060547
v 0 260 45
v -1.9713778495788574 260 44.594963073730469
v -3.5702733993530273 260 43.500450134277344
v -4.6287884712219238 260 41.890586853027344
v -5 260 40
v -4.5949611663818359 260 38.028621673583984
v -3.5004496574401855 260 36.429725646972656
v -1.890586256980896 260 35.371212005615234
v 0 260 35
v 1.9713778495788574 260 35.405036926269531
v 3.5702733993530273 260 36.499549865722656
v 4.6287884712219238 260 38.109413146972656
v 5 260 40
v 4.5949611663818359 260 41.971378326416016
v 3.5004496574401855 260 43.570274353027344
v 1.890586256980896 260 44.628787994384766
v -0.875 260 48.799999237060547
v 5.5 260 42.700000762939453
v -7.25 260 42.700000762939453
v -7.25 260 73.199996948242188
v 5.5 260 61
v -7.25 260 61
v 18.25 260 48.799999237060547
v 31 260 36.599998474121094
v 18.25 260 36.599998474121094
v 2.3125 260 48.799999237060547
v 5.5 260 45.75
v -0.875 260 45.75
v 2.3125 260 45.75
v -0.875 260 61
v 5.5 260 54.900001525878906
v -7.25 260 54.900001525878906
v -0.875 260 54.900001525878906
v 18.25 260 73.199996948242188
v 31 260 61
v 18.25 260 61
v 11.875 260 48.799999237060547
v 18.25 260 42.700000762939453
v 11.875 260 36.599998474121094
v 11.875 260 42.700000762939453
v -4.0625 260 48.799999237060547
v -7.25 260 45.75
v -4.0625 260 45.75
v -13.625 260 48.799999237060547
v -13.625 260 42.700000762939453
v -7.25 260 39.650001525878906
v 5.5 260 30.5
v -0.875 260 24.399999618530273
v -0.875 260 30.5
v -0.875 260 33.549999237060547
v -4.0625 260 30.5
v -7.25 260 33.549999237060547
v -4.0625 260 33.549999237060547
v 5.5 260 33.549999237060547
v 2.3125 260 30.5
v 2.3125 260 33.549999237060547
v 18.25 260 30.5
v 11.875 260 24.399999618530273
v 11.875 260 30.5
v 5.5 260 39.650001525878906
v 31.819805145263672 260 31.819805145263672
v 30.139425277709961 260 32.927375793457031
v 28.234899520874023 260 33.284027099609375
v 26.34807014465332 260 32.8941650390625
v 24.748737335205078 260 31.819805145263672
v 23.641168594360352 260 30.139425277709961
v 23.284515380859375 260 28.234897613525391
v 23.67437744140625 260 26.34807014465332
v 24.748737335205078 260 24.748737335205078
v 26.429117202758789 260 23.641168594360352
v 28.333644866943359 260 23.284515380859375
v 30.22047233581543 260 23.67437744140625
v 31.819805145263672 260 24.748737335205078
v 32.927375793457031 260 26.429117202758789
v 33.284027099609375 260 28.333642959594727
v 32.8941650390625 260 30.22047233581543
v 43.75 260 48.799999237060547
v 56.5 260 36.599998474121094
v 43.75 260 36.599998474121094
v 37.375 260 36.599998474121094
v 43.75 260 30.5
v 37.375 260 24.399999618530273
v 37.375 260 30.5
v 34.1875 260 36.599998474121094
v 37.375 260 33.549999237060547
v 34.1875 260 30.5
v 31 260 33.549999237060547
v 34.1875 260 33.549999237060547
v 24.625 260 36.599998474121094
v 37.375 260 48.799999237060547
v 43.75 260 42.700000762939453
v 31 260 42.700000762939453
v 37.375 260 42.700000762939453
v 43.75 260 73.199996948242188
v 43.75 260 61
v 27.8125 260 36.599998474121094
v 24.625 260 48.799999237060547
v 24.625 260 42.700000762939453
v 21.4375 260 30.5
v 21.4375 260 24.399999618530273
v 18.25 260 27.450000762939453
v 21.4375 260 27.450000762939453
v 31 260 18.299999237060547
v 18.25 260 18.299999237060547
v 24.625 260 18.299999237060547
v 31 260 21.350000381469727
v 27.8125 260 18.299999237060547
v 24.625 260 21.350000381469727
v 27.8125 260 21.350000381469727
v 43.75 260 18.299999237060547
v 37.375 260 18.299999237060547
v 37.375 260 27.450000762939453
v 34.1875 260 24.399999618530273
v 34.1875 260 27.450000762939453
v 60.104076385498047 260 -60.104076385498047
v 61.211643218994141 260 -58.423698425292969
v 61.56829833984375 260 -56.519168853759766
v 61.178436279296875 260 -54.632343292236328
v 60.104076385498047 260 -53.033008575439453
v 58.423694610595703 260 -51.925441741943359
v 56.519168853759766 260 -51.56878662109375
v 54.632339477539062 260 -51.958648681640625
v 53.033008575439453 260 -53.033008575439453
v 51.925437927246094 260 -54.713390350341797
v 51.56878662109375 260 -56.617916107177734
v 51.958648681640625 260 -58.504745483398438
v 53.033008575439453 260 -60.104076385498047
v 54.713386535644531 260 -61.211647033691406
v 56.617916107177734 260 -61.56829833984375
v 58.504741668701172 260 -61.178436279296875
v 69.25 260 -48.799999237060547
v 82 260 -61
v 69.25 260 -73.199996948242188
v 69.25 260 -61
v 62.875 260 -48.799999237060547
v 69.25 260 -54.900001525878906
v 62.875 260 -61
v 62.875 260 -54.900001525878906
v 82 260 -36.599998474121094
v 69.25 260 -36.599998474121094
v 62.875 260 -57.950000762939453
v 59.6875 260 -61
v 69.25 260 -67.099998474121094
v 62.875 260 -73.199996948242188
v 56.5 260 -67.099998474121094
v 62.875 260 -67.099998474121094
v 82 260 -85.400001525878906
v 69.25 260 -97.599998474121094
v 56.5 260 -85.400001525878906
v 69.25 260 -85.400001525878906
v 50.125 260 -48.799999237060547
v 50.125 260 -61
v 43.75 260 -54.900001525878906
v 50.125 260 -54.900001525878906
v 59.6875 260 -48.799999237060547
v 62.875 260 -51.849998474121094
v 59.6875 260 -51.849998474121094
v 62.875 260 -36.599998474121094
v 69.25 260 -42.700000762939453
v 56.5 260 -42.700000762939453
v 62.875 260 -42.700000762939453
v 53.3125 260 -48.799999237060547
v 50.125 260 -51.849998474121094
v 53.3125 260 -51.849998474121094
v 50.125 260 -36.599998474121094
v 50.125 260 -42.700000762939453
v 53.3125 260 -61
v 50.125 260 -57.950000762939453
v 50.125 260 -73.199996948242188
v 43.75 260 -67.099998474121094
v 50.125 260 -67.099998474121094
v 43.75 260 -97.599998474121094
v 31 260 -85.400001525878906
v 43.75 260 -85.400001525878906
v 56.5 260 -64.050003051757812
v 53.3125 260 -67.099998474121094
v 50.125 260 -64.050003051757812
v 53.3125 260 -64.050003051757812
v 62.875 260 -64.050003051757812
v 59.6875 260 -67.099998474121094
v 59.6875 260 -64.050003051757812
v 0 260 -85
v 1.9713778495788574 260 -84.594963073730469
v 3.5702733993530273 260 -83.500450134277344
v 4.6287884712219238 260 -81.890586853027344
v 5 260 -80
v 4.5949611663818359 260 -78.02862548828125
v 3.5004496574401855 260 -76.429725646972656
v 1.890586256980896 260 -75.371208190917969
v 0 260 -75
v -1.9713778495788574 260 -75.405036926269531
v -3.5702733993530273 260 -76.499549865722656
v -4.6287884712219238 260 -78.109413146972656
v -5 260 -80
v -4.5949611663818359 260 -81.97137451171875
v -3.5004496574401855 260 -83.570274353027344
v -1.890586256980896 260 -84.628791809082031
v 5.5 260 -85.400001525878906
v -7.25 260 -97.599998474121094
v -20 260 -85.400001525878906
v -7.25 260 -85.400001525878906
v -0.875 260 -73.199996948242188
v -7.25 260 -79.300003051757812
v 18.25 260 -97.599998474121094
v 18.25 260 -85.400001525878906
v 11.875 260 -73.199996948242188
v 18.25 260 -79.300003051757812
v 11.875 260 -85.400001525878906
v 11.875 260 -79.300003051757812
v 5.5 260 -91.5
v -0.875 260 -97.599998474121094
v -7.25 260 -91.5
v -0.875 260 -91.5
v 5.5 260 -109.80000305175781
v -20 260 -109.80000305175781
v -7.25 260 -109.80000305175781
v 2.3125 260 -73.199996948242188
v 5.5 260 -67.099998474121094
v -7.25 260 -67.099998474121094
v -0.875 260 -67.099998474121094
v -4.0625 260 -73.199996948242188
v -7.25 260 -76.25
v -13.625 260 -73.199996948242188
v -13.625 260 -85.400001525878906
v -20 260 -79.300003051757812
v -13.625 260 -79.300003051757812
v -32.75 260 -97.599998474121094
v -45.5 260 -85.400001525878906
v -32.75 260 -85.400001525878906
v -7.25 260 -82.349998474121094
v -60.104076385498047 260 -60.104076385498047
v -58.423698425292969 260 -61.211643218994141
v -56.519168853759766 260 -61.56829833984375
v -54.632343292236328 260 -61.178436279296875
v -53.033008575439453 260 -60.104076385498047
v -51.925441741943359 260 -58.423694610595703
v -51.56878662109375 260 -56.519168853759766
v -51.958648681640625 260 -54.632339477539062
v -53.033008575439453 260 -53.033008575439453
v -54.713390350341797 260 -51.925437927246094
v -56.617916107177734 260 -51.56878662109375
v -58.504745483398438 260 -51.958648681640625
v -60.104076385498047 260 -53.033008575439453
v -61.211647033691406 260 -54.713386535644531
v -61.56829833984375 260 -56.617916107177734
v -61.178436279296875 260 -58.504741668701172
v -58.25 260 -73.199996948242188
v -71 260 -61
v -64.625 260 -48.799999237060547
v -64.625 260 -61
v -71 260 -54.900001525878906
v -64.625 260 -54.900001525878906
v -83.75 260 -48.799999237060547
v -83.75 260 -73.199996948242188
v -96.5 260 -61
v -83.75 260 -61
v -61.4375 260 -61
v -64.625 260 -57.950000762939453
v -51.875 260 -48.799999237060547
v -45.5 260 -54.900001525878906
v -51.875 260 -61
v -58.25 260 -67.099998474121094
v -64.625 260 -73.199996948242188
v -71 260 -67.099998474121094
v -64.625 260 -67.099998474121094
v -58.25 260 -97.599998474121094
v -71 260 -85.400001525878906
v -58.25 260 -85.400001525878906
v -58.25 260 -64.050003051757812
v -61.4375 260 -67.099998474121094
v -64.625 260 -64.050003051757812
v -61.4375 260 -64.050003051757812
v -45.5 260 -67.099998474121094
v -51.875 260 -73.199996948242188
v -51.875 260 -67.099998474121094
v -51.875 260 -64.050003051757812
v -55.0625 260 -67.099998474121094
v -55.0625 260 -64.050003051757812
v -48.6875 260 -54.900001525878906
v -45.5 260 -57.950000762939453
v -48.6875 260 -61
v -48.6875 260 -57.950000762939453
v -39.125 260 -48.799999237060547
v -32.75 260 -54.900001525878906
v -39.125 260 -61
v -39.125 260 -54.900001525878906
v -55.0625 260 -48.799999237060547
v -51.875 260 -36.599998474121094
v -45.5 260 -42.700000762939453
v -58.25 260 -42.700000762939453
v -51.875 260 -42.700000762939453
v -61.4375 260 -48.799999237060547
v -64.625 260 -51.849998474121094
v -61.4375 260 -51.849998474121094
v -64.625 260 -36.599998474121094
v -71 260 -42.700000762939453
v -64.625 260 -42.700000762939453
v -83.75 260 -24.399999618530273
v -96.5 260 -36.599998474121094
v -83.75 260 -36.599998474121094
v -60.104076385498047 260 60.104076385498047
v -61.211643218994141 260 58.423698425292969
v -61.56829833984375 260 56.519168853759766
v -61.178436279296875 260 54.632343292236328
v -60.104076385498047 260 53.033008575439453
v -58.423694610595703 260 51.925441741943359
v -56.519168853759766 260 51.56878662109375
v -54.632339477539062 260 51.958648681640625
v -53.033008575439453 260 53.033008575439453
v -51.925437927246094 260 54.713390350341797
v -51.56878662109375 260 56.617916107177734
v -51.958648681640625 260 58.504745483398438
v -53.033008575439453 260 60.104076385498047
v -54.713386535644531 260 61.211647033691406
v -56.617916107177734 260 61.56829833984375
v -58.504741668701172 260 61.178436279296875
v -58.25 260 73.199996948242188
v -71 260 61
v -64.625 260 61
v -64.625 260 48.799999237060547
v -71 260 54.900001525878906
v -64.625 260 54.900001525878906
v -83.75 260 73.199996948242188
v -83.75 260 48.799999237060547
v -96.5 260 61
v -83.75 260 61
v -61.4375 260 61
v -64.625 260 57.950000762939453
v -64.625 260 73.199996948242188
v -58.25 260 67.099998474121094
v -71 260 67.099998474121094
v -64.625 260 67.099998474121094
v -58.25 260 97.599998474121094
v -45.5 260 85.400001525878906
v -71 260 85.400001525878906
v -58.25 260 85.400001525878906
v -51.875 260 61
v -45.5 260 54.900001525878906
v -51.875 260 48.799999237060547
v -61.4375 260 48.799999237060547
v -64.625 260 51.849998474121094
v -61.4375 260 51.849998474121094
v -58.25 260 42.700000762939453
v -64.625 260 36.599998474121094
v -71 260 42.700000762939453
v -64.625 260 42.700000762939453
v -83.75 260 24.399999618530273
v -96.5 260 36.599998474121094
v -83.75 260 36.599998474121094
v -55.0625 260 48.799999237060547
v -45.5 260 42.700000762939453
v -51.875 260 36.599998474121094
v -51.875 260 42.700000762939453
v -48.6875 260 61
v -45.5 260 57.950000762939453
v -48.6875 260 54.900001525878906
v -48.6875 260 57.950000762939453
v -51.875 260 73.199996948242188
v -45.5 260 67.099998474121094
v -51.875 260 67.099998474121094
v -39.125 260 61
v -32.75 260 54.900001525878906
v -39.125 260 48.799999237060547
v -39.125 260 54.900001525878906
v -55.0625 260 67.099998474121094
v -51.875 260 64.050003051757812
v -58.25 260 64.050003051757812
v -55.0625 260 64.050003051757812
v -61.4375 260 67.099998474121094
v -64.625 260 64.050003051757812
v -61.4375 260 64.050003051757812
v 0 260 85
v -1.9713778495788574 260 84.594963073730469
v -3.5702733993530273 260 83.500450134277344
v -4.6287884712219238 260 81.890586853027344
v -5 260 80
v -4.5949611663818359 260 78.02862548828125
v -3.5004496574401855 260 76.429725646972656
v -1.890586256980896 260 75.371208190917969
v 0 260 75
v 1.9713778495788574 260 75.405036926269531
v 3.5702733993530273 260 76.499549865722656
v 4.6287884712219238 260 78.109413146972656
v 5 260 80
v 4.5949611663818359 260 81.97137451171875
v 3.5004496574401855 260 83.570274353027344
v 1.890586256980896 260 84.628791809082031
v -7.25 260 97.599998474121094
v 5.5 260 85.400001525878906
v -20 260 85.400001525878906
v -7.25 260 85.400001525878906
v -0.875 260 73.199996948242188
v -7.25 260 79.300003051757812
v 18.25 260 97.599998474121094
v 31 260 85.400001525878906
v 18.25 260 85.400001525878906
v -0.875 260 97.599998474121094
v 5.5 260 91.5
v -7.25 260 91.5
v -0.875 260 91.5
v 5.5 260 109.80000305175781
v -20 260 109.80000305175781
v -7.25 260 109.80000305175781
v 11.875 260 85.400001525878906
v 18.25 260 79.300003051757812
v 11.875 260 73.199996948242188
v 11.875 260 79.300003051757812
v -7.25 260 82.349998474121094
v -13.625 260 85.400001525878906
v -13.625 260 73.199996948242188
v -20 260 79.300003051757812
v -13.625 260 79.300003051757812
v -32.75 260 97.599998474121094
v -32.75 260 85.400001525878906
v -4.0625 260 73.199996948242188
v -7.25 260 76.25
v 5.5 260 67.099998474121094
v -7.25 260 67.099998474121094
v -0.875 260 67.099998474121094
v 2.3125 260 73.199996948242188
v 60.104076385498047 260 60.104076385498047
v 58.423698425292969 260 61.211643218994141
v 56.519168853759766 260 61.56829833984375
v 54.632343292236328 260 61.178436279296875
v 53.033008575439453 260 60.104076385498047
v 51.925441741943359 260 58.423694610595703
v 51.56878662109375 260 56.519168853759766
v 51.958648681640625 260 54.632339477539062
v 53.033008575439453 260 53.033008575439453
v 54.713390350341797 260 51.925437927246094
v 56.617916107177734 260 51.56878662109375
v 58.504745483398438 260 51.958648681640625
v 60.104076385498047 260 53.033008575439453
v 61.211647033691406 260 54.713386535644531
v 61.56829833984375 260 56.617916107177734
v 61.178436279296875 260 58.504741668701172
v 69.25 260 73.199996948242188
v 82 260 61
v 69.25 260 48.799999237060547
v 69.25 260 61
v 62.875 260 61
v 69.25 260 54.900001525878906
v 62.875 260 48.799999237060547
v 62.875 260 54.900001525878906
v 82 260 36.599998474121094
v 69.25 260 36.599998474121094
v 59.6875 260 61
v 62.875 260 57.950000762939453
v 50.125 260 61
v 50.125 260 48.799999237060547
v 43.75 260 54.900001525878906
v 50.125 260 54.900001525878906
v 62.875 260 73.199996948242188
v 69.25 260 67.099998474121094
v 56.5 260 67.099998474121094
v 62.875 260 67.099998474121094
v 69.25 260 97.599998474121094
v 82 260 85.400001525878906
v 56.5 260 85.400001525878906
v 69.25 260 85.400001525878906
v 59.6875 260 67.099998474121094
v 62.875 260 64.050003051757812
v 56.5 260 64.050003051757812
v 59.6875 260 64.050003051757812
v 50.125 260 73.199996948242188
v 43.75 260 67.099998474121094
v 50.125 260 67.099998474121094
v 43.75 260 97.599998474121094
v 43.75 260 85.400001525878906
v 53.3125 260 67.099998474121094
v 53.3125 260 61
v 50.125 260 64.050003051757812
v 53.3125 260 64.050003051757812
v 50.125 260 57.950000762939453
v 53.3125 260 48.799999237060547
v 50.125 260 51.849998474121094
v 53.3125 260 51.849998474121094
v 56.5 260 42.700000762939453
v 50.125 260 36.599998474121094
v 50.125 260 42.700000762939453
v 62.875 260 51.849998474121094
v 59.6875 260 48.799999237060547
v 59.6875 260 51.849998474121094
v 69.25 260 42.700000762939453
v 62.875 260 36.599998474121094
v 62.875 260 42.700000762939453
v -75 260 0
v -75.371208190917969 260 1.890586256980896
v -76.429725646972656 260 3.5004496574401855
v -78.02862548828125 260 4.5949611663818359
v -80 260 5
v -81.890586853027344 260 4.6287884712219238
v -83.500450134277344 260 3.5702733993530273
v -84.594963073730469 260 1.9713778495788574
v -85 260 0
v -84.628791809082031 260 -1.890586256980896
v -83.570274353027344 260 -3.5004496574401855
v -81.97137451171875 260 -4.5949611663818359
v -80 260 -5
v -78.109413146972656 260 -4.6287884712219238
v -76.499549865722656 260 -3.5702733993530273
v -75.405036926269531 260 -1.9713778495788574
v -96.5 260 12.199999809265137
v -83.75 260 12.199999809265137
v -77.375 260 12.199999809265137
v -71 260 6.0999999046325684
v -83.75 260 6.0999999046325684
v -77.375 260 6.0999999046325684
v -96.5 260 -12.199999809265137
v -83.75 260 -12.199999809265137
v -74.1875 260 6.0999999046325684
v -71 260 3.0499999523162842
v -74.1875 260 0
v -74.1875 260 3.0499999523162842
v -64.625 260 12.199999809265137
v -64.625 260 0
v -64.625 260 6.0999999046325684
v -71 260 -6.0999999046325684
v -77.375 260 -12.199999809265137
v -83.75 260 -6.0999999046325684
v -77.375 260 -6.0999999046325684
v -71 260 -3.0499999523162842
v -74.1875 260 -6.0999999046325684
v -74.1875 260 -3.0499999523162842
v -64.625 260 -12.199999809265137
v -64.625 260 -6.0999999046325684
v -80.5625 260 6.0999999046325684
v -90.125 260 12.199999809265137
v -90.125 260 0
v -96.5 260 6.0999999046325684
v -90.125 260 6.0999999046325684
v -109.25 260 24.399999618530273
v -109.25 260 0
v -109.25 260 12.199999809265137
v -86.9375 260 6.0999999046325684
v -86.9375 260 0
v -90.125 260 3.0499999523162842
v -86.9375 260 3.0499999523162842
v -90.125 260 -12.199999809265137
v -96.5 260 -6.0999999046325684
v -90.125 260 -6.0999999046325684
v -109.25 260 -24.399999618530273
v -109.25 260 -12.199999809265137
v -86.9375 260 -6.0999999046325684
v -90.125 260 -3.0499999523162842
v -86.9375 260 -3.0499999523162842
v -80.5625 260 -6.0999999046325684
v -45.5 260 0
v 5.5 260 0
v -122 266 -122
v 5.5 266 -122
v 133 266 -122
v -96.5 266 -97.599998474121094
v -71 266 -97.599998474121094
v -45.5 266 -97.599998474121094
v -20 266 -97.599998474121094
v 5.5 266 -97.599998474121094
v 31 266 -97.599998474121094
v 56.5 266 -97.599998474121094
v 82 266 -97.599998474121094
v 107.5 266 -97.599998474121094
v -96.5 266 -73.199996948242188
v -71 266 -73.199996948242188
v -45.5 266 -73.199996948242188
v -20 266 -73.199996948242188
v 5.5 266 -73.199996948242188
v 31 266 -73.199996948242188
v 56.5 266 -73.199996948242188
v 82 266 -73.199996948242188
v 107.5 266 -73.199996948242188
v -96.5 266 -48.799999237060547
v -71 266 -48.799999237060547
v -45.5 266 -48.799999237060547
v -20 266 -48.799999237060547
v 5.5 266 -48.799999237060547
v 31 266 -48.799999237060547
v 56.5 266 -48.799999237060547
v 82 266 -48.799999237060547
v 107.5 266 -48.799999237060547
v -96.5 266 -24.399999618530273
v -71 266 -24.399999618530273
v -45.5 266 -24.399999618530273
v -20 266 -24.399999618530273
v 5.5 266 -24.399999618530273
v 56.5 266 -24.399999618530273
v 82 266 -24.399999618530273
v 107.5 266 -24.399999618530273
v -96.5 266 0
v -71 266 0
v -20 266 0
v 31 266 0
v 56.5 266 0
v 107.5 266 0
v -96.5 266 24.399999618530273
v -71 266 24.399999618530273
v -45.5 266 24.399999618530273
v -20 266 24.399999618530273
v 5.5 266 24.399999618530273
v 56.5 266 24.399999618530273
v 82 266 24.399999618530273
v 107.5 266 24.399999618530273
v -96.5 266 48.799999237060547
v -71 266 48.799999237060547
v -45.5 266 48.799999237060547
v -20 266 48.799999237060547
v 5.5 266 48.799999237060547
v 31 266 48.799999237060547
v 56.5 266 48.799999237060547
v 82 266 48.799999237060547
v 107.5 266 48.799999237060547
v -96.5 266 73.199996948242188
v -71 266 73.199996948242188
v -45.5 266 73.199996948242188
v -20 266 73.199996948242188
v 5.5 266 73.199996948242188
v 31 266 73.199996948242188
v 56.5 266 73.199996948242188
v 82 266 73.199996948242188
v 107.5 266 73.199996948242188
v -96.5 266 97.599998474121094
v -71 266 97.599998474121094
v -45.5 266 97.599998474121094
v -20 266 97.599998474121094
v 5.5 266 97.599998474121094
v 31 266 97.599998474121094
v 56.5 266 97.599998474121094
v 82 266 97.599998474121094
v 107.5 266 97.599998474121094
v -122 266 122
v 5.5 266 122
v 133 266 122
v -122 266 -103.23076629638672
v -122 266 -84.461540222167969
v -122 266 -65.692306518554688
v -122 266 -46.923076629638672
v -122 266 -28.153846740722656
v -122 266 -9.3846149444580078
v -122 266 9.3846149444580078
v -122 266 28.153846740722656
v -122 266 46.923076629638672
v -122 266 65.692306518554688
v -122 266 84.461540222167969
v -122 266 103.23076629638672
v -103.78571319580078 266 122
v -85.571426391601562 266 122
v -67.357139587402344 266 122
v -49.142856597900391 266 122
v -30.928571701049805 266 122
v -12.714285850524902 266 122
v 23.714284896850586 266 122
v 41.928569793701172 266 122
v 60.142856597900391 266 122
v 78.357139587402344 266 122
v 96.571426391601562 266 122
v 114.78571319580078 266 122
v 133 266 103.23076629638672
v 133 266 84.461540222167969
v 133 266 65.692306518554688
v 133 266 46.923076629638672
v 133 266 28.153846740722656
v 133 266 9.3846149444580078
v 133 266 -9.3846149444580078
v 133 266 -28.153846740722656
v 133 266 -46.923076629638672
v 133 266 -65.692306518554688
v 133 266 -84.461540222167969
v 133 266 -103.23076629638672
v 114.78571319580078 266 -122
v 96.571426391601562 266 -122
v 78.357139587402344 266 -122
v 60.142856597900391 266 -122
v 41.928569793701172 266 -122
v 23.714284896850586 266 -122
v -12.714285850524902 266 -122
v -30.928571701049805 266 -122
v -49.142856597900391 266 -122
v -67.357139587402344 266 -122
v -85.571426391601562 266 -122
v -103.78571319580078 266 -122
v 85 266 0
v 84.594963073730469 266 1.9713778495788574
v 83.500450134277344 266 3.5702733993530273
v 81.890586853027344 266 4.6287884712219238
v 80 266 5
v 78.02862548828125 266 4.5949611663818359
v 76.429725646972656 266 3.5004496574401855
v 75.371208190917969 266 1.890586256980896
v 75 266 0
v 75.405036926269531 266 -1.9713778495788574
v 76.499549865722656 266 -3.5702733993530273
v 78.109413146972656 266 -4.6287884712219238
v 80 266 -5
v 81.97137451171875 266 -4.5949611663818359
v 83.570274353027344 266 -3.5004496574401855
v 84.628791809082031 266 -1.890586256980896
v 94.75 266 0
v 107.5 266 -12.199999809265137
v 94.75 266 -24.399999618530273
v 82 266 -12.199999809265137
v 94.75 266 -12.199999809265137
v 88.375 266 0
v 94.75 266 -6.0999999046325684
v 88.375 266 -12.199999809265137
v 82 266 -6.0999999046325684
v 88.375 266 -6.0999999046325684
v 69.25 266 0
v 69.25 266 -24.399999618530273
v 56.5 266 -12.199999809265137
v 69.25 266 -12.199999809265137
v 94.75 266 24.399999618530273
v 107.5 266 12.199999809265137
v 82 266 12.199999809265137
v 94.75 266 12.199999809265137
v 88.375 266 -3.0499999523162842
v 85.1875 266 -6.0999999046325684
v 85.1875 266 -3.0499999523162842
v 75.625 266 -12.199999809265137
v 69.25 266 -6.0999999046325684
v 75.625 266 -6.0999999046325684
v 69.25 266 24.399999618530273
v 56.5 266 12.199999809265137
v 69.25 266 12.199999809265137
v 88.375 266 12.199999809265137
v 94.75 266 6.0999999046325684
v 82 266 6.0999999046325684
v 88.375 266 6.0999999046325684
v 85.1875 266 6.0999999046325684
v 88.375 266 3.0499999523162842
v 85.1875 266 3.0499999523162842
v 75.625 266 12.199999809265137
v 69.25 266 6.0999999046325684
v 75.625 266 6.0999999046325684
v 78.8125 266 6.0999999046325684
v 75.625 266 3.0499999523162842
v 72.4375 266 6.0999999046325684
v 72.4375 266 0
v 69.25 266 3.0499999523162842
v 72.4375 266 3.0499999523162842
v 62.875 266 12.199999809265137
v 62.875 266 0
v 56.5 266 6.0999999046325684
v 62.875 266 6.0999999046325684
v 43.75 266 24.399999618530273
v 31 266 12.199999809265137
v 43.75 266 12.199999809265137
v 75.625 266 -3.0499999523162842
v 72.4375 266 -6.0999999046325684
v 69.25 266 -3.0499999523162842
v 72.4375 266 -3.0499999523162842
v 62.875 266 -12.199999809265137
v 56.5 266 -6.0999999046325684
v 62.875 266 -6.0999999046325684
v 43.75 266 -24.399999618530273
v 31 266 -12.199999809265137
v 43.75 266 -12.199999809265137
v 78.8125 266 -6.0999999046325684
v 45 266 0
v 44.594963073730469 266 1.9713778495788574
v 43.500450134277344 266 3.5702733993530273
v 41.890586853027344 266 4.6287884712219238
v 40 266 5
v 38.028621673583984 266 4.5949611663818359
v 36.429725646972656 266 3.5004496574401855
v 35.371212005615234 266 1.890586256980896
v 35 266 0
v 35.405036926269531 266 -1.9713778495788574
v 36.499549865722656 266 -3.5702733993530273
v 38.109413146972656 266 -4.6287884712219238
v 40 266 -5
v 41.971378326416016 266 -4.5949611663818359
v 43.570274353027344 266 -3.5004496574401855
v 44.628787994384766 266 -1.890586256980896
v 50.125 266 0
v 50.125 266 -12.199999809265137
v 43.75 266 -6.0999999046325684
v 50.125 266 -6.0999999046325684
v 46.9375 266 0
v 50.125 266 -3.0499999523162842
v 46.9375 266 -6.0999999046325684
v 46.9375 266 -3.0499999523162842
v 37.375 266 -12.199999809265137
v 31 266 -6.0999999046325684
v 37.375 266 -6.0999999046325684
v 18.25 266 0
v 18.25 266 -24.399999618530273
v 5.5 266 -12.199999809265137
v 18.25 266 -12.199999809265137
v 50.125 266 12.199999809265137
v 43.75 266 6.0999999046325684
v 50.125 266 6.0999999046325684
v 46.9375 266 6.0999999046325684
v 50.125 266 3.0499999523162842
v 46.9375 266 3.0499999523162842
v 37.375 266 12.199999809265137
v 31 266 6.0999999046325684
v 37.375 266 6.0999999046325684
v 18.25 266 24.399999618530273
v 5.5 266 12.199999809265137
v 18.25 266 12.199999809265137
v 40.5625 266 6.0999999046325684
v 34.1875 266 6.0999999046325684
v 34.1875 266 0
v 31 266 3.0499999523162842
v 34.1875 266 3.0499999523162842
v 24.625 266 12.199999809265137
v 24.625 266 0
v 18.25 266 6.0999999046325684
v 24.625 266 6.0999999046325684
v 34.1875 266 -6.0999999046325684
v 31 266 -3.0499999523162842
v 34.1875 266 -3.0499999523162842
v 24.625 266 -12.199999809265137
v 18.25 266 -6.0999999046325684
v 24.625 266 -6.0999999046325684
v 40.5625 266 -6.0999999046325684
v 5 266 0
v 4.5949611663818359 266 1.9713778495788574
v 3.5004496574401855 266 3.5702733993530273
v 1.890586256980896 266 4.6287884712219238
v 0 266 5
v -1.9713778495788574 266 4.5949611663818359
v -3.5702733993530273 266 3.5004496574401855
v -4.6287884712219238 266 1.890586256980896
v -5 266 0
v -4.5949611663818359 266 -1.9713778495788574
v -3.5004496574401855 266 -3.5702733993530273
v -1.890586256980896 266 -4.6287884712219238
v 0 266 -5
v 1.9713778495788574 266 -4.5949611663818359
v 3.5702733993530273 266 -3.5004496574401855
v 4.6287884712219238 266 -1.890586256980896
v -7.25 266 0
v -7.25 266 -24.399999618530273
v -20 266 -12.199999809265137
v -7.25 266 -12.199999809265137
v 5.5 266 -6.0999999046325684
v -0.875 266 -12.199999809265137
v -7.25 266 -6.0999999046325684
v -0.875 266 -6.0999999046325684
v -7.25 266 24.399999618530273
v -20 266 12.199999809265137
v -7.25 266 12.199999809265137
v 2.3125 266 -6.0999999046325684
v -0.875 266 12.199999809265137
v 5.5 266 6.0999999046325684
v -7.25 266 6.0999999046325684
v -0.875 266 6.0999999046325684
v 11.875 266 0
v 11.875 266 -12.199999809265137
v 11.875 266 -6.0999999046325684
v 2.3125 266 6.0999999046325684
v 11.875 266 12.199999809265137
v 11.875 266 6.0999999046325684
v -4.0625 266 6.0999999046325684
v -7.25 266 3.0499999523162842
v -13.625 266 12.199999809265137
v -13.625 266 0
v -20 266 6.0999999046325684
v -13.625 266 6.0999999046325684
v -32.75 266 24.399999618530273
v -32.75 266 0
v -45.5 266 12.199999809265137
v -32.75 266 12.199999809265137
v -4.0625 266 -6.0999999046325684
v -7.25 266 -3.0499999523162842
v -13.625 266 -12.199999809265137
v -20 266 -6.0999999046325684
v -13.625 266 -6.0999999046325684
v -32.75 266 -24.399999618530273
v -45.5 266 -12.199999809265137
v -32.75 266 -12.199999809265137
v 31.819805145263672 266 -31.819805145263672
v 32.927375793457031 266 -30.139425277709961
v 33.284027099609375 266 -28.234899520874023
v 32.8941650390625 266 -26.34807014465332
v 31.819805145263672 266 -24.748737335205078
v 30.139425277709961 266 -23.641168594360352
v 28.234897613525391 266 -23.284515380859375
v 26.34807014465332 266 -23.67437744140625
v 24.748737335205078 266 -24.748737335205078
v 23.641168594360352 266 -26.429117202758789
v 23.284515380859375 266 -28.333644866943359
v 23.67437744140625 266 -30.22047233581543
v 24.748737335205078 266 -31.819805145263672
v 26.429117202758789 266 -32.927375793457031
v 28.333642959594727 266 -33.284027099609375
v 30.22047233581543 266 -32.8941650390625
v 56.5 266 -36.599998474121094
v 43.75 266 -48.799999237060547
v 31 266 -36.599998474121094
v 43.75 266 -36.599998474121094
v 37.375 266 -24.399999618530273
v 43.75 266 -30.5
v 37.375 266 -36.599998474121094
v 37.375 266 -30.5
v 18.25 266 -48.799999237060547
v 5.5 266 -36.599998474121094
v 18.25 266 -36.599998474121094
v 34.1875 266 -30.5
v 37.375 266 -33.549999237060547
v 34.1875 266 -36.599998474121094
v 34.1875 266 -33.549999237060547
v 43.75 266 -42.700000762939453
v 37.375 266 -48.799999237060547
v 31 266 -42.700000762939453
v 37.375 266 -42.700000762939453
v 43.75 266 -73.199996948242188
v 31 266 -61
v 43.75 266 -61
v 24.625 266 -36.599998474121094
v 18.25 266 -30.5
v 34.1875 266 -24.399999618530273
v 37.375 266 -27.450000762939453
v 34.1875 266 -27.450000762939453
v 43.75 266 -18.299999237060547
v 31 266 -18.299999237060547
v 37.375 266 -18.299999237060547
v 18.25 266 -18.299999237060547
v 24.625 266 -18.299999237060547
v 27.8125 266 -18.299999237060547
v 31 266 -21.350000381469727
v 24.625 266 -21.350000381469727
v 27.8125 266 -21.350000381469727
v 21.4375 266 -24.399999618530273
v 21.4375 266 -30.5
v 18.25 266 -27.450000762939453
v 21.4375 266 -27.450000762939453
v 11.875 266 -24.399999618530273
v 11.875 266 -36.599998474121094
v 5.5 266 -30.5
v 11.875 266 -30.5
v -7.25 266 -48.799999237060547
v -20 266 -36.599998474121094
v -7.25 266 -36.599998474121094
v 27.8125 266 -36.599998474121094
v 24.625 266 -48.799999237060547
v 18.25 266 -42.700000762939453
v 24.625 266 -42.700000762939453
v 18.25 266 -73.199996948242188
v 5.5 266 -61
v 18.25 266 -61
v 0 266 -45
v 1.9713778495788574 266 -44.594963073730469
v 3.5702733993530273 266 -43.500450134277344
v 4.6287884712219238 266 -41.890586853027344
v 5 266 -40
v 4.5949611663818359 266 -38.028621673583984
v 3.5004496574401855 266 -36.429725646972656
v 1.890586256980896 266 -35.371212005615234
v 0 266 -35
v -1.9713778495788574 266 -35.405036926269531
v -3.5702733993530273 266 -36.499549865722656
v -4.6287884712219238 266 -38.109413146972656
v -5 266 -40
v -4.5949611663818359 266 -41.971378326416016
v -3.5004496574401855 266 -43.570274353027344
v -1.890586256980896 266 -44.628787994384766
v 5.5 266 -42.700000762939453
v -0.875 266 -48.799999237060547
v -7.25 266 -42.700000762939453
v -7.25 266 -73.199996948242188
v -20 266 -61
v -7.25 266 -61
v 5.5 266 -45.75
v 2.3125 266 -48.799999237060547
v -0.875 266 -45.75
v 2.3125 266 -45.75
v 11.875 266 -48.799999237060547
v 11.875 266 -42.700000762939453
v 5.5 266 -54.900001525878906
v -0.875 266 -61
v -7.25 266 -54.900001525878906
v -0.875 266 -54.900001525878906
v 5.5 266 -39.650001525878906
v -0.875 266 -24.399999618530273
v -7.25 266 -30.5
v -0.875 266 -30.5
v 2.3125 266 -30.5
v 5.5 266 -33.549999237060547
v -0.875 266 -33.549999237060547
v 2.3125 266 -33.549999237060547
v -4.0625 266 -30.5
v -7.25 266 -33.549999237060547
v -4.0625 266 -33.549999237060547
v -13.625 266 -24.399999618530273
v -13.625 266 -36.599998474121094
v -20 266 -30.5
v -13.625 266 -30.5
v -32.75 266 -48.799999237060547
v -45.5 266 -36.599998474121094
v -32.75 266 -36.599998474121094
v -7.25 266 -39.650001525878906
v -13.625 266 -48.799999237060547
v -20 266 -42.700000762939453
v -13.625 266 -42.700000762939453
v -4.0625 266 -48.799999237060547
v -7.25 266 -45.75
v -4.0625 266 -45.75
v -31.819805145263672 266 -31.819805145263672
v -30.139425277709961 266 -32.927375793457031
v -28.234899520874023 266 -33.284027099609375
v -26.34807014465332 266 -32.8941650390625
v -24.748737335205078 266 -31.819805145263672
v -23.641168594360352 266 -30.139425277709961
v -23.284515380859375 266 -28.234897613525391
v -23.67437744140625 266 -26.34807014465332
v -24.748737335205078 266 -24.748737335205078
v -26.429117202758789 266 -23.641168594360352
v -28.333644866943359 266 -23.284515380859375
v -30.22047233581543 266 -23.67437744140625
v -31.819805145263672 266 -24.748737335205078
v -32.927375793457031 266 -26.429117202758789
v -33.284027099609375 266 -28.333642959594727
v -32.8941650390625 266 -30.22047233581543
v -26.375 266 -36.599998474121094
v -29.5625 266 -36.599998474121094
v -32.75 266 -33.549999237060547
v -26.375 266 -48.799999237060547
v -32.75 266 -42.700000762939453
v -26.375 266 -42.700000762939453
v -32.75 266 -73.199996948242188
v -45.5 266 -61
v -32.75 266 -61
v -39.125 266 -24.399999618530273
v -39.125 266 -36.599998474121094
v -45.5 266 -30.5
v -39.125 266 -30.5
v -58.25 266 -24.399999618530273
v -58.25 266 -48.799999237060547
v -71 266 -36.599998474121094
v -58.25 266 -36.599998474121094
v -20 266 -33.549999237060547
v -23.1875 266 -36.599998474121094
v -23.1875 266 -33.549999237060547
v -20 266 -27.450000762939453
v -26.375 266 -12.199999809265137
v -20 266 -18.299999237060547
v -32.75 266 -18.299999237060547
v -26.375 266 -18.299999237060547
v -29.5625 266 -18.299999237060547
v -26.375 266 -21.350000381469727
v -32.75 266 -21.350000381469727
v -29.5625 266 -21.350000381469727
v -39.125 266 -12.199999809265137
v -45.5 266 -18.299999237060547
v -39.125 266 -18.299999237060547
v -58.25 266 0
v -71 266 -12.199999809265137
v -58.25 266 -12.199999809265137
v -35.9375 266 -24.399999618530273
v -35.9375 266 -30.5
v -39.125 266 -27.450000762939453
v -35.9375 266 -27.450000762939453
v -45 266 0
v -44.594963073730469 266 -1.9713778495788574
v -43.500450134277344 266 -3.5702733993530273
v -41.890586853027344 266 -4.6287884712219238
v -40 266 -5
v -38.028621673583984 266 -4.5949611663818359
v -36.429725646972656 266 -3.5004496574401855
v -35.371212005615234 266 -1.890586256980896
v -35 266 0
v -35.405036926269531 266 1.9713778495788574
v -36.499549865722656 266 3.5702733993530273
v -38.109413146972656 266 4.6287884712219238
v -40 266 5
v -41.971378326416016 266 4.5949611663818359
v -43.570274353027344 266 3.5004496574401855
v -44.628787994384766 266 1.890586256980896
v -39.125 266 12.199999809265137
v -32.75 266 6.0999999046325684
v -45.5 266 6.0999999046325684
v -39.125 266 6.0999999046325684
v -58.25 266 24.399999618530273
v -71 266 12.199999809265137
v -58.25 266 12.199999809265137
v -42.3125 266 6.0999999046325684
v -32.75 266 -6.0999999046325684
v -45.5 266 -6.0999999046325684
v -39.125 266 -6.0999999046325684
v -51.875 266 12.199999809265137
v -51.875 266 0
v -58.25 266 6.0999999046325684
v -51.875 266 6.0999999046325684
v -42.3125 266 -6.0999999046325684
v -51.875 266 -12.199999809265137
v -58.25 266 -6.0999999046325684
v -51.875 266 -6.0999999046325684
v -32.75 266 -3.0499999523162842
v -35.9375 266 -6.0999999046325684
v -26.375 266 0
v -26.375 266 -6.0999999046325684
v -35.9375 266 6.0999999046325684
v -32.75 266 3.0499999523162842
v -26.375 266 12.199999809265137
v -26.375 266 6.0999999046325684
v -31.819805145263672 266 31.819805145263672
v -32.927375793457031 266 30.139425277709961
v -33.284027099609375 266 28.234899520874023
v -32.8941650390625 266 26.34807014465332
v -31.819805145263672 266 24.748737335205078
v -30.139425277709961 266 23.641168594360352
v -28.234897613525391 266 23.284515380859375
v -26.34807014465332 266 23.67437744140625
v -24.748737335205078 266 24.748737335205078
v -23.641168594360352 266 26.429117202758789
v -23.284515380859375 266 28.333644866943359
v -23.67437744140625 266 30.22047233581543
v -24.748737335205078 266 31.819805145263672
v -26.429117202758789 266 32.927375793457031
v -28.333642959594727 266 33.284027099609375
v -30.22047233581543 266 32.8941650390625
v -32.75 266 48.799999237060547
v -20 266 36.599998474121094
v -45.5 266 36.599998474121094
v -32.75 266 36.599998474121094
v -26.375 266 36.599998474121094
v -20 266 30.5
v -7.25 266 48.799999237060547
v 5.5 266 36.599998474121094
v -7.25 266 36.599998474121094
v -29.5625 266 36.599998474121094
v -32.75 266 33.549999237060547
v -39.125 266 36.599998474121094
v -39.125 266 24.399999618530273
v -45.5 266 30.5
v -39.125 266 30.5
v -58.25 266 48.799999237060547
v -71 266 36.599998474121094
v -58.25 266 36.599998474121094
v -26.375 266 48.799999237060547
v -20 266 42.700000762939453
v -32.75 266 42.700000762939453
v -26.375 266 42.700000762939453
v -32.75 266 73.199996948242188
v -20 266 61
v -45.5 266 61
v -32.75 266 61
v -35.9375 266 30.5
v -35.9375 266 24.399999618530273
v -39.125 266 27.450000762939453
v -35.9375 266 27.450000762939453
v -32.75 266 18.299999237060547
v -45.5 266 18.299999237060547
v -39.125 266 18.299999237060547
v -20 266 18.299999237060547
v -26.375 266 18.299999237060547
v -26.375 266 21.350000381469727
v -29.5625 266 18.299999237060547
v -32.75 266 21.350000381469727
v -29.5625 266 21.350000381469727
v -23.1875 266 24.399999618530273
v -20 266 21.350000381469727
v -23.1875 266 18.299999237060547
v -23.1875 266 21.350000381469727
v -13.625 266 24.399999618530273
v -7.25 266 18.299999237060547
v -13.625 266 18.299999237060547
v -20 266 27.450000762939453
v -13.625 266 36.599998474121094
v -7.25 266 30.5
v -13.625 266 30.5
v -23.1875 266 36.599998474121094
v -20 266 33.549999237060547
v -23.1875 266 33.549999237060547
v 0 266 45
v -1.9713778495788574 266 44.594963073730469
v -3.5702733993530273 266 43.500450134277344
v -4.6287884712219238 266 41.890586853027344
v -5 266 40
v -4.5949611663818359 266 38.028621673583984
v -3.5004496574401855 266 36.429725646972656
v -1.890586256980896 266 35.371212005615234
v 0 266 35
v 1.9713778495788574 266 35.405036926269531
v 3.5702733993530273 266 36.499549865722656
v 4.6287884712219238 266 38.109413146972656
v 5 266 40
v 4.5949611663818359 266 41.971378326416016
v 3.5004496574401855 266 43.570274353027344
v 1.890586256980896 266 44.628787994384766
v -0.875 266 48.799999237060547
v 5.5 266 42.700000762939453
v -7.25 266 42.700000762939453
v -7.25 266 73.199996948242188
v 5.5 266 61
v -7.25 266 61
v 18.25 266 48.799999237060547
v 31 266 36.599998474121094
v 18.25 266 36.599998474121094
v 2.3125 266 48.799999237060547
v 5.5 266 45.75
v -0.875 266 45.75
v 2.3125 266 45.75
v -0.875 266 61
v 5.5 266 54.900001525878906
v -7.25 266 54.900001525878906
v -0.875 266 54.900001525878906
v 18.25 266 73.199996948242188
v 31 266 61
v 18.25 266 61
v 11.875 266 48.799999237060547
v 18.25 266 42.700000762939453
v 11.875 266 36.599998474121094
v 11.875 266 42.700000762939453
v -4.0625 266 48.799999237060547
v -7.25 266 45.75
v -4.0625 266 45.75
v -13.625 266 48.799999237060547
v -13.625 266 42.700000762939453
v -7.25 266 39.650001525878906
v 5.5 266 30.5
v -0.875 266 24.399999618530273
v -0.875 266 30.5
v -0.875 266 33.549999237060547
v -4.0625 266 30.5
v -7.25 266 33.549999237060547
v -4.0625 266 33.549999237060547
v 5.5 266 33.549999237060547
v 2.3125 266 30.5
v 2.3125 266 33.549999237060547
v 18.25 266 30.5
v 11.875 266 24.399999618530273
v 11.875 266 30.5
v 5.5 266 39.650001525878906
v 31.819805145263672 266 31.819805145263672
v 30.139425277709961 266 32.927375793457031
v 28.234899520874023 266 33.284027099609375
v 26.34807014465332 266 32.8941650390625
v 24.748737335205078 266 31.819805145263672
v 23.641168594360352 266 30.139425277709961
v 23.284515380859375 266 28.234897613525391
v 23.67437744140625 266 26.34807014465332
v 24.748737335205078 266 24.748737335205078
v 26.429117202758789 266 23.641168594360352
v 28.333644866943359 266 23.284515380859375
v 30.22047233581543 266 23.67437744140625
v 31.819805145263672 266 24.748737335205078
v 32.927375793457031 266 26.429117202758789
v 33.284027099609375 266 28.333642959594727
v 32.8941650390625 266 30.22047233581543
v 43.75 266 48.799999237060547
v 56.5 266 36.599998474121094
v 43.75 266 36.599998474121094
v 37.375 266 36.599998474121094
v 43.75 266 30.5
v 37.375 266 24.399999618530273
v 37.375 266 30.5
v 34.1875 266 36.599998474121094
v 37.375 266 33.549999237060547
v 34.1875 266 30.5
v 31 266 33.549999237060547
v 34.1875 266 33.549999237060547
v 24.625 266 36.599998474121094
v 37.375 266 48.799999237060547
v 43.75 266 42.700000762939453
v 31 266 42.700000762939453
v 37.375 266 42.700000762939453
v 43.75 266 73.199996948242188
v 43.75 266 61
v 27.8125 266 36.599998474121094
v 24.625 266 48.799999237060547
v 24.625 266 42.700000762939453
v 21.4375 266 30.5
v 21.4375 266 24.399999618530273
v 18.25 266 27.450000762939453
v 21.4375 266 27.450000762939453
v 31 266 18.299999237060547
v 18.25 266 18.299999237060547
v 24.625 266 18.299999237060547
v 31 266 21.350000381469727
v 27.8125 266 18.299999237060547
v 24.625 266 21.350000381469727
v 27.8125 266 21.350000381469727
v 43.75 266 18.299999237060547
v 37.375 266 18.299999237060547
v 37.375 266 27.450000762939453
v 34.1875 266 24.399999618530273
v 34.1875 266 27.450000762939453
v 60.104076385498047 266 -60.104076385498047
v 61.211643218994141 266 -58.423698425292969
v 61.56829833984375 266 -56.519168853759766
v 61.178436279296875 266 -54.632343292236328
v 60.104076385498047 266 -53.033008575439453
v 58.423694610595703 266 -51.925441741943359
v 56.519168853759766 266 -51.56878662109375
v 54.632339477539062 266 -51.958648681640625
v 53.033008575439453 266 -53.033008575439453
v 51.925437927246094 266 -54.713390350341797
v 51.56878662109375 266 -56.617916107177734
v 51.958648681640625 266 -58.504745483398438
v 53.033008575439453 266 -60.104076385498047
v 54.713386535644531 266 -61.211647033691406
v 56.617916107177734 266 -61.56829833984375
v 58.504741668701172 266 -61.178436279296875
v 69.25 266 -48.799999237060547
v 82 266 -61
v 69.25 266 -73.199996948242188
v 69.25 266 -61
v 62.875 266 -48.799999237060547
v 69.25 266 -54.900001525878906
v 62.875 266 -61
v 62.875 266 -54.900001525878906
v 82 266 -36.599998474121094
v 69.25 266 -36.599998474121094
v 62.875 266 -57.950000762939453
v 59.6875 266 -61
v 69.25 266 -67.099998474121094
v 62.875 266 -73.199996948242188
v 56.5 266 -67.099998474121094
v 62.875 266 -67.099998474121094
v 82 266 -85.400001525878906
v 69.25 266 -97.599998474121094
v 56.5 266 -85.400001525878906
v 69.25 266 -85.400001525878906
v 50.125 266 -48.799999237060547
v 50.125 266 -61
v 43.75 266 -54.900001525878906
v 50.125 266 -54.900001525878906
v 59.6875 266 -48.799999237060547
v 62.875 266 -51.849998474121094
v 59.6875 266 -51.849998474121094
v 62.875 266 -36.599998474121094
v 69.25 266 -42.700000762939453
v 56.5 266 -42.700000762939453
v 62.875 266 -42.700000762939453
v 53.3125 266 -48.799999237060547
v 50.125 266 -51.849998474121094
v 53.3125 266 -51.849998474121094
v 50.125 266 -36.599998474121094
v 50.125 266 -42.700000762939453
v 53.3125 266 -61
v 50.125 266 -57.950000762939453
v 50.125 266 -73.199996948242188
v 43.75 266 -67.099998474121094
v 50.125 266 -67.099998474121094
v 43.75 266 -97.599998474121094
v 31 266 -85.400001525878906
v 43.75 266 -85.400001525878906
v 56.5 266 -64.050003051757812
v 53.3125 266 -67.099998474121094
v 50.125 266 -64.050003051757812
v 53.3125 266 -64.050003051757812
v 62.875 266 -64.050003051757812
v 59.6875 266 -67.099998474121094
v 59.6875 266 -64.050003051757812
v 0 266 -85
v 1.9713778495788574 266 -84.594963073730469
v 3.5702733993530273 266 -83.500450134277344
v 4.6287884712219238 266 -81.890586853027344
v 5 266 -80
v 4.5949611663818359 266 -78.02862548828125
v 3.5004496574401855 266 -76.429725646972656
v 1.890586256980896 266 -75.371208190917969
v 0 266 -75
v -1.9713778495788574 266 -75.405036926269531
v -3.5702733993530273 266 -76.499549865722656
v -4.6287884712219238 266 -78.109413146972656
v -5 266 -80
v -4.5949611663818359 266 -81.97137451171875
v -3.5004496574401855 266 -83.570274353027344
v -1.890586256980896 266 -84.628791809082031
v 5.5 266 -85.400001525878906
v -7.25 266 -97.599998474121094
v -20 266 -85.400001525878906
v -7.25 266 -85.400001525878906
v -0.875 266 -73.199996948242188
v -7.25 266 -79.300003051757812
v 18.25 266 -97.599998474121094
v 18.25 266 -85.400001525878906
v 11.875 266 -73.199996948242188
v 18.25 266 -79.300003051757812
v 11.875 266 -85.400001525878906
v 11.875 266 -79.300003051757812
v 5.5 266 -91.5
v -0.875 266 -97.599998474121094
v -7.25 266 -91.5
v -0.875 266 -91.5
v 5.5 266 -109.80000305175781
v -20 266 -109.80000305175781
v -7.25 266 -109.80000305175781
v 2.3125 266 -73.199996948242188
v 5.5 266 -67.099998474121094
v -7.25 266 -67.099998474121094
v -0.875 266 -67.099998474121094
v -4.0625 266 -73.199996948242188
v -7.25 266 -76.25
v -13.625 266 -73.199996948242188
v -13.625 266 -85.400001525878906
v -20 266 -79.300003051757812
v -13.625 266 -79.300003051757812
v -32.75 266 -97.599998474121094
v -45.5 266 -85.400001525878906
v -32.75 266 -85.400001525878906
v -7.25 266 -82.349998474121094
v -60.104076385498047 266 -60.104076385498047
v -58.423698425292969 266 -61.211643218994141
v -56.519168853759766 266 -61.56829833984375
v -54.632343292236328 266 -61.178436279296875
v -53.033008575439453 266 -60.104076385498047
v -51.925441741943359 266 -58.423694610595703
v -51.56878662109375 266 -56.519168853759766
v -51.958648681640625 266 -54.632339477539062
v -53.033008575439453 266 -53.033008575439453
v -54.713390350341797 266 -51.925437927246094
v -56.617916107177734 266 -51.56878662109375
v -58.504745483398438 266 -51.958648681640625
v -60.104076385498047 266 -53.033008575439453
v -61.211647033691406 266 -54.713386535644531
v -61.56829833984375 266 -56.617916107177734
v -61.178436279296875 266 -58.504741668701172
v -58.25 266 -73.199996948242188
v -71 266 -61
v -64.625 266 -48.799999237060547
v -64.625 266 -61
v -71 266 -54.900001525878906
v -64.625 266 -54.900001525878906
v -83.75 266 -48.799999237060547
v -83.75 266 -73.199996948242188
v -96.5 266 -61
v -83.75 266 -61
v -61.4375 266 -61
v -64.625 266 -57.950000762939453
v -51.875 266 -48.799999237060547
v -45.5 266 -54.900001525878906
v -51.875 266 -61
v -58.25 266 -67.099998474121094
v -64.625 266 -73.199996948242188
v -71 266 -67.099998474121094
v -64.625 266 -67.099998474121094
v -58.25 266 -97.599998474121094
v -71 266 -85.400001525878906
v -58.25 266 -85.400001525878906
v -58.25 266 -64.050003051757812
v -61.4375 266 -67.099998474121094
v -64.625 266 -64.050003051757812
v -61.4375 266 -64.050003051757812
v -45.5 266 -67.099998474121094
v -51.875 266 -73.199996948242188
v -51.875 266 -67.099998474121094
v -51.875 266 -64.050003051757812
v -55.0625 266 -67.099998474121094
v -55.0625 266 -64.050003051757812
v -48.6875 266 -54.900001525878906
v -45.5 266 -57.950000762939453
v -48.6875 266 -61
v -48.6875 266 -57.950000762939453
v -39.125 266 -48.799999237060547
v -32.75 266 -54.900001525878906
v -39.125 266 -61
v -39.125 266 -54.900001525878906
v -55.0625 266 -48.799999237060547
v -51.875 266 -36.599998474121094
v -45.5 266 -42.700000762939453
v -58.25 266 -42.700000762939453
v -51.875 266 -42.700000762939453
v -61.4375 266 -48.799999237060547
v -64.625 266 -51.849998474121094
v -61.4375 266 -51.849998474121094
v -64.625 266 -36.599998474121094
v -71 266 -42.700000762939453
v -64.625 266 -42.700000762939453
v -83.75 266 -24.399999618530273
v -96.5 266 -36.599998474121094
v -83.75 266 -36.599998474121094
v -60.104076385498047 266 60.104076385498047
v -61.211643218994141 266 58.423698425292969
v -61.56829833984375 266 56.519168853759766
v -61.178436279296875 266 54.632343292236328
v -60.104076385498047 266 53.033008575439453
v -58.423694610595703 266 51.925441741943359
v -56.519168853759766 266 51.56878662109375
v -54.632339477539062 266 51.958648681640625
v -53.033008575439453 266 53.033008575439453
v -51.925437927246094 266 54.713390350341797
v -51.56878662109375 266 56.617916107177734
v -51.958648681640625 266 58.504745483398438
v -53.033008575439453 266 60.104076385498047
v -54.713386535644531 266 61.211647033691406
v -56.617916107177734 266 61.56829833984375
v -58.504741668701172 266 61.178436279296875
v -58.25 266 73.199996948242188
v -71 266 61
v -64.625 266 61
v -64.625 266 48.799999237060547
v -71 266 54.900001525878906
v -64.625 266 54.900001525878906
v -83.75 266 73.199996948242188
v -83.75 266 48.799999237060547
v -96.5 266 61
v -83.75 266 61
v -61.4375 266 61
v -64.625 266 57.950000762939453
v -64.625 266 73.199996948242188
v -58.25 266 67.099998474121094
v -71 266 67.099998474121094
v -64.625 266 67.099998474121094
v -58.25 266 97.599998474121094
v -45.5 266 85.400001525878906
v -71 266 85.400001525878906
v -58.25 266 85.400001525878906
v -51.875 266 61
v -45.5 266 54.900001525878906
v -51.875 266 48.799999237060547
v -61.4375 266 48.799999237060547
v -64.625 266 51.849998474121094
v -61.4375 266 51.849998474121094
v -58.25 266 42.700000762939453
v -64.625 266 36.599998474121094
v -71 266 42.700000762939453
v -64.625 266 42.700000762939453
v -83.75 266 24.399999618530273
v -96.5 266 36.599998474121094
v -83.75 266 36.599998474121094
v -55.0625 266 48.799999237060547
v -45.5 266 42.700000762939453
v -51.875 266 36.599998474121094
v -51.875 266 42.700000762939453
v -48.6875 266 61
v -45.5 266 57.950000762939453
v -48.6875 266 54.900001525878906
v -48.6875 266 57.950000762939453
v -51.875 266 73.199996948242188
v -45.5 266 67.099998474121094
v -51.875 266 67.099998474121094
v -39.125 266 61
v -32.75 266 54.900001525878906
v -39.125 266 48.799999237060547
v -39.125 266 54.900001525878906
v -55.0625 266 67.099998474121094
v -51.875 266 64.050003051757812
v -58.25 266 64.050003051757812
v -55.0625 266 64.050003051757812
v -61.4375 266 67.099998474121094
v -64.625 266 64.050003051757812
v -61.4375 266 64.050003051757812
v 0 266 85
v -1.9713778495788574 266 84.594963073730469
v -3.5702733993530273 266 83.500450134277344
v -4.6287884712219238 266 81.890586853027344
v -5 266 80
v -4.5949611663818359 266 78.02862548828125
v -3.5004496574401855 266 76.429725646972656
v -1.890586256980896 266 75.371208190917969
v 0 266 75
v 1.9713778495788574 266 75.405036926269531
v 3.5702733993530273 266 76.499549865722656
v 4.6287884712219238 266 78.109413146972656
v 5 266 80
v 4.5949611663818359 266 81.97137451171875
v 3.5004496574401855 266 83.570274353027344
v 1.890586256980896 266 84.628791809082031
v -7.25 266 97.599998474121094
v 5.5 266 85.400001525878906
v -20 266 85.400001525878906
v -7.25 266 85.400001525878906
v -0.875 266 73.199996948242188
v -7.25 266 79.300003051757812
v 18.25 266 97.599998474121094
v 31 266 85.400001525878906
v 18.25 266 85.400001525878906
v -0.875 266 97.599998474121094
v 5.5 266 91.5
v -7.25 266 91.5
v -0.875 266 91.5
v 5.5 266 109.80000305175781
v -20 266 109.80000305175781
v -7.25 266 109.80000305175781
v 11.875 266 85.400001525878906
v 18.25 266 79.300003051757812
v 11.875 266 73.199996948242188
v 11.875 266 79.300003051757812
v -7.25 266 82.349998474121094
v -13.625 266 85.400001525878906
v -13.625 266 73.199996948242188
v -20 266 79.300003051757812
v -13.625 266 79.300003051757812
v -32.75 266 97.599998474121094
v -32.75 266 85.400001525878906
v -4.0625 266 73.199996948242188
v -7.25 266 76.25
v 5.5 266 67.099998474121094
v -7.25 266 67.099998474121094
v -0.875 266 67.099998474121094
v 2.3125 266 73.199996948242188
v 60.104076385498047 266 60.104076385498047
v 58.423698425292969 266 61.211643218994141
v 56.519168853759766 266 61.56829833984375
v 54.632343292236328 266 61.178436279296875
v 53.033008575439453 266 60.104076385498047
v 51.925441741943359 266 58.423694610595703
v 51.56878662109375 266 56.519168853759766
v 51.958648681640625 266 54.632339477539062
v 53.033008575439453 266 53.033008575439453
v 54.713390350341797 266 51.925437927246094
v 56.617916107177734 266 51.56878662109375
v 58.504745483398438 266 51.958648681640625
v 60.104076385498047 266 53.033008575439453
v 61.211647033691406 266 54.713386535644531
v 61.56829833984375 266 56.617916107177734
v 61.178436279296875 266 58.504741668701172
v 69.25 266 73.199996948242188
v 82 266 61
v 69.25 266 48.799999237060547
v 69.25 266 61
v 62.875 266 61
v 69.25 266 54.900001525878906
v 62.875 266 48.799999237060547
v 62.875 266 54.900001525878906
v 82 266 36.599998474121094
v 69.25 266 36.599998474121094
v 59.6875 266 61
v 62.875 266 57.950000762939453
v 50.125 266 61
v 50.125 266 48.799999237060547
v 43.75 266 54.900001525878906
v 50.125 266 54.900001525878906
v 62.875 266 73.199996948242188
v 69.25 266 67.099998474121094
v 56.5 266 67.099998474121094
v 62.875 266 67.099998474121094
v 69.25 266 97.599998474121094
v 82 266 85.400001525878906
v 56.5 266 85.400001525878906
v 69.25 266 85.400001525878906
v 59.6875 266 67.099998474121094
v 62.875 266 64.050003051757812
v 56.5 266 64.050003051757812
v 59.6875 266 64.050003051757812
v 50.125 266 73.199996948242188
v 43.75 266 67.099998474121094
v 50.125 266 67.099998474121094
v 43.75 266 97.599998474121094
v 43.75 266 85.400001525878906
v 53.3125 266 67.099998474121094
v 53.3125 266 61
v 50.125 266 64.050003051757812
v 53.3125 266 64.050003051757812
v 50.125 266 57.950000762939453
v 53.3125 266 48.799999237060547
v 50.125 266 51.849998474121094
v 53.3125 266 51.849998474121094
v 56.5 266 42.700000762939453
v 50.125 266 36.599998474121094
v 50.125 266 42.700000762939453
v 62.875 266 51.849998474121094
v 59.6875 266 48.799999237060547
v 59.6875 266 51.849998474121094
v 69.25 266 42.700000762939453
v 62.875 266 36.599998474121094
v 62.875 266 42.700000762939453
v -75 266 0
v -75.371208190917969 266 1.890586256980896
v -76.429725646972656 266 3.5004496574401855
v -78.02862548828125 266 4.5949611663818359
v -80 266 5
v -81.890586853027344 266 4.6287884712219238
v -83.500450134277344 266 3.5702733993530273
v -84.594963073730469 266 1.9713778495788574
v -85 266 0
v -84.628791809082031 266 -1.890586256980896
v -83.570274353027344 266 -3.5004496574401855
v -81.97137451171875 266 -4.5949611663818359
v -80 266 -5
v -78.109413146972656 266 -4.6287884712219238
v -76.499549865722656 266 -3.5702733993530273
v -75.405036926269531 266 -1.9713778495788574
v -96.5 266 12.199999809265137
v -83.75 266 12.199999809265137
v -77.375 266 12.199999809265137
v -71 266 6.0999999046325684
v -83.75 266 6.0999999046325684
v -77.375 266 6.0999999046325684
v -96.5 266 -12.199999809265137
v -83.75 266 -12.199999809265137
v -74.1875 266 6.0999999046325684
v -71 266 3.0499999523162842
v -74.1875 266 0
v -74.1875 266 3.0499999523162842
v -64.625 266 12.199999809265137
v -64.625 266 0
v -64.625 266 6.0999999046325684
v -71 266 -6.0999999046325684
v -77.375 266 -12.199999809265137
v -83.75 266 -6.0999999046325684
v -77.375 266 -6.0999999046325684
v -71 266 -3.0499999523162842
v -74.1875 266 -6.0999999046325684
v -74.1875 266 -3.0499999523162842
v -64.625 266 -12.199999809265137
v -64.625 266 -6.0999999046325684
v -80.5625 266 6.0999999046325684
v -90.125 266 12.199999809265137
v -90.125 266 0
v -96.5 266 6.0999999046325684
v -90.125 266 6.0999999046325684
v -109.25 266 24.399999618530273
v -109.25 266 0
v -109.25 266 12.199999809265137
v -86.9375 266 6.0999999046325684
v -86.9375 266 0
v -90.125 266 3.0499999523162842
v -86.9375 266 3.0499999523162842
v -90.125 266 -12.199999809265137
v -96.5 266 -6.0999999046325684
v -90.125 266 -6.0999999046325684
v -109.25 266 -24.399999618530273
v -109.25 266 -12.199999809265137
v -86.9375 266 -6.0999999046325684
v -90.125 266 -3.0499999523162842
v -86.9375 266 -3.0499999523162842
v -80.5625 266 -6.0999999046325684
v -45.5 266 0
v 5.5 266 0
v 85 266 0
v 85 260 0
v 84.594963073730469 266 1.9713778495788574
v 84.594963073730469 260 1.9713778495788574
v 83.500450134277344 266 3.5702733993530273
v 83.500450134277344 260 3.5702733993530273
v 81.890586853027344 266 4.6287884712219238
v 81.890586853027344 260 4.6287884712219238
v 80 266 5
v 80 260 5
v 78.02862548828125 266 4.5949611663818359
v 78.02862548828125 260 4.5949611663818359
v 76.429725646972656 266 3.5004496574401855
v 76.429725646972656 260 3.5004496574401855
v 75.371208190917969 266 1.890586256980896
v 75.371208190917969 260 1.890586256980896
v 75 266 0
v 75 260 0
v 75.405036926269531 266 -1.9713778495788574
v 75.405036926269531 260 -1.9713778495788574
v 76.499549865722656 266 -3.5702733993530273
v 76.499549865722656 260 -3.5702733993530273
v 78.109413146972656 266 -4.6287884712219238
v 78.109413146972656 260 -4.6287884712219238
v 80 266 -5
v 80 260 -5
v 81.97137451171875 266 -4.5949611663818359
v 81.97137451171875 260 -4.5949611663818359
v 83.570274353027344 266 -3.5004496574401855
v 83.570274353027344 260 -3.5004496574401855
v 84.628791809082031 266 -1.890586256980896
v 84.628791809082031 260 -1.890586256980896
v 85 266 0
v 85 260 0
v 45 266 0
v 45 260 0
v 44.594963073730469 266 1.9713778495788574
v 44.594963073730469 260 1.9713778495788574
v 43.500450134277344 266 3.5702733993530273
v 43.500450134277344 260 3.5702733993530273
v 41.890586853027344 266 4.6287884712219238
v 41.890586853027344 260 4.6287884712219238
v 40 266 5
v 40 260 5
v 38.028621673583984 266 4.5949611663818359
v 38.028621673583984 260 4.5949611663818359
v 36.429725646972656 266 3.5004496574401855
v 36.429725646972656 260 3.5004496574401855
v 35.371212005615234 266 1.890586256980896
v 35.371212005615234 260 1.890586256980896
v 35 266 0
v 35 260 0
v 35.405036926269531 266 -1.9713778495788574
v 35.405036926269531 260 -1.9713778495788574
v 36.499549865722656 266 -3.5702733993530273
v 36.499549865722656 260 -3.5702733993530273
v 38.109413146972656 266 -4.6287884712219238
v 38.109413146972656 260 -4.6287884712219238
v 40 266 -5
v 40 260 -5
v 41.971378326416016 266 -4.5949611663818359
v 41.971378326416016 260 -4.5949611663818359
v 43.570274353027344 266 -3.5004496574401855
v 43.570274353027344 260 -3.5004496574401855
v 44.628787994384766 266 -1.890586256980896
v 44.628787994384766 260 -1.890586256980896
v 45 266 0
v 45 260 0
v 5 266 0
v 5 260 0
v 4.5949611663818359 266 1.9713778495788574
v 4.5949611663818359 260 1.9713778495788574
v 3.5004496574401855 266 3.5702733993530273
v 3.5004496574401855 260 3.5702733993530273
v 1.890586256980896 266 4.6287884712219238
v 1.890586256980896 260 4.6287884712219238
v 0 266 5
v 0 260 5
v -1.9713778495788574 266 4.5949611663818359
v -1.9713778495788574 260 4.5949611663818359
v -3.5702733993530273 266 3.5004496574401855
v -3.5702733993530273 260 3.5004496574401855
v -4.6287884712219238 266 1.890586256980896
v -4.6287884712219238 260 1.890586256980896
v -5 266 0
v -5 260 0
v -4.5949611663818359 266 -1.9713778495788574
v -4.5949611663818359 260 -1.9713778495788574
v -3.5004496574401855 266 -3.5702733993530273
v -3.5004496574401855 260 -3.5702733993530273
v -1.890586256980896 266 -4.6287884712219238
v -1.890586256980896 260 -4.6287884712219238
v 0 266 -5
v 0 260 -5
v 1.9713778495788574 266 -4.5949611663818359
v 1.9713778495788574 260 -4.5949611663818359
v 3.5702733993530273 266 -3.5004496574401855
v 3.5702733993530273 260 -3.5004496574401855
v 4.6287884712219238 266 -1.890586256980896
v 4.6287884712219238 260 -1.890586256980896
v 5 266 0
v 5 260 0
v 31.819805145263672 266 -31.819805145263672
v 31.819805145263672 260 -31.819805145263672
v 32.927375793457031 266 -30.139425277709961
v 32.927375793457031 260 -30.139425277709961
v 33.284027099609375 266 -28.234899520874023
v 33.284027099609375 260 -28.234899520874023
v 32.8941650390625 266 -26.34807014465332
v 32.8941650390625 260 -26.34807014465332
v 31.819805145263672 266 -24.748737335205078
v 31.819805145263672 260 -24.748737335205078
v 30.139425277709961 266 -23.641168594360352
v 30.139425277709961 260 -23.641168594360352
v 28.234897613525391 266 -23.284515380859375
v 28.234897613525391 260 -23.284515380859375
v 26.34807014465332 266 -23.67437744140625
v 26.34807014465332 260 -23.67437744140625
v 24.748737335205078 266 -24.748737335205078
v 24.748737335205078 260 -24.748737335205078
v 23.641168594360352 266 -26.429117202758789
v 23.641168594360352 260 -26.429117202758789
v 23.284515380859375 266 -28.333644866943359
v 23.284515380859375 260 -28.333644866943359
v 23.67437744140625 266 -30.22047233581543
v 23.67437744140625 260 -30.22047233581543
v 24.748737335205078 266 -31.819805145263672
v 24.748737335205078 260 -31.819805145263672
v 26.429117202758789 266 -32.927375793457031
v 26.429117202758789 260 -32.927375793457031
v 28.333642959594727 266 -33.284027099609375
v 28.333642959594727 260 -33.284027099609375
v 30.22047233581543 266 -32.8941650390625
v 30.22047233581543 260 -32.8941650390625
v 31.819805145263672 266 -31.819805145263672
v 31.819805145263672 260 -31.819805145263672
v 0 266 -45
v 0 260 -45
v 1.9713778495788574 266 -44.594963073730469
v 1.9713778495788574 260 -44.594963073730469
v 3.5702733993530273 266 -43.500450134277344
v 3.5702733993530273 260 -43.500450134277344
v 4.6287884712219238 266 -41.890586853027344
v 4.6287884712219238 260 -41.890586853027344
v 5 266 -40
v 5 260 -40
v 4.5949611663818359 266 -38.028621673583984
v 4.5949611663818359 260 -38.028621673583984
v 3.5004496574401855 266 -36.429725646972656
v 3.5004496574401855 260 -36.429725646972656
v 1.890586256980896 266 -35.371212005615234
v 1.890586256980896 260 -35.371212005615234
v 0 266 -35
v 0 260 -35
v -1.9713778495788574 266 -35.405036926269531
v -1.9713778495788574 260 -35.405036926269531
v -3.5702733993530273 266 -36.499549865722656
v -3.5702733993530273 260 -36.499549865722656
v -4.6287884712219238 266 -38.109413146972656
v -4.6287884712219238 260 -38.109413146972656
v -5 266 -40
v -5 260 -40
v -4.5949611663818359 266 -41.971378326416016
v -4.5949611663818359 260 -41.971378326416016
v -3.5004496574401855 266 -43.570274353027344
v -3.5004496574401855 260 -43.570274353027344
v -1.890586256980896 266 -44.628787994384766
v -1.890586256980896 260 -44.628787994384766
v 0 266 -45
v 0 260 -45
v -31.819805145263672 266 -31.819805145263672
v -31.819805145263672 260 -31.819805145263672
v -30.139425277709961 266 -32.927375793457031
v -30.139425277709961 260 -32.927375793457031
v -28.234899520874023 266 -33.284027099609375
v -28.234899520874023 260 -33.284027099609375
v -26.34807014465332 266 -32.8941650390625
v -26.34807014465332 260 -32.8941650390625
v -24.748737335205078 266 -31.819805145263672
v -24.748737335205078 260 -31.819805145263672
v -23.641168594360352 266 -30.139425277709961
v -23.641168594360352 260 -30.139425277709961
v -23.284515380859375 266 -28.234897613525391
v -23.284515380859375 260 -28.234897613525391
v -23.67437744140625 266 -26.34807014465332
v -23.67437744140625 260 -26.34807014465332
v -24.748737335205078 266 -24.748737335205078
v -24.748737335205078 260 -24.748737335205078
v -26.429117202758789 266 -23.641168594360352
v -26.429117202758789 260 -23.641168594360352
v -28.333644866943359 266 -23.284515380859375
v -28.333644866943359 260 -23.284515380859375
v -30.22047233581543 266 -23.67437744140625
v -30.22047233581543 260 -23.67437744140625
v -31.819805145263672 266 -24.748737335205078
v -31.819805145263672 260 -24.748737335205078
v -32.927375793457031 266 -26.429117202758789
v -32.927375793457031 260 -26.429117202758789
v -33.284027099609375 266 -28.333642959594727
v -33.284027099609375 260 -28.333642959594727
v -32.8941650390625 266 -30.22047233581543
v -32.8941650390625 260 -30.22047233581543
v -31.819805145263672 266 -31.819805145263672
v -31.819805145263672 260 -31.819805145263672
v -45 266 0
v -45 260 0
v -44.594963073730469 266 -1.9713778495788574
v -44.594963073730469 260 -1.9713778495788574
v -43.500450134277344 266 -3.5702733993530273
v -43.500450134277344 260 -3.5702733993530273
v -41.890586853027344 266 -4.6287884712219238
v -41.890586853027344 260 -4.6287884712219238
v -40 266 -5
v -40 260 -5
v -38.028621673583984 266 -4.5949611663818359
v -38.028621673583984 260 -4.5949611663818359
v -36.429725646972656 266 -3.5004496574401855
v -36.429725646972656 260 -3.5004496574401855
v -35.371212005615234 266 -1.890586256980896
v -35.371212005615234 260 -1.890586256980896
v -35 266 0
v -35 260 0
v -35.405036926269531 266 1.9713778495788574
v -35.405036926269531 260 1.9713778495788574
v -36.499549865722656 266 3.5702733993530273
v -36.499549865722656 260 3.5702733993530273
v -38.109413146972656 266 4.6287884712219238
v -38.109413146972656 260 4.6287884712219238
v -40 266 5
v -40 260 5
v -41.971378326416016 266 4.5949611663818359
v -41.971378326416016 260 4.5949611663818359
v -43.570274353027344 266 3.5004496574401855
v -43.570274353027344 260 3.5004496574401855
v -44.628787994384766 266 1.890586256980896
v -44.628787994384766 260 1.890586256980896
v -45 266 0
v -45 260 0
v -31.819805145263672 266 31.819805145263672
v -31.819805145263672 260 31.819805145263672
v -32.927375793457031 266 30.139425277709961
v -32.927375793457031 260 30.139425277709961
v -33.284027099609375 266 28.234899520874023
v -33.284027099609375 260 28.234899520874023
v -32.8941650390625 266 26.34807014465332
v -32.8941650390625 260 26.34807014465332
v -31.819805145263672 266 24.748737335205078
v -31.819805145263672 260 24.748737335205078
v -30.139425277709961 266 23.641168594360352
v -30.139425277709961 260 23.641168594360352
v -28.234897613525391 266 23.284515380859375
v -28.234897613525391 260 23.284515380859375
v -26.34807014465332 266 23.67437744140625
v -26.34807014465332 260 23.67437744140625
v -24.748737335205078 266 24.748737335205078
v -24.748737335205078 260 24.748737335205078
v -23.641168594360352 266 26.429117202758789
v -23.641168594360352 260 26.429117202758789
v -23.284515380859375 266 28.333644866943359
v -23.284515380859375 260 28.333644866943359
v -23.67437744140625 266 30.22047233581543
v -23.67437744140625 260 30.22047233581543
v -24.748737335205078 266 31.819805145263672
v -24.748737335205078 260 31.819805145263672
v -26.429117202758789 266 32.927375793457031
v -26.429117202758789 260 32.927375793457031
v -28.333642959594727 266 33.284027099609375
v -28.333642959594727 260 33.284027099609375
v -30.22047233581543 266 32.8941650390625
v -30.22047233581543 260 32.8941650390625
v -31.819805145263672 266 31.819805145263672
v -31.819805145263672 260 31.819805145263672
v 0 266 45
v 0 260 45
v -1.9713778495788574 266 44.594963073730469
v -1.9713778495788574 260 44.594963073730469
v -3.5702733993530273 266 43.500450134277344
v -3.5702733993530273 260 43.500450134277344
v -4.6287884712219238 266 41.890586853027344
v -4.6287884712219238 260 41.890586853027344
v -5 266 40
v -5 260 40
v -4.5949611663818359 266 38.028621673583984
v -4.5949611663818359 260 38.028621673583984
v -3.5004496574401855 266 36.429725646972656
v -3.5004496574401855 260 36.429725646972656
v -1.890586256980896 266 35.371212005615234
v -1.890586256980896 260 35.371212005615234
v 0 266 35
v 0 260 35
v 1.9713778495788574 266 35.405036926269531
v 1.9713778495788574 260 35.405036926269531
v 3.5702733993530273 266 36.499549865722656
v 3.5702733993530273 260 36.499549865722656
v 4.6287884712219238 266 38.109413146972656
v 4.6287884712219238 260 38.109413146972656
v 5 266 40
v 5 260 40
v 4.5949611663818359 266 41.971378326416016
v 4.5949611663818359 260 41.971378326416016
v 3.5004496574401855 266 43.570274353027344
v 3.5004496574401855 260 43.570274353027344
v 1.890586256980896 266 44.628787994384766
v 1.890586256980896 260 44.628787994384766
v 0 266 45
v 0 260 45
v 31.819805145263672 266 31.819805145263672
v 31.819805145263672 260 31.819805145263672
v 30.139425277709961 266 32.927375793457031
v 30.139425277709961 260 32.927375793457031
v 28.234899520874023 266 33.284027099609375
v 28.234899520874023 260 33.284027099609375
v 26.34807014465332 266 32.8941650390625
v 26.34807014465332 260 32.8941650390625
v 24.748737335205078 266 31.819805145263672
v 24.748737335205078 260 31.819805145263672
v 23.641168594360352 266 30.139425277709961
v 23.641168594360352 260 30.139425277709961
v 23.284515380859375 266 28.234897613525391
v 23.284515380859375 260 28.234897613525391
v 23.67437744140625 266 26.34807014465332
v 23.67437744140625 260 26.34807014465332
v 24.748737335205078 266 24.748737335205078
v 24.748737335205078 260 24.748737335205078
v 26.429117202758789 266 23.641168594360352
v 26.429117202758789 260 23.641168594360352
v 28.333644866943359 266 23.284515380859375
v 28.333644866943359 260 23.284515380859375
v 30.22047233581543 266 23.67437744140625
v 30.22047233581543 260 23.67437744140625
v 31.819805145263672 266 24.748737335205078
v 31.819805145263672 260 24.748737335205078
v 32.927375793457031 266 26.429117202758789
v 32.927375793457031 260 26.429117202758789
v 33.284027099609375 266 28.333642959594727
v 33.284027099609375 260 28.333642959594727
v 32.8941650390625 266 30.22047233581543
v 32.8941650390625 260 30.22047233581543
v 31.819805145263672 266 31.819805145263672
v 31.819805145263672 260 31.819805145263672
v 60.104076385498047 266 -60.104076385498047
v 60.104076385498047 260 -60.104076385498047
v 61.211643218994141 266 -58.423698425292969
v 61.211643218994141 260 -58.423698425292969
v 61.56829833984375 266 -56.519168853759766
v 61.56829833984375 260 -56.519168853759766
v 61.178436279296875 266 -54.632343292236328
v 61.178436279296875 260 -54.632343292236328
v 60.104076385498047 266 -53.033008575439453
v 60.104076385498047 260 -53.033008575439453
v 58.423694610595703 266 -51.925441741943359
v 58.423694610595703 260 -51.925441741943359
v 56.519168853759766 266 -51.56878662109375
v 56.519168853759766 260 -51.56878662109375
v 54.632339477539062 266 -51.958648681640625
v 54.632339477539062 260 -51.958648681640625
v 53.033008575439453 266 -53.033008575439453
v 53.033008575439453 260 -53.033008575439453
v 51.925437927246094 266 -54.713390350341797
v 51.925437927246094 260 -54.713390350341797
v 51.56878662109375 266 -56.617916107177734
v 51.56878662109375 260 -56.617916107177734
v 51.958648681640625 266 -58.504745483398438
v 51.958648681640625 260 -58.504745483398438
v 53.033008575439453 266 -60.104076385498047
v 53.033008575439453 260 -60.104076385498047
v 54.713386535644531 266 -61.211647033691406
v 54.713386535644531 260 -61.211647033691406
v 56.617916107177734 266 -61.56829833984375
v 56.617916107177734 260 -61.56829833984375
v 58.504741668701172 266 -61.178436279296875
v 58.504741668701172 260 -61.178436279296875
v 60.104076385498047 266 -60.104076385498047
v 60.104076385498047 260 -60.104076385498047
v 0 266 -85
v 0 260 -85
v 1.9713778495788574 266 -84.594963073730469
v 1.9713778495788574 260 -84.594963073730469
v 3.5702733993530273 266 -83.500450134277344
v 3.5702733993530273 260 -83.500450134277344
v 4.6287884712219238 266 -81.890586853027344
v 4.6287884712219238 260 -81.890586853027344
v 5 266 -80
v 5 260 -80
v 4.5949611663818359 266 -78.02862548828125
v 4.5949611663818359 260 -78.02862548828125
v 3.5004496574401855 266 -76.429725646972656
v 3.5004496574401855 260 -76.429725646972656
v 1.890586256980896 266 -75.371208190917969
v 1.890586256980896 260 -75.371208190917969
v 0 266 -75
v 0 260 -75
v -1.9713778495788574 266 -75.405036926269531
v -1.9713778495788574 260 -75.405036926269531
v -3.5702733993530273 266 -76.499549865722656
v -3.5702733993530273 260 -76.499549865722656
v -4.6287884712219238 266 -78.109413146972656
v -4.6287884712219238 260 -78.109413146972656
v -5 266 -80
v -5 260 -80
v -4.5949611663818359 266 -81.97137451171875
v -4.5949611663818359 260 -81.97137451171875
v -3.5004496574401855 266 -83.570274353027344
v -3.5004496574401855 260 -83.570274353027344
v -1.890586256980896 266 -84.628791809082031
v -1.890586256980896 260 -84.628791809082031
v 0 266 -85
v 0 260 -85
v -60.104076385498047 266 -60.104076385498047
v -60.104076385498047 260 -60.104076385498047
v -58.423698425292969 266 -61.211643218994141
v -58.423698425292969 260 -61.211643218994141
v -56.519168853759766 266 -61.56829833984375
v -56.519168853759766 260 -61.56829833984375
v -54.632343292236328 266 -61.178436279296875
v -54.632343292236328 260 -61.178436279296875
v -53.033008575439453 266 -60.104076385498047
v -53.033008575439453 260 -60.104076385498047
v -51.925441741943359 266 -58.423694610595703
v -51.925441741943359 260 -58.423694610595703
v -51.56878662109375 266 -56.519168853759766
v -51.56878662109375 260 -56.519168853759766
v -51.958648681640625 266 -54.632339477539062
v -51.958648681640625 260 -54.632339477539062
v -53.033008575439453 266 -53.033008575439453
v -53.033008575439453 260 -53.033008575439453
v -54.713390350341797 266 -51.925437927246094
v -54.713390350341797 260 -51.925437927246094
v -56.617916107177734 266 -51.56878662109375
v -56.617916107177734 260 -51.56878662109375
v -58.504745483398438 266 -51.958648681640625
v -58.504745483398438 260 -51.958648681640625
v -60.104076385498047 266 -53.033008575439453
v -60.104076385498047 260 -53.033008575439453
v -61.211647033691406 266 -54.713386535644531
v -61.211647033691406 260 -54.713386535644531
v -61.56829833984375 266 -56.617916107177734
v -61.56829833984375 260 -56.617916107177734
v -61.178436279296875 266 -58.504741668701172
v -61.178436279296875 260 -58.504741668701172
v -60.104076385498047 266 -60.104076385498047
v -60.104076385498047 260 -60.104076385498047
v -60.104076385498047 266 60.104076385498047
v -60.104076385498047 260 60.104076385498047
v -61.211643218994141 266 58.423698425292969
v -61.211643218994141 260 58.423698425292969
v -61.56829833984375 266 56.519168853759766
v -61.56829833984375 260 56.519168853759766
v -61.178436279296875 266 54.632343292236328
v -61.178436279296875 260 54.632343292236328
v -60.104076385498047 266 53.033008575439453
v -60.104076385498047 260 53.033008575439453
v -58.423694610595703 266 51.925441741943359
v -58.423694610595703 260 51.925441741943359
v -56.519168853759766 266 51.56878662109375
v -56.519168853759766 260 51.56878662109375
v -54.632339477539062 266 51.958648681640625
v -54.632339477539062 260 51.958648681640625
v -53.033008575439453 266 53.033008575439453
v -53.033008575439453 260 53.033008575439453
v -51.925437927246094 266 54.713390350341797
v -51.925437927246094 260 54.713390350341797
v -51.56878662109375 266 56.617916107177734
v -51.56878662109375 260 56.617916107177734
v -51.958648681640625 266 58.504745483398438
v -51.958648681640625 260 58.504745483398438
v -53.033008575439453 266 60.104076385498047
v -53.033008575439453 260 60.104076385498047
v -54.713386535644531 266 61.211647033691406
v -54.713386535644531 260 61.211647033691406
v -56.617916107177734 266 61.56829833984375
v -56.617916107177734 260 61.56829833984375
v -58.504741668701172 266 61.178436279296875
v -58.504741668701172 260 61.178436279296875
v -60.104076385498047 266 60.104076385498047
v -60.104076385498047 260 60.104076385498047
v 0 266 85
v 0 260 85
v -1.9713778495788574 266 84.594963073730469
v -1.9713778495788574 260 84.594963073730469
v -3.5702733993530273 266 83.500450134277344
v -3.5702733993530273 260 83.500450134277344
v -4.6287884712219238 266 81.890586853027344
v -4.6287884712219238 260 81.890586853027344
v -5 266 80
v -5 260 80
v -4.5949611663818359 266 78.02862548828125
v -4.5949611663818359 260 78.02862548828125
v -3.5004496574401855 266 76.429725646972656
v -3.5004496574401855 260 76.429725646972656
v -1.890586256980896 266 75.371208190917969
v -1.890586256980896 260 75.371208190917969
v 0 266 75
v 0 260 75
v 1.9713778495788574 266 75.405036926269531
v 1.9713778495788574 260 75.405036926269531
v 3.5702733993530273 266 76.499549865722656
v 3.5702733993530273 260 76.499549865722656
v 4.6287884712219238 266 78.109413146972656
v 4.6287884712219238 260 78.109413146972656
v 5 266 80
v 5 260 80
v 4.5949611663818359 266 81.97137451171875
v 4.5949611663818359 260 81.97137451171875
v 3.5004496574401855 266 83.570274353027344
v 3.5004496574401855 260 83.570274353027344
v 1.890586256980896 266 84.628791809082031
v 1.890586256980896 260 84.628791809082031
v 0 266 85
v 0 260 85
v 60.104076385498047 266 60.104076385498047
v 60.104076385498047 260 60.104076385498047
v 58.423698425292969 266 61.211643218994141
v 58.423698425292969 260 61.211643218994141
v 56.519168853759766 266 61.56829833984375
v 56.519168853759766 260 61.56829833984375
v 54.632343292236328 266 61.178436279296875
v 54.632343292236328 260 61.178436279296875
v 53.033008575439453 266 60.104076385498047
v 53.033008575439453 260 60.104076385498047
v 51.925441741943359 266 58.423694610595703
v 51.925441741943359 260 58.423694610595703
v 51.56878662109375 266 56.519168853759766
v 51.56878662109375 260 56.519168853759766
v 51.958648681640625 266 54.632339477539062
v 51.958648681640625 260 54.632339477539062
v 53.033008575439453 266 53.033008575439453
v 53.033008575439453 260 53.033008575439453
v 54.713390350341797 266 51.925437927246094
v 54.713390350341797 260 51.925437927246094
v 56.617916107177734 266 51.56878662109375
v 56.617916107177734 260 51.56878662109375
v 58.504745483398438 266 51.958648681640625
v 58.504745483398438 260 51.958648681640625
v 60.104076385498047 266 53.033008575439453
v 60.104076385498047 260 53.033008575439453
v 61.211647033691406 266 54.713386535644531
v 61.211647033691406 260 54.713386535644531
v 61.56829833984375 266 56.617916107177734
v 61.56829833984375 260 56.617916107177734
v 61.178436279296875 266 58.504741668701172
v 61.178436279296875 260 58.504741668701172
v 60.104076385498047 266 60.104076385498047
v 60.104076385498047 260 60.104076385498047
v -75 260 0
v -75 266 0
v -75.405036926269531 260 -1.9713778495788574
v -75.405036926269531 266 -1.9713778495788574
v -76.499549865722656 260 -3.5702733993530273
v -76.499549865722656 266 -3.5702733993530273
v -78.109413146972656 260 -4.6287884712219238
v -78.109413146972656 266 -4.6287884712219238
v -80 260 -5
v -80 266 -5
v -81.97137451171875 260 -4.5949611663818359
v -81.97137451171875 266 -4.5949611663818359
v -83.570274353027344 260 -3.5004496574401855
v -83.570274353027344 266 -3.5004496574401855
v -84.628791809082031 260 -1.890586256980896
v -84.628791809082031 266 -1.890586256980896
v -85 260 0
v -85 266 0
v -84.594963073730469 260 1.9713778495788574
v -84.594963073730469 266 1.9713778495788574
v -83.500450134277344 260 3.5702733993530273
v -83.500450134277344 266 3.5702733993530273
v -81.890586853027344 260 4.6287884712219238
v -81.890586853027344 266 4.6287884712219238
v -80 260 5
v -80 266 5
v -78.02862548828125 260 4.5949611663818359
v -78.02862548828125 266 4.5949611663818359
v -76.429725646972656 260 3.5004496574401855
v -76.429725646972656 266 3.5004496574401855
v -75.371208190917969 260 1.890586256980896
v -75.371208190917969 266 1.890586256980896
v -75 260 0
v -75 266 0
vt 0.55965739488601685 0.48897796869277954
vt 0.54909819364547729 0.48897796869277954
vt 0.55965739488601685 0.97795593738555908
vt 0.54909819364547729 0.97795593738555908
vt 0.55965739488601685 0.52659165859222412
vt 0.55965739488601685 0.5642053484916687
vt 0.55965739488601685 0.60181903839111328
vt 0.55965739488601685 0.63943272829055786
vt 0.55965739488601685 0.67704641819000244
vt 0.55965739488601685 0.71466010808944702
vt 0.55965739488601685 0.7522737979888916
vt 0.55965739488601685 0.78988748788833618
vt 0.55965739488601685 0.82750117778778076
vt 0.55965739488601685 0.86511486768722534
vt 0.55965739488601685 0.90272855758666992
vt 0.55965739488601685 0.9403422474861145
vt 0.54909819364547729 0.9403422474861145
vt 0.54909819364547729 0.90272855758666992
vt 0.54909819364547729 0.86511486768722534
vt 0.54909819364547729 0.82750117778778076
vt 0.54909819364547729 0.78988748788833618
vt 0.54909819364547729 0.7522737979888916
vt 0.54909819364547729 0.71466010808944702
vt 0.54909819364547729 0.67704641819000244
vt 0.54909819364547729 0.63943272829055786
vt 0.54909819364547729 0.60181903839111328
vt 0.54909819364547729 0.5642053484916687
vt 0.54909819364547729 0.52659165859222412
vt 0.5716814398765564 0.48897796869277954
vt 0.56112223863601685 0.48897796869277954
vt 0.5716814398765564 0.74375653266906738
vt 0.56112223863601685 0.74375653266906738
vt 0.5716814398765564 0.99853515625
vt 0.56112223863601685 0.99853515625
vt 0.5716814398765564 0.5253748893737793
vt 0.5716814398765564 0.56177186965942383
vt 0.5716814398765564 0.59816879034042358
vt 0.5716814398765564 0.63456571102142334
vt 0.5716814398765564 0.67096269130706787
vt 0.5716814398765564 0.70735961198806763
vt 0.5716814398765564 0.78015351295471191
vt 0.5716814398765564 0.81655043363571167
vt 0.5716814398765564 0.8529474139213562
vt 0.5716814398765564 0.88934433460235596
vt 0.5716814398765564 0.92574125528335571
vt 0.5716814398765564 0.96213817596435547
vt 0.56112223863601685 0.96213817596435547
vt 0.56112223863601685 0.92574125528335571
vt 0.56112223863601685 0.88934433460235596
vt 0.56112223863601685 0.8529474139213562
vt 0.56112223863601685 0.81655043363571167
vt 0.56112223863601685 0.78015351295471191
vt 0.56112223863601685 0.70735961198806763
vt 0.56112223863601685 0.67096269130706787
vt 0.56112223863601685 0.63456571102142334
vt 0.56112223863601685 0.59816879034042358
vt 0.56112223863601685 0.56177186965942383
vt 0.56112223863601685 0.5253748893737793
vt 0.63180166482925415 0.48897796869277954
vt 0.6212424635887146 0.48897796869277954
vt 0.63180166482925415 0.97795593738555908
vt 0.6212424635887146 0.97795593738555908
vt 0.63180166482925415 0.52659165859222412
vt 0.63180166482925415 0.5642053484916687
vt 0.63180166482925415 0.60181903839111328
vt 0.63180166482925415 0.63943272829055786
vt 0.63180166482925415 0.67704641819000244
vt 0.63180166482925415 0.71466010808944702
vt 0.63180166482925415 0.7522737979888916
vt 0.63180166482925415 0.78988748788833618
vt 0.63180166482925415 0.82750117778778076
vt 0.63180166482925415 0.86511486768722534
vt 0.63180166482925415 0.90272855758666992
vt 0.63180166482925415 0.9403422474861145
vt 0.6212424635887146 0.9403422474861145
vt 0.6212424635887146 0.90272855758666992
vt 0.6212424635887146 0.86511486768722534
vt 0.6212424635887146 0.82750117778778076
vt 0.6212424635887146 0.78988748788833618
vt 0.6212424635887146 0.7522737979888916
vt 0.6212424635887146 0.71466010808944702
vt 0.6212424635887146 0.67704641819000244
vt 0.6212424635887146 0.63943272829055786
vt 0.6212424635887146 0.60181903839111328
vt 0.6212424635887146 0.5642053484916687
vt 0.6212424635887146 0.52659165859222412
vt 0.70678502321243286 0
vt 0.69622582197189331 0
vt 0.70678502321243286 0.25551101565361023
vt 0.69622582197189331 0.25551101565361023
vt 0.70678502321243286 0.51102203130722046
vt 0.69622582197189331 0.51102203130722046
vt 0.70678502321243286 0.036501575261354446
vt 0.70678502321243286 0.073003150522708893
vt 0.70678502321243286 0.10950472205877304
vt 0.70678502321243286 0.14600630104541779
vt 0.70678502321243286 0.18250787258148193
vt 0.70678502321243286 0.21900944411754608
vt 0.70678502321243286 0.29201260209083557
vt 0.70678502321243286 0.32851415872573853
vt 0.70678502321243286 0.36501574516296387
vt 0.70678502321243286 0.40151730179786682
vt 0.70678502321243286 0.43801888823509216
vt 0.70678502321243286 0.47452044486999512
vt 0.69622582197189331 0.47452044486999512
vt 0.69622582197189331 0.43801888823509216
vt 0.69622582197189331 0.40151730179786682
vt 0.69622582197189331 0.36501574516296387
vt 0.69622582197189331 0.32851415872573853
vt 0.69622582197189331 0.29201260209083557
vt 0.69622582197189331 0.21900944411754608
vt 0.69622582197189331 0.18250787258148193
vt 0.69622582197189331 0.14600630104541779
vt 0.69622582197189331 0.10950472205877304
vt 0.69622582197189331 0.073003150522708893
vt 0.69622582197189331 0.036501575261354446
vt 0 0.48897796869277954
vt 0 0.74375653266906738
vt 0 0.99853515625
vt 0.048751313239336014 0.53993368148803711
vt 0.048751313239336014 0.59088939428329468
vt 0.048751313239336014 0.64184510707855225
vt 0.048751313239336014 0.69280081987380981
vt 0.048751313239336014 0.74375653266906738
vt 0.048751313239336014 0.79471230506896973
vt 0.048751313239336014 0.84566801786422729
vt 0.048751313239336014 0.89662373065948486
vt 0.048751313239336014 0.94757944345474243
vt 0.097502626478672028 0.53993368148803711
vt 0.097502626478672028 0.59088939428329468
vt 0.097502626478672028 0.64184510707855225
vt 0.097502626478672028 0.69280081987380981
vt 0.097502626478672028 0.74375653266906738
vt 0.097502626478672028 0.79471230506896973
vt 0.097502626478672028 0.84566801786422729
vt 0.097502626478672028 0.89662373065948486
vt 0.097502626478672028 0.94757944345474243
vt 0.14625394344329834 0.53993368148803711
vt 0.14625394344329834 0.59088939428329468
vt 0.14625394344329834 0.64184510707855225
vt 0.14625394344329834 0.69280081987380981
vt 0.14625394344329834 0.74375653266906738
vt 0.14625394344329834 0.79471230506896973
vt 0.14625394344329834 0.84566801786422729
vt 0.14625394344329834 0.89662373065948486
vt 0.14625394344329834 0.94757944345474243
vt 0.19500525295734406 0.53993368148803711
vt 0.19500525295734406 0.59088939428329468
vt 0.19500525295734406 0.64184510707855225
vt 0.19500525295734406 0.69280081987380981
vt 0.19500525295734406 0.74375653266906738
vt 0.19500525295734406 0.84566801786422729
vt 0.19500525295734406 0.89662373065948486
vt 0.19500525295734406 0.94757944345474243
vt 0.24375656247138977 0.53993368148803711
vt 0.24375656247138977 0.59088939428329468
vt 0.24375656247138977 0.69280081987380981
vt 0.24375656247138977 0.79471230506896973
vt 0.24375656247138977 0.84566801786422729
vt 0.24375656247138977 0.94757944345474243
vt 0.29250788688659668 0.53993368148803711
vt 0.29250788688659668 0.59088939428329468
vt 0.29250788688659668 0.64184510707855225
vt 0.29250788688659668 0.69280081987380981
vt 0.29250788688659668 0.74375653266906738
vt 0.29250788688659668 0.84566801786422729
vt 0.29250788688659668 0.89662373065948486
vt 0.29250788688659668 0.94757944345474243
vt 0.3412591814994812 0.53993368148803711
vt 0.3412591814994812 0.59088939428329468
vt 0.3412591814994812 0.64184510707855225
vt 0.3412591814994812 0.69280081987380981
vt 0.3412591814994812 0.74375653266906738
vt 0.3412591814994812 0.79471230506896973
vt 0.3412591814994812 0.84566801786422729
vt 0.3412591814994812 0.89662373065948486
vt 0.3412591814994812 0.94757944345474243
vt 0.39001050591468811 0.53993368148803711
vt 0.39001050591468811 0.59088939428329468
vt 0.39001050591468811 0.64184510707855225
vt 0.39001050591468811 0.69280081987380981
vt 0.39001050591468811 0.74375653266906738
vt 0.39001050591468811 0.79471230506896973
vt 0.39001050591468811 0.84566801786422729
vt 0.39001050591468811 0.89662373065948486
vt 0.39001050591468811 0.94757944345474243
vt 0.43876180052757263 0.53993368148803711
vt 0.43876180052757263 0.59088939428329468
vt 0.43876180052757263 0.64184510707855225
vt 0.43876180052757263 0.69280081987380981
vt 0.43876180052757263 0.74375653266906738
vt 0.43876180052757263 0.79471230506896973
vt 0.43876180052757263 0.84566801786422729
vt 0.43876180052757263 0.89662373065948486
vt 0.43876180052757263 0.94757944345474243
vt 0.48751312494277954 0.48897796869277954
vt 0.48751312494277954 0.74375653266906738
vt 0.48751312494277954 0.99853515625
vt 0.037501011043787003 0.48897796869277954
vt 0.075002022087574005 0.48897796869277954
vt 0.11250302940607071 0.48897796869277954
vt 0.15000404417514801 0.48897796869277954
vt 0.18750505149364471 0.48897796869277954
vt 0.22500605881214142 0.48897796869277954
vt 0.26250708103179932 0.48897796869277954
vt 0.30000808835029602 0.48897796869277954
vt 0.33750909566879272 0.48897796869277954
vt 0.37501010298728943 0.48897796869277954
vt 0.41251111030578613 0.48897796869277954
vt 0.45001211762428284 0.48897796869277954
vt 0.48751312494277954 0.5253748893737793
vt 0.48751312494277954 0.56177186965942383
vt 0.48751312494277954 0.59816879034042358
vt 0.48751312494277954 0.63456571102142334
vt 0.48751312494277954 0.67096269130706787
vt 0.48751312494277954 0.70735961198806763
vt 0.48751312494277954 0.78015351295471191
vt 0.48751312494277954 0.81655043363571167
vt 0.48751312494277954 0.8529474139213562
vt 0.48751312494277954 0.88934433460235596
vt 0.48751312494277954 0.92574125528335571
vt 0.48751312494277954 0.96213817596435547
vt 0.45001211762428284 0.99853515625
vt 0.41251111030578613 0.99853515625
vt 0.37501010298728943 0.99853515625
vt 0.33750909566879272 0.99853515625
vt 0.30000808835029602 0.99853515625
vt 0.26250708103179932 0.99853515625
vt 0.22500605881214142 0.99853515625
vt 0.18750505149364471 0.99853515625
vt 0.15000404417514801 0.99853515625
vt 0.11250302940607071 0.99853515625
vt 0.075002022087574005 0.99853515625
vt 0.037501011043787003 0.99853515625
vt 0 0.96213817596435547
vt 0 0.92574125528335571
vt 0 0.88934433460235596
vt 0 0.8529474139213562
vt 0 0.81655043363571167
vt 0 0.78015351295471191
vt 0 0.70735961198806763
vt 0 0.67096269130706787
vt 0 0.63456571102142334
vt 0 0.59816879034042358
vt 0 0.56177186965942383
vt 0 0.5253748893737793
vt 0.24375656247138977 0.90261852741241455
vt 0.24769537150859833 0.90180915594100952
vt 0.25088998675346375 0.89962202310562134
vt 0.25300487875938416 0.89640510082244873
vt 0.25374656915664673 0.89262717962265015
vt 0.25293728709220886 0.8886878490447998
vt 0.25075048208236694 0.88549286127090454
vt 0.24753396213054657 0.88337767124176025
vt 0.24375656247138977 0.88263589143753052
vt 0.23981773853302002 0.88344520330429077
vt 0.2366231381893158 0.88563239574432373
vt 0.2345082014799118 0.88884925842285156
vt 0.23376652598381042 0.89262717962265015
vt 0.2345757931470871 0.89656651020050049
vt 0.2367626428604126 0.89976155757904053
vt 0.23997916281223297 0.90187674760818481
vt 0.24375656247138977 0.92210161685943604
vt 0.21938090026378632 0.94757944345474243
vt 0.19500525295734406 0.92210161685943604
vt 0.21938090026378632 0.89662373065948486
vt 0.21938090026378632 0.92210161685943604
vt 0.24375656247138977 0.90936261415481567
vt 0.23156872391700745 0.92210161685943604
vt 0.21938090026378632 0.90936261415481567
vt 0.23156872391700745 0.89662373065948486
vt 0.23156872391700745 0.90936261415481567
vt 0.24375656247138977 0.87114584445953369
vt 0.19500525295734406 0.87114584445953369
vt 0.21938090026378632 0.84566801786422729
vt 0.21938090026378632 0.87114584445953369
vt 0.29250788688659668 0.92210161685943604
vt 0.26813220977783203 0.94757944345474243
vt 0.26813220977783203 0.89662373065948486
vt 0.26813220977783203 0.92210161685943604
vt 0.23766264319419861 0.90936261415481567
vt 0.23156872391700745 0.90299320220947266
vt 0.23766264319419861 0.90299320220947266
vt 0.21938090026378632 0.88388478755950928
vt 0.23156872391700745 0.87114584445953369
vt 0.23156872391700745 0.88388478755950928
vt 0.29250788688659668 0.87114584445953369
vt 0.26813220977783203 0.84566801786422729
vt 0.26813220977783203 0.87114584445953369
vt 0.26813220977783203 0.90936261415481567
vt 0.25594437122344971 0.92210161685943604
vt 0.25594437122344971 0.89662373065948486
vt 0.25594437122344971 0.90936261415481567
vt 0.25594437122344971 0.90299320220947266
vt 0.24985046684741974 0.90936261415481567
vt 0.24985046684741974 0.90299320220947266
vt 0.26813220977783203 0.88388478755950928
vt 0.25594437122344971 0.87114584445953369
vt 0.25594437122344971 0.88388478755950928
vt 0.25594437122344971 0.89025425910949707
vt 0.24985046684741974 0.88388478755950928
vt 0.25594437122344971 0.87751531600952148
vt 0.24375656247138977 0.87751531600952148
vt 0.24985046684741974 0.87114584445953369
vt 0.24985046684741974 0.87751531600952148
vt 0.26813220977783203 0.85840696096420288
vt 0.24375656247138977 0.85840696096420288
vt 0.25594437122344971 0.84566801786422729
vt 0.25594437122344971 0.85840696096420288
vt 0.29250788688659668 0.82019013166427612
vt 0.26813220977783203 0.79471230506896973
vt 0.26813220977783203 0.82019013166427612
vt 0.23766264319419861 0.88388478755950928
vt 0.23156872391700745 0.87751531600952148
vt 0.23766264319419861 0.87114584445953369
vt 0.23766264319419861 0.87751531600952148
vt 0.21938090026378632 0.85840696096420288
vt 0.23156872391700745 0.84566801786422729
vt 0.23156872391700745 0.85840696096420288
vt 0.19500525295734406 0.82019013166427612
vt 0.21938090026378632 0.79471230506896973
vt 0.21938090026378632 0.82019013166427612
vt 0.23156872391700745 0.89025425910949707
vt 0.24375656247138977 0.82268798351287842
vt 0.24769537150859833 0.82187861204147339
vt 0.25088998675346375 0.81969147920608521
vt 0.25300487875938416 0.8164745569229126
vt 0.25374656915664673 0.81269663572311401
vt 0.25293728709220886 0.80875730514526367
vt 0.25075048208236694 0.80556231737136841
vt 0.24753396213054657 0.80344712734222412
vt 0.24375656247138977 0.80270534753799438
vt 0.23981773853302002 0.80351471900939941
vt 0.2366231381893158 0.8057018518447876
vt 0.2345082014799118 0.80891877412796021
vt 0.23376652598381042 0.81269663572311401
vt 0.2345757931470871 0.81663596630096436
vt 0.2367626428604126 0.81983101367950439
vt 0.23997916281223297 0.82194620370864868
vt 0.24375656247138977 0.83292907476425171
vt 0.21938090026378632 0.83292907476425171
vt 0.23156872391700745 0.82019013166427612
vt 0.23156872391700745 0.83292907476425171
vt 0.24375656247138977 0.82655960321426392
vt 0.23766264319419861 0.83292907476425171
vt 0.23156872391700745 0.82655960321426392
vt 0.23766264319419861 0.82655960321426392
vt 0.21938090026378632 0.80745118856430054
vt 0.23156872391700745 0.79471230506896973
vt 0.23156872391700745 0.80745118856430054
vt 0.24375656247138977 0.76923441886901855
vt 0.19500525295734406 0.76923441886901855
vt 0.21938090026378632 0.74375653266906738
vt 0.21938090026378632 0.76923441886901855
vt 0.26813220977783203 0.83292907476425171
vt 0.25594437122344971 0.82019013166427612
vt 0.25594437122344971 0.83292907476425171
vt 0.25594437122344971 0.82655960321426392
vt 0.24985046684741974 0.83292907476425171
vt 0.24985046684741974 0.82655960321426392
vt 0.26813220977783203 0.80745118856430054
vt 0.25594437122344971 0.79471230506896973
vt 0.25594437122344971 0.80745118856430054
vt 0.29250788688659668 0.76923441886901855
vt 0.26813220977783203 0.74375653266906738
vt 0.26813220977783203 0.76923441886901855
vt 0.25594437122344971 0.81382066011428833
vt 0.25594437122344971 0.80108177661895752
vt 0.24375656247138977 0.80108177661895752
vt 0.24985046684741974 0.79471230506896973
vt 0.24985046684741974 0.80108177661895752
vt 0.26813220977783203 0.78197336196899414
vt 0.24375656247138977 0.78197336196899414
vt 0.25594437122344971 0.76923441886901855
vt 0.25594437122344971 0.78197336196899414
vt 0.23156872391700745 0.80108177661895752
vt 0.23766264319419861 0.79471230506896973
vt 0.23766264319419861 0.80108177661895752
vt 0.21938090026378632 0.78197336196899414
vt 0.23156872391700745 0.76923441886901855
vt 0.23156872391700745 0.78197336196899414
vt 0.23156872391700745 0.81382066011428833
vt 0.24375656247138977 0.74275743961334229
vt 0.24769537150859833 0.74194806814193726
vt 0.25088998675346375 0.73976093530654907
vt 0.25300487875938416 0.73654401302337646
vt 0.25374656915664673 0.73276609182357788
vt 0.25293728709220886 0.72882676124572754
vt 0.25075048208236694 0.72563177347183228
vt 0.24753396213054657 0.72351658344268799
vt 0.24375656247138977 0.72277480363845825
vt 0.23981773853302002 0.72358417510986328
vt 0.2366231381893158 0.72577130794525146
vt 0.2345082014799118 0.72898823022842407
vt 0.23376652598381042 0.73276609182357788
vt 0.2345757931470871 0.73670542240142822
vt 0.2367626428604126 0.73990046977996826
vt 0.23997916281223297 0.74201565980911255
vt 0.24375656247138977 0.71827870607376099
vt 0.19500525295734406 0.71827870607376099
vt 0.21938090026378632 0.69280081987380981
vt 0.21938090026378632 0.71827870607376099
vt 0.23156872391700745 0.74375653266906738
vt 0.21938090026378632 0.73101764917373657
vt 0.23156872391700745 0.71827870607376099
vt 0.23156872391700745 0.73101764917373657
vt 0.29250788688659668 0.71827870607376099
vt 0.26813220977783203 0.69280081987380981
vt 0.26813220977783203 0.71827870607376099
vt 0.23156872391700745 0.73738712072372437
vt 0.26813220977783203 0.73101764917373657
vt 0.25594437122344971 0.74375653266906738
vt 0.25594437122344971 0.71827870607376099
vt 0.25594437122344971 0.73101764917373657
vt 0.24375656247138977 0.75649547576904297
vt 0.21938090026378632 0.75649547576904297
vt 0.23156872391700745 0.75649547576904297
vt 0.25594437122344971 0.73738712072372437
vt 0.26813220977783203 0.75649547576904297
vt 0.25594437122344971 0.75649547576904297
vt 0.25594437122344971 0.72464817762374878
vt 0.24985046684741974 0.71827870607376099
vt 0.26813220977783203 0.7055397629737854
vt 0.24375656247138977 0.7055397629737854
vt 0.25594437122344971 0.69280081987380981
vt 0.25594437122344971 0.7055397629737854
vt 0.29250788688659668 0.66732299327850342
vt 0.24375656247138977 0.66732299327850342
vt 0.26813220977783203 0.64184510707855225
vt 0.26813220977783203 0.66732299327850342
vt 0.23156872391700745 0.72464817762374878
vt 0.23766264319419861 0.71827870607376099
vt 0.21938090026378632 0.7055397629737854
vt 0.23156872391700745 0.69280081987380981
vt 0.23156872391700745 0.7055397629737854
vt 0.19500525295734406 0.66732299327850342
vt 0.21938090026378632 0.64184510707855225
vt 0.21938090026378632 0.66732299327850342
vt 0.18018044531345367 0.79635047912597656
vt 0.18353785574436188 0.79856365919113159
vt 0.18734310567378998 0.79927635192871094
vt 0.19111299514770508 0.79849731922149658
vt 0.19430845975875854 0.79635047912597656
vt 0.19652140140533447 0.79299265146255493
vt 0.19723398983478546 0.78918689489364624
vt 0.19645504653453827 0.78541648387908936
vt 0.19430845975875854 0.78222060203552246
vt 0.19095104932785034 0.78000742197036743
vt 0.18714579939842224 0.77929472923278809
vt 0.18337590992450714 0.78007376194000244
vt 0.18018044531345367 0.78222060203552246
vt 0.17796751856803894 0.78557842969894409
vt 0.17725491523742676 0.78938418626785278
vt 0.17803387343883514 0.79315459728240967
vt 0.1706295907497406 0.84566801786422729
vt 0.14625394344329834 0.82019013166427612
vt 0.1706295907497406 0.79471230506896973
vt 0.1706295907497406 0.82019013166427612
vt 0.19500525295734406 0.80745118856430054
vt 0.18281741440296173 0.82019013166427612
vt 0.1706295907497406 0.80745118856430054
vt 0.18281741440296173 0.80745118856430054
vt 0.14625394344329834 0.76923441886901855
vt 0.1706295907497406 0.74375653266906738
vt 0.1706295907497406 0.76923441886901855
vt 0.18281741440296173 0.80108177661895752
vt 0.17672351002693176 0.80745118856430054
vt 0.1706295907497406 0.80108177661895752
vt 0.17672351002693176 0.80108177661895752
vt 0.15844175219535828 0.82019013166427612
vt 0.14625394344329834 0.80745118856430054
vt 0.15844175219535828 0.79471230506896973
vt 0.15844175219535828 0.80745118856430054
vt 0.097502626478672028 0.82019013166427612
vt 0.12187828123569489 0.79471230506896973
vt 0.12187828123569489 0.82019013166427612
vt 0.1706295907497406 0.78197336196899414
vt 0.18281741440296173 0.76923441886901855
vt 0.19500525295734406 0.80108177661895752
vt 0.1889113187789917 0.80745118856430054
vt 0.1889113187789917 0.80108177661895752
vt 0.20719307661056519 0.82019013166427612
vt 0.20719307661056519 0.79471230506896973
vt 0.20719307661056519 0.80745118856430054
vt 0.20719307661056519 0.76923441886901855
vt 0.20719307661056519 0.78197336196899414
vt 0.20719307661056519 0.78834277391433716
vt 0.20109915733337402 0.79471230506896973
vt 0.20109915733337402 0.78197336196899414
vt 0.20109915733337402 0.78834277391433716
vt 0.19500525295734406 0.77560389041900635
vt 0.18281741440296173 0.77560389041900635
vt 0.1889113187789917 0.76923441886901855
vt 0.1889113187789917 0.77560389041900635
vt 0.19500525295734406 0.75649547576904297
vt 0.1706295907497406 0.75649547576904297
vt 0.18281741440296173 0.74375653266906738
vt 0.18281741440296173 0.75649547576904297
vt 0.14625394344329834 0.71827870607376099
vt 0.1706295907497406 0.69280081987380981
vt 0.1706295907497406 0.71827870607376099
vt 0.1706295907497406 0.78834277391433716
vt 0.14625394344329834 0.78197336196899414
vt 0.15844175219535828 0.76923441886901855
vt 0.15844175219535828 0.78197336196899414
vt 0.097502626478672028 0.76923441886901855
vt 0.12187828123569489 0.74375653266906738
vt 0.12187828123569489 0.76923441886901855
vt 0.15384635329246521 0.73276609182357788
vt 0.15465562045574188 0.73670542240142822
vt 0.15684245526790619 0.73990046977996826
vt 0.16005896031856537 0.74201565980911255
vt 0.16383635997772217 0.74275743961334229
vt 0.16777519881725311 0.74194806814193726
vt 0.17096979916095734 0.73976093530654907
vt 0.17308472096920013 0.73654401302337646
vt 0.17382639646530151 0.73276609182357788
vt 0.17301712930202484 0.72882676124572754
vt 0.17083029448986053 0.72563177347183228
vt 0.16761377453804016 0.72351658344268799
vt 0.16383635997772217 0.72277480363845825
vt 0.15989755094051361 0.72358417510986328
vt 0.15670295059680939 0.72577130794525146
vt 0.15458802878856659 0.72898823022842407
vt 0.15844175219535828 0.74375653266906738
vt 0.14625394344329834 0.73101764917373657
vt 0.15844175219535828 0.71827870607376099
vt 0.097502626478672028 0.71827870607376099
vt 0.12187828123569489 0.69280081987380981
vt 0.12187828123569489 0.71827870607376099
vt 0.15234784781932831 0.74375653266906738
vt 0.14625394344329834 0.73738712072372437
vt 0.15234784781932831 0.73101764917373657
vt 0.15234784781932831 0.73738712072372437
vt 0.14625394344329834 0.75649547576904297
vt 0.15844175219535828 0.75649547576904297
vt 0.13406610488891602 0.74375653266906738
vt 0.12187828123569489 0.73101764917373657
vt 0.13406610488891602 0.71827870607376099
vt 0.13406610488891602 0.73101764917373657
vt 0.16453567147254944 0.74375653266906738
vt 0.19500525295734406 0.73101764917373657
vt 0.18281741440296173 0.71827870607376099
vt 0.18281741440296173 0.73101764917373657
vt 0.18281741440296173 0.73738712072372437
vt 0.17672351002693176 0.74375653266906738
vt 0.17672351002693176 0.73101764917373657
vt 0.17672351002693176 0.73738712072372437
vt 0.18281741440296173 0.72464817762374878
vt 0.17672351002693176 0.71827870607376099
vt 0.17672351002693176 0.72464817762374878
vt 0.19500525295734406 0.7055397629737854
vt 0.1706295907497406 0.7055397629737854
vt 0.18281741440296173 0.69280081987380981
vt 0.18281741440296173 0.7055397629737854
vt 0.14625394344329834 0.66732299327850342
vt 0.1706295907497406 0.64184510707855225
vt 0.1706295907497406 0.66732299327850342
vt 0.16453567147254944 0.71827870607376099
vt 0.14625394344329834 0.7055397629737854
vt 0.15844175219535828 0.69280081987380981
vt 0.15844175219535828 0.7055397629737854
vt 0.14625394344329834 0.72464817762374878
vt 0.15234784781932831 0.71827870607376099
vt 0.15234784781932831 0.72464817762374878
vt 0.18018044531345367 0.66918176412582397
vt 0.17796751856803894 0.67253959178924561
vt 0.17725491523742676 0.6763453483581543
vt 0.17803387343883514 0.68011569976806641
vt 0.18018044531345367 0.6833115816116333
vt 0.18353785574436188 0.68552482128143311
vt 0.18734310567378998 0.68623751401901245
vt 0.19111299514770508 0.6854584813117981
vt 0.19430845975875854 0.6833115816116333
vt 0.19652140140533447 0.67995375394821167
vt 0.19723398983478546 0.67614799737930298
vt 0.19645504653453827 0.67237764596939087
vt 0.19430845975875854 0.66918176412582397
vt 0.19095104932785034 0.66696852445602417
vt 0.18714579939842224 0.66625583171844482
vt 0.18337590992450714 0.66703492403030396
vt 0.1706295907497406 0.68006187677383423
vt 0.1706295907497406 0.67369246482849121
vt 0.17672351002693176 0.66732299327850342
vt 0.14625394344329834 0.68006187677383423
vt 0.15844175219535828 0.66732299327850342
vt 0.15844175219535828 0.68006187677383423
vt 0.097502626478672028 0.66732299327850342
vt 0.12187828123569489 0.64184510707855225
vt 0.12187828123569489 0.66732299327850342
vt 0.19500525295734406 0.65458405017852783
vt 0.1706295907497406 0.65458405017852783
vt 0.18281741440296173 0.64184510707855225
vt 0.18281741440296173 0.65458405017852783
vt 0.19500525295734406 0.61636728048324585
vt 0.14625394344329834 0.61636728048324585
vt 0.1706295907497406 0.59088939428329468
vt 0.1706295907497406 0.61636728048324585
vt 0.17672351002693176 0.69280081987380981
vt 0.1706295907497406 0.68643134832382202
vt 0.17672351002693176 0.68643134832382202
vt 0.1889113187789917 0.69280081987380981
vt 0.21938090026378632 0.68006187677383423
vt 0.20719307661056519 0.69280081987380981
vt 0.20719307661056519 0.66732299327850342
vt 0.20719307661056519 0.68006187677383423
vt 0.20719307661056519 0.67369246482849121
vt 0.20109915733337402 0.68006187677383423
vt 0.20109915733337402 0.66732299327850342
vt 0.20109915733337402 0.67369246482849121
vt 0.21938090026378632 0.65458405017852783
vt 0.20719307661056519 0.64184510707855225
vt 0.20719307661056519 0.65458405017852783
vt 0.24375656247138977 0.61636728048324585
vt 0.21938090026378632 0.59088939428329468
vt 0.21938090026378632 0.61636728048324585
vt 0.19500525295734406 0.66095352172851562
vt 0.18281741440296173 0.66095352172851562
vt 0.1889113187789917 0.65458405017852783
vt 0.1889113187789917 0.66095352172851562
vt 0.24375656247138977 0.64284425973892212
vt 0.23981773853302002 0.64365363121032715
vt 0.2366231381893158 0.64584076404571533
vt 0.2345082014799118 0.64905768632888794
vt 0.23376652598381042 0.65283554792404175
vt 0.2345757931470871 0.65677487850189209
vt 0.2367626428604126 0.65996992588043213
vt 0.23997916281223297 0.66208511590957642
vt 0.24375656247138977 0.66282689571380615
vt 0.24769537150859833 0.66201752424240112
vt 0.25088998675346375 0.65983039140701294
vt 0.25300487875938416 0.65661346912384033
vt 0.25374656915664673 0.65283554792404175
vt 0.25293728709220886 0.64889621734619141
vt 0.25075048208236694 0.64570122957229614
vt 0.24753396213054657 0.64358603954315186
vt 0.26813220977783203 0.65458405017852783
vt 0.25594437122344971 0.66732299327850342
vt 0.25594437122344971 0.64184510707855225
vt 0.25594437122344971 0.65458405017852783
vt 0.29250788688659668 0.61636728048324585
vt 0.26813220977783203 0.59088939428329468
vt 0.26813220977783203 0.61636728048324585
vt 0.25594437122344971 0.64821457862854004
vt 0.23156872391700745 0.66732299327850342
vt 0.23156872391700745 0.64184510707855225
vt 0.23156872391700745 0.65458405017852783
vt 0.26813220977783203 0.62910616397857666
vt 0.24375656247138977 0.62910616397857666
vt 0.25594437122344971 0.61636728048324585
vt 0.25594437122344971 0.62910616397857666
vt 0.23156872391700745 0.64821457862854004
vt 0.21938090026378632 0.62910616397857666
vt 0.23156872391700745 0.61636728048324585
vt 0.23156872391700745 0.62910616397857666
vt 0.23766264319419861 0.66732299327850342
vt 0.23156872391700745 0.66095352172851562
vt 0.24375656247138977 0.68006187677383423
vt 0.23156872391700745 0.68006187677383423
vt 0.25594437122344971 0.66095352172851562
vt 0.24985046684741974 0.66732299327850342
vt 0.26813220977783203 0.68006187677383423
vt 0.25594437122344971 0.68006187677383423
vt 0.30733269453048706 0.66918176412582397
vt 0.30397525429725647 0.66696852445602417
vt 0.30017003417015076 0.66625583171844482
vt 0.29640012979507446 0.66703492403030396
vt 0.29320463538169861 0.66918176412582397
vt 0.29099172353744507 0.67253959178924561
vt 0.29027912020683289 0.6763453483581543
vt 0.29105806350708008 0.68011569976806641
vt 0.29320463538169861 0.6833115816116333
vt 0.29656204581260681 0.68552482128143311
vt 0.30036729574203491 0.68623751401901245
vt 0.30413720011711121 0.6854584813117981
vt 0.30733269453048706 0.6833115816116333
vt 0.3095456063747406 0.67995375394821167
vt 0.3102581799030304 0.67614799737930298
vt 0.30947926640510559 0.67237764596939087
vt 0.3412591814994812 0.66732299327850342
vt 0.31688350439071655 0.69280081987380981
vt 0.31688350439071655 0.64184510707855225
vt 0.31688350439071655 0.66732299327850342
vt 0.31688350439071655 0.68006187677383423
vt 0.30469569563865662 0.69280081987380981
vt 0.3412591814994812 0.71827870607376099
vt 0.31688350439071655 0.74375653266906738
vt 0.31688350439071655 0.71827870607376099
vt 0.31688350439071655 0.67369246482849121
vt 0.31078961491584778 0.66732299327850342
vt 0.31688350439071655 0.65458405017852783
vt 0.29250788688659668 0.65458405017852783
vt 0.30469569563865662 0.64184510707855225
vt 0.30469569563865662 0.65458405017852783
vt 0.3412591814994812 0.61636728048324585
vt 0.31688350439071655 0.59088939428329468
vt 0.31688350439071655 0.61636728048324585
vt 0.3412591814994812 0.68006187677383423
vt 0.32907134294509888 0.69280081987380981
vt 0.32907134294509888 0.66732299327850342
vt 0.32907134294509888 0.68006187677383423
vt 0.39001050591468811 0.66732299327850342
vt 0.36563482880592346 0.69280081987380981
vt 0.36563482880592346 0.64184510707855225
vt 0.36563482880592346 0.66732299327850342
vt 0.30469569563865662 0.66095352172851562
vt 0.29250788688659668 0.66095352172851562
vt 0.29860177636146545 0.65458405017852783
vt 0.29860177636146545 0.66095352172851562
vt 0.28032004833221436 0.66732299327850342
vt 0.28032004833221436 0.64184510707855225
vt 0.28032004833221436 0.65458405017852783
vt 0.28032004833221436 0.69280081987380981
vt 0.28032004833221436 0.68006187677383423
vt 0.28641393780708313 0.68006187677383423
vt 0.28032004833221436 0.67369246482849121
vt 0.28641393780708313 0.66732299327850342
vt 0.28641393780708313 0.67369246482849121
vt 0.29250788688659668 0.68643134832382202
vt 0.28641393780708313 0.69280081987380981
vt 0.28032004833221436 0.68643134832382202
vt 0.28641393780708313 0.68643134832382202
vt 0.29250788688659668 0.7055397629737854
vt 0.28032004833221436 0.71827870607376099
vt 0.28032004833221436 0.7055397629737854
vt 0.29860177636146545 0.69280081987380981
vt 0.31688350439071655 0.7055397629737854
vt 0.30469569563865662 0.71827870607376099
vt 0.30469569563865662 0.7055397629737854
vt 0.31688350439071655 0.68643134832382202
vt 0.31078961491584778 0.69280081987380981
vt 0.31078961491584778 0.68643134832382202
vt 0.33366677165031433 0.73276609182357788
vt 0.33285748958587646 0.72882676124572754
vt 0.33067065477371216 0.72563177347183228
vt 0.32745411992073059 0.72351658344268799
vt 0.32367673516273499 0.72277480363845825
vt 0.31973791122436523 0.72358417510986328
vt 0.3165433406829834 0.72577130794525146
vt 0.31442838907241821 0.72898823022842407
vt 0.31368672847747803 0.73276609182357788
vt 0.31449598073959351 0.73670542240142822
vt 0.3166828453540802 0.73990046977996826
vt 0.31989932060241699 0.74201565980911255
vt 0.32367673516273499 0.74275743961334229
vt 0.32761555910110474 0.74194806814193726
vt 0.33081015944480896 0.73976093530654907
vt 0.33292508125305176 0.73654401302337646
vt 0.3412591814994812 0.73101764917373657
vt 0.32907134294509888 0.74375653266906738
vt 0.32907134294509888 0.71827870607376099
vt 0.39001050591468811 0.71827870607376099
vt 0.36563482880592346 0.74375653266906738
vt 0.36563482880592346 0.71827870607376099
vt 0.3412591814994812 0.76923441886901855
vt 0.31688350439071655 0.79471230506896973
vt 0.31688350439071655 0.76923441886901855
vt 0.3412591814994812 0.73738712072372437
vt 0.33516526222229004 0.74375653266906738
vt 0.33516526222229004 0.73101764917373657
vt 0.33516526222229004 0.73738712072372437
vt 0.36563482880592346 0.73101764917373657
vt 0.35344702005386353 0.74375653266906738
vt 0.35344702005386353 0.71827870607376099
vt 0.35344702005386353 0.73101764917373657
vt 0.39001050591468811 0.76923441886901855
vt 0.36563482880592346 0.79471230506896973
vt 0.36563482880592346 0.76923441886901855
vt 0.3412591814994812 0.75649547576904297
vt 0.32907134294509888 0.76923441886901855
vt 0.31688350439071655 0.75649547576904297
vt 0.32907134294509888 0.75649547576904297
vt 0.3412591814994812 0.72464817762374878
vt 0.33516526222229004 0.71827870607376099
vt 0.33516526222229004 0.72464817762374878
vt 0.3412591814994812 0.7055397629737854
vt 0.32907134294509888 0.7055397629737854
vt 0.3229774534702301 0.71827870607376099
vt 0.30469569563865662 0.74375653266906738
vt 0.29250788688659668 0.73101764917373657
vt 0.30469569563865662 0.73101764917373657
vt 0.31078961491584778 0.73101764917373657
vt 0.30469569563865662 0.72464817762374878
vt 0.31078961491584778 0.71827870607376099
vt 0.31078961491584778 0.72464817762374878
vt 0.31078961491584778 0.74375653266906738
vt 0.30469569563865662 0.73738712072372437
vt 0.31078961491584778 0.73738712072372437
vt 0.30469569563865662 0.76923441886901855
vt 0.29250788688659668 0.75649547576904297
vt 0.30469569563865662 0.75649547576904297
vt 0.3229774534702301 0.74375653266906738
vt 0.30733269453048706 0.79635047912597656
vt 0.3095456063747406 0.79299265146255493
vt 0.3102581799030304 0.78918689489364624
vt 0.30947926640510559 0.78541648387908936
vt 0.30733269453048706 0.78222060203552246
vt 0.30397525429725647 0.78000742197036743
vt 0.30017003417015076 0.77929472923278809
vt 0.29640012979507446 0.78007376194000244
vt 0.29320463538169861 0.78222060203552246
vt 0.29099172353744507 0.78557848930358887
vt 0.29027912020683289 0.78938418626785278
vt 0.29105806350708008 0.79315459728240967
vt 0.29320463538169861 0.79635047912597656
vt 0.29656204581260681 0.79856365919113159
vt 0.30036729574203491 0.79927635192871094
vt 0.30413720011711121 0.79849731922149658
vt 0.3412591814994812 0.82019013166427612
vt 0.31688350439071655 0.84566801786422729
vt 0.31688350439071655 0.82019013166427612
vt 0.31688350439071655 0.80745118856430054
vt 0.30469569563865662 0.82019013166427612
vt 0.29250788688659668 0.80745118856430054
vt 0.30469569563865662 0.80745118856430054
vt 0.31688350439071655 0.80108177661895752
vt 0.31078961491584778 0.80745118856430054
vt 0.30469569563865662 0.80108177661895752
vt 0.31078961491584778 0.79471230506896973
vt 0.31078961491584778 0.80108177661895752
vt 0.31688350439071655 0.78197336196899414
vt 0.3412591814994812 0.80745118856430054
vt 0.32907134294509888 0.82019013166427612
vt 0.32907134294509888 0.79471230506896973
vt 0.32907134294509888 0.80745118856430054
vt 0.39001050591468811 0.82019013166427612
vt 0.36563482880592346 0.82019013166427612
vt 0.31688350439071655 0.78834277391433716
vt 0.3412591814994812 0.78197336196899414
vt 0.32907134294509888 0.78197336196899414
vt 0.30469569563865662 0.77560389041900635
vt 0.29250788688659668 0.77560389041900635
vt 0.29860177636146545 0.76923441886901855
vt 0.29860177636146545 0.77560389041900635
vt 0.28032004833221436 0.79471230506896973
vt 0.28032004833221436 0.76923441886901855
vt 0.28032004833221436 0.78197336196899414
vt 0.28641393780708313 0.79471230506896973
vt 0.28032004833221436 0.78834277391433716
vt 0.28641393780708313 0.78197336196899414
vt 0.28641393780708313 0.78834277391433716
vt 0.28032004833221436 0.82019013166427612
vt 0.28032004833221436 0.80745118856430054
vt 0.29860177636146545 0.80745118856430054
vt 0.29250788688659668 0.80108177661895752
vt 0.29860177636146545 0.80108177661895752
vt 0.12366834282875061 0.85286986827850342
vt 0.12702575325965881 0.85508310794830322
vt 0.13083098828792572 0.85579580068588257
vt 0.13460089266300201 0.85501676797866821
vt 0.13779635727405548 0.85286986827850342
vt 0.14000929892063141 0.84951204061508179
vt 0.1407218873500824 0.8457062840461731
vt 0.13994294404983521 0.84193593263626099
vt 0.13779635727405548 0.83873999118804932
vt 0.13443894684314728 0.83652681112289429
vt 0.13063369691371918 0.83581411838531494
vt 0.12686380743980408 0.8365931510925293
vt 0.12366834282875061 0.83873999118804932
vt 0.12145540863275528 0.84209787845611572
vt 0.12074281275272369 0.84590363502502441
vt 0.12152175605297089 0.84967398643493652
vt 0.14625394344329834 0.87114584445953369
vt 0.12187828123569489 0.89662373065948486
vt 0.097502626478672028 0.87114584445953369
vt 0.12187828123569489 0.87114584445953369
vt 0.14625394344329834 0.85840696096420288
vt 0.13406610488891602 0.87114584445953369
vt 0.12187828123569489 0.85840696096420288
vt 0.13406610488891602 0.85840696096420288
vt 0.1706295907497406 0.89662373065948486
vt 0.1706295907497406 0.87114584445953369
vt 0.12797218561172485 0.85840696096420288
vt 0.12187828123569489 0.85203742980957031
vt 0.10969045013189316 0.87114584445953369
vt 0.097502626478672028 0.85840696096420288
vt 0.10969045013189316 0.84566801786422729
vt 0.10969045013189316 0.85840696096420288
vt 0.07312697172164917 0.89662373065948486
vt 0.048751313239336014 0.87114584445953369
vt 0.07312697172164917 0.84566801786422729
vt 0.07312697172164917 0.87114584445953369
vt 0.14625394344329834 0.83292907476425171
vt 0.12187828123569489 0.83292907476425171
vt 0.13406610488891602 0.82019013166427612
vt 0.13406610488891602 0.83292907476425171
vt 0.14625394344329834 0.85203742980957031
vt 0.14016002416610718 0.85840696096420288
vt 0.14016002416610718 0.85203742980957031
vt 0.1706295907497406 0.85840696096420288
vt 0.15844175219535828 0.87114584445953369
vt 0.15844175219535828 0.84566801786422729
vt 0.15844175219535828 0.85840696096420288
vt 0.14625394344329834 0.8392985463142395
vt 0.14016002416610718 0.83292907476425171
vt 0.14016002416610718 0.8392985463142395
vt 0.1706295907497406 0.83292907476425171
vt 0.15844175219535828 0.83292907476425171
vt 0.12187828123569489 0.8392985463142395
vt 0.12797218561172485 0.83292907476425171
vt 0.097502626478672028 0.83292907476425171
vt 0.10969045013189316 0.82019013166427612
vt 0.10969045013189316 0.83292907476425171
vt 0.048751313239336014 0.82019013166427612
vt 0.07312697172164917 0.79471230506896973
vt 0.07312697172164917 0.82019013166427612
vt 0.11578436195850372 0.84566801786422729
vt 0.10969045013189316 0.8392985463142395
vt 0.11578436195850372 0.83292907476425171
vt 0.11578436195850372 0.8392985463142395
vt 0.11578436195850372 0.85840696096420288
vt 0.10969045013189316 0.85203742980957031
vt 0.11578436195850372 0.85203742980957031
vt 0.073926165699958801 0.73276609182357788
vt 0.074735432863235474 0.73670542240142822
vt 0.076922275125980377 0.73990046977996826
vt 0.080138795077800751 0.74201565980911255
vt 0.08391619473695755 0.74275743961334229
vt 0.087855011224746704 0.74194806814193726
vt 0.091049619019031525 0.73976093530654907
vt 0.093164533376693726 0.73654401302337646
vt 0.093906208872795105 0.73276609182357788
vt 0.093096941709518433 0.72882676124572754
vt 0.090910106897354126 0.72563177347183228
vt 0.087693594396114349 0.72351658344268799
vt 0.08391619473695755 0.72277480363845825
vt 0.079977370798587799 0.72358417510986328
vt 0.076782770454883575 0.72577130794525146
vt 0.074667856097221375 0.72898823022842407
vt 0.07312697172164917 0.74375653266906738
vt 0.048751313239336014 0.71827870607376099
vt 0.07312697172164917 0.69280081987380981
vt 0.07312697172164917 0.71827870607376099
vt 0.097502626478672028 0.73101764917373657
vt 0.0853147953748703 0.71827870607376099
vt 0.048751313239336014 0.76923441886901855
vt 0.07312697172164917 0.76923441886901855
vt 0.097502626478672028 0.75649547576904297
vt 0.0853147953748703 0.76923441886901855
vt 0.07312697172164917 0.75649547576904297
vt 0.0853147953748703 0.75649547576904297
vt 0.060939140617847443 0.74375653266906738
vt 0.048751313239336014 0.73101764917373657
vt 0.060939140617847443 0.71827870607376099
vt 0.060939140617847443 0.73101764917373657
vt 0.024375656619668007 0.74375653266906738
vt 0.024375656619668007 0.69280081987380981
vt 0.024375656619668007 0.71827870607376099
vt 0.097502626478672028 0.73738712072372437
vt 0.10969045013189316 0.74375653266906738
vt 0.10969045013189316 0.71827870607376099
vt 0.10969045013189316 0.73101764917373657
vt 0.097502626478672028 0.72464817762374878
vt 0.091408707201480865 0.71827870607376099
vt 0.097502626478672028 0.7055397629737854
vt 0.07312697172164917 0.7055397629737854
vt 0.0853147953748703 0.69280081987380981
vt 0.0853147953748703 0.7055397629737854
vt 0.048751313239336014 0.66732299327850342
vt 0.07312697172164917 0.64184510707855225
vt 0.07312697172164917 0.66732299327850342
vt 0.079220876097679138 0.71827870607376099
vt 0.12366834282875061 0.61266231536865234
vt 0.12145540863275528 0.61602014303207397
vt 0.12074281275272369 0.61982589960098267
vt 0.12152176350355148 0.62359631061553955
vt 0.12366834282875061 0.62679219245910645
vt 0.12702575325965881 0.62900537252426147
vt 0.13083100318908691 0.62971806526184082
vt 0.13460089266300201 0.62893903255462646
vt 0.13779635727405548 0.62679219245910645
vt 0.14000929892063141 0.62343430519104004
vt 0.1407218873500824 0.61962860822677612
vt 0.13994294404983521 0.61585819721221924
vt 0.13779635727405548 0.61266231536865234
vt 0.13443894684314728 0.61044913530349731
vt 0.13063369691371918 0.60973644256591797
vt 0.12686380743980408 0.61051547527313232
vt 0.097502626478672028 0.61636728048324585
vt 0.12187828123569489 0.59088939428329468
vt 0.14625394344329834 0.60362833738327026
vt 0.12187828123569489 0.60362833738327026
vt 0.13406610488891602 0.59088939428329468
vt 0.13406610488891602 0.60362833738327026
vt 0.14625394344329834 0.56541156768798828
vt 0.097502626478672028 0.56541156768798828
vt 0.12187828123569489 0.53993368148803711
vt 0.12187828123569489 0.56541156768798828
vt 0.12187828123569489 0.60999780893325806
vt 0.12797218561172485 0.60362833738327026
vt 0.14625394344329834 0.62910616397857666
vt 0.13406610488891602 0.64184510707855225
vt 0.12187828123569489 0.62910616397857666
vt 0.10969045013189316 0.61636728048324585
vt 0.097502626478672028 0.60362833738327026
vt 0.10969045013189316 0.59088939428329468
vt 0.10969045013189316 0.60362833738327026
vt 0.048751313239336014 0.61636728048324585
vt 0.07312697172164917 0.59088939428329468
vt 0.07312697172164917 0.61636728048324585
vt 0.11578436195850372 0.61636728048324585
vt 0.10969045013189316 0.60999780893325806
vt 0.11578436195850372 0.60362833738327026
vt 0.11578436195850372 0.60999780893325806
vt 0.10969045013189316 0.64184510707855225
vt 0.097502626478672028 0.62910616397857666
vt 0.10969045013189316 0.62910616397857666
vt 0.11578436195850372 0.62910616397857666
vt 0.10969045013189316 0.62273669242858887
vt 0.11578436195850372 0.62273669242858887
vt 0.13406610488891602 0.63547563552856445
vt 0.12797218561172485 0.64184510707855225
vt 0.12187828123569489 0.63547563552856445
vt 0.12797218561172485 0.63547563552856445
vt 0.14625394344329834 0.65458405017852783
vt 0.13406610488891602 0.66732299327850342
vt 0.12187828123569489 0.65458405017852783
vt 0.13406610488891602 0.65458405017852783
vt 0.14625394344329834 0.62273669242858887
vt 0.1706295907497406 0.62910616397857666
vt 0.15844175219535828 0.64184510707855225
vt 0.15844175219535828 0.61636728048324585
vt 0.15844175219535828 0.62910616397857666
vt 0.14625394344329834 0.60999780893325806
vt 0.14016002416610718 0.60362833738327026
vt 0.14016002416610718 0.60999780893325806
vt 0.1706295907497406 0.60362833738327026
vt 0.15844175219535828 0.59088939428329468
vt 0.15844175219535828 0.60362833738327026
vt 0.19500525295734406 0.56541156768798828
vt 0.1706295907497406 0.53993368148803711
vt 0.1706295907497406 0.56541156768798828
vt 0.36384478211402893 0.61266231536865234
vt 0.36048737168312073 0.61044913530349731
vt 0.35668212175369263 0.60973644256591797
vt 0.35291224718093872 0.61051547527313232
vt 0.34971675276756287 0.61266231536865234
vt 0.34750384092330933 0.61602014303207397
vt 0.34679120779037476 0.61982589960098267
vt 0.34757018089294434 0.62359631061553955
vt 0.34971675276756287 0.62679219245910645
vt 0.35307413339614868 0.62900537252426147
vt 0.35687941312789917 0.62971806526184082
vt 0.36064931750297546 0.62893903255462646
vt 0.36384478211402893 0.62679219245910645
vt 0.36605772376060486 0.62343436479568481
vt 0.36677029728889465 0.61962860822677612
vt 0.36599135398864746 0.61585819721221924
vt 0.39001050591468811 0.61636728048324585
vt 0.36563482880592346 0.59088939428329468
vt 0.36563482880592346 0.60362833738327026
vt 0.3412591814994812 0.60362833738327026
vt 0.35344702005386353 0.59088939428329468
vt 0.35344702005386353 0.60362833738327026
vt 0.39001050591468811 0.56541156768798828
vt 0.3412591814994812 0.56541156768798828
vt 0.36563482880592346 0.53993368148803711
vt 0.36563482880592346 0.56541156768798828
vt 0.36563482880592346 0.60999780893325806
vt 0.35954093933105469 0.60362833738327026
vt 0.39001050591468811 0.60362833738327026
vt 0.3778226375579834 0.61636728048324585
vt 0.3778226375579834 0.59088939428329468
vt 0.3778226375579834 0.60362833738327026
vt 0.43876180052757263 0.61636728048324585
vt 0.41438615322113037 0.64184510707855225
vt 0.41438615322113037 0.59088939428329468
vt 0.41438615322113037 0.61636728048324585
vt 0.36563482880592346 0.62910616397857666
vt 0.35344702005386353 0.64184510707855225
vt 0.3412591814994812 0.62910616397857666
vt 0.3412591814994812 0.60999780893325806
vt 0.34735307097434998 0.60362833738327026
vt 0.34735307097434998 0.60999780893325806
vt 0.32907134294509888 0.61636728048324585
vt 0.31688350439071655 0.60362833738327026
vt 0.32907134294509888 0.59088939428329468
vt 0.32907134294509888 0.60362833738327026
vt 0.29250788688659668 0.56541156768798828
vt 0.31688350439071655 0.53993368148803711
vt 0.31688350439071655 0.56541156768798828
vt 0.3412591814994812 0.62273669242858887
vt 0.32907134294509888 0.64184510707855225
vt 0.31688350439071655 0.62910616397857666
vt 0.32907134294509888 0.62910616397857666
vt 0.36563482880592346 0.63547563552856445
vt 0.35954093933105469 0.64184510707855225
vt 0.35344702005386353 0.63547563552856445
vt 0.35954093933105469 0.63547563552856445
vt 0.39001050591468811 0.62910616397857666
vt 0.3778226375579834 0.64184510707855225
vt 0.3778226375579834 0.62910616397857666
vt 0.36563482880592346 0.65458405017852783
vt 0.35344702005386353 0.66732299327850342
vt 0.3412591814994812 0.65458405017852783
vt 0.35344702005386353 0.65458405017852783
vt 0.3778226375579834 0.62273669242858887
vt 0.37172874808311462 0.62910616397857666
vt 0.37172874808311462 0.61636728048324585
vt 0.37172874808311462 0.62273669242858887
vt 0.3778226375579834 0.60999780893325806
vt 0.37172874808311462 0.60362833738327026
vt 0.37172874808311462 0.60999780893325806
vt 0.41358694434165955 0.73276609182357788
vt 0.41277769207954407 0.72882676124572754
vt 0.41059082746505737 0.72563177347183228
vt 0.40737432241439819 0.72351658344268799
vt 0.40359693765640259 0.72277480363845825
vt 0.39965808391571045 0.72358417510986328
vt 0.39646351337432861 0.72577130794525146
vt 0.39434856176376343 0.72898823022842407
vt 0.39360690116882324 0.73276609182357788
vt 0.39441615343093872 0.73670542240142822
vt 0.39660301804542542 0.73990046977996826
vt 0.39981952309608459 0.74201565980911255
vt 0.40359693765640259 0.74275743961334229
vt 0.40753576159477234 0.74194806814193726
vt 0.41073033213615417 0.73976093530654907
vt 0.41284525394439697 0.73654401302337646
vt 0.43876180052757263 0.71827870607376099
vt 0.41438615322113037 0.74375653266906738
vt 0.41438615322113037 0.69280081987380981
vt 0.41438615322113037 0.71827870607376099
vt 0.39001050591468811 0.73101764917373657
vt 0.40219831466674805 0.71827870607376099
vt 0.43876180052757263 0.76923441886901855
vt 0.41438615322113037 0.79471230506896973
vt 0.41438615322113037 0.76923441886901855
vt 0.43876180052757263 0.73101764917373657
vt 0.42657396197319031 0.74375653266906738
vt 0.42657396197319031 0.71827870607376099
vt 0.42657396197319031 0.73101764917373657
vt 0.46313744783401489 0.74375653266906738
vt 0.46313744783401489 0.69280081987380981
vt 0.46313744783401489 0.71827870607376099
vt 0.41438615322113037 0.75649547576904297
vt 0.40219831466674805 0.76923441886901855
vt 0.39001050591468811 0.75649547576904297
vt 0.40219831466674805 0.75649547576904297
vt 0.40829223394393921 0.71827870607376099
vt 0.41438615322113037 0.7055397629737854
vt 0.39001050591468811 0.7055397629737854
vt 0.40219831466674805 0.69280081987380981
vt 0.40219831466674805 0.7055397629737854
vt 0.43876180052757263 0.66732299327850342
vt 0.41438615322113037 0.66732299327850342
vt 0.39001050591468811 0.72464817762374878
vt 0.39610439538955688 0.71827870607376099
vt 0.3778226375579834 0.74375653266906738
vt 0.3778226375579834 0.71827870607376099
vt 0.3778226375579834 0.73101764917373657
vt 0.39001050591468811 0.73738712072372437
vt 0.36384478211402893 0.85286986827850342
vt 0.36605772376060486 0.84951204061508179
vt 0.36677029728889465 0.8457062840461731
vt 0.36599135398864746 0.84193593263626099
vt 0.36384478211402893 0.83873999118804932
vt 0.36048737168312073 0.83652681112289429
vt 0.35668212175369263 0.83581411838531494
vt 0.35291224718093872 0.8365931510925293
vt 0.34971675276756287 0.83873999118804932
vt 0.34750384092330933 0.84209787845611572
vt 0.34679120779037476 0.84590363502502441
vt 0.34757018089294434 0.84967398643493652
vt 0.34971675276756287 0.85286986827850342
vt 0.35307413339614868 0.85508310794830322
vt 0.35687941312789917 0.85579580068588257
vt 0.36064928770065308 0.85501676797866821
vt 0.39001050591468811 0.87114584445953369
vt 0.36563482880592346 0.89662373065948486
vt 0.3412591814994812 0.87114584445953369
vt 0.36563482880592346 0.87114584445953369
vt 0.36563482880592346 0.85840696096420288
vt 0.35344702005386353 0.87114584445953369
vt 0.3412591814994812 0.85840696096420288
vt 0.35344702005386353 0.85840696096420288
vt 0.31688350439071655 0.89662373065948486
vt 0.31688350439071655 0.87114584445953369
vt 0.36563482880592346 0.85203742980957031
vt 0.35954093933105469 0.85840696096420288
vt 0.36563482880592346 0.83292907476425171
vt 0.3412591814994812 0.83292907476425171
vt 0.35344702005386353 0.82019013166427612
vt 0.35344702005386353 0.83292907476425171
vt 0.39001050591468811 0.85840696096420288
vt 0.3778226375579834 0.87114584445953369
vt 0.3778226375579834 0.84566801786422729
vt 0.3778226375579834 0.85840696096420288
vt 0.43876180052757263 0.87114584445953369
vt 0.41438615322113037 0.89662373065948486
vt 0.41438615322113037 0.84566801786422729
vt 0.41438615322113037 0.87114584445953369
vt 0.3778226375579834 0.85203742980957031
vt 0.37172874808311462 0.85840696096420288
vt 0.37172874808311462 0.84566801786422729
vt 0.37172874808311462 0.85203742980957031
vt 0.39001050591468811 0.83292907476425171
vt 0.3778226375579834 0.82019013166427612
vt 0.3778226375579834 0.83292907476425171
vt 0.43876180052757263 0.82019013166427612
vt 0.41438615322113037 0.82019013166427612
vt 0.3778226375579834 0.8392985463142395
vt 0.36563482880592346 0.8392985463142395
vt 0.37172874808311462 0.83292907476425171
vt 0.37172874808311462 0.8392985463142395
vt 0.35954093933105469 0.83292907476425171
vt 0.3412591814994812 0.8392985463142395
vt 0.34735307097434998 0.83292907476425171
vt 0.34735307097434998 0.8392985463142395
vt 0.32907134294509888 0.84566801786422729
vt 0.31688350439071655 0.83292907476425171
vt 0.32907134294509888 0.83292907476425171
vt 0.34735307097434998 0.85840696096420288
vt 0.3412591814994812 0.85203742980957031
vt 0.34735307097434998 0.85203742980957031
vt 0.32907134294509888 0.87114584445953369
vt 0.31688350439071655 0.85840696096420288
vt 0.32907134294509888 0.85840696096420288
vt 0.24375656247138977 0.58289635181427002
vt 0.24753396213054657 0.58215457201004028
vt 0.25075048208236694 0.580039381980896
vt 0.25293728709220886 0.57684433460235596
vt 0.25374656915664673 0.57290500402450562
vt 0.25300487875938416 0.56912714242935181
vt 0.25088998675346375 0.5659102201461792
vt 0.24769537150859833 0.56372308731079102
vt 0.24375656247138977 0.56291371583938599
vt 0.23997916281223297 0.56365549564361572
vt 0.2367626428604126 0.56577068567276001
vt 0.2345757931470871 0.56896567344665527
vt 0.23376652598381042 0.57290500402450562
vt 0.2345082014799118 0.5766829252243042
vt 0.2366231381893158 0.57989984750747681
vt 0.23981773853302002 0.58208698034286499
vt 0.26813220977783203 0.53993368148803711
vt 0.26813220977783203 0.56541156768798828
vt 0.26813220977783203 0.57815045118331909
vt 0.25594437122344971 0.59088939428329468
vt 0.25594437122344971 0.56541156768798828
vt 0.25594437122344971 0.57815045118331909
vt 0.21938090026378632 0.53993368148803711
vt 0.21938090026378632 0.56541156768798828
vt 0.25594437122344971 0.58451992273330688
vt 0.24985046684741974 0.59088939428329468
vt 0.24375656247138977 0.58451992273330688
vt 0.24985046684741974 0.58451992273330688
vt 0.26813220977783203 0.60362833738327026
vt 0.24375656247138977 0.60362833738327026
vt 0.25594437122344971 0.60362833738327026
vt 0.23156872391700745 0.59088939428329468
vt 0.21938090026378632 0.57815045118331909
vt 0.23156872391700745 0.56541156768798828
vt 0.23156872391700745 0.57815045118331909
vt 0.23766264319419861 0.59088939428329468
vt 0.23156872391700745 0.58451992273330688
vt 0.23766264319419861 0.58451992273330688
vt 0.21938090026378632 0.60362833738327026
vt 0.23156872391700745 0.60362833738327026
vt 0.25594437122344971 0.5717809796333313
vt 0.26813220977783203 0.5526726245880127
vt 0.24375656247138977 0.5526726245880127
vt 0.25594437122344971 0.53993368148803711
vt 0.25594437122344971 0.5526726245880127
vt 0.29250788688659668 0.51445579528808594
vt 0.24375656247138977 0.51445579528808594
vt 0.26813220977783203 0.51445579528808594
vt 0.25594437122344971 0.55904209613800049
vt 0.24375656247138977 0.55904209613800049
vt 0.24985046684741974 0.5526726245880127
vt 0.24985046684741974 0.55904209613800049
vt 0.21938090026378632 0.5526726245880127
vt 0.23156872391700745 0.53993368148803711
vt 0.23156872391700745 0.5526726245880127
vt 0.19500525295734406 0.51445579528808594
vt 0.21938090026378632 0.51445579528808594
vt 0.23156872391700745 0.55904209613800049
vt 0.23766264319419861 0.5526726245880127
vt 0.23766264319419861 0.55904209613800049
vt 0.23156872391700745 0.5717809796333313
vt 0.24375656247138977 0.64184510707855225
vt 0.24375656247138977 0.74375653266906738
vt 0.51102203130722046 0
vt 0.25551101565361023 0
vt 0 0
vt 0.45991984009742737 0.048751313239336014
vt 0.40881761908531189 0.048751313239336014
vt 0.3577154278755188 0.048751313239336014
vt 0.30661323666572571 0.048751313239336014
vt 0.25551101565361023 0.048751313239336014
vt 0.20440880954265594 0.048751313239336014
vt 0.15330661833286285 0.048751313239336014
vt 0.10220440477132797 0.048751313239336014
vt 0.05110221728682518 0.048751313239336014
vt 0.45991984009742737 0.097502626478672028
vt 0.40881761908531189 0.097502626478672028
vt 0.3577154278755188 0.097502626478672028
vt 0.30661323666572571 0.097502626478672028
vt 0.25551101565361023 0.097502626478672028
vt 0.20440880954265594 0.097502626478672028
vt 0.15330661833286285 0.097502626478672028
vt 0.10220440477132797 0.097502626478672028
vt 0.05110221728682518 0.097502626478672028
vt 0.45991984009742737 0.14625394344329834
vt 0.40881761908531189 0.14625394344329834
vt 0.3577154278755188 0.14625394344329834
vt 0.30661323666572571 0.14625394344329834
vt 0.25551101565361023 0.14625394344329834
vt 0.20440880954265594 0.14625394344329834
vt 0.15330661833286285 0.14625394344329834
vt 0.10220440477132797 0.14625394344329834
vt 0.05110221728682518 0.14625394344329834
vt 0.45991984009742737 0.19500525295734406
vt 0.40881761908531189 0.19500525295734406
vt 0.3577154278755188 0.19500525295734406
vt 0.30661323666572571 0.19500525295734406
vt 0.25551101565361023 0.19500525295734406
vt 0.15330661833286285 0.19500525295734406
vt 0.10220440477132797 0.19500525295734406
vt 0.05110221728682518 0.19500525295734406
vt 0.45991984009742737 0.24375656247138977
vt 0.40881761908531189 0.24375656247138977
vt 0.30661323666572571 0.24375656247138977
vt 0.20440880954265594 0.24375656247138977
vt 0.15330661833286285 0.24375656247138977
vt 0.05110221728682518 0.24375656247138977
vt 0.45991984009742737 0.29250788688659668
vt 0.40881761908531189 0.29250788688659668
vt 0.3577154278755188 0.29250788688659668
vt 0.30661323666572571 0.29250788688659668
vt 0.25551101565361023 0.29250788688659668
vt 0.15330661833286285 0.29250788688659668
vt 0.10220440477132797 0.29250788688659668
vt 0.05110221728682518 0.29250788688659668
vt 0.45991984009742737 0.3412591814994812
vt 0.40881761908531189 0.3412591814994812
vt 0.3577154278755188 0.3412591814994812
vt 0.30661323666572571 0.3412591814994812
vt 0.25551101565361023 0.3412591814994812
vt 0.20440880954265594 0.3412591814994812
vt 0.15330661833286285 0.3412591814994812
vt 0.10220440477132797 0.3412591814994812
vt 0.05110221728682518 0.3412591814994812
vt 0.45991984009742737 0.39001050591468811
vt 0.40881761908531189 0.39001050591468811
vt 0.3577154278755188 0.39001050591468811
vt 0.30661323666572571 0.39001050591468811
vt 0.25551101565361023 0.39001050591468811
vt 0.20440880954265594 0.39001050591468811
vt 0.15330661833286285 0.39001050591468811
vt 0.10220440477132797 0.39001050591468811
vt 0.05110221728682518 0.39001050591468811
vt 0.45991984009742737 0.43876180052757263
vt 0.40881761908531189 0.43876180052757263
vt 0.3577154278755188 0.43876180052757263
vt 0.30661323666572571 0.43876180052757263
vt 0.25551101565361023 0.43876180052757263
vt 0.20440880954265594 0.43876180052757263
vt 0.15330661833286285 0.43876180052757263
vt 0.10220440477132797 0.43876180052757263
vt 0.05110221728682518 0.43876180052757263
vt 0.51102203130722046 0.48751312494277954
vt 0.25551101565361023 0.48751312494277954
vt 0 0.48751312494277954
vt 0.51102203130722046 0.037501011043787003
vt 0.51102203130722046 0.075002022087574005
vt 0.51102203130722046 0.11250302940607071
vt 0.51102203130722046 0.15000404417514801
vt 0.51102203130722046 0.18750505149364471
vt 0.51102203130722046 0.22500605881214142
vt 0.51102203130722046 0.26250708103179932
vt 0.51102203130722046 0.30000808835029602
vt 0.51102203130722046 0.33750909566879272
vt 0.51102203130722046 0.37501010298728943
vt 0.51102203130722046 0.41251111030578613
vt 0.51102203130722046 0.45001211762428284
vt 0.4745204746723175 0.48751312494277954
vt 0.43801888823509216 0.48751312494277954
vt 0.40151733160018921 0.48751312494277954
vt 0.36501574516296387 0.48751312494277954
vt 0.32851415872573853 0.48751312494277954
vt 0.29201260209083557 0.48751312494277954
vt 0.21900942921638489 0.48751312494277954
vt 0.18250787258148193 0.48751312494277954
vt 0.14600628614425659 0.48751312494277954
vt 0.10950472950935364 0.48751312494277954
vt 0.073003143072128296 0.48751312494277954
vt 0.036501586437225342 0.48751312494277954
vt 0 0.45001211762428284
vt 0 0.41251111030578613
vt 0 0.37501010298728943
vt 0 0.33750909566879272
vt 0 0.30000808835029602
vt 0 0.26250708103179932
vt 0 0.22500605881214142
vt 0 0.18750505149364471
vt 0 0.15000404417514801
vt 0 0.11250302940607071
vt 0 0.075002022087574005
vt 0 0.037501011043787003
vt 0.036501586437225342 0
vt 0.073003143072128296 0
vt 0.10950472950935364 0
vt 0.14600628614425659 0
vt 0.18250787258148193 0
vt 0.21900942921638489 0
vt 0.29201260209083557 0
vt 0.32851415872573853 0
vt 0.36501574516296387 0
vt 0.40151733160018921 0
vt 0.43801888823509216 0
vt 0.4745204746723175 0
vt 0.096192382276058197 0.24375656247138977
vt 0.097004085779190063 0.24769537150859833
vt 0.099197492003440857 0.25088998675346375
vt 0.10242368280887604 0.25300487875938416
vt 0.10621241480112076 0.25374656915664673
vt 0.11016307771205902 0.25293728709220886
vt 0.11336727440357208 0.25075048208236694
vt 0.11548855155706406 0.24753396213054657
vt 0.11623245477676392 0.24375656247138977
vt 0.11542078107595444 0.23981773853302002
vt 0.11322734504938126 0.2366231381893158
vt 0.11000119149684906 0.2345082014799118
vt 0.10621241480112076 0.23376652598381042
vt 0.10226175934076309 0.2345757931470871
vt 0.099057562649250031 0.2367626428604126
vt 0.096936285495758057 0.23997916281223297
vt 0.076653294265270233 0.24375656247138977
vt 0.05110221728682518 0.21938090026378632
vt 0.076653294265270233 0.19500525295734406
vt 0.10220440477132797 0.21938090026378632
vt 0.076653294265270233 0.21938090026378632
vt 0.089428864419460297 0.24375656247138977
vt 0.076653294265270233 0.23156872391700745
vt 0.089428864419460297 0.21938090026378632
vt 0.10220440477132797 0.23156872391700745
vt 0.089428864419460297 0.23156872391700745
vt 0.12775550782680511 0.24375656247138977
vt 0.12775550782680511 0.19500525295734406
vt 0.15330661833286285 0.21938090026378632
vt 0.12775550782680511 0.21938090026378632
vt 0.076653294265270233 0.29250788688659668
vt 0.05110221728682518 0.26813220977783203
vt 0.10220440477132797 0.26813220977783203
vt 0.076653294265270233 0.26813220977783203
vt 0.089428864419460297 0.23766264319419861
vt 0.095816634595394135 0.23156872391700745
vt 0.095816634595394135 0.23766264319419861
vt 0.11497997492551804 0.21938090026378632
vt 0.12775550782680511 0.23156872391700745
vt 0.11497997492551804 0.23156872391700745
vt 0.12775550782680511 0.29250788688659668
vt 0.15330661833286285 0.26813220977783203
vt 0.12775550782680511 0.26813220977783203
vt 0.089428864419460297 0.26813220977783203
vt 0.076653294265270233 0.25594437122344971
vt 0.10220440477132797 0.25594437122344971
vt 0.089428864419460297 0.25594437122344971
vt 0.095816634595394135 0.25594437122344971
vt 0.089428864419460297 0.24985046684741974
vt 0.095816634595394135 0.24985046684741974
vt 0.11497997492551804 0.26813220977783203
vt 0.12775550782680511 0.25594437122344971
vt 0.11497997492551804 0.25594437122344971
vt 0.10859217494726181 0.25594437122344971
vt 0.11497997492551804 0.24985046684741974
vt 0.12136774510145187 0.25594437122344971
vt 0.12136774510145187 0.24375656247138977
vt 0.12775550782680511 0.24985046684741974
vt 0.12136774510145187 0.24985046684741974
vt 0.14053104817867279 0.26813220977783203
vt 0.14053104817867279 0.24375656247138977
vt 0.15330661833286285 0.25594437122344971
vt 0.14053104817867279 0.25594437122344971
vt 0.17885772883892059 0.29250788688659668
vt 0.20440880954265594 0.26813220977783203
vt 0.17885772883892059 0.26813220977783203
vt 0.11497997492551804 0.23766264319419861
vt 0.12136774510145187 0.23156872391700745
vt 0.12775550782680511 0.23766264319419861
vt 0.12136774510145187 0.23766264319419861
vt 0.14053104817867279 0.21938090026378632
vt 0.15330661833286285 0.23156872391700745
vt 0.14053104817867279 0.23156872391700745
vt 0.17885772883892059 0.19500525295734406
vt 0.20440880954265594 0.21938090026378632
vt 0.17885772883892059 0.21938090026378632
vt 0.10859217494726181 0.23156872391700745
vt 0.17635269463062286 0.24375656247138977
vt 0.17716440558433533 0.24769537150859833
vt 0.17935781180858612 0.25088998675346375
vt 0.18258398771286011 0.25300487875938416
vt 0.18637272715568542 0.25374656915664673
vt 0.19032339751720428 0.25293728709220886
vt 0.19352759420871735 0.25075048208236694
vt 0.19564886391162872 0.24753396213054657
vt 0.19639277458190918 0.24375656247138977
vt 0.1955810934305191 0.23981773853302002
vt 0.19338765740394592 0.2366231381893158
vt 0.19016151130199432 0.2345082014799118
vt 0.18637272715568542 0.23376652598381042
vt 0.18242207169532776 0.2345757931470871
vt 0.1792178750038147 0.2367626428604126
vt 0.17709660530090332 0.23997916281223297
vt 0.16608215868473053 0.24375656247138977
vt 0.16608215868473053 0.21938090026378632
vt 0.17885772883892059 0.23156872391700745
vt 0.16608215868473053 0.23156872391700745
vt 0.17246992886066437 0.24375656247138977
vt 0.16608215868473053 0.23766264319419861
vt 0.17246992886066437 0.23156872391700745
vt 0.17246992886066437 0.23766264319419861
vt 0.19163326919078827 0.21938090026378632
vt 0.20440880954265594 0.23156872391700745
vt 0.19163326919078827 0.23156872391700745
vt 0.22995992004871368 0.24375656247138977
vt 0.22995992004871368 0.19500525295734406
vt 0.25551101565361023 0.21938090026378632
vt 0.22995992004871368 0.21938090026378632
vt 0.16608215868473053 0.26813220977783203
vt 0.17885772883892059 0.25594437122344971
vt 0.16608215868473053 0.25594437122344971
vt 0.17246992886066437 0.25594437122344971
vt 0.16608215868473053 0.24985046684741974
vt 0.17246992886066437 0.24985046684741974
vt 0.19163326919078827 0.26813220977783203
vt 0.20440880954265594 0.25594437122344971
vt 0.19163326919078827 0.25594437122344971
vt 0.22995992004871368 0.29250788688659668
vt 0.25551101565361023 0.26813220977783203
vt 0.22995992004871368 0.26813220977783203
vt 0.18524549901485443 0.25594437122344971
vt 0.19802103936672211 0.25594437122344971
vt 0.19802103936672211 0.24375656247138977
vt 0.20440880954265594 0.24985046684741974
vt 0.19802103936672211 0.24985046684741974
vt 0.21718437969684601 0.26813220977783203
vt 0.21718437969684601 0.24375656247138977
vt 0.22995992004871368 0.25594437122344971
vt 0.21718437969684601 0.25594437122344971
vt 0.19802103936672211 0.23156872391700745
vt 0.20440880954265594 0.23766264319419861
vt 0.19802103936672211 0.23766264319419861
vt 0.21718437969684601 0.21938090026378632
vt 0.22995992004871368 0.23156872391700745
vt 0.21718437969684601 0.23156872391700745
vt 0.18524549901485443 0.23156872391700745
vt 0.25651302933692932 0.24375656247138977
vt 0.25732472538948059 0.24769537150859833
vt 0.25951814651489258 0.25088998675346375
vt 0.26274430751800537 0.25300487875938416
vt 0.26653307676315308 0.25374656915664673
vt 0.27048373222351074 0.25293728709220886
vt 0.2736879289150238 0.25075048208236694
vt 0.27580919861793518 0.24753396213054657
vt 0.27655309438705444 0.24375656247138977
vt 0.27574139833450317 0.23981773853302002
vt 0.27354797720909119 0.2366231381893158
vt 0.27032181620597839 0.2345082014799118
vt 0.26653307676315308 0.23376652598381042
vt 0.26258239150047302 0.2345757931470871
vt 0.25937819480895996 0.2367626428604126
vt 0.25725692510604858 0.23997916281223297
vt 0.28106212615966797 0.24375656247138977
vt 0.28106212615966797 0.19500525295734406
vt 0.30661323666572571 0.21938090026378632
vt 0.28106212615966797 0.21938090026378632
vt 0.25551101565361023 0.23156872391700745
vt 0.26828658580780029 0.21938090026378632
vt 0.28106212615966797 0.23156872391700745
vt 0.26828658580780029 0.23156872391700745
vt 0.28106212615966797 0.29250788688659668
vt 0.30661323666572571 0.26813220977783203
vt 0.28106212615966797 0.26813220977783203
vt 0.26189878582954407 0.23156872391700745
vt 0.26828658580780029 0.26813220977783203
vt 0.25551101565361023 0.25594437122344971
vt 0.28106212615966797 0.25594437122344971
vt 0.26828658580780029 0.25594437122344971
vt 0.24273549020290375 0.24375656247138977
vt 0.24273549020290375 0.21938090026378632
vt 0.24273549020290375 0.23156872391700745
vt 0.26189878582954407 0.25594437122344971
vt 0.24273549020290375 0.26813220977783203
vt 0.24273549020290375 0.25594437122344971
vt 0.27467435598373413 0.25594437122344971
vt 0.28106212615966797 0.24985046684741974
vt 0.29383766651153564 0.26813220977783203
vt 0.29383766651153564 0.24375656247138977
vt 0.30661323666572571 0.25594437122344971
vt 0.29383766651153564 0.25594437122344971
vt 0.33216431736946106 0.29250788688659668
vt 0.33216431736946106 0.24375656247138977
vt 0.3577154278755188 0.26813220977783203
vt 0.33216431736946106 0.26813220977783203
vt 0.27467435598373413 0.23156872391700745
vt 0.28106212615966797 0.23766264319419861
vt 0.29383766651153564 0.21938090026378632
vt 0.30661323666572571 0.23156872391700745
vt 0.29383766651153564 0.23156872391700745
vt 0.33216431736946106 0.19500525295734406
vt 0.3577154278755188 0.21938090026378632
vt 0.33216431736946106 0.21938090026378632
vt 0.20276592671871185 0.18018044531345367
vt 0.20054635405540466 0.18353785574436188
vt 0.19983159005641937 0.18734310567378998
vt 0.20061290264129639 0.19111299514770508
vt 0.20276592671871185 0.19430845975875854
vt 0.2061334103345871 0.19652140140533447
vt 0.20995010435581207 0.19723398983478546
vt 0.21373133361339569 0.19645504653453827
vt 0.21693640947341919 0.19430845975875854
vt 0.21915596723556519 0.19095104932785034
vt 0.21987070143222809 0.18714579939842224
vt 0.21908941864967346 0.18337590992450714
vt 0.21693640947341919 0.18018044531345367
vt 0.21356891095638275 0.17796751856803894
vt 0.20975221693515778 0.17725491523742676
vt 0.20597100257873535 0.17803387343883514
vt 0.15330661833286285 0.1706295907497406
vt 0.17885772883892059 0.14625394344329834
vt 0.20440880954265594 0.1706295907497406
vt 0.17885772883892059 0.1706295907497406
vt 0.19163326919078827 0.19500525295734406
vt 0.17885772883892059 0.18281741440296173
vt 0.19163326919078827 0.1706295907497406
vt 0.19163326919078827 0.18281741440296173
vt 0.22995992004871368 0.14625394344329834
vt 0.25551101565361023 0.1706295907497406
vt 0.22995992004871368 0.1706295907497406
vt 0.19802103936672211 0.18281741440296173
vt 0.19163326919078827 0.17672351002693176
vt 0.19802103936672211 0.1706295907497406
vt 0.19802103936672211 0.17672351002693176
vt 0.17885772883892059 0.15844175219535828
vt 0.19163326919078827 0.14625394344329834
vt 0.20440880954265594 0.15844175219535828
vt 0.19163326919078827 0.15844175219535828
vt 0.17885772883892059 0.097502626478672028
vt 0.20440880954265594 0.12187828123569489
vt 0.17885772883892059 0.12187828123569489
vt 0.21718437969684601 0.1706295907497406
vt 0.22995992004871368 0.18281741440296173
vt 0.19802103936672211 0.19500525295734406
vt 0.19163326919078827 0.1889113187789917
vt 0.19802103936672211 0.1889113187789917
vt 0.17885772883892059 0.20719307661056519
vt 0.20440880954265594 0.20719307661056519
vt 0.19163326919078827 0.20719307661056519
vt 0.22995992004871368 0.20719307661056519
vt 0.21718437969684601 0.20719307661056519
vt 0.21079660952091217 0.20719307661056519
vt 0.20440880954265594 0.20109915733337402
vt 0.21718437969684601 0.20109915733337402
vt 0.21079660952091217 0.20109915733337402
vt 0.22357214987277985 0.19500525295734406
vt 0.22357214987277985 0.18281741440296173
vt 0.22995992004871368 0.1889113187789917
vt 0.22357214987277985 0.1889113187789917
vt 0.24273549020290375 0.19500525295734406
vt 0.24273549020290375 0.1706295907497406
vt 0.25551101565361023 0.18281741440296173
vt 0.24273549020290375 0.18281741440296173
vt 0.28106212615966797 0.14625394344329834
vt 0.30661323666572571 0.1706295907497406
vt 0.28106212615966797 0.1706295907497406
vt 0.21079660952091217 0.1706295907497406
vt 0.21718437969684601 0.14625394344329834
vt 0.22995992004871368 0.15844175219535828
vt 0.21718437969684601 0.15844175219535828
vt 0.22995992004871368 0.097502626478672028
vt 0.25551101565361023 0.12187828123569489
vt 0.22995992004871368 0.12187828123569489
vt 0.26653307676315308 0.15384635329246521
vt 0.26258239150047302 0.15465562045574188
vt 0.25937819480895996 0.15684245526790619
vt 0.25725692510604858 0.16005896031856537
vt 0.25651302933692932 0.16383635997772217
vt 0.25732472538948059 0.16777519881725311
vt 0.25951814651489258 0.17096979916095734
vt 0.26274430751800537 0.17308472096920013
vt 0.26653307676315308 0.17382639646530151
vt 0.27048373222351074 0.17301712930202484
vt 0.2736879289150238 0.17083029448986053
vt 0.27580919861793518 0.16761377453804016
vt 0.27655309438705444 0.16383635997772217
vt 0.27574139833450317 0.15989755094051361
vt 0.27354797720909119 0.15670295059680939
vt 0.27032181620597839 0.15458802878856659
vt 0.25551101565361023 0.15844175219535828
vt 0.26828658580780029 0.14625394344329834
vt 0.28106212615966797 0.15844175219535828
vt 0.28106212615966797 0.097502626478672028
vt 0.30661323666572571 0.12187828123569489
vt 0.28106212615966797 0.12187828123569489
vt 0.25551101565361023 0.15234784781932831
vt 0.26189878582954407 0.14625394344329834
vt 0.26828658580780029 0.15234784781932831
vt 0.26189878582954407 0.15234784781932831
vt 0.24273549020290375 0.14625394344329834
vt 0.24273549020290375 0.15844175219535828
vt 0.25551101565361023 0.13406610488891602
vt 0.26828658580780029 0.12187828123569489
vt 0.28106212615966797 0.13406610488891602
vt 0.26828658580780029 0.13406610488891602
vt 0.25551101565361023 0.16453567147254944
vt 0.26828658580780029 0.19500525295734406
vt 0.28106212615966797 0.18281741440296173
vt 0.26828658580780029 0.18281741440296173
vt 0.26189878582954407 0.18281741440296173
vt 0.25551101565361023 0.17672351002693176
vt 0.26828658580780029 0.17672351002693176
vt 0.26189878582954407 0.17672351002693176
vt 0.27467435598373413 0.18281741440296173
vt 0.28106212615966797 0.17672351002693176
vt 0.27467435598373413 0.17672351002693176
vt 0.29383766651153564 0.19500525295734406
vt 0.29383766651153564 0.1706295907497406
vt 0.30661323666572571 0.18281741440296173
vt 0.29383766651153564 0.18281741440296173
vt 0.33216431736946106 0.14625394344329834
vt 0.3577154278755188 0.1706295907497406
vt 0.33216431736946106 0.1706295907497406
vt 0.28106212615966797 0.16453567147254944
vt 0.29383766651153564 0.14625394344329834
vt 0.30661323666572571 0.15844175219535828
vt 0.29383766651153564 0.15844175219535828
vt 0.27467435598373413 0.14625394344329834
vt 0.28106212615966797 0.15234784781932831
vt 0.27467435598373413 0.15234784781932831
vt 0.33030021190643311 0.18018044531345367
vt 0.32693272829055786 0.17796751856803894
vt 0.32311603426933289 0.17725491523742676
vt 0.31933480501174927 0.17803387343883514
vt 0.31612974405288696 0.18018044531345367
vt 0.31391015648841858 0.18353785574436188
vt 0.31319540739059448 0.18734310567378998
vt 0.3139767050743103 0.19111299514770508
vt 0.31612974405288696 0.19430845975875854
vt 0.31949722766876221 0.19652140140533447
vt 0.32331392168998718 0.19723398983478546
vt 0.32709512114524841 0.19645504653453827
vt 0.33030021190643311 0.19430845975875854
vt 0.33251979947090149 0.19095104932785034
vt 0.3332345187664032 0.18714579939842224
vt 0.33245325088500977 0.18337590992450714
vt 0.31938877701759338 0.1706295907497406
vt 0.32577654719352722 0.1706295907497406
vt 0.33216431736946106 0.17672351002693176
vt 0.31938877701759338 0.14625394344329834
vt 0.33216431736946106 0.15844175219535828
vt 0.31938877701759338 0.15844175219535828
vt 0.33216431736946106 0.097502626478672028
vt 0.3577154278755188 0.12187828123569489
vt 0.33216431736946106 0.12187828123569489
vt 0.34493988752365112 0.19500525295734406
vt 0.34493988752365112 0.1706295907497406
vt 0.3577154278755188 0.18281741440296173
vt 0.34493988752365112 0.18281741440296173
vt 0.38326653838157654 0.19500525295734406
vt 0.38326653838157654 0.14625394344329834
vt 0.40881761908531189 0.1706295907497406
vt 0.38326653838157654 0.1706295907497406
vt 0.30661323666572571 0.17672351002693176
vt 0.31300100684165955 0.1706295907497406
vt 0.31300100684165955 0.17672351002693176
vt 0.30661323666572571 0.1889113187789917
vt 0.31938877701759338 0.21938090026378632
vt 0.30661323666572571 0.20719307661056519
vt 0.33216431736946106 0.20719307661056519
vt 0.31938877701759338 0.20719307661056519
vt 0.32577654719352722 0.20719307661056519
vt 0.31938877701759338 0.20109915733337402
vt 0.33216431736946106 0.20109915733337402
vt 0.32577654719352722 0.20109915733337402
vt 0.34493988752365112 0.21938090026378632
vt 0.3577154278755188 0.20719307661056519
vt 0.34493988752365112 0.20719307661056519
vt 0.38326653838157654 0.24375656247138977
vt 0.40881761908531189 0.21938090026378632
vt 0.38326653838157654 0.21938090026378632
vt 0.3385520875453949 0.19500525295734406
vt 0.3385520875453949 0.18281741440296173
vt 0.34493988752365112 0.1889113187789917
vt 0.3385520875453949 0.1889113187789917
vt 0.35671341419219971 0.24375656247138977
vt 0.35590171813964844 0.23981773853302002
vt 0.35370832681655884 0.2366231381893158
vt 0.35048213601112366 0.2345082014799118
vt 0.34669336676597595 0.23376652598381042
vt 0.34274274110794067 0.2345757931470871
vt 0.33953851461410522 0.2367626428604126
vt 0.33741727471351624 0.23997916281223297
vt 0.33667334914207458 0.24375656247138977
vt 0.33748504519462585 0.24769537150859833
vt 0.33967846632003784 0.25088998675346375
vt 0.34290462732315063 0.25300487875938416
vt 0.34669336676597595 0.25374656915664673
vt 0.35064405202865601 0.25293728709220886
vt 0.35384824872016907 0.25075048208236694
vt 0.35596951842308044 0.24753396213054657
vt 0.34493988752365112 0.26813220977783203
vt 0.33216431736946106 0.25594437122344971
vt 0.3577154278755188 0.25594437122344971
vt 0.34493988752365112 0.25594437122344971
vt 0.38326653838157654 0.29250788688659668
vt 0.40881761908531189 0.26813220977783203
vt 0.38326653838157654 0.26813220977783203
vt 0.35132765769958496 0.25594437122344971
vt 0.33216431736946106 0.23156872391700745
vt 0.3577154278755188 0.23156872391700745
vt 0.34493988752365112 0.23156872391700745
vt 0.37049096822738647 0.26813220977783203
vt 0.37049096822738647 0.24375656247138977
vt 0.38326653838157654 0.25594437122344971
vt 0.37049096822738647 0.25594437122344971
vt 0.35132765769958496 0.23156872391700745
vt 0.37049096822738647 0.21938090026378632
vt 0.38326653838157654 0.23156872391700745
vt 0.37049096822738647 0.23156872391700745
vt 0.33216431736946106 0.23766264319419861
vt 0.3385520875453949 0.23156872391700745
vt 0.31938877701759338 0.24375656247138977
vt 0.31938877701759338 0.23156872391700745
vt 0.3385520875453949 0.25594437122344971
vt 0.33216431736946106 0.24985046684741974
vt 0.31938877701759338 0.26813220977783203
vt 0.31938877701759338 0.25594437122344971
vt 0.33030021190643311 0.30733269453048706
vt 0.33251979947090149 0.30397525429725647
vt 0.3332345187664032 0.30017003417015076
vt 0.33245325088500977 0.29640012979507446
vt 0.33030021190643311 0.29320463538169861
vt 0.32693272829055786 0.29099172353744507
vt 0.32311603426933289 0.29027912020683289
vt 0.31933480501174927 0.29105806350708008
vt 0.31612974405288696 0.29320463538169861
vt 0.31391015648841858 0.29656204581260681
vt 0.31319540739059448 0.30036729574203491
vt 0.3139767050743103 0.30413720011711121
vt 0.31612974405288696 0.30733269453048706
vt 0.31949722766876221 0.3095456063747406
vt 0.32331392168998718 0.3102581799030304
vt 0.32709512114524841 0.30947926640510559
vt 0.33216431736946106 0.3412591814994812
vt 0.30661323666572571 0.31688350439071655
vt 0.3577154278755188 0.31688350439071655
vt 0.33216431736946106 0.31688350439071655
vt 0.31938877701759338 0.31688350439071655
vt 0.30661323666572571 0.30469569563865662
vt 0.28106212615966797 0.3412591814994812
vt 0.25551101565361023 0.31688350439071655
vt 0.28106212615966797 0.31688350439071655
vt 0.32577654719352722 0.31688350439071655
vt 0.33216431736946106 0.31078961491584778
vt 0.34493988752365112 0.31688350439071655
vt 0.34493988752365112 0.29250788688659668
vt 0.3577154278755188 0.30469569563865662
vt 0.34493988752365112 0.30469569563865662
vt 0.38326653838157654 0.3412591814994812
vt 0.40881761908531189 0.31688350439071655
vt 0.38326653838157654 0.31688350439071655
vt 0.31938877701759338 0.3412591814994812
vt 0.30661323666572571 0.32907134294509888
vt 0.33216431736946106 0.32907134294509888
vt 0.31938877701759338 0.32907134294509888
vt 0.33216431736946106 0.39001050591468811
vt 0.30661323666572571 0.36563482880592346
vt 0.3577154278755188 0.36563482880592346
vt 0.33216431736946106 0.36563482880592346
vt 0.3385520875453949 0.30469569563865662
vt 0.3385520875453949 0.29250788688659668
vt 0.34493988752365112 0.29860177636146545
vt 0.3385520875453949 0.29860177636146545
vt 0.33216431736946106 0.28032004833221436
vt 0.3577154278755188 0.28032004833221436
vt 0.34493988752365112 0.28032004833221436
vt 0.30661323666572571 0.28032004833221436
vt 0.31938877701759338 0.28032004833221436
vt 0.31938877701759338 0.28641393780708313
vt 0.32577654719352722 0.28032004833221436
vt 0.33216431736946106 0.28641393780708313
vt 0.32577654719352722 0.28641393780708313
vt 0.31300100684165955 0.29250788688659668
vt 0.30661323666572571 0.28641393780708313
vt 0.31300100684165955 0.28032004833221436
vt 0.31300100684165955 0.28641393780708313
vt 0.29383766651153564 0.29250788688659668
vt 0.28106212615966797 0.28032004833221436
vt 0.29383766651153564 0.28032004833221436
vt 0.30661323666572571 0.29860177636146545
vt 0.29383766651153564 0.31688350439071655
vt 0.28106212615966797 0.30469569563865662
vt 0.29383766651153564 0.30469569563865662
vt 0.31300100684165955 0.31688350439071655
vt 0.30661323666572571 0.31078961491584778
vt 0.31300100684165955 0.31078961491584778
vt 0.26653307676315308 0.33366677165031433
vt 0.27048373222351074 0.33285748958587646
vt 0.2736879289150238 0.33067065477371216
vt 0.27580919861793518 0.32745411992073059
vt 0.27655309438705444 0.32367673516273499
vt 0.27574139833450317 0.31973791122436523
vt 0.27354797720909119 0.3165433406829834
vt 0.27032181620597839 0.31442838907241821
vt 0.26653307676315308 0.31368672847747803
vt 0.26258239150047302 0.31449598073959351
vt 0.25937819480895996 0.3166828453540802
vt 0.25725692510604858 0.31989932060241699
vt 0.25651302933692932 0.32367673516273499
vt 0.25732472538948059 0.32761555910110474
vt 0.25951814651489258 0.33081015944480896
vt 0.26274430751800537 0.33292508125305176
vt 0.26828658580780029 0.3412591814994812
vt 0.25551101565361023 0.32907134294509888
vt 0.28106212615966797 0.32907134294509888
vt 0.28106212615966797 0.39001050591468811
vt 0.25551101565361023 0.36563482880592346
vt 0.28106212615966797 0.36563482880592346
vt 0.22995992004871368 0.3412591814994812
vt 0.20440880954265594 0.31688350439071655
vt 0.22995992004871368 0.31688350439071655
vt 0.26189878582954407 0.3412591814994812
vt 0.25551101565361023 0.33516526222229004
vt 0.26828658580780029 0.33516526222229004
vt 0.26189878582954407 0.33516526222229004
vt 0.26828658580780029 0.36563482880592346
vt 0.25551101565361023 0.35344702005386353
vt 0.28106212615966797 0.35344702005386353
vt 0.26828658580780029 0.35344702005386353
vt 0.22995992004871368 0.39001050591468811
vt 0.20440880954265594 0.36563482880592346
vt 0.22995992004871368 0.36563482880592346
vt 0.24273549020290375 0.3412591814994812
vt 0.22995992004871368 0.32907134294509888
vt 0.24273549020290375 0.31688350439071655
vt 0.24273549020290375 0.32907134294509888
vt 0.27467435598373413 0.3412591814994812
vt 0.28106212615966797 0.33516526222229004
vt 0.27467435598373413 0.33516526222229004
vt 0.29383766651153564 0.3412591814994812
vt 0.29383766651153564 0.32907134294509888
vt 0.28106212615966797 0.3229774534702301
vt 0.25551101565361023 0.30469569563865662
vt 0.26828658580780029 0.29250788688659668
vt 0.26828658580780029 0.30469569563865662
vt 0.26828658580780029 0.31078961491584778
vt 0.27467435598373413 0.30469569563865662
vt 0.28106212615966797 0.31078961491584778
vt 0.27467435598373413 0.31078961491584778
vt 0.25551101565361023 0.31078961491584778
vt 0.26189878582954407 0.30469569563865662
vt 0.26189878582954407 0.31078961491584778
vt 0.22995992004871368 0.30469569563865662
vt 0.24273549020290375 0.29250788688659668
vt 0.24273549020290375 0.30469569563865662
vt 0.25551101565361023 0.3229774534702301
vt 0.20276592671871185 0.30733269453048706
vt 0.2061334103345871 0.3095456063747406
vt 0.20995010435581207 0.3102581799030304
vt 0.21373133361339569 0.30947926640510559
vt 0.21693640947341919 0.30733269453048706
vt 0.21915596723556519 0.30397525429725647
vt 0.21987070143222809 0.30017003417015076
vt 0.21908941864967346 0.29640012979507446
vt 0.21693640947341919 0.29320463538169861
vt 0.21356888115406036 0.29099172353744507
vt 0.20975221693515778 0.29027912020683289
vt 0.20597100257873535 0.29105806350708008
vt 0.20276592671871185 0.29320463538169861
vt 0.20054635405540466 0.29656204581260681
vt 0.19983159005641937 0.30036729574203491
vt 0.20061290264129639 0.30413720011711121
vt 0.17885772883892059 0.3412591814994812
vt 0.15330661833286285 0.31688350439071655
vt 0.17885772883892059 0.31688350439071655
vt 0.19163326919078827 0.31688350439071655
vt 0.17885772883892059 0.30469569563865662
vt 0.19163326919078827 0.29250788688659668
vt 0.19163326919078827 0.30469569563865662
vt 0.19802103936672211 0.31688350439071655
vt 0.19163326919078827 0.31078961491584778
vt 0.19802103936672211 0.30469569563865662
vt 0.20440880954265594 0.31078961491584778
vt 0.19802103936672211 0.31078961491584778
vt 0.21718437969684601 0.31688350439071655
vt 0.19163326919078827 0.3412591814994812
vt 0.17885772883892059 0.32907134294509888
vt 0.20440880954265594 0.32907134294509888
vt 0.19163326919078827 0.32907134294509888
vt 0.17885772883892059 0.39001050591468811
vt 0.17885772883892059 0.36563482880592346
vt 0.21079660952091217 0.31688350439071655
vt 0.21718437969684601 0.3412591814994812
vt 0.21718437969684601 0.32907134294509888
vt 0.22357214987277985 0.30469569563865662
vt 0.22357214987277985 0.29250788688659668
vt 0.22995992004871368 0.29860177636146545
vt 0.22357214987277985 0.29860177636146545
vt 0.20440880954265594 0.28032004833221436
vt 0.22995992004871368 0.28032004833221436
vt 0.21718437969684601 0.28032004833221436
vt 0.20440880954265594 0.28641393780708313
vt 0.21079660952091217 0.28032004833221436
vt 0.21718437969684601 0.28641393780708313
vt 0.21079660952091217 0.28641393780708313
vt 0.17885772883892059 0.28032004833221436
vt 0.19163326919078827 0.28032004833221436
vt 0.19163326919078827 0.29860177636146545
vt 0.19802103936672211 0.29250788688659668
vt 0.19802103936672211 0.29860177636146545
vt 0.1460840255022049 0.12366834282875061
vt 0.14386445283889771 0.12702575325965881
vt 0.14314968883991241 0.13083098828792572
vt 0.14393097162246704 0.13460089266300201
vt 0.1460840255022049 0.13779635727405548
vt 0.14945150911808014 0.14000929892063141
vt 0.15326820313930511 0.1407218873500824
vt 0.15704943239688873 0.13994294404983521
vt 0.16025450825691223 0.13779635727405548
vt 0.16247406601905823 0.13443894684314728
vt 0.16318880021572113 0.13063369691371918
vt 0.1624075174331665 0.12686380743980408
vt 0.16025450825691223 0.12366834282875061
vt 0.15688697993755341 0.12145540863275528
vt 0.15307031571865082 0.12074281275272369
vt 0.14928910136222839 0.12152175605297089
vt 0.12775550782680511 0.14625394344329834
vt 0.10220440477132797 0.12187828123569489
vt 0.12775550782680511 0.097502626478672028
vt 0.12775550782680511 0.12187828123569489
vt 0.14053104817867279 0.14625394344329834
vt 0.12775550782680511 0.13406610488891602
vt 0.14053104817867279 0.12187828123569489
vt 0.14053104817867279 0.13406610488891602
vt 0.10220440477132797 0.1706295907497406
vt 0.12775550782680511 0.1706295907497406
vt 0.14053104817867279 0.12797218561172485
vt 0.14691884815692902 0.12187828123569489
vt 0.12775550782680511 0.10969045013189316
vt 0.14053104817867279 0.097502626478672028
vt 0.15330661833286285 0.10969045013189316
vt 0.14053104817867279 0.10969045013189316
vt 0.10220440477132797 0.07312697172164917
vt 0.12775550782680511 0.048751313239336014
vt 0.15330661833286285 0.07312697172164917
vt 0.12775550782680511 0.07312697172164917
vt 0.16608215868473053 0.14625394344329834
vt 0.16608215868473053 0.12187828123569489
vt 0.17885772883892059 0.13406610488891602
vt 0.16608215868473053 0.13406610488891602
vt 0.14691884815692902 0.14625394344329834
vt 0.14053104817867279 0.14016002416610718
vt 0.14691884815692902 0.14016002416610718
vt 0.14053104817867279 0.1706295907497406
vt 0.12775550782680511 0.15844175219535828
vt 0.15330661833286285 0.15844175219535828
vt 0.14053104817867279 0.15844175219535828
vt 0.15969438850879669 0.14625394344329834
vt 0.16608215868473053 0.14016002416610718
vt 0.15969438850879669 0.14016002416610718
vt 0.16608215868473053 0.1706295907497406
vt 0.16608215868473053 0.15844175219535828
vt 0.15969438850879669 0.12187828123569489
vt 0.16608215868473053 0.12797218561172485
vt 0.16608215868473053 0.097502626478672028
vt 0.17885772883892059 0.10969045013189316
vt 0.16608215868473053 0.10969045013189316
vt 0.17885772883892059 0.048751313239336014
vt 0.20440880954265594 0.07312697172164917
vt 0.17885772883892059 0.07312697172164917
vt 0.15330661833286285 0.11578436195850372
vt 0.15969438850879669 0.10969045013189316
vt 0.16608215868473053 0.11578436195850372
vt 0.15969438850879669 0.11578436195850372
vt 0.14053104817867279 0.11578436195850372
vt 0.14691884815692902 0.10969045013189316
vt 0.14691884815692902 0.11578436195850372
vt 0.26653307676315308 0.073926165699958801
vt 0.26258239150047302 0.074735432863235474
vt 0.25937819480895996 0.076922275125980377
vt 0.25725692510604858 0.080138795077800751
vt 0.25651302933692932 0.08391619473695755
vt 0.25732472538948059 0.087855011224746704
vt 0.25951814651489258 0.091049619019031525
vt 0.26274430751800537 0.093164533376693726
vt 0.26653307676315308 0.093906208872795105
vt 0.27048373222351074 0.093096941709518433
vt 0.2736879289150238 0.090910106897354126
vt 0.27580919861793518 0.087693594396114349
vt 0.27655309438705444 0.08391619473695755
vt 0.27574139833450317 0.079977370798587799
vt 0.27354797720909119 0.076782770454883575
vt 0.27032181620597839 0.074667856097221375
vt 0.25551101565361023 0.07312697172164917
vt 0.28106212615966797 0.048751313239336014
vt 0.30661323666572571 0.07312697172164917
vt 0.28106212615966797 0.07312697172164917
vt 0.26828658580780029 0.097502626478672028
vt 0.28106212615966797 0.0853147953748703
vt 0.22995992004871368 0.048751313239336014
vt 0.22995992004871368 0.07312697172164917
vt 0.24273549020290375 0.097502626478672028
vt 0.22995992004871368 0.0853147953748703
vt 0.24273549020290375 0.07312697172164917
vt 0.24273549020290375 0.0853147953748703
vt 0.25551101565361023 0.060939140617847443
vt 0.26828658580780029 0.048751313239336014
vt 0.28106212615966797 0.060939140617847443
vt 0.26828658580780029 0.060939140617847443
vt 0.25551101565361023 0.024375656619668007
vt 0.30661323666572571 0.024375656619668007
vt 0.28106212615966797 0.024375656619668007
vt 0.26189878582954407 0.097502626478672028
vt 0.25551101565361023 0.10969045013189316
vt 0.28106212615966797 0.10969045013189316
vt 0.26828658580780029 0.10969045013189316
vt 0.27467435598373413 0.097502626478672028
vt 0.28106212615966797 0.091408707201480865
vt 0.29383766651153564 0.097502626478672028
vt 0.29383766651153564 0.07312697172164917
vt 0.30661323666572571 0.0853147953748703
vt 0.29383766651153564 0.0853147953748703
vt 0.33216431736946106 0.048751313239336014
vt 0.3577154278755188 0.07312697172164917
vt 0.33216431736946106 0.07312697172164917
vt 0.28106212615966797 0.079220876097679138
vt 0.38698211312294006 0.12366834282875061
vt 0.38361462950706482 0.12145540863275528
vt 0.37979793548583984 0.12074281275272369
vt 0.37601670622825623 0.12152176350355148
vt 0.37281164526939392 0.12366834282875061
vt 0.37059205770492554 0.12702575325965881
vt 0.36987733840942383 0.13083100318908691
vt 0.37065860629081726 0.13460089266300201
vt 0.37281164526939392 0.13779635727405548
vt 0.37617915868759155 0.14000929892063141
vt 0.37999582290649414 0.1407218873500824
vt 0.38377705216407776 0.13994294404983521
vt 0.38698211312294006 0.13779635727405548
vt 0.38920170068740845 0.13443894684314728
vt 0.38991641998291016 0.13063369691371918
vt 0.38913515210151672 0.12686380743980408
vt 0.38326653838157654 0.097502626478672028
vt 0.40881761908531189 0.12187828123569489
vt 0.39604207873344421 0.14625394344329834
vt 0.39604207873344421 0.12187828123569489
vt 0.40881761908531189 0.13406610488891602
vt 0.39604207873344421 0.13406610488891602
vt 0.43436872959136963 0.14625394344329834
vt 0.43436872959136963 0.097502626478672028
vt 0.45991984009742737 0.12187828123569489
vt 0.43436872959136963 0.12187828123569489
vt 0.38965430855751038 0.12187828123569489
vt 0.39604207873344421 0.12797218561172485
vt 0.37049096822738647 0.14625394344329834
vt 0.3577154278755188 0.13406610488891602
vt 0.37049096822738647 0.12187828123569489
vt 0.38326653838157654 0.10969045013189316
vt 0.39604207873344421 0.097502626478672028
vt 0.40881761908531189 0.10969045013189316
vt 0.39604207873344421 0.10969045013189316
vt 0.38326653838157654 0.048751313239336014
vt 0.40881761908531189 0.07312697172164917
vt 0.38326653838157654 0.07312697172164917
vt 0.38326653838157654 0.11578436195850372
vt 0.38965430855751038 0.10969045013189316
vt 0.39604207873344421 0.11578436195850372
vt 0.38965430855751038 0.11578436195850372
vt 0.3577154278755188 0.10969045013189316
vt 0.37049096822738647 0.097502626478672028
vt 0.37049096822738647 0.10969045013189316
vt 0.37049096822738647 0.11578436195850372
vt 0.3768787682056427 0.10969045013189316
vt 0.3768787682056427 0.11578436195850372
vt 0.36410319805145264 0.13406610488891602
vt 0.3577154278755188 0.12797218561172485
vt 0.36410319805145264 0.12187828123569489
vt 0.36410319805145264 0.12797218561172485
vt 0.34493988752365112 0.14625394344329834
vt 0.33216431736946106 0.13406610488891602
vt 0.34493988752365112 0.12187828123569489
vt 0.34493988752365112 0.13406610488891602
vt 0.3768787682056427 0.14625394344329834
vt 0.37049096822738647 0.1706295907497406
vt 0.3577154278755188 0.15844175219535828
vt 0.38326653838157654 0.15844175219535828
vt 0.37049096822738647 0.15844175219535828
vt 0.38965430855751038 0.14625394344329834
vt 0.39604207873344421 0.14016002416610718
vt 0.38965430855751038 0.14016002416610718
vt 0.39604207873344421 0.1706295907497406
vt 0.40881761908531189 0.15844175219535828
vt 0.39604207873344421 0.15844175219535828
vt 0.43436872959136963 0.19500525295734406
vt 0.45991984009742737 0.1706295907497406
vt 0.43436872959136963 0.1706295907497406
vt 0.38698211312294006 0.36384478211402893
vt 0.38920170068740845 0.36048737168312073
vt 0.38991641998291016 0.35668212175369263
vt 0.38913515210151672 0.35291224718093872
vt 0.38698211312294006 0.34971675276756287
vt 0.38361462950706482 0.34750384092330933
vt 0.37979793548583984 0.34679120779037476
vt 0.37601670622825623 0.34757018089294434
vt 0.37281164526939392 0.34971675276756287
vt 0.37059205770492554 0.35307413339614868
vt 0.36987733840942383 0.35687941312789917
vt 0.37065860629081726 0.36064931750297546
vt 0.37281164526939392 0.36384478211402893
vt 0.37617912888526917 0.36605772376060486
vt 0.37999582290649414 0.36677029728889465
vt 0.38377705216407776 0.36599135398864746
vt 0.38326653838157654 0.39001050591468811
vt 0.40881761908531189 0.36563482880592346
vt 0.39604207873344421 0.36563482880592346
vt 0.39604207873344421 0.3412591814994812
vt 0.40881761908531189 0.35344702005386353
vt 0.39604207873344421 0.35344702005386353
vt 0.43436872959136963 0.39001050591468811
vt 0.43436872959136963 0.3412591814994812
vt 0.45991984009742737 0.36563482880592346
vt 0.43436872959136963 0.36563482880592346
vt 0.38965430855751038 0.36563482880592346
vt 0.39604207873344421 0.35954093933105469
vt 0.39604207873344421 0.39001050591468811
vt 0.38326653838157654 0.3778226375579834
vt 0.40881761908531189 0.3778226375579834
vt 0.39604207873344421 0.3778226375579834
vt 0.38326653838157654 0.43876180052757263
vt 0.3577154278755188 0.41438615322113037
vt 0.40881761908531189 0.41438615322113037
vt 0.38326653838157654 0.41438615322113037
vt 0.37049096822738647 0.36563482880592346
vt 0.3577154278755188 0.35344702005386353
vt 0.37049096822738647 0.3412591814994812
vt 0.38965430855751038 0.3412591814994812
vt 0.39604207873344421 0.34735307097434998
vt 0.38965430855751038 0.34735307097434998
vt 0.38326653838157654 0.32907134294509888
vt 0.39604207873344421 0.31688350439071655
vt 0.40881761908531189 0.32907134294509888
vt 0.39604207873344421 0.32907134294509888
vt 0.43436872959136963 0.29250788688659668
vt 0.45991984009742737 0.31688350439071655
vt 0.43436872959136963 0.31688350439071655
vt 0.3768787682056427 0.3412591814994812
vt 0.3577154278755188 0.32907134294509888
vt 0.37049096822738647 0.31688350439071655
vt 0.37049096822738647 0.32907134294509888
vt 0.36410319805145264 0.36563482880592346
vt 0.3577154278755188 0.35954093933105469
vt 0.36410319805145264 0.35344702005386353
vt 0.36410319805145264 0.35954093933105469
vt 0.37049096822738647 0.39001050591468811
vt 0.3577154278755188 0.3778226375579834
vt 0.37049096822738647 0.3778226375579834
vt 0.34493988752365112 0.36563482880592346
vt 0.33216431736946106 0.35344702005386353
vt 0.34493988752365112 0.3412591814994812
vt 0.34493988752365112 0.35344702005386353
vt 0.3768787682056427 0.3778226375579834
vt 0.37049096822738647 0.37172874808311462
vt 0.38326653838157654 0.37172874808311462
vt 0.3768787682056427 0.37172874808311462
vt 0.38965430855751038 0.3778226375579834
vt 0.39604207873344421 0.37172874808311462
vt 0.38965430855751038 0.37172874808311462
vt 0.26653307676315308 0.41358694434165955
vt 0.27048373222351074 0.41277769207954407
vt 0.2736879289150238 0.41059082746505737
vt 0.27580919861793518 0.40737432241439819
vt 0.27655309438705444 0.40359693765640259
vt 0.27574139833450317 0.39965808391571045
vt 0.27354797720909119 0.39646351337432861
vt 0.27032181620597839 0.39434856176376343
vt 0.26653307676315308 0.39360690116882324
vt 0.26258239150047302 0.39441615343093872
vt 0.25937819480895996 0.39660301804542542
vt 0.25725692510604858 0.39981952309608459
vt 0.25651302933692932 0.40359693765640259
vt 0.25732472538948059 0.40753576159477234
vt 0.25951814651489258 0.41073033213615417
vt 0.26274430751800537 0.41284525394439697
vt 0.28106212615966797 0.43876180052757263
vt 0.25551101565361023 0.41438615322113037
vt 0.30661323666572571 0.41438615322113037
vt 0.28106212615966797 0.41438615322113037
vt 0.26828658580780029 0.39001050591468811
vt 0.28106212615966797 0.40219831466674805
vt 0.22995992004871368 0.43876180052757263
vt 0.20440880954265594 0.41438615322113037
vt 0.22995992004871368 0.41438615322113037
vt 0.26828658580780029 0.43876180052757263
vt 0.25551101565361023 0.42657396197319031
vt 0.28106212615966797 0.42657396197319031
vt 0.26828658580780029 0.42657396197319031
vt 0.25551101565361023 0.46313744783401489
vt 0.30661323666572571 0.46313744783401489
vt 0.28106212615966797 0.46313744783401489
vt 0.24273549020290375 0.41438615322113037
vt 0.22995992004871368 0.40219831466674805
vt 0.24273549020290375 0.39001050591468811
vt 0.24273549020290375 0.40219831466674805
vt 0.28106212615966797 0.40829223394393921
vt 0.29383766651153564 0.41438615322113037
vt 0.29383766651153564 0.39001050591468811
vt 0.30661323666572571 0.40219831466674805
vt 0.29383766651153564 0.40219831466674805
vt 0.33216431736946106 0.43876180052757263
vt 0.33216431736946106 0.41438615322113037
vt 0.27467435598373413 0.39001050591468811
vt 0.28106212615966797 0.39610439538955688
vt 0.25551101565361023 0.3778226375579834
vt 0.28106212615966797 0.3778226375579834
vt 0.26828658580780029 0.3778226375579834
vt 0.26189878582954407 0.39001050591468811
vt 0.1460840255022049 0.36384478211402893
vt 0.14945150911808014 0.36605772376060486
vt 0.15326820313930511 0.36677029728889465
vt 0.15704943239688873 0.36599135398864746
vt 0.16025450825691223 0.36384478211402893
vt 0.16247406601905823 0.36048737168312073
vt 0.16318880021572113 0.35668212175369263
vt 0.1624075174331665 0.35291224718093872
vt 0.16025450825691223 0.34971675276756287
vt 0.15688697993755341 0.34750384092330933
vt 0.15307031571865082 0.34679120779037476
vt 0.14928910136222839 0.34757018089294434
vt 0.1460840255022049 0.34971675276756287
vt 0.14386442303657532 0.35307413339614868
vt 0.14314968883991241 0.35687941312789917
vt 0.14393097162246704 0.36064928770065308
vt 0.12775550782680511 0.39001050591468811
vt 0.10220440477132797 0.36563482880592346
vt 0.12775550782680511 0.3412591814994812
vt 0.12775550782680511 0.36563482880592346
vt 0.14053104817867279 0.36563482880592346
vt 0.12775550782680511 0.35344702005386353
vt 0.14053104817867279 0.3412591814994812
vt 0.14053104817867279 0.35344702005386353
vt 0.10220440477132797 0.31688350439071655
vt 0.12775550782680511 0.31688350439071655
vt 0.14691884815692902 0.36563482880592346
vt 0.14053104817867279 0.35954093933105469
vt 0.16608215868473053 0.36563482880592346
vt 0.16608215868473053 0.3412591814994812
vt 0.17885772883892059 0.35344702005386353
vt 0.16608215868473053 0.35344702005386353
vt 0.14053104817867279 0.39001050591468811
vt 0.12775550782680511 0.3778226375579834
vt 0.15330661833286285 0.3778226375579834
vt 0.14053104817867279 0.3778226375579834
vt 0.12775550782680511 0.43876180052757263
vt 0.10220440477132797 0.41438615322113037
vt 0.15330661833286285 0.41438615322113037
vt 0.12775550782680511 0.41438615322113037
vt 0.14691884815692902 0.3778226375579834
vt 0.14053104817867279 0.37172874808311462
vt 0.15330661833286285 0.37172874808311462
vt 0.14691884815692902 0.37172874808311462
vt 0.16608215868473053 0.39001050591468811
vt 0.17885772883892059 0.3778226375579834
vt 0.16608215868473053 0.3778226375579834
vt 0.17885772883892059 0.43876180052757263
vt 0.17885772883892059 0.41438615322113037
vt 0.15969438850879669 0.3778226375579834
vt 0.15969438850879669 0.36563482880592346
vt 0.16608215868473053 0.37172874808311462
vt 0.15969438850879669 0.37172874808311462
vt 0.16608215868473053 0.35954093933105469
vt 0.15969438850879669 0.3412591814994812
vt 0.16608215868473053 0.34735307097434998
vt 0.15969438850879669 0.34735307097434998
vt 0.15330661833286285 0.32907134294509888
vt 0.16608215868473053 0.31688350439071655
vt 0.16608215868473053 0.32907134294509888
vt 0.14053104817867279 0.34735307097434998
vt 0.14691884815692902 0.3412591814994812
vt 0.14691884815692902 0.34735307097434998
vt 0.12775550782680511 0.32907134294509888
vt 0.14053104817867279 0.31688350439071655
vt 0.14053104817867279 0.32907134294509888
vt 0.41683366894721985 0.24375656247138977
vt 0.4175775945186615 0.24753396213054657
vt 0.41969883441925049 0.25075048208236694
vt 0.42290306091308594 0.25293728709220886
vt 0.4268537163734436 0.25374656915664673
vt 0.43064245581626892 0.25300487875938416
vt 0.4338686466217041 0.25088998675346375
vt 0.4360620379447937 0.24769537150859833
vt 0.43687373399734497 0.24375656247138977
vt 0.43612983822822571 0.23997916281223297
vt 0.43400856852531433 0.2367626428604126
vt 0.43080437183380127 0.2345757931470871
vt 0.4268537163734436 0.23376652598381042
vt 0.4230649471282959 0.2345082014799118
vt 0.41983878612518311 0.2366231381893158
vt 0.41764536499977112 0.23981773853302002
vt 0.45991984009742737 0.26813220977783203
vt 0.43436872959136963 0.26813220977783203
vt 0.42159318923950195 0.26813220977783203
vt 0.40881761908531189 0.25594437122344971
vt 0.43436872959136963 0.25594437122344971
vt 0.42159318923950195 0.25594437122344971
vt 0.45991984009742737 0.21938090026378632
vt 0.43436872959136963 0.21938090026378632
vt 0.41520541906356812 0.25594437122344971
vt 0.40881761908531189 0.24985046684741974
vt 0.41520541906356812 0.24375656247138977
vt 0.41520541906356812 0.24985046684741974
vt 0.39604207873344421 0.26813220977783203
vt 0.39604207873344421 0.24375656247138977
vt 0.39604207873344421 0.25594437122344971
vt 0.40881761908531189 0.23156872391700745
vt 0.42159318923950195 0.21938090026378632
vt 0.43436872959136963 0.23156872391700745
vt 0.42159318923950195 0.23156872391700745
vt 0.40881761908531189 0.23766264319419861
vt 0.41520541906356812 0.23156872391700745
vt 0.41520541906356812 0.23766264319419861
vt 0.39604207873344421 0.21938090026378632
vt 0.39604207873344421 0.23156872391700745
vt 0.42798095941543579 0.25594437122344971
vt 0.44714429974555969 0.26813220977783203
vt 0.44714429974555969 0.24375656247138977
vt 0.45991984009742737 0.25594437122344971
vt 0.44714429974555969 0.25594437122344971
vt 0.48547095060348511 0.29250788688659668
vt 0.48547095060348511 0.24375656247138977
vt 0.48547095060348511 0.26813220977783203
vt 0.44075649976730347 0.25594437122344971
vt 0.44075649976730347 0.24375656247138977
vt 0.44714429974555969 0.24985046684741974
vt 0.44075649976730347 0.24985046684741974
vt 0.44714429974555969 0.21938090026378632
vt 0.45991984009742737 0.23156872391700745
vt 0.44714429974555969 0.23156872391700745
vt 0.48547095060348511 0.19500525295734406
vt 0.48547095060348511 0.21938090026378632
vt 0.44075649976730347 0.23156872391700745
vt 0.44714429974555969 0.23766264319419861
vt 0.44075649976730347 0.23766264319419861
vt 0.42798095941543579 0.23156872391700745
vt 0.3577154278755188 0.24375656247138977
vt 0.25551101565361023 0.24375656247138977
vt 0.54763334989547729 0.48897796869277954
vt 0.53707414865493774 0.48897796869277954
vt 0.54763334989547729 0.49303898215293884
vt 0.53707414865493774 0.49303898215293884
vt 0.54763334989547729 0.49694681167602539
vt 0.53707414865493774 0.49694681167602539
vt 0.54763334989547729 0.50083231925964355
vt 0.53707414865493774 0.50083231925964355
vt 0.54763334989547729 0.50471776723861694
vt 0.53707414865493774 0.50471776723861694
vt 0.54763334989547729 0.50877881050109863
vt 0.53707414865493774 0.50877881050109863
vt 0.54763334989547729 0.51268661022186279
vt 0.53707414865493774 0.51268661022186279
vt 0.54763334989547729 0.51657211780548096
vt 0.53707414865493774 0.51657211780548096
vt 0.54763334989547729 0.52045756578445435
vt 0.53707414865493774 0.52045756578445435
vt 0.54763334989547729 0.52451860904693604
vt 0.53707414865493774 0.52451860904693604
vt 0.54763334989547729 0.52842646837234497
vt 0.53707414865493774 0.52842646837234497
vt 0.54763334989547729 0.53231191635131836
vt 0.53707414865493774 0.53231191635131836
vt 0.54763334989547729 0.53619742393493652
vt 0.53707414865493774 0.53619742393493652
vt 0.54763334989547729 0.54025840759277344
vt 0.53707414865493774 0.54025840759277344
vt 0.54763334989547729 0.54416626691818237
vt 0.53707414865493774 0.54416626691818237
vt 0.54763334989547729 0.54805177450180054
vt 0.53707414865493774 0.54805177450180054
vt 0.54763334989547729 0.55193722248077393
vt 0.53707414865493774 0.55193722248077393
vt 0.63326650857925415 0.75
vt 0.63326650857925415 0.76202404499053955
vt 0.63723307847976685 0.75
vt 0.63723307847976685 0.76202404499053955
vt 0.64104998111724854 0.75
vt 0.64104998111724854 0.76202404499053955
vt 0.64484506845474243 0.75
vt 0.64484506845474243 0.76202404499053955
vt 0.64864015579223633 0.75
vt 0.64864015579223633 0.76202404499053955
vt 0.65260666608810425 0.75
vt 0.65260666608810425 0.76202404499053955
vt 0.65642356872558594 0.75
vt 0.65642356872558594 0.76202404499053955
vt 0.66021865606307983 0.75
vt 0.66021865606307983 0.76202404499053955
vt 0.66401374340057373 0.75
vt 0.66401374340057373 0.76202404499053955
vt 0.66798025369644165 0.75
vt 0.66798025369644165 0.76202404499053955
vt 0.67179721593856812 0.75
vt 0.67179721593856812 0.76202404499053955
vt 0.67559230327606201 0.75
vt 0.67559230327606201 0.76202404499053955
vt 0.67938733100891113 0.75
vt 0.67938733100891113 0.76202404499053955
vt 0.68335390090942383 0.75
vt 0.68335390090942383 0.76202404499053955
vt 0.68717080354690552 0.75
vt 0.68717080354690552 0.76202404499053955
vt 0.69096589088439941 0.75
vt 0.69096589088439941 0.76202404499053955
vt 0.69476097822189331 0.75
vt 0.69476097822189331 0.76202404499053955
vt 0.53560930490493774 0.48897796869277954
vt 0.52505010366439819 0.48897796869277954
vt 0.53560930490493774 0.49303898215293884
vt 0.52505010366439819 0.49303898215293884
vt 0.53560930490493774 0.49694681167602539
vt 0.52505010366439819 0.49694681167602539
vt 0.53560930490493774 0.50083231925964355
vt 0.52505010366439819 0.50083231925964355
vt 0.53560930490493774 0.50471776723861694
vt 0.52505010366439819 0.50471776723861694
vt 0.53560930490493774 0.50877881050109863
vt 0.52505010366439819 0.50877881050109863
vt 0.53560930490493774 0.51268661022186279
vt 0.52505010366439819 0.51268661022186279
vt 0.53560930490493774 0.51657211780548096
vt 0.52505010366439819 0.51657211780548096
vt 0.53560930490493774 0.52045756578445435
vt 0.52505010366439819 0.52045756578445435
vt 0.53560930490493774 0.52451860904693604
vt 0.52505010366439819 0.52451860904693604
vt 0.53560930490493774 0.52842646837234497
vt 0.52505010366439819 0.52842646837234497
vt 0.53560930490493774 0.53231191635131836
vt 0.52505010366439819 0.53231191635131836
vt 0.53560930490493774 0.53619742393493652
vt 0.52505010366439819 0.53619742393493652
vt 0.53560930490493774 0.54025840759277344
vt 0.52505010366439819 0.54025840759277344
vt 0.53560930490493774 0.54416626691818237
vt 0.52505010366439819 0.54416626691818237
vt 0.53560930490493774 0.54805177450180054
vt 0.52505010366439819 0.54805177450180054
vt 0.53560930490493774 0.55193722248077393
vt 0.52505010366439819 0.55193722248077393
vt 0.5957295298576355 0.48897796869277954
vt 0.58517032861709595 0.48897796869277954
vt 0.5957295298576355 0.49303898215293884
vt 0.58517032861709595 0.49303898215293884
vt 0.5957295298576355 0.49694681167602539
vt 0.58517032861709595 0.49694681167602539
vt 0.5957295298576355 0.50083231925964355
vt 0.58517032861709595 0.50083231925964355
vt 0.5957295298576355 0.50471776723861694
vt 0.58517032861709595 0.50471776723861694
vt 0.5957295298576355 0.50877881050109863
vt 0.58517032861709595 0.50877881050109863
vt 0.5957295298576355 0.51268661022186279
vt 0.58517032861709595 0.51268661022186279
vt 0.5957295298576355 0.51657211780548096
vt 0.58517032861709595 0.51657211780548096
vt 0.5957295298576355 0.52045756578445435
vt 0.58517032861709595 0.52045756578445435
vt 0.5957295298576355 0.52451860904693604
vt 0.58517032861709595 0.52451860904693604
vt 0.5957295298576355 0.52842646837234497
vt 0.58517032861709595 0.52842646837234497
vt 0.5957295298576355 0.53231191635131836
vt 0.58517032861709595 0.53231191635131836
vt 0.5957295298576355 0.53619742393493652
vt 0.58517032861709595 0.53619742393493652
vt 0.5957295298576355 0.54025840759277344
vt 0.58517032861709595 0.54025840759277344
vt 0.5957295298576355 0.54416626691818237
vt 0.58517032861709595 0.54416626691818237
vt 0.5957295298576355 0.54805177450180054
vt 0.58517032861709595 0.54805177450180054
vt 0.5957295298576355 0.55193722248077393
vt 0.58517032861709595 0.55193722248077393
vt 0.49953716993331909 0.48897796869277954
vt 0.48897796869277954 0.48897796869277954
vt 0.49953716993331909 0.49303898215293884
vt 0.48897796869277954 0.49303898215293884
vt 0.49953716993331909 0.49694681167602539
vt 0.48897796869277954 0.49694681167602539
vt 0.49953716993331909 0.50083231925964355
vt 0.48897796869277954 0.50083231925964355
vt 0.49953716993331909 0.50471776723861694
vt 0.48897796869277954 0.50471776723861694
vt 0.49953716993331909 0.50877881050109863
vt 0.48897796869277954 0.50877881050109863
vt 0.49953716993331909 0.51268661022186279
vt 0.48897796869277954 0.51268661022186279
vt 0.49953716993331909 0.51657211780548096
vt 0.48897796869277954 0.51657211780548096
vt 0.49953716993331909 0.52045756578445435
vt 0.48897796869277954 0.52045756578445435
vt 0.49953716993331909 0.52451860904693604
vt 0.48897796869277954 0.52451860904693604
vt 0.49953716993331909 0.52842646837234497
vt 0.48897796869277954 0.52842646837234497
vt 0.49953716993331909 0.53231191635131836
vt 0.48897796869277954 0.53231191635131836
vt 0.49953716993331909 0.53619742393493652
vt 0.48897796869277954 0.53619742393493652
vt 0.49953716993331909 0.54025840759277344
vt 0.48897796869277954 0.54025840759277344
vt 0.49953716993331909 0.54416626691818237
vt 0.48897796869277954 0.54416626691818237
vt 0.49953716993331909 0.54805177450180054
vt 0.48897796869277954 0.54805177450180054
vt 0.49953716993331909 0.55193722248077393
vt 0.48897796869277954 0.55193722248077393
vt 0.63326650857925415 0.125
vt 0.63326650857925415 0.13702404499053955
vt 0.63723307847976685 0.125
vt 0.63723307847976685 0.13702404499053955
vt 0.64104998111724854 0.125
vt 0.64104998111724854 0.13702404499053955
vt 0.64484506845474243 0.125
vt 0.64484506845474243 0.13702404499053955
vt 0.64864015579223633 0.125
vt 0.64864015579223633 0.13702404499053955
vt 0.65260666608810425 0.125
vt 0.65260666608810425 0.13702404499053955
vt 0.65642356872558594 0.125
vt 0.65642356872558594 0.13702404499053955
vt 0.66021865606307983 0.125
vt 0.66021865606307983 0.13702404499053955
vt 0.66401374340057373 0.125
vt 0.66401374340057373 0.13702404499053955
vt 0.66798025369644165 0.125
vt 0.66798025369644165 0.13702404499053955
vt 0.67179721593856812 0.125
vt 0.67179721593856812 0.13702404499053955
vt 0.67559230327606201 0.125
vt 0.67559230327606201 0.13702404499053955
vt 0.67938733100891113 0.125
vt 0.67938733100891113 0.13702404499053955
vt 0.68335390090942383 0.125
vt 0.68335390090942383 0.13702404499053955
vt 0.68717080354690552 0.125
vt 0.68717080354690552 0.13702404499053955
vt 0.69096589088439941 0.125
vt 0.69096589088439941 0.13702404499053955
vt 0.69476097822189331 0.125
vt 0.69476097822189331 0.13702404499053955
vt 0.6197776198387146 0.48897796869277954
vt 0.60921841859817505 0.48897796869277954
vt 0.6197776198387146 0.49303898215293884
vt 0.60921841859817505 0.49303898215293884
vt 0.6197776198387146 0.49694681167602539
vt 0.60921841859817505 0.49694681167602539
vt 0.6197776198387146 0.50083231925964355
vt 0.60921841859817505 0.50083231925964355
vt 0.6197776198387146 0.50471776723861694
vt 0.60921841859817505 0.50471776723861694
vt 0.6197776198387146 0.50877881050109863
vt 0.60921841859817505 0.50877881050109863
vt 0.6197776198387146 0.51268661022186279
vt 0.60921841859817505 0.51268661022186279
vt 0.6197776198387146 0.51657211780548096
vt 0.60921841859817505 0.51657211780548096
vt 0.6197776198387146 0.52045756578445435
vt 0.60921841859817505 0.52045756578445435
vt 0.6197776198387146 0.52451860904693604
vt 0.60921841859817505 0.52451860904693604
vt 0.6197776198387146 0.52842646837234497
vt 0.60921841859817505 0.52842646837234497
vt 0.6197776198387146 0.53231191635131836
vt 0.60921841859817505 0.53231191635131836
vt 0.6197776198387146 0.53619742393493652
vt 0.60921841859817505 0.53619742393493652
vt 0.6197776198387146 0.54025840759277344
vt 0.60921841859817505 0.54025840759277344
vt 0.6197776198387146 0.54416626691818237
vt 0.60921841859817505 0.54416626691818237
vt 0.6197776198387146 0.54805177450180054
vt 0.60921841859817505 0.54805177450180054
vt 0.6197776198387146 0.55193722248077393
vt 0.60921841859817505 0.55193722248077393
vt 0.63326650857925415 0.25
vt 0.63326650857925415 0.26202404499053955
vt 0.63723307847976685 0.25
vt 0.63723307847976685 0.26202404499053955
vt 0.64104998111724854 0.25
vt 0.64104998111724854 0.26202404499053955
vt 0.64484506845474243 0.25
vt 0.64484506845474243 0.26202404499053955
vt 0.64864015579223633 0.25
vt 0.64864015579223633 0.26202404499053955
vt 0.65260666608810425 0.25
vt 0.65260666608810425 0.26202404499053955
vt 0.65642356872558594 0.25
vt 0.65642356872558594 0.26202404499053955
vt 0.66021865606307983 0.25
vt 0.66021865606307983 0.26202404499053955
vt 0.66401374340057373 0.25
vt 0.66401374340057373 0.26202404499053955
vt 0.66798025369644165 0.25
vt 0.66798025369644165 0.26202404499053955
vt 0.67179721593856812 0.25
vt 0.67179721593856812 0.26202404499053955
vt 0.67559230327606201 0.25
vt 0.67559230327606201 0.26202404499053955
vt 0.67938733100891113 0.25
vt 0.67938733100891113 0.26202404499053955
vt 0.68335390090942383 0.25
vt 0.68335390090942383 0.26202404499053955
vt 0.68717080354690552 0.25
vt 0.68717080354690552 0.26202404499053955
vt 0.69096589088439941 0.25
vt 0.69096589088439941 0.26202404499053955
vt 0.69476097822189331 0.25
vt 0.69476097822189331 0.26202404499053955
vt 0.60775357484817505 0.48897796869277954
vt 0.5971943736076355 0.48897796869277954
vt 0.60775357484817505 0.49303898215293884
vt 0.5971943736076355 0.49303898215293884
vt 0.60775357484817505 0.49694681167602539
vt 0.5971943736076355 0.49694681167602539
vt 0.60775357484817505 0.50083231925964355
vt 0.5971943736076355 0.50083231925964355
vt 0.60775357484817505 0.50471776723861694
vt 0.5971943736076355 0.50471776723861694
vt 0.60775357484817505 0.50877881050109863
vt 0.5971943736076355 0.50877881050109863
vt 0.60775357484817505 0.51268661022186279
vt 0.5971943736076355 0.51268661022186279
vt 0.60775357484817505 0.51657211780548096
vt 0.5971943736076355 0.51657211780548096
vt 0.60775357484817505 0.52045756578445435
vt 0.5971943736076355 0.52045756578445435
vt 0.60775357484817505 0.52451860904693604
vt 0.5971943736076355 0.52451860904693604
vt 0.60775357484817505 0.52842646837234497
vt 0.5971943736076355 0.52842646837234497
vt 0.60775357484817505 0.53231191635131836
vt 0.5971943736076355 0.53231191635131836
vt 0.60775357484817505 0.53619742393493652
vt 0.5971943736076355 0.53619742393493652
vt 0.60775357484817505 0.54025840759277344
vt 0.5971943736076355 0.54025840759277344
vt 0.60775357484817505 0.54416626691818237
vt 0.5971943736076355 0.54416626691818237
vt 0.60775357484817505 0.54805177450180054
vt 0.5971943736076355 0.54805177450180054
vt 0.60775357484817505 0.55193722248077393
vt 0.5971943736076355 0.55193722248077393
vt 0.63326650857925415 0.625
vt 0.63326650857925415 0.63702404499053955
vt 0.63723307847976685 0.625
vt 0.63723307847976685 0.63702404499053955
vt 0.64104998111724854 0.625
vt 0.64104998111724854 0.63702404499053955
vt 0.64484506845474243 0.625
vt 0.64484506845474243 0.63702404499053955
vt 0.64864015579223633 0.625
vt 0.64864015579223633 0.63702404499053955
vt 0.65260666608810425 0.625
vt 0.65260666608810425 0.63702404499053955
vt 0.65642356872558594 0.625
vt 0.65642356872558594 0.63702404499053955
vt 0.66021865606307983 0.625
vt 0.66021865606307983 0.63702404499053955
vt 0.66401374340057373 0.625
vt 0.66401374340057373 0.63702404499053955
vt 0.66798025369644165 0.625
vt 0.66798025369644165 0.63702404499053955
vt 0.67179721593856812 0.625
vt 0.67179721593856812 0.63702404499053955
vt 0.67559230327606201 0.625
vt 0.67559230327606201 0.63702404499053955
vt 0.67938733100891113 0.625
vt 0.67938733100891113 0.63702404499053955
vt 0.68335390090942383 0.625
vt 0.68335390090942383 0.63702404499053955
vt 0.68717080354690552 0.625
vt 0.68717080354690552 0.63702404499053955
vt 0.69096589088439941 0.625
vt 0.69096589088439941 0.63702404499053955
vt 0.69476097822189331 0.625
vt 0.69476097822189331 0.63702404499053955
vt 0.63326650857925415 0.5
vt 0.63326650857925415 0.51202404499053955
vt 0.63723307847976685 0.5
vt 0.63723307847976685 0.51202404499053955
vt 0.64104998111724854 0.5
vt 0.64104998111724854 0.51202404499053955
vt 0.64484506845474243 0.5
vt 0.64484506845474243 0.51202404499053955
vt 0.64864015579223633 0.5
vt 0.64864015579223633 0.51202404499053955
vt 0.65260666608810425 0.5
vt 0.65260666608810425 0.51202404499053955
vt 0.65642356872558594 0.5
vt 0.65642356872558594 0.51202404499053955
vt 0.66021865606307983 0.5
vt 0.66021865606307983 0.51202404499053955
vt 0.66401374340057373 0.5
vt 0.66401374340057373 0.51202404499053955
vt 0.66798025369644165 0.5
vt 0.66798025369644165 0.51202404499053955
vt 0.67179721593856812 0.5
vt 0.67179721593856812 0.51202404499053955
vt 0.67559230327606201 0.5
vt 0.67559230327606201 0.51202404499053955
vt 0.67938733100891113 0.5
vt 0.67938733100891113 0.51202404499053955
vt 0.68335390090942383 0.5
vt 0.68335390090942383 0.51202404499053955
vt 0.68717080354690552 0.5
vt 0.68717080354690552 0.51202404499053955
vt 0.69096589088439941 0.5
vt 0.69096589088439941 0.51202404499053955
vt 0.69476097822189331 0.5
vt 0.69476097822189331 0.51202404499053955
vt 0.58370548486709595 0.48897796869277954
vt 0.5731462836265564 0.48897796869277954
vt 0.58370548486709595 0.49303898215293884
vt 0.5731462836265564 0.49303898215293884
vt 0.58370548486709595 0.49694681167602539
vt 0.5731462836265564 0.49694681167602539
vt 0.58370548486709595 0.50083231925964355
vt 0.5731462836265564 0.50083231925964355
vt 0.58370548486709595 0.50471776723861694
vt 0.5731462836265564 0.50471776723861694
vt 0.58370548486709595 0.50877881050109863
vt 0.5731462836265564 0.50877881050109863
vt 0.58370548486709595 0.51268661022186279
vt 0.5731462836265564 0.51268661022186279
vt 0.58370548486709595 0.51657211780548096
vt 0.5731462836265564 0.51657211780548096
vt 0.58370548486709595 0.52045756578445435
vt 0.5731462836265564 0.52045756578445435
vt 0.58370548486709595 0.52451860904693604
vt 0.5731462836265564 0.52451860904693604
vt 0.58370548486709595 0.52842646837234497
vt 0.5731462836265564 0.52842646837234497
vt 0.58370548486709595 0.53231191635131836
vt 0.5731462836265564 0.53231191635131836
vt 0.58370548486709595 0.53619742393493652
vt 0.5731462836265564 0.53619742393493652
vt 0.58370548486709595 0.54025840759277344
vt 0.5731462836265564 0.54025840759277344
vt 0.58370548486709595 0.54416626691818237
vt 0.5731462836265564 0.54416626691818237
vt 0.58370548486709595 0.54805177450180054
vt 0.5731462836265564 0.54805177450180054
vt 0.58370548486709595 0.55193722248077393
vt 0.5731462836265564 0.55193722248077393
vt 0.52358525991439819 0.48897796869277954
vt 0.51302605867385864 0.48897796869277954
vt 0.52358525991439819 0.49303898215293884
vt 0.51302605867385864 0.49303898215293884
vt 0.52358525991439819 0.49694681167602539
vt 0.51302605867385864 0.49694681167602539
vt 0.52358525991439819 0.50083231925964355
vt 0.51302605867385864 0.50083231925964355
vt 0.52358525991439819 0.50471776723861694
vt 0.51302605867385864 0.50471776723861694
vt 0.52358525991439819 0.50877881050109863
vt 0.51302605867385864 0.50877881050109863
vt 0.52358525991439819 0.51268661022186279
vt 0.51302605867385864 0.51268661022186279
vt 0.52358525991439819 0.51657211780548096
vt 0.51302605867385864 0.51657211780548096
vt 0.52358525991439819 0.52045756578445435
vt 0.51302605867385864 0.52045756578445435
vt 0.52358525991439819 0.52451860904693604
vt 0.51302605867385864 0.52451860904693604
vt 0.52358525991439819 0.52842646837234497
vt 0.51302605867385864 0.52842646837234497
vt 0.52358525991439819 0.53231191635131836
vt 0.51302605867385864 0.53231191635131836
vt 0.52358525991439819 0.53619742393493652
vt 0.51302605867385864 0.53619742393493652
vt 0.52358525991439819 0.54025840759277344
vt 0.51302605867385864 0.54025840759277344
vt 0.52358525991439819 0.54416626691818237
vt 0.51302605867385864 0.54416626691818237
vt 0.52358525991439819 0.54805177450180054
vt 0.51302605867385864 0.54805177450180054
vt 0.52358525991439819 0.55193722248077393
vt 0.51302605867385864 0.55193722248077393
vt 0.63326650857925415 0.875
vt 0.63326650857925415 0.88702404499053955
vt 0.63723307847976685 0.875
vt 0.63723307847976685 0.88702404499053955
vt 0.64104998111724854 0.875
vt 0.64104998111724854 0.88702404499053955
vt 0.64484506845474243 0.875
vt 0.64484506845474243 0.88702404499053955
vt 0.64864015579223633 0.875
vt 0.64864015579223633 0.88702404499053955
vt 0.65260666608810425 0.875
vt 0.65260666608810425 0.88702404499053955
vt 0.65642356872558594 0.875
vt 0.65642356872558594 0.88702404499053955
vt 0.66021865606307983 0.875
vt 0.66021865606307983 0.88702404499053955
vt 0.66401374340057373 0.875
vt 0.66401374340057373 0.88702404499053955
vt 0.66798025369644165 0.875
vt 0.66798025369644165 0.88702404499053955
vt 0.67179721593856812 0.875
vt 0.67179721593856812 0.88702404499053955
vt 0.67559230327606201 0.875
vt 0.67559230327606201 0.88702404499053955
vt 0.67938733100891113 0.875
vt 0.67938733100891113 0.88702404499053955
vt 0.68335390090942383 0.875
vt 0.68335390090942383 0.88702404499053955
vt 0.68717080354690552 0.875
vt 0.68717080354690552 0.88702404499053955
vt 0.69096589088439941 0.875
vt 0.69096589088439941 0.88702404499053955
vt 0.69476097822189331 0.875
vt 0.69476097822189331 0.88702404499053955
vt 0.63326650857925415 0
vt 0.63326650857925415 0.012024047784507275
vt 0.63723307847976685 0
vt 0.63723307847976685 0.012024047784507275
vt 0.64104998111724854 0
vt 0.64104998111724854 0.012024047784507275
vt 0.64484506845474243 0
vt 0.64484506845474243 0.012024047784507275
vt 0.64864015579223633 0
vt 0.64864015579223633 0.012024047784507275
vt 0.65260666608810425 0
vt 0.65260666608810425 0.012024047784507275
vt 0.65642356872558594 0
vt 0.65642356872558594 0.012024047784507275
vt 0.66021865606307983 0
vt 0.66021865606307983 0.012024047784507275
vt 0.66401374340057373 0
vt 0.66401374340057373 0.012024047784507275
vt 0.66798025369644165 0
vt 0.66798025369644165 0.012024047784507275
vt 0.67179721593856812 0
vt 0.67179721593856812 0.012024047784507275
vt 0.67559230327606201 0
vt 0.67559230327606201 0.012024047784507275
vt 0.67938733100891113 0
vt 0.67938733100891113 0.012024047784507275
vt 0.68335390090942383 0
vt 0.68335390090942383 0.012024047784507275
vt 0.68717080354690552 0
vt 0.68717080354690552 0.012024047784507275
vt 0.69096589088439941 0
vt 0.69096589088439941 0.012024047784507275
vt 0.69476097822189331 0
vt 0.69476097822189331 0.012024047784507275
vt 0.51156121492385864 0.48897796869277954
vt 0.50100201368331909 0.48897796869277954
vt 0.51156121492385864 0.49303898215293884
vt 0.50100201368331909 0.49303898215293884
vt 0.51156121492385864 0.49694681167602539
vt 0.50100201368331909 0.49694681167602539
vt 0.51156121492385864 0.50083231925964355
vt 0.50100201368331909 0.50083231925964355
vt 0.51156121492385864 0.50471776723861694
vt 0.50100201368331909 0.50471776723861694
vt 0.51156121492385864 0.50877881050109863
vt 0.50100201368331909 0.50877881050109863
vt 0.51156121492385864 0.51268661022186279
vt 0.50100201368331909 0.51268661022186279
vt 0.51156121492385864 0.51657211780548096
vt 0.50100201368331909 0.51657211780548096
vt 0.51156121492385864 0.52045756578445435
vt 0.50100201368331909 0.52045756578445435
vt 0.51156121492385864 0.52451860904693604
vt 0.50100201368331909 0.52451860904693604
vt 0.51156121492385864 0.52842646837234497
vt 0.50100201368331909 0.52842646837234497
vt 0.51156121492385864 0.53231191635131836
vt 0.50100201368331909 0.53231191635131836
vt 0.51156121492385864 0.53619742393493652
vt 0.50100201368331909 0.53619742393493652
vt 0.51156121492385864 0.54025840759277344
vt 0.50100201368331909 0.54025840759277344
vt 0.51156121492385864 0.54416626691818237
vt 0.50100201368331909 0.54416626691818237
vt 0.51156121492385864 0.54805177450180054
vt 0.50100201368331909 0.54805177450180054
vt 0.51156121492385864 0.55193722248077393
vt 0.50100201368331909 0.55193722248077393
vt 0.63326650857925415 0.375
vt 0.63326650857925415 0.38702404499053955
vt 0.63723307847976685 0.375
vt 0.63723307847976685 0.38702404499053955
vt 0.64104998111724854 0.375
vt 0.64104998111724854 0.38702404499053955
vt 0.64484506845474243 0.375
vt 0.64484506845474243 0.38702404499053955
vt 0.64864015579223633 0.375
vt 0.64864015579223633 0.38702404499053955
vt 0.65260666608810425 0.375
vt 0.65260666608810425 0.38702404499053955
vt 0.65642356872558594 0.375
vt 0.65642356872558594 0.38702404499053955
vt 0.66021865606307983 0.375
vt 0.66021865606307983 0.38702404499053955
vt 0.66401374340057373 0.375
vt 0.66401374340057373 0.38702404499053955
vt 0.66798025369644165 0.375
vt 0.66798025369644165 0.38702404499053955
vt 0.67179721593856812 0.375
vt 0.67179721593856812 0.38702404499053955
vt 0.67559230327606201 0.375
vt 0.67559230327606201 0.38702404499053955
vt 0.67938733100891113 0.375
vt 0.67938733100891113 0.38702404499053955
vt 0.68335390090942383 0.375
vt 0.68335390090942383 0.38702404499053955
vt 0.68717080354690552 0.375
vt 0.68717080354690552 0.38702404499053955
vt 0.69096589088439941 0.375
vt 0.69096589088439941 0.38702404499053955
vt 0.69476097822189331 0.375
vt 0.69476097822189331 0.38702404499053955
vn -1 0 0
vn -1 0 0
vn -1 0 0
vn -1 0 0
vn -1 0 0
vn -1 0 0
vn -1 0 0
vn -1 0 0
vn -1 0 0
vn -1 0 0
vn -1 0 0
vn -1 0 0
vn -1 0 0
vn -1 0 0
vn -1 0 0
vn -1 0 0
vn -1 0 0
vn -1 0 0
vn -1 0 0
vn -1 0 0
vn -1 0 0
vn -1 0 0
vn -1 0 0
vn -1 0 0
vn -1 0 0
vn -1 0 0
vn -1 0 0
vn -1 0 0
vn 0 0 1
vn 0 0 1
vn 0 0 1
vn 0 0 1
vn 0 0 1
vn 0 0 1
vn 0 0 1
vn 0 0 1
vn 0 0 1
vn 0 0 1
vn 0 0 1
vn 0 0 1
vn 0 0 1
vn 0 0 1
vn 0 0 1
vn 0 0 1
vn 0 0 1
vn 0 0 1
vn 0 0 1
vn 0 0 1
vn 0 0 1
vn 0 0 1
vn 0 0 1
vn 0 0 1
vn 0 0 1
vn 0 0 1
vn 0 0 1
vn 0 0 1
vn 0 0 1
vn 0 0 1
vn 1 0 0
vn 1 0 0
vn 1 0 0
vn 1 0 0
vn 1 0 0
vn 1 0 0
vn 1 0 0
vn 1 0 0
vn 1 0 0
vn 1 0 0
vn 1 0 0
vn 1 0 0
vn 1 0 0
vn 1 0 0
vn 1 0 0
vn 1 0 0
vn 1 0 0
vn 1 0 0
vn 1 0 0
vn 1 0 0
vn 1 0 0
vn 1 0 0
vn 1 0 0
vn 1 0 0
vn 1 0 0
vn 1 0 0
vn 1 0 0
vn 1 0 0
vn 0 0 -1
vn 0 0 -1
vn 0 0 -1
vn 0 0 -1
vn 0 0 -1
vn 0 0 -1
vn 0 0 -1
vn 0 0 -1
vn 0 0 -1
vn 0 0 -1
vn 0 0 -1
vn 0 0 -1
vn 0 0 -1
vn 0 0 -1
vn 0 0 -1
vn 0 0 -1
vn 0 0 -1
vn 0 0 -1
vn 0 0 -1
vn 0 0 -1
vn 0 0 -1
vn 0 0 -1
vn 0 0 -1
vn 0 0 -1
vn 0 0 -1
vn 0 0 -1
vn 0 0 -1
vn 0 0 -1
vn 0 0 -1
vn 0 0 -1
vn 0 -1 0
vn 0 -1 0
vn 0 -1 0
vn 0 -1 0
vn 0 -1 0
vn 0 -1 0
vn 0 -1 0
vn 0 -1 0
vn 0 -1 0
vn 0 -1 0
vn 0 -1 0
vn 0 -1 0
vn 0 -1 0
vn 0 -1 0
vn 0 -1 0
vn 0 -1 0
vn 0 -1 0
vn 0 -1 0
vn 0 -1 0
vn 0 -1 0
vn 0 -1 0
vn 0 -1 0
vn 0 -1 0
vn 0 -1 0
vn 0 -1 0
vn 0 -1 0
vn 0 -1 0
vn 0 -1 0
vn 0 -1 0
vn 0 -1 0
vn 0 -1 0
vn 0 -1 0
vn 0 -1 0
vn 0 -1 0
vn 0 -1 0
vn 0 -1 0
vn 0 -1 0
vn 0 -1 0
vn 0 -1 0
vn 0 -1 0
vn 0 -1 0
vn 0 -1 0
vn 0 -1 0
vn 0 -1 0
vn 0 -1 0
vn 0 -1 0
vn 0 -1 0
vn 0 -1 0
vn 0 -1 0
vn 0 -1 0
vn 0 -1 0
vn 0 -1 0
vn 0 -1 0
vn 0 -1 0
vn 0 -1 0
vn 0 -1 0
vn 0 -1 0
vn 0 -1 0
vn 0 -1 0
vn 0 -1 0
vn 0 -1 0
vn 0 -1 0
vn 0 -1 0
vn 0 -1 0
vn 0 -1 0
vn 0 -1 0
vn 0 -1 0
vn 0 -1 0
vn 0 -1 0
vn 0 -1 0
vn 0 -1 0
vn 0 -1 0
vn 0 -1 0
vn 0 -1 0
vn 0 -1 0
vn 0 -1 0
vn 0 -1 0
vn 0 -1 0
vn 0 -1 0
vn 0 -1 0
vn 0 -1 0
vn 0 -1 0
vn 0 -1 0
vn 0 -1 0
vn 0 -1 0
vn 0 -1 0
vn 0 -1 0
vn 0 -1 0
vn 0 -1 0
vn 0 -1 0
vn 0 -1 0
vn 0 -1 0
vn 0 -1 0
vn 0 -1 0
vn 0 -1 0
vn 0 -1 0
vn 0 -1 0
vn 0 -1 0
vn 0 -1 0
vn 0 -1 0
vn 0 -1 0
vn 0 -1 0
vn 0 -1 0
vn 0 -1 0
vn 0 -1 0
vn 0 -1 0
vn 0 -1 0
vn 0 -1 0
vn 0 -1 0
vn 0 -1 0
vn 0 -1 0
vn 0 -1 0
vn 0 -1 0
vn 0 -1 0
vn 0 -1 0
vn 0 -1 0
vn 0 -1 0
vn 0 -1 0
vn 0 -1 0
vn 0 -1 0
vn 0 -1 0
vn 0 -1 0
vn 0 -1 0
vn 0 -1 0
vn 0 -1 0
vn 0 -1 0
vn 0 -1 0
vn 0 -1 0
vn 0 -1 0
vn 0 -1 0
vn 0 -1 0
vn 0 -1 0
vn 0 -1 0
vn 0 -1 0
vn 0 -1 0
vn 0 -1 0
vn 0 -1 0
vn 0 -1 0
vn 0 -1 0
vn 0 -1 0
vn 0 -1 0
vn 0 -1 0
vn 0 -1 0
vn 0 -1 0
vn 0 -1 0
vn 0 -1 0
vn 0 -1 0
vn 0 -1 0
vn 0 -1 0
vn 0 -1 0
vn 0 -1 0
vn 0 -1 0
vn 0 -1 0
vn 0 -1 0
vn 0 -1 0
vn 0 -1 0
vn 0 -1 0
vn 0 -1 0
vn 0 -1 0
vn 0 -1 0
vn 0 -1 0
vn 0 -1 0
vn 0 -1 0
vn 0 -1 0
vn 0 -1 0
vn 0 -1 0
vn 0 -1 0
vn 0 -1 0
vn 0 -1 0
vn 0 -1 0
vn 0 -1 0
vn 0 -1 0
vn 0 -1 0
vn 0 -1 0
vn 0 -1 0
vn 0 -1 0
vn 0 -1 0
vn 0 -1 0
vn 0 -1 0
vn 0 -1 0
vn 0 -1 0
vn 0 -1 0
vn 0 -1 0
vn 0 -1 0
vn 0 -1 0
vn 0 -1 0
vn 0 -1 0
vn 0 -1 0
vn 0 -1 0
vn 0 -1 0
vn 0 -1 0
vn 0 -1 0
vn 0 -1 0
vn 0 -1 0
vn 0 -1 0
vn 0 -1 0
vn 0 -1 0
vn 0 -1 0
vn 0 -1 0
vn 0 -1 0
vn 0 -1 0
vn 0 -1 0
vn 0 -1 0
vn 0 -1 0
vn 0 -1 0
vn 0 -1 0
vn 0 -1 0
vn 0 -1 0
vn 0 -1 0
vn 0 -1 0
vn 0 -1 0
vn 0 -1 0
vn 0 -1 0
vn 0 -1 0
vn 0 -1 0
vn 0 -1 0
vn 0 -1 0
vn 0 -1 0
vn 0 -1 0
vn 0 -1 0
vn 0 -1 0
vn 0 -1 0
vn 0 -1 0
vn 0 -1 0
vn 0 -1 0
vn 0 -1 0
vn 0 -1 0
vn 0 -1 0
vn 0 -1 0
vn 0 -1 0
vn 0 -1 0
vn 0 -1 0
vn 0 -1 0
vn 0 -1 0
vn 0 -1 0
vn 0 -1 0
vn 0 -1 0
vn 0 -1 0
vn 0 -1 0
vn 0 -1 0
vn 0 -1 0
vn 0 -1 0
vn 0 -1 0
vn 0 -1 0
vn 0 -1 0
vn 0 -1 0
vn 0 -1 0
vn 0 -1 0
vn 0 -1 0
vn 0 -1 0
vn 0 -1 0
vn 0 -1 0
vn 0 -1 0
vn 0 -1 0
vn 0 -1 0
vn 0 -1 0
vn 0 -1 0
vn 0 -1 0
vn 0 -1 0
vn 0 -1 0
vn 0 -1 0
vn 0 -1 0
vn 0 -1 0
vn 0 -1 0
vn 0 -1 0
vn 0 -1 0
vn 0 -1 0
vn 0 -1 0
vn 0 -1 0
vn 0 -1 0
vn 0 -1 0
vn 0 -1 0
vn 0 -1 0
vn 0 -1 0
vn 0 -1 0
vn 0 -1 0
vn 0 -1 0
vn 0 -1 0
vn 0 -1 0
vn 0 -1 0
vn 0 -1 0
vn 0 -1 0
vn 0 -1 0
vn 0 -1 0
vn 0 -1 0
vn 0 -1 0
vn 0 -1 0
vn 0 -1 0
vn 0 -1 0
vn 0 -1 0
vn 0 -1 0
vn 0 -1 0
vn 0 -1 0
vn 0 -1 0
vn 0 -1 0
vn 0 -1 0
vn 0 -1 0
vn 0 -1 0
vn 0 -1 0
vn 0 -1 0
vn 0 -1 0
vn 0 -1 0
vn 0 -1 0
vn 0 -1 0
vn 0 -1 0
vn 0 -1 0
vn 0 -1 0
vn 0 -1 0
vn 0 -1 0
vn 0 -1 0
vn 0 -1 0
vn 0 -1 0
vn 0 -1 0
vn 0 -1 0
vn 0 -1 0
vn 0 -1 0
vn 0 -1 0
vn 0 -1 0
vn 0 -1 0
vn 0 -1 0
vn 0 -1 0
vn 0 -1 0
vn 0 -1 0
vn 0 -1 0
vn 0 -1 0
vn 0 -1 0
vn 0 -1 0
vn 0 -1 0
vn 0 -1 0
vn 0 -1 0
vn 0 -1 0
vn 0 -1 0
vn 0 -1 0
vn 0 -1 0
vn 0 -1 0
vn 0 -1 0
vn 0 -1 0
vn 0 -1 0
vn 0 -1 0
vn 0 -1 0
vn 0 -1 0
vn 0 -1 0
vn 0 -1 0
vn 0 -1 0
vn 0 -1 0
vn 0 -1 0
vn 0 -1 0
vn 0 -1 0
vn 0 -1 0
vn 0 -1 0
vn 0 -1 0
vn 0 -1 0
vn 0 -1 0
vn 0 -1 0
vn 0 -1 0
vn 0 -1 0
vn 0 -1 0
vn 0 -1 0
vn 0 -1 0
vn 0 -1 0
vn 0 -1 0
vn 0 -1 0
vn 0 -1 0
vn 0 -1 0
vn 0 -1 0
vn 0 -1 0
vn 0 -1 0
vn 0 -1 0
vn 0 -1 0
vn 0 -1 0
vn 0 -1 0
vn 0 -1 0
vn 0 -1 0
vn 0 -1 0
vn 0 -1 0
vn 0 -1 0
vn 0 -1 0
vn 0 -1 0
vn 0 -1 0
vn 0 -1 0
vn 0 -1 0
vn 0 -1 0
vn 0 -1 0
vn 0 -1 0
vn 0 -1 0
vn 0 -1 0
vn 0 -1 0
vn 0 -1 0
vn 0 -1 0
vn 0 -1 0
vn 0 -1 0
vn 0 -1 0
vn 0 -1 0
vn 0 -1 0
vn 0 -1 0
vn 0 -1 0
vn 0 -1 0
vn 0 -1 0
vn 0 -1 0
vn 0 -1 0
vn 0 -1 0
vn 0 -1 0
vn 0 -1 0
vn 0 -1 0
vn 0 -1 0
vn 0 -1 0
vn 0 -1 0
vn 0 -1 0
vn 0 -1 0
vn 0 -1 0
vn 0 -1 0
vn 0 -1 0
vn 0 -1 0
vn 0 -1 0
vn 0 -1 0
vn 0 -1 0
vn 0 -1 0
vn 0 -1 0
vn 0 -1 0
vn 0 -1 0
vn 0 -1 0
vn 0 -1 0
vn 0 -1 0
vn 0 -1 0
vn 0 -1 0
vn 0 -1 0
vn 0 -1 0
vn 0 -1 0
vn 0 -1 0
vn 0 -1 0
vn 0 -1 0
vn 0 -1 0
vn 0 -1 0
vn 0 -1 0
vn 0 -1 0
vn 0 -1 0
vn 0 -1 0
vn 0 -1 0
vn 0 -1 0
vn 0 -1 0
vn 0 -1 0
vn 0 -1 0
vn 0 -1 0
vn 0 -1 0
vn 0 -1 0
vn 0 -1 0
vn 0 -1 0
vn 0 -1 0
vn 0 -1 0
vn 0 -1 0
vn 0 -1 0
vn 0 -1 0
vn 0 -1 0
vn 0 -1 0
vn 0 -1 0
vn 0 -1 0
vn 0 -1 0
vn 0 -1 0
vn 0 -1 0
vn 0 -1 0
vn 0 -1 0
vn 0 -1 0
vn 0 -1 0
vn 0 -1 0
vn 0 -1 0
vn 0 -1 0
vn 0 -1 0
vn 0 -1 0
vn 0 -1 0
vn 0 -1 0
vn 0 -1 0
vn 0 -1 0
vn 0 -1 0
vn 0 -1 0
vn 0 -1 0
vn 0 -1 0
vn 0 -1 0
vn 0 -1 0
vn 0 -1 0
vn 0 -1 0
vn 0 -1 0
vn 0 -1 0
vn 0 -1 0
vn 0 -1 0
vn 0 -1 0
vn 0 -1 0
vn 0 -1 0
vn 0 -1 0
vn 0 -1 0
vn 0 -1 0
vn 0 -1 0
vn 0 -1 0
vn 0 -1 0
vn 0 -1 0
vn 0 -1 0
vn 0 -1 0
vn 0 -1 0
vn 0 -1 0
vn 0 -1 0
vn 0 -1 0
vn 0 -1 0
vn 0 -1 0
vn 0 -1 0
vn 0 -1 0
vn 0 -1 0
vn 0 -1 0
vn 0 -1 0
vn 0 -1 0
vn 0 -1 0
vn 0 -1 0
vn 0 -1 0
vn 0 -1 0
vn 0 -1 0
vn 0 -1 0
vn 0 -1 0
vn 0 -1 0
vn 0 -1 0
vn 0 -1 0
vn 0 -1 0
vn 0 -1 0
vn 0 -1 0
vn 0 -1 0
vn 0 -1 0
vn 0 -1 0
vn 0 -1 0
vn 0 -1 0
vn 0 -1 0
vn 0 -1 0
vn 0 -1 0
vn 0 -1 0
vn 0 -1 0
vn 0 -1 0
vn 0 -1 0
vn 0 -1 0
vn 0 -1 0
vn 0 -1 0
vn 0 -1 0
vn 0 -1 0
vn 0 -1 0
vn 0 -1 0
vn 0 -1 0
vn 0 -1 0
vn 0 -1 0
vn 0 -1 0
vn 0 -1 0
vn 0 -1 0
vn 0 -1 0
vn 0 -1 0
vn 0 -1 0
vn 0 -1 0
vn 0 -1 0
vn 0 -1 0
vn 0 -1 0
vn 0 -1 0
vn 0 -1 0
vn 0 -1 0
vn 0 -1 0
vn 0 -1 0
vn 0 -1 0
vn 0 -1 0
vn 0 -1 0
vn 0 -1 0
vn 0 -1 0
vn 0 -1 0
vn 0 -1 0
vn 0 -1 0
vn 0 -1 0
vn 0 -1 0
vn 0 -1 0
vn 0 -1 0
vn 0 -1 0
vn 0 -1 0
vn 0 -1 0
vn 0 -1 0
vn 0 -1 0
vn 0 -1 0
vn 0 -1 0
vn 0 -1 0
vn 0 -1 0
vn 0 -1 0
vn 0 -1 0
vn 0 -1 0
vn 0 -1 0
vn 0 -1 0
vn 0 -1 0
vn 0 -1 0
vn 0 -1 0
vn 0 -1 0
vn 0 -1 0
vn 0 -1 0
vn 0 -1 0
vn 0 -1 0
vn 0 -1 0
vn 0 -1 0
vn 0 -1 0
vn 0 -1 0
vn 0 -1 0
vn 0 -1 0
vn 0 -1 0
vn 0 -1 0
vn 0 -1 0
vn 0 -1 0
vn 0 -1 0
vn 0 -1 0
vn 0 -1 0
vn 0 -1 0
vn 0 -1 0
vn 0 -1 0
vn 0 -1 0
vn 0 -1 0
vn 0 -1 0
vn 0 -1 0
vn 0 -1 0
vn 0 -1 0
vn 0 -1 0
vn 0 -1 0
vn 0 -1 0
vn 0 -1 0
vn 0 -1 0
vn 0 -1 0
vn 0 -1 0
vn 0 -1 0
vn 0 -1 0
vn 0 -1 0
vn 0 -1 0
vn 0 -1 0
vn 0 -1 0
vn 0 -1 0
vn 0 -1 0
vn 0 -1 0
vn 0 -1 0
vn 0 -1 0
vn 0 -1 0
vn 0 -1 0
vn 0 -1 0
vn 0 -1 0
vn 0 -1 0
vn 0 -1 0
vn 0 -1 0
vn 0 -1 0
vn 0 -1 0
vn 0 -1 0
vn 0 -1 0
vn 0 -1 0
vn 0 -1 0
vn 0 -1 0
vn 0 -1 0
vn 0 -1 0
vn 0 -1 0
vn 0 -1 0
vn 0 -1 0
vn 0 -1 0
vn 0 -1 0
vn 0 -1 0
vn 0 -1 0
vn 0 -1 0
vn 0 -1 0
vn 0 -1 0
vn 0 -1 0
vn 0 -1 0
vn 0 -1 0
vn 0 -1 0
vn 0 -1 0
vn 0 -1 0
vn 0 -1 0
vn 0 -1 0
vn 0 -1 0
vn 0 -1 0
vn 0 -1 0
vn 0 -1 0
vn 0 -1 0
vn 0 -1 0
vn 0 -1 0
vn 0 -1 0
vn 0 -1 0
vn 0 -1 0
vn 0 -1 0
vn 0 -1 0
vn 0 -1 0
vn 0 -1 0
vn 0 -1 0
vn 0 -1 0
vn 0 -1 0
vn 0 -1 0
vn 0 -1 0
vn 0 -1 0
vn 0 -1 0
vn 0 -1 0
vn 0 -1 0
vn 0 -1 0
vn 0 -1 0
vn 0 -1 0
vn 0 -1 0
vn 0 -1 0
vn 0 -1 0
vn 0 -1 0
vn 0 -1 0
vn 0 -1 0
vn 0 -1 0
vn 0 -1 0
vn 0 -1 0
vn 0 -1 0
vn 0 -1 0
vn 0 -1 0
vn 0 -1 0
vn 0 -1 0
vn 0 -1 0
vn 0 -1 0
vn 0 -1 0
vn 0 -1 0
vn 0 -1 0
vn 0 -1 0
vn 0 -1 0
vn 0 -1 0
vn 0 -1 0
vn 0 -1 0
vn 0 -1 0
vn 0 -1 0
vn 0 -1 0
vn 0 -1 0
vn 0 -1 0
vn 0 -1 0
vn 0 -1 0
vn 0 -1 0
vn 0 -1 0
vn 0 -1 0
vn 0 -1 0
vn 0 -1 0
vn 0 -1 0
vn 0 -1 0
vn 0 -1 0
vn 0 -1 0
vn 0 -1 0
vn 0 -1 0
vn 0 -1 0
vn 0 -1 0
vn 0 -1 0
vn 0 -1 0
vn 0 -1 0
vn 0 -1 0
vn 0 -1 0
vn 0 -1 0
vn 0 -1 0
vn 0 -1 0
vn 0 -1 0
vn 0 -1 0
vn 0 -1 0
vn 0 -1 0
vn 0 -1 0
vn 0 -1 0
vn 0 -1 0
vn 0 -1 0
vn 0 -1 0
vn 0 -1 0
vn 0 -1 0
vn 0 -1 0
vn 0 -1 0
vn 0 -1 0
vn 0 -1 0
vn 0 -1 0
vn 0 -1 0
vn 0 -1 0
vn 0 -1 0
vn 0 -1 0
vn 0 -1 0
vn 0 -1 0
vn 0 -1 0
vn 0 -1 0
vn 0 -1 0
vn 0 -1 0
vn 0 -1 0
vn 0 -1 0
vn 0 -1 0
vn 0 -1 0
vn 0 -1 0
vn 0 -1 0
vn 0 -1 0
vn 0 -1 0
vn 0 -1 0
vn 0 -1 0
vn 0 -1 0
vn 0 -1 0
vn 0 -1 0
vn 0 -1 0
vn 0 -1 0
vn 0 -1 0
vn 0 -1 0
vn 0 -1 0
vn 0 -1 0
vn 0 -1 0
vn 0 -1 0
vn 0 -1 0
vn 0 -1 0
vn 0 -1 0
vn 0 -1 0
vn 0 -1 0
vn 0 -1 0
vn 0 -1 0
vn 0 -1 0
vn 0 -1 0
vn 0 -1 0
vn 0 -1 0
vn 0 -1 0
vn 0 -1 0
vn 0 -1 0
vn 0 -1 0
vn 0 -1 0
vn 0 -1 0
vn 0 -1 0
vn 0 -1 0
vn 0 -1 0
vn 0 -1 0
vn 0 -1 0
vn 0 -1 0
vn 0 -1 0
vn 0 -1 0
vn 0 -1 0
vn 0 -1 0
vn 0 -1 0
vn 0 -1 0
vn 0 -1 0
vn 0 -1 0
vn 0 -1 0
vn 0 -1 0
vn 0 -1 0
vn 0 -1 0
vn 0 -1 0
vn 0 -1 0
vn 0 -1 0
vn 0 -1 0
vn 0 -1 0
vn 0 -1 0
vn 0 -1 0
vn 0 -1 0
vn 0 -1 0
vn 0 -1 0
vn 0 -1 0
vn 0 -1 0
vn 0 -1 0
vn 0 -1 0
vn 0 -1 0
vn 0 -1 0
vn 0 -1 0
vn 0 -1 0
vn 0 -1 0
vn 0 -1 0
vn 0 -1 0
vn 0 -1 0
vn 0 -1 0
vn 0 -1 0
vn 0 -1 0
vn 0 -1 0
vn 0 -1 0
vn 0 -1 0
vn 0 -1 0
vn 0 -1 0
vn 0 -1 0
vn 0 -1 0
vn 0 -1 0
vn 0 -1 0
vn 0 -1 0
vn 0 -1 0
vn 0 -1 0
vn 0 -1 0
vn 0 -1 0
vn 0 -1 0
vn 0 -1 0
vn 0 -1 0
vn 0 -1 0
vn 0 -1 0
vn 0 -1 0
vn 0 -1 0
vn 0 -1 0
vn 0 -1 0
vn 0 -1 0
vn 0 -1 0
vn 0 -1 0
vn 0 -1 0
vn 0 -1 0
vn 0 -1 0
vn 0 -1 0
vn 0 -1 0
vn 0 -1 0
vn 0 -1 0
vn 0 -1 0
vn 0 -1 0
vn 0 -1 0
vn 0 -1 0
vn 0 -1 0
vn 0 -1 0
vn 0 -1 0
vn 0 -1 0
vn 0 -1 0
vn 0 -1 0
vn 0 -1 0
vn 0 -1 0
vn 0 -1 0
vn 0 -1 0
vn 0 -1 0
vn 0 -1 0
vn 0 -1 0
vn 0 -1 0
vn 0 -1 0
vn 0 -1 0
vn 0 -1 0
vn 0 -1 0
vn 0 -1 0
vn 0 -1 0
vn 0 -1 0
vn 0 -1 0
vn 0 -1 0
vn 0 -1 0
vn 0 -1 0
vn 0 -1 0
vn 0 -1 0
vn 0 -1 0
vn 0 -1 0
vn 0 -1 0
vn 0 -1 0
vn 0 -1 0
vn 0 -1 0
vn 0 -1 0
vn 0 -1 0
vn 0 -1 0
vn 0 -1 0
vn 0 -1 0
vn 0 -1 0
vn 0 -1 0
vn 0 -1 0
vn 0 -1 0
vn 0 -1 0
vn 0 -1 0
vn 0 -1 0
vn 0 -1 0
vn 0 -1 0
vn 0 -1 0
vn 0 -1 0
vn 0 -1 0
vn 0 -1 0
vn 0 -1 0
vn 0 -1 0
vn 0 -1 0
vn 0 -1 0
vn 0 -1 0
vn 0 -1 0
vn 0 -1 0
vn 0 -1 0
vn 0 -1 0
vn 0 -1 0
vn 0 -1 0
vn 0 -1 0
vn 0 -1 0
vn 0 -1 0
vn 0 -1 0
vn 0 -1 0
vn 0 -1 0
vn 0 -1 0
vn 0 -1 0
vn 0 -1 0
vn 0 -1 0
vn 0 -1 0
vn 0 -1 0
vn 0 -1 0
vn 0 -1 0
vn 0 -1 0
vn 0 -1 0
vn 0 -1 0
vn 0 -1 0
vn 0 -1 0
vn 0 -1 0
vn 0 -1 0
vn 0 -1 0
vn 0 -1 0
vn 0 -1 0
vn 0 -1 0
vn 0 -1 0
vn 0 -1 0
vn 0 -1 0
vn 0 -1 0
vn 0 -1 0
vn 0 -1 0
vn 0 -1 0
vn 0 -1 0
vn 0 -1 0
vn 0 -1 0
vn 0 -1 0
vn 0 -1 0
vn 0 -1 0
vn 0 -1 0
vn 0 -1 0
vn 0 -1 0
vn 0 -1 0
vn 0 -1 0
vn 0 -1 0
vn 0 -1 0
vn 0 -1 0
vn 0 -1 0
vn 0 -1 0
vn 0 -1 0
vn 0 -1 0
vn 0 -1 0
vn 0 -1 0
vn 0 -1 0
vn 0 -1 0
vn 0 -1 0
vn 0 -1 0
vn 0 -1 0
vn 0 -1 0
vn 0 -1 0
vn 0 -1 0
vn 0 -1 0
vn 0 -1 0
vn 0 -1 0
vn 0 -1 0
vn 0 -1 0
vn 0 -1 0
vn 0 -1 0
vn 0 -1 0
vn 0 -1 0
vn 0 -1 0
vn 0 -1 0
vn 0 -1 0
vn 0 -1 0
vn 0 -1 0
vn 0 -1 0
vn 0 -1 0
vn 0 -1 0
vn 0 -1 0
vn 0 -1 0
vn 0 -1 0
vn 0 -1 0
vn 0 -1 0
vn 0 -1 0
vn 0 -1 0
vn 0 -1 0
vn 0 -1 0
vn 0 -1 0
vn 0 -1 0
vn 0 -1 0
vn 0 -1 0
vn 0 -1 0
vn 0 -1 0
vn 0 -1 0
vn 0 -1 0
vn 0 -1 0
vn 0 -1 0
vn 0 -1 0
vn 0 -1 0
vn 0 -1 0
vn 0 -1 0
vn 0 -1 0
vn 0 -1 0
vn 0 -1 0
vn 0 -1 0
vn 0 -1 0
vn 0 -1 0
vn 0 -1 0
vn 0 -1 0
vn 0 -1 0
vn 0 -1 0
vn 0 -1 0
vn 0 -1 0
vn 0 -1 0
vn 0 -1 0
vn 0 -1 0
vn 0 -1 0
vn 0 -1 0
vn 0 -1 0
vn 0 -1 0
vn 0 -1 0
vn 0 -1 0
vn 0 -1 0
vn 0 -1 0
vn 0 -1 0
vn 0 -1 0
vn 0 -1 0
vn 0 -1 0
vn 0 -1 0
vn 0 -1 0
vn 0 -1 0
vn 0 -1 0
vn 0 -1 0
vn 0 -1 0
vn 0 -1 0
vn 0 -1 0
vn 0 -1 0
vn 0 -1 0
vn 0 -1 0
vn 0 -1 0
vn 0 -1 0
vn 0 -1 0
vn 0 -1 0
vn 0 -1 0
vn 0 -1 0
vn 0 -1 0
vn 0 -1 0
vn 0 -1 0
vn 0 -1 0
vn 0 -1 0
vn 0 -1 0
vn 0 -1 0
vn 0 -1 0
vn 0 -1 0
vn 0 -1 0
vn 0 -1 0
vn 0 -1 0
vn 0 -1 0
vn 0 -1 0
vn 0 -1 0
vn 0 -1 0
vn 0 -1 0
vn 0 -1 0
vn 0 -1 0
vn 0 -1 0
vn 0 -1 0
vn 0 -1 0
vn 0 -1 0
vn 0 -1 0
vn 0 -1 0
vn 0 -1 0
vn 0 -1 0
vn 0 -1 0
vn 0 -1 0
vn 0 -1 0
vn 0 -1 0
vn 0 -1 0
vn 0 -1 0
vn 0 -1 0
vn 0 -1 0
vn 0 -1 0
vn 0 -1 0
vn 0 -1 0
vn 0 -1 0
vn 0 -1 0
vn 0 -1 0
vn 0 -1 0
vn 0 -1 0
vn 0 -1 0
vn 0 -1 0
vn 0 -1 0
vn 0 -1 0
vn 0 -1 0
vn 0 -1 0
vn 0 -1 0
vn 0 -1 0
vn 0 -1 0
vn 0 -1 0
vn 0 -1 0
vn 0 -1 0
vn 0 -1 0
vn 0 -1 0
vn 0 -1 0
vn 0 -1 0
vn 0 -1 0
vn 0 -1 0
vn 0 -1 0
vn 0 -1 0
vn 0 -1 0
vn 0 -1 0
vn 0 -1 0
vn 0 -1 0
vn 0 -1 0
vn 0 -1 0
vn 0 -1 0
vn 0 -1 0
vn 0 1 0
vn 0 1 0
vn 0 1 0
vn 0 1 0
vn 0 1 0
vn 0 1 0
vn 0 1 0
vn 0 1 0
vn 0 1 0
vn 0 1 0
vn 0 1 0
vn 0 1 0
vn 0 1 0
vn 0 1 0
vn 0 1 0
vn 0 1 0
vn 0 1 0
vn 0 1 0
vn 0 1 0
vn 0 1 0
vn 0 1 0
vn 0 1 0
vn 0 1 0
vn 0 1 0
vn 0 1 0
vn 0 1 0
vn 0 1 0
vn 0 1 0
vn 0 1 0
vn 0 1 0
vn 0 1 0
vn 0 1 0
vn 0 1 0
vn 0 1 0
vn 0 1 0
vn 0 1 0
vn 0 1 0
vn 0 1 0
vn 0 1 0
vn 0 1 0
vn 0 1 0
vn 0 1 0
vn 0 1 0
vn 0 1 0
vn 0 1 0
vn 0 1 0
vn 0 1 0
vn 0 1 0
vn 0 1 0
vn 0 1 0
vn 0 1 0
vn 0 1 0
vn 0 1 0
vn 0 1 0
vn 0 1 0
vn 0 1 0
vn 0 1 0
vn 0 1 0
vn 0 1 0
vn 0 1 0
vn 0 1 0
vn 0 1 0
vn 0 1 0
vn 0 1 0
vn 0 1 0
vn 0 1 0
vn 0 1 0
vn 0 1 0
vn 0 1 0
vn 0 1 0
vn 0 1 0
vn 0 1 0
vn 0 1 0
vn 0 1 0
vn 0 1 0
vn 0 1 0
vn 0 1 0
vn 0 1 0
vn 0 1 0
vn 0 1 0
vn 0 1 0
vn 0 1 0
vn 0 1 0
vn 0 1 0
vn 0 1 0
vn 0 1 0
vn 0 1 0
vn 0 1 0
vn 0 1 0
vn 0 1 0
vn 0 1 0
vn 0 1 0
vn 0 1 0
vn 0 1 0
vn 0 1 0
vn 0 1 0
vn 0 1 0
vn 0 1 0
vn 0 1 0
vn 0 1 0
vn 0 1 0
vn 0 1 0
vn 0 1 0
vn 0 1 0
vn 0 1 0
vn 0 1 0
vn 0 1 0
vn 0 1 0
vn 0 1 0
vn 0 1 0
vn 0 1 0
vn 0 1 0
vn 0 1 0
vn 0 1 0
vn 0 1 0
vn 0 1 0
vn 0 1 0
vn 0 1 0
vn 0 1 0
vn 0 1 0
vn 0 1 0
vn 0 1 0
vn 0 1 0
vn 0 1 0
vn 0 1 0
vn 0 1 0
vn 0 1 0
vn 0 1 0
vn 0 1 0
vn 0 1 0
vn 0 1 0
vn 0 1 0
vn 0 1 0
vn 0 1 0
vn 0 1 0
vn 0 1 0
vn 0 1 0
vn 0 1 0
vn 0 1 0
vn 0 1 0
vn 0 1 0
vn 0 1 0
vn 0 1 0
vn 0 1 0
vn 0 1 0
vn 0 1 0
vn 0 1 0
vn 0 1 0
vn 0 1 0
vn 0 1 0
vn 0 1 0
vn 0 1 0
vn 0 1 0
vn 0 1 0
vn 0 1 0
vn 0 1 0
vn 0 1 0
vn 0 1 0
vn 0 1 0
vn 0 1 0
vn 0 1 0
vn 0 1 0
vn 0 1 0
vn 0 1 0
vn 0 1 0
vn 0 1 0
vn 0 1 0
vn 0 1 0
vn 0 1 0
vn 0 1 0
vn 0 1 0
vn 0 1 0
vn 0 1 0
vn 0 1 0
vn 0 1 0
vn 0 1 0
vn 0 1 0
vn 0 1 0
vn 0 1 0
vn 0 1 0
vn 0 1 0
vn 0 1 0
vn 0 1 0
vn 0 1 0
vn 0 1 0
vn 0 1 0
vn 0 1 0
vn 0 1 0
vn 0 1 0
vn 0 1 0
vn 0 1 0
vn 0 1 0
vn 0 1 0
vn 0 1 0
vn 0 1 0
vn 0 1 0
vn 0 1 0
vn 0 1 0
vn 0 1 0
vn 0 1 0
vn 0 1 0
vn 0 1 0
vn 0 1 0
vn 0 1 0
vn 0 1 0
vn 0 1 0
vn 0 1 0
vn 0 1 0
vn 0 1 0
vn 0 1 0
vn 0 1 0
vn 0 1 0
vn 0 1 0
vn 0 1 0
vn 0 1 0
vn 0 1 0
vn 0 1 0
vn 0 1 0
vn 0 1 0
vn 0 1 0
vn 0 1 0
vn 0 1 0
vn 0 1 0
vn 0 1 0
vn 0 1 0
vn 0 1 0
vn 0 1 0
vn 0 1 0
vn 0 1 0
vn 0 1 0
vn 0 1 0
vn 0 1 0
vn 0 1 0
vn 0 1 0
vn 0 1 0
vn 0 1 0
vn 0 1 0
vn 0 1 0
vn 0 1 0
vn 0 1 0
vn 0 1 0
vn 0 1 0
vn 0 1 0
vn 0 1 0
vn 0 1 0
vn 0 1 0
vn 0 1 0
vn 0 1 0
vn 0 1 0
vn 0 1 0
vn 0 1 0
vn 0 1 0
vn 0 1 0
vn 0 1 0
vn 0 1 0
vn 0 1 0
vn 0 1 0
vn 0 1 0
vn 0 1 0
vn 0 1 0
vn 0 1 0
vn 0 1 0
vn 0 1 0
vn 0 1 0
vn 0 1 0
vn 0 1 0
vn 0 1 0
vn 0 1 0
vn 0 1 0
vn 0 1 0
vn 0 1 0
vn 0 1 0
vn 0 1 0
vn 0 1 0
vn 0 1 0
vn 0 1 0
vn 0 1 0
vn 0 1 0
vn 0 1 0
vn 0 1 0
vn 0 1 0
vn 0 1 0
vn 0 1 0
vn 0 1 0
vn 0 1 0
vn 0 1 0
vn 0 1 0
vn 0 1 0
vn 0 1 0
vn 0 1 0
vn 0 1 0
vn 0 1 0
vn 0 1 0
vn 0 1 0
vn 0 1 0
vn 0 1 0
vn 0 1 0
vn 0 1 0
vn 0 1 0
vn 0 1 0
vn 0 1 0
vn 0 1 0
vn 0 1 0
vn 0 1 0
vn 0 1 0
vn 0 1 0
vn 0 1 0
vn 0 1 0
vn 0 1 0
vn 0 1 0
vn 0 1 0
vn 0 1 0
vn 0 1 0
vn 0 1 0
vn 0 1 0
vn 0 1 0
vn 0 1 0
vn 0 1 0
vn 0 1 0
vn 0 1 0
vn 0 1 0
vn 0 1 0
vn 0 1 0
vn 0 1 0
vn 0 1 0
vn 0 1 0
vn 0 1 0
vn 0 1 0
vn 0 1 0
vn 0 1 0
vn 0 1 0
vn 0 1 0
vn 0 1 0
vn 0 1 0
vn 0 1 0
vn 0 1 0
vn 0 1 0
vn 0 1 0
vn 0 1 0
vn 0 1 0
vn 0 1 0
vn 0 1 0
vn 0 1 0
vn 0 1 0
vn 0 1 0
vn 0 1 0
vn 0 1 0
vn 0 1 0
vn 0 1 0
vn 0 1 0
vn 0 1 0
vn 0 1 0
vn 0 1 0
vn 0 1 0
vn 0 1 0
vn 0 1 0
vn 0 1 0
vn 0 1 0
vn 0 1 0
vn 0 1 0
vn 0 1 0
vn 0 1 0
vn 0 1 0
vn 0 1 0
vn 0 1 0
vn 0 1 0
vn 0 1 0
vn 0 1 0
vn 0 1 0
vn 0 1 0
vn 0 1 0
vn 0 1 0
vn 0 1 0
vn 0 1 0
vn 0 1 0
vn 0 1 0
vn 0 1 0
vn 0 1 0
vn 0 1 0
vn 0 1 0
vn 0 1 0
vn 0 1 0
vn 0 1 0
vn 0 1 0
vn 0 1 0
vn 0 1 0
vn 0 1 0
vn 0 1 0
vn 0 1 0
vn 0 1 0
vn 0 1 0
vn 0 1 0
vn 0 1 0
vn 0 1 0
vn 0 1 0
vn 0 1 0
vn 0 1 0
vn 0 1 0
vn 0 1 0
vn 0 1 0
vn 0 1 0
vn 0 1 0
vn 0 1 0
vn 0 1 0
vn 0 1 0
vn 0 1 0
vn 0 1 0
vn 0 1 0
vn 0 1 0
vn 0 1 0
vn 0 1 0
vn 0 1 0
vn 0 1 0
vn 0 1 0
vn 0 1 0
vn 0 1 0
vn 0 1 0
vn 0 1 0
vn 0 1 0
vn 0 1 0
vn 0 1 0
vn 0 1 0
vn 0 1 0
vn 0 1 0
vn 0 1 0
vn 0 1 0
vn 0 1 0
vn 0 1 0
vn 0 1 0
vn 0 1 0
vn 0 1 0
vn 0 1 0
vn 0 1 0
vn 0 1 0
vn 0 1 0
vn 0 1 0
vn 0 1 0
vn 0 1 0
vn 0 1 0
vn 0 1 0
vn 0 1 0
vn 0 1 0
vn 0 1 0
vn 0 1 0
vn 0 1 0
vn 0 1 0
vn 0 1 0
vn 0 1 0
vn 0 1 0
vn 0 1 0
vn 0 1 0
vn 0 1 0
vn 0 1 0
vn 0 1 0
vn 0 1 0
vn 0 1 0
vn 0 1 0
vn 0 1 0
vn 0 1 0
vn 0 1 0
vn 0 1 0
vn 0 1 0
vn 0 1 0
vn 0 1 0
vn 0 1 0
vn 0 1 0
vn 0 1 0
vn 0 1 0
vn 0 1 0
vn 0 1 0
vn 0 1 0
vn 0 1 0
vn 0 1 0
vn 0 1 0
vn 0 1 0
vn 0 1 0
vn 0 1 0
vn 0 1 0
vn 0 1 0
vn 0 1 0
vn 0 1 0
vn 0 1 0
vn 0 1 0
vn 0 1 0
vn 0 1 0
vn 0 1 0
vn 0 1 0
vn 0 1 0
vn 0 1 0
vn 0 1 0
vn 0 1 0
vn 0 1 0
vn 0 1 0
vn 0 1 0
vn 0 1 0
vn 0 1 0
vn 0 1 0
vn 0 1 0
vn 0 1 0
vn 0 1 0
vn 0 1 0
vn 0 1 0
vn 0 1 0
vn 0 1 0
vn 0 1 0
vn 0 1 0
vn 0 1 0
vn 0 1 0
vn 0 1 0
vn 0 1 0
vn 0 1 0
vn 0 1 0
vn 0 1 0
vn 0 1 0
vn 0 1 0
vn 0 1 0
vn 0 1 0
vn 0 1 0
vn 0 1 0
vn 0 1 0
vn 0 1 0
vn 0 1 0
vn 0 1 0
vn 0 1 0
vn 0 1 0
vn 0 1 0
vn 0 1 0
vn 0 1 0
vn 0 1 0
vn 0 1 0
vn 0 1 0
vn 0 1 0
vn 0 1 0
vn 0 1 0
vn 0 1 0
vn 0 1 0
vn 0 1 0
vn 0 1 0
vn 0 1 0
vn 0 1 0
vn 0 1 0
vn 0 1 0
vn 0 1 0
vn 0 1 0
vn 0 1 0
vn 0 1 0
vn 0 1 0
vn 0 1 0
vn 0 1 0
vn 0 1 0
vn 0 1 0
vn 0 1 0
vn 0 1 0
vn 0 1 0
vn 0 1 0
vn 0 1 0
vn 0 1 0
vn 0 1 0
vn 0 1 0
vn 0 1 0
vn 0 1 0
vn 0 1 0
vn 0 1 0
vn 0 1 0
vn 0 1 0
vn 0 1 0
vn 0 1 0
vn 0 1 0
vn 0 1 0
vn 0 1 0
vn 0 1 0
vn 0 1 0
vn 0 1 0
vn 0 1 0
vn 0 1 0
vn 0 1 0
vn 0 1 0
vn 0 1 0
vn 0 1 0
vn 0 1 0
vn 0 1 0
vn 0 1 0
vn 0 1 0
vn 0 1 0
vn 0 1 0
vn 0 1 0
vn 0 1 0
vn 0 1 0
vn 0 1 0
vn 0 1 0
vn 0 1 0
vn 0 1 0
vn 0 1 0
vn 0 1 0
vn 0 1 0
vn 0 1 0
vn 0 1 0
vn 0 1 0
vn 0 1 0
vn 0 1 0
vn 0 1 0
vn 0 1 0
vn 0 1 0
vn 0 1 0
vn 0 1 0
vn 0 1 0
vn 0 1 0
vn 0 1 0
vn 0 1 0
vn 0 1 0
vn 0 1 0
vn 0 1 0
vn 0 1 0
vn 0 1 0
vn 0 1 0
vn 0 1 0
vn 0 1 0
vn 0 1 0
vn 0 1 0
vn 0 1 0
vn 0 1 0
vn 0 1 0
vn 0 1 0
vn 0 1 0
vn 0 1 0
vn 0 1 0
vn 0 1 0
vn 0 1 0
vn 0 1 0
vn 0 1 0
vn 0 1 0
vn 0 1 0
vn 0 1 0
vn 0 1 0
vn 0 1 0
vn 0 1 0
vn 0 1 0
vn 0 1 0
vn 0 1 0
vn 0 1 0
vn 0 1 0
vn 0 1 0
vn 0 1 0
vn 0 1 0
vn 0 1 0
vn 0 1 0
vn 0 1 0
vn 0 1 0
vn 0 1 0
vn 0 1 0
vn 0 1 0
vn 0 1 0
vn 0 1 0
vn 0 1 0
vn 0 1 0
vn 0 1 0
vn 0 1 0
vn 0 1 0
vn 0 1 0
vn 0 1 0
vn 0 1 0
vn 0 1 0
vn 0 1 0
vn 0 1 0
vn 0 1 0
vn 0 1 0
vn 0 1 0
vn 0 1 0
vn 0 1 0
vn 0 1 0
vn 0 1 0
vn 0 1 0
vn 0 1 0
vn 0 1 0
vn 0 1 0
vn 0 1 0
vn 0 1 0
vn 0 1 0
vn 0 1 0
vn 0 1 0
vn 0 1 0
vn 0 1 0
vn 0 1 0
vn 0 1 0
vn 0 1 0
vn 0 1 0
vn 0 1 0
vn 0 1 0
vn 0 1 0
vn 0 1 0
vn 0 1 0
vn 0 1 0
vn 0 1 0
vn 0 1 0
vn 0 1 0
vn 0 1 0
vn 0 1 0
vn 0 1 0
vn 0 1 0
vn 0 1 0
vn 0 1 0
vn 0 1 0
vn 0 1 0
vn 0 1 0
vn 0 1 0
vn 0 1 0
vn 0 1 0
vn 0 1 0
vn 0 1 0
vn 0 1 0
vn 0 1 0
vn 0 1 0
vn 0 1 0
vn 0 1 0
vn 0 1 0
vn 0 1 0
vn 0 1 0
vn 0 1 0
vn 0 1 0
vn 0 1 0
vn 0 1 0
vn 0 1 0
vn 0 1 0
vn 0 1 0
vn 0 1 0
vn 0 1 0
vn 0 1 0
vn 0 1 0
vn 0 1 0
vn 0 1 0
vn 0 1 0
vn 0 1 0
vn 0 1 0
vn 0 1 0
vn 0 1 0
vn 0 1 0
vn 0 1 0
vn 0 1 0
vn 0 1 0
vn 0 1 0
vn 0 1 0
vn 0 1 0
vn 0 1 0
vn 0 1 0
vn 0 1 0
vn 0 1 0
vn 0 1 0
vn 0 1 0
vn 0 1 0
vn 0 1 0
vn 0 1 0
vn 0 1 0
vn 0 1 0
vn 0 1 0
vn 0 1 0
vn 0 1 0
vn 0 1 0
vn 0 1 0
vn 0 1 0
vn 0 1 0
vn 0 1 0
vn 0 1 0
vn 0 1 0
vn 0 1 0
vn 0 1 0
vn 0 1 0
vn 0 1 0
vn 0 1 0
vn 0 1 0
vn 0 1 0
vn 0 1 0
vn 0 1 0
vn 0 1 0
vn 0 1 0
vn 0 1 0
vn 0 1 0
vn 0 1 0
vn 0 1 0
vn 0 1 0
vn 0 1 0
vn 0 1 0
vn 0 1 0
vn 0 1 0
vn 0 1 0
vn 0 1 0
vn 0 1 0
vn 0 1 0
vn 0 1 0
vn 0 1 0
vn 0 1 0
vn 0 1 0
vn 0 1 0
vn 0 1 0
vn 0 1 0
vn 0 1 0
vn 0 1 0
vn 0 1 0
vn 0 1 0
vn 0 1 0
vn 0 1 0
vn 0 1 0
vn 0 1 0
vn 0 1 0
vn 0 1 0
vn 0 1 0
vn 0 1 0
vn 0 1 0
vn 0 1 0
vn 0 1 0
vn 0 1 0
vn 0 1 0
vn 0 1 0
vn 0 1 0
vn 0 1 0
vn 0 1 0
vn 0 1 0
vn 0 1 0
vn 0 1 0
vn 0 1 0
vn 0 1 0
vn 0 1 0
vn 0 1 0
vn 0 1 0
vn 0 1 0
vn 0 1 0
vn 0 1 0
vn 0 1 0
vn 0 1 0
vn 0 1 0
vn 0 1 0
vn 0 1 0
vn 0 1 0
vn 0 1 0
vn 0 1 0
vn 0 1 0
vn 0 1 0
vn 0 1 0
vn 0 1 0
vn 0 1 0
vn 0 1 0
vn 0 1 0
vn 0 1 0
vn 0 1 0
vn 0 1 0
vn 0 1 0
vn 0 1 0
vn 0 1 0
vn 0 1 0
vn 0 1 0
vn 0 1 0
vn 0 1 0
vn 0 1 0
vn 0 1 0
vn 0 1 0
vn 0 1 0
vn 0 1 0
vn 0 1 0
vn 0 1 0
vn 0 1 0
vn 0 1 0
vn 0 1 0
vn 0 1 0
vn 0 1 0
vn 0 1 0
vn 0 1 0
vn 0 1 0
vn 0 1 0
vn 0 1 0
vn 0 1 0
vn 0 1 0
vn 0 1 0
vn 0 1 0
vn 0 1 0
vn 0 1 0
vn 0 1 0
vn 0 1 0
vn 0 1 0
vn 0 1 0
vn 0 1 0
vn 0 1 0
vn 0 1 0
vn 0 1 0
vn 0 1 0
vn 0 1 0
vn 0 1 0
vn 0 1 0
vn 0 1 0
vn 0 1 0
vn 0 1 0
vn 0 1 0
vn 0 1 0
vn 0 1 0
vn 0 1 0
vn 0 1 0
vn 0 1 0
vn 0 1 0
vn 0 1 0
vn 0 1 0
vn 0 1 0
vn 0 1 0
vn 0 1 0
vn 0 1 0
vn 0 1 0
vn 0 1 0
vn 0 1 0
vn 0 1 0
vn 0 1 0
vn 0 1 0
vn 0 1 0
vn 0 1 0
vn 0 1 0
vn 0 1 0
vn 0 1 0
vn 0 1 0
vn 0 1 0
vn 0 1 0
vn 0 1 0
vn 0 1 0
vn 0 1 0
vn 0 1 0
vn 0 1 0
vn 0 1 0
vn 0 1 0
vn 0 1 0
vn 0 1 0
vn 0 1 0
vn 0 1 0
vn 0 1 0
vn 0 1 0
vn 0 1 0
vn 0 1 0
vn 0 1 0
vn 0 1 0
vn 0 1 0
vn 0 1 0
vn 0 1 0
vn 0 1 0
vn 0 1 0
vn 0 1 0
vn 0 1 0
vn 0 1 0
vn 0 1 0
vn 0 1 0
vn 0 1 0
vn 0 1 0
vn 0 1 0
vn 0 1 0
vn 0 1 0
vn 0 1 0
vn 0 1 0
vn 0 1 0
vn 0 1 0
vn 0 1 0
vn 0 1 0
vn 0 1 0
vn 0 1 0
vn 0 1 0
vn 0 1 0
vn 0 1 0
vn 0 1 0
vn 0 1 0
vn 0 1 0
vn 0 1 0
vn 0 1 0
vn 0 1 0
vn 0 1 0
vn 0 1 0
vn 0 1 0
vn 0 1 0
vn 0 1 0
vn 0 1 0
vn 0 1 0
vn 0 1 0
vn 0 1 0
vn 0 1 0
vn 0 1 0
vn 0 1 0
vn 0 1 0
vn 0 1 0
vn 0 1 0
vn 0 1 0
vn 0 1 0
vn 0 1 0
vn 0 1 0
vn 0 1 0
vn 0 1 0
vn 0 1 0
vn 0 1 0
vn 0 1 0
vn 0 1 0
vn 0 1 0
vn 0 1 0
vn 0 1 0
vn 0 1 0
vn 0 1 0
vn 0 1 0
vn 0 1 0
vn 0 1 0
vn 0 1 0
vn 0 1 0
vn 0 1 0
vn 0 1 0
vn 0 1 0
vn 0 1 0
vn 0 1 0
vn 0 1 0
vn 0 1 0
vn 0 1 0
vn 0 1 0
vn 0 1 0
vn 0 1 0
vn 0 1 0
vn 0 1 0
vn 0 1 0
vn 0 1 0
vn 0 1 0
vn 0 1 0
vn 0 1 0
vn 0 1 0
vn 0 1 0
vn 0 1 0
vn 0 1 0
vn 0 1 0
vn 0 1 0
vn 0 1 0
vn 0 1 0
vn 0 1 0
vn 0 1 0
vn 0 1 0
vn 0 1 0
vn 0 1 0
vn 0 1 0
vn 0 1 0
vn 0 1 0
vn 0 1 0
vn 0 1 0
vn 0 1 0
vn 0 1 0
vn 0 1 0
vn 0 1 0
vn 0 1 0
vn 0 1 0
vn 0 1 0
vn 0 1 0
vn 0 1 0
vn 0 1 0
vn 0 1 0
vn 0 1 0
vn 0 1 0
vn 0 1 0
vn 0 1 0
vn 0 1 0
vn 0 1 0
vn 0 1 0
vn 0 1 0
vn 0 1 0
vn 0 1 0
vn 0 1 0
vn 0 1 0
vn 0 1 0
vn 0 1 0
vn 0 1 0
vn 0 1 0
vn 0 1 0
vn 0 1 0
vn 0 1 0
vn 0 1 0
vn 0 1 0
vn 0 1 0
vn 0 1 0
vn 0 1 0
vn 0 1 0
vn 0 1 0
vn 0 1 0
vn 0 1 0
vn 0 1 0
vn 0 1 0
vn 0 1 0
vn 0 1 0
vn 0 1 0
vn 0 1 0
vn 0 1 0
vn 0 1 0
vn 0 1 0
vn 0 1 0
vn 0 1 0
vn 0 1 0
vn 0 1 0
vn 0 1 0
vn 0 1 0
vn 0 1 0
vn 0 1 0
vn 0 1 0
vn 0 1 0
vn 0 1 0
vn 0 1 0
vn 0 1 0
vn 0 1 0
vn 0 1 0
vn 0 1 0
vn 0 1 0
vn 0 1 0
vn 0 1 0
vn 0 1 0
vn 0 1 0
vn 0 1 0
vn 0 1 0
vn 0 1 0
vn 0 1 0
vn 0 1 0
vn 0 1 0
vn 0 1 0
vn 0 1 0
vn 0 1 0
vn 0 1 0
vn 0 1 0
vn 0 1 0
vn 0 1 0
vn 0 1 0
vn 0 1 0
vn 0 1 0
vn 0 1 0
vn 0 1 0
vn 0 1 0
vn 0 1 0
vn 0 1 0
vn 0 1 0
vn 0 1 0
vn 0 1 0
vn 0 1 0
vn 0 1 0
vn 0 1 0
vn 0 1 0
vn 0 1 0
vn 0 1 0
vn 0 1 0
vn 0 1 0
vn 0 1 0
vn 0 1 0
vn 0 1 0
vn 0 1 0
vn 0 1 0
vn 0 1 0
vn 0 1 0
vn 0 1 0
vn 0 1 0
vn 0 1 0
vn 0 1 0
vn 0 1 0
vn 0 1 0
vn 0 1 0
vn 0 1 0
vn 0 1 0
vn 0 1 0
vn 0 1 0
vn 0 1 0
vn 0 1 0
vn 0 1 0
vn 0 1 0
vn 0 1 0
vn 0 1 0
vn 0 1 0
vn 0 1 0
vn 0 1 0
vn 0 1 0
vn -1 0 0
vn -1 0 0
vn -0.91899228096008301 0 -0.39427557587623596
vn -0.91899228096008301 0 -0.39427557587623596
vn -0.70008993148803711 0 -0.71405470371246338
vn -0.70008993148803711 0 -0.71405470371246338
vn -0.37811726331710815 0 -0.92575770616531372
vn -0.37811726331710815 0 -0.92575770616531372
vn 0 0 -1
vn 0 0 -1
vn 0.39427557587623596 0 -0.91899228096008301
vn 0.39427557587623596 0 -0.91899228096008301
vn 0.71405470371246338 0 -0.70008993148803711
vn 0.71405470371246338 0 -0.70008993148803711
vn 0.92575770616531372 0 -0.37811726331710815
vn 0.92575770616531372 0 -0.37811726331710815
vn 1 0 0
vn 1 0 0
vn 0.91899228096008301 0 0.39427557587623596
vn 0.91899228096008301 0 0.39427557587623596
vn 0.70008993148803711 0 0.71405470371246338
vn 0.70008993148803711 0 0.71405470371246338
vn 0.37811726331710815 0 0.92575770616531372
vn 0.37811726331710815 0 0.92575770616531372
vn 0 0 1
vn 0 0 1
vn -0.39427557587623596 0 0.91899228096008301
vn -0.39427557587623596 0 0.91899228096008301
vn -0.71405470371246338 0 0.70008993148803711
vn -0.71405470371246338 0 0.70008993148803711
vn -0.92575770616531372 0 0.37811726331710815
vn -0.92575770616531372 0 0.37811726331710815
vn -1 0 0
vn -1 0 0
vn -1 0 0
vn -1 0 0
vn -0.91899228096008301 0 -0.39427557587623596
vn -0.91899228096008301 0 -0.39427557587623596
vn -0.70008993148803711 0 -0.71405470371246338
vn -0.70008993148803711 0 -0.71405470371246338
vn -0.37811726331710815 0 -0.92575770616531372
vn -0.37811726331710815 0 -0.92575770616531372
vn 0 0 -1
vn 0 0 -1
vn 0.39427557587623596 0 -0.91899228096008301
vn 0.39427557587623596 0 -0.91899228096008301
vn 0.71405470371246338 0 -0.70008993148803711
vn 0.71405470371246338 0 -0.70008993148803711
vn 0.92575770616531372 0 -0.37811726331710815
vn 0.92575770616531372 0 -0.37811726331710815
vn 1 0 0
vn 1 0 0
vn 0.91899228096008301 0 0.39427557587623596
vn 0.91899228096008301 0 0.39427557587623596
vn 0.70008993148803711 0 0.71405470371246338
vn 0.70008993148803711 0 0.71405470371246338
vn 0.37811726331710815 0 0.92575770616531372
vn 0.37811726331710815 0 0.92575770616531372
vn 0 0 1
vn 0 0 1
vn -0.39427557587623596 0 0.91899228096008301
vn -0.39427557587623596 0 0.91899228096008301
vn -0.71405470371246338 0 0.70008993148803711
vn -0.71405470371246338 0 0.70008993148803711
vn -0.92575770616531372 0 0.37811726331710815
vn -0.92575770616531372 0 0.37811726331710815
vn -1 0 0
vn -1 0 0
vn -1 0 0
vn -1 0 0
vn -0.91899228096008301 0 -0.39427557587623596
vn -0.91899228096008301 0 -0.39427557587623596
vn -0.70008993148803711 0 -0.71405470371246338
vn -0.70008993148803711 0 -0.71405470371246338
vn -0.37811726331710815 0 -0.92575770616531372
vn -0.37811726331710815 0 -0.92575770616531372
vn 0 0 -1
vn 0 0 -1
vn 0.39427557587623596 0 -0.91899228096008301
vn 0.39427557587623596 0 -0.91899228096008301
vn 0.71405470371246338 0 -0.70008993148803711
vn 0.71405470371246338 0 -0.70008993148803711
vn 0.92575770616531372 0 -0.37811726331710815
vn 0.92575770616531372 0 -0.37811726331710815
vn 1 0 0
vn 1 0 0
vn 0.91899228096008301 0 0.39427557587623596
vn 0.91899228096008301 0 0.39427557587623596
vn 0.70008993148803711 0 0.71405470371246338
vn 0.70008993148803711 0 0.71405470371246338
vn 0.37811726331710815 0 0.92575770616531372
vn 0.37811726331710815 0 0.92575770616531372
vn 0 0 1
vn 0 0 1
vn -0.39427557587623596 0 0.91899228096008301
vn -0.39427557587623596 0 0.91899228096008301
vn -0.71405470371246338 0 0.70008993148803711
vn -0.71405470371246338 0 0.70008993148803711
vn -0.92575770616531372 0 0.37811726331710815
vn -0.92575770616531372 0 0.37811726331710815
vn -1 0 0
vn -1 0 0
vn -0.70710676908493042 0 0.70710676908493042
vn -0.70710676908493042 0 0.70710676908493042
vn -0.92862057685852051 0 0.37103074789047241
vn -0.92862057685852051 0 0.37103074789047241
vn -0.99995124340057373 0 -0.0098745692521333694
vn -0.99995124340057373 0 -0.0098745692521333694
vn -0.92197883129119873 0 -0.38724029064178467
vn -0.92197883129119873 0 -0.38724029064178467
vn -0.70710676908493042 0 -0.70710676908493042
vn -0.70710676908493042 0 -0.70710676908493042
vn -0.37103074789047241 0 -0.92862057685852051
vn -0.37103074789047241 0 -0.92862057685852051
vn 0.0098745692521333694 0 -0.99995124340057373
vn 0.0098745692521333694 0 -0.99995124340057373
vn 0.38724029064178467 0 -0.92197883129119873
vn 0.38724029064178467 0 -0.92197883129119873
vn 0.70710676908493042 0 -0.70710676908493042
vn 0.70710676908493042 0 -0.70710676908493042
vn 0.92862057685852051 0 -0.37103074789047241
vn 0.92862057685852051 0 -0.37103074789047241
vn 0.99995124340057373 0 0.0098745692521333694
vn 0.99995124340057373 0 0.0098745692521333694
vn 0.92197883129119873 0 0.38724029064178467
vn 0.92197883129119873 0 0.38724029064178467
vn 0.70710676908493042 0 0.70710676908493042
vn 0.70710676908493042 0 0.70710676908493042
vn 0.37103074789047241 0 0.92862057685852051
vn 0.37103074789047241 0 0.92862057685852051
vn -0.0098745692521333694 0 0.99995124340057373
vn -0.0098745692521333694 0 0.99995124340057373
vn -0.38724029064178467 0 0.92197883129119873
vn -0.38724029064178467 0 0.92197883129119873
vn -0.70710676908493042 0 0.70710676908493042
vn -0.70710676908493042 0 0.70710676908493042
vn 0 0 1
vn 0 0 1
vn -0.39427557587623596 0 0.91899228096008301
vn -0.39427557587623596 0 0.91899228096008301
vn -0.71405470371246338 0 0.70008993148803711
vn -0.71405470371246338 0 0.70008993148803711
vn -0.92575770616531372 0 0.37811726331710815
vn -0.92575770616531372 0 0.37811726331710815
vn -1 0 0
vn -1 0 0
vn -0.91899228096008301 0 -0.39427557587623596
vn -0.91899228096008301 0 -0.39427557587623596
vn -0.70008993148803711 0 -0.71405470371246338
vn -0.70008993148803711 0 -0.71405470371246338
vn -0.37811726331710815 0 -0.92575770616531372
vn -0.37811726331710815 0 -0.92575770616531372
vn 0 0 -1
vn 0 0 -1
vn 0.39427557587623596 0 -0.91899228096008301
vn 0.39427557587623596 0 -0.91899228096008301
vn 0.71405470371246338 0 -0.70008993148803711
vn 0.71405470371246338 0 -0.70008993148803711
vn 0.92575770616531372 0 -0.37811726331710815
vn 0.92575770616531372 0 -0.37811726331710815
vn 1 0 0
vn 1 0 0
vn 0.91899228096008301 0 0.39427557587623596
vn 0.91899228096008301 0 0.39427557587623596
vn 0.70008993148803711 0 0.71405470371246338
vn 0.70008993148803711 0 0.71405470371246338
vn 0.37811726331710815 0 0.92575770616531372
vn 0.37811726331710815 0 0.92575770616531372
vn 0 0 1
vn 0 0 1
vn 0.70710676908493042 0 0.70710676908493042
vn 0.70710676908493042 0 0.70710676908493042
vn 0.37103074789047241 0 0.92862057685852051
vn 0.37103074789047241 0 0.92862057685852051
vn -0.0098745692521333694 0 0.99995124340057373
vn -0.0098745692521333694 0 0.99995124340057373
vn -0.38724029064178467 0 0.92197883129119873
vn -0.38724029064178467 0 0.92197883129119873
vn -0.70710676908493042 0 0.70710676908493042
vn -0.70710676908493042 0 0.70710676908493042
vn -0.92862057685852051 0 0.37103074789047241
vn -0.92862057685852051 0 0.37103074789047241
vn -0.99995124340057373 0 -0.0098745692521333694
vn -0.99995124340057373 0 -0.0098745692521333694
vn -0.92197883129119873 0 -0.38724029064178467
vn -0.92197883129119873 0 -0.38724029064178467
vn -0.70710676908493042 0 -0.70710676908493042
vn -0.70710676908493042 0 -0.70710676908493042
vn -0.37103074789047241 0 -0.92862057685852051
vn -0.37103074789047241 0 -0.92862057685852051
vn 0.0098745692521333694 0 -0.99995124340057373
vn 0.0098745692521333694 0 -0.99995124340057373
vn 0.38724029064178467 0 -0.92197883129119873
vn 0.38724029064178467 0 -0.92197883129119873
vn 0.70710676908493042 0 -0.70710676908493042
vn 0.70710676908493042 0 -0.70710676908493042
vn 0.92862057685852051 0 -0.37103074789047241
vn 0.92862057685852051 0 -0.37103074789047241
vn 0.99995124340057373 0 0.0098745692521333694
vn 0.99995124340057373 0 0.0098745692521333694
vn 0.92197883129119873 0 0.38724029064178467
vn 0.92197883129119873 0 0.38724029064178467
vn 0.70710676908493042 0 0.70710676908493042
vn 0.70710676908493042 0 0.70710676908493042
vn 1 0 0
vn 1 0 0
vn 0.91899228096008301 0 0.39427557587623596
vn 0.91899228096008301 0 0.39427557587623596
vn 0.70008993148803711 0 0.71405470371246338
vn 0.70008993148803711 0 0.71405470371246338
vn 0.37811726331710815 0 0.92575770616531372
vn 0.37811726331710815 0 0.92575770616531372
vn 0 0 1
vn 0 0 1
vn -0.39427557587623596 0 0.91899228096008301
vn -0.39427557587623596 0 0.91899228096008301
vn -0.71405470371246338 0 0.70008993148803711
vn -0.71405470371246338 0 0.70008993148803711
vn -0.92575770616531372 0 0.37811726331710815
vn -0.92575770616531372 0 0.37811726331710815
vn -1 0 0
vn -1 0 0
vn -0.91899228096008301 0 -0.39427557587623596
vn -0.91899228096008301 0 -0.39427557587623596
vn -0.70008993148803711 0 -0.71405470371246338
vn -0.70008993148803711 0 -0.71405470371246338
vn -0.37811726331710815 0 -0.92575770616531372
vn -0.37811726331710815 0 -0.92575770616531372
vn 0 0 -1
vn 0 0 -1
vn 0.39427557587623596 0 -0.91899228096008301
vn 0.39427557587623596 0 -0.91899228096008301
vn 0.71405470371246338 0 -0.70008993148803711
vn 0.71405470371246338 0 -0.70008993148803711
vn 0.92575770616531372 0 -0.37811726331710815
vn 0.92575770616531372 0 -0.37811726331710815
vn 1 0 0
vn 1 0 0
vn 0.70710676908493042 0 -0.70710676908493042
vn 0.70710676908493042 0 -0.70710676908493042
vn 0.92862057685852051 0 -0.37103074789047241
vn 0.92862057685852051 0 -0.37103074789047241
vn 0.99995124340057373 0 0.0098745692521333694
vn 0.99995124340057373 0 0.0098745692521333694
vn 0.92197883129119873 0 0.38724029064178467
vn 0.92197883129119873 0 0.38724029064178467
vn 0.70710676908493042 0 0.70710676908493042
vn 0.70710676908493042 0 0.70710676908493042
vn 0.37103074789047241 0 0.92862057685852051
vn 0.37103074789047241 0 0.92862057685852051
vn -0.0098745692521333694 0 0.99995124340057373
vn -0.0098745692521333694 0 0.99995124340057373
vn -0.38724029064178467 0 0.92197883129119873
vn -0.38724029064178467 0 0.92197883129119873
vn -0.70710676908493042 0 0.70710676908493042
vn -0.70710676908493042 0 0.70710676908493042
vn -0.92862057685852051 0 0.37103074789047241
vn -0.92862057685852051 0 0.37103074789047241
vn -0.99995124340057373 0 -0.0098745692521333694
vn -0.99995124340057373 0 -0.0098745692521333694
vn -0.92197883129119873 0 -0.38724029064178467
vn -0.92197883129119873 0 -0.38724029064178467
vn -0.70710676908493042 0 -0.70710676908493042
vn -0.70710676908493042 0 -0.70710676908493042
vn -0.37103074789047241 0 -0.92862057685852051
vn -0.37103074789047241 0 -0.92862057685852051
vn 0.0098745692521333694 0 -0.99995124340057373
vn 0.0098745692521333694 0 -0.99995124340057373
vn 0.38724029064178467 0 -0.92197883129119873
vn 0.38724029064178467 0 -0.92197883129119873
vn 0.70710676908493042 0 -0.70710676908493042
vn 0.70710676908493042 0 -0.70710676908493042
vn 0 0 -1
vn 0 0 -1
vn 0.39427557587623596 0 -0.91899228096008301
vn 0.39427557587623596 0 -0.91899228096008301
vn 0.71405470371246338 0 -0.70008993148803711
vn 0.71405470371246338 0 -0.70008993148803711
vn 0.92575770616531372 0 -0.37811726331710815
vn 0.92575770616531372 0 -0.37811726331710815
vn 1 0 0
vn 1 0 0
vn 0.91899228096008301 0 0.39427557587623596
vn 0.91899228096008301 0 0.39427557587623596
vn 0.70008993148803711 0 0.71405470371246338
vn 0.70008993148803711 0 0.71405470371246338
vn 0.37811726331710815 0 0.92575770616531372
vn 0.37811726331710815 0 0.92575770616531372
vn 0 0 1
vn 0 0 1
vn -0.39427557587623596 0 0.91899228096008301
vn -0.39427557587623596 0 0.91899228096008301
vn -0.71405470371246338 0 0.70008993148803711
vn -0.71405470371246338 0 0.70008993148803711
vn -0.92575770616531372 0 0.37811726331710815
vn -0.92575770616531372 0 0.37811726331710815
vn -1 0 0
vn -1 0 0
vn -0.91899228096008301 0 -0.39427557587623596
vn -0.91899228096008301 0 -0.39427557587623596
vn -0.70008993148803711 0 -0.71405470371246338
vn -0.70008993148803711 0 -0.71405470371246338
vn -0.37811726331710815 0 -0.92575770616531372
vn -0.37811726331710815 0 -0.92575770616531372
vn 0 0 -1
vn 0 0 -1
vn -0.70710676908493042 0 -0.70710676908493042
vn -0.70710676908493042 0 -0.70710676908493042
vn -0.37103074789047241 0 -0.92862057685852051
vn -0.37103074789047241 0 -0.92862057685852051
vn 0.0098745692521333694 0 -0.99995124340057373
vn 0.0098745692521333694 0 -0.99995124340057373
vn 0.38724029064178467 0 -0.92197883129119873
vn 0.38724029064178467 0 -0.92197883129119873
vn 0.70710676908493042 0 -0.70710676908493042
vn 0.70710676908493042 0 -0.70710676908493042
vn 0.92862057685852051 0 -0.37103074789047241
vn 0.92862057685852051 0 -0.37103074789047241
vn 0.99995124340057373 0 0.0098745692521333694
vn 0.99995124340057373 0 0.0098745692521333694
vn 0.92197883129119873 0 0.38724029064178467
vn 0.92197883129119873 0 0.38724029064178467
vn 0.70710676908493042 0 0.70710676908493042
vn 0.70710676908493042 0 0.70710676908493042
vn 0.37103074789047241 0 0.92862057685852051
vn 0.37103074789047241 0 0.92862057685852051
vn -0.0098745692521333694 0 0.99995124340057373
vn -0.0098745692521333694 0 0.99995124340057373
vn -0.38724029064178467 0 0.92197883129119873
vn -0.38724029064178467 0 0.92197883129119873
vn -0.70710676908493042 0 0.70710676908493042
vn -0.70710676908493042 0 0.70710676908493042
vn -0.92862057685852051 0 0.37103074789047241
vn -0.92862057685852051 0 0.37103074789047241
vn -0.99995124340057373 0 -0.0098745692521333694
vn -0.99995124340057373 0 -0.0098745692521333694
vn -0.92197883129119873 0 -0.38724029064178467
vn -0.92197883129119873 0 -0.38724029064178467
vn -0.70710676908493042 0 -0.70710676908493042
vn -0.70710676908493042 0 -0.70710676908493042
vn -0.70710676908493042 0 0.70710676908493042
vn -0.70710676908493042 0 0.70710676908493042
vn -0.92862057685852051 0 0.37103074789047241
vn -0.92862057685852051 0 0.37103074789047241
vn -0.99995124340057373 0 -0.0098745692521333694
vn -0.99995124340057373 0 -0.0098745692521333694
vn -0.92197883129119873 0 -0.38724029064178467
vn -0.92197883129119873 0 -0.38724029064178467
vn -0.70710676908493042 0 -0.70710676908493042
vn -0.70710676908493042 0 -0.70710676908493042
vn -0.37103074789047241 0 -0.92862057685852051
vn -0.37103074789047241 0 -0.92862057685852051
vn 0.0098745692521333694 0 -0.99995124340057373
vn 0.0098745692521333694 0 -0.99995124340057373
vn 0.38724029064178467 0 -0.92197883129119873
vn 0.38724029064178467 0 -0.92197883129119873
vn 0.70710676908493042 0 -0.70710676908493042
vn 0.70710676908493042 0 -0.70710676908493042
vn 0.92862057685852051 0 -0.37103074789047241
vn 0.92862057685852051 0 -0.37103074789047241
vn 0.99995124340057373 0 0.0098745692521333694
vn 0.99995124340057373 0 0.0098745692521333694
vn 0.92197883129119873 0 0.38724029064178467
vn 0.92197883129119873 0 0.38724029064178467
vn 0.70710676908493042 0 0.70710676908493042
vn 0.70710676908493042 0 0.70710676908493042
vn 0.37103074789047241 0 0.92862057685852051
vn 0.37103074789047241 0 0.92862057685852051
vn -0.0098745692521333694 0 0.99995124340057373
vn -0.0098745692521333694 0 0.99995124340057373
vn -0.38724029064178467 0 0.92197883129119873
vn -0.38724029064178467 0 0.92197883129119873
vn -0.70710676908493042 0 0.70710676908493042
vn -0.70710676908493042 0 0.70710676908493042
vn 0 0 1
vn 0 0 1
vn -0.39427557587623596 0 0.91899228096008301
vn -0.39427557587623596 0 0.91899228096008301
vn -0.71405470371246338 0 0.70008993148803711
vn -0.71405470371246338 0 0.70008993148803711
vn -0.92575770616531372 0 0.37811726331710815
vn -0.92575770616531372 0 0.37811726331710815
vn -1 0 0
vn -1 0 0
vn -0.91899228096008301 0 -0.39427557587623596
vn -0.91899228096008301 0 -0.39427557587623596
vn -0.70008993148803711 0 -0.71405470371246338
vn -0.70008993148803711 0 -0.71405470371246338
vn -0.37811726331710815 0 -0.92575770616531372
vn -0.37811726331710815 0 -0.92575770616531372
vn 0 0 -1
vn 0 0 -1
vn 0.39427557587623596 0 -0.91899228096008301
vn 0.39427557587623596 0 -0.91899228096008301
vn 0.71405470371246338 0 -0.70008993148803711
vn 0.71405470371246338 0 -0.70008993148803711
vn 0.92575770616531372 0 -0.37811726331710815
vn 0.92575770616531372 0 -0.37811726331710815
vn 1 0 0
vn 1 0 0
vn 0.91899228096008301 0 0.39427557587623596
vn 0.91899228096008301 0 0.39427557587623596
vn 0.70008993148803711 0 0.71405470371246338
vn 0.70008993148803711 0 0.71405470371246338
vn 0.37811726331710815 0 0.92575770616531372
vn 0.37811726331710815 0 0.92575770616531372
vn 0 0 1
vn 0 0 1
vn 0.70710676908493042 0 0.70710676908493042
vn 0.70710676908493042 0 0.70710676908493042
vn 0.37103074789047241 0 0.92862057685852051
vn 0.37103074789047241 0 0.92862057685852051
vn -0.0098745692521333694 0 0.99995124340057373
vn -0.0098745692521333694 0 0.99995124340057373
vn -0.38724029064178467 0 0.92197883129119873
vn -0.38724029064178467 0 0.92197883129119873
vn -0.70710676908493042 0 0.70710676908493042
vn -0.70710676908493042 0 0.70710676908493042
vn -0.92862057685852051 0 0.37103074789047241
vn -0.92862057685852051 0 0.37103074789047241
vn -0.99995124340057373 0 -0.0098745692521333694
vn -0.99995124340057373 0 -0.0098745692521333694
vn -0.92197883129119873 0 -0.38724029064178467
vn -0.92197883129119873 0 -0.38724029064178467
vn -0.70710676908493042 0 -0.70710676908493042
vn -0.70710676908493042 0 -0.70710676908493042
vn -0.37103074789047241 0 -0.92862057685852051
vn -0.37103074789047241 0 -0.92862057685852051
vn 0.0098745692521333694 0 -0.99995124340057373
vn 0.0098745692521333694 0 -0.99995124340057373
vn 0.38724029064178467 0 -0.92197883129119873
vn 0.38724029064178467 0 -0.92197883129119873
vn 0.70710676908493042 0 -0.70710676908493042
vn 0.70710676908493042 0 -0.70710676908493042
vn 0.92862057685852051 0 -0.37103074789047241
vn 0.92862057685852051 0 -0.37103074789047241
vn 0.99995124340057373 0 0.0098745692521333694
vn 0.99995124340057373 0 0.0098745692521333694
vn 0.92197883129119873 0 0.38724029064178467
vn 0.92197883129119873 0 0.38724029064178467
vn 0.70710676908493042 0 0.70710676908493042
vn 0.70710676908493042 0 0.70710676908493042
vn 0.70710676908493042 0 -0.70710676908493042
vn 0.70710676908493042 0 -0.70710676908493042
vn 0.92862057685852051 0 -0.37103074789047241
vn 0.92862057685852051 0 -0.37103074789047241
vn 0.99995124340057373 0 0.0098745692521333694
vn 0.99995124340057373 0 0.0098745692521333694
vn 0.92197883129119873 0 0.38724029064178467
vn 0.92197883129119873 0 0.38724029064178467
vn 0.70710676908493042 0 0.70710676908493042
vn 0.70710676908493042 0 0.70710676908493042
vn 0.37103074789047241 0 0.92862057685852051
vn 0.37103074789047241 0 0.92862057685852051
vn -0.0098745692521333694 0 0.99995124340057373
vn -0.0098745692521333694 0 0.99995124340057373
vn -0.38724029064178467 0 0.92197883129119873
vn -0.38724029064178467 0 0.92197883129119873
vn -0.70710676908493042 0 0.70710676908493042
vn -0.70710676908493042 0 0.70710676908493042
vn -0.92862057685852051 0 0.37103074789047241
vn -0.92862057685852051 0 0.37103074789047241
vn -0.99995124340057373 0 -0.0098745692521333694
vn -0.99995124340057373 0 -0.0098745692521333694
vn -0.92197883129119873 0 -0.38724029064178467
vn -0.92197883129119873 0 -0.38724029064178467
vn -0.70710676908493042 0 -0.70710676908493042
vn -0.70710676908493042 0 -0.70710676908493042
vn -0.37103074789047241 0 -0.92862057685852051
vn -0.37103074789047241 0 -0.92862057685852051
vn 0.0098745692521333694 0 -0.99995124340057373
vn 0.0098745692521333694 0 -0.99995124340057373
vn 0.38724029064178467 0 -0.92197883129119873
vn 0.38724029064178467 0 -0.92197883129119873
vn 0.70710676908493042 0 -0.70710676908493042
vn 0.70710676908493042 0 -0.70710676908493042
vn 0 0 -1
vn 0 0 -1
vn 0.39427557587623596 0 -0.91899228096008301
vn 0.39427557587623596 0 -0.91899228096008301
vn 0.71405470371246338 0 -0.70008993148803711
vn 0.71405470371246338 0 -0.70008993148803711
vn 0.92575770616531372 0 -0.37811726331710815
vn 0.92575770616531372 0 -0.37811726331710815
vn 1 0 0
vn 1 0 0
vn 0.91899228096008301 0 0.39427557587623596
vn 0.91899228096008301 0 0.39427557587623596
vn 0.70008993148803711 0 0.71405470371246338
vn 0.70008993148803711 0 0.71405470371246338
vn 0.37811726331710815 0 0.92575770616531372
vn 0.37811726331710815 0 0.92575770616531372
vn 0 0 1
vn 0 0 1
vn -0.39427557587623596 0 0.91899228096008301
vn -0.39427557587623596 0 0.91899228096008301
vn -0.71405470371246338 0 0.70008993148803711
vn -0.71405470371246338 0 0.70008993148803711
vn -0.92575770616531372 0 0.37811726331710815
vn -0.92575770616531372 0 0.37811726331710815
vn -1 0 0
vn -1 0 0
vn -0.91899228096008301 0 -0.39427557587623596
vn -0.91899228096008301 0 -0.39427557587623596
vn -0.70008993148803711 0 -0.71405470371246338
vn -0.70008993148803711 0 -0.71405470371246338
vn -0.37811726331710815 0 -0.92575770616531372
vn -0.37811726331710815 0 -0.92575770616531372
vn 0 0 -1
vn 0 0 -1
vn -0.70710676908493042 0 -0.70710676908493042
vn -0.70710676908493042 0 -0.70710676908493042
vn -0.37103074789047241 0 -0.92862057685852051
vn -0.37103074789047241 0 -0.92862057685852051
vn 0.0098745692521333694 0 -0.99995124340057373
vn 0.0098745692521333694 0 -0.99995124340057373
vn 0.38724029064178467 0 -0.92197883129119873
vn 0.38724029064178467 0 -0.92197883129119873
vn 0.70710676908493042 0 -0.70710676908493042
vn 0.70710676908493042 0 -0.70710676908493042
vn 0.92862057685852051 0 -0.37103074789047241
vn 0.92862057685852051 0 -0.37103074789047241
vn 0.99995124340057373 0 0.0098745692521333694
vn 0.99995124340057373 0 0.0098745692521333694
vn 0.92197883129119873 0 0.38724029064178467
vn 0.92197883129119873 0 0.38724029064178467
vn 0.70710676908493042 0 0.70710676908493042
vn 0.70710676908493042 0 0.70710676908493042
vn 0.37103074789047241 0 0.92862057685852051
vn 0.37103074789047241 0 0.92862057685852051
vn -0.0098745692521333694 0 0.99995124340057373
vn -0.0098745692521333694 0 0.99995124340057373
vn -0.38724029064178467 0 0.92197883129119873
vn -0.38724029064178467 0 0.92197883129119873
vn -0.70710676908493042 0 0.70710676908493042
vn -0.70710676908493042 0 0.70710676908493042
vn -0.92862057685852051 0 0.37103074789047241
vn -0.92862057685852051 0 0.37103074789047241
vn -0.99995124340057373 0 -0.0098745692521333694
vn -0.99995124340057373 0 -0.0098745692521333694
vn -0.92197883129119873 0 -0.38724029064178467
vn -0.92197883129119873 0 -0.38724029064178467
vn -0.70710676908493042 0 -0.70710676908493042
vn -0.70710676908493042 0 -0.70710676908493042
vn -1 0 0
vn -1 0 0
vn -0.91899228096008301 0 0.39427557587623596
vn -0.91899228096008301 0 0.39427557587623596
vn -0.70008993148803711 0 0.71405470371246338
vn -0.70008993148803711 0 0.71405470371246338
vn -0.37811726331710815 0 0.92575770616531372
vn -0.37811726331710815 0 0.92575770616531372
vn 0 0 1
vn 0 0 1
vn 0.39427557587623596 0 0.91899228096008301
vn 0.39427557587623596 0 0.91899228096008301
vn 0.71405470371246338 0 0.70008993148803711
vn 0.71405470371246338 0 0.70008993148803711
vn 0.92575770616531372 0 0.37811726331710815
vn 0.92575770616531372 0 0.37811726331710815
vn 1 0 0
vn 1 0 0
vn 0.91899228096008301 0 -0.39427557587623596
vn 0.91899228096008301 0 -0.39427557587623596
vn 0.70008993148803711 0 -0.71405470371246338
vn 0.70008993148803711 0 -0.71405470371246338
vn 0.37811726331710815 0 -0.92575770616531372
vn 0.37811726331710815 0 -0.92575770616531372
vn 0 0 -1
vn 0 0 -1
vn -0.39427557587623596 0 -0.91899228096008301
vn -0.39427557587623596 0 -0.91899228096008301
vn -0.71405470371246338 0 -0.70008993148803711
vn -0.71405470371246338 0 -0.70008993148803711
vn -0.92575770616531372 0 -0.37811726331710815
vn -0.92575770616531372 0 -0.37811726331710815
vn -1 0 0
vn -1 0 0
f 1/1/1 5/5/5 28/28/28 2/2/2
f 5/5/5 6/6/6 27/27/27 28/28/28
f 7/7/7 8/8/8 25/25/25 26/26/26
f 9/9/9 10/10/10 23/23/23 24/24/24
f 8/8/8 9/9/9 24/24/24 25/25/25
f 7/7/7 26/26/26 27/27/27 6/6/6
f 23/23/23 10/10/10 11/11/11 22/22/22
f 12/12/12 21/21/21 22/22/22 11/11/11
f 13/13/13 20/20/20 21/21/21 12/12/12
f 15/15/15 18/18/18 19/19/19 14/14/14
f 3/3/3 4/4/4 17/17/17 16/16/16
f 16/16/16 17/17/17 18/18/18 15/15/15
f 14/14/14 19/19/19 20/20/20 13/13/13
f 35/35/35 58/58/58 30/30/30 29/29/29
f 36/36/36 57/57/57 58/58/58 35/35/35
f 38/38/38 55/55/55 56/56/56 37/37/37
f 40/40/40 53/53/53 54/54/54 39/39/39
f 39/39/39 54/54/54 55/55/55 38/38/38
f 37/37/37 56/56/56 57/57/57 36/36/36
f 31/31/31 32/32/32 53/53/53 40/40/40
f 42/42/42 51/51/51 52/52/52 41/41/41
f 43/43/43 50/50/50 51/51/51 42/42/42
f 45/45/45 48/48/48 49/49/49 44/44/44
f 33/33/33 34/34/34 47/47/47 46/46/46
f 46/46/46 47/47/47 48/48/48 45/45/45
f 44/44/44 49/49/49 50/50/50 43/43/43
f 41/41/41 52/52/52 32/32/32 31/31/31
f 63/63/63 86/86/86 60/60/60 59/59/59
f 63/63/63 64/64/64 85/85/85 86/86/86
f 66/66/66 83/83/83 84/84/84 65/65/65
f 67/67/67 68/68/68 81/81/81 82/82/82
f 67/67/67 82/82/82 83/83/83 66/66/66
f 64/64/64 65/65/65 84/84/84 85/85/85
f 68/68/68 69/69/69 80/80/80 81/81/81
f 70/70/70 79/79/79 80/80/80 69/69/69
f 71/71/71 78/78/78 79/79/79 70/70/70
f 73/73/73 76/76/76 77/77/77 72/72/72
f 61/61/61 62/62/62 75/75/75 74/74/74
f 74/74/74 75/75/75 76/76/76 73/73/73
f 72/72/72 77/77/77 78/78/78 71/71/71
f 93/93/93 116/116/116 88/88/88 87/87/87
f 94/94/94 115/115/115 116/116/116 93/93/93
f 96/96/96 113/113/113 114/114/114 95/95/95
f 97/97/97 98/98/98 111/111/111 112/112/112
f 96/96/96 97/97/97 112/112/112 113/113/113
f 95/95/95 114/114/114 115/115/115 94/94/94
f 89/89/89 90/90/90 111/111/111 98/98/98
f 99/99/99 100/100/100 109/109/109 110/110/110
f 101/101/101 108/108/108 109/109/109 100/100/100
f 103/103/103 106/106/106 107/107/107 102/102/102
f 91/91/91 92/92/92 105/105/105 104/104/104
f 104/104/104 105/105/105 106/106/106 103/103/103
f 102/102/102 107/107/107 108/108/108 101/101/101
f 110/110/110 90/90/90 89/89/89 99/99/99
f 943/943/943 946/946/946 124/124/124
f 948/948/948 943/943/943 931/931/931
f 946/946/946 943/943/943 948/948/948
f 931/931/931 123/123/123 947/947/947 948/948/948
f 986/986/986 999/999/999 130/130/130
f 999/999/999 120/120/120 121/121/121
f 120/120/120 986/986/986 129/129/129
f 986/986/986 120/120/120 999/999/999
f 1006/1006/1006 960/960/960 131/131/131
f 1000/1000/1000 1006/1006/1006 979/979/979
f 960/960/960 1006/1006/1006 1000/1000/1000
f 960/960/960 1000/1000/1000 998/998/998 122/122/122
f 1000/1000/1000 999/999/999 121/121/121 998/998/998
f 995/995/995 1000/1000/1000 979/979/979
f 999/999/999 995/995/995 130/130/130
f 1000/1000/1000 995/995/995 999/999/999
f 957/957/957 961/961/961 932/932/932
f 588/588/588 957/957/957 132/132/132
f 961/961/961 957/957/957 588/588/588
f 932/932/932 961/961/961 959/959/959 123/123/123
f 961/961/961 960/960/960 122/122/122 959/959/959
f 588/588/588 131/131/131 960/960/960 961/961/961
f 954/954/954 953/953/953 528/528/528
f 942/942/942 945/945/945 943/943/943 124/124/124
f 945/945/945 944/944/944 931/931/931 943/943/943
f 956/956/956 944/944/944 933/933/933
f 944/944/944 123/123/123 931/931/931
f 123/123/123 956/956/956 932/932/932
f 956/956/956 123/123/123 944/944/944
f 954/954/954 958/958/958 935/935/935
f 955/955/955 954/954/954 528/528/528
f 958/958/958 954/954/954 955/955/955
f 962/962/962 956/956/956 933/933/933
f 958/958/958 962/962/962 935/935/935
f 956/956/956 962/962/962 958/958/958
f 958/958/958 957/957/957 932/932/932 956/956/956
f 955/955/955 132/132/132 957/957/957 958/958/958
f 939/939/939 134/134/134 506/506/506
f 905/905/905 939/939/939 937/937/937
f 134/134/134 939/939/939 905/905/905
f 905/905/905 937/937/937 936/936/936 125/125/125
f 942/942/942 940/940/940 930/930/930
f 940/940/940 936/936/936 937/937/937
f 936/936/936 942/942/942 124/124/124
f 942/942/942 936/936/936 940/940/940
f 506/506/506 938/938/938 941/941/941 939/939/939
f 939/939/939 941/941/941 940/940/940 937/937/937
f 901/901/901 881/881/881 135/135/135
f 906/906/906 901/901/901 474/474/474
f 881/881/881 901/901/901 906/906/906
f 881/881/881 906/906/906 904/904/904 126/126/126
f 906/906/906 905/905/905 125/125/125 904/904/904
f 474/474/474 134/134/134 905/905/905 906/906/906
f 136/136/136 865/865/865 882/882/882 879/879/879
f 879/879/879 882/882/882 880/880/880 127/127/127
f 882/882/882 881/881/881 126/126/126 880/880/880
f 876/876/876 882/882/882 865/865/865
f 881/881/881 876/876/876 135/135/135
f 882/882/882 876/876/876 881/881/881
f 879/879/879 137/137/137 136/136/136
f 128/128/128 879/879/879 127/127/127
f 137/137/137 879/879/879 128/128/128
f 983/983/983 988/988/988 980/980/980
f 985/985/985 983/983/983 139/139/139
f 988/988/988 983/983/983 985/985/985
f 996/996/996 986/986/986 130/130/130
f 988/988/988 996/996/996 980/980/980
f 986/986/986 996/996/996 988/988/988
f 988/988/988 987/987/987 129/129/129 986/986/986
f 985/985/985 138/138/138 987/987/987 988/988/988
f 992/992/992 1011/1011/1011 1014/1014/1014 1012/1012/1012
f 1012/1012/1012 1014/1014/1014 1013/1013/1013 589/589/589
f 1008/1008/1008 1013/1013/1013 993/993/993
f 1013/1013/1013 1005/1005/1005 589/589/589
f 1005/1005/1005 1008/1008/1008 1007/1007/1007
f 1008/1008/1008 1005/1005/1005 1013/1013/1013
f 1005/1005/1005 1007/1007/1007 1006/1006/1006 131/131/131
f 1009/1009/1009 1006/1006/1006 1007/1007/1007
f 979/979/979 1009/1009/1009 994/994/994
f 1006/1006/1006 1009/1009/1009 979/979/979
f 1008/1008/1008 1010/1010/1010 1009/1009/1009 1007/1007/1007
f 1010/1010/1010 1001/1001/1001 994/994/994 1009/1009/1009
f 1001/1001/1001 1004/1004/1004 1002/1002/1002 994/994/994
f 1004/1004/1004 1003/1003/1003 997/997/997 1002/1002/1002
f 989/989/989 982/982/982 1003/1003/1003 1004/1004/1004
f 1002/1002/1002 979/979/979 994/994/994
f 995/995/995 1002/1002/1002 997/997/997
f 979/979/979 1002/1002/1002 995/995/995
f 997/997/997 996/996/996 130/130/130 995/995/995
f 1003/1003/1003 996/996/996 997/997/997
f 980/980/980 1003/1003/1003 982/982/982
f 996/996/996 1003/1003/1003 980/980/980
f 1024/1024/1024 981/981/981 1025/1025/1025 1026/1026/1026
f 990/990/990 980/980/980 982/982/982
f 983/983/983 990/990/990 984/984/984
f 980/980/980 990/990/990 983/983/983
f 1025/1025/1025 983/983/983 984/984/984
f 139/139/139 1025/1025/1025 981/981/981
f 983/983/983 1025/1025/1025 139/139/139
f 1016/1016/1016 585/585/585 556/556/556
f 585/585/585 529/529/529 141/141/141
f 529/529/529 1016/1016/1016 590/590/590
f 1016/1016/1016 529/529/529 585/585/585
f 529/529/529 590/590/590 588/588/588 132/132/132
f 1005/1005/1005 1017/1017/1017 589/589/589
f 1017/1017/1017 588/588/588 590/590/590
f 588/588/588 1005/1005/1005 131/131/131
f 1005/1005/1005 588/588/588 1017/1017/1017
f 556/556/556 1015/1015/1015 1018/1018/1018 1016/1016/1016
f 1016/1016/1016 1018/1018/1018 1017/1017/1017 590/590/590
f 1012/1012/1012 1018/1018/1018 992/992/992
f 1017/1017/1017 1012/1012/1012 589/589/589
f 1018/1018/1018 1012/1012/1012 1017/1017/1017
f 1015/1015/1015 140/140/140 992/992/992 1018/1018/1018
f 532/532/532 537/537/537 142/142/142
f 540/540/540 532/532/532 526/526/526
f 537/537/537 532/532/532 540/540/540
f 537/537/537 540/540/540 538/538/538 507/507/507
f 540/540/540 539/539/539 530/530/530 538/538/538
f 563/563/563 540/540/540 526/526/526
f 539/539/539 563/563/563 499/499/499
f 540/540/540 563/563/563 539/539/539
f 507/507/507 538/538/538 952/952/952 950/950/950
f 949/949/949 952/952/952 934/934/934
f 950/950/950 949/949/949 133/133/133
f 952/952/952 949/949/949 950/950/950
f 953/953/953 951/951/951 528/528/528
f 952/952/952 953/953/953 934/934/934
f 951/951/951 953/953/953 952/952/952
f 538/538/538 530/530/530 951/951/951 952/952/952
f 951/951/951 955/955/955 528/528/528
f 955/955/955 529/529/529 132/132/132
f 529/529/529 951/951/951 530/530/530
f 951/951/951 529/529/529 955/955/955
f 560/560/560 539/539/539 499/499/499
f 539/539/539 529/529/529 530/530/530
f 529/529/529 560/560/560 141/141/141
f 560/560/560 529/529/529 539/539/539
f 503/503/503 475/475/475 143/143/143
f 508/508/508 503/503/503 463/463/463
f 475/475/475 503/503/503 508/508/508
f 475/475/475 508/508/508 506/506/506 134/134/134
f 938/938/938 950/950/950 133/133/133
f 950/950/950 508/508/508 507/507/507
f 508/508/508 938/938/938 506/506/506
f 938/938/938 508/508/508 950/950/950
f 537/537/537 535/535/535 142/142/142
f 535/535/535 508/508/508 463/463/463
f 508/508/508 537/537/537 507/507/507
f 537/537/537 508/508/508 535/535/535
f 894/894/894 883/883/883 895/895/895 896/896/896
f 900/900/900 476/476/476 884/884/884
f 885/885/885 900/900/900 886/886/886
f 476/476/476 900/900/900 885/885/885
f 895/895/895 885/885/885 886/886/886
f 456/456/456 895/895/895 883/883/883
f 885/885/885 895/895/895 456/456/456
f 907/907/907 910/910/910 908/908/908 877/877/877
f 910/910/910 909/909/909 903/903/903 908/908/908
f 899/899/899 884/884/884 909/909/909 910/910/910
f 908/908/908 135/135/135 877/877/877
f 901/901/901 908/908/908 903/903/903
f 135/135/135 908/908/908 901/901/901
f 903/903/903 902/902/902 474/474/474 901/901/901
f 909/909/909 902/902/902 903/903/903
f 476/476/476 909/909/909 884/884/884
f 902/902/902 909/909/909 476/476/476
f 902/902/902 134/134/134 474/474/474
f 475/475/475 902/902/902 476/476/476
f 134/134/134 902/902/902 475/475/475
f 471/471/471 885/885/885 456/456/456
f 885/885/885 475/475/475 476/476/476
f 475/475/475 471/471/471 143/143/143
f 471/471/471 475/475/475 885/885/885
f 868/868/868 145/145/145 863/863/863
f 864/864/864 868/868/868 866/866/866
f 145/145/145 868/868/868 864/864/864
f 875/875/875 864/864/864 866/866/866
f 136/136/136 875/875/875 865/865/865
f 864/864/864 875/875/875 136/136/136
f 911/911/911 866/866/866 869/869/869
f 875/875/875 911/911/911 878/878/878
f 866/866/866 911/911/911 875/875/875
f 875/875/875 878/878/878 876/876/876 865/865/865
f 912/912/912 876/876/876 878/878/878
f 135/135/135 912/912/912 877/877/877
f 876/876/876 912/912/912 135/135/135
f 869/869/869 874/874/874 913/913/913 911/911/911
f 911/911/911 913/913/913 912/912/912 878/878/878
f 913/913/913 907/907/907 877/877/877 912/912/912
f 888/888/888 863/863/863 867/867/867
f 868/868/868 888/888/888 870/870/870
f 863/863/863 888/888/888 868/868/868
f 873/873/873 868/868/868 870/870/870
f 866/866/866 873/873/873 869/869/869
f 868/868/868 873/873/873 866/866/866
f 867/867/867 887/887/887 889/889/889 888/888/888
f 864/864/864 146/146/146 145/145/145
f 137/137/137 864/864/864 136/136/136
f 146/146/146 864/864/864 137/137/137
f 148/148/148 1030/1030/1030 1032/1032/1032 597/597/597
f 1028/1028/1028 985/985/985 139/139/139
f 1032/1032/1032 1028/1028/1028 597/597/597
f 985/985/985 1028/1028/1028 1032/1032/1032
f 1032/1032/1032 1031/1031/1031 138/138/138 985/985/985
f 1030/1030/1030 147/147/147 1031/1031/1031 1032/1032/1032
f 593/593/593 1020/1020/1020 557/557/557
f 1020/1020/1020 595/595/595 598/598/598
f 595/595/595 593/593/593 149/149/149
f 593/593/593 595/595/595 1020/1020/1020
f 557/557/557 1020/1020/1020 1023/1023/1023 1021/1021/1021
f 1021/1021/1021 1023/1023/1023 991/991/991 140/140/140
f 1019/1019/1019 1022/1022/1022 596/596/596
f 1023/1023/1023 1019/1019/1019 991/991/991
f 1022/1022/1022 1019/1019/1019 1023/1023/1023
f 1020/1020/1020 598/598/598 1022/1022/1022 1023/1023/1023
f 598/598/598 1027/1027/1027 1029/1029/1029 1022/1022/1022
f 1024/1024/1024 1029/1029/1029 981/981/981
f 1022/1022/1022 1024/1024/1024 596/596/596
f 1029/1029/1029 1024/1024/1024 1022/1022/1022
f 1029/1029/1029 1028/1028/1028 139/139/139 981/981/981
f 1027/1027/1027 597/597/597 1028/1028/1028 1029/1029/1029
f 1027/1027/1027 148/148/148 597/597/597
f 595/595/595 1027/1027/1027 598/598/598
f 148/148/148 1027/1027/1027 595/595/595
f 554/554/554 601/601/601 599/599/599
f 599/599/599 601/601/601 600/600/600 500/500/500
f 601/601/601 582/582/582 600/600/600
f 583/583/583 584/584/584 558/558/558
f 600/600/600 561/561/561 500/500/500
f 587/587/587 600/600/600 582/582/582
f 561/561/561 600/600/600 587/587/587
f 561/561/561 587/587/587 585/585/585 141/141/141
f 587/587/587 586/586/586 556/556/556 585/585/585
f 583/583/583 587/587/587 582/582/582
f 586/586/586 583/583/583 558/558/558
f 587/587/587 583/583/583 586/586/586
f 592/592/592 1021/1021/1021 1015/1015/1015 586/586/586
f 592/592/592 586/586/586 558/558/558
f 586/586/586 1015/1015/1015 556/556/556
f 1015/1015/1015 1021/1021/1021 140/140/140
f 1021/1021/1021 592/592/592 557/557/557
f 620/620/620 619/619/619 594/594/594 618/618/618
f 617/617/617 591/591/591 619/619/619 620/620/620
f 594/594/594 593/593/593 557/557/557 592/592/592
f 619/619/619 593/593/593 594/594/594
f 149/149/149 619/619/619 591/591/591
f 593/593/593 619/619/619 149/149/149
f 545/545/545 542/542/542 544/544/544
f 151/151/151 545/545/545 497/497/497
f 542/542/542 545/545/545 151/151/151
f 497/497/497 545/545/545 548/548/548 546/546/546
f 545/545/545 544/544/544 547/547/547 548/548/548
f 544/544/544 549/549/549 551/551/551 547/547/547
f 501/501/501 551/551/551 550/550/550
f 549/549/549 543/543/543 550/550/550 551/551/551
f 549/549/549 400/400/400 543/543/543
f 542/542/542 549/549/549 544/544/544
f 400/400/400 549/549/549 542/542/542
f 531/531/531 534/534/534 532/532/532 142/142/142
f 533/533/533 565/565/565 563/563/563 526/526/526
f 565/565/565 564/564/564 499/499/499 563/563/563
f 559/559/559 562/562/562 527/527/527
f 553/553/553 559/559/559 501/501/501
f 562/562/562 559/559/559 553/553/553
f 564/564/564 560/560/560 499/499/499
f 562/562/562 564/564/564 527/527/527
f 560/560/560 564/564/564 562/562/562
f 562/562/562 561/561/561 141/141/141 560/560/560
f 553/553/553 500/500/500 561/561/561 562/562/562
f 400/400/400 552/552/552 555/555/555 543/543/543
f 550/550/550 553/553/553 501/501/501
f 555/555/555 550/550/550 543/543/543
f 553/553/553 550/550/550 555/555/555
f 599/599/599 555/555/555 554/554/554
f 553/553/553 599/599/599 500/500/500
f 555/555/555 599/599/599 553/553/553
f 602/602/602 552/552/552 150/150/150
f 555/555/555 602/602/602 554/554/554
f 552/552/552 602/602/602 555/555/555
f 494/494/494 493/493/493 478/478/478 492/492/492
f 491/491/491 352/352/352 493/493/493 494/494/494
f 502/502/502 472/472/472 457/457/457
f 505/505/505 502/502/502 477/477/477
f 472/472/472 502/502/502 505/505/505
f 472/472/472 505/505/505 503/503/503 143/143/143
f 505/505/505 504/504/504 463/463/463 503/503/503
f 477/477/477 465/465/465 504/504/504 505/505/505
f 465/465/465 496/496/496 536/536/536 504/504/504
f 504/504/504 536/536/536 535/535/535 463/463/463
f 531/531/531 536/536/536 525/525/525
f 535/535/535 531/531/531 142/142/142
f 536/536/536 531/531/531 535/535/535
f 541/541/541 496/496/496 464/464/464
f 536/536/536 541/541/541 525/525/525
f 496/496/496 541/541/541 536/536/536
f 493/493/493 498/498/498 478/478/478
f 495/495/495 493/493/493 352/352/352
f 498/498/498 493/493/493 495/495/495
f 478/478/478 498/498/498 496/496/496 465/465/465
f 546/546/546 498/498/498 497/497/497
f 496/496/496 546/546/546 464/464/464
f 498/498/498 546/546/546 496/496/496
f 495/495/495 151/151/151 497/497/497 498/498/498
f 897/897/897 460/460/460 458/458/458
f 460/460/460 152/152/152 320/320/320
f 152/152/152 897/897/897 455/455/455
f 897/897/897 152/152/152 460/460/460
f 455/455/455 897/897/897 898/898/898 892/892/892
f 894/894/894 898/898/898 883/883/883
f 892/892/892 894/894/894 144/144/144
f 898/898/898 894/894/894 892/892/892
f 898/898/898 470/470/470 456/456/456 883/883/883
f 897/897/897 458/458/458 470/470/470 898/898/898
f 458/458/458 461/461/461 473/473/473 470/470/470
f 470/470/470 473/473/473 471/471/471 456/456/456
f 473/473/473 472/472/472 143/143/143 471/471/471
f 468/468/468 473/473/473 461/461/461
f 472/472/472 468/468/468 457/457/457
f 473/473/473 468/468/468 472/472/472
f 480/480/480 320/320/320 459/459/459
f 460/460/460 480/480/480 462/462/462
f 320/320/320 480/480/480 460/460/460
f 467/467/467 460/460/460 462/462/462
f 458/458/458 467/467/467 461/461/461
f 460/460/460 467/467/467 458/458/458
f 462/462/462 466/466/466 469/469/469 467/467/467
f 467/467/467 469/469/469 468/468/468 461/461/461
f 469/469/469 457/457/457 468/468/468
f 459/459/459 479/479/479 481/481/481 480/480/480
f 480/480/480 481/481/481 466/466/466 462/462/462
f 153/153/153 274/274/274 872/872/872 871/871/871
f 891/891/891 871/871/871 872/872/872
f 145/145/145 891/891/891 863/863/863
f 871/871/871 891/891/891 145/145/145
f 872/872/872 890/890/890 893/893/893 891/891/891
f 891/891/891 893/893/893 867/867/867 863/863/863
f 887/887/887 892/892/892 144/144/144
f 893/893/893 887/887/887 867/867/867
f 892/892/892 887/887/887 893/893/893
f 890/890/890 455/455/455 892/892/892 893/893/893
f 890/890/890 152/152/152 455/455/455
f 274/274/274 890/890/890 872/872/872
f 152/152/152 890/890/890 274/274/274
f 871/871/871 265/265/265 153/153/153
f 265/265/265 146/146/146 154/154/154
f 146/146/146 871/871/871 145/145/145
f 871/871/871 146/146/146 265/265/265
f 1272/1272/1272 1275/1275/1275 1241/1241/1241
f 1265/1265/1265 1272/1272/1272 155/155/155
f 1275/1275/1275 1272/1272/1272 1265/1265/1265
f 1241/1241/1241 1275/1275/1275 1274/1274/1274 147/147/147
f 156/156/156 1245/1245/1245 1256/1256/1256 1254/1254/1254
f 1254/1254/1254 1256/1256/1256 1255/1255/1255 1250/1250/1250
f 1255/1255/1255 615/615/615 1250/1250/1250
f 1251/1251/1251 1255/1255/1255 1253/1253/1253
f 615/615/615 1255/1255/1255 1251/1251/1251
f 1279/1279/1279 1251/1251/1251 1253/1253/1253
f 1242/1242/1242 1279/1279/1279 1252/1252/1252
f 1251/1251/1251 1279/1279/1279 1242/1242/1242
f 1251/1251/1251 148/148/148 615/615/615
f 1030/1030/1030 1251/1251/1251 1242/1242/1242
f 148/148/148 1251/1251/1251 1030/1030/1030
f 1271/1271/1271 1030/1030/1030 1242/1242/1242
f 147/147/147 1271/1271/1271 1241/1241/1241
f 1030/1030/1030 1271/1271/1271 147/147/147
f 1278/1278/1278 1277/1277/1277 1273/1273/1273 1276/1276/1276
f 1268/1268/1268 1261/1261/1261 1277/1277/1277 1278/1278/1278
f 1276/1276/1276 1242/1242/1242 1252/1252/1252
f 1271/1271/1271 1276/1276/1276 1273/1273/1273
f 1242/1242/1242 1276/1276/1276 1271/1271/1271
f 1273/1273/1273 1272/1272/1272 1241/1241/1241 1271/1271/1271
f 1277/1277/1277 1272/1272/1272 1273/1273/1273
f 155/155/155 1277/1277/1277 1261/1261/1261
f 1272/1272/1272 1277/1277/1277 155/155/155
f 646/646/646 655/655/655 653/653/653 437/437/437
f 655/655/655 654/654/654 616/616/616 653/653/653
f 649/649/649 614/614/614 654/654/654 655/655/655
f 653/653/653 612/612/612 437/437/437
f 612/612/612 595/595/595 149/149/149
f 595/595/595 653/653/653 616/616/616
f 653/653/653 595/595/595 612/612/612
f 1257/1257/1257 595/595/595 616/616/616
f 148/148/148 1257/1257/1257 615/615/615
f 595/595/595 1257/1257/1257 148/148/148
f 614/614/614 1248/1248/1248 1258/1258/1258 654/654/654
f 654/654/654 1258/1258/1258 1257/1257/1257 616/616/616
f 1258/1258/1258 1250/1250/1250 615/615/615 1257/1257/1257
f 1254/1254/1254 1248/1248/1248 156/156/156
f 1258/1258/1258 1254/1254/1254 1250/1250/1250
f 1248/1248/1248 1254/1254/1254 1258/1258/1258
f 157/157/157 658/658/658 659/659/659 434/434/434
f 434/434/434 659/659/659 603/603/603 401/401/401
f 659/659/659 645/645/645 438/438/438 603/603/603
f 656/656/656 658/658/658 428/428/428
f 659/659/659 656/656/656 645/645/645
f 658/658/658 656/656/656 659/659/659
f 401/401/401 603/603/603 606/606/606 604/604/604
f 606/606/606 607/607/607 610/610/610 608/608/608
f 607/607/607 605/605/605 609/609/609 610/610/610
f 607/607/607 438/438/438 605/605/605
f 603/603/603 607/607/607 606/606/606
f 438/438/438 607/607/607 603/603/603
f 438/438/438 611/611/611 613/613/613 605/605/605
f 609/609/609 617/617/617 436/436/436
f 617/617/617 613/613/613 591/591/591
f 613/613/613 609/609/609 605/605/605
f 609/609/609 613/613/613 617/617/617
f 613/613/613 612/612/612 149/149/149 591/591/591
f 611/611/611 437/437/437 612/612/612 613/613/613
f 657/657/657 438/438/438 645/645/645
f 611/611/611 657/657/657 647/647/647
f 438/438/438 657/657/657 611/611/611
f 652/652/652 611/611/611 647/647/647
f 437/437/437 652/652/652 646/646/646
f 611/611/611 652/652/652 437/437/437
f 410/410/410 353/353/353 403/403/403
f 404/404/404 410/410/410 406/406/406
f 353/353/353 410/410/410 404/404/404
f 431/431/431 404/404/404 406/406/406
f 402/402/402 431/431/431 405/405/405
f 404/404/404 431/431/431 402/402/402
f 404/404/404 542/542/542 151/151/151 353/353/353
f 542/542/542 404/404/404 402/402/402 400/400/400
f 433/433/433 604/604/604 552/552/552
f 552/552/552 604/604/604 150/150/150
f 604/604/604 433/433/433 401/401/401
f 433/433/433 552/552/552 400/400/400 402/402/402
f 432/432/432 435/435/435 405/405/405
f 424/424/424 432/432/432 399/399/399
f 435/435/435 432/432/432 424/424/424
f 405/405/405 435/435/435 433/433/433 402/402/402
f 435/435/435 434/434/434 401/401/401 433/433/433
f 424/424/424 157/157/157 434/434/434 435/435/435
f 377/377/377 381/381/381 349/349/349
f 373/373/373 377/377/377 158/158/158
f 381/381/381 377/377/377 373/373/373
f 349/349/349 381/381/381 379/379/379 321/321/321
f 381/381/381 380/380/380 354/354/354 379/379/379
f 373/373/373 351/351/351 380/380/380 381/381/381
f 487/487/487 379/379/379 486/486/486
f 321/321/321 487/487/487 483/483/483
f 379/379/379 487/487/487 321/321/321
f 483/483/483 487/487/487 490/490/490 488/488/488
f 487/487/487 486/486/486 489/489/489 490/490/490
f 379/379/379 354/354/354 485/485/485 486/486/486
f 495/495/495 485/485/485 416/416/416
f 416/416/416 485/485/485 354/354/354
f 485/485/485 495/495/495 352/352/352
f 495/495/495 416/416/416 353/353/353 151/151/151
f 351/351/351 415/415/415 417/417/417 380/380/380
f 380/380/380 417/417/417 416/416/416 354/354/354
f 417/417/417 403/403/403 353/353/353 416/416/416
f 345/345/345 159/159/159 340/340/340
f 318/318/318 345/345/345 343/343/343
f 159/159/159 345/345/345 318/318/318
f 318/318/318 343/343/343 341/341/341 275/275/275
f 346/346/346 341/341/341 343/343/343
f 322/322/322 346/346/346 342/342/342
f 341/341/341 346/346/346 322/322/322
f 340/340/340 344/344/344 347/347/347 345/345/345
f 345/345/345 347/347/347 346/346/346 343/343/343
f 482/482/482 341/341/341 322/322/322
f 341/341/341 152/152/152 275/275/275
f 152/152/152 482/482/482 320/320/320
f 482/482/482 152/152/152 341/341/341
f 322/322/322 348/348/348 484/484/484 482/482/482
f 482/482/482 484/484/484 459/459/459 320/320/320
f 348/348/348 321/321/321 483/483/483 484/484/484
f 382/382/382 322/322/322 342/342/342
f 348/348/348 382/382/382 350/350/350
f 322/322/322 382/382/382 348/348/348
f 376/376/376 348/348/348 350/350/350
f 321/321/321 376/376/376 349/349/349
f 348/348/348 376/376/376 321/321/321
f 378/378/378 377/377/377 349/349/349 376/376/376
f 369/369/369 158/158/158 377/377/377 378/378/378
f 323/323/323 266/266/266 271/271/271
f 284/284/284 323/323/323 286/286/286
f 266/266/266 323/323/323 284/284/284
f 314/314/314 284/284/284 286/286/286
f 276/276/276 314/314/314 285/285/285
f 284/284/284 314/314/314 276/276/276
f 313/313/313 316/316/316 314/314/314 286/286/286
f 316/316/316 315/315/315 285/285/285 314/314/314
f 303/303/303 273/273/273 315/315/315 316/316/316
f 284/284/284 153/153/153 266/266/266
f 274/274/274 284/284/284 276/276/276
f 153/153/153 284/284/284 274/274/274
f 317/317/317 274/274/274 276/276/276
f 152/152/152 317/317/317 275/275/275
f 274/274/274 317/317/317 152/152/152
f 315/315/315 319/319/319 285/285/285
f 307/307/307 315/315/315 273/273/273
f 319/319/319 315/315/315 307/307/307
f 285/285/285 319/319/319 317/317/317 276/276/276
f 319/319/319 318/318/318 275/275/275 317/317/317
f 307/307/307 159/159/159 318/318/318 319/319/319
f 269/269/269 160/160/160 263/263/263
f 264/264/264 269/269/269 267/267/267
f 160/160/160 269/269/269 264/264/264
f 264/264/264 267/267/267 265/265/265 154/154/154
f 270/270/270 265/265/265 267/267/267
f 153/153/153 270/270/270 266/266/266
f 265/265/265 270/270/270 153/153/153
f 281/281/281 263/263/263 268/268/268
f 269/269/269 281/281/281 272/272/272
f 263/263/263 281/281/281 269/269/269
f 269/269/269 272/272/272 270/270/270 267/267/267
f 282/282/282 270/270/270 272/272/272
f 266/266/266 282/282/282 271/271/271
f 270/270/270 282/282/282 266/266/266
f 281/281/281 283/283/283 282/282/282 272/272/272
f 161/161/161 1264/1264/1264 1266/1266/1266 1235/1235/1235
f 1262/1262/1262 1265/1265/1265 155/155/155
f 1266/1266/1266 1262/1262/1262 1235/1235/1235
f 1265/1265/1265 1262/1262/1262 1266/1266/1266
f 1237/1237/1237 1079/1079/1079 1236/1236/1236
f 162/162/162 1237/1237/1237 642/642/642
f 1079/1079/1079 1237/1237/1237 162/162/162
f 1243/1243/1243 1237/1237/1237 1240/1240/1240
f 642/642/642 1243/1243/1243 1238/1238/1238
f 1237/1237/1237 1243/1243/1243 642/642/642
f 1238/1238/1238 1243/1243/1243 1246/1246/1246 1244/1244/1244
f 1244/1244/1244 1246/1246/1246 1245/1245/1245 156/156/156
f 1259/1259/1259 1236/1236/1236 1239/1239/1239
f 1237/1237/1237 1259/1259/1259 1240/1240/1240
f 1236/1236/1236 1259/1259/1259 1237/1237/1237
f 1267/1267/1267 1260/1260/1260 1263/1263/1263
f 1236/1236/1236 1267/1267/1267 1239/1239/1239
f 1260/1260/1260 1267/1267/1267 1236/1236/1236
f 1270/1270/1270 1269/1269/1269 1261/1261/1261 1268/1268/1268
f 1267/1267/1267 1263/1263/1263 1269/1269/1269 1270/1270/1270
f 1269/1269/1269 155/155/155 1261/1261/1261
f 1262/1262/1262 1269/1269/1269 1263/1263/1263
f 155/155/155 1269/1269/1269 1262/1262/1262
f 1260/1260/1260 1235/1235/1235 1262/1262/1262 1263/1263/1263
f 1260/1260/1260 161/161/161 1235/1235/1235
f 1079/1079/1079 1260/1260/1260 1236/1236/1236
f 161/161/161 1260/1260/1260 1079/1079/1079
f 711/711/711 648/648/648 429/429/429
f 648/648/648 641/641/641 643/643/643
f 641/641/641 711/711/711 163/163/163
f 711/711/711 641/641/641 648/648/648
f 429/429/429 648/648/648 651/651/651 639/639/639
f 651/651/651 650/650/650 614/614/614 649/649/649
f 648/648/648 643/643/643 650/650/650 651/651/651
f 643/643/643 1247/1247/1247 1249/1249/1249 650/650/650
f 650/650/650 1249/1249/1249 1248/1248/1248 614/614/614
f 1244/1244/1244 1249/1249/1249 1238/1238/1238
f 1248/1248/1248 1244/1244/1244 156/156/156
f 1249/1249/1249 1244/1244/1244 1248/1248/1248
f 1247/1247/1247 642/642/642 1238/1238/1238 1249/1249/1249
f 1247/1247/1247 162/162/162 642/642/642
f 641/641/641 1247/1247/1247 643/643/643
f 162/162/162 1247/1247/1247 641/641/641
f 164/164/164 719/719/719 722/722/722 720/720/720
f 720/720/720 722/722/722 721/721/721 713/713/713
f 722/722/722 715/715/715 714/714/714 721/721/721
f 721/721/721 408/408/408 713/713/713
f 662/662/662 721/721/721 714/714/714
f 408/408/408 721/721/721 662/662/662
f 716/716/716 662/662/662 714/714/714
f 430/430/430 716/716/716 710/710/710
f 662/662/662 716/716/716 430/430/430
f 715/715/715 718/718/718 716/716/716 714/714/714
f 718/718/718 717/717/717 710/710/710 716/716/716
f 408/408/408 662/662/662 663/663/663 425/425/425
f 425/425/425 663/663/663 658/658/658 157/157/157
f 661/661/661 663/663/663 638/638/638
f 658/658/658 661/661/661 428/428/428
f 663/663/663 661/661/661 658/658/658
f 662/662/662 430/430/430 638/638/638 663/663/663
f 660/660/660 637/637/637 640/640/640
f 430/430/430 660/660/660 638/638/638
f 637/637/637 660/660/660 430/430/430
f 644/644/644 429/429/429 639/639/639
f 637/637/637 644/644/644 640/640/640
f 429/429/429 644/644/644 637/637/637
f 707/707/707 717/717/717 427/427/427
f 717/717/717 712/712/712 710/710/710
f 712/712/712 707/707/707 692/692/692
f 707/707/707 712/712/712 717/717/717
f 710/710/710 712/712/712 637/637/637 430/430/430
f 712/712/712 711/711/711 429/429/429 637/637/637
f 692/692/692 163/163/163 711/711/711 712/712/712
f 780/780/780 724/724/724 411/411/411
f 411/411/411 724/724/724 409/409/409
f 724/724/724 780/780/780 407/407/407
f 780/780/780 411/411/411 365/365/365 165/165/165
f 418/418/418 411/411/411 414/414/414
f 365/365/365 418/418/418 412/412/412
f 411/411/411 418/418/418 365/365/365
f 421/421/421 409/409/409 413/413/413
f 411/411/411 421/421/421 414/414/414
f 409/409/409 421/421/421 411/411/411
f 409/409/409 423/423/423 426/426/426 413/413/413
f 422/422/422 424/424/424 399/399/399
f 426/426/426 422/422/422 413/413/413
f 424/424/424 422/422/422 426/426/426
f 426/426/426 425/425/425 157/157/157 424/424/424
f 423/423/423 408/408/408 425/425/425 426/426/426
f 407/407/407 723/723/723 725/725/725 724/724/724
f 724/724/724 725/725/725 423/423/423 409/409/409
f 725/725/725 713/713/713 408/408/408 423/423/423
f 720/720/720 723/723/723 164/164/164
f 725/725/725 720/720/720 713/713/713
f 723/723/723 720/720/720 725/725/725
f 838/838/838 841/841/841 839/839/839 835/835/835
f 841/841/841 840/840/840 837/837/837 839/839/839
f 839/839/839 311/311/311 835/835/835
f 372/372/372 839/839/839 837/837/837
f 311/311/311 839/839/839 372/372/372
f 837/837/837 836/836/836 366/366/366 372/372/372
f 311/311/311 372/372/372 375/375/375 362/362/362
f 370/370/370 373/373/373 158/158/158
f 375/375/375 370/370/370 362/362/362
f 373/373/373 370/370/370 375/375/375
f 375/375/375 374/374/374 351/351/351 373/373/373
f 372/372/372 366/366/366 374/374/374 375/375/375
f 366/366/366 419/419/419 420/420/420 374/374/374
f 374/374/374 420/420/420 415/415/415 351/351/351
f 419/419/419 365/365/365 412/412/412 420/420/420
f 419/419/419 836/836/836 790/790/790
f 790/790/790 836/836/836 364/364/364
f 836/836/836 419/419/419 366/366/366
f 419/419/419 790/790/790 165/165/165 365/365/365
f 355/355/355 842/842/842 312/312/312
f 842/842/842 166/166/166 310/310/310
f 166/166/166 355/355/355 288/288/288
f 355/355/355 166/166/166 842/842/842
f 288/288/288 355/355/355 357/357/357 308/308/308
f 359/359/359 308/308/308 357/357/357
f 159/159/159 359/359/359 340/340/340
f 308/308/308 359/359/359 159/159/159
f 357/357/357 358/358/358 360/360/360 359/359/359
f 359/359/359 360/360/360 344/344/344 340/340/340
f 358/358/358 312/312/312 356/356/356
f 355/355/355 358/358/358 357/357/357
f 312/312/312 358/358/358 355/355/355
f 367/367/367 361/361/361 363/363/363
f 312/312/312 367/367/367 356/356/356
f 361/361/361 367/367/367 312/312/312
f 371/371/371 370/370/370 158/158/158 369/369/369
f 368/368/368 362/362/362 370/370/370 371/371/371
f 368/368/368 311/311/311 362/362/362
f 361/361/361 368/368/368 363/363/363
f 311/311/311 368/368/368 361/361/361
f 310/310/310 814/814/814 843/843/843 842/842/842
f 842/842/842 843/843/843 361/361/361 312/312/312
f 843/843/843 835/835/835 311/311/311 361/361/361
f 297/297/297 287/287/287 289/289/289
f 167/167/167 297/297/297 279/279/279
f 287/287/287 297/297/297 167/167/167
f 300/300/300 297/297/297 299/299/299
f 279/279/279 300/300/300 292/292/292
f 297/297/297 300/300/300 279/279/279
f 299/299/299 302/302/302 305/305/305 301/301/301
f 305/305/305 304/304/304 273/273/273 303/303/303
f 302/302/302 298/298/298 304/304/304 305/305/305
f 302/302/302 289/289/289 298/298/298
f 297/297/297 302/302/302 299/299/299
f 289/289/289 302/302/302 297/297/297
f 289/289/289 306/306/306 309/309/309 298/298/298
f 304/304/304 307/307/307 273/273/273
f 309/309/309 304/304/304 298/298/298
f 307/307/307 304/304/304 309/309/309
f 309/309/309 308/308/308 159/159/159 307/307/307
f 306/306/306 288/288/288 308/308/308 309/309/309
f 306/306/306 166/166/166 288/288/288
f 287/287/287 306/306/306 289/289/289
f 166/166/166 306/306/306 287/287/287
f 168/168/168 277/277/277 280/280/280 278/278/278
f 291/291/291 278/278/278 280/280/280
f 160/160/160 291/291/291 263/263/263
f 278/278/278 291/291/291 160/160/160
f 280/280/280 290/290/290 293/293/293 291/291/291
f 295/295/295 291/291/291 293/293/293
f 263/263/263 295/295/295 268/268/268
f 291/291/291 295/295/295 263/263/263
f 293/293/293 294/294/294 296/296/296 295/295/295
f 294/294/294 279/279/279 292/292/292
f 290/290/290 294/294/294 293/293/293
f 279/279/279 294/294/294 290/290/290
f 290/290/290 167/167/167 279/279/279
f 277/277/277 290/290/290 280/280/280
f 167/167/167 290/290/290 277/277/277
f 1077/1077/1077 1081/1081/1081 696/696/696
f 1056/1056/1056 1077/1077/1077 170/170/170
f 1081/1081/1081 1077/1077/1077 1056/1056/1056
f 696/696/696 1081/1081/1081 1079/1079/1079 162/162/162
f 1081/1081/1081 1080/1080/1080 161/161/161 1079/1079/1079
f 1056/1056/1056 169/169/169 1080/1080/1080 1081/1081/1081
f 171/171/171 1071/1071/1071 1085/1085/1085 1083/1083/1083
f 1083/1083/1083 1085/1085/1085 1084/1084/1084 682/682/682
f 1085/1085/1085 1075/1075/1075 697/697/697 1084/1084/1084
f 1082/1082/1082 1085/1085/1085 1071/1071/1071
f 1075/1075/1075 1082/1082/1082 695/695/695
f 1085/1085/1085 1082/1082/1082 1075/1075/1075
f 1084/1084/1084 693/693/693 682/682/682
f 693/693/693 641/641/641 163/163/163
f 641/641/641 1084/1084/1084 697/697/697
f 1084/1084/1084 641/641/641 693/693/693
f 1076/1076/1076 641/641/641 697/697/697
f 162/162/162 1076/1076/1076 696/696/696
f 641/641/641 1076/1076/1076 162/162/162
f 1072/1072/1072 1075/1075/1075 695/695/695
f 1078/1078/1078 1072/1072/1072 1052/1052/1052
f 1075/1075/1075 1072/1072/1072 1078/1078/1078
f 1075/1075/1075 1078/1078/1078 1076/1076/1076 697/697/697
f 1078/1078/1078 1077/1077/1077 696/696/696 1076/1076/1076
f 1052/1052/1052 170/170/170 1077/1077/1077 1078/1078/1078
f 172/172/172 698/698/698 701/701/701 699/699/699
f 730/730/730 701/701/701 684/684/684
f 699/699/699 730/730/730 681/681/681
f 701/701/701 730/730/730 699/699/699
f 689/689/689 700/700/700 683/683/683
f 701/701/701 689/689/689 684/684/684
f 700/700/700 689/689/689 701/701/701
f 698/698/698 680/680/680 700/700/700 701/701/701
f 681/681/681 730/730/730 732/732/732 731/731/731
f 732/732/732 685/685/685 731/731/731
f 684/684/684 732/732/732 730/730/730
f 690/690/690 689/689/689 683/683/683
f 709/709/709 708/708/708 692/692/692 707/707/707
f 706/706/706 694/694/694 708/708/708 709/709/709
f 708/708/708 163/163/163 692/692/692
f 693/693/693 708/708/708 694/694/694
f 163/163/163 708/708/708 693/693/693
f 691/691/691 682/682/682 693/693/693 694/694/694
f 1095/1095/1095 1083/1083/1083 691/691/691 700/700/700
f 1095/1095/1095 700/700/700 680/680/680
f 700/700/700 691/691/691 683/683/683
f 691/691/691 1083/1083/1083 682/682/682
f 1083/1083/1083 1095/1095/1095 171/171/171
f 173/173/173 758/758/758 761/761/761 759/759/759
f 749/749/749 773/773/773 775/775/775 760/760/760
f 773/773/773 686/686/686 774/774/774 775/775/775
f 786/786/786 788/788/788 787/787/787 779/779/779
f 788/788/788 782/782/782 781/781/781 787/787/787
f 787/787/787 165/165/165 779/779/779
f 780/780/780 787/787/787 781/781/781
f 165/165/165 787/787/787 780/780/780
f 783/783/783 780/780/780 781/781/781
f 407/407/407 783/783/783 728/728/728
f 780/780/780 783/783/783 407/407/407
f 782/782/782 785/785/785 783/783/783 781/781/781
f 785/785/785 784/784/784 728/728/728 783/783/783
f 785/785/785 688/688/688 784/784/784
f 784/784/784 729/729/729 728/728/728
f 727/727/727 784/784/784 688/688/688
f 729/729/729 784/784/784 727/727/727
f 728/728/728 729/729/729 723/723/723 407/407/407
f 726/726/726 729/729/729 685/685/685
f 723/723/723 726/726/726 164/164/164
f 729/729/729 726/726/726 723/723/723
f 731/731/731 727/727/727 681/681/681
f 729/729/729 731/731/731 685/685/685
f 727/727/727 731/731/731 729/729/729
f 774/774/774 777/777/777 751/751/751
f 776/776/776 774/774/774 686/686/686
f 777/777/777 774/774/774 776/776/776
f 778/778/778 727/727/727 688/688/688
f 777/777/777 778/778/778 751/751/751
f 727/727/727 778/778/778 777/777/777
f 777/777/777 699/699/699 681/681/681 727/727/727
f 776/776/776 172/172/172 699/699/699 777/777/777
f 174/174/174 829/829/829 830/830/830 824/824/824
f 828/828/828 830/830/830 821/821/821
f 824/824/824 828/828/828 756/756/756
f 830/830/830 828/828/828 824/824/824
f 830/830/830 770/770/770 757/757/757 821/821/821
f 829/829/829 755/755/755 770/770/770 830/830/830
f 834/834/834 833/833/833 364/364/364 832/832/832
f 831/831/831 789/789/789 833/833/833 834/834/834
f 757/757/757 771/771/771 791/791/791 789/789/789
f 833/833/833 790/790/790 364/364/364
f 791/791/791 833/833/833 789/789/789
f 790/790/790 833/833/833 791/791/791
f 791/791/791 779/779/779 165/165/165 790/790/790
f 786/786/786 771/771/771 687/687/687
f 791/791/791 786/786/786 779/779/779
f 771/771/771 786/786/786 791/791/791
f 755/755/755 769/769/769 772/772/772 770/770/770
f 770/770/770 772/772/772 771/771/771 757/757/757
f 792/792/792 772/772/772 750/750/750
f 771/771/771 792/792/792 687/687/687
f 772/772/772 792/792/792 771/771/771
f 759/759/759 769/769/769 173/173/173
f 772/772/772 759/759/759 750/750/750
f 769/769/769 759/759/759 772/772/772
f 1207/1207/1207 1210/1210/1210 175/175/175
f 1212/1212/1212 1207/1207/1207 1182/1182/1182
f 1210/1210/1210 1207/1207/1207 1212/1212/1212
f 1210/1210/1210 1212/1212/1212 1211/1211/1211 810/810/810
f 1212/1212/1212 823/823/823 811/811/811 1211/1211/1211
f 1182/1182/1182 809/809/809 823/823/823 1212/1212/1212
f 813/813/813 1211/1211/1211 811/811/811
f 1211/1211/1211 166/166/166 810/810/810
f 166/166/166 813/813/813 310/310/310
f 813/813/813 166/166/166 1211/1211/1211
f 817/817/817 811/811/811 812/812/812
f 813/813/813 817/817/817 815/815/815
f 811/811/811 817/817/817 813/813/813
f 844/844/844 813/813/813 815/815/815
f 310/310/310 844/844/844 814/814/814
f 813/813/813 844/844/844 310/310/310
f 815/815/815 818/818/818 846/846/846 844/844/844
f 844/844/844 846/846/846 845/845/845 814/814/814
f 812/812/812 816/816/816 820/820/820 817/817/817
f 817/817/817 820/820/820 818/818/818 815/815/815
f 816/816/816 756/756/756 819/819/819 820/820/820
f 809/809/809 822/822/822 825/825/825 823/823/823
f 823/823/823 825/825/825 812/812/812 811/811/811
f 816/816/816 824/824/824 756/756/756
f 825/825/825 816/816/816 812/812/812
f 824/824/824 816/816/816 825/825/825
f 822/822/822 174/174/174 824/824/824 825/825/825
f 1216/1216/1216 176/176/176 1171/1171/1171
f 1177/1177/1177 1216/1216/1216 1178/1178/1178
f 176/176/176 1216/1216/1216 1177/1177/1177
f 1177/1177/1177 1178/1178/1178 287/287/287 167/167/167
f 1217/1217/1217 287/287/287 1178/1178/1178
f 166/166/166 1217/1217/1217 810/810/810
f 287/287/287 1217/1217/1217 166/166/166
f 1171/1171/1171 1175/1175/1175 1218/1218/1218 1216/1216/1216
f 1216/1216/1216 1218/1218/1218 1217/1217/1217 1178/1178/1178
f 1218/1218/1218 1210/1210/1210 810/810/810 1217/1217/1217
f 1214/1214/1214 1218/1218/1218 1175/1175/1175
f 1210/1210/1210 1214/1214/1214 175/175/175
f 1218/1218/1218 1214/1214/1214 1210/1210/1210
f 277/277/277 1177/1177/1177 167/167/167
f 1177/1177/1177 177/177/177 176/176/176
f 177/177/177 277/277/277 168/168/168
f 277/277/277 177/177/177 1177/1177/1177
f 1063/1063/1063 1058/1058/1058 1050/1050/1050
f 1055/1055/1055 1063/1063/1063 179/179/179
f 1058/1058/1058 1063/1063/1063 1055/1055/1055
f 1053/1053/1053 1056/1056/1056 170/170/170
f 1058/1058/1058 1053/1053/1053 1050/1050/1050
f 1056/1056/1056 1053/1053/1053 1058/1058/1058
f 1058/1058/1058 1057/1057/1057 169/169/169 1056/1056/1056
f 1055/1055/1055 178/178/178 1057/1057/1057 1058/1058/1058
f 180/180/180 1090/1090/1090 1092/1092/1092 1091/1091/1091
f 1086/1086/1086 1098/1098/1098 1069/1069/1069
f 1098/1098/1098 1091/1091/1091 1092/1092/1092
f 1091/1091/1091 1086/1086/1086 704/704/704
f 1086/1086/1086 1091/1091/1091 1098/1098/1098
f 1092/1092/1092 1097/1097/1097 1100/1100/1100 1098/1098/1098
f 1097/1097/1097 1062/1062/1062 1099/1099/1099 1100/1100/1100
f 1097/1097/1097 1049/1049/1049 1062/1062/1062
f 1090/1090/1090 1097/1097/1097 1092/1092/1092
f 1049/1049/1049 1097/1097/1097 1090/1090/1090
f 704/704/704 1086/1086/1086 1089/1089/1089 1087/1087/1087
f 1087/1087/1087 1089/1089/1089 1088/1088/1088 1070/1070/1070
f 1074/1074/1074 1073/1073/1073 1052/1052/1052 1072/1072/1072
f 1073/1073/1073 170/170/170 1052/1052/1052
f 1053/1053/1053 1073/1073/1073 1054/1054/1054
f 170/170/170 1073/1073/1073 1053/1053/1053
f 1060/1060/1060 1053/1053/1053 1054/1054/1054
f 1050/1050/1050 1060/1060/1060 1051/1051/1051
f 1053/1053/1053 1060/1060/1060 1050/1050/1050
f 1101/1101/1101 1061/1061/1061 1064/1064/1064
f 1049/1049/1049 1101/1101/1101 1062/1062/1062
f 1061/1061/1061 1101/1101/1101 1049/1049/1049
f 1062/1062/1062 1101/1101/1101 1103/1103/1103 1099/1099/1099
f 1103/1103/1103 1102/1102/1102 1051/1051/1051 1059/1059/1059
f 1101/1101/1101 1064/1064/1064 1102/1102/1102 1103/1103/1103
f 1102/1102/1102 1050/1050/1050 1051/1051/1051
f 1063/1063/1063 1102/1102/1102 1064/1064/1064
f 1050/1050/1050 1102/1102/1102 1063/1063/1063
f 1061/1061/1061 179/179/179 1063/1063/1063 1064/1064/1064
f 181/181/181 702/702/702 705/705/705 703/703/703
f 698/698/698 1094/1094/1094 680/680/680
f 1094/1094/1094 703/703/703 705/705/705
f 703/703/703 698/698/698 172/172/172
f 698/698/698 703/703/703 1094/1094/1094
f 705/705/705 1093/1093/1093 1096/1096/1096 1094/1094/1094
f 1094/1094/1094 1096/1096/1096 1095/1095/1095 680/680/680
f 1096/1096/1096 1070/1070/1070 171/171/171 1095/1095/1095
f 1087/1087/1087 1093/1093/1093 704/704/704
f 1096/1096/1096 1087/1087/1087 1070/1070/1070
f 1093/1093/1093 1087/1087/1087 1096/1096/1096
f 1093/1093/1093 1091/1091/1091 704/704/704
f 1091/1091/1091 702/702/702 180/180/180
f 702/702/702 1093/1093/1093 705/705/705
f 1093/1093/1093 702/702/702 1091/1091/1091
f 1152/1152/1152 1149/1149/1149 182/182/182
f 1151/1151/1151 1152/1152/1152 1124/1124/1124
f 1149/1149/1149 1152/1152/1152 1151/1151/1151
f 1149/1149/1149 1151/1151/1151 762/762/762 753/753/753
f 1151/1151/1151 1150/1150/1150 754/754/754 762/762/762
f 1147/1147/1147 1151/1151/1151 1124/1124/1124
f 1150/1150/1150 1147/1147/1147 752/752/752
f 1151/1151/1151 1147/1147/1147 1150/1150/1150
f 753/753/753 762/762/762 765/765/765 763/763/763
f 758/758/758 765/765/765 749/749/749
f 763/763/763 758/758/758 173/173/173
f 765/765/765 758/758/758 763/763/763
f 773/773/773 764/764/764 686/686/686
f 765/765/765 773/773/773 749/749/749
f 764/764/764 773/773/773 765/765/765
f 762/762/762 754/754/754 764/764/764 765/765/765
f 764/764/764 776/776/776 686/686/686
f 776/776/776 703/703/703 172/172/172
f 703/703/703 764/764/764 754/754/754
f 764/764/764 703/703/703 776/776/776
f 1142/1142/1142 1150/1150/1150 752/752/752
f 1150/1150/1150 703/703/703 754/754/754
f 703/703/703 1142/1142/1142 181/181/181
f 1142/1142/1142 703/703/703 1150/1150/1150
f 183/183/183 766/766/766 768/768/768 767/767/767
f 829/829/829 768/768/768 755/755/755
f 767/767/767 829/829/829 174/174/174
f 768/768/768 829/829/829 767/767/767
f 769/769/769 763/763/763 173/173/173
f 763/763/763 768/768/768 753/753/753
f 768/768/768 769/769/769 755/755/755
f 769/769/769 768/768/768 763/763/763
f 1149/1149/1149 1138/1138/1138 182/182/182
f 1138/1138/1138 768/768/768 766/766/766
f 768/768/768 1149/1149/1149 753/753/753
f 1149/1149/1149 768/768/768 1138/1138/1138
f 1202/1202/1202 1197/1197/1197 1199/1199/1199
f 184/184/184 1202/1202/1202 1187/1187/1187
f 1197/1197/1197 1202/1202/1202 184/184/184
f 1187/1187/1187 1202/1202/1202 1205/1205/1205 1195/1195/1195
f 1205/1205/1205 1204/1204/1204 1181/1181/1181 1203/1203/1203
f 1202/1202/1202 1199/1199/1199 1204/1204/1204 1205/1205/1205
f 1204/1204/1204 827/827/827 1181/1181/1181
f 1198/1198/1198 1204/1204/1204 1199/1199/1199
f 827/827/827 1204/1204/1204 1198/1198/1198
f 1197/1197/1197 826/826/826 1198/1198/1198 1199/1199/1199
f 1209/1209/1209 1208/1208/1208 1182/1182/1182 1207/1207/1207
f 1208/1208/1208 809/809/809 1182/1182/1182
f 1183/1183/1183 1208/1208/1208 1184/1184/1184
f 809/809/809 1208/1208/1208 1183/1183/1183
f 1206/1206/1206 1183/1183/1183 1184/1184/1184
f 827/827/827 1206/1206/1206 1181/1181/1181
f 1183/1183/1183 1206/1206/1206 827/827/827
f 1183/1183/1183 822/822/822 809/809/809
f 822/822/822 767/767/767 174/174/174
f 767/767/767 1183/1183/1183 827/827/827
f 1183/1183/1183 767/767/767 822/822/822
f 1198/1198/1198 767/767/767 827/827/827
f 183/183/183 1198/1198/1198 826/826/826
f 767/767/767 1198/1198/1198 183/183/183
f 1186/1186/1186 185/185/185 1169/1169/1169
f 1170/1170/1170 1186/1186/1186 1172/1172/1172
f 185/185/185 1186/1186/1186 1170/1170/1170
f 1174/1174/1174 1170/1170/1170 1172/1172/1172
f 176/176/176 1174/1174/1174 1171/1171/1171
f 1170/1170/1170 1174/1174/1174 176/176/176
f 1180/1180/1180 1172/1172/1172 1173/1173/1173
f 1174/1174/1174 1180/1180/1180 1176/1176/1176
f 1172/1172/1172 1180/1180/1180 1174/1174/1174
f 1213/1213/1213 1174/1174/1174 1176/1176/1176
f 1171/1171/1171 1213/1213/1213 1175/1175/1175
f 1174/1174/1174 1213/1213/1213 1171/1171/1171
f 1213/1213/1213 1215/1215/1215 1214/1214/1214 1175/1175/1175
f 1169/1169/1169 1185/1185/1185 1188/1188/1188 1186/1186/1186
f 1194/1194/1194 1186/1186/1186 1188/1188/1188
f 1172/1172/1172 1194/1194/1194 1173/1173/1173
f 1186/1186/1186 1194/1194/1194 1172/1172/1172
f 1188/1188/1188 1193/1193/1193 1196/1196/1196 1194/1194/1194
f 1194/1194/1194 1196/1196/1196 1179/1179/1179 1173/1173/1173
f 1193/1193/1193 1187/1187/1187 1195/1195/1195 1196/1196/1196
f 1193/1193/1193 184/184/184 1187/1187/1187
f 1185/1185/1185 1193/1193/1193 1188/1188/1188
f 184/184/184 1193/1193/1193 1185/1185/1185
f 1170/1170/1170 186/186/186 185/185/185
f 177/177/177 1170/1170/1170 176/176/176
f 186/186/186 1170/1170/1170 177/177/177
f 1067/1067/1067 1055/1055/1055 179/179/179
f 1055/1055/1055 187/187/187 178/178/178
f 187/187/187 1067/1067/1067 188/188/188
f 1067/1067/1067 187/187/187 1055/1055/1055
f 189/189/189 1065/1065/1065 1068/1068/1068 1066/1066/1066
f 1090/1090/1090 1068/1068/1068 1049/1049/1049
f 1066/1066/1066 1090/1090/1090 180/180/180
f 1068/1068/1068 1090/1090/1090 1066/1066/1066
f 1061/1061/1061 1067/1067/1067 179/179/179
f 1068/1068/1068 1061/1061/1061 1049/1049/1049
f 1067/1067/1067 1061/1061/1061 1068/1068/1068
f 1065/1065/1065 188/188/188 1067/1067/1067 1068/1068/1068
f 190/190/190 1145/1145/1145 1146/1146/1146 1122/1122/1122
f 1143/1143/1143 702/702/702 181/181/181
f 1146/1146/1146 1143/1143/1143 1122/1122/1122
f 702/702/702 1143/1143/1143 1146/1146/1146
f 1146/1146/1146 1066/1066/1066 180/180/180 702/702/702
f 1145/1145/1145 189/189/189 1066/1066/1066 1146/1146/1146
f 191/191/191 1129/1129/1129 1132/1132/1132 1130/1130/1130
f 1129/1129/1129 1120/1120/1120 1131/1131/1131 1132/1132/1132
f 1147/1147/1147 1148/1148/1148 752/752/752
f 1140/1140/1140 1144/1144/1144 1125/1125/1125
f 1141/1141/1141 1140/1140/1140 1123/1123/1123
f 1144/1144/1144 1140/1140/1140 1141/1141/1141
f 1148/1148/1148 1142/1142/1142 752/752/752
f 1144/1144/1144 1148/1148/1148 1125/1125/1125
f 1142/1142/1142 1148/1148/1148 1144/1144/1144
f 1144/1144/1144 1143/1143/1143 181/181/181 1142/1142/1142
f 1141/1141/1141 1122/1122/1122 1143/1143/1143 1144/1144/1144
f 1131/1131/1131 1141/1141/1141 1123/1123/1123
f 1141/1141/1141 190/190/190 1122/1122/1122
f 190/190/190 1131/1131/1131 1120/1120/1120
f 1131/1131/1131 190/190/190 1141/1141/1141
f 192/192/192 1126/1126/1126 1128/1128/1128 1127/1127/1127
f 1137/1137/1137 1127/1127/1127 1128/1128/1128
f 183/183/183 1137/1137/1137 766/766/766
f 1127/1127/1127 1137/1137/1137 183/183/183
f 1128/1128/1128 1136/1136/1136 1139/1139/1139 1137/1137/1137
f 1137/1137/1137 1139/1139/1139 1138/1138/1138 766/766/766
f 1136/1136/1136 1130/1130/1130 1121/1121/1121
f 1130/1130/1130 1126/1126/1126 191/191/191
f 1126/1126/1126 1136/1136/1136 1128/1128/1128
f 1136/1136/1136 1126/1126/1126 1130/1130/1130
f 193/193/193 1200/1200/1200 1201/1201/1201 1191/1191/1191
f 1197/1197/1197 1201/1201/1201 826/826/826
f 1191/1191/1191 1197/1197/1197 184/184/184
f 1201/1201/1201 1197/1197/1197 1191/1191/1191
f 1201/1201/1201 1127/1127/1127 183/183/183 826/826/826
f 1200/1200/1200 192/192/192 1127/1127/1127 1201/1201/1201
f 194/194/194 1189/1189/1189 1192/1192/1192 1190/1190/1190
f 1190/1190/1190 1192/1192/1192 1169/1169/1169 185/185/185
f 1185/1185/1185 1191/1191/1191 184/184/184
f 1192/1192/1192 1185/1185/1185 1169/1169/1169
f 1191/1191/1191 1185/1185/1185 1192/1192/1192
f 1189/1189/1189 193/193/193 1191/1191/1191 1192/1192/1192
f 1190/1190/1190 195/195/195 194/194/194
f 186/186/186 1190/1190/1190 185/185/185
f 195/195/195 1190/1190/1190 186/186/186
f 1129/1129/1129 1135/1135/1135 1120/1120/1120
f 1133/1133/1133 1129/1129/1129 191/191/191
f 1135/1135/1135 1129/1129/1129 1133/1133/1133
f 1135/1135/1135 1134/1134/1134 190/190/190 1120/1120/1120
f 246/246/246 199/199/199 117/117/117
f 245/245/245 120/120/120 246/246/246
f 199/199/199 246/246/246 120/120/120
f 120/120/120 245/245/245 244/244/244 121/121/121
f 649/649/649 655/655/655 646/646/646 1280/1280/1280
f 120/120/120 200/200/200 199/199/199
f 1280/1280/1280 639/639/639 651/651/651 649/649/649
f 129/129/129 201/201/201 200/200/200
f 201/201/201 129/129/129 987/987/987
f 201/201/201 987/987/987 138/138/138 202/202/202
f 200/200/200 120/120/120 129/129/129
f 121/121/121 244/244/244 998/998/998
f 965/965/965 1001/1001/1001 1010/1010/1010
f 1001/1001/1001 964/964/964 1004/1004/1004
f 243/243/243 998/998/998 244/244/244
f 964/964/964 989/989/989 1004/1004/1004
f 965/965/965 964/964/964 1001/1001/1001
f 989/989/989 964/964/964 963/963/963
f 1008/1008/1008 966/966/966 1010/1010/1010
f 1010/1010/1010 966/966/966 965/965/965
f 982/982/982 989/989/989 978/978/978
f 993/993/993 967/967/967 966/966/966
f 1281/1281/1281 384/384/384 383/383/383
f 977/977/977 984/984/984 990/990/990
f 977/977/977 976/976/976 984/984/984
f 984/984/984 976/976/976 1026/1026/1026
f 1025/1025/1025 984/984/984 1026/1026/1026
f 978/978/978 977/977/977 990/990/990
f 1031/1031/1031 202/202/202 138/138/138
f 975/975/975 1026/1026/1026 976/976/976
f 1031/1031/1031 1274/1274/1274 202/202/202
f 990/990/990 982/982/982 978/978/978
f 1024/1024/1024 1026/1026/1026 974/974/974
f 978/978/978 989/989/989 963/963/963
f 971/971/971 970/970/970 1011/1011/1011
f 975/975/975 974/974/974 1026/1026/1026
f 596/596/596 1024/1024/1024 974/974/974
f 973/973/973 596/596/596 974/974/974
f 1019/1019/1019 973/973/973 972/972/972
f 596/596/596 973/973/973 1019/1019/1019
f 991/991/991 972/972/972 971/971/971
f 972/972/972 991/991/991 1019/1019/1019
f 967/967/967 993/993/993 968/968/968
f 959/959/959 242/242/242 947/947/947
f 948/948/948 947/947/947 241/241/241
f 242/242/242 241/241/241 947/947/947
f 118/118/118 946/946/946 948/948/948 241/241/241
f 242/242/242 959/959/959 122/122/122 243/243/243
f 945/945/945 933/933/933 944/944/944
f 947/947/947 123/123/123 959/959/959
f 243/243/243 122/122/122 998/998/998
f 928/928/928 927/927/927 962/962/962
f 926/926/926 962/962/962 927/927/927
f 945/945/945 929/929/929 933/933/933
f 929/929/929 928/928/928 933/933/933
f 929/929/929 945/945/945 914/914/914
f 962/962/962 933/933/933 928/928/928
f 935/935/935 926/926/926 925/925/925
f 962/962/962 926/926/926 935/935/935
f 954/954/954 935/935/935 925/925/925
f 954/954/954 925/925/925 924/924/924
f 924/924/924 923/923/923 953/953/953
f 953/953/953 954/954/954 924/924/924
f 966/966/966 1008/1008/1008 993/993/993
f 993/993/993 1013/1013/1013 968/968/968
f 1013/1013/1013 1014/1014/1014 968/968/968
f 1011/1011/1011 969/969/969 1014/1014/1014
f 968/968/968 1014/1014/1014 969/969/969
f 140/140/140 1011/1011/1011 992/992/992
f 970/970/970 969/969/969 1011/1011/1011
f 991/991/991 1011/1011/1011 140/140/140
f 584/584/584 592/592/592 558/558/558
f 971/971/971 1011/1011/1011 991/991/991
f 524/524/524 523/523/523 565/565/565
f 565/565/565 523/523/523 527/527/527
f 527/527/527 564/564/564 565/565/565
f 934/934/934 953/953/953 923/923/923
f 501/501/501 559/559/559 520/520/520
f 521/521/521 559/559/559 527/527/527
f 527/527/527 522/522/522 521/521/521
f 559/559/559 521/521/521 520/520/520
f 523/523/523 522/522/522 527/527/527
f 524/524/524 565/565/565 533/533/533
f 403/403/403 1281/1281/1281 398/398/398
f 203/203/203 1274/1274/1274 1275/1275/1275 204/204/204
f 1274/1274/1274 1031/1031/1031 147/147/147
f 1252/1252/1252 1279/1279/1279 1230/1230/1230
f 1253/1253/1253 1231/1231/1231 1279/1279/1279
f 1279/1279/1279 1231/1231/1231 1230/1230/1230
f 1233/1233/1233 1253/1253/1253 1255/1255/1255
f 1276/1276/1276 1252/1252/1252 1229/1229/1229
f 204/204/204 1275/1275/1275 1265/1265/1265
f 620/620/620 618/618/618 580/580/580
f 617/617/617 620/620/620 579/579/579
f 592/592/592 584/584/584 618/618/618
f 646/646/646 652/652/652 623/623/623
f 624/624/624 652/652/652 625/625/625
f 626/626/626 647/647/647 657/657/657
f 652/652/652 647/647/647 625/625/625
f 625/625/625 647/647/647 626/626/626
f 1253/1253/1253 1232/1232/1232 1231/1231/1231
f 592/592/592 618/618/618 594/594/594
f 1252/1252/1252 1230/1230/1230 1229/1229/1229
f 1255/1255/1255 1256/1256/1256 1233/1233/1233
f 1228/1228/1228 1278/1278/1278 1229/1229/1229
f 1229/1229/1229 1278/1278/1278 1276/1276/1276
f 1278/1278/1278 1228/1228/1228 1268/1268/1268
f 1226/1226/1226 1268/1268/1268 1227/1227/1227
f 1228/1228/1228 1227/1227/1227 1268/1268/1268
f 1245/1245/1245 1219/1219/1219 1234/1234/1234
f 1256/1256/1256 1234/1234/1234 1233/1233/1233
f 652/652/652 624/624/624 623/623/623
f 657/657/657 627/627/627 626/626/626
f 622/622/622 621/621/621 1280/1280/1280
f 646/646/646 623/623/623 622/622/622
f 636/636/636 1280/1280/1280 621/621/621
f 1280/1280/1280 646/646/646 622/622/622
f 628/628/628 627/627/627 656/656/656
f 1245/1245/1245 1234/1234/1234 1256/1256/1256
f 656/656/656 627/627/627 657/657/657
f 1245/1245/1245 1220/1220/1220 1219/1219/1219
f 1233/1233/1233 1232/1232/1232 1253/1253/1253
f 204/204/204 1265/1265/1265 1266/1266/1266 205/205/205
f 629/629/629 628/628/628 428/428/428
f 567/567/567 583/583/583 568/568/568
f 566/566/566 584/584/584 567/567/567
f 569/569/569 568/568/568 582/582/582
f 568/568/568 583/583/583 582/582/582
f 569/569/569 582/582/582 601/601/601
f 567/567/567 584/584/584 583/583/583
f 579/579/579 620/620/620 580/580/580
f 584/584/584 566/566/566 581/581/581
f 618/618/618 584/584/584 581/581/581
f 581/581/581 580/580/580 618/618/618
f 570/570/570 569/569/569 601/601/601
f 518/518/518 551/551/551 519/519/519
f 501/501/501 519/519/519 551/551/551
f 551/551/551 518/518/518 547/547/547
f 520/520/520 519/519/519 501/501/501
f 570/570/570 601/601/601 571/571/571
f 150/150/150 573/573/573 602/602/602
f 602/602/602 572/572/572 554/554/554
f 571/571/571 554/554/554 572/572/572
f 573/573/573 572/572/572 602/602/602
f 601/601/601 554/554/554 571/571/571
f 573/573/573 150/150/150 574/574/574
f 577/577/577 436/436/436 578/578/578
f 579/579/579 578/578/578 436/436/436
f 610/610/610 577/577/577 576/576/576
f 608/608/608 576/576/576 575/575/575
f 577/577/577 609/609/609 436/436/436
f 575/575/575 574/574/574 608/608/608
f 576/576/576 608/608/608 610/610/610
f 645/645/645 656/656/656 657/657/657
f 577/577/577 610/610/610 609/609/609
f 579/579/579 436/436/436 617/617/617
f 574/574/574 150/150/150 608/608/608
f 604/604/604 606/606/606 608/608/608 150/150/150
f 432/432/432 405/405/405 431/431/431
f 399/399/399 432/432/432 392/392/392
f 390/390/390 399/399/399 391/391/391
f 391/391/391 399/399/399 392/392/392
f 393/393/393 431/431/431 394/394/394
f 432/432/432 393/393/393 392/392/392
f 432/432/432 431/431/431 393/393/393
f 656/656/656 428/428/428 628/628/628
f 428/428/428 630/630/630 629/629/629
f 1274/1274/1274 203/203/203 202/202/202
f 394/394/394 431/431/431 406/406/406
f 915/915/915 930/930/930 916/916/916
f 945/945/945 942/942/942 915/915/915
f 916/916/916 930/930/930 917/917/917
f 914/914/914 945/945/945 915/915/915
f 949/949/949 922/922/922 921/921/921
f 930/930/930 941/941/941 133/133/133
f 930/930/930 133/133/133 918/918/918
f 133/133/133 920/920/920 919/919/919
f 918/918/918 133/133/133 919/919/919
f 936/936/936 124/124/124 946/946/946
f 239/239/239 904/904/904 125/125/125 240/240/240
f 946/946/946 240/240/240 936/936/936
f 936/936/936 240/240/240 125/125/125
f 118/118/118 240/240/240 946/946/946
f 915/915/915 942/942/942 930/930/930
f 917/917/917 930/930/930 918/918/918
f 930/930/930 940/940/940 941/941/941
f 904/904/904 239/239/239 238/238/238 126/126/126
f 949/949/949 921/921/921 920/920/920
f 532/532/532 534/534/534 533/533/533 526/526/526
f 922/922/922 949/949/949 934/934/934
f 510/510/510 509/509/509 534/534/534
f 533/533/533 534/534/534 509/509/509
f 511/511/511 510/510/510 534/534/534
f 511/511/511 525/525/525 512/512/512
f 531/531/531 511/511/511 534/534/534
f 509/509/509 524/524/524 533/533/533
f 513/513/513 512/512/512 525/525/525
f 938/938/938 133/133/133 941/941/941
f 900/900/900 884/884/884 858/858/858
f 900/900/900 857/857/857 886/886/886
f 511/511/511 531/531/531 525/525/525
f 513/513/513 525/525/525 541/541/541
f 856/856/856 895/895/895 886/886/886
f 855/855/855 895/895/895 856/856/856
f 857/857/857 856/856/856 886/886/886
f 858/858/858 857/857/857 900/900/900
f 541/541/541 514/514/514 513/513/513
f 920/920/920 133/133/133 949/949/949
f 922/922/922 934/934/934 923/923/923
f 880/880/880 126/126/126 238/238/238
f 862/862/862 907/907/907 913/913/913
f 907/907/907 860/860/860 910/910/910
f 907/907/907 861/861/861 860/860/860
f 913/913/913 874/874/874 862/862/862
f 862/862/862 874/874/874 847/847/847
f 861/861/861 907/907/907 862/862/862
f 899/899/899 860/860/860 859/859/859
f 899/899/899 910/910/910 860/860/860
f 236/236/236 235/235/235 128/128/128
f 119/119/119 234/234/234 235/235/235
f 235/235/235 234/234/234 128/128/128
f 127/127/127 237/237/237 236/236/236
f 237/237/237 127/127/127 880/880/880
f 236/236/236 128/128/128 127/127/127
f 232/232/232 137/137/137 233/233/233
f 128/128/128 234/234/234 233/233/233 137/137/137
f 137/137/137 232/232/232 231/231/231 146/146/146
f 880/880/880 238/238/238 237/237/237
f 884/884/884 899/899/899 859/859/859
f 896/896/896 855/855/855 854/854/854
f 854/854/854 144/144/144 894/894/894
f 895/895/895 855/855/855 896/896/896
f 853/853/853 144/144/144 854/854/854
f 889/889/889 887/887/887 852/852/852
f 852/852/852 144/144/144 853/853/853
f 887/887/887 144/144/144 852/852/852
f 894/894/894 896/896/896 854/854/854
f 889/889/889 852/852/852 851/851/851
f 869/869/869 848/848/848 847/847/847
f 869/869/869 873/873/873 848/848/848
f 849/849/849 848/848/848 873/873/873
f 870/870/870 849/849/849 873/873/873
f 847/847/847 874/874/874 869/869/869
f 850/850/850 870/870/870 888/888/888
f 849/849/849 870/870/870 850/850/850
f 851/851/851 850/850/850 888/888/888
f 888/888/888 889/889/889 851/851/851
f 230/230/230 154/154/154 146/146/146 231/231/231
f 858/858/858 884/884/884 859/859/859
f 546/546/546 515/515/515 464/464/464
f 515/515/515 514/514/514 464/464/464
f 516/516/516 515/515/515 548/548/548
f 548/548/548 547/547/547 517/517/517
f 548/548/548 515/515/515 546/546/546
f 548/548/548 517/517/517 516/516/516
f 492/492/492 478/478/478 465/465/465
f 502/502/502 452/452/452 477/477/477
f 451/451/451 477/477/477 452/452/452
f 457/457/457 453/453/453 502/502/502
f 452/452/452 502/502/502 453/453/453
f 454/454/454 453/453/453 457/457/457
f 450/450/450 449/449/449 492/492/492
f 492/492/492 449/449/449 494/494/494
f 451/451/451 450/450/450 492/492/492
f 469/469/469 454/454/454 457/457/457
f 477/477/477 451/451/451 492/492/492
f 492/492/492 465/465/465 477/477/477
f 439/439/439 454/454/454 469/469/469
f 514/514/514 541/541/541 464/464/464
f 395/395/395 406/406/406 410/410/410
f 485/485/485 352/352/352 491/491/491
f 410/410/410 403/403/403 397/397/397
f 396/396/396 410/410/410 397/397/397
f 383/383/383 398/398/398 1281/1281/1281
f 397/397/397 403/403/403 398/398/398
f 395/395/395 410/410/410 396/396/396
f 395/395/395 394/394/394 406/406/406
f 447/447/447 491/491/491 448/448/448
f 494/494/494 448/448/448 491/491/491
f 447/447/447 446/446/446 489/489/489
f 489/489/489 491/491/491 447/447/447
f 485/485/485 491/491/491 489/489/489
f 446/446/446 445/445/445 490/490/490
f 445/445/445 488/488/488 490/490/490
f 488/488/488 444/444/444 443/443/443
f 444/444/444 488/488/488 445/445/445
f 489/489/489 446/446/446 490/490/490
f 489/489/489 486/486/486 485/485/485
f 494/494/494 449/449/449 448/448/448
f 483/483/483 488/488/488 484/484/484
f 466/466/466 441/441/441 440/440/440
f 466/466/466 439/439/439 469/469/469
f 441/441/441 466/466/466 481/481/481
f 481/481/481 442/442/442 441/441/441
f 440/440/440 439/439/439 466/466/466
f 479/479/479 443/443/443 442/442/442
f 484/484/484 479/479/479 459/459/459
f 443/443/443 479/479/479 488/488/488
f 484/484/484 488/488/488 479/479/479
f 442/442/442 481/481/481 479/479/479
f 229/229/229 264/264/264 154/154/154 230/230/230
f 160/160/160 264/264/264 229/229/229
f 336/336/336 350/350/350 382/382/382
f 337/337/337 382/382/382 342/342/342
f 258/258/258 286/286/286 323/323/323
f 346/346/346 338/338/338 342/342/342
f 350/350/350 334/334/334 376/376/376
f 334/334/334 350/350/350 335/335/335
f 346/346/346 347/347/347 338/338/338
f 338/338/338 337/337/337 342/342/342
f 350/350/350 336/336/336 335/335/335
f 378/378/378 333/333/333 369/369/369
f 417/417/417 415/415/415 1281/1281/1281 403/403/403
f 338/338/338 347/347/347 339/339/339
f 303/303/303 316/316/316 256/256/256
f 313/313/313 256/256/256 316/316/316
f 339/339/339 347/347/347 344/344/344
f 333/333/333 378/378/378 334/334/334
f 334/334/334 378/378/378 376/376/376
f 323/323/323 271/271/271 259/259/259
f 282/282/282 260/260/260 271/271/271
f 259/259/259 271/271/271 260/260/260
f 261/261/261 260/260/260 282/282/282
f 259/259/259 258/258/258 323/323/323
f 257/257/257 286/286/286 258/258/258
f 256/256/256 313/313/313 257/257/257
f 281/281/281 262/262/262 283/283/283
f 261/261/261 283/283/283 262/262/262
f 261/261/261 282/282/282 283/283/283
f 286/286/286 257/257/257 313/313/313
f 336/336/336 382/382/382 337/337/337
f 262/262/262 281/281/281 268/268/268
f 517/517/517 547/547/547 518/518/518
f 1225/1225/1225 1270/1270/1270 1226/1226/1226
f 1270/1270/1270 1268/1268/1268 1226/1226/1226
f 1225/1225/1225 1224/1224/1224 1239/1239/1239
f 1267/1267/1267 1270/1270/1270 1225/1225/1225
f 1239/1239/1239 1224/1224/1224 1259/1259/1259
f 1240/1240/1240 1259/1259/1259 1223/1223/1223
f 1259/1259/1259 1224/1224/1224 1223/1223/1223
f 1222/1222/1222 1240/1240/1240 1223/1223/1223
f 1267/1267/1267 1225/1225/1225 1239/1239/1239
f 1221/1221/1221 1240/1240/1240 1222/1222/1222
f 1221/1221/1221 1220/1220/1220 1246/1246/1246
f 661/661/661 631/631/631 630/630/630
f 630/630/630 428/428/428 661/661/661
f 639/639/639 636/636/636 635/635/635
f 635/635/635 634/634/634 644/644/644
f 1221/1221/1221 1246/1246/1246 1243/1243/1243
f 640/640/640 633/633/633 632/632/632
f 660/660/660 631/631/631 661/661/661
f 633/633/633 644/644/644 634/634/634
f 632/632/632 631/631/631 660/660/660
f 1243/1243/1243 1240/1240/1240 1221/1221/1221
f 1245/1245/1245 1246/1246/1246 1220/1220/1220
f 635/635/635 644/644/644 639/639/639
f 633/633/633 640/640/640 644/644/644
f 1280/1280/1280 636/636/636 639/639/639
f 1264/1264/1264 206/206/206 205/205/205 1266/1266/1266
f 161/161/161 1080/1080/1080 1264/1264/1264
f 1264/1264/1264 1080/1080/1080 207/207/207
f 207/207/207 206/206/206 1264/1264/1264
f 707/707/707 427/427/427 667/667/667
f 667/667/667 709/709/709 707/707/707
f 661/661/661 638/638/638 660/660/660
f 691/691/691 694/694/694 706/706/706
f 665/665/665 706/706/706 666/666/666
f 709/709/709 666/666/666 706/706/706
f 706/706/706 665/665/665 690/690/690
f 690/690/690 691/691/691 706/706/706
f 667/667/667 666/666/666 709/709/709
f 632/632/632 660/660/660 640/640/640
f 670/670/670 669/669/669 718/718/718
f 669/669/669 717/717/717 718/718/718
f 671/671/671 715/715/715 722/722/722
f 718/718/718 715/715/715 670/670/670
f 670/670/670 715/715/715 671/671/671
f 668/668/668 667/667/667 427/427/427
f 719/719/719 672/672/672 722/722/722
f 722/722/722 672/672/672 671/671/671
f 427/427/427 669/669/669 668/668/668
f 669/669/669 427/427/427 717/717/717
f 673/673/673 672/672/672 719/719/719
f 389/389/389 422/422/422 390/390/390
f 422/422/422 399/399/399 390/390/390
f 389/389/389 388/388/388 421/421/421
f 421/421/421 422/422/422 389/389/389
f 673/673/673 719/719/719 164/164/164
f 387/387/387 414/414/414 388/388/388
f 414/414/414 421/421/421 388/388/388
f 418/418/418 387/387/387 386/386/386
f 414/414/414 387/387/387 418/418/418
f 413/413/413 422/422/422 421/421/421
f 164/164/164 726/726/726 673/673/673
f 690/690/690 664/664/664 679/679/679
f 676/676/676 675/675/675 732/732/732
f 685/685/685 675/675/675 674/674/674
f 691/691/691 690/690/690 683/683/683
f 679/679/679 678/678/678 689/689/689
f 684/684/684 678/678/678 677/677/677
f 689/689/689 678/678/678 684/684/684
f 732/732/732 677/677/677 676/676/676
f 689/689/689 690/690/690 679/679/679
f 677/677/677 732/732/732 684/684/684
f 726/726/726 685/685/685 674/674/674
f 732/732/732 675/675/675 685/685/685
f 740/740/740 785/785/785 782/782/782
f 738/738/738 778/778/778 688/688/688
f 737/737/737 778/778/778 738/738/738
f 739/739/739 738/738/738 688/688/688
f 782/782/782 741/741/741 740/740/740
f 739/739/739 785/785/785 740/740/740
f 688/688/688 785/785/785 739/739/739
f 673/673/673 726/726/726 674/674/674
f 664/664/664 690/690/690 665/665/665
f 782/782/782 788/788/788 741/741/741
f 1054/1054/1054 1073/1073/1073 1074/1074/1074
f 1074/1074/1074 1072/1072/1072 1038/1038/1038
f 1035/1035/1035 1060/1060/1060 1054/1054/1054
f 1054/1054/1054 1036/1036/1036 1035/1035/1035
f 1060/1060/1060 1035/1035/1035 1034/1034/1034
f 1074/1074/1074 1036/1036/1036 1054/1054/1054
f 1057/1057/1057 208/208/208 207/207/207 169/169/169
f 1036/1036/1036 1074/1074/1074 1037/1037/1037
f 1039/1039/1039 1038/1038/1038 695/695/695
f 1038/1038/1038 1072/1072/1072 695/695/695
f 1040/1040/1040 1082/1082/1082 1071/1071/1071
f 695/695/695 1082/1082/1082 1039/1039/1039
f 1039/1039/1039 1082/1082/1082 1040/1040/1040
f 1071/1071/1071 1041/1041/1041 1040/1040/1040
f 1069/1069/1069 1045/1045/1045 1044/1044/1044
f 1088/1088/1088 1041/1041/1041 1071/1071/1071
f 1038/1038/1038 1037/1037/1037 1074/1074/1074
f 1041/1041/1041 1088/1088/1088 1042/1042/1042
f 1051/1051/1051 1060/1060/1060 1034/1034/1034
f 178/178/178 209/209/209 208/208/208
f 208/208/208 1057/1057/1057 178/178/178
f 187/187/187 210/210/210 209/209/209 178/178/178
f 211/211/211 196/196/196 210/210/210
f 211/211/211 187/187/187 212/212/212
f 213/213/213 212/212/212 188/188/188
f 212/212/212 187/187/187 188/188/188
f 1065/1065/1065 213/213/213 188/188/188
f 210/210/210 187/187/187 211/211/211
f 1034/1034/1034 1033/1033/1033 1059/1059/1059
f 1103/1103/1103 1059/1059/1059 1048/1048/1048
f 1069/1069/1069 1046/1046/1046 1045/1045/1045
f 1059/1059/1059 1033/1033/1033 1048/1048/1048
f 1059/1059/1059 1051/1051/1051 1034/1034/1034
f 1048/1048/1048 1047/1047/1047 1099/1099/1099
f 1100/1100/1100 1047/1047/1047 1046/1046/1046
f 1099/1099/1099 1047/1047/1047 1100/1100/1100
f 1100/1100/1100 1046/1046/1046 1098/1098/1098
f 1046/1046/1046 1069/1069/1069 1098/1098/1098
f 1103/1103/1103 1048/1048/1048 1099/1099/1099
f 1065/1065/1065 214/214/214 213/213/213
f 1044/1044/1044 1086/1086/1086 1069/1069/1069
f 1088/1088/1088 1071/1071/1071 171/171/171
f 751/751/751 737/737/737 736/736/736
f 751/751/751 778/778/778 737/737/737
f 774/774/774 751/751/751 735/735/735
f 1070/1070/1070 1088/1088/1088 171/171/171
f 1044/1044/1044 1089/1089/1089 1086/1086/1086
f 1044/1044/1044 1043/1043/1043 1089/1089/1089
f 1043/1043/1043 1088/1088/1088 1089/1089/1089
f 1088/1088/1088 1043/1043/1043 1042/1042/1042
f 736/736/736 735/735/735 751/751/751
f 735/735/735 775/775/775 774/774/774
f 775/775/775 735/735/735 734/734/734
f 734/734/734 733/733/733 760/760/760
f 760/760/760 775/775/775 734/734/734
f 1147/1147/1147 1111/1111/1111 1110/1110/1110
f 1111/1111/1111 1147/1147/1147 1124/1124/1124
f 1111/1111/1111 1124/1124/1124 1112/1112/1112
f 749/749/749 760/760/760 761/761/761 758/758/758
f 733/733/733 761/761/761 760/760/760
f 1152/1152/1152 1112/1112/1112 1124/1124/1124
f 1108/1108/1108 1140/1140/1140 1125/1125/1125
f 1106/1106/1106 1123/1123/1123 1140/1140/1140
f 1109/1109/1109 1125/1125/1125 1148/1148/1148
f 1145/1145/1145 215/215/215 214/214/214 189/189/189
f 1134/1134/1134 215/215/215 1145/1145/1145
f 1145/1145/1145 190/190/190 1134/1134/1134
f 215/215/215 1134/1134/1134 216/216/216
f 216/216/216 1134/1134/1134 1135/1135/1135
f 1107/1107/1107 1140/1140/1140 1108/1108/1108
f 1148/1148/1148 1110/1110/1110 1109/1109/1109
f 1107/1107/1107 1106/1106/1106 1140/1140/1140
f 1125/1125/1125 1109/1109/1109 1108/1108/1108
f 1132/1132/1132 1123/1123/1123 1105/1105/1105
f 1123/1123/1123 1106/1106/1106 1105/1105/1105
f 1132/1132/1132 1104/1104/1104 1119/1119/1119
f 1105/1105/1105 1104/1104/1104 1132/1132/1132
f 1132/1132/1132 1119/1119/1119 1130/1130/1130
f 1132/1132/1132 1131/1131/1131 1123/1123/1123
f 216/216/216 1135/1135/1135 1133/1133/1133 197/197/197
f 1147/1147/1147 1110/1110/1110 1148/1148/1148
f 189/189/189 214/214/214 1065/1065/1065
f 207/207/207 1080/1080/1080 169/169/169
f 385/385/385 384/384/384 412/412/412
f 384/384/384 1281/1281/1281 412/412/412
f 415/415/415 420/420/420 412/412/412 1281/1281/1281
f 412/412/412 418/418/418 385/385/385
f 418/418/418 386/386/386 385/385/385
f 832/832/832 364/364/364 836/836/836
f 832/832/832 836/836/836 840/840/840
f 331/331/331 371/371/371 369/369/369
f 330/330/330 368/368/368 371/371/371
f 841/841/841 802/802/802 840/840/840
f 840/840/840 802/802/802 801/801/801
f 803/803/803 802/802/802 841/841/841
f 804/804/804 803/803/803 838/838/838
f 841/841/841 838/838/838 803/803/803
f 805/805/805 804/804/804 838/838/838
f 840/840/840 836/836/836 837/837/837
f 835/835/835 843/843/843 838/838/838
f 832/832/832 840/840/840 801/801/801
f 800/800/800 799/799/799 834/834/834
f 831/831/831 799/799/799 798/798/798
f 800/800/800 832/832/832 801/801/801
f 831/831/831 834/834/834 799/799/799
f 800/800/800 834/834/834 832/832/832
f 743/743/743 788/788/788 786/786/786
f 757/757/757 789/789/789 831/831/831
f 797/797/797 821/821/821 831/831/831
f 797/797/797 796/796/796 821/821/821
f 798/798/798 797/797/797 831/831/831
f 845/845/845 806/806/806 805/805/805
f 845/845/845 846/846/846 806/806/806
f 807/807/807 806/806/806 846/846/846
f 807/807/807 846/846/846 818/818/818
f 805/805/805 838/838/838 845/845/845
f 796/796/796 795/795/795 828/828/828
f 819/819/819 795/795/795 794/794/794
f 793/793/793 808/808/808 818/818/818
f 794/794/794 793/793/793 819/819/819
f 819/819/819 793/793/793 820/820/820
f 756/756/756 795/795/795 819/819/819
f 808/808/808 807/807/807 818/818/818
f 788/788/788 742/742/742 741/741/741
f 838/838/838 843/843/843 845/845/845
f 331/331/331 369/369/369 332/332/332
f 339/339/339 344/344/344 324/324/324
f 324/324/324 344/344/344 325/325/325
f 326/326/326 325/325/325 360/360/360
f 325/325/325 344/344/344 360/360/360
f 331/331/331 330/330/330 371/371/371
f 254/254/254 305/305/305 303/303/303
f 303/303/303 255/255/255 254/254/254
f 262/262/262 268/268/268 247/247/247
f 247/247/247 268/268/268 248/248/248
f 301/301/301 253/253/253 299/299/299
f 295/295/295 296/296/296 248/248/248
f 249/249/249 248/248/248 296/296/296
f 268/268/268 295/295/295 248/248/248
f 294/294/294 249/249/249 296/296/296
f 301/301/301 254/254/254 253/253/253
f 301/301/301 305/305/305 254/254/254
f 360/360/360 358/358/358 326/326/326
f 256/256/256 255/255/255 303/303/303
f 328/328/328 363/363/363 329/329/329
f 330/330/330 329/329/329 363/363/363
f 367/367/367 328/328/328 327/327/327
f 363/363/363 328/328/328 367/367/367
f 356/356/356 367/367/367 327/327/327
f 356/356/356 327/327/327 326/326/326
f 814/814/814 845/845/845 843/843/843
f 363/363/363 368/368/368 330/330/330
f 793/793/793 818/818/818 820/820/820
f 356/356/356 326/326/326 358/358/358
f 300/300/300 299/299/299 252/252/252
f 299/299/299 253/253/253 252/252/252
f 251/251/251 250/250/250 292/292/292
f 252/252/252 251/251/251 300/300/300
f 300/300/300 251/251/251 292/292/292
f 160/160/160 228/228/228 278/278/278
f 292/292/292 249/249/249 294/294/294
f 227/227/227 168/168/168 278/278/278 228/228/228
f 168/168/168 227/227/227 226/226/226 177/177/177
f 292/292/292 250/250/250 249/249/249
f 229/229/229 228/228/228 160/160/160
f 788/788/788 743/743/743 742/742/742
f 333/333/333 332/332/332 369/369/369
f 687/687/687 744/744/744 743/743/743
f 687/687/687 792/792/792 744/744/744
f 745/745/745 744/744/744 792/792/792
f 745/745/745 792/792/792 750/750/750
f 747/747/747 761/761/761 748/748/748
f 761/761/761 733/733/733 748/748/748
f 747/747/747 746/746/746 750/750/750
f 747/747/747 759/759/759 761/761/761
f 746/746/746 745/745/745 750/750/750
f 821/821/821 796/796/796 828/828/828
f 828/828/828 795/795/795 756/756/756
f 757/757/757 831/831/831 821/821/821
f 1184/1184/1184 1208/1208/1208 1160/1160/1160
f 1158/1158/1158 1206/1206/1206 1159/1159/1159
f 1184/1184/1184 1159/1159/1159 1206/1206/1206
f 1206/1206/1206 1158/1158/1158 1181/1181/1181
f 1159/1159/1159 1184/1184/1184 1160/1160/1160
f 759/759/759 747/747/747 750/750/750
f 743/743/743 786/786/786 687/687/687
f 1114/1114/1114 1113/1113/1113 1152/1152/1152
f 1115/1115/1115 1114/1114/1114 182/182/182
f 1152/1152/1152 182/182/182 1114/1114/1114
f 182/182/182 1116/1116/1116 1115/1115/1115
f 1121/1121/1121 1118/1118/1118 1117/1117/1117
f 1121/1121/1121 1116/1116/1116 182/182/182
f 1119/1119/1119 1118/1118/1118 1121/1121/1121
f 1130/1130/1130 1119/1119/1119 1121/1121/1121
f 1116/1116/1116 1121/1121/1121 1117/1117/1117
f 1136/1136/1136 1121/1121/1121 1139/1139/1139
f 1138/1138/1138 1139/1139/1139 182/182/182
f 1121/1121/1121 182/182/182 1139/1139/1139
f 217/217/217 197/197/197 1133/1133/1133
f 1126/1126/1126 192/192/192 217/217/217
f 1200/1200/1200 218/218/218 192/192/192
f 217/217/217 192/192/192 218/218/218
f 1133/1133/1133 1126/1126/1126 217/217/217
f 1133/1133/1133 191/191/191 1126/1126/1126
f 1158/1158/1158 1157/1157/1157 1181/1181/1181
f 1112/1112/1112 1152/1152/1152 1113/1113/1113
f 193/193/193 219/219/219 218/218/218 1200/1200/1200
f 1207/1207/1207 175/175/175 1162/1162/1162
f 1164/1164/1164 175/175/175 1214/1214/1214
f 175/175/175 1163/1163/1163 1162/1162/1162
f 1163/1163/1163 175/175/175 1164/1164/1164
f 1162/1162/1162 1209/1209/1209 1207/1207/1207
f 1208/1208/1208 1209/1209/1209 1161/1161/1161
f 1209/1209/1209 1162/1162/1162 1161/1161/1161
f 1208/1208/1208 1161/1161/1161 1160/1160/1160
f 1215/1215/1215 1164/1164/1164 1214/1214/1214
f 1213/1213/1213 1165/1165/1165 1215/1215/1215
f 1165/1165/1165 1164/1164/1164 1215/1215/1215
f 225/225/225 186/186/186 177/177/177 226/226/226
f 1165/1165/1165 1213/1213/1213 1166/1166/1166
f 1173/1173/1173 1168/1168/1168 1180/1180/1180
f 1180/1180/1180 1167/1167/1167 1176/1176/1176
f 1166/1166/1166 1176/1176/1176 1167/1167/1167
f 1168/1168/1168 1167/1167/1167 1180/1180/1180
f 1213/1213/1213 1176/1176/1176 1166/1166/1166
f 1173/1173/1173 1153/1153/1153 1168/1168/1168
f 1205/1205/1205 1203/1203/1203 1156/1156/1156
f 1154/1154/1154 1153/1153/1153 1179/1179/1179
f 1154/1154/1154 1179/1179/1179 1196/1196/1196
f 1153/1153/1153 1173/1173/1173 1179/1179/1179
f 1203/1203/1203 1157/1157/1157 1156/1156/1156
f 1156/1156/1156 1155/1155/1155 1195/1195/1195
f 1195/1195/1195 1154/1154/1154 1196/1196/1196
f 1155/1155/1155 1154/1154/1154 1195/1195/1195
f 1205/1205/1205 1156/1156/1156 1195/1195/1195
f 1203/1203/1203 1181/1181/1181 1157/1157/1157
f 219/219/219 193/193/193 1189/1189/1189
f 220/220/220 1189/1189/1189 194/194/194
f 224/224/224 186/186/186 225/225/225
f 186/186/186 224/224/224 223/223/223 195/195/195
f 195/195/195 221/221/221 220/220/220 194/194/194
f 222/222/222 221/221/221 195/195/195
f 198/198/198 222/222/222 223/223/223
f 195/195/195 223/223/223 222/222/222
f 220/220/220 219/219/219 1189/1189/1189
f 2108/2108/2108 1289/1289/1289 2111/2111/2111
f 2113/2113/2113 2096/2096/2096 2108/2108/2108
f 2111/2111/2111 2113/2113/2113 2108/2108/2108
f 2096/2096/2096 2113/2113/2113 2112/2112/2112 1288/1288/1288
f 2151/2151/2151 1295/1295/1295 2164/2164/2164
f 2164/2164/2164 1286/1286/1286 1285/1285/1285
f 1285/1285/1285 1294/1294/1294 2151/2151/2151
f 2151/2151/2151 2164/2164/2164 1285/1285/1285
f 2171/2171/2171 1296/1296/1296 2125/2125/2125
f 2165/2165/2165 2144/2144/2144 2171/2171/2171
f 2125/2125/2125 2165/2165/2165 2171/2171/2171
f 2125/2125/2125 1287/1287/1287 2163/2163/2163 2165/2165/2165
f 2165/2165/2165 2163/2163/2163 1286/1286/1286 2164/2164/2164
f 2160/2160/2160 2144/2144/2144 2165/2165/2165
f 2164/2164/2164 1295/1295/1295 2160/2160/2160
f 2165/2165/2165 2164/2164/2164 2160/2160/2160
f 2122/2122/2122 2097/2097/2097 2126/2126/2126
f 1753/1753/1753 1297/1297/1297 2122/2122/2122
f 2126/2126/2126 1753/1753/1753 2122/2122/2122
f 2097/2097/2097 1288/1288/1288 2124/2124/2124 2126/2126/2126
f 2126/2126/2126 2124/2124/2124 1287/1287/1287 2125/2125/2125
f 1753/1753/1753 2126/2126/2126 2125/2125/2125 1296/1296/1296
f 2119/2119/2119 1693/1693/1693 2118/2118/2118
f 2107/2107/2107 1289/1289/1289 2108/2108/2108 2110/2110/2110
f 2110/2110/2110 2108/2108/2108 2096/2096/2096 2109/2109/2109
f 2121/2121/2121 2098/2098/2098 2109/2109/2109
f 2109/2109/2109 2096/2096/2096 1288/1288/1288
f 1288/1288/1288 2097/2097/2097 2121/2121/2121
f 2121/2121/2121 2109/2109/2109 1288/1288/1288
f 2119/2119/2119 2100/2100/2100 2123/2123/2123
f 2120/2120/2120 1693/1693/1693 2119/2119/2119
f 2123/2123/2123 2120/2120/2120 2119/2119/2119
f 2127/2127/2127 2098/2098/2098 2121/2121/2121
f 2123/2123/2123 2100/2100/2100 2127/2127/2127
f 2121/2121/2121 2123/2123/2123 2127/2127/2127
f 2123/2123/2123 2121/2121/2121 2097/2097/2097 2122/2122/2122
f 2120/2120/2120 2123/2123/2123 2122/2122/2122 1297/1297/1297
f 2104/2104/2104 1671/1671/1671 1299/1299/1299
f 2070/2070/2070 2102/2102/2102 2104/2104/2104
f 1299/1299/1299 2070/2070/2070 2104/2104/2104
f 2070/2070/2070 1290/1290/1290 2101/2101/2101 2102/2102/2102
f 2107/2107/2107 2095/2095/2095 2105/2105/2105
f 2105/2105/2105 2102/2102/2102 2101/2101/2101
f 2101/2101/2101 1289/1289/1289 2107/2107/2107
f 2107/2107/2107 2105/2105/2105 2101/2101/2101
f 1671/1671/1671 2104/2104/2104 2106/2106/2106 2103/2103/2103
f 2104/2104/2104 2102/2102/2102 2105/2105/2105 2106/2106/2106
f 2066/2066/2066 1300/1300/1300 2046/2046/2046
f 2071/2071/2071 1639/1639/1639 2066/2066/2066
f 2046/2046/2046 2071/2071/2071 2066/2066/2066
f 2046/2046/2046 1291/1291/1291 2069/2069/2069 2071/2071/2071
f 2071/2071/2071 2069/2069/2069 1290/1290/1290 2070/2070/2070
f 1639/1639/1639 2071/2071/2071 2070/2070/2070 1299/1299/1299
f 1301/1301/1301 2044/2044/2044 2047/2047/2047 2030/2030/2030
f 2044/2044/2044 1292/1292/1292 2045/2045/2045 2047/2047/2047
f 2047/2047/2047 2045/2045/2045 1291/1291/1291 2046/2046/2046
f 2041/2041/2041 2030/2030/2030 2047/2047/2047
f 2046/2046/2046 1300/1300/1300 2041/2041/2041
f 2047/2047/2047 2046/2046/2046 2041/2041/2041
f 2044/2044/2044 1301/1301/1301 1302/1302/1302
f 1293/1293/1293 1292/1292/1292 2044/2044/2044
f 1302/1302/1302 1293/1293/1293 2044/2044/2044
f 2148/2148/2148 2145/2145/2145 2153/2153/2153
f 2150/2150/2150 1304/1304/1304 2148/2148/2148
f 2153/2153/2153 2150/2150/2150 2148/2148/2148
f 2161/2161/2161 1295/1295/1295 2151/2151/2151
f 2153/2153/2153 2145/2145/2145 2161/2161/2161
f 2151/2151/2151 2153/2153/2153 2161/2161/2161
f 2153/2153/2153 2151/2151/2151 1294/1294/1294 2152/2152/2152
f 2150/2150/2150 2153/2153/2153 2152/2152/2152 1303/1303/1303
f 2157/2157/2157 2177/2177/2177 2179/2179/2179 2176/2176/2176
f 2177/2177/2177 1754/1754/1754 2178/2178/2178 2179/2179/2179
f 2173/2173/2173 2158/2158/2158 2178/2178/2178
f 2178/2178/2178 1754/1754/1754 2170/2170/2170
f 2170/2170/2170 2172/2172/2172 2173/2173/2173
f 2173/2173/2173 2178/2178/2178 2170/2170/2170
f 2170/2170/2170 1296/1296/1296 2171/2171/2171 2172/2172/2172
f 2174/2174/2174 2172/2172/2172 2171/2171/2171
f 2144/2144/2144 2159/2159/2159 2174/2174/2174
f 2171/2171/2171 2144/2144/2144 2174/2174/2174
f 2173/2173/2173 2172/2172/2172 2174/2174/2174 2175/2175/2175
f 2175/2175/2175 2174/2174/2174 2159/2159/2159 2166/2166/2166
f 2166/2166/2166 2159/2159/2159 2167/2167/2167 2169/2169/2169
f 2169/2169/2169 2167/2167/2167 2162/2162/2162 2168/2168/2168
f 2154/2154/2154 2169/2169/2169 2168/2168/2168 2147/2147/2147
f 2167/2167/2167 2159/2159/2159 2144/2144/2144
f 2160/2160/2160 2162/2162/2162 2167/2167/2167
f 2144/2144/2144 2160/2160/2160 2167/2167/2167
f 2162/2162/2162 2160/2160/2160 1295/1295/1295 2161/2161/2161
f 2168/2168/2168 2162/2162/2162 2161/2161/2161
f 2145/2145/2145 2147/2147/2147 2168/2168/2168
f 2161/2161/2161 2145/2145/2145 2168/2168/2168
f 2189/2189/2189 2191/2191/2191 2190/2190/2190 2146/2146/2146
f 2155/2155/2155 2147/2147/2147 2145/2145/2145
f 2148/2148/2148 2149/2149/2149 2155/2155/2155
f 2145/2145/2145 2148/2148/2148 2155/2155/2155
f 2190/2190/2190 2149/2149/2149 2148/2148/2148
f 1304/1304/1304 2146/2146/2146 2190/2190/2190
f 2148/2148/2148 1304/1304/1304 2190/2190/2190
f 2181/2181/2181 1721/1721/1721 1750/1750/1750
f 1750/1750/1750 1306/1306/1306 1694/1694/1694
f 1694/1694/1694 1755/1755/1755 2181/2181/2181
f 2181/2181/2181 1750/1750/1750 1694/1694/1694
f 1694/1694/1694 1297/1297/1297 1753/1753/1753 1755/1755/1755
f 2170/2170/2170 1754/1754/1754 2182/2182/2182
f 2182/2182/2182 1755/1755/1755 1753/1753/1753
f 1753/1753/1753 1296/1296/1296 2170/2170/2170
f 2170/2170/2170 2182/2182/2182 1753/1753/1753
f 1721/1721/1721 2181/2181/2181 2183/2183/2183 2180/2180/2180
f 2181/2181/2181 1755/1755/1755 2182/2182/2182 2183/2183/2183
f 2177/2177/2177 2157/2157/2157 2183/2183/2183
f 2182/2182/2182 1754/1754/1754 2177/2177/2177
f 2183/2183/2183 2182/2182/2182 2177/2177/2177
f 2180/2180/2180 2183/2183/2183 2157/2157/2157 1305/1305/1305
f 1697/1697/1697 1307/1307/1307 1702/1702/1702
f 1705/1705/1705 1691/1691/1691 1697/1697/1697
f 1702/1702/1702 1705/1705/1705 1697/1697/1697
f 1702/1702/1702 1672/1672/1672 1703/1703/1703 1705/1705/1705
f 1705/1705/1705 1703/1703/1703 1695/1695/1695 1704/1704/1704
f 1728/1728/1728 1691/1691/1691 1705/1705/1705
f 1704/1704/1704 1664/1664/1664 1728/1728/1728
f 1705/1705/1705 1704/1704/1704 1728/1728/1728
f 1672/1672/1672 2115/2115/2115 2117/2117/2117 1703/1703/1703
f 2114/2114/2114 2099/2099/2099 2117/2117/2117
f 2115/2115/2115 1298/1298/1298 2114/2114/2114
f 2117/2117/2117 2115/2115/2115 2114/2114/2114
f 2118/2118/2118 1693/1693/1693 2116/2116/2116
f 2117/2117/2117 2099/2099/2099 2118/2118/2118
f 2116/2116/2116 2117/2117/2117 2118/2118/2118
f 1703/1703/1703 2117/2117/2117 2116/2116/2116 1695/1695/1695
f 2116/2116/2116 1693/1693/1693 2120/2120/2120
f 2120/2120/2120 1297/1297/1297 1694/1694/1694
f 1694/1694/1694 1695/1695/1695 2116/2116/2116
f 2116/2116/2116 2120/2120/2120 1694/1694/1694
f 1725/1725/1725 1664/1664/1664 1704/1704/1704
f 1704/1704/1704 1695/1695/1695 1694/1694/1694
f 1694/1694/1694 1306/1306/1306 1725/1725/1725
f 1725/1725/1725 1704/1704/1704 1694/1694/1694
f 1668/1668/1668 1308/1308/1308 1640/1640/1640
f 1673/1673/1673 1628/1628/1628 1668/1668/1668
f 1640/1640/1640 1673/1673/1673 1668/1668/1668
f 1640/1640/1640 1299/1299/1299 1671/1671/1671 1673/1673/1673
f 2103/2103/2103 1298/1298/1298 2115/2115/2115
f 2115/2115/2115 1672/1672/1672 1673/1673/1673
f 1673/1673/1673 1671/1671/1671 2103/2103/2103
f 2103/2103/2103 2115/2115/2115 1673/1673/1673
f 1702/1702/1702 1307/1307/1307 1700/1700/1700
f 1700/1700/1700 1628/1628/1628 1673/1673/1673
f 1673/1673/1673 1672/1672/1672 1702/1702/1702
f 1702/1702/1702 1700/1700/1700 1673/1673/1673
f 2059/2059/2059 2061/2061/2061 2060/2060/2060 2048/2048/2048
f 2065/2065/2065 2049/2049/2049 1641/1641/1641
f 2050/2050/2050 2051/2051/2051 2065/2065/2065
f 1641/1641/1641 2050/2050/2050 2065/2065/2065
f 2060/2060/2060 2051/2051/2051 2050/2050/2050
f 1621/1621/1621 2048/2048/2048 2060/2060/2060
f 2050/2050/2050 1621/1621/1621 2060/2060/2060
f 2072/2072/2072 2042/2042/2042 2073/2073/2073 2075/2075/2075
f 2075/2075/2075 2073/2073/2073 2068/2068/2068 2074/2074/2074
f 2064/2064/2064 2075/2075/2075 2074/2074/2074 2049/2049/2049
f 2073/2073/2073 2042/2042/2042 1300/1300/1300
f 2066/2066/2066 2068/2068/2068 2073/2073/2073
f 1300/1300/1300 2066/2066/2066 2073/2073/2073
f 2068/2068/2068 2066/2066/2066 1639/1639/1639 2067/2067/2067
f 2074/2074/2074 2068/2068/2068 2067/2067/2067
f 1641/1641/1641 2049/2049/2049 2074/2074/2074
f 2067/2067/2067 1641/1641/1641 2074/2074/2074
f 2067/2067/2067 1639/1639/1639 1299/1299/1299
f 1640/1640/1640 1641/1641/1641 2067/2067/2067
f 1299/1299/1299 1640/1640/1640 2067/2067/2067
f 1636/1636/1636 1621/1621/1621 2050/2050/2050
f 2050/2050/2050 1641/1641/1641 1640/1640/1640
f 1640/1640/1640 1308/1308/1308 1636/1636/1636
f 1636/1636/1636 2050/2050/2050 1640/1640/1640
f 2033/2033/2033 2028/2028/2028 1310/1310/1310
f 2029/2029/2029 2031/2031/2031 2033/2033/2033
f 1310/1310/1310 2029/2029/2029 2033/2033/2033
f 2040/2040/2040 2031/2031/2031 2029/2029/2029
f 1301/1301/1301 2030/2030/2030 2040/2040/2040
f 2029/2029/2029 1301/1301/1301 2040/2040/2040
f 2076/2076/2076 2034/2034/2034 2031/2031/2031
f 2040/2040/2040 2043/2043/2043 2076/2076/2076
f 2031/2031/2031 2040/2040/2040 2076/2076/2076
f 2040/2040/2040 2030/2030/2030 2041/2041/2041 2043/2043/2043
f 2077/2077/2077 2043/2043/2043 2041/2041/2041
f 1300/1300/1300 2042/2042/2042 2077/2077/2077
f 2041/2041/2041 1300/1300/1300 2077/2077/2077
f 2034/2034/2034 2076/2076/2076 2078/2078/2078 2039/2039/2039
f 2076/2076/2076 2043/2043/2043 2077/2077/2077 2078/2078/2078
f 2078/2078/2078 2077/2077/2077 2042/2042/2042 2072/2072/2072
f 2053/2053/2053 2032/2032/2032 2028/2028/2028
f 2033/2033/2033 2035/2035/2035 2053/2053/2053
f 2028/2028/2028 2033/2033/2033 2053/2053/2053
f 2038/2038/2038 2035/2035/2035 2033/2033/2033
f 2031/2031/2031 2034/2034/2034 2038/2038/2038
f 2033/2033/2033 2031/2031/2031 2038/2038/2038
f 2032/2032/2032 2053/2053/2053 2054/2054/2054 2052/2052/2052
f 2029/2029/2029 1310/1310/1310 1311/1311/1311
f 1302/1302/1302 1301/1301/1301 2029/2029/2029
f 1311/1311/1311 1302/1302/1302 2029/2029/2029
f 1313/1313/1313 1762/1762/1762 2197/2197/2197 2195/2195/2195
f 2193/2193/2193 1304/1304/1304 2150/2150/2150
f 2197/2197/2197 1762/1762/1762 2193/2193/2193
f 2150/2150/2150 2197/2197/2197 2193/2193/2193
f 2197/2197/2197 2150/2150/2150 1303/1303/1303 2196/2196/2196
f 2195/2195/2195 2197/2197/2197 2196/2196/2196 1312/1312/1312
f 1758/1758/1758 1722/1722/1722 2185/2185/2185
f 2185/2185/2185 1763/1763/1763 1760/1760/1760
f 1760/1760/1760 1314/1314/1314 1758/1758/1758
f 1758/1758/1758 2185/2185/2185 1760/1760/1760
f 1722/1722/1722 2186/2186/2186 2188/2188/2188 2185/2185/2185
f 2186/2186/2186 1305/1305/1305 2156/2156/2156 2188/2188/2188
f 2184/2184/2184 1761/1761/1761 2187/2187/2187
f 2188/2188/2188 2156/2156/2156 2184/2184/2184
f 2187/2187/2187 2188/2188/2188 2184/2184/2184
f 2185/2185/2185 2188/2188/2188 2187/2187/2187 1763/1763/1763
f 1763/1763/1763 2187/2187/2187 2194/2194/2194 2192/2192/2192
f 2189/2189/2189 2146/2146/2146 2194/2194/2194
f 2187/2187/2187 1761/1761/1761 2189/2189/2189
f 2194/2194/2194 2187/2187/2187 2189/2189/2189
f 2194/2194/2194 2146/2146/2146 1304/1304/1304 2193/2193/2193
f 2192/2192/2192 2194/2194/2194 2193/2193/2193 1762/1762/1762
f 2192/2192/2192 1762/1762/1762 1313/1313/1313
f 1760/1760/1760 1763/1763/1763 2192/2192/2192
f 1313/1313/1313 1760/1760/1760 2192/2192/2192
f 1719/1719/1719 1764/1764/1764 1766/1766/1766
f 1764/1764/1764 1665/1665/1665 1765/1765/1765 1766/1766/1766
f 1766/1766/1766 1765/1765/1765 1747/1747/1747
f 1748/1748/1748 1723/1723/1723 1749/1749/1749
f 1765/1765/1765 1665/1665/1665 1726/1726/1726
f 1752/1752/1752 1747/1747/1747 1765/1765/1765
f 1726/1726/1726 1752/1752/1752 1765/1765/1765
f 1726/1726/1726 1306/1306/1306 1750/1750/1750 1752/1752/1752
f 1752/1752/1752 1750/1750/1750 1721/1721/1721 1751/1751/1751
f 1748/1748/1748 1747/1747/1747 1752/1752/1752
f 1751/1751/1751 1723/1723/1723 1748/1748/1748
f 1752/1752/1752 1751/1751/1751 1748/1748/1748
f 1757/1757/1757 1751/1751/1751 2180/2180/2180 2186/2186/2186
f 1757/1757/1757 1723/1723/1723 1751/1751/1751
f 1751/1751/1751 1721/1721/1721 2180/2180/2180
f 2180/2180/2180 1305/1305/1305 2186/2186/2186
f 2186/2186/2186 1722/1722/1722 1757/1757/1757
f 1785/1785/1785 1783/1783/1783 1759/1759/1759 1784/1784/1784
f 1782/1782/1782 1785/1785/1785 1784/1784/1784 1756/1756/1756
f 1759/1759/1759 1757/1757/1757 1722/1722/1722 1758/1758/1758
f 1784/1784/1784 1759/1759/1759 1758/1758/1758
f 1314/1314/1314 1756/1756/1756 1784/1784/1784
f 1758/1758/1758 1314/1314/1314 1784/1784/1784
f 1710/1710/1710 1709/1709/1709 1707/1707/1707
f 1316/1316/1316 1662/1662/1662 1710/1710/1710
f 1707/1707/1707 1316/1316/1316 1710/1710/1710
f 1662/1662/1662 1711/1711/1711 1713/1713/1713 1710/1710/1710
f 1710/1710/1710 1713/1713/1713 1712/1712/1712 1709/1709/1709
f 1709/1709/1709 1712/1712/1712 1716/1716/1716 1714/1714/1714
f 1666/1666/1666 1715/1715/1715 1716/1716/1716
f 1714/1714/1714 1716/1716/1716 1715/1715/1715 1708/1708/1708
f 1714/1714/1714 1708/1708/1708 1565/1565/1565
f 1707/1707/1707 1709/1709/1709 1714/1714/1714
f 1565/1565/1565 1707/1707/1707 1714/1714/1714
f 1696/1696/1696 1307/1307/1307 1697/1697/1697 1699/1699/1699
f 1698/1698/1698 1691/1691/1691 1728/1728/1728 1730/1730/1730
f 1730/1730/1730 1728/1728/1728 1664/1664/1664 1729/1729/1729
f 1724/1724/1724 1692/1692/1692 1727/1727/1727
f 1718/1718/1718 1666/1666/1666 1724/1724/1724
f 1727/1727/1727 1718/1718/1718 1724/1724/1724
f 1729/1729/1729 1664/1664/1664 1725/1725/1725
f 1727/1727/1727 1692/1692/1692 1729/1729/1729
f 1725/1725/1725 1727/1727/1727 1729/1729/1729
f 1727/1727/1727 1725/1725/1725 1306/1306/1306 1726/1726/1726
f 1718/1718/1718 1727/1727/1727 1726/1726/1726 1665/1665/1665
f 1565/1565/1565 1708/1708/1708 1720/1720/1720 1717/1717/1717
f 1715/1715/1715 1666/1666/1666 1718/1718/1718
f 1720/1720/1720 1708/1708/1708 1715/1715/1715
f 1718/1718/1718 1720/1720/1720 1715/1715/1715
f 1764/1764/1764 1719/1719/1719 1720/1720/1720
f 1718/1718/1718 1665/1665/1665 1764/1764/1764
f 1720/1720/1720 1718/1718/1718 1764/1764/1764
f 1767/1767/1767 1315/1315/1315 1717/1717/1717
f 1720/1720/1720 1719/1719/1719 1767/1767/1767
f 1717/1717/1717 1720/1720/1720 1767/1767/1767
f 1659/1659/1659 1657/1657/1657 1643/1643/1643 1658/1658/1658
f 1656/1656/1656 1659/1659/1659 1658/1658/1658 1517/1517/1517
f 1667/1667/1667 1622/1622/1622 1637/1637/1637
f 1670/1670/1670 1642/1642/1642 1667/1667/1667
f 1637/1637/1637 1670/1670/1670 1667/1667/1667
f 1637/1637/1637 1308/1308/1308 1668/1668/1668 1670/1670/1670
f 1670/1670/1670 1668/1668/1668 1628/1628/1628 1669/1669/1669
f 1642/1642/1642 1670/1670/1670 1669/1669/1669 1630/1630/1630
f 1630/1630/1630 1669/1669/1669 1701/1701/1701 1661/1661/1661
f 1669/1669/1669 1628/1628/1628 1700/1700/1700 1701/1701/1701
f 1696/1696/1696 1690/1690/1690 1701/1701/1701
f 1700/1700/1700 1307/1307/1307 1696/1696/1696
f 1701/1701/1701 1700/1700/1700 1696/1696/1696
f 1706/1706/1706 1629/1629/1629 1661/1661/1661
f 1701/1701/1701 1690/1690/1690 1706/1706/1706
f 1661/1661/1661 1701/1701/1701 1706/1706/1706
f 1658/1658/1658 1643/1643/1643 1663/1663/1663
f 1660/1660/1660 1517/1517/1517 1658/1658/1658
f 1663/1663/1663 1660/1660/1660 1658/1658/1658
f 1643/1643/1643 1630/1630/1630 1661/1661/1661 1663/1663/1663
f 1711/1711/1711 1662/1662/1662 1663/1663/1663
f 1661/1661/1661 1629/1629/1629 1711/1711/1711
f 1663/1663/1663 1661/1661/1661 1711/1711/1711
f 1660/1660/1660 1663/1663/1663 1662/1662/1662 1316/1316/1316
f 2062/2062/2062 1623/1623/1623 1625/1625/1625
f 1625/1625/1625 1485/1485/1485 1317/1317/1317
f 1317/1317/1317 1620/1620/1620 2062/2062/2062
f 2062/2062/2062 1625/1625/1625 1317/1317/1317
f 1620/1620/1620 2057/2057/2057 2063/2063/2063 2062/2062/2062
f 2059/2059/2059 2048/2048/2048 2063/2063/2063
f 2057/2057/2057 1309/1309/1309 2059/2059/2059
f 2063/2063/2063 2057/2057/2057 2059/2059/2059
f 2063/2063/2063 2048/2048/2048 1621/1621/1621 1635/1635/1635
f 2062/2062/2062 2063/2063/2063 1635/1635/1635 1623/1623/1623
f 1623/1623/1623 1635/1635/1635 1638/1638/1638 1626/1626/1626
f 1635/1635/1635 1621/1621/1621 1636/1636/1636 1638/1638/1638
f 1638/1638/1638 1636/1636/1636 1308/1308/1308 1637/1637/1637
f 1633/1633/1633 1626/1626/1626 1638/1638/1638
f 1637/1637/1637 1622/1622/1622 1633/1633/1633
f 1638/1638/1638 1637/1637/1637 1633/1633/1633
f 1645/1645/1645 1624/1624/1624 1485/1485/1485
f 1625/1625/1625 1627/1627/1627 1645/1645/1645
f 1485/1485/1485 1625/1625/1625 1645/1645/1645
f 1632/1632/1632 1627/1627/1627 1625/1625/1625
f 1623/1623/1623 1626/1626/1626 1632/1632/1632
f 1625/1625/1625 1623/1623/1623 1632/1632/1632
f 1627/1627/1627 1632/1632/1632 1634/1634/1634 1631/1631/1631
f 1632/1632/1632 1626/1626/1626 1633/1633/1633 1634/1634/1634
f 1634/1634/1634 1633/1633/1633 1622/1622/1622
f 1624/1624/1624 1645/1645/1645 1646/1646/1646 1644/1644/1644
f 1645/1645/1645 1627/1627/1627 1631/1631/1631 1646/1646/1646
f 1318/1318/1318 2036/2036/2036 2037/2037/2037 1439/1439/1439
f 2056/2056/2056 2037/2037/2037 2036/2036/2036
f 1310/1310/1310 2028/2028/2028 2056/2056/2056
f 2036/2036/2036 1310/1310/1310 2056/2056/2056
f 2037/2037/2037 2056/2056/2056 2058/2058/2058 2055/2055/2055
f 2056/2056/2056 2028/2028/2028 2032/2032/2032 2058/2058/2058
f 2052/2052/2052 1309/1309/1309 2057/2057/2057
f 2058/2058/2058 2032/2032/2032 2052/2052/2052
f 2057/2057/2057 2058/2058/2058 2052/2052/2052
f 2055/2055/2055 2058/2058/2058 2057/2057/2057 1620/1620/1620
f 2055/2055/2055 1620/1620/1620 1317/1317/1317
f 1439/1439/1439 2037/2037/2037 2055/2055/2055
f 1317/1317/1317 1439/1439/1439 2055/2055/2055
f 2036/2036/2036 1318/1318/1318 1430/1430/1430
f 1430/1430/1430 1319/1319/1319 1311/1311/1311
f 1311/1311/1311 1310/1310/1310 2036/2036/2036
f 2036/2036/2036 1430/1430/1430 1311/1311/1311
f 2437/2437/2437 2406/2406/2406 2440/2440/2440
f 2430/2430/2430 1320/1320/1320 2437/2437/2437
f 2440/2440/2440 2430/2430/2430 2437/2437/2437
f 2406/2406/2406 1312/1312/1312 2439/2439/2439 2440/2440/2440
f 1321/1321/1321 2419/2419/2419 2421/2421/2421 2410/2410/2410
f 2419/2419/2419 2415/2415/2415 2420/2420/2420 2421/2421/2421
f 2420/2420/2420 2415/2415/2415 1780/1780/1780
f 2416/2416/2416 2418/2418/2418 2420/2420/2420
f 1780/1780/1780 2416/2416/2416 2420/2420/2420
f 2444/2444/2444 2418/2418/2418 2416/2416/2416
f 2407/2407/2407 2417/2417/2417 2444/2444/2444
f 2416/2416/2416 2407/2407/2407 2444/2444/2444
f 2416/2416/2416 1780/1780/1780 1313/1313/1313
f 2195/2195/2195 2407/2407/2407 2416/2416/2416
f 1313/1313/1313 2195/2195/2195 2416/2416/2416
f 2436/2436/2436 2407/2407/2407 2195/2195/2195
f 1312/1312/1312 2406/2406/2406 2436/2436/2436
f 2195/2195/2195 1312/1312/1312 2436/2436/2436
f 2443/2443/2443 2441/2441/2441 2438/2438/2438 2442/2442/2442
f 2433/2433/2433 2443/2443/2443 2442/2442/2442 2426/2426/2426
f 2441/2441/2441 2417/2417/2417 2407/2407/2407
f 2436/2436/2436 2438/2438/2438 2441/2441/2441
f 2407/2407/2407 2436/2436/2436 2441/2441/2441
f 2438/2438/2438 2436/2436/2436 2406/2406/2406 2437/2437/2437
f 2442/2442/2442 2438/2438/2438 2437/2437/2437
f 1320/1320/1320 2426/2426/2426 2442/2442/2442
f 2437/2437/2437 1320/1320/1320 2442/2442/2442
f 1811/1811/1811 1602/1602/1602 1818/1818/1818 1820/1820/1820
f 1820/1820/1820 1818/1818/1818 1781/1781/1781 1819/1819/1819
f 1814/1814/1814 1820/1820/1820 1819/1819/1819 1779/1779/1779
f 1818/1818/1818 1602/1602/1602 1777/1777/1777
f 1777/1777/1777 1314/1314/1314 1760/1760/1760
f 1760/1760/1760 1781/1781/1781 1818/1818/1818
f 1818/1818/1818 1777/1777/1777 1760/1760/1760
f 2422/2422/2422 1781/1781/1781 1760/1760/1760
f 1313/1313/1313 1780/1780/1780 2422/2422/2422
f 1760/1760/1760 1313/1313/1313 2422/2422/2422
f 1779/1779/1779 1819/1819/1819 2423/2423/2423 2413/2413/2413
f 1819/1819/1819 1781/1781/1781 2422/2422/2422 2423/2423/2423
f 2423/2423/2423 2422/2422/2422 1780/1780/1780 2415/2415/2415
f 2419/2419/2419 1321/1321/1321 2413/2413/2413
f 2423/2423/2423 2415/2415/2415 2419/2419/2419
f 2413/2413/2413 2423/2423/2423 2419/2419/2419
f 1322/1322/1322 1599/1599/1599 1824/1824/1824 1823/1823/1823
f 1599/1599/1599 1566/1566/1566 1768/1768/1768 1824/1824/1824
f 1824/1824/1824 1768/1768/1768 1603/1603/1603 1810/1810/1810
f 1821/1821/1821 1593/1593/1593 1823/1823/1823
f 1824/1824/1824 1810/1810/1810 1821/1821/1821
f 1823/1823/1823 1824/1824/1824 1821/1821/1821
f 1566/1566/1566 1769/1769/1769 1771/1771/1771 1768/1768/1768
f 1771/1771/1771 1773/1773/1773 1775/1775/1775 1772/1772/1772
f 1772/1772/1772 1775/1775/1775 1774/1774/1774 1770/1770/1770
f 1772/1772/1772 1770/1770/1770 1603/1603/1603
f 1768/1768/1768 1771/1771/1771 1772/1772/1772
f 1603/1603/1603 1768/1768/1768 1772/1772/1772
f 1603/1603/1603 1770/1770/1770 1778/1778/1778 1776/1776/1776
f 1774/1774/1774 1601/1601/1601 1782/1782/1782
f 1782/1782/1782 1756/1756/1756 1778/1778/1778
f 1778/1778/1778 1770/1770/1770 1774/1774/1774
f 1774/1774/1774 1782/1782/1782 1778/1778/1778
f 1778/1778/1778 1756/1756/1756 1314/1314/1314 1777/1777/1777
f 1776/1776/1776 1778/1778/1778 1777/1777/1777 1602/1602/1602
f 1822/1822/1822 1810/1810/1810 1603/1603/1603
f 1776/1776/1776 1812/1812/1812 1822/1822/1822
f 1603/1603/1603 1776/1776/1776 1822/1822/1822
f 1817/1817/1817 1812/1812/1812 1776/1776/1776
f 1602/1602/1602 1811/1811/1811 1817/1817/1817
f 1776/1776/1776 1602/1602/1602 1817/1817/1817
f 1575/1575/1575 1568/1568/1568 1518/1518/1518
f 1569/1569/1569 1571/1571/1571 1575/1575/1575
f 1518/1518/1518 1569/1569/1569 1575/1575/1575
f 1596/1596/1596 1571/1571/1571 1569/1569/1569
f 1567/1567/1567 1570/1570/1570 1596/1596/1596
f 1569/1569/1569 1567/1567/1567 1596/1596/1596
f 1569/1569/1569 1518/1518/1518 1316/1316/1316 1707/1707/1707
f 1707/1707/1707 1565/1565/1565 1567/1567/1567 1569/1569/1569
f 1598/1598/1598 1717/1717/1717 1769/1769/1769
f 1717/1717/1717 1315/1315/1315 1769/1769/1769
f 1769/1769/1769 1566/1566/1566 1598/1598/1598
f 1598/1598/1598 1567/1567/1567 1565/1565/1565 1717/1717/1717
f 1597/1597/1597 1570/1570/1570 1600/1600/1600
f 1589/1589/1589 1564/1564/1564 1597/1597/1597
f 1600/1600/1600 1589/1589/1589 1597/1597/1597
f 1570/1570/1570 1567/1567/1567 1598/1598/1598 1600/1600/1600
f 1600/1600/1600 1598/1598/1598 1566/1566/1566 1599/1599/1599
f 1589/1589/1589 1600/1600/1600 1599/1599/1599 1322/1322/1322
f 1542/1542/1542 1514/1514/1514 1546/1546/1546
f 1538/1538/1538 1323/1323/1323 1542/1542/1542
f 1546/1546/1546 1538/1538/1538 1542/1542/1542
f 1514/1514/1514 1486/1486/1486 1544/1544/1544 1546/1546/1546
f 1546/1546/1546 1544/1544/1544 1519/1519/1519 1545/1545/1545
f 1538/1538/1538 1546/1546/1546 1545/1545/1545 1516/1516/1516
f 1652/1652/1652 1651/1651/1651 1544/1544/1544
f 1486/1486/1486 1648/1648/1648 1652/1652/1652
f 1544/1544/1544 1486/1486/1486 1652/1652/1652
f 1648/1648/1648 1653/1653/1653 1655/1655/1655 1652/1652/1652
f 1652/1652/1652 1655/1655/1655 1654/1654/1654 1651/1651/1651
f 1544/1544/1544 1651/1651/1651 1650/1650/1650 1519/1519/1519
f 1660/1660/1660 1581/1581/1581 1650/1650/1650
f 1581/1581/1581 1519/1519/1519 1650/1650/1650
f 1650/1650/1650 1517/1517/1517 1660/1660/1660
f 1660/1660/1660 1316/1316/1316 1518/1518/1518 1581/1581/1581
f 1516/1516/1516 1545/1545/1545 1582/1582/1582 1580/1580/1580
f 1545/1545/1545 1519/1519/1519 1581/1581/1581 1582/1582/1582
f 1582/1582/1582 1581/1581/1581 1518/1518/1518 1568/1568/1568
f 1510/1510/1510 1505/1505/1505 1324/1324/1324
f 1483/1483/1483 1508/1508/1508 1510/1510/1510
f 1324/1324/1324 1483/1483/1483 1510/1510/1510
f 1483/1483/1483 1440/1440/1440 1506/1506/1506 1508/1508/1508
f 1511/1511/1511 1508/1508/1508 1506/1506/1506
f 1487/1487/1487 1507/1507/1507 1511/1511/1511
f 1506/1506/1506 1487/1487/1487 1511/1511/1511
f 1505/1505/1505 1510/1510/1510 1512/1512/1512 1509/1509/1509
f 1510/1510/1510 1508/1508/1508 1511/1511/1511 1512/1512/1512
f 1647/1647/1647 1487/1487/1487 1506/1506/1506
f 1506/1506/1506 1440/1440/1440 1317/1317/1317
f 1317/1317/1317 1485/1485/1485 1647/1647/1647
f 1647/1647/1647 1506/1506/1506 1317/1317/1317
f 1487/1487/1487 1647/1647/1647 1649/1649/1649 1513/1513/1513
f 1647/1647/1647 1485/1485/1485 1624/1624/1624 1649/1649/1649
f 1513/1513/1513 1649/1649/1649 1648/1648/1648 1486/1486/1486
f 1547/1547/1547 1507/1507/1507 1487/1487/1487
f 1513/1513/1513 1515/1515/1515 1547/1547/1547
f 1487/1487/1487 1513/1513/1513 1547/1547/1547
f 1541/1541/1541 1515/1515/1515 1513/1513/1513
f 1486/1486/1486 1514/1514/1514 1541/1541/1541
f 1513/1513/1513 1486/1486/1486 1541/1541/1541
f 1543/1543/1543 1541/1541/1541 1514/1514/1514 1542/1542/1542
f 1534/1534/1534 1543/1543/1543 1542/1542/1542 1323/1323/1323
f 1488/1488/1488 1436/1436/1436 1431/1431/1431
f 1449/1449/1449 1451/1451/1451 1488/1488/1488
f 1431/1431/1431 1449/1449/1449 1488/1488/1488
f 1479/1479/1479 1451/1451/1451 1449/1449/1449
f 1441/1441/1441 1450/1450/1450 1479/1479/1479
f 1449/1449/1449 1441/1441/1441 1479/1479/1479
f 1478/1478/1478 1451/1451/1451 1479/1479/1479 1481/1481/1481
f 1481/1481/1481 1479/1479/1479 1450/1450/1450 1480/1480/1480
f 1468/1468/1468 1481/1481/1481 1480/1480/1480 1438/1438/1438
f 1449/1449/1449 1431/1431/1431 1318/1318/1318
f 1439/1439/1439 1441/1441/1441 1449/1449/1449
f 1318/1318/1318 1439/1439/1439 1449/1449/1449
f 1482/1482/1482 1441/1441/1441 1439/1439/1439
f 1317/1317/1317 1440/1440/1440 1482/1482/1482
f 1439/1439/1439 1317/1317/1317 1482/1482/1482
f 1480/1480/1480 1450/1450/1450 1484/1484/1484
f 1472/1472/1472 1438/1438/1438 1480/1480/1480
f 1484/1484/1484 1472/1472/1472 1480/1480/1480
f 1450/1450/1450 1441/1441/1441 1482/1482/1482 1484/1484/1484
f 1484/1484/1484 1482/1482/1482 1440/1440/1440 1483/1483/1483
f 1472/1472/1472 1484/1484/1484 1483/1483/1483 1324/1324/1324
f 1434/1434/1434 1428/1428/1428 1325/1325/1325
f 1429/1429/1429 1432/1432/1432 1434/1434/1434
f 1325/1325/1325 1429/1429/1429 1434/1434/1434
f 1429/1429/1429 1319/1319/1319 1430/1430/1430 1432/1432/1432
f 1435/1435/1435 1432/1432/1432 1430/1430/1430
f 1318/1318/1318 1431/1431/1431 1435/1435/1435
f 1430/1430/1430 1318/1318/1318 1435/1435/1435
f 1446/1446/1446 1433/1433/1433 1428/1428/1428
f 1434/1434/1434 1437/1437/1437 1446/1446/1446
f 1428/1428/1428 1434/1434/1434 1446/1446/1446
f 1434/1434/1434 1432/1432/1432 1435/1435/1435 1437/1437/1437
f 1447/1447/1447 1437/1437/1437 1435/1435/1435
f 1431/1431/1431 1436/1436/1436 1447/1447/1447
f 1435/1435/1435 1431/1431/1431 1447/1447/1447
f 1446/1446/1446 1437/1437/1437 1447/1447/1447 1448/1448/1448
f 1326/1326/1326 2400/2400/2400 2431/2431/2431 2429/2429/2429
f 2427/2427/2427 1320/1320/1320 2430/2430/2430
f 2431/2431/2431 2400/2400/2400 2427/2427/2427
f 2430/2430/2430 2431/2431/2431 2427/2427/2427
f 2402/2402/2402 2401/2401/2401 2244/2244/2244
f 1327/1327/1327 1807/1807/1807 2402/2402/2402
f 2244/2244/2244 1327/1327/1327 2402/2402/2402
f 2408/2408/2408 2405/2405/2405 2402/2402/2402
f 1807/1807/1807 2403/2403/2403 2408/2408/2408
f 2402/2402/2402 1807/1807/1807 2408/2408/2408
f 2403/2403/2403 2409/2409/2409 2411/2411/2411 2408/2408/2408
f 2409/2409/2409 1321/1321/1321 2410/2410/2410 2411/2411/2411
f 2424/2424/2424 2404/2404/2404 2401/2401/2401
f 2402/2402/2402 2405/2405/2405 2424/2424/2424
f 2401/2401/2401 2402/2402/2402 2424/2424/2424
f 2432/2432/2432 2428/2428/2428 2425/2425/2425
f 2401/2401/2401 2404/2404/2404 2432/2432/2432
f 2425/2425/2425 2401/2401/2401 2432/2432/2432
f 2435/2435/2435 2433/2433/2433 2426/2426/2426 2434/2434/2434
f 2432/2432/2432 2435/2435/2435 2434/2434/2434 2428/2428/2428
f 2434/2434/2434 2426/2426/2426 1320/1320/1320
f 2427/2427/2427 2428/2428/2428 2434/2434/2434
f 1320/1320/1320 2427/2427/2427 2434/2434/2434
f 2425/2425/2425 2428/2428/2428 2427/2427/2427 2400/2400/2400
f 2425/2425/2425 2400/2400/2400 1326/1326/1326
f 2244/2244/2244 2401/2401/2401 2425/2425/2425
f 1326/1326/1326 2244/2244/2244 2425/2425/2425
f 1876/1876/1876 1594/1594/1594 1813/1813/1813
f 1813/1813/1813 1808/1808/1808 1806/1806/1806
f 1806/1806/1806 1328/1328/1328 1876/1876/1876
f 1876/1876/1876 1813/1813/1813 1806/1806/1806
f 1594/1594/1594 1804/1804/1804 1816/1816/1816 1813/1813/1813
f 1816/1816/1816 1814/1814/1814 1779/1779/1779 1815/1815/1815
f 1813/1813/1813 1816/1816/1816 1815/1815/1815 1808/1808/1808
f 1808/1808/1808 1815/1815/1815 2414/2414/2414 2412/2412/2412
f 1815/1815/1815 1779/1779/1779 2413/2413/2413 2414/2414/2414
f 2409/2409/2409 2403/2403/2403 2414/2414/2414
f 2413/2413/2413 1321/1321/1321 2409/2409/2409
f 2414/2414/2414 2413/2413/2413 2409/2409/2409
f 2412/2412/2412 2414/2414/2414 2403/2403/2403 1807/1807/1807
f 2412/2412/2412 1807/1807/1807 1327/1327/1327
f 1806/1806/1806 1808/1808/1808 2412/2412/2412
f 1327/1327/1327 1806/1806/1806 2412/2412/2412
f 1329/1329/1329 1885/1885/1885 1887/1887/1887 1884/1884/1884
f 1885/1885/1885 1878/1878/1878 1886/1886/1886 1887/1887/1887
f 1887/1887/1887 1886/1886/1886 1879/1879/1879 1880/1880/1880
f 1886/1886/1886 1878/1878/1878 1573/1573/1573
f 1827/1827/1827 1879/1879/1879 1886/1886/1886
f 1573/1573/1573 1827/1827/1827 1886/1886/1886
f 1881/1881/1881 1879/1879/1879 1827/1827/1827
f 1595/1595/1595 1875/1875/1875 1881/1881/1881
f 1827/1827/1827 1595/1595/1595 1881/1881/1881
f 1880/1880/1880 1879/1879/1879 1881/1881/1881 1883/1883/1883
f 1883/1883/1883 1881/1881/1881 1875/1875/1875 1882/1882/1882
f 1573/1573/1573 1590/1590/1590 1828/1828/1828 1827/1827/1827
f 1590/1590/1590 1322/1322/1322 1823/1823/1823 1828/1828/1828
f 1826/1826/1826 1803/1803/1803 1828/1828/1828
f 1823/1823/1823 1593/1593/1593 1826/1826/1826
f 1828/1828/1828 1823/1823/1823 1826/1826/1826
f 1827/1827/1827 1828/1828/1828 1803/1803/1803 1595/1595/1595
f 1825/1825/1825 1805/1805/1805 1802/1802/1802
f 1595/1595/1595 1803/1803/1803 1825/1825/1825
f 1802/1802/1802 1595/1595/1595 1825/1825/1825
f 1809/1809/1809 1804/1804/1804 1594/1594/1594
f 1802/1802/1802 1805/1805/1805 1809/1809/1809
f 1594/1594/1594 1802/1802/1802 1809/1809/1809
f 1872/1872/1872 1592/1592/1592 1882/1882/1882
f 1882/1882/1882 1875/1875/1875 1877/1877/1877
f 1877/1877/1877 1857/1857/1857 1872/1872/1872
f 1872/1872/1872 1882/1882/1882 1877/1877/1877
f 1875/1875/1875 1595/1595/1595 1802/1802/1802 1877/1877/1877
f 1877/1877/1877 1802/1802/1802 1594/1594/1594 1876/1876/1876
f 1857/1857/1857 1877/1877/1877 1876/1876/1876 1328/1328/1328
f 1945/1945/1945 1576/1576/1576 1889/1889/1889
f 1576/1576/1576 1574/1574/1574 1889/1889/1889
f 1889/1889/1889 1572/1572/1572 1945/1945/1945
f 1945/1945/1945 1330/1330/1330 1530/1530/1530 1576/1576/1576
f 1583/1583/1583 1579/1579/1579 1576/1576/1576
f 1530/1530/1530 1577/1577/1577 1583/1583/1583
f 1576/1576/1576 1530/1530/1530 1583/1583/1583
f 1586/1586/1586 1578/1578/1578 1574/1574/1574
f 1576/1576/1576 1579/1579/1579 1586/1586/1586
f 1574/1574/1574 1576/1576/1576 1586/1586/1586
f 1574/1574/1574 1578/1578/1578 1591/1591/1591 1588/1588/1588
f 1587/1587/1587 1564/1564/1564 1589/1589/1589
f 1591/1591/1591 1578/1578/1578 1587/1587/1587
f 1589/1589/1589 1591/1591/1591 1587/1587/1587
f 1591/1591/1591 1589/1589/1589 1322/1322/1322 1590/1590/1590
f 1588/1588/1588 1591/1591/1591 1590/1590/1590 1573/1573/1573
f 1572/1572/1572 1889/1889/1889 1890/1890/1890 1888/1888/1888
f 1889/1889/1889 1574/1574/1574 1588/1588/1588 1890/1890/1890
f 1890/1890/1890 1588/1588/1588 1573/1573/1573 1878/1878/1878
f 1885/1885/1885 1329/1329/1329 1888/1888/1888
f 1890/1890/1890 1878/1878/1878 1885/1885/1885
f 1888/1888/1888 1890/1890/1890 1885/1885/1885
f 2003/2003/2003 2000/2000/2000 2004/2004/2004 2006/2006/2006
f 2006/2006/2006 2004/2004/2004 2002/2002/2002 2005/2005/2005
f 2004/2004/2004 2000/2000/2000 1476/1476/1476
f 1537/1537/1537 2002/2002/2002 2004/2004/2004
f 1476/1476/1476 1537/1537/1537 2004/2004/2004
f 2002/2002/2002 1537/1537/1537 1531/1531/1531 2001/2001/2001
f 1476/1476/1476 1527/1527/1527 1540/1540/1540 1537/1537/1537
f 1535/1535/1535 1323/1323/1323 1538/1538/1538
f 1540/1540/1540 1527/1527/1527 1535/1535/1535
f 1538/1538/1538 1540/1540/1540 1535/1535/1535
f 1540/1540/1540 1538/1538/1538 1516/1516/1516 1539/1539/1539
f 1537/1537/1537 1540/1540/1540 1539/1539/1539 1531/1531/1531
f 1531/1531/1531 1539/1539/1539 1585/1585/1585 1584/1584/1584
f 1539/1539/1539 1516/1516/1516 1580/1580/1580 1585/1585/1585
f 1584/1584/1584 1585/1585/1585 1577/1577/1577 1530/1530/1530
f 1584/1584/1584 1955/1955/1955 2001/2001/2001
f 1955/1955/1955 1529/1529/1529 2001/2001/2001
f 2001/2001/2001 1531/1531/1531 1584/1584/1584
f 1584/1584/1584 1530/1530/1530 1330/1330/1330 1955/1955/1955
f 1520/1520/1520 1477/1477/1477 2007/2007/2007
f 2007/2007/2007 1475/1475/1475 1331/1331/1331
f 1331/1331/1331 1453/1453/1453 1520/1520/1520
f 1520/1520/1520 2007/2007/2007 1331/1331/1331
f 1453/1453/1453 1473/1473/1473 1522/1522/1522 1520/1520/1520
f 1524/1524/1524 1522/1522/1522 1473/1473/1473
f 1324/1324/1324 1505/1505/1505 1524/1524/1524
f 1473/1473/1473 1324/1324/1324 1524/1524/1524
f 1522/1522/1522 1524/1524/1524 1525/1525/1525 1523/1523/1523
f 1524/1524/1524 1505/1505/1505 1509/1509/1509 1525/1525/1525
f 1523/1523/1523 1521/1521/1521 1477/1477/1477
f 1520/1520/1520 1522/1522/1522 1523/1523/1523
f 1477/1477/1477 1520/1520/1520 1523/1523/1523
f 1532/1532/1532 1528/1528/1528 1526/1526/1526
f 1477/1477/1477 1521/1521/1521 1532/1532/1532
f 1526/1526/1526 1477/1477/1477 1532/1532/1532
f 1536/1536/1536 1534/1534/1534 1323/1323/1323 1535/1535/1535
f 1533/1533/1533 1536/1536/1536 1535/1535/1535 1527/1527/1527
f 1533/1533/1533 1527/1527/1527 1476/1476/1476
f 1526/1526/1526 1528/1528/1528 1533/1533/1533
f 1476/1476/1476 1526/1526/1526 1533/1533/1533
f 1475/1475/1475 2007/2007/2007 2008/2008/2008 1979/1979/1979
f 2007/2007/2007 1477/1477/1477 1526/1526/1526 2008/2008/2008
f 2008/2008/2008 1526/1526/1526 1476/1476/1476 2000/2000/2000
f 1462/1462/1462 1454/1454/1454 1452/1452/1452
f 1332/1332/1332 1444/1444/1444 1462/1462/1462
f 1452/1452/1452 1332/1332/1332 1462/1462/1462
f 1465/1465/1465 1464/1464/1464 1462/1462/1462
f 1444/1444/1444 1457/1457/1457 1465/1465/1465
f 1462/1462/1462 1444/1444/1444 1465/1465/1465
f 1464/1464/1464 1466/1466/1466 1470/1470/1470 1467/1467/1467
f 1470/1470/1470 1468/1468/1468 1438/1438/1438 1469/1469/1469
f 1467/1467/1467 1470/1470/1470 1469/1469/1469 1463/1463/1463
f 1467/1467/1467 1463/1463/1463 1454/1454/1454
f 1462/1462/1462 1464/1464/1464 1467/1467/1467
f 1454/1454/1454 1462/1462/1462 1467/1467/1467
f 1454/1454/1454 1463/1463/1463 1474/1474/1474 1471/1471/1471
f 1469/1469/1469 1438/1438/1438 1472/1472/1472
f 1474/1474/1474 1463/1463/1463 1469/1469/1469
f 1472/1472/1472 1474/1474/1474 1469/1469/1469
f 1474/1474/1474 1472/1472/1472 1324/1324/1324 1473/1473/1473
f 1471/1471/1471 1474/1474/1474 1473/1473/1473 1453/1453/1453
f 1471/1471/1471 1453/1453/1453 1331/1331/1331
f 1452/1452/1452 1454/1454/1454 1471/1471/1471
f 1331/1331/1331 1452/1452/1452 1471/1471/1471
f 1333/1333/1333 1443/1443/1443 1445/1445/1445 1442/1442/1442
f 1456/1456/1456 1445/1445/1445 1443/1443/1443
f 1325/1325/1325 1428/1428/1428 1456/1456/1456
f 1443/1443/1443 1325/1325/1325 1456/1456/1456
f 1445/1445/1445 1456/1456/1456 1458/1458/1458 1455/1455/1455
f 1460/1460/1460 1458/1458/1458 1456/1456/1456
f 1428/1428/1428 1433/1433/1433 1460/1460/1460
f 1456/1456/1456 1428/1428/1428 1460/1460/1460
f 1458/1458/1458 1460/1460/1460 1461/1461/1461 1459/1459/1459
f 1459/1459/1459 1457/1457/1457 1444/1444/1444
f 1455/1455/1455 1458/1458/1458 1459/1459/1459
f 1444/1444/1444 1455/1455/1455 1459/1459/1459
f 1455/1455/1455 1444/1444/1444 1332/1332/1332
f 1442/1442/1442 1445/1445/1445 1455/1455/1455
f 1332/1332/1332 1442/1442/1442 1455/1455/1455
f 2242/2242/2242 1861/1861/1861 2246/2246/2246
f 2221/2221/2221 1335/1335/1335 2242/2242/2242
f 2246/2246/2246 2221/2221/2221 2242/2242/2242
f 1861/1861/1861 1327/1327/1327 2244/2244/2244 2246/2246/2246
f 2246/2246/2246 2244/2244/2244 1326/1326/1326 2245/2245/2245
f 2221/2221/2221 2246/2246/2246 2245/2245/2245 1334/1334/1334
f 1336/1336/1336 2248/2248/2248 2250/2250/2250 2236/2236/2236
f 2248/2248/2248 1847/1847/1847 2249/2249/2249 2250/2250/2250
f 2250/2250/2250 2249/2249/2249 1862/1862/1862 2240/2240/2240
f 2247/2247/2247 2236/2236/2236 2250/2250/2250
f 2240/2240/2240 1860/1860/1860 2247/2247/2247
f 2250/2250/2250 2240/2240/2240 2247/2247/2247
f 2249/2249/2249 1847/1847/1847 1858/1858/1858
f 1858/1858/1858 1328/1328/1328 1806/1806/1806
f 1806/1806/1806 1862/1862/1862 2249/2249/2249
f 2249/2249/2249 1858/1858/1858 1806/1806/1806
f 2241/2241/2241 1862/1862/1862 1806/1806/1806
f 1327/1327/1327 1861/1861/1861 2241/2241/2241
f 1806/1806/1806 1327/1327/1327 2241/2241/2241
f 2237/2237/2237 1860/1860/1860 2240/2240/2240
f 2243/2243/2243 2217/2217/2217 2237/2237/2237
f 2240/2240/2240 2243/2243/2243 2237/2237/2237
f 2240/2240/2240 1862/1862/1862 2241/2241/2241 2243/2243/2243
f 2243/2243/2243 2241/2241/2241 1861/1861/1861 2242/2242/2242
f 2217/2217/2217 2243/2243/2243 2242/2242/2242 1335/1335/1335
f 1337/1337/1337 1864/1864/1864 1866/1866/1866 1863/1863/1863
f 1895/1895/1895 1849/1849/1849 1866/1866/1866
f 1864/1864/1864 1846/1846/1846 1895/1895/1895
f 1866/1866/1866 1864/1864/1864 1895/1895/1895
f 1854/1854/1854 1848/1848/1848 1865/1865/1865
f 1866/1866/1866 1849/1849/1849 1854/1854/1854
f 1865/1865/1865 1866/1866/1866 1854/1854/1854
f 1863/1863/1863 1866/1866/1866 1865/1865/1865 1845/1845/1845
f 1846/1846/1846 1896/1896/1896 1897/1897/1897 1895/1895/1895
f 1897/1897/1897 1896/1896/1896 1850/1850/1850
f 1849/1849/1849 1895/1895/1895 1897/1897/1897
f 1855/1855/1855 1848/1848/1848 1854/1854/1854
f 1874/1874/1874 1872/1872/1872 1857/1857/1857 1873/1873/1873
f 1871/1871/1871 1874/1874/1874 1873/1873/1873 1859/1859/1859
f 1873/1873/1873 1857/1857/1857 1328/1328/1328
f 1858/1858/1858 1859/1859/1859 1873/1873/1873
f 1328/1328/1328 1858/1858/1858 1873/1873/1873
f 1856/1856/1856 1859/1859/1859 1858/1858/1858 1847/1847/1847
f 2260/2260/2260 1865/1865/1865 1856/1856/1856 2248/2248/2248
f 2260/2260/2260 1845/1845/1845 1865/1865/1865
f 1865/1865/1865 1848/1848/1848 1856/1856/1856
f 1856/1856/1856 1847/1847/1847 2248/2248/2248
f 2248/2248/2248 1336/1336/1336 2260/2260/2260
f 1338/1338/1338 1924/1924/1924 1926/1926/1926 1923/1923/1923
f 1914/1914/1914 1925/1925/1925 1940/1940/1940 1938/1938/1938
f 1938/1938/1938 1940/1940/1940 1939/1939/1939 1851/1851/1851
f 1951/1951/1951 1944/1944/1944 1952/1952/1952 1953/1953/1953
f 1953/1953/1953 1952/1952/1952 1946/1946/1946 1947/1947/1947
f 1952/1952/1952 1944/1944/1944 1330/1330/1330
f 1945/1945/1945 1946/1946/1946 1952/1952/1952
f 1330/1330/1330 1945/1945/1945 1952/1952/1952
f 1948/1948/1948 1946/1946/1946 1945/1945/1945
f 1572/1572/1572 1893/1893/1893 1948/1948/1948
f 1945/1945/1945 1572/1572/1572 1948/1948/1948
f 1947/1947/1947 1946/1946/1946 1948/1948/1948 1950/1950/1950
f 1950/1950/1950 1948/1948/1948 1893/1893/1893 1949/1949/1949
f 1950/1950/1950 1949/1949/1949 1853/1853/1853
f 1949/1949/1949 1893/1893/1893 1894/1894/1894
f 1892/1892/1892 1853/1853/1853 1949/1949/1949
f 1894/1894/1894 1892/1892/1892 1949/1949/1949
f 1893/1893/1893 1572/1572/1572 1888/1888/1888 1894/1894/1894
f 1891/1891/1891 1850/1850/1850 1894/1894/1894
f 1888/1888/1888 1329/1329/1329 1891/1891/1891
f 1894/1894/1894 1888/1888/1888 1891/1891/1891
f 1896/1896/1896 1846/1846/1846 1892/1892/1892
f 1894/1894/1894 1850/1850/1850 1896/1896/1896
f 1892/1892/1892 1894/1894/1894 1896/1896/1896
f 1939/1939/1939 1916/1916/1916 1942/1942/1942
f 1941/1941/1941 1851/1851/1851 1939/1939/1939
f 1942/1942/1942 1941/1941/1941 1939/1939/1939
f 1943/1943/1943 1853/1853/1853 1892/1892/1892
f 1942/1942/1942 1916/1916/1916 1943/1943/1943
f 1892/1892/1892 1942/1942/1942 1943/1943/1943
f 1942/1942/1942 1892/1892/1892 1846/1846/1846 1864/1864/1864
f 1941/1941/1941 1942/1942/1942 1864/1864/1864 1337/1337/1337
f 1339/1339/1339 1989/1989/1989 1995/1995/1995 1994/1994/1994
f 1993/1993/1993 1986/1986/1986 1995/1995/1995
f 1989/1989/1989 1921/1921/1921 1993/1993/1993
f 1995/1995/1995 1989/1989/1989 1993/1993/1993
f 1995/1995/1995 1986/1986/1986 1922/1922/1922 1935/1935/1935
f 1994/1994/1994 1995/1995/1995 1935/1935/1935 1920/1920/1920
f 1999/1999/1999 1997/1997/1997 1529/1529/1529 1998/1998/1998
f 1996/1996/1996 1999/1999/1999 1998/1998/1998 1954/1954/1954
f 1922/1922/1922 1954/1954/1954 1956/1956/1956 1936/1936/1936
f 1998/1998/1998 1529/1529/1529 1955/1955/1955
f 1956/1956/1956 1954/1954/1954 1998/1998/1998
f 1955/1955/1955 1956/1956/1956 1998/1998/1998
f 1956/1956/1956 1955/1955/1955 1330/1330/1330 1944/1944/1944
f 1951/1951/1951 1852/1852/1852 1936/1936/1936
f 1956/1956/1956 1944/1944/1944 1951/1951/1951
f 1936/1936/1936 1956/1956/1956 1951/1951/1951
f 1920/1920/1920 1935/1935/1935 1937/1937/1937 1934/1934/1934
f 1935/1935/1935 1922/1922/1922 1936/1936/1936 1937/1937/1937
f 1957/1957/1957 1915/1915/1915 1937/1937/1937
f 1936/1936/1936 1852/1852/1852 1957/1957/1957
f 1937/1937/1937 1936/1936/1936 1957/1957/1957
f 1924/1924/1924 1338/1338/1338 1934/1934/1934
f 1937/1937/1937 1915/1915/1915 1924/1924/1924
f 1934/1934/1934 1937/1937/1937 1924/1924/1924
f 2372/2372/2372 1340/1340/1340 2375/2375/2375
f 2377/2377/2377 2347/2347/2347 2372/2372/2372
f 2375/2375/2375 2377/2377/2377 2372/2372/2372
f 2375/2375/2375 1975/1975/1975 2376/2376/2376 2377/2377/2377
f 2377/2377/2377 2376/2376/2376 1976/1976/1976 1988/1988/1988
f 2347/2347/2347 2377/2377/2377 1988/1988/1988 1974/1974/1974
f 1978/1978/1978 1976/1976/1976 2376/2376/2376
f 2376/2376/2376 1975/1975/1975 1331/1331/1331
f 1331/1331/1331 1475/1475/1475 1978/1978/1978
f 1978/1978/1978 2376/2376/2376 1331/1331/1331
f 1982/1982/1982 1977/1977/1977 1976/1976/1976
f 1978/1978/1978 1980/1980/1980 1982/1982/1982
f 1976/1976/1976 1978/1978/1978 1982/1982/1982
f 2009/2009/2009 1980/1980/1980 1978/1978/1978
f 1475/1475/1475 1979/1979/1979 2009/2009/2009
f 1978/1978/1978 1475/1475/1475 2009/2009/2009
f 1980/1980/1980 2009/2009/2009 2011/2011/2011 1983/1983/1983
f 2009/2009/2009 1979/1979/1979 2010/2010/2010 2011/2011/2011
f 1977/1977/1977 1982/1982/1982 1985/1985/1985 1981/1981/1981
f 1982/1982/1982 1980/1980/1980 1983/1983/1983 1985/1985/1985
f 1981/1981/1981 1985/1985/1985 1984/1984/1984 1921/1921/1921
f 1974/1974/1974 1988/1988/1988 1990/1990/1990 1987/1987/1987
f 1988/1988/1988 1976/1976/1976 1977/1977/1977 1990/1990/1990
f 1981/1981/1981 1921/1921/1921 1989/1989/1989
f 1990/1990/1990 1977/1977/1977 1981/1981/1981
f 1989/1989/1989 1990/1990/1990 1981/1981/1981
f 1987/1987/1987 1990/1990/1990 1989/1989/1989 1339/1339/1339
f 2381/2381/2381 2336/2336/2336 1341/1341/1341
f 2342/2342/2342 2343/2343/2343 2381/2381/2381
f 1341/1341/1341 2342/2342/2342 2381/2381/2381
f 2342/2342/2342 1332/1332/1332 1452/1452/1452 2343/2343/2343
f 2382/2382/2382 2343/2343/2343 1452/1452/1452
f 1331/1331/1331 1975/1975/1975 2382/2382/2382
f 1452/1452/1452 1331/1331/1331 2382/2382/2382
f 2336/2336/2336 2381/2381/2381 2383/2383/2383 2340/2340/2340
f 2381/2381/2381 2343/2343/2343 2382/2382/2382 2383/2383/2383
f 2383/2383/2383 2382/2382/2382 1975/1975/1975 2375/2375/2375
f 2379/2379/2379 2340/2340/2340 2383/2383/2383
f 2375/2375/2375 1340/1340/1340 2379/2379/2379
f 2383/2383/2383 2375/2375/2375 2379/2379/2379
f 1442/1442/1442 1332/1332/1332 2342/2342/2342
f 2342/2342/2342 1341/1341/1341 1342/1342/1342
f 1342/1342/1342 1333/1333/1333 1442/1442/1442
f 1442/1442/1442 2342/2342/2342 1342/1342/1342
f 2228/2228/2228 2215/2215/2215 2223/2223/2223
f 2220/2220/2220 1344/1344/1344 2228/2228/2228
f 2223/2223/2223 2220/2220/2220 2228/2228/2228
f 2218/2218/2218 1335/1335/1335 2221/2221/2221
f 2223/2223/2223 2215/2215/2215 2218/2218/2218
f 2221/2221/2221 2223/2223/2223 2218/2218/2218
f 2223/2223/2223 2221/2221/2221 1334/1334/1334 2222/2222/2222
f 2220/2220/2220 2223/2223/2223 2222/2222/2222 1343/1343/1343
f 1345/1345/1345 2256/2256/2256 2257/2257/2257 2255/2255/2255
f 2251/2251/2251 2234/2234/2234 2263/2263/2263
f 2263/2263/2263 2257/2257/2257 2256/2256/2256
f 2256/2256/2256 1869/1869/1869 2251/2251/2251
f 2251/2251/2251 2263/2263/2263 2256/2256/2256
f 2257/2257/2257 2263/2263/2263 2265/2265/2265 2262/2262/2262
f 2262/2262/2262 2265/2265/2265 2264/2264/2264 2227/2227/2227
f 2262/2262/2262 2227/2227/2227 2214/2214/2214
f 2255/2255/2255 2257/2257/2257 2262/2262/2262
f 2214/2214/2214 2255/2255/2255 2262/2262/2262
f 1869/1869/1869 2252/2252/2252 2254/2254/2254 2251/2251/2251
f 2252/2252/2252 2235/2235/2235 2253/2253/2253 2254/2254/2254
f 2239/2239/2239 2237/2237/2237 2217/2217/2217 2238/2238/2238
f 2238/2238/2238 2217/2217/2217 1335/1335/1335
f 2218/2218/2218 2219/2219/2219 2238/2238/2238
f 1335/1335/1335 2218/2218/2218 2238/2238/2238
f 2225/2225/2225 2219/2219/2219 2218/2218/2218
f 2215/2215/2215 2216/2216/2216 2225/2225/2225
f 2218/2218/2218 2215/2215/2215 2225/2225/2225
f 2266/2266/2266 2229/2229/2229 2226/2226/2226
f 2214/2214/2214 2227/2227/2227 2266/2266/2266
f 2226/2226/2226 2214/2214/2214 2266/2266/2266
f 2227/2227/2227 2264/2264/2264 2268/2268/2268 2266/2266/2266
f 2268/2268/2268 2224/2224/2224 2216/2216/2216 2267/2267/2267
f 2266/2266/2266 2268/2268/2268 2267/2267/2267 2229/2229/2229
f 2267/2267/2267 2216/2216/2216 2215/2215/2215
f 2228/2228/2228 2229/2229/2229 2267/2267/2267
f 2215/2215/2215 2228/2228/2228 2267/2267/2267
f 2226/2226/2226 2229/2229/2229 2228/2228/2228 1344/1344/1344
f 1346/1346/1346 1868/1868/1868 1870/1870/1870 1867/1867/1867
f 1863/1863/1863 1845/1845/1845 2259/2259/2259
f 2259/2259/2259 1870/1870/1870 1868/1868/1868
f 1868/1868/1868 1337/1337/1337 1863/1863/1863
f 1863/1863/1863 2259/2259/2259 1868/1868/1868
f 1870/1870/1870 2259/2259/2259 2261/2261/2261 2258/2258/2258
f 2259/2259/2259 1845/1845/1845 2260/2260/2260 2261/2261/2261
f 2261/2261/2261 2260/2260/2260 1336/1336/1336 2235/2235/2235
f 2252/2252/2252 1869/1869/1869 2258/2258/2258
f 2261/2261/2261 2235/2235/2235 2252/2252/2252
f 2258/2258/2258 2261/2261/2261 2252/2252/2252
f 2258/2258/2258 1869/1869/1869 2256/2256/2256
f 2256/2256/2256 1345/1345/1345 1867/1867/1867
f 1867/1867/1867 1870/1870/1870 2258/2258/2258
f 2258/2258/2258 2256/2256/2256 1867/1867/1867
f 2317/2317/2317 1347/1347/1347 2314/2314/2314
f 2316/2316/2316 2289/2289/2289 2317/2317/2317
f 2314/2314/2314 2316/2316/2316 2317/2317/2317
f 2314/2314/2314 1918/1918/1918 1927/1927/1927 2316/2316/2316
f 2316/2316/2316 1927/1927/1927 1919/1919/1919 2315/2315/2315
f 2312/2312/2312 2289/2289/2289 2316/2316/2316
f 2315/2315/2315 1917/1917/1917 2312/2312/2312
f 2316/2316/2316 2315/2315/2315 2312/2312/2312
f 1918/1918/1918 1928/1928/1928 1930/1930/1930 1927/1927/1927
f 1923/1923/1923 1914/1914/1914 1930/1930/1930
f 1928/1928/1928 1338/1338/1338 1923/1923/1923
f 1930/1930/1930 1928/1928/1928 1923/1923/1923
f 1938/1938/1938 1851/1851/1851 1929/1929/1929
f 1930/1930/1930 1914/1914/1914 1938/1938/1938
f 1929/1929/1929 1930/1930/1930 1938/1938/1938
f 1927/1927/1927 1930/1930/1930 1929/1929/1929 1919/1919/1919
f 1929/1929/1929 1851/1851/1851 1941/1941/1941
f 1941/1941/1941 1337/1337/1337 1868/1868/1868
f 1868/1868/1868 1919/1919/1919 1929/1929/1929
f 1929/1929/1929 1941/1941/1941 1868/1868/1868
f 2307/2307/2307 1917/1917/1917 2315/2315/2315
f 2315/2315/2315 1919/1919/1919 1868/1868/1868
f 1868/1868/1868 1346/1346/1346 2307/2307/2307
f 2307/2307/2307 2315/2315/2315 1868/1868/1868
f 1348/1348/1348 1932/1932/1932 1933/1933/1933 1931/1931/1931
f 1994/1994/1994 1920/1920/1920 1933/1933/1933
f 1932/1932/1932 1339/1339/1339 1994/1994/1994
f 1933/1933/1933 1932/1932/1932 1994/1994/1994
f 1934/1934/1934 1338/1338/1338 1928/1928/1928
f 1928/1928/1928 1918/1918/1918 1933/1933/1933
f 1933/1933/1933 1920/1920/1920 1934/1934/1934
f 1934/1934/1934 1928/1928/1928 1933/1933/1933
f 2314/2314/2314 1347/1347/1347 2303/2303/2303
f 2303/2303/2303 1931/1931/1931 1933/1933/1933
f 1933/1933/1933 1918/1918/1918 2314/2314/2314
f 2314/2314/2314 2303/2303/2303 1933/1933/1933
f 2367/2367/2367 2364/2364/2364 2362/2362/2362
f 1349/1349/1349 2352/2352/2352 2367/2367/2367
f 2362/2362/2362 1349/1349/1349 2367/2367/2367
f 2352/2352/2352 2360/2360/2360 2370/2370/2370 2367/2367/2367
f 2370/2370/2370 2368/2368/2368 2346/2346/2346 2369/2369/2369
f 2367/2367/2367 2370/2370/2370 2369/2369/2369 2364/2364/2364
f 2369/2369/2369 2346/2346/2346 1992/1992/1992
f 2363/2363/2363 2364/2364/2364 2369/2369/2369
f 1992/1992/1992 2363/2363/2363 2369/2369/2369
f 2362/2362/2362 2364/2364/2364 2363/2363/2363 1991/1991/1991
f 2374/2374/2374 2372/2372/2372 2347/2347/2347 2373/2373/2373
f 2373/2373/2373 2347/2347/2347 1974/1974/1974
f 2348/2348/2348 2349/2349/2349 2373/2373/2373
f 1974/1974/1974 2348/2348/2348 2373/2373/2373
f 2371/2371/2371 2349/2349/2349 2348/2348/2348
f 1992/1992/1992 2346/2346/2346 2371/2371/2371
f 2348/2348/2348 1992/1992/1992 2371/2371/2371
f 2348/2348/2348 1974/1974/1974 1987/1987/1987
f 1987/1987/1987 1339/1339/1339 1932/1932/1932
f 1932/1932/1932 1992/1992/1992 2348/2348/2348
f 2348/2348/2348 1987/1987/1987 1932/1932/1932
f 2363/2363/2363 1992/1992/1992 1932/1932/1932
f 1348/1348/1348 1991/1991/1991 2363/2363/2363
f 1932/1932/1932 1348/1348/1348 2363/2363/2363
f 2351/2351/2351 2334/2334/2334 1350/1350/1350
f 2335/2335/2335 2337/2337/2337 2351/2351/2351
f 1350/1350/1350 2335/2335/2335 2351/2351/2351
f 2339/2339/2339 2337/2337/2337 2335/2335/2335
f 1341/1341/1341 2336/2336/2336 2339/2339/2339
f 2335/2335/2335 1341/1341/1341 2339/2339/2339
f 2345/2345/2345 2338/2338/2338 2337/2337/2337
f 2339/2339/2339 2341/2341/2341 2345/2345/2345
f 2337/2337/2337 2339/2339/2339 2345/2345/2345
f 2378/2378/2378 2341/2341/2341 2339/2339/2339
f 2336/2336/2336 2340/2340/2340 2378/2378/2378
f 2339/2339/2339 2336/2336/2336 2378/2378/2378
f 2378/2378/2378 2340/2340/2340 2379/2379/2379 2380/2380/2380
f 2334/2334/2334 2351/2351/2351 2353/2353/2353 2350/2350/2350
f 2359/2359/2359 2353/2353/2353 2351/2351/2351
f 2337/2337/2337 2338/2338/2338 2359/2359/2359
f 2351/2351/2351 2337/2337/2337 2359/2359/2359
f 2353/2353/2353 2359/2359/2359 2361/2361/2361 2358/2358/2358
f 2359/2359/2359 2338/2338/2338 2344/2344/2344 2361/2361/2361
f 2358/2358/2358 2361/2361/2361 2360/2360/2360 2352/2352/2352
f 2358/2358/2358 2352/2352/2352 1349/1349/1349
f 2350/2350/2350 2353/2353/2353 2358/2358/2358
f 1349/1349/1349 2350/2350/2350 2358/2358/2358
f 2335/2335/2335 1350/1350/1350 1351/1351/1351
f 1342/1342/1342 1341/1341/1341 2335/2335/2335
f 1351/1351/1351 1342/1342/1342 2335/2335/2335
f 2232/2232/2232 1344/1344/1344 2220/2220/2220
f 2220/2220/2220 1343/1343/1343 1352/1352/1352
f 1352/1352/1352 1353/1353/1353 2232/2232/2232
f 2232/2232/2232 2220/2220/2220 1352/1352/1352
f 1354/1354/1354 2231/2231/2231 2233/2233/2233 2230/2230/2230
f 2255/2255/2255 2214/2214/2214 2233/2233/2233
f 2231/2231/2231 1345/1345/1345 2255/2255/2255
f 2233/2233/2233 2231/2231/2231 2255/2255/2255
f 2226/2226/2226 1344/1344/1344 2232/2232/2232
f 2233/2233/2233 2214/2214/2214 2226/2226/2226
f 2232/2232/2232 2233/2233/2233 2226/2226/2226
f 2230/2230/2230 2233/2233/2233 2232/2232/2232 1353/1353/1353
f 1355/1355/1355 2287/2287/2287 2311/2311/2311 2310/2310/2310
f 2308/2308/2308 1346/1346/1346 1867/1867/1867
f 2311/2311/2311 2287/2287/2287 2308/2308/2308
f 1867/1867/1867 2311/2311/2311 2308/2308/2308
f 2311/2311/2311 1867/1867/1867 1345/1345/1345 2231/2231/2231
f 2310/2310/2310 2311/2311/2311 2231/2231/2231 1354/1354/1354
f 1356/1356/1356 2295/2295/2295 2297/2297/2297 2294/2294/2294
f 2294/2294/2294 2297/2297/2297 2296/2296/2296 2285/2285/2285
f 2312/2312/2312 1917/1917/1917 2313/2313/2313
f 2305/2305/2305 2290/2290/2290 2309/2309/2309
f 2306/2306/2306 2288/2288/2288 2305/2305/2305
f 2309/2309/2309 2306/2306/2306 2305/2305/2305
f 2313/2313/2313 1917/1917/1917 2307/2307/2307
f 2309/2309/2309 2290/2290/2290 2313/2313/2313
f 2307/2307/2307 2309/2309/2309 2313/2313/2313
f 2309/2309/2309 2307/2307/2307 1346/1346/1346 2308/2308/2308
f 2306/2306/2306 2309/2309/2309 2308/2308/2308 2287/2287/2287
f 2296/2296/2296 2288/2288/2288 2306/2306/2306
f 2306/2306/2306 2287/2287/2287 1355/1355/1355
f 1355/1355/1355 2285/2285/2285 2296/2296/2296
f 2296/2296/2296 2306/2306/2306 1355/1355/1355
f 1357/1357/1357 2292/2292/2292 2293/2293/2293 2291/2291/2291
f 2302/2302/2302 2293/2293/2293 2292/2292/2292
f 1348/1348/1348 1931/1931/1931 2302/2302/2302
f 2292/2292/2292 1348/1348/1348 2302/2302/2302
f 2293/2293/2293 2302/2302/2302 2304/2304/2304 2301/2301/2301
f 2302/2302/2302 1931/1931/1931 2303/2303/2303 2304/2304/2304
f 2301/2301/2301 2286/2286/2286 2295/2295/2295
f 2295/2295/2295 1356/1356/1356 2291/2291/2291
f 2291/2291/2291 2293/2293/2293 2301/2301/2301
f 2301/2301/2301 2295/2295/2295 2291/2291/2291
f 1358/1358/1358 2356/2356/2356 2366/2366/2366 2365/2365/2365
f 2362/2362/2362 1991/1991/1991 2366/2366/2366
f 2356/2356/2356 1349/1349/1349 2362/2362/2362
f 2366/2366/2366 2356/2356/2356 2362/2362/2362
f 2366/2366/2366 1991/1991/1991 1348/1348/1348 2292/2292/2292
f 2365/2365/2365 2366/2366/2366 2292/2292/2292 1357/1357/1357
f 1359/1359/1359 2355/2355/2355 2357/2357/2357 2354/2354/2354
f 2355/2355/2355 1350/1350/1350 2334/2334/2334 2357/2357/2357
f 2350/2350/2350 1349/1349/1349 2356/2356/2356
f 2357/2357/2357 2334/2334/2334 2350/2350/2350
f 2356/2356/2356 2357/2357/2357 2350/2350/2350
f 2354/2354/2354 2357/2357/2357 2356/2356/2356 1358/1358/1358
f 2355/2355/2355 1359/1359/1359 1360/1360/1360
f 1351/1351/1351 1350/1350/1350 2355/2355/2355
f 1360/1360/1360 1351/1351/1351 2355/2355/2355
f 2294/2294/2294 2285/2285/2285 2300/2300/2300
f 2298/2298/2298 1356/1356/1356 2294/2294/2294
f 2300/2300/2300 2298/2298/2298 2294/2294/2294
f 2300/2300/2300 2285/2285/2285 1355/1355/1355 2299/2299/2299
f 1411/1411/1411 1282/1282/1282 1364/1364/1364
f 1410/1410/1410 1411/1411/1411 1285/1285/1285
f 1364/1364/1364 1285/1285/1285 1411/1411/1411
f 1285/1285/1285 1286/1286/1286 1409/1409/1409 1410/1410/1410
f 1814/1814/1814 2445/2445/2445 1811/1811/1811 1820/1820/1820
f 1285/1285/1285 1364/1364/1364 1365/1365/1365
f 2445/2445/2445 1814/1814/1814 1816/1816/1816 1804/1804/1804
f 1294/1294/1294 1365/1365/1365 1366/1366/1366
f 1366/1366/1366 2152/2152/2152 1294/1294/1294
f 1366/1366/1366 1367/1367/1367 1303/1303/1303 2152/2152/2152
f 1365/1365/1365 1294/1294/1294 1285/1285/1285
f 1286/1286/1286 2163/2163/2163 1409/1409/1409
f 2130/2130/2130 2175/2175/2175 2166/2166/2166
f 2166/2166/2166 2169/2169/2169 2129/2129/2129
f 1408/1408/1408 1409/1409/1409 2163/2163/2163
f 2129/2129/2129 2169/2169/2169 2154/2154/2154
f 2130/2130/2130 2166/2166/2166 2129/2129/2129
f 2154/2154/2154 2128/2128/2128 2129/2129/2129
f 2173/2173/2173 2175/2175/2175 2131/2131/2131
f 2175/2175/2175 2130/2130/2130 2131/2131/2131
f 2147/2147/2147 2143/2143/2143 2154/2154/2154
f 2158/2158/2158 2131/2131/2131 2132/2132/2132
f 2446/2446/2446 1548/1548/1548 1549/1549/1549
f 2142/2142/2142 2155/2155/2155 2149/2149/2149
f 2142/2142/2142 2149/2149/2149 2141/2141/2141
f 2149/2149/2149 2191/2191/2191 2141/2141/2141
f 2190/2190/2190 2191/2191/2191 2149/2149/2149
f 2143/2143/2143 2155/2155/2155 2142/2142/2142
f 2196/2196/2196 1303/1303/1303 1367/1367/1367
f 2140/2140/2140 2141/2141/2141 2191/2191/2191
f 2196/2196/2196 1367/1367/1367 2439/2439/2439
f 2155/2155/2155 2143/2143/2143 2147/2147/2147
f 2189/2189/2189 2139/2139/2139 2191/2191/2191
f 2143/2143/2143 2128/2128/2128 2154/2154/2154
f 2136/2136/2136 2176/2176/2176 2135/2135/2135
f 2140/2140/2140 2191/2191/2191 2139/2139/2139
f 1761/1761/1761 2139/2139/2139 2189/2189/2189
f 2138/2138/2138 2139/2139/2139 1761/1761/1761
f 2184/2184/2184 2137/2137/2137 2138/2138/2138
f 1761/1761/1761 2184/2184/2184 2138/2138/2138
f 2156/2156/2156 2136/2136/2136 2137/2137/2137
f 2137/2137/2137 2184/2184/2184 2156/2156/2156
f 2132/2132/2132 2133/2133/2133 2158/2158/2158
f 2124/2124/2124 2112/2112/2112 1407/1407/1407
f 2113/2113/2113 1406/1406/1406 2112/2112/2112
f 1407/1407/1407 2112/2112/2112 1406/1406/1406
f 1283/1283/1283 1406/1406/1406 2113/2113/2113 2111/2111/2111
f 1407/1407/1407 1408/1408/1408 1287/1287/1287 2124/2124/2124
f 2110/2110/2110 2109/2109/2109 2098/2098/2098
f 2112/2112/2112 2124/2124/2124 1288/1288/1288
f 1408/1408/1408 2163/2163/2163 1287/1287/1287
f 2093/2093/2093 2127/2127/2127 2092/2092/2092
f 2091/2091/2091 2092/2092/2092 2127/2127/2127
f 2110/2110/2110 2098/2098/2098 2094/2094/2094
f 2094/2094/2094 2098/2098/2098 2093/2093/2093
f 2094/2094/2094 2079/2079/2079 2110/2110/2110
f 2127/2127/2127 2093/2093/2093 2098/2098/2098
f 2100/2100/2100 2090/2090/2090 2091/2091/2091
f 2127/2127/2127 2100/2100/2100 2091/2091/2091
f 2119/2119/2119 2090/2090/2090 2100/2100/2100
f 2119/2119/2119 2089/2089/2089 2090/2090/2090
f 2089/2089/2089 2118/2118/2118 2088/2088/2088
f 2118/2118/2118 2089/2089/2089 2119/2119/2119
f 2131/2131/2131 2158/2158/2158 2173/2173/2173
f 2158/2158/2158 2133/2133/2133 2178/2178/2178
f 2178/2178/2178 2133/2133/2133 2179/2179/2179
f 2176/2176/2176 2179/2179/2179 2134/2134/2134
f 2133/2133/2133 2134/2134/2134 2179/2179/2179
f 1305/1305/1305 2157/2157/2157 2176/2176/2176
f 2135/2135/2135 2176/2176/2176 2134/2134/2134
f 2156/2156/2156 1305/1305/1305 2176/2176/2176
f 1749/1749/1749 1723/1723/1723 1757/1757/1757
f 2136/2136/2136 2156/2156/2156 2176/2176/2176
f 1689/1689/1689 1730/1730/1730 1688/1688/1688
f 1730/1730/1730 1692/1692/1692 1688/1688/1688
f 1692/1692/1692 1730/1730/1730 1729/1729/1729
f 2099/2099/2099 2088/2088/2088 2118/2118/2118
f 1666/1666/1666 1685/1685/1685 1724/1724/1724
f 1686/1686/1686 1692/1692/1692 1724/1724/1724
f 1692/1692/1692 1686/1686/1686 1687/1687/1687
f 1724/1724/1724 1685/1685/1685 1686/1686/1686
f 1688/1688/1688 1692/1692/1692 1687/1687/1687
f 1689/1689/1689 1698/1698/1698 1730/1730/1730
f 1568/1568/1568 1563/1563/1563 2446/2446/2446
f 1368/1368/1368 1369/1369/1369 2440/2440/2440 2439/2439/2439
f 2439/2439/2439 1312/1312/1312 2196/2196/2196
f 2417/2417/2417 2395/2395/2395 2444/2444/2444
f 2418/2418/2418 2444/2444/2444 2396/2396/2396
f 2444/2444/2444 2395/2395/2395 2396/2396/2396
f 2398/2398/2398 2420/2420/2420 2418/2418/2418
f 2441/2441/2441 2394/2394/2394 2417/2417/2417
f 1369/1369/1369 2430/2430/2430 2440/2440/2440
f 1785/1785/1785 1745/1745/1745 1783/1783/1783
f 1782/1782/1782 1744/1744/1744 1785/1785/1785
f 1757/1757/1757 1783/1783/1783 1749/1749/1749
f 1811/1811/1811 1788/1788/1788 1817/1817/1817
f 1789/1789/1789 1790/1790/1790 1817/1817/1817
f 1791/1791/1791 1822/1822/1822 1812/1812/1812
f 1817/1817/1817 1790/1790/1790 1812/1812/1812
f 1790/1790/1790 1791/1791/1791 1812/1812/1812
f 2418/2418/2418 2396/2396/2396 2397/2397/2397
f 1757/1757/1757 1759/1759/1759 1783/1783/1783
f 2417/2417/2417 2394/2394/2394 2395/2395/2395
f 2420/2420/2420 2398/2398/2398 2421/2421/2421
f 2393/2393/2393 2394/2394/2394 2443/2443/2443
f 2394/2394/2394 2441/2441/2441 2443/2443/2443
f 2443/2443/2443 2433/2433/2433 2393/2393/2393
f 2391/2391/2391 2392/2392/2392 2433/2433/2433
f 2393/2393/2393 2433/2433/2433 2392/2392/2392
f 2410/2410/2410 2399/2399/2399 2384/2384/2384
f 2421/2421/2421 2398/2398/2398 2399/2399/2399
f 1817/1817/1817 1788/1788/1788 1789/1789/1789
f 1822/1822/1822 1791/1791/1791 1792/1792/1792
f 1787/1787/1787 2445/2445/2445 1786/1786/1786
f 1811/1811/1811 1787/1787/1787 1788/1788/1788
f 1801/1801/1801 1786/1786/1786 2445/2445/2445
f 2445/2445/2445 1787/1787/1787 1811/1811/1811
f 1793/1793/1793 1821/1821/1821 1792/1792/1792
f 2410/2410/2410 2421/2421/2421 2399/2399/2399
f 1821/1821/1821 1822/1822/1822 1792/1792/1792
f 2410/2410/2410 2384/2384/2384 2385/2385/2385
f 2398/2398/2398 2418/2418/2418 2397/2397/2397
f 1369/1369/1369 1370/1370/1370 2431/2431/2431 2430/2430/2430
f 1794/1794/1794 1593/1593/1593 1793/1793/1793
f 1732/1732/1732 1733/1733/1733 1748/1748/1748
f 1731/1731/1731 1732/1732/1732 1749/1749/1749
f 1734/1734/1734 1747/1747/1747 1733/1733/1733
f 1733/1733/1733 1747/1747/1747 1748/1748/1748
f 1734/1734/1734 1766/1766/1766 1747/1747/1747
f 1732/1732/1732 1748/1748/1748 1749/1749/1749
f 1744/1744/1744 1745/1745/1745 1785/1785/1785
f 1749/1749/1749 1746/1746/1746 1731/1731/1731
f 1783/1783/1783 1746/1746/1746 1749/1749/1749
f 1746/1746/1746 1783/1783/1783 1745/1745/1745
f 1735/1735/1735 1766/1766/1766 1734/1734/1734
f 1683/1683/1683 1684/1684/1684 1716/1716/1716
f 1666/1666/1666 1716/1716/1716 1684/1684/1684
f 1716/1716/1716 1712/1712/1712 1683/1683/1683
f 1685/1685/1685 1666/1666/1666 1684/1684/1684
f 1735/1735/1735 1736/1736/1736 1766/1766/1766
f 1315/1315/1315 1767/1767/1767 1738/1738/1738
f 1767/1767/1767 1719/1719/1719 1737/1737/1737
f 1736/1736/1736 1737/1737/1737 1719/1719/1719
f 1738/1738/1738 1767/1767/1767 1737/1737/1737
f 1766/1766/1766 1736/1736/1736 1719/1719/1719
f 1738/1738/1738 1739/1739/1739 1315/1315/1315
f 1742/1742/1742 1743/1743/1743 1601/1601/1601
f 1744/1744/1744 1601/1601/1601 1743/1743/1743
f 1775/1775/1775 1741/1741/1741 1742/1742/1742
f 1773/1773/1773 1740/1740/1740 1741/1741/1741
f 1742/1742/1742 1601/1601/1601 1774/1774/1774
f 1740/1740/1740 1773/1773/1773 1739/1739/1739
f 1741/1741/1741 1775/1775/1775 1773/1773/1773
f 1810/1810/1810 1822/1822/1822 1821/1821/1821
f 1742/1742/1742 1774/1774/1774 1775/1775/1775
f 1744/1744/1744 1782/1782/1782 1601/1601/1601
f 1739/1739/1739 1773/1773/1773 1315/1315/1315
f 1769/1769/1769 1315/1315/1315 1773/1773/1773 1771/1771/1771
f 1597/1597/1597 1596/1596/1596 1570/1570/1570
f 1564/1564/1564 1557/1557/1557 1597/1597/1597
f 1555/1555/1555 1556/1556/1556 1564/1564/1564
f 1556/1556/1556 1557/1557/1557 1564/1564/1564
f 1558/1558/1558 1559/1559/1559 1596/1596/1596
f 1597/1597/1597 1557/1557/1557 1558/1558/1558
f 1597/1597/1597 1558/1558/1558 1596/1596/1596
f 1821/1821/1821 1793/1793/1793 1593/1593/1593
f 1593/1593/1593 1794/1794/1794 1795/1795/1795
f 2439/2439/2439 1367/1367/1367 1368/1368/1368
f 1559/1559/1559 1571/1571/1571 1596/1596/1596
f 2080/2080/2080 2081/2081/2081 2095/2095/2095
f 2110/2110/2110 2080/2080/2080 2107/2107/2107
f 2081/2081/2081 2082/2082/2082 2095/2095/2095
f 2079/2079/2079 2080/2080/2080 2110/2110/2110
f 2114/2114/2114 2086/2086/2086 2087/2087/2087
f 2095/2095/2095 1298/1298/1298 2106/2106/2106
f 2095/2095/2095 2083/2083/2083 1298/1298/1298
f 1298/1298/1298 2084/2084/2084 2085/2085/2085
f 2083/2083/2083 2084/2084/2084 1298/1298/1298
f 2101/2101/2101 2111/2111/2111 1289/1289/1289
f 1404/1404/1404 1405/1405/1405 1290/1290/1290 2069/2069/2069
f 2111/2111/2111 2101/2101/2101 1405/1405/1405
f 2101/2101/2101 1290/1290/1290 1405/1405/1405
f 1283/1283/1283 2111/2111/2111 1405/1405/1405
f 2080/2080/2080 2095/2095/2095 2107/2107/2107
f 2082/2082/2082 2083/2083/2083 2095/2095/2095
f 2095/2095/2095 2106/2106/2106 2105/2105/2105
f 2069/2069/2069 1291/1291/1291 1403/1403/1403 1404/1404/1404
f 2114/2114/2114 2085/2085/2085 2086/2086/2086
f 1697/1697/1697 1691/1691/1691 1698/1698/1698 1699/1699/1699
f 2087/2087/2087 2099/2099/2099 2114/2114/2114
f 1675/1675/1675 1699/1699/1699 1674/1674/1674
f 1698/1698/1698 1674/1674/1674 1699/1699/1699
f 1676/1676/1676 1699/1699/1699 1675/1675/1675
f 1676/1676/1676 1677/1677/1677 1690/1690/1690
f 1696/1696/1696 1699/1699/1699 1676/1676/1676
f 1674/1674/1674 1698/1698/1698 1689/1689/1689
f 1678/1678/1678 1690/1690/1690 1677/1677/1677
f 2103/2103/2103 2106/2106/2106 1298/1298/1298
f 2065/2065/2065 2023/2023/2023 2049/2049/2049
f 2065/2065/2065 2051/2051/2051 2022/2022/2022
f 1676/1676/1676 1690/1690/1690 1696/1696/1696
f 1678/1678/1678 1706/1706/1706 1690/1690/1690
f 2021/2021/2021 2051/2051/2051 2060/2060/2060
f 2020/2020/2020 2021/2021/2021 2060/2060/2060
f 2022/2022/2022 2051/2051/2051 2021/2021/2021
f 2023/2023/2023 2065/2065/2065 2022/2022/2022
f 1706/1706/1706 1678/1678/1678 1679/1679/1679
f 2085/2085/2085 2114/2114/2114 1298/1298/1298
f 2087/2087/2087 2088/2088/2088 2099/2099/2099
f 2045/2045/2045 1403/1403/1403 1291/1291/1291
f 2027/2027/2027 2078/2078/2078 2072/2072/2072
f 2072/2072/2072 2075/2075/2075 2025/2025/2025
f 2072/2072/2072 2025/2025/2025 2026/2026/2026
f 2078/2078/2078 2027/2027/2027 2039/2039/2039
f 2027/2027/2027 2012/2012/2012 2039/2039/2039
f 2026/2026/2026 2027/2027/2027 2072/2072/2072
f 2064/2064/2064 2024/2024/2024 2025/2025/2025
f 2064/2064/2064 2025/2025/2025 2075/2075/2075
f 1401/1401/1401 1293/1293/1293 1400/1400/1400
f 1284/1284/1284 1400/1400/1400 1399/1399/1399
f 1400/1400/1400 1293/1293/1293 1399/1399/1399
f 1292/1292/1292 1401/1401/1401 1402/1402/1402
f 1402/1402/1402 2045/2045/2045 1292/1292/1292
f 1401/1401/1401 1292/1292/1292 1293/1293/1293
f 1397/1397/1397 1398/1398/1398 1302/1302/1302
f 1293/1293/1293 1302/1302/1302 1398/1398/1398 1399/1399/1399
f 1302/1302/1302 1311/1311/1311 1396/1396/1396 1397/1397/1397
f 2045/2045/2045 1402/1402/1402 1403/1403/1403
f 2049/2049/2049 2024/2024/2024 2064/2064/2064
f 2061/2061/2061 2019/2019/2019 2020/2020/2020
f 2019/2019/2019 2059/2059/2059 1309/1309/1309
f 2060/2060/2060 2061/2061/2061 2020/2020/2020
f 2018/2018/2018 2019/2019/2019 1309/1309/1309
f 2054/2054/2054 2017/2017/2017 2052/2052/2052
f 2017/2017/2017 2018/2018/2018 1309/1309/1309
f 2052/2052/2052 2017/2017/2017 1309/1309/1309
f 2059/2059/2059 2019/2019/2019 2061/2061/2061
f 2054/2054/2054 2016/2016/2016 2017/2017/2017
f 2034/2034/2034 2012/2012/2012 2013/2013/2013
f 2034/2034/2034 2013/2013/2013 2038/2038/2038
f 2014/2014/2014 2038/2038/2038 2013/2013/2013
f 2035/2035/2035 2038/2038/2038 2014/2014/2014
f 2012/2012/2012 2034/2034/2034 2039/2039/2039
f 2015/2015/2015 2053/2053/2053 2035/2035/2035
f 2014/2014/2014 2015/2015/2015 2035/2035/2035
f 2016/2016/2016 2053/2053/2053 2015/2015/2015
f 2053/2053/2053 2016/2016/2016 2054/2054/2054
f 1395/1395/1395 1396/1396/1396 1311/1311/1311 1319/1319/1319
f 2023/2023/2023 2024/2024/2024 2049/2049/2049
f 1711/1711/1711 1629/1629/1629 1680/1680/1680
f 1680/1680/1680 1629/1629/1629 1679/1679/1679
f 1681/1681/1681 1713/1713/1713 1680/1680/1680
f 1713/1713/1713 1682/1682/1682 1712/1712/1712
f 1713/1713/1713 1711/1711/1711 1680/1680/1680
f 1713/1713/1713 1681/1681/1681 1682/1682/1682
f 1657/1657/1657 1630/1630/1630 1643/1643/1643
f 1667/1667/1667 1642/1642/1642 1617/1617/1617
f 1616/1616/1616 1617/1617/1617 1642/1642/1642
f 1622/1622/1622 1667/1667/1667 1618/1618/1618
f 1617/1617/1617 1618/1618/1618 1667/1667/1667
f 1619/1619/1619 1622/1622/1622 1618/1618/1618
f 1615/1615/1615 1657/1657/1657 1614/1614/1614
f 1657/1657/1657 1659/1659/1659 1614/1614/1614
f 1616/1616/1616 1657/1657/1657 1615/1615/1615
f 1634/1634/1634 1622/1622/1622 1619/1619/1619
f 1642/1642/1642 1657/1657/1657 1616/1616/1616
f 1657/1657/1657 1642/1642/1642 1630/1630/1630
f 1604/1604/1604 1634/1634/1634 1619/1619/1619
f 1679/1679/1679 1629/1629/1629 1706/1706/1706
f 1560/1560/1560 1575/1575/1575 1571/1571/1571
f 1650/1650/1650 1656/1656/1656 1517/1517/1517
f 1575/1575/1575 1562/1562/1562 1568/1568/1568
f 1561/1561/1561 1562/1562/1562 1575/1575/1575
f 1548/1548/1548 2446/2446/2446 1563/1563/1563
f 1562/1562/1562 1563/1563/1563 1568/1568/1568
f 1560/1560/1560 1561/1561/1561 1575/1575/1575
f 1560/1560/1560 1571/1571/1571 1559/1559/1559
f 1612/1612/1612 1613/1613/1613 1656/1656/1656
f 1659/1659/1659 1656/1656/1656 1613/1613/1613
f 1612/1612/1612 1654/1654/1654 1611/1611/1611
f 1654/1654/1654 1612/1612/1612 1656/1656/1656
f 1650/1650/1650 1654/1654/1654 1656/1656/1656
f 1611/1611/1611 1655/1655/1655 1610/1610/1610
f 1610/1610/1610 1655/1655/1655 1653/1653/1653
f 1653/1653/1653 1608/1608/1608 1609/1609/1609
f 1609/1609/1609 1610/1610/1610 1653/1653/1653
f 1654/1654/1654 1655/1655/1655 1611/1611/1611
f 1654/1654/1654 1650/1650/1650 1651/1651/1651
f 1659/1659/1659 1613/1613/1613 1614/1614/1614
f 1648/1648/1648 1649/1649/1649 1653/1653/1653
f 1631/1631/1631 1605/1605/1605 1606/1606/1606
f 1631/1631/1631 1634/1634/1634 1604/1604/1604
f 1606/1606/1606 1646/1646/1646 1631/1631/1631
f 1646/1646/1646 1606/1606/1606 1607/1607/1607
f 1605/1605/1605 1631/1631/1631 1604/1604/1604
f 1644/1644/1644 1607/1607/1607 1608/1608/1608
f 1649/1649/1649 1624/1624/1624 1644/1644/1644
f 1608/1608/1608 1653/1653/1653 1644/1644/1644
f 1649/1649/1649 1644/1644/1644 1653/1653/1653
f 1607/1607/1607 1644/1644/1644 1646/1646/1646
f 1394/1394/1394 1395/1395/1395 1319/1319/1319 1429/1429/1429
f 1325/1325/1325 1394/1394/1394 1429/1429/1429
f 1501/1501/1501 1547/1547/1547 1515/1515/1515
f 1502/1502/1502 1507/1507/1507 1547/1547/1547
f 1423/1423/1423 1488/1488/1488 1451/1451/1451
f 1511/1511/1511 1507/1507/1507 1503/1503/1503
f 1515/1515/1515 1541/1541/1541 1499/1499/1499
f 1499/1499/1499 1500/1500/1500 1515/1515/1515
f 1511/1511/1511 1503/1503/1503 1512/1512/1512
f 1503/1503/1503 1507/1507/1507 1502/1502/1502
f 1515/1515/1515 1500/1500/1500 1501/1501/1501
f 1543/1543/1543 1534/1534/1534 1498/1498/1498
f 1582/1582/1582 1568/1568/1568 2446/2446/2446 1580/1580/1580
f 1503/1503/1503 1504/1504/1504 1512/1512/1512
f 1468/1468/1468 1421/1421/1421 1481/1481/1481
f 1478/1478/1478 1481/1481/1481 1421/1421/1421
f 1504/1504/1504 1509/1509/1509 1512/1512/1512
f 1498/1498/1498 1499/1499/1499 1543/1543/1543
f 1499/1499/1499 1541/1541/1541 1543/1543/1543
f 1488/1488/1488 1424/1424/1424 1436/1436/1436
f 1447/1447/1447 1436/1436/1436 1425/1425/1425
f 1424/1424/1424 1425/1425/1425 1436/1436/1436
f 1426/1426/1426 1447/1447/1447 1425/1425/1425
f 1424/1424/1424 1488/1488/1488 1423/1423/1423
f 1422/1422/1422 1423/1423/1423 1451/1451/1451
f 1421/1421/1421 1422/1422/1422 1478/1478/1478
f 1446/1446/1446 1448/1448/1448 1427/1427/1427
f 1426/1426/1426 1427/1427/1427 1448/1448/1448
f 1426/1426/1426 1448/1448/1448 1447/1447/1447
f 1451/1451/1451 1478/1478/1478 1422/1422/1422
f 1501/1501/1501 1502/1502/1502 1547/1547/1547
f 1427/1427/1427 1433/1433/1433 1446/1446/1446
f 1682/1682/1682 1683/1683/1683 1712/1712/1712
f 2390/2390/2390 2391/2391/2391 2435/2435/2435
f 2435/2435/2435 2391/2391/2391 2433/2433/2433
f 2390/2390/2390 2404/2404/2404 2389/2389/2389
f 2432/2432/2432 2390/2390/2390 2435/2435/2435
f 2404/2404/2404 2424/2424/2424 2389/2389/2389
f 2405/2405/2405 2388/2388/2388 2424/2424/2424
f 2424/2424/2424 2388/2388/2388 2389/2389/2389
f 2387/2387/2387 2388/2388/2388 2405/2405/2405
f 2432/2432/2432 2404/2404/2404 2390/2390/2390
f 2386/2386/2386 2387/2387/2387 2405/2405/2405
f 2386/2386/2386 2411/2411/2411 2385/2385/2385
f 1826/1826/1826 1795/1795/1795 1796/1796/1796
f 1795/1795/1795 1826/1826/1826 1593/1593/1593
f 1804/1804/1804 1800/1800/1800 1801/1801/1801
f 1800/1800/1800 1809/1809/1809 1799/1799/1799
f 2386/2386/2386 2408/2408/2408 2411/2411/2411
f 1805/1805/1805 1797/1797/1797 1798/1798/1798
f 1825/1825/1825 1826/1826/1826 1796/1796/1796
f 1798/1798/1798 1799/1799/1799 1809/1809/1809
f 1797/1797/1797 1825/1825/1825 1796/1796/1796
f 2408/2408/2408 2386/2386/2386 2405/2405/2405
f 2410/2410/2410 2385/2385/2385 2411/2411/2411
f 1800/1800/1800 1804/1804/1804 1809/1809/1809
f 1798/1798/1798 1809/1809/1809 1805/1805/1805
f 2445/2445/2445 1804/1804/1804 1801/1801/1801
f 2429/2429/2429 2431/2431/2431 1370/1370/1370 1371/1371/1371
f 1326/1326/1326 2429/2429/2429 2245/2245/2245
f 2429/2429/2429 1372/1372/1372 2245/2245/2245
f 1372/1372/1372 2429/2429/2429 1371/1371/1371
f 1872/1872/1872 1832/1832/1832 1592/1592/1592
f 1832/1832/1832 1872/1872/1872 1874/1874/1874
f 1826/1826/1826 1825/1825/1825 1803/1803/1803
f 1856/1856/1856 1871/1871/1871 1859/1859/1859
f 1830/1830/1830 1831/1831/1831 1871/1871/1871
f 1874/1874/1874 1871/1871/1871 1831/1831/1831
f 1871/1871/1871 1855/1855/1855 1830/1830/1830
f 1855/1855/1855 1871/1871/1871 1856/1856/1856
f 1832/1832/1832 1874/1874/1874 1831/1831/1831
f 1797/1797/1797 1805/1805/1805 1825/1825/1825
f 1835/1835/1835 1883/1883/1883 1834/1834/1834
f 1834/1834/1834 1883/1883/1883 1882/1882/1882
f 1836/1836/1836 1887/1887/1887 1880/1880/1880
f 1883/1883/1883 1835/1835/1835 1880/1880/1880
f 1835/1835/1835 1836/1836/1836 1880/1880/1880
f 1833/1833/1833 1592/1592/1592 1832/1832/1832
f 1884/1884/1884 1887/1887/1887 1837/1837/1837
f 1887/1887/1887 1836/1836/1836 1837/1837/1837
f 1592/1592/1592 1833/1833/1833 1834/1834/1834
f 1834/1834/1834 1882/1882/1882 1592/1592/1592
f 1838/1838/1838 1884/1884/1884 1837/1837/1837
f 1554/1554/1554 1555/1555/1555 1587/1587/1587
f 1587/1587/1587 1555/1555/1555 1564/1564/1564
f 1554/1554/1554 1586/1586/1586 1553/1553/1553
f 1586/1586/1586 1554/1554/1554 1587/1587/1587
f 1838/1838/1838 1329/1329/1329 1884/1884/1884
f 1552/1552/1552 1553/1553/1553 1579/1579/1579
f 1579/1579/1579 1553/1553/1553 1586/1586/1586
f 1583/1583/1583 1551/1551/1551 1552/1552/1552
f 1579/1579/1579 1583/1583/1583 1552/1552/1552
f 1578/1578/1578 1586/1586/1586 1587/1587/1587
f 1329/1329/1329 1838/1838/1838 1891/1891/1891
f 1855/1855/1855 1844/1844/1844 1829/1829/1829
f 1841/1841/1841 1897/1897/1897 1840/1840/1840
f 1850/1850/1850 1839/1839/1839 1840/1840/1840
f 1856/1856/1856 1848/1848/1848 1855/1855/1855
f 1844/1844/1844 1854/1854/1854 1843/1843/1843
f 1849/1849/1849 1842/1842/1842 1843/1843/1843
f 1854/1854/1854 1849/1849/1849 1843/1843/1843
f 1897/1897/1897 1841/1841/1841 1842/1842/1842
f 1854/1854/1854 1844/1844/1844 1855/1855/1855
f 1842/1842/1842 1849/1849/1849 1897/1897/1897
f 1891/1891/1891 1839/1839/1839 1850/1850/1850
f 1897/1897/1897 1850/1850/1850 1840/1840/1840
f 1905/1905/1905 1947/1947/1947 1950/1950/1950
f 1903/1903/1903 1853/1853/1853 1943/1943/1943
f 1902/1902/1902 1903/1903/1903 1943/1943/1943
f 1904/1904/1904 1853/1853/1853 1903/1903/1903
f 1947/1947/1947 1905/1905/1905 1906/1906/1906
f 1904/1904/1904 1905/1905/1905 1950/1950/1950
f 1853/1853/1853 1904/1904/1904 1950/1950/1950
f 1838/1838/1838 1839/1839/1839 1891/1891/1891
f 1829/1829/1829 1830/1830/1830 1855/1855/1855
f 1947/1947/1947 1906/1906/1906 1953/1953/1953
f 2219/2219/2219 2239/2239/2239 2238/2238/2238
f 2239/2239/2239 2203/2203/2203 2237/2237/2237
f 2200/2200/2200 2219/2219/2219 2225/2225/2225
f 2219/2219/2219 2200/2200/2200 2201/2201/2201
f 2225/2225/2225 2199/2199/2199 2200/2200/2200
f 2239/2239/2239 2219/2219/2219 2201/2201/2201
f 2222/2222/2222 1334/1334/1334 1372/1372/1372 1373/1373/1373
f 2201/2201/2201 2202/2202/2202 2239/2239/2239
f 2204/2204/2204 1860/1860/1860 2203/2203/2203
f 2203/2203/2203 1860/1860/1860 2237/2237/2237
f 2205/2205/2205 2236/2236/2236 2247/2247/2247
f 1860/1860/1860 2204/2204/2204 2247/2247/2247
f 2204/2204/2204 2205/2205/2205 2247/2247/2247
f 2236/2236/2236 2205/2205/2205 2206/2206/2206
f 2234/2234/2234 2209/2209/2209 2210/2210/2210
f 2253/2253/2253 2236/2236/2236 2206/2206/2206
f 2203/2203/2203 2239/2239/2239 2202/2202/2202
f 2206/2206/2206 2207/2207/2207 2253/2253/2253
f 2216/2216/2216 2199/2199/2199 2225/2225/2225
f 1343/1343/1343 1373/1373/1373 1374/1374/1374
f 1373/1373/1373 1343/1343/1343 2222/2222/2222
f 1352/1352/1352 1343/1343/1343 1374/1374/1374 1375/1375/1375
f 1376/1376/1376 1375/1375/1375 1361/1361/1361
f 1376/1376/1376 1377/1377/1377 1352/1352/1352
f 1378/1378/1378 1353/1353/1353 1377/1377/1377
f 1377/1377/1377 1353/1353/1353 1352/1352/1352
f 2230/2230/2230 1353/1353/1353 1378/1378/1378
f 1375/1375/1375 1376/1376/1376 1352/1352/1352
f 2199/2199/2199 2224/2224/2224 2198/2198/2198
f 2268/2268/2268 2213/2213/2213 2224/2224/2224
f 2234/2234/2234 2210/2210/2210 2211/2211/2211
f 2224/2224/2224 2213/2213/2213 2198/2198/2198
f 2224/2224/2224 2199/2199/2199 2216/2216/2216
f 2213/2213/2213 2264/2264/2264 2212/2212/2212
f 2265/2265/2265 2211/2211/2211 2212/2212/2212
f 2264/2264/2264 2265/2265/2265 2212/2212/2212
f 2265/2265/2265 2263/2263/2263 2211/2211/2211
f 2211/2211/2211 2263/2263/2263 2234/2234/2234
f 2268/2268/2268 2264/2264/2264 2213/2213/2213
f 2230/2230/2230 1378/1378/1378 1379/1379/1379
f 2209/2209/2209 2234/2234/2234 2251/2251/2251
f 2253/2253/2253 1336/1336/1336 2236/2236/2236
f 1916/1916/1916 1901/1901/1901 1902/1902/1902
f 1916/1916/1916 1902/1902/1902 1943/1943/1943
f 1939/1939/1939 1900/1900/1900 1916/1916/1916
f 2235/2235/2235 1336/1336/1336 2253/2253/2253
f 2209/2209/2209 2251/2251/2251 2254/2254/2254
f 2209/2209/2209 2254/2254/2254 2208/2208/2208
f 2208/2208/2208 2254/2254/2254 2253/2253/2253
f 2253/2253/2253 2207/2207/2207 2208/2208/2208
f 1901/1901/1901 1916/1916/1916 1900/1900/1900
f 1900/1900/1900 1939/1939/1939 1940/1940/1940
f 1940/1940/1940 1899/1899/1899 1900/1900/1900
f 1899/1899/1899 1925/1925/1925 1898/1898/1898
f 1925/1925/1925 1899/1899/1899 1940/1940/1940
f 2312/2312/2312 2275/2275/2275 2276/2276/2276
f 2276/2276/2276 2289/2289/2289 2312/2312/2312
f 2276/2276/2276 2277/2277/2277 2289/2289/2289
f 1914/1914/1914 1923/1923/1923 1926/1926/1926 1925/1925/1925
f 1898/1898/1898 1925/1925/1925 1926/1926/1926
f 2317/2317/2317 2289/2289/2289 2277/2277/2277
f 2273/2273/2273 2290/2290/2290 2305/2305/2305
f 2271/2271/2271 2305/2305/2305 2288/2288/2288
f 2274/2274/2274 2313/2313/2313 2290/2290/2290
f 2310/2310/2310 1354/1354/1354 1379/1379/1379 1380/1380/1380
f 2299/2299/2299 2310/2310/2310 1380/1380/1380
f 2310/2310/2310 2299/2299/2299 1355/1355/1355
f 1380/1380/1380 1381/1381/1381 2299/2299/2299
f 1381/1381/1381 2300/2300/2300 2299/2299/2299
f 2272/2272/2272 2273/2273/2273 2305/2305/2305
f 2313/2313/2313 2274/2274/2274 2275/2275/2275
f 2272/2272/2272 2305/2305/2305 2271/2271/2271
f 2290/2290/2290 2273/2273/2273 2274/2274/2274
f 2297/2297/2297 2270/2270/2270 2288/2288/2288
f 2288/2288/2288 2270/2270/2270 2271/2271/2271
f 2297/2297/2297 2284/2284/2284 2269/2269/2269
f 2270/2270/2270 2297/2297/2297 2269/2269/2269
f 2297/2297/2297 2295/2295/2295 2284/2284/2284
f 2297/2297/2297 2288/2288/2288 2296/2296/2296
f 1381/1381/1381 1362/1362/1362 2298/2298/2298 2300/2300/2300
f 2312/2312/2312 2313/2313/2313 2275/2275/2275
f 1354/1354/1354 2230/2230/2230 1379/1379/1379
f 1372/1372/1372 1334/1334/1334 2245/2245/2245
f 1550/1550/1550 1577/1577/1577 1549/1549/1549
f 1549/1549/1549 1577/1577/1577 2446/2446/2446
f 1580/1580/1580 2446/2446/2446 1577/1577/1577 1585/1585/1585
f 1577/1577/1577 1550/1550/1550 1583/1583/1583
f 1583/1583/1583 1550/1550/1550 1551/1551/1551
f 1997/1997/1997 2001/2001/2001 1529/1529/1529
f 1997/1997/1997 2005/2005/2005 2001/2001/2001
f 1496/1496/1496 1534/1534/1534 1536/1536/1536
f 1495/1495/1495 1536/1536/1536 1533/1533/1533
f 2006/2006/2006 2005/2005/2005 1967/1967/1967
f 2005/2005/2005 1966/1966/1966 1967/1967/1967
f 1968/1968/1968 2006/2006/2006 1967/1967/1967
f 1969/1969/1969 2003/2003/2003 1968/1968/1968
f 2006/2006/2006 1968/1968/1968 2003/2003/2003
f 1970/1970/1970 2003/2003/2003 1969/1969/1969
f 2005/2005/2005 2002/2002/2002 2001/2001/2001
f 2000/2000/2000 2003/2003/2003 2008/2008/2008
f 1997/1997/1997 1966/1966/1966 2005/2005/2005
f 1965/1965/1965 1999/1999/1999 1964/1964/1964
f 1996/1996/1996 1963/1963/1963 1964/1964/1964
f 1965/1965/1965 1966/1966/1966 1997/1997/1997
f 1996/1996/1996 1964/1964/1964 1999/1999/1999
f 1965/1965/1965 1997/1997/1997 1999/1999/1999
f 1908/1908/1908 1951/1951/1951 1953/1953/1953
f 1922/1922/1922 1996/1996/1996 1954/1954/1954
f 1962/1962/1962 1996/1996/1996 1986/1986/1986
f 1962/1962/1962 1986/1986/1986 1961/1961/1961
f 1963/1963/1963 1996/1996/1996 1962/1962/1962
f 2010/2010/2010 1970/1970/1970 1971/1971/1971
f 2010/2010/2010 1971/1971/1971 2011/2011/2011
f 1972/1972/1972 2011/2011/2011 1971/1971/1971
f 1972/1972/1972 1983/1983/1983 2011/2011/2011
f 1970/1970/1970 2010/2010/2010 2003/2003/2003
f 1961/1961/1961 1993/1993/1993 1960/1960/1960
f 1984/1984/1984 1959/1959/1959 1960/1960/1960
f 1958/1958/1958 1983/1983/1983 1973/1973/1973
f 1959/1959/1959 1984/1984/1984 1958/1958/1958
f 1984/1984/1984 1985/1985/1985 1958/1958/1958
f 1921/1921/1921 1984/1984/1984 1960/1960/1960
f 1973/1973/1973 1983/1983/1983 1972/1972/1972
f 1953/1953/1953 1906/1906/1906 1907/1907/1907
f 2003/2003/2003 2010/2010/2010 2008/2008/2008
f 1496/1496/1496 1497/1497/1497 1534/1534/1534
f 1504/1504/1504 1489/1489/1489 1509/1509/1509
f 1489/1489/1489 1490/1490/1490 1509/1509/1509
f 1491/1491/1491 1525/1525/1525 1490/1490/1490
f 1490/1490/1490 1525/1525/1525 1509/1509/1509
f 1496/1496/1496 1536/1536/1536 1495/1495/1495
f 1419/1419/1419 1468/1468/1468 1470/1470/1470
f 1468/1468/1468 1419/1419/1419 1420/1420/1420
f 1427/1427/1427 1412/1412/1412 1433/1433/1433
f 1412/1412/1412 1413/1413/1413 1433/1433/1433
f 1466/1466/1466 1464/1464/1464 1418/1418/1418
f 1460/1460/1460 1413/1413/1413 1461/1461/1461
f 1414/1414/1414 1461/1461/1461 1413/1413/1413
f 1433/1433/1433 1413/1413/1413 1460/1460/1460
f 1459/1459/1459 1461/1461/1461 1414/1414/1414
f 1466/1466/1466 1418/1418/1418 1419/1419/1419
f 1466/1466/1466 1419/1419/1419 1470/1470/1470
f 1525/1525/1525 1491/1491/1491 1523/1523/1523
f 1421/1421/1421 1468/1468/1468 1420/1420/1420
f 1493/1493/1493 1494/1494/1494 1528/1528/1528
f 1495/1495/1495 1528/1528/1528 1494/1494/1494
f 1532/1532/1532 1492/1492/1492 1493/1493/1493
f 1528/1528/1528 1532/1532/1532 1493/1493/1493
f 1521/1521/1521 1492/1492/1492 1532/1532/1532
f 1521/1521/1521 1491/1491/1491 1492/1492/1492
f 1979/1979/1979 2008/2008/2008 2010/2010/2010
f 1528/1528/1528 1495/1495/1495 1533/1533/1533
f 1958/1958/1958 1985/1985/1985 1983/1983/1983
f 1521/1521/1521 1523/1523/1523 1491/1491/1491
f 1465/1465/1465 1417/1417/1417 1464/1464/1464
f 1464/1464/1464 1417/1417/1417 1418/1418/1418
f 1416/1416/1416 1457/1457/1457 1415/1415/1415
f 1417/1417/1417 1465/1465/1465 1416/1416/1416
f 1465/1465/1465 1457/1457/1457 1416/1416/1416
f 1325/1325/1325 1443/1443/1443 1393/1393/1393
f 1457/1457/1457 1459/1459/1459 1414/1414/1414
f 1392/1392/1392 1393/1393/1393 1443/1443/1443 1333/1333/1333
f 1333/1333/1333 1342/1342/1342 1391/1391/1391 1392/1392/1392
f 1457/1457/1457 1414/1414/1414 1415/1415/1415
f 1394/1394/1394 1325/1325/1325 1393/1393/1393
f 1953/1953/1953 1907/1907/1907 1908/1908/1908
f 1498/1498/1498 1534/1534/1534 1497/1497/1497
f 1852/1852/1852 1908/1908/1908 1909/1909/1909
f 1852/1852/1852 1909/1909/1909 1957/1957/1957
f 1910/1910/1910 1957/1957/1957 1909/1909/1909
f 1910/1910/1910 1915/1915/1915 1957/1957/1957
f 1912/1912/1912 1913/1913/1913 1926/1926/1926
f 1926/1926/1926 1913/1913/1913 1898/1898/1898
f 1912/1912/1912 1915/1915/1915 1911/1911/1911
f 1912/1912/1912 1926/1926/1926 1924/1924/1924
f 1911/1911/1911 1915/1915/1915 1910/1910/1910
f 1986/1986/1986 1993/1993/1993 1961/1961/1961
f 1993/1993/1993 1921/1921/1921 1960/1960/1960
f 1922/1922/1922 1986/1986/1986 1996/1996/1996
f 2349/2349/2349 2325/2325/2325 2373/2373/2373
f 2323/2323/2323 2324/2324/2324 2371/2371/2371
f 2349/2349/2349 2371/2371/2371 2324/2324/2324
f 2371/2371/2371 2346/2346/2346 2323/2323/2323
f 2324/2324/2324 2325/2325/2325 2349/2349/2349
f 1924/1924/1924 1915/1915/1915 1912/1912/1912
f 1908/1908/1908 1852/1852/1852 1951/1951/1951
f 2279/2279/2279 2317/2317/2317 2278/2278/2278
f 2280/2280/2280 1347/1347/1347 2279/2279/2279
f 2317/2317/2317 2279/2279/2279 1347/1347/1347
f 1347/1347/1347 2280/2280/2280 2281/2281/2281
f 2286/2286/2286 2282/2282/2282 2283/2283/2283
f 2286/2286/2286 1347/1347/1347 2281/2281/2281
f 2284/2284/2284 2286/2286/2286 2283/2283/2283
f 2295/2295/2295 2286/2286/2286 2284/2284/2284
f 2281/2281/2281 2282/2282/2282 2286/2286/2286
f 2301/2301/2301 2304/2304/2304 2286/2286/2286
f 2303/2303/2303 1347/1347/1347 2304/2304/2304
f 2286/2286/2286 2304/2304/2304 1347/1347/1347
f 1382/1382/1382 2298/2298/2298 1362/1362/1362
f 2291/2291/2291 1382/1382/1382 1357/1357/1357
f 2365/2365/2365 1357/1357/1357 1383/1383/1383
f 1382/1382/1382 1383/1383/1383 1357/1357/1357
f 2298/2298/2298 1382/1382/1382 2291/2291/2291
f 2298/2298/2298 2291/2291/2291 1356/1356/1356
f 2323/2323/2323 2346/2346/2346 2322/2322/2322
f 2277/2277/2277 2278/2278/2278 2317/2317/2317
f 1358/1358/1358 2365/2365/2365 1383/1383/1383 1384/1384/1384
f 2372/2372/2372 2327/2327/2327 1340/1340/1340
f 2329/2329/2329 2379/2379/2379 1340/1340/1340
f 1340/1340/1340 2327/2327/2327 2328/2328/2328
f 2328/2328/2328 2329/2329/2329 1340/1340/1340
f 2327/2327/2327 2372/2372/2372 2374/2374/2374
f 2373/2373/2373 2326/2326/2326 2374/2374/2374
f 2374/2374/2374 2326/2326/2326 2327/2327/2327
f 2373/2373/2373 2325/2325/2325 2326/2326/2326
f 2380/2380/2380 2379/2379/2379 2329/2329/2329
f 2378/2378/2378 2380/2380/2380 2330/2330/2330
f 2330/2330/2330 2380/2380/2380 2329/2329/2329
f 1390/1390/1390 1391/1391/1391 1342/1342/1342 1351/1351/1351
f 2330/2330/2330 2331/2331/2331 2378/2378/2378
f 2338/2338/2338 2345/2345/2345 2333/2333/2333
f 2345/2345/2345 2341/2341/2341 2332/2332/2332
f 2331/2331/2331 2332/2332/2332 2341/2341/2341
f 2333/2333/2333 2345/2345/2345 2332/2332/2332
f 2378/2378/2378 2331/2331/2331 2341/2341/2341
f 2338/2338/2338 2333/2333/2333 2318/2318/2318
f 2370/2370/2370 2321/2321/2321 2368/2368/2368
f 2319/2319/2319 2344/2344/2344 2318/2318/2318
f 2319/2319/2319 2361/2361/2361 2344/2344/2344
f 2318/2318/2318 2344/2344/2344 2338/2338/2338
f 2368/2368/2368 2321/2321/2321 2322/2322/2322
f 2321/2321/2321 2360/2360/2360 2320/2320/2320
f 2360/2360/2360 2361/2361/2361 2319/2319/2319
f 2320/2320/2320 2360/2360/2360 2319/2319/2319
f 2370/2370/2370 2360/2360/2360 2321/2321/2321
f 2368/2368/2368 2322/2322/2322 2346/2346/2346
f 1384/1384/1384 2354/2354/2354 1358/1358/1358
f 1385/1385/1385 1359/1359/1359 2354/2354/2354
f 1389/1389/1389 1390/1390/1390 1351/1351/1351
f 1351/1351/1351 1360/1360/1360 1388/1388/1388 1389/1389/1389
f 1360/1360/1360 1359/1359/1359 1385/1385/1385 1386/1386/1386
f 1387/1387/1387 1360/1360/1360 1386/1386/1386
f 1363/1363/1363 1388/1388/1388 1387/1387/1387
f 1360/1360/1360 1387/1387/1387 1388/1388/1388
f 1385/1385/1385 2354/2354/2354 1384/1384/1384
f 2449/2449/2449 2447/2447/2447 2448/2448/2448 2450/2450/2450
f 2453/2453/2453 2451/2451/2451 2452/2452/2452 2454/2454/2454
f 2451/2451/2451 2449/2449/2449 2450/2450/2450 2452/2452/2452
f 2457/2457/2457 2455/2455/2455 2456/2456/2456 2458/2458/2458
f 2461/2461/2461 2459/2459/2459 2460/2460/2460 2462/2462/2462
f 2459/2459/2459 2457/2457/2457 2458/2458/2458 2460/2460/2460
f 2455/2455/2455 2453/2453/2453 2454/2454/2454 2456/2456/2456
f 2463/2463/2463 2461/2461/2461 2462/2462/2462 2464/2464/2464
f 2467/2467/2467 2465/2465/2465 2466/2466/2466 2468/2468/2468
f 2471/2471/2471 2469/2469/2469 2470/2470/2470 2472/2472/2472
f 2469/2469/2469 2467/2467/2467 2468/2468/2468 2470/2470/2470
f 2475/2475/2475 2473/2473/2473 2474/2474/2474 2476/2476/2476
f 2479/2479/2479 2477/2477/2477 2478/2478/2478 2480/2480/2480
f 2477/2477/2477 2475/2475/2475 2476/2476/2476 2478/2478/2478
f 2473/2473/2473 2471/2471/2471 2472/2472/2472 2474/2474/2474
f 2465/2465/2465 2463/2463/2463 2464/2464/2464 2466/2466/2466
f 2483/2483/2483 2481/2481/2481 2482/2482/2482 2484/2484/2484
f 2487/2487/2487 2485/2485/2485 2486/2486/2486 2488/2488/2488
f 2485/2485/2485 2483/2483/2483 2484/2484/2484 2486/2486/2486
f 2491/2491/2491 2489/2489/2489 2490/2490/2490 2492/2492/2492
f 2495/2495/2495 2493/2493/2493 2494/2494/2494 2496/2496/2496
f 2493/2493/2493 2491/2491/2491 2492/2492/2492 2494/2494/2494
f 2489/2489/2489 2487/2487/2487 2488/2488/2488 2490/2490/2490
f 2497/2497/2497 2495/2495/2495 2496/2496/2496 2498/2498/2498
f 2501/2501/2501 2499/2499/2499 2500/2500/2500 2502/2502/2502
f 2505/2505/2505 2503/2503/2503 2504/2504/2504 2506/2506/2506
f 2503/2503/2503 2501/2501/2501 2502/2502/2502 2504/2504/2504
f 2509/2509/2509 2507/2507/2507 2508/2508/2508 2510/2510/2510
f 2513/2513/2513 2511/2511/2511 2512/2512/2512 2514/2514/2514
f 2511/2511/2511 2509/2509/2509 2510/2510/2510 2512/2512/2512
f 2507/2507/2507 2505/2505/2505 2506/2506/2506 2508/2508/2508
f 2499/2499/2499 2497/2497/2497 2498/2498/2498 2500/2500/2500
f 2517/2517/2517 2515/2515/2515 2516/2516/2516 2518/2518/2518
f 2521/2521/2521 2519/2519/2519 2520/2520/2520 2522/2522/2522
f 2519/2519/2519 2517/2517/2517 2518/2518/2518 2520/2520/2520
f 2525/2525/2525 2523/2523/2523 2524/2524/2524 2526/2526/2526
f 2529/2529/2529 2527/2527/2527 2528/2528/2528 2530/2530/2530
f 2527/2527/2527 2525/2525/2525 2526/2526/2526 2528/2528/2528
f 2523/2523/2523 2521/2521/2521 2522/2522/2522 2524/2524/2524
f 2531/2531/2531 2529/2529/2529 2530/2530/2530 2532/2532/2532
f 2535/2535/2535 2533/2533/2533 2534/2534/2534 2536/2536/2536
f 2539/2539/2539 2537/2537/2537 2538/2538/2538 2540/2540/2540
f 2537/2537/2537 2535/2535/2535 2536/2536/2536 2538/2538/2538
f 2543/2543/2543 2541/2541/2541 2542/2542/2542 2544/2544/2544
f 2547/2547/2547 2545/2545/2545 2546/2546/2546 2548/2548/2548
f 2545/2545/2545 2543/2543/2543 2544/2544/2544 2546/2546/2546
f 2541/2541/2541 2539/2539/2539 2540/2540/2540 2542/2542/2542
f 2533/2533/2533 2531/2531/2531 2532/2532/2532 2534/2534/2534
f 2551/2551/2551 2549/2549/2549 2550/2550/2550 2552/2552/2552
f 2555/2555/2555 2553/2553/2553 2554/2554/2554 2556/2556/2556
f 2553/2553/2553 2551/2551/2551 2552/2552/2552 2554/2554/2554
f 2559/2559/2559 2557/2557/2557 2558/2558/2558 2560/2560/2560
f 2563/2563/2563 2561/2561/2561 2562/2562/2562 2564/2564/2564
f 2561/2561/2561 2559/2559/2559 2560/2560/2560 2562/2562/2562
f 2557/2557/2557 2555/2555/2555 2556/2556/2556 2558/2558/2558
f 2565/2565/2565 2563/2563/2563 2564/2564/2564 2566/2566/2566
f 2569/2569/2569 2567/2567/2567 2568/2568/2568 2570/2570/2570
f 2573/2573/2573 2571/2571/2571 2572/2572/2572 2574/2574/2574
f 2571/2571/2571 2569/2569/2569 2570/2570/2570 2572/2572/2572
f 2577/2577/2577 2575/2575/2575 2576/2576/2576 2578/2578/2578
f 2581/2581/2581 2579/2579/2579 2580/2580/2580 2582/2582/2582
f 2579/2579/2579 2577/2577/2577 2578/2578/2578 2580/2580/2580
f 2575/2575/2575 2573/2573/2573 2574/2574/2574 2576/2576/2576
f 2567/2567/2567 2565/2565/2565 2566/2566/2566 2568/2568/2568
f 2585/2585/2585 2583/2583/2583 2584/2584/2584 2586/2586/2586
f 2589/2589/2589 2587/2587/2587 2588/2588/2588 2590/2590/2590
f 2587/2587/2587 2585/2585/2585 2586/2586/2586 2588/2588/2588
f 2593/2593/2593 2591/2591/2591 2592/2592/2592 2594/2594/2594
f 2597/2597/2597 2595/2595/2595 2596/2596/2596 2598/2598/2598
f 2595/2595/2595 2593/2593/2593 2594/2594/2594 2596/2596/2596
f 2591/2591/2591 2589/2589/2589 2590/2590/2590 2592/2592/2592
f 2599/2599/2599 2597/2597/2597 2598/2598/2598 2600/2600/2600
f 2603/2603/2603 2601/2601/2601 2602/2602/2602 2604/2604/2604
f 2607/2607/2607 2605/2605/2605 2606/2606/2606 2608/2608/2608
f 2605/2605/2605 2603/2603/2603 2604/2604/2604 2606/2606/2606
f 2611/2611/2611 2609/2609/2609 2610/2610/2610 2612/2612/2612
f 2615/2615/2615 2613/2613/2613 2614/2614/2614 2616/2616/2616
f 2613/2613/2613 2611/2611/2611 2612/2612/2612 2614/2614/2614
f 2609/2609/2609 2607/2607/2607 2608/2608/2608 2610/2610/2610
f 2601/2601/2601 2599/2599/2599 2600/2600/2600 2602/2602/2602
f 2619/2619/2619 2617/2617/2617 2618/2618/2618 2620/2620/2620
f 2623/2623/2623 2621/2621/2621 2622/2622/2622 2624/2624/2624
f 2621/2621/2621 2619/2619/2619 2620/2620/2620 2622/2622/2622
f 2627/2627/2627 2625/2625/2625 2626/2626/2626 2628/2628/2628
f 2631/2631/2631 2629/2629/2629 2630/2630/2630 2632/2632/2632
f 2629/2629/2629 2627/2627/2627 2628/2628/2628 2630/2630/2630
f 2625/2625/2625 2623/2623/2623 2624/2624/2624 2626/2626/2626
f 2633/2633/2633 2631/2631/2631 2632/2632/2632 2634/2634/2634
f 2637/2637/2637 2635/2635/2635 2636/2636/2636 2638/2638/2638
f 2641/2641/2641 2639/2639/2639 2640/2640/2640 2642/2642/2642
f 2639/2639/2639 2637/2637/2637 2638/2638/2638 2640/2640/2640
f 2645/2645/2645 2643/2643/2643 2644/2644/2644 2646/2646/2646
f 2649/2649/2649 2647/2647/2647 2648/2648/2648 2650/2650/2650
f 2647/2647/2647 2645/2645/2645 2646/2646/2646 2648/2648/2648
f 2643/2643/2643 2641/2641/2641 2642/2642/2642 2644/2644/2644
f 2635/2635/2635 2633/2633/2633 2634/2634/2634 2636/2636/2636
f 2653/2653/2653 2651/2651/2651 2652/2652/2652 2654/2654/2654
f 2657/2657/2657 2655/2655/2655 2656/2656/2656 2658/2658/2658
f 2655/2655/2655 2653/2653/2653 2654/2654/2654 2656/2656/2656
f 2661/2661/2661 2659/2659/2659 2660/2660/2660 2662/2662/2662
f 2665/2665/2665 2663/2663/2663 2664/2664/2664 2666/2666/2666
f 2663/2663/2663 2661/2661/2661 2662/2662/2662 2664/2664/2664
f 2659/2659/2659 2657/2657/2657 2658/2658/2658 2660/2660/2660
f 2667/2667/2667 2665/2665/2665 2666/2666/2666 2668/2668/2668
f 2671/2671/2671 2669/2669/2669 2670/2670/2670 2672/2672/2672
f 2675/2675/2675 2673/2673/2673 2674/2674/2674 2676/2676/2676
f 2673/2673/2673 2671/2671/2671 2672/2672/2672 2674/2674/2674
f 2679/2679/2679 2677/2677/2677 2678/2678/2678 2680/2680/2680
f 2683/2683/2683 2681/2681/2681 2682/2682/2682 2684/2684/2684
f 2681/2681/2681 2679/2679/2679 2680/2680/2680 2682/2682/2682
f 2677/2677/2677 2675/2675/2675 2676/2676/2676 2678/2678/2678
f 2669/2669/2669 2667/2667/2667 2668/2668/2668 2670/2670/2670
f 2687/2687/2687 2685/2685/2685 2686/2686/2686 2688/2688/2688
f 2691/2691/2691 2689/2689/2689 2690/2690/2690 2692/2692/2692
f 2689/2689/2689 2687/2687/2687 2688/2688/2688 2690/2690/2690
f 2695/2695/2695 2693/2693/2693 2694/2694/2694 2696/2696/2696
f 2699/2699/2699 2697/2697/2697 2698/2698/2698 2700/2700/2700
f 2697/2697/2697 2695/2695/2695 2696/2696/2696 2698/2698/2698
f 2693/2693/2693 2691/2691/2691 2692/2692/2692 2694/2694/2694
f 2701/2701/2701 2699/2699/2699 2700/2700/2700 2702/2702/2702
f 2705/2705/2705 2703/2703/2703 2704/2704/2704 2706/2706/2706
f 2709/2709/2709 2707/2707/2707 2708/2708/2708 2710/2710/2710
f 2707/2707/2707 2705/2705/2705 2706/2706/2706 2708/2708/2708
f 2713/2713/2713 2711/2711/2711 2712/2712/2712 2714/2714/2714
f 2717/2717/2717 2715/2715/2715 2716/2716/2716 2718/2718/2718
f 2715/2715/2715 2713/2713/2713 2714/2714/2714 2716/2716/2716
f 2711/2711/2711 2709/2709/2709 2710/2710/2710 2712/2712/2712
f 2703/2703/2703 2701/2701/2701 2702/2702/2702 2704/2704/2704
f 2721/2721/2721 2719/2719/2719 2720/2720/2720 2722/2722/2722
f 2725/2725/2725 2723/2723/2723 2724/2724/2724 2726/2726/2726
f 2723/2723/2723 2721/2721/2721 2722/2722/2722 2724/2724/2724
f 2729/2729/2729 2727/2727/2727 2728/2728/2728 2730/2730/2730
f 2733/2733/2733 2731/2731/2731 2732/2732/2732 2734/2734/2734
f 2731/2731/2731 2729/2729/2729 2730/2730/2730 2732/2732/2732
f 2727/2727/2727 2725/2725/2725 2726/2726/2726 2728/2728/2728
f 2735/2735/2735 2733/2733/2733 2734/2734/2734 2736/2736/2736
f 2739/2739/2739 2737/2737/2737 2738/2738/2738 2740/2740/2740
f 2743/2743/2743 2741/2741/2741 2742/2742/2742 2744/2744/2744
f 2741/2741/2741 2739/2739/2739 2740/2740/2740 2742/2742/2742
f 2747/2747/2747 2745/2745/2745 2746/2746/2746 2748/2748/2748
f 2751/2751/2751 2749/2749/2749 2750/2750/2750 2752/2752/2752
f 2749/2749/2749 2747/2747/2747 2748/2748/2748 2750/2750/2750
f 2745/2745/2745 2743/2743/2743 2744/2744/2744 2746/2746/2746
f 2737/2737/2737 2735/2735/2735 2736/2736/2736 2738/2738/2738
f 2755/2755/2755 2753/2753/2753 2754/2754/2754 2756/2756/2756
f 2759/2759/2759 2757/2757/2757 2758/2758/2758 2760/2760/2760
f 2757/2757/2757 2755/2755/2755 2756/2756/2756 2758/2758/2758
f 2763/2763/2763 2761/2761/2761 2762/2762/2762 2764/2764/2764
f 2767/2767/2767 2765/2765/2765 2766/2766/2766 2768/2768/2768
f 2765/2765/2765 2763/2763/2763 2764/2764/2764 2766/2766/2766
f 2761/2761/2761 2759/2759/2759 2760/2760/2760 2762/2762/2762
f 2769/2769/2769 2767/2767/2767 2768/2768/2768 2770/2770/2770
f 2773/2773/2773 2771/2771/2771 2772/2772/2772 2774/2774/2774
f 2777/2777/2777 2775/2775/2775 2776/2776/2776 2778/2778/2778
f 2775/2775/2775 2773/2773/2773 2774/2774/2774 2776/2776/2776
f 2781/2781/2781 2779/2779/2779 2780/2780/2780 2782/2782/2782
f 2785/2785/2785 2783/2783/2783 2784/2784/2784 2786/2786/2786
f 2783/2783/2783 2781/2781/2781 2782/2782/2782 2784/2784/2784
f 2779/2779/2779 2777/2777/2777 2778/2778/2778 2780/2780/2780
f 2771/2771/2771 2769/2769/2769 2770/2770/2770 2772/2772/2772
f 2789/2789/2789 2787/2787/2787 2788/2788/2788 2790/2790/2790
f 2793/2793/2793 2791/2791/2791 2792/2792/2792 2794/2794/2794
f 2791/2791/2791 2789/2789/2789 2790/2790/2790 2792/2792/2792
f 2797/2797/2797 2795/2795/2795 2796/2796/2796 2798/2798/2798
f 2801/2801/2801 2799/2799/2799 2800/2800/2800 2802/2802/2802
f 2799/2799/2799 2797/2797/2797 2798/2798/2798 2800/2800/2800
f 2795/2795/2795 2793/2793/2793 2794/2794/2794 2796/2796/2796
f 2803/2803/2803 2801/2801/2801 2802/2802/2802 2804/2804/2804
f 2807/2807/2807 2805/2805/2805 2806/2806/2806 2808/2808/2808
f 2811/2811/2811 2809/2809/2809 2810/2810/2810 2812/2812/2812
f 2809/2809/2809 2807/2807/2807 2808/2808/2808 2810/2810/2810
f 2815/2815/2815 2813/2813/2813 2814/2814/2814 2816/2816/2816
f 2819/2819/2819 2817/2817/2817 2818/2818/2818 2820/2820/2820
f 2817/2817/2817 2815/2815/2815 2816/2816/2816 2818/2818/2818
f 2813/2813/2813 2811/2811/2811 2812/2812/2812 2814/2814/2814
f 2805/2805/2805 2803/2803/2803 2804/2804/2804 2806/2806/2806
f 2823/2823/2823 2821/2821/2821 2822/2822/2822 2824/2824/2824
f 2827/2827/2827 2825/2825/2825 2826/2826/2826 2828/2828/2828
f 2825/2825/2825 2823/2823/2823 2824/2824/2824 2826/2826/2826
f 2831/2831/2831 2829/2829/2829 2830/2830/2830 2832/2832/2832
f 2835/2835/2835 2833/2833/2833 2834/2834/2834 2836/2836/2836
f 2833/2833/2833 2831/2831/2831 2832/2832/2832 2834/2834/2834
f 2829/2829/2829 2827/2827/2827 2828/2828/2828 2830/2830/2830
f 2837/2837/2837 2835/2835/2835 2836/2836/2836 2838/2838/2838
f 2841/2841/2841 2839/2839/2839 2840/2840/2840 2842/2842/2842
f 2845/2845/2845 2843/2843/2843 2844/2844/2844 2846/2846/2846
f 2843/2843/2843 2841/2841/2841 2842/2842/2842 2844/2844/2844
f 2849/2849/2849 2847/2847/2847 2848/2848/2848 2850/2850/2850
f 2853/2853/2853 2851/2851/2851 2852/2852/2852 2854/2854/2854
f 2851/2851/2851 2849/2849/2849 2850/2850/2850 2852/2852/2852
f 2847/2847/2847 2845/2845/2845 2846/2846/2846 2848/2848/2848
f 2839/2839/2839 2837/2837/2837 2838/2838/2838 2840/2840/2840
f 2857/2857/2857 2855/2855/2855 2856/2856/2856 2858/2858/2858
f 2861/2861/2861 2859/2859/2859 2860/2860/2860 2862/2862/2862
f 2859/2859/2859 2857/2857/2857 2858/2858/2858 2860/2860/2860
f 2865/2865/2865 2863/2863/2863 2864/2864/2864 2866/2866/2866
f 2869/2869/2869 2867/2867/2867 2868/2868/2868 2870/2870/2870
f 2867/2867/2867 2865/2865/2865 2866/2866/2866 2868/2868/2868
f 2863/2863/2863 2861/2861/2861 2862/2862/2862 2864/2864/2864
f 2871/2871/2871 2869/2869/2869 2870/2870/2870 2872/2872/2872
f 2875/2875/2875 2873/2873/2873 2874/2874/2874 2876/2876/2876
f 2879/2879/2879 2877/2877/2877 2878/2878/2878 2880/2880/2880
f 2877/2877/2877 2875/2875/2875 2876/2876/2876 2878/2878/2878
f 2883/2883/2883 2881/2881/2881 2882/2882/2882 2884/2884/2884
f 2887/2887/2887 2885/2885/2885 2886/2886/2886 2888/2888/2888
f 2885/2885/2885 2883/2883/2883 2884/2884/2884 2886/2886/2886
f 2881/2881/2881 2879/2879/2879 2880/2880/2880 2882/2882/2882
f 2873/2873/2873 2871/2871/2871 2872/2872/2872 2874/2874/2874
f 2891/2891/2891 2889/2889/2889 2890/2890/2890 2892/2892/2892
f 2895/2895/2895 2893/2893/2893 2894/2894/2894 2896/2896/2896
f 2893/2893/2893 2891/2891/2891 2892/2892/2892 2894/2894/2894
f 2899/2899/2899 2897/2897/2897 2898/2898/2898 2900/2900/2900
f 2903/2903/2903 2901/2901/2901 2902/2902/2902 2904/2904/2904
f 2901/2901/2901 2899/2899/2899 2900/2900/2900 2902/2902/2902
f 2897/2897/2897 2895/2895/2895 2896/2896/2896 2898/2898/2898
f 2905/2905/2905 2903/2903/2903 2904/2904/2904 2906/2906/2906
f 2909/2909/2909 2907/2907/2907 2908/2908/2908 2910/2910/2910
f 2913/2913/2913 2911/2911/2911 2912/2912/2912 2914/2914/2914
f 2911/2911/2911 2909/2909/2909 2910/2910/2910 2912/2912/2912
f 2917/2917/2917 2915/2915/2915 2916/2916/2916 2918/2918/2918
f 2921/2921/2921 2919/2919/2919 2920/2920/2920 2922/2922/2922
f 2919/2919/2919 2917/2917/2917 2918/2918/2918 2920/2920/2920
f 2915/2915/2915 2913/2913/2913 2914/2914/2914 2916/2916/2916
f 2907/2907/2907 2905/2905/2905 2906/2906/2906 2908/2908/2908
f 2925/2925/2925 2923/2923/2923 2924/2924/2924 2926/2926/2926
f 2929/2929/2929 2927/2927/2927 2928/2928/2928 2930/2930/2930
f 2927/2927/2927 2925/2925/2925 2926/2926/2926 2928/2928/2928
f 2933/2933/2933 2931/2931/2931 2932/2932/2932 2934/2934/2934
f 2937/2937/2937 2935/2935/2935 2936/2936/2936 2938/2938/2938
f 2935/2935/2935 2933/2933/2933 2934/2934/2934 2936/2936/2936
f 2931/2931/2931 2929/2929/2929 2930/2930/2930 2932/2932/2932
f 2939/2939/2939 2937/2937/2937 2938/2938/2938 2940/2940/2940
f 2943/2943/2943 2941/2941/2941 2942/2942/2942 2944/2944/2944
f 2947/2947/2947 2945/2945/2945 2946/2946/2946 2948/2948/2948
f 2945/2945/2945 2943/2943/2943 2944/2944/2944 2946/2946/2946
f 2951/2951/2951 2949/2949/2949 2950/2950/2950 2952/2952/2952
f 2955/2955/2955 2953/2953/2953 2954/2954/2954 2956/2956/2956
f 2953/2953/2953 2951/2951/2951 2952/2952/2952 2954/2954/2954
f 2949/2949/2949 2947/2947/2947 2948/2948/2948 2950/2950/2950
f 2941/2941/2941 2939/2939/2939 2940/2940/2940 2942/2942/2942
f 2959/2959/2959 2957/2957/2957 2958/2958/2958 2960/2960/2960
f 2963/2963/2963 2961/2961/2961 2962/2962/2962 2964/2964/2964
f 2961/2961/2961 2959/2959/2959 2960/2960/2960 2962/2962/2962
f 2967/2967/2967 2965/2965/2965 2966/2966/2966 2968/2968/2968
f 2971/2971/2971 2969/2969/2969 2970/2970/2970 2972/2972/2972
f 2969/2969/2969 2967/2967/2967 2968/2968/2968 2970/2970/2970
f 2965/2965/2965 2963/2963/2963 2964/2964/2964 2966/2966/2966
f 2973/2973/2973 2971/2971/2971 2972/2972/2972 2974/2974/2974
f 2977/2977/2977 2975/2975/2975 2976/2976/2976 2978/2978/2978
f 2981/2981/2981 2979/2979/2979 2980/2980/2980 2982/2982/2982
f 2979/2979/2979 2977/2977/2977 2978/2978/2978 2980/2980/2980
f 2985/2985/2985 2983/2983/2983 2984/2984/2984 2986/2986/2986
f 2989/2989/2989 2987/2987/2987 2988/2988/2988 2990/2990/2990
f 2987/2987/2987 2985/2985/2985 2986/2986/2986 2988/2988/2988
f 2983/2983/2983 2981/2981/2981 2982/2982/2982 2984/2984/2984
f 2975/2975/2975 2973/2973/2973 2974/2974/2974 2976/2976/2976
f 2993/2993/2993 2991/2991/2991 2992/2992/2992 2994/2994/2994
f 2997/2997/2997 2995/2995/2995 2996/2996/2996 2998/2998/2998
f 2995/2995/2995 2993/2993/2993 2994/2994/2994 2996/2996/2996
f 3001/3001/3001 2999/2999/2999 3000/3000/3000 3002/3002/3002
f 3005/3005/3005 3003/3003/3003 3004/3004/3004 3006/3006/3006
f 3003/3003/3003 3001/3001/3001 3002/3002/3002 3004/3004/3004
f 2999/2999/2999 2997/2997/2997 2998/2998/2998 3000/3000/3000
f 3007/3007/3007 3005/3005/3005 3006/3006/3006 3008/3008/3008
f 3011/3011/3011 3009/3009/3009 3010/3010/3010 3012/3012/3012
f 3015/3015/3015 3013/3013/3013 3014/3014/3014 3016/3016/3016
f 3013/3013/3013 3011/3011/3011 3012/3012/3012 3014/3014/3014
f 3019/3019/3019 3017/3017/3017 3018/3018/3018 3020/3020/3020
f 3023/3023/3023 3021/3021/3021 3022/3022/3022 3024/3024/3024
f 3021/3021/3021 3019/3019/3019 3020/3020/3020 3022/3022/3022
f 3017/3017/3017 3015/3015/3015 3016/3016/3016 3018/3018/3018
f 3009/3009/3009 3007/3007/3007 3008/3008/3008 3010/3010/3010
