# Rhino

mtllib PCaja_13.mtl
usemtl Default
v -224.36363220214844 159 80
v -224.36363220214844 163 80
v -224.99842834472656 159 71.772430419921875
v -224.99842834472656 163 71.772430419921875
v -226.91281127929688 159 63.661144256591797
v -226.91281127929688 163 63.661144256591797
v -230.25645446777344 159 55.557949066162109
v -230.25645446777344 163 55.557949066162109
v -234.73979187011719 159 48.291728973388672
v -234.73979187011719 163 48.291728973388672
v -240.47044372558594 159 41.680397033691406
v -240.47044372558594 163 41.680397033691406
v -247.19363403320312 159 36.092971801757812
v -247.19363403320312 163 36.092971801757812
v -254.62506103515625 159 31.72503662109375
v -254.62506103515625 163 31.72503662109375
v -262.44219970703125 159 28.669559478759766
v -262.44219970703125 163 28.669559478759766
v -270.32662963867188 159 26.915359497070312
v -270.32662963867188 163 26.915359497070312
v -278 159 26.363636016845703
v -278 163 26.363636016845703
v -286.22756958007812 159 26.998428344726562
v -286.22756958007812 163 26.998428344726562
v -294.3388671875 159 28.912805557250977
v -294.3388671875 163 28.912805557250977
v -302.44204711914062 159 32.256458282470703
v -302.44204711914062 163 32.256458282470703
v -309.70828247070312 159 36.739799499511719
v -309.70828247070312 163 36.739799499511719
v -316.31961059570312 159 42.470443725585938
v -316.31961059570312 163 42.470443725585938
v -321.90701293945312 159 49.193630218505859
v -321.90701293945312 163 49.193630218505859
v -326.27496337890625 159 56.625068664550781
v -326.27496337890625 163 56.625068664550781
v -329.3304443359375 159 64.442192077636719
v -329.3304443359375 163 64.442192077636719
v -331.08465576171875 159 72.326644897460938
v -331.08465576171875 163 72.326644897460938
v -331.6363525390625 159 80
v -331.6363525390625 163 80
v -331.00155639648438 159 88.227569580078125
v -331.00155639648438 163 88.227569580078125
v -329.08718872070312 159 96.338851928710938
v -329.08718872070312 163 96.338851928710938
v -325.7435302734375 159 104.44205474853516
v -325.7435302734375 163 104.44205474853516
v -321.26019287109375 159 111.70827484130859
v -321.26019287109375 163 111.70827484130859
v -315.529541015625 159 118.31960296630859
v -315.529541015625 163 118.31960296630859
v -308.80636596679688 159 123.90702819824219
v -308.80636596679688 163 123.90702819824219
v -301.37493896484375 159 128.27496337890625
v -301.37493896484375 163 128.27496337890625
v -293.55780029296875 159 131.3304443359375
v -293.55780029296875 163 131.3304443359375
v -285.67337036132812 159 133.08464050292969
v -285.67337036132812 163 133.08464050292969
v -278 159 133.63636779785156
v -278 163 133.63636779785156
v -269.77243041992188 159 133.00157165527344
v -269.77243041992188 163 133.00157165527344
v -261.6611328125 159 131.08718872070312
v -261.6611328125 163 131.08718872070312
v -253.55795288085938 159 127.74353790283203
v -253.55795288085938 163 127.74353790283203
v -246.29173278808594 159 123.26020050048828
v -246.29173278808594 163 123.26020050048828
v -239.68040466308594 159 117.52955627441406
v -239.68040466308594 163 117.52955627441406
v -234.09297180175781 159 110.80637359619141
v -234.09297180175781 163 110.80637359619141
v -229.72503662109375 159 103.37493133544922
v -229.72503662109375 163 103.37493133544922
v -226.6695556640625 159 95.557807922363281
v -226.6695556640625 163 95.557807922363281
v -224.91535949707031 159 87.673355102539062
v -224.91535949707031 163 87.673355102539062
v -224.36363220214844 159 80
v -224.36363220214844 163 80
v -320.90908813476562 159 101.45454406738281
v -320.90908813476562 159 90.727272033691406
v -320.90908813476562 159 69.272727966308594
v -320.90908813476562 159 58.545455932617188
v -310.18182373046875 159 101.45454406738281
v -310.18182373046875 159 90.727272033691406
v -310.18182373046875 159 80
v -310.18182373046875 159 69.272727966308594
v -310.18182373046875 159 58.545455932617188
v -299.45455932617188 159 122.90908813476562
v -299.45455932617188 159 112.18181610107422
v -299.45455932617188 159 101.45454406738281
v -299.45455932617188 159 90.727272033691406
v -299.45455932617188 159 80
v -299.45455932617188 159 69.272727966308594
v -299.45455932617188 159 58.545455932617188
v -299.45455932617188 159 47.818180084228516
v -299.45455932617188 159 37.090908050537109
v -288.72726440429688 159 122.90908813476562
v -288.72726440429688 159 112.18181610107422
v -288.72726440429688 159 101.45454406738281
v -288.72726440429688 159 90.727272033691406
v -288.72726440429688 159 80
v -288.72726440429688 159 69.272727966308594
v -288.72726440429688 159 58.545455932617188
v -288.72726440429688 159 47.818180084228516
v -288.72726440429688 159 37.090908050537109
v -278 159 112.18181610107422
v -278 159 101.45454406738281
v -278 159 90.727272033691406
v -278 159 69.272727966308594
v -278 159 58.545455932617188
v -278 159 47.818180084228516
v -278 159 26.363636016845703
v -267.27273559570312 159 122.90908813476562
v -267.27273559570312 159 112.18181610107422
v -267.27273559570312 159 101.45454406738281
v -267.27273559570312 159 90.727272033691406
v -267.27273559570312 159 80
v -267.27273559570312 159 69.272727966308594
v -267.27273559570312 159 58.545455932617188
v -267.27273559570312 159 47.818180084228516
v -267.27273559570312 159 37.090908050537109
v -256.54544067382812 159 122.90908813476562
v -256.54544067382812 159 112.18181610107422
v -256.54544067382812 159 101.45454406738281
v -256.54544067382812 159 90.727272033691406
v -256.54544067382812 159 80
v -256.54544067382812 159 69.272727966308594
v -256.54544067382812 159 58.545455932617188
v -256.54544067382812 159 47.818180084228516
v -256.54544067382812 159 37.090908050537109
v -245.81817626953125 159 101.45454406738281
v -245.81817626953125 159 90.727272033691406
v -245.81817626953125 159 80
v -245.81817626953125 159 69.272727966308594
v -245.81817626953125 159 58.545455932617188
v -235.09091186523438 159 101.45454406738281
v -235.09091186523438 159 90.727272033691406
v -235.09091186523438 159 69.272727966308594
v -235.09091186523438 159 58.545455932617188
v -224.36363220214844 159 80
v -224.99842834472656 159 71.772430419921875
v -226.91281127929688 159 63.661144256591797
v -230.25645446777344 159 55.557949066162109
v -234.73979187011719 159 48.291728973388672
v -240.47044372558594 159 41.680397033691406
v -247.19363403320312 159 36.092971801757812
v -254.62506103515625 159 31.72503662109375
v -262.44219970703125 159 28.669559478759766
v -270.32662963867188 159 26.915359497070312
v -286.22756958007812 159 26.998428344726562
v -294.3388671875 159 28.912805557250977
v -302.44204711914062 159 32.256458282470703
v -309.70828247070312 159 36.739799499511719
v -316.31961059570312 159 42.470443725585938
v -321.90701293945312 159 49.193630218505859
v -326.27496337890625 159 56.625068664550781
v -329.3304443359375 159 64.442192077636719
v -331.08465576171875 159 72.326644897460938
v -331.6363525390625 159 80
v -331.00155639648438 159 88.227569580078125
v -329.08718872070312 159 96.338851928710938
v -325.7435302734375 159 104.44205474853516
v -321.26019287109375 159 111.70827484130859
v -315.529541015625 159 118.31960296630859
v -308.80636596679688 159 123.90702819824219
v -301.37493896484375 159 128.27496337890625
v -293.55780029296875 159 131.3304443359375
v -285.67337036132812 159 133.08464050292969
v -278 159 133.63636779785156
v -269.77243041992188 159 133.00157165527344
v -261.6611328125 159 131.08718872070312
v -253.55795288085938 159 127.74353790283203
v -246.29173278808594 159 123.26020050048828
v -239.68040466308594 159 117.52955627441406
v -234.09297180175781 159 110.80637359619141
v -229.72503662109375 159 103.37493133544922
v -226.6695556640625 159 95.557807922363281
v -224.91535949707031 159 87.673355102539062
v -274 159 80
v -274.29696655273438 159 81.512466430664062
v -275.14376831054688 159 82.800361633300781
v -276.42291259765625 159 83.675971984863281
v -278 159 84
v -279.51248168945312 159 83.703033447265625
v -280.80035400390625 159 82.856216430664062
v -281.67596435546875 159 81.577102661132812
v -282 159 80
v -281.70303344726562 159 78.487533569335938
v -280.85623168945312 159 77.199638366699219
v -279.57708740234375 159 76.324028015136719
v -278 159 76
v -276.48751831054688 159 76.296966552734375
v -275.19964599609375 159 77.143783569335938
v -274.32403564453125 159 78.422897338867188
v -267.27273559570312 159 85.363639831542969
v -272.6363525390625 159 80
v -278 159 85.363639831542969
v -272.6363525390625 159 90.727272033691406
v -272.6363525390625 159 85.363639831542969
v -272.6363525390625 159 82.681816101074219
v -275.31817626953125 159 85.363639831542969
v -267.27273559570312 159 74.636360168457031
v -272.6363525390625 159 69.272727966308594
v -278 159 74.636360168457031
v -272.6363525390625 159 74.636360168457031
v -283.3636474609375 159 80
v -288.72726440429688 159 85.363639831542969
v -283.3636474609375 159 90.727272033691406
v -283.3636474609375 159 85.363639831542969
v -272.6363525390625 159 77.318183898925781
v -275.31817626953125 159 74.636360168457031
v -283.3636474609375 159 69.272727966308594
v -288.72726440429688 159 74.636360168457031
v -283.3636474609375 159 74.636360168457031
v -283.3636474609375 159 82.681816101074219
v -280.68182373046875 159 85.363639831542969
v -280.68182373046875 159 74.636360168457031
v -283.3636474609375 159 77.318183898925781
v -275 159 126
v -275.22271728515625 159 127.13435363769531
v -275.85784912109375 159 128.10026550292969
v -276.81716918945312 159 128.75697326660156
v -278 159 129
v -279.13433837890625 159 128.77726745605469
v -280.10028076171875 159 128.14216613769531
v -280.75698852539062 159 127.18282318115234
v -281 159 126
v -280.77728271484375 159 124.86564636230469
v -280.14215087890625 159 123.89972686767578
v -279.18283081054688 159 123.24302673339844
v -278 159 123
v -276.86566162109375 159 123.22272491455078
v -275.89971923828125 159 123.85783386230469
v -275.24301147460938 159 124.81717681884766
v -267.27273559570312 159 128.27272033691406
v -272.6363525390625 159 122.90908813476562
v -272.6363525390625 159 128.27272033691406
v -272.6363525390625 159 125.59091186523438
v -267.27273559570312 159 117.54545593261719
v -272.6363525390625 159 112.18181610107422
v -278 159 117.54545593261719
v -272.6363525390625 159 117.54545593261719
v -283.3636474609375 159 122.90908813476562
v -288.72726440429688 159 128.27272033691406
v -283.3636474609375 159 128.27272033691406
v -272.6363525390625 159 130.95454406738281
v -275.31817626953125 159 130.95454406738281
v -283.3636474609375 159 130.95454406738281
v -280.68182373046875 159 130.95454406738281
v -283.3636474609375 159 125.59091186523438
v -283.3636474609375 159 112.18181610107422
v -288.72726440429688 159 117.54545593261719
v -283.3636474609375 159 117.54545593261719
v -257.62493896484375 159 121.35041046142578
v -257.3966064453125 159 122.48365020751953
v -257.61373901367188 159 123.61908721923828
v -258.24871826171875 159 124.59292602539062
v -259.24850463867188 159 125.27009582519531
v -260.38174438476562 159 125.49842071533203
v -261.51718139648438 159 125.28129577636719
v -262.49102783203125 159 124.64630126953125
v -263.168212890625 159 123.64650726318359
v -263.39651489257812 159 122.51326751708984
v -263.17941284179688 159 121.37783050537109
v -262.54440307617188 159 120.40399169921875
v -261.54461669921875 159 119.72682189941406
v -260.411376953125 159 119.49849700927734
v -259.27593994140625 159 119.71562194824219
v -258.30209350585938 159 120.35062408447266
v -256.54544067382812 159 117.54545593261719
v -261.90908813476562 159 112.18181610107422
v -261.90908813476562 159 117.54545593261719
v -256.54544067382812 159 120.22727203369141
v -259.22726440429688 159 117.54545593261719
v -261.90908813476562 159 128.27272033691406
v -251.18182373046875 159 112.18181610107422
v -251.18182373046875 159 122.90908813476562
v -251.18182373046875 159 117.54545593261719
v -264.59091186523438 159 122.90908813476562
v -267.27273559570312 159 125.59091186523438
v -264.59091186523438 159 128.27272033691406
v -264.59091186523438 159 125.59091186523438
v -264.59091186523438 159 117.54545593261719
v -267.27273559570312 159 120.22727203369141
v -264.59091186523438 159 120.22727203369141
v -243.35176086425781 159 110.40559387207031
v -242.7071533203125 159 111.36518859863281
v -242.47323608398438 159 112.49729156494141
v -242.68722534179688 159 113.64000701904297
v -243.35176086425781 159 114.64823150634766
v -244.31137084960938 159 115.2928466796875
v -245.44346618652344 159 115.52676391601562
v -246.586181640625 159 115.31277465820312
v -247.59440612792969 159 114.64823150634766
v -248.23902893066406 159 113.68862915039062
v -248.47294616699219 159 112.55653381347656
v -248.25895690917969 159 111.413818359375
v -247.59440612792969 159 110.40559387207031
v -246.63481140136719 159 109.76097869873047
v -245.50271606445312 159 109.52706146240234
v -244.36000061035156 159 109.74105072021484
v -235.09091186523438 159 106.81818389892578
v -240.45454406738281 159 101.45454406738281
v -245.81817626953125 159 106.81818389892578
v -240.45454406738281 159 106.81818389892578
v -240.45454406738281 159 109.5
v -243.13636779785156 159 106.81818389892578
v -243.13636779785156 159 109.5
v -251.18182373046875 159 101.45454406738281
v -256.54544067382812 159 106.81818389892578
v -251.18182373046875 159 106.81818389892578
v -251.18182373046875 159 114.86363983154297
v -248.5 159 117.54545593261719
v -248.5 159 114.86363983154297
v -248.5 159 106.81818389892578
v -251.18182373046875 159 109.5
v -248.5 159 109.5
v -234.35348510742188 159 94.831802368164062
v -233.39071655273438 159 95.471672058105469
v -232.74137878417969 159 96.428077697753906
v -232.50178527832031 159 97.565696716308594
v -232.72990417480469 159 98.751487731933594
v -233.36976623535156 159 99.714256286621094
v -234.326171875 159 100.36360168457031
v -235.46380615234375 159 100.60320281982422
v -236.64959716796875 159 100.37507629394531
v -237.61236572265625 159 99.735206604003906
v -238.26170349121094 159 98.778800964355469
v -238.50129699707031 159 97.64117431640625
v -238.27317810058594 159 96.455390930175781
v -237.63331604003906 159 95.49261474609375
v -236.67691040039062 159 94.843269348144531
v -235.53927612304688 159 94.603675842285156
v -229.72727966308594 159 90.727272033691406
v -229.72727966308594 159 96.090911865234375
v -229.72727966308594 159 93.409088134765625
v -232.40908813476562 159 90.727272033691406
v -235.09091186523438 159 93.409088134765625
v -232.40908813476562 159 93.409088134765625
v -235.09091186523438 159 85.363639831542969
v -229.72727966308594 159 85.363639831542969
v -240.45454406738281 159 90.727272033691406
v -245.81817626953125 159 96.090911865234375
v -240.45454406738281 159 96.090911865234375
v -240.45454406738281 159 98.772727966308594
v -237.77272033691406 159 101.45454406738281
v -237.77272033691406 159 90.727272033691406
v -240.45454406738281 159 93.409088134765625
v -237.77272033691406 159 93.409088134765625
v -240.45454406738281 159 80
v -245.81817626953125 159 85.363639831542969
v -240.45454406738281 159 85.363639831542969
v -232 159 77
v -230.86564636230469 159 77.222724914550781
v -229.89973449707031 159 77.857833862304688
v -229.24302673339844 159 78.817176818847656
v -229 159 80
v -229.22273254394531 159 81.134353637695312
v -229.85783386230469 159 82.100273132324219
v -230.81716918945312 159 82.756973266601562
v -232 159 83
v -233.13435363769531 159 82.777275085449219
v -234.10026550292969 159 82.142166137695312
v -234.75697326660156 159 81.182823181152344
v -235 159 80
v -234.77726745605469 159 78.865646362304688
v -234.14216613769531 159 77.899726867675781
v -233.18283081054688 159 77.243026733398438
v -229.72727966308594 159 69.272727966308594
v -235.09091186523438 159 74.636360168457031
v -229.72727966308594 159 74.636360168457031
v -232.40908813476562 159 74.636360168457031
v -240.45454406738281 159 69.272727966308594
v -245.81817626953125 159 74.636360168457031
v -240.45454406738281 159 74.636360168457031
v -227.04545593261719 159 74.636360168457031
v -227.04545593261719 159 77.318183898925781
v -227.04545593261719 159 85.363639831542969
v -227.04545593261719 159 82.681816101074219
v -232.40908813476562 159 85.363639831542969
v -236.64959716796875 159 59.624923706054688
v -235.516357421875 159 59.396598815917969
v -234.38092041015625 159 59.613723754882812
v -233.40707397460938 159 60.248725891113281
v -232.72990417480469 159 61.248512268066406
v -232.50157165527344 159 62.381752014160156
v -232.71870422363281 159 63.517189025878906
v -233.35369873046875 159 64.49102783203125
v -234.35348510742188 159 65.168205261230469
v -235.48672485351562 159 65.396530151367188
v -236.62216186523438 159 65.179405212402344
v -237.59600830078125 159 64.544403076171875
v -238.27317810058594 159 63.544612884521484
v -238.50151062011719 159 62.411376953125
v -238.28437805175781 159 61.27593994140625
v -237.64938354492188 159 60.302097320556641
v -240.45454406738281 159 58.545455932617188
v -245.81817626953125 159 63.909091949462891
v -240.45454406738281 159 63.909091949462891
v -237.77272033691406 159 58.545455932617188
v -240.45454406738281 159 61.227272033691406
v -229.72727966308594 159 63.909091949462891
v -235.09091186523438 159 53.181819915771484
v -245.81817626953125 159 53.181819915771484
v -240.45454406738281 159 53.181819915771484
v -229.72727966308594 159 66.590911865234375
v -235.09091186523438 159 66.590911865234375
v -232.40908813476562 159 69.272727966308594
v -232.40908813476562 159 66.590911865234375
v -240.45454406738281 159 66.590911865234375
v -237.77272033691406 159 69.272727966308594
v -237.77272033691406 159 66.590911865234375
v -247.59440612792969 159 45.351768493652344
v -246.63481140136719 159 44.707149505615234
v -245.50271606445312 159 44.473232269287109
v -244.36000061035156 159 44.687225341796875
v -243.35176086425781 159 45.351768493652344
v -242.7071533203125 159 46.311367034912109
v -242.47323608398438 159 47.443462371826172
v -242.68722534179688 159 48.586181640625
v -243.35176086425781 159 49.594409942626953
v -244.31137084960938 159 50.239025115966797
v -245.44346618652344 159 50.472942352294922
v -246.586181640625 159 50.258949279785156
v -247.59440612792969 159 49.594409942626953
v -248.23902893066406 159 48.634807586669922
v -248.47294616699219 159 47.502712249755859
v -248.25895690917969 159 46.359996795654297
v -251.18182373046875 159 37.090908050537109
v -256.54544067382812 159 42.454544067382812
v -251.18182373046875 159 47.818180084228516
v -251.18182373046875 159 42.454544067382812
v -248.5 159 42.454544067382812
v -251.18182373046875 159 45.136363983154297
v -248.5 159 45.136363983154297
v -256.54544067382812 159 53.181819915771484
v -251.18182373046875 159 58.545455932617188
v -251.18182373046875 159 53.181819915771484
v -240.45454406738281 159 50.5
v -243.13636779785156 159 53.181819915771484
v -243.13636779785156 159 50.5
v -251.18182373046875 159 50.5
v -248.5 159 53.181819915771484
v -248.5 159 50.5
v -263.168212890625 159 36.353492736816406
v -262.5283203125 159 35.390720367431641
v -261.57192993164062 159 34.741374969482422
v -260.43429565429688 159 34.501777648925781
v -259.24850463867188 159 34.729904174804688
v -258.28573608398438 159 35.369773864746094
v -257.63638305664062 159 36.326179504394531
v -257.39678955078125 159 37.463802337646484
v -257.62490844726562 159 38.649593353271484
v -258.26480102539062 159 39.612361907958984
v -259.22119140625 159 40.261707305908203
v -260.35882568359375 159 40.501304626464844
v -261.54461669921875 159 40.273181915283203
v -262.50738525390625 159 39.633308410644531
v -263.15673828125 159 38.676902770996094
v -263.39633178710938 159 37.539279937744141
v -267.27273559570312 159 31.727272033691406
v -261.90908813476562 159 31.727272033691406
v -264.59091186523438 159 31.727272033691406
v -267.27273559570312 159 34.409091949462891
v -264.59091186523438 159 37.090908050537109
v -264.59091186523438 159 34.409091949462891
v -272.6363525390625 159 37.090908050537109
v -272.6363525390625 159 31.727272033691406
v -267.27273559570312 159 42.454544067382812
v -261.90908813476562 159 47.818180084228516
v -261.90908813476562 159 42.454544067382812
v -256.54544067382812 159 39.772727966308594
v -259.22726440429688 159 42.454544067382812
v -267.27273559570312 159 39.772727966308594
v -264.59091186523438 159 42.454544067382812
v -264.59091186523438 159 39.772727966308594
v -278 159 42.454544067382812
v -272.6363525390625 159 47.818180084228516
v -272.6363525390625 159 42.454544067382812
v -281 159 34
v -280.77728271484375 159 32.865646362304688
v -280.14215087890625 159 31.899730682373047
v -279.18283081054688 159 31.243022918701172
v -278 159 31
v -276.86566162109375 159 31.222726821899414
v -275.89971923828125 159 31.85783576965332
v -275.24301147460938 159 32.817173004150391
v -275 159 34
v -275.22271728515625 159 35.134353637695312
v -275.85784912109375 159 36.100269317626953
v -276.81716918945312 159 36.756977081298828
v -278 159 37
v -279.13433837890625 159 36.777271270751953
v -280.10028076171875 159 36.142162322998047
v -280.75698852539062 159 35.182826995849609
v -288.72726440429688 159 31.727272033691406
v -283.3636474609375 159 37.090908050537109
v -283.3636474609375 159 31.727272033691406
v -283.3636474609375 159 34.409091949462891
v -288.72726440429688 159 42.454544067382812
v -283.3636474609375 159 47.818180084228516
v -283.3636474609375 159 42.454544067382812
v -283.3636474609375 159 29.045454025268555
v -280.68182373046875 159 29.045454025268555
v -272.6363525390625 159 29.045454025268555
v -275.31817626953125 159 29.045454025268555
v -272.6363525390625 159 34.409091949462891
v -298.37506103515625 159 38.649589538574219
v -298.6033935546875 159 37.516353607177734
v -298.38626098632812 159 36.380916595458984
v -297.75128173828125 159 35.407073974609375
v -296.75149536132812 159 34.729900360107422
v -295.61825561523438 159 34.501575469970703
v -294.48281860351562 159 34.718700408935547
v -293.50897216796875 159 35.353702545166016
v -292.831787109375 159 36.353488922119141
v -292.60348510742188 159 37.486728668212891
v -292.82058715820312 159 38.622165679931641
v -293.45559692382812 159 39.59600830078125
v -294.45538330078125 159 40.273178100585938
v -295.588623046875 159 40.501502990722656
v -296.72406005859375 159 40.284381866455078
v -297.69790649414062 159 39.649379730224609
v -299.45455932617188 159 42.454544067382812
v -294.09091186523438 159 47.818180084228516
v -294.09091186523438 159 42.454544067382812
v -299.45455932617188 159 39.772727966308594
v -296.77273559570312 159 42.454544067382812
v -294.09091186523438 159 31.727272033691406
v -304.81817626953125 159 37.090908050537109
v -304.81817626953125 159 47.818180084228516
v -304.81817626953125 159 42.454544067382812
v -288.72726440429688 159 34.409091949462891
v -291.40908813476562 159 31.727272033691406
v -291.40908813476562 159 37.090908050537109
v -291.40908813476562 159 34.409091949462891
v -288.72726440429688 159 39.772727966308594
v -291.40908813476562 159 42.454544067382812
v -291.40908813476562 159 39.772727966308594
v -312.64822387695312 159 49.594409942626953
v -313.2928466796875 159 48.634807586669922
v -313.52676391601562 159 47.502712249755859
v -313.31277465820312 159 46.359996795654297
v -312.64822387695312 159 45.351768493652344
v -311.68862915039062 159 44.7071533203125
v -310.55654907226562 159 44.473236083984375
v -309.413818359375 159 44.687225341796875
v -308.40557861328125 159 45.351768493652344
v -307.760986328125 159 46.311367034912109
v -307.52706909179688 159 47.443466186523438
v -307.74105834960938 159 48.586181640625
v -308.40557861328125 159 49.594409942626953
v -309.36520385742188 159 50.239025115966797
v -310.49728393554688 159 50.472942352294922
v -311.6400146484375 159 50.258949279785156
v -310.18182373046875 159 53.181819915771484
v -320.90908813476562 159 53.181819915771484
v -315.54544067382812 159 58.545455932617188
v -315.54544067382812 159 53.181819915771484
v -315.54544067382812 159 50.5
v -312.8636474609375 159 53.181819915771484
v -312.8636474609375 159 50.5
v -299.45455932617188 159 53.181819915771484
v -304.81817626953125 159 58.545455932617188
v -304.81817626953125 159 53.181819915771484
v -304.81817626953125 159 45.136363983154297
v -307.5 159 42.454544067382812
v -307.5 159 45.136363983154297
v -304.81817626953125 159 50.5
v -307.5 159 53.181819915771484
v -307.5 159 50.5
v -321.64651489257812 159 65.168197631835938
v -322.60928344726562 159 64.528327941894531
v -323.25863647460938 159 63.571926116943359
v -323.49822998046875 159 62.434303283691406
v -323.27011108398438 159 61.248512268066406
v -322.63021850585938 159 60.285739898681641
v -321.673828125 159 59.636394500732422
v -320.53619384765625 159 59.396800994873047
v -319.35040283203125 159 59.624923706054688
v -318.38763427734375 159 60.264793395996094
v -317.73828125 159 61.221199035644531
v -317.49868774414062 159 62.358821868896484
v -317.726806640625 159 63.544612884521484
v -318.36669921875 159 64.50738525390625
v -319.32308959960938 159 65.156730651855469
v -320.46072387695312 159 65.396324157714844
v -326.27273559570312 159 69.272727966308594
v -326.27273559570312 159 63.909091949462891
v -320.90908813476562 159 66.590911865234375
v -326.27273559570312 159 66.590911865234375
v -323.59091186523438 159 69.272727966308594
v -323.59091186523438 159 66.590911865234375
v -320.90908813476562 159 74.636360168457031
v -326.27273559570312 159 74.636360168457031
v -310.18182373046875 159 63.909091949462891
v -315.54544067382812 159 69.272727966308594
v -315.54544067382812 159 63.909091949462891
v -315.54544067382812 159 61.227272033691406
v -318.22726440429688 159 58.545455932617188
v -315.54544067382812 159 66.590911865234375
v -318.22726440429688 159 69.272727966308594
v -318.22726440429688 159 66.590911865234375
v -310.18182373046875 159 74.636360168457031
v -315.54544067382812 159 80
v -315.54544067382812 159 74.636360168457031
v -324 159 83
v -325.13433837890625 159 82.777275085449219
v -326.10028076171875 159 82.142166137695312
v -326.75698852539062 159 81.182823181152344
v -327 159 80
v -326.77728271484375 159 78.865646362304688
v -326.14215087890625 159 77.899726867675781
v -325.18283081054688 159 77.243026733398438
v -324 159 77
v -322.86566162109375 159 77.222724914550781
v -321.89971923828125 159 77.857833862304688
v -321.24301147460938 159 78.817176818847656
v -321 159 80
v -321.22271728515625 159 81.134353637695312
v -321.85784912109375 159 82.100273132324219
v -322.81716918945312 159 82.756973266601562
v -320.90908813476562 159 85.363639831542969
v -326.27273559570312 159 90.727272033691406
v -326.27273559570312 159 85.363639831542969
v -323.59091186523438 159 85.363639831542969
v -310.18182373046875 159 85.363639831542969
v -315.54544067382812 159 90.727272033691406
v -315.54544067382812 159 85.363639831542969
v -328.95455932617188 159 85.363639831542969
v -328.95455932617188 159 82.681816101074219
v -328.95455932617188 159 74.636360168457031
v -328.95455932617188 159 77.318183898925781
v -323.59091186523438 159 74.636360168457031
v -319.35040283203125 159 100.37507629394531
v -320.483642578125 159 100.60340118408203
v -321.61907958984375 159 100.38627624511719
v -322.59292602539062 159 99.751274108886719
v -323.27011108398438 159 98.751487731933594
v -323.4984130859375 159 97.618247985839844
v -323.28131103515625 159 96.482810974121094
v -322.64630126953125 159 95.50897216796875
v -321.64651489257812 159 94.831794738769531
v -320.51327514648438 159 94.603469848632812
v -319.37783813476562 159 94.820594787597656
v -318.40399169921875 159 95.455596923828125
v -317.726806640625 159 96.45538330078125
v -317.49850463867188 159 97.588623046875
v -317.71560668945312 159 98.72406005859375
v -318.35061645507812 159 99.697898864746094
v -310.18182373046875 159 96.090911865234375
v -315.54544067382812 159 101.45454406738281
v -315.54544067382812 159 96.090911865234375
v -315.54544067382812 159 98.772727966308594
v -318.22726440429688 159 101.45454406738281
v -326.27273559570312 159 96.090911865234375
v -310.18182373046875 159 106.81818389892578
v -320.90908813476562 159 106.81818389892578
v -315.54544067382812 159 106.81818389892578
v -320.90908813476562 159 93.409088134765625
v -323.59091186523438 159 90.727272033691406
v -326.27273559570312 159 93.409088134765625
v -323.59091186523438 159 93.409088134765625
v -315.54544067382812 159 93.409088134765625
v -318.22726440429688 159 90.727272033691406
v -318.22726440429688 159 93.409088134765625
v -308.40557861328125 159 114.64823150634766
v -309.36520385742188 159 115.2928466796875
v -310.49728393554688 159 115.52676391601562
v -311.6400146484375 159 115.31277465820312
v -312.64822387695312 159 114.64823150634766
v -313.2928466796875 159 113.68863677978516
v -313.52676391601562 159 112.55653381347656
v -313.31277465820312 159 111.413818359375
v -312.64822387695312 159 110.40559387207031
v -311.68862915039062 159 109.76097869873047
v -310.55654907226562 159 109.52706146240234
v -309.413818359375 159 109.74105072021484
v -308.40557861328125 159 110.40559387207031
v -307.760986328125 159 111.36518859863281
v -307.52706909179688 159 112.49729156494141
v -307.74105834960938 159 113.64000701904297
v -299.45455932617188 159 117.54545593261719
v -304.81817626953125 159 112.18181610107422
v -304.81817626953125 159 122.90908813476562
v -304.81817626953125 159 117.54545593261719
v -304.81817626953125 159 114.86363983154297
v -307.5 159 117.54545593261719
v -307.5 159 114.86363983154297
v -299.45455932617188 159 106.81818389892578
v -304.81817626953125 159 101.45454406738281
v -304.81817626953125 159 106.81818389892578
v -312.8636474609375 159 106.81818389892578
v -315.54544067382812 159 109.5
v -312.8636474609375 159 109.5
v -304.81817626953125 159 109.5
v -307.5 159 106.81818389892578
v -307.5 159 109.5
v -292.831787109375 159 123.64650726318359
v -293.4716796875 159 124.60927581787109
v -294.42807006835938 159 125.25862884521484
v -295.56570434570312 159 125.49822235107422
v -296.75149536132812 159 125.27009582519531
v -297.71426391601562 159 124.63022613525391
v -298.36361694335938 159 123.67382049560547
v -298.60321044921875 159 122.53620147705078
v -298.37509155273438 159 121.35041046142578
v -297.73519897460938 159 120.38763427734375
v -296.77880859375 159 119.73828887939453
v -295.64117431640625 159 119.49869537353516
v -294.45538330078125 159 119.72682189941406
v -293.49261474609375 159 120.36669158935547
v -292.84326171875 159 121.32309722900391
v -292.60366821289062 159 122.46071624755859
v -294.09091186523438 159 128.27272033691406
v -288.72726440429688 159 125.59091186523438
v -291.40908813476562 159 122.90908813476562
v -291.40908813476562 159 128.27272033691406
v -291.40908813476562 159 125.59091186523438
v -294.09091186523438 159 112.18181610107422
v -294.09091186523438 159 117.54545593261719
v -296.77273559570312 159 117.54545593261719
v -299.45455932617188 159 120.22727203369141
v -288.72726440429688 159 120.22727203369141
v -291.40908813476562 159 117.54545593261719
v -291.40908813476562 159 120.22727203369141
v -320.90908813476562 159 80
v -278 159 122.90908813476562
v -278 159 37.090908050537109
v -235.09091186523438 159 80
v -320.90908813476562 163 101.45454406738281
v -320.90908813476562 163 90.727272033691406
v -320.90908813476562 163 69.272727966308594
v -320.90908813476562 163 58.545455932617188
v -310.18182373046875 163 101.45454406738281
v -310.18182373046875 163 90.727272033691406
v -310.18182373046875 163 80
v -310.18182373046875 163 69.272727966308594
v -310.18182373046875 163 58.545455932617188
v -299.45455932617188 163 122.90908813476562
v -299.45455932617188 163 112.18181610107422
v -299.45455932617188 163 101.45454406738281
v -299.45455932617188 163 90.727272033691406
v -299.45455932617188 163 80
v -299.45455932617188 163 69.272727966308594
v -299.45455932617188 163 58.545455932617188
v -299.45455932617188 163 47.818180084228516
v -299.45455932617188 163 37.090908050537109
v -288.72726440429688 163 122.90908813476562
v -288.72726440429688 163 112.18181610107422
v -288.72726440429688 163 101.45454406738281
v -288.72726440429688 163 90.727272033691406
v -288.72726440429688 163 80
v -288.72726440429688 163 69.272727966308594
v -288.72726440429688 163 58.545455932617188
v -288.72726440429688 163 47.818180084228516
v -288.72726440429688 163 37.090908050537109
v -278 163 112.18181610107422
v -278 163 101.45454406738281
v -278 163 90.727272033691406
v -278 163 69.272727966308594
v -278 163 58.545455932617188
v -278 163 47.818180084228516
v -278 163 26.363636016845703
v -267.27273559570312 163 122.90908813476562
v -267.27273559570312 163 112.18181610107422
v -267.27273559570312 163 101.45454406738281
v -267.27273559570312 163 90.727272033691406
v -267.27273559570312 163 80
v -267.27273559570312 163 69.272727966308594
v -267.27273559570312 163 58.545455932617188
v -267.27273559570312 163 47.818180084228516
v -267.27273559570312 163 37.090908050537109
v -256.54544067382812 163 122.90908813476562
v -256.54544067382812 163 112.18181610107422
v -256.54544067382812 163 101.45454406738281
v -256.54544067382812 163 90.727272033691406
v -256.54544067382812 163 80
v -256.54544067382812 163 69.272727966308594
v -256.54544067382812 163 58.545455932617188
v -256.54544067382812 163 47.818180084228516
v -256.54544067382812 163 37.090908050537109
v -245.81817626953125 163 101.45454406738281
v -245.81817626953125 163 90.727272033691406
v -245.81817626953125 163 80
v -245.81817626953125 163 69.272727966308594
v -245.81817626953125 163 58.545455932617188
v -235.09091186523438 163 101.45454406738281
v -235.09091186523438 163 90.727272033691406
v -235.09091186523438 163 69.272727966308594
v -235.09091186523438 163 58.545455932617188
v -224.36363220214844 163 80
v -224.99842834472656 163 71.772430419921875
v -226.91281127929688 163 63.661144256591797
v -230.25645446777344 163 55.557949066162109
v -234.73979187011719 163 48.291728973388672
v -240.47044372558594 163 41.680397033691406
v -247.19363403320312 163 36.092971801757812
v -254.62506103515625 163 31.72503662109375
v -262.44219970703125 163 28.669559478759766
v -270.32662963867188 163 26.915359497070312
v -286.22756958007812 163 26.998428344726562
v -294.3388671875 163 28.912805557250977
v -302.44204711914062 163 32.256458282470703
v -309.70828247070312 163 36.739799499511719
v -316.31961059570312 163 42.470443725585938
v -321.90701293945312 163 49.193630218505859
v -326.27496337890625 163 56.625068664550781
v -329.3304443359375 163 64.442192077636719
v -331.08465576171875 163 72.326644897460938
v -331.6363525390625 163 80
v -331.00155639648438 163 88.227569580078125
v -329.08718872070312 163 96.338851928710938
v -325.7435302734375 163 104.44205474853516
v -321.26019287109375 163 111.70827484130859
v -315.529541015625 163 118.31960296630859
v -308.80636596679688 163 123.90702819824219
v -301.37493896484375 163 128.27496337890625
v -293.55780029296875 163 131.3304443359375
v -285.67337036132812 163 133.08464050292969
v -278 163 133.63636779785156
v -269.77243041992188 163 133.00157165527344
v -261.6611328125 163 131.08718872070312
v -253.55795288085938 163 127.74353790283203
v -246.29173278808594 163 123.26020050048828
v -239.68040466308594 163 117.52955627441406
v -234.09297180175781 163 110.80637359619141
v -229.72503662109375 163 103.37493133544922
v -226.6695556640625 163 95.557807922363281
v -224.91535949707031 163 87.673355102539062
v -274 163 80
v -274.29696655273438 163 81.512466430664062
v -275.14376831054688 163 82.800361633300781
v -276.42291259765625 163 83.675971984863281
v -278 163 84
v -279.51248168945312 163 83.703033447265625
v -280.80035400390625 163 82.856216430664062
v -281.67596435546875 163 81.577102661132812
v -282 163 80
v -281.70303344726562 163 78.487533569335938
v -280.85623168945312 163 77.199638366699219
v -279.57708740234375 163 76.324028015136719
v -278 163 76
v -276.48751831054688 163 76.296966552734375
v -275.19964599609375 163 77.143783569335938
v -274.32403564453125 163 78.422897338867188
v -267.27273559570312 163 85.363639831542969
v -272.6363525390625 163 80
v -278 163 85.363639831542969
v -272.6363525390625 163 90.727272033691406
v -272.6363525390625 163 85.363639831542969
v -272.6363525390625 163 82.681816101074219
v -275.31817626953125 163 85.363639831542969
v -267.27273559570312 163 74.636360168457031
v -272.6363525390625 163 69.272727966308594
v -278 163 74.636360168457031
v -272.6363525390625 163 74.636360168457031
v -283.3636474609375 163 80
v -288.72726440429688 163 85.363639831542969
v -283.3636474609375 163 90.727272033691406
v -283.3636474609375 163 85.363639831542969
v -272.6363525390625 163 77.318183898925781
v -275.31817626953125 163 74.636360168457031
v -283.3636474609375 163 69.272727966308594
v -288.72726440429688 163 74.636360168457031
v -283.3636474609375 163 74.636360168457031
v -283.3636474609375 163 82.681816101074219
v -280.68182373046875 163 85.363639831542969
v -280.68182373046875 163 74.636360168457031
v -283.3636474609375 163 77.318183898925781
v -275 163 126
v -275.22271728515625 163 127.13435363769531
v -275.85784912109375 163 128.10026550292969
v -276.81716918945312 163 128.75697326660156
v -278 163 129
v -279.13433837890625 163 128.77726745605469
v -280.10028076171875 163 128.14216613769531
v -280.75698852539062 163 127.18282318115234
v -281 163 126
v -280.77728271484375 163 124.86564636230469
v -280.14215087890625 163 123.89972686767578
v -279.18283081054688 163 123.24302673339844
v -278 163 123
v -276.86566162109375 163 123.22272491455078
v -275.89971923828125 163 123.85783386230469
v -275.24301147460938 163 124.81717681884766
v -267.27273559570312 163 128.27272033691406
v -272.6363525390625 163 122.90908813476562
v -272.6363525390625 163 128.27272033691406
v -272.6363525390625 163 125.59091186523438
v -267.27273559570312 163 117.54545593261719
v -272.6363525390625 163 112.18181610107422
v -278 163 117.54545593261719
v -272.6363525390625 163 117.54545593261719
v -283.3636474609375 163 122.90908813476562
v -288.72726440429688 163 128.27272033691406
v -283.3636474609375 163 128.27272033691406
v -272.6363525390625 163 130.95454406738281
v -275.31817626953125 163 130.95454406738281
v -283.3636474609375 163 130.95454406738281
v -280.68182373046875 163 130.95454406738281
v -283.3636474609375 163 125.59091186523438
v -283.3636474609375 163 112.18181610107422
v -288.72726440429688 163 117.54545593261719
v -283.3636474609375 163 117.54545593261719
v -257.62493896484375 163 121.35041046142578
v -257.3966064453125 163 122.48365020751953
v -257.61373901367188 163 123.61908721923828
v -258.24871826171875 163 124.59292602539062
v -259.24850463867188 163 125.27009582519531
v -260.38174438476562 163 125.49842071533203
v -261.51718139648438 163 125.28129577636719
v -262.49102783203125 163 124.64630126953125
v -263.168212890625 163 123.64650726318359
v -263.39651489257812 163 122.51326751708984
v -263.17941284179688 163 121.37783050537109
v -262.54440307617188 163 120.40399169921875
v -261.54461669921875 163 119.72682189941406
v -260.411376953125 163 119.49849700927734
v -259.27593994140625 163 119.71562194824219
v -258.30209350585938 163 120.35062408447266
v -256.54544067382812 163 117.54545593261719
v -261.90908813476562 163 112.18181610107422
v -261.90908813476562 163 117.54545593261719
v -256.54544067382812 163 120.22727203369141
v -259.22726440429688 163 117.54545593261719
v -261.90908813476562 163 128.27272033691406
v -251.18182373046875 163 112.18181610107422
v -251.18182373046875 163 122.90908813476562
v -251.18182373046875 163 117.54545593261719
v -264.59091186523438 163 122.90908813476562
v -267.27273559570312 163 125.59091186523438
v -264.59091186523438 163 128.27272033691406
v -264.59091186523438 163 125.59091186523438
v -264.59091186523438 163 117.54545593261719
v -267.27273559570312 163 120.22727203369141
v -264.59091186523438 163 120.22727203369141
v -243.35176086425781 163 110.40559387207031
v -242.7071533203125 163 111.36518859863281
v -242.47323608398438 163 112.49729156494141
v -242.68722534179688 163 113.64000701904297
v -243.35176086425781 163 114.64823150634766
v -244.31137084960938 163 115.2928466796875
v -245.44346618652344 163 115.52676391601562
v -246.586181640625 163 115.31277465820312
v -247.59440612792969 163 114.64823150634766
v -248.23902893066406 163 113.68862915039062
v -248.47294616699219 163 112.55653381347656
v -248.25895690917969 163 111.413818359375
v -247.59440612792969 163 110.40559387207031
v -246.63481140136719 163 109.76097869873047
v -245.50271606445312 163 109.52706146240234
v -244.36000061035156 163 109.74105072021484
v -235.09091186523438 163 106.81818389892578
v -240.45454406738281 163 101.45454406738281
v -245.81817626953125 163 106.81818389892578
v -240.45454406738281 163 106.81818389892578
v -240.45454406738281 163 109.5
v -243.13636779785156 163 106.81818389892578
v -243.13636779785156 163 109.5
v -251.18182373046875 163 101.45454406738281
v -256.54544067382812 163 106.81818389892578
v -251.18182373046875 163 106.81818389892578
v -251.18182373046875 163 114.86363983154297
v -248.5 163 117.54545593261719
v -248.5 163 114.86363983154297
v -248.5 163 106.81818389892578
v -251.18182373046875 163 109.5
v -248.5 163 109.5
v -234.35348510742188 163 94.831802368164062
v -233.39071655273438 163 95.471672058105469
v -232.74137878417969 163 96.428077697753906
v -232.50178527832031 163 97.565696716308594
v -232.72990417480469 163 98.751487731933594
v -233.36976623535156 163 99.714256286621094
v -234.326171875 163 100.36360168457031
v -235.46380615234375 163 100.60320281982422
v -236.64959716796875 163 100.37507629394531
v -237.61236572265625 163 99.735206604003906
v -238.26170349121094 163 98.778800964355469
v -238.50129699707031 163 97.64117431640625
v -238.27317810058594 163 96.455390930175781
v -237.63331604003906 163 95.49261474609375
v -236.67691040039062 163 94.843269348144531
v -235.53927612304688 163 94.603675842285156
v -229.72727966308594 163 90.727272033691406
v -229.72727966308594 163 96.090911865234375
v -229.72727966308594 163 93.409088134765625
v -232.40908813476562 163 90.727272033691406
v -235.09091186523438 163 93.409088134765625
v -232.40908813476562 163 93.409088134765625
v -235.09091186523438 163 85.363639831542969
v -229.72727966308594 163 85.363639831542969
v -240.45454406738281 163 90.727272033691406
v -245.81817626953125 163 96.090911865234375
v -240.45454406738281 163 96.090911865234375
v -240.45454406738281 163 98.772727966308594
v -237.77272033691406 163 101.45454406738281
v -237.77272033691406 163 90.727272033691406
v -240.45454406738281 163 93.409088134765625
v -237.77272033691406 163 93.409088134765625
v -240.45454406738281 163 80
v -245.81817626953125 163 85.363639831542969
v -240.45454406738281 163 85.363639831542969
v -232 163 77
v -230.86564636230469 163 77.222724914550781
v -229.89973449707031 163 77.857833862304688
v -229.24302673339844 163 78.817176818847656
v -229 163 80
v -229.22273254394531 163 81.134353637695312
v -229.85783386230469 163 82.100273132324219
v -230.81716918945312 163 82.756973266601562
v -232 163 83
v -233.13435363769531 163 82.777275085449219
v -234.10026550292969 163 82.142166137695312
v -234.75697326660156 163 81.182823181152344
v -235 163 80
v -234.77726745605469 163 78.865646362304688
v -234.14216613769531 163 77.899726867675781
v -233.18283081054688 163 77.243026733398438
v -229.72727966308594 163 69.272727966308594
v -235.09091186523438 163 74.636360168457031
v -229.72727966308594 163 74.636360168457031
v -232.40908813476562 163 74.636360168457031
v -240.45454406738281 163 69.272727966308594
v -245.81817626953125 163 74.636360168457031
v -240.45454406738281 163 74.636360168457031
v -227.04545593261719 163 74.636360168457031
v -227.04545593261719 163 77.318183898925781
v -227.04545593261719 163 85.363639831542969
v -227.04545593261719 163 82.681816101074219
v -232.40908813476562 163 85.363639831542969
v -236.64959716796875 163 59.624923706054688
v -235.516357421875 163 59.396598815917969
v -234.38092041015625 163 59.613723754882812
v -233.40707397460938 163 60.248725891113281
v -232.72990417480469 163 61.248512268066406
v -232.50157165527344 163 62.381752014160156
v -232.71870422363281 163 63.517189025878906
v -233.35369873046875 163 64.49102783203125
v -234.35348510742188 163 65.168205261230469
v -235.48672485351562 163 65.396530151367188
v -236.62216186523438 163 65.179405212402344
v -237.59600830078125 163 64.544403076171875
v -238.27317810058594 163 63.544612884521484
v -238.50151062011719 163 62.411376953125
v -238.28437805175781 163 61.27593994140625
v -237.64938354492188 163 60.302097320556641
v -240.45454406738281 163 58.545455932617188
v -245.81817626953125 163 63.909091949462891
v -240.45454406738281 163 63.909091949462891
v -237.77272033691406 163 58.545455932617188
v -240.45454406738281 163 61.227272033691406
v -229.72727966308594 163 63.909091949462891
v -235.09091186523438 163 53.181819915771484
v -245.81817626953125 163 53.181819915771484
v -240.45454406738281 163 53.181819915771484
v -229.72727966308594 163 66.590911865234375
v -235.09091186523438 163 66.590911865234375
v -232.40908813476562 163 69.272727966308594
v -232.40908813476562 163 66.590911865234375
v -240.45454406738281 163 66.590911865234375
v -237.77272033691406 163 69.272727966308594
v -237.77272033691406 163 66.590911865234375
v -247.59440612792969 163 45.351768493652344
v -246.63481140136719 163 44.707149505615234
v -245.50271606445312 163 44.473232269287109
v -244.36000061035156 163 44.687225341796875
v -243.35176086425781 163 45.351768493652344
v -242.7071533203125 163 46.311367034912109
v -242.47323608398438 163 47.443462371826172
v -242.68722534179688 163 48.586181640625
v -243.35176086425781 163 49.594409942626953
v -244.31137084960938 163 50.239025115966797
v -245.44346618652344 163 50.472942352294922
v -246.586181640625 163 50.258949279785156
v -247.59440612792969 163 49.594409942626953
v -248.23902893066406 163 48.634807586669922
v -248.47294616699219 163 47.502712249755859
v -248.25895690917969 163 46.359996795654297
v -251.18182373046875 163 37.090908050537109
v -256.54544067382812 163 42.454544067382812
v -251.18182373046875 163 47.818180084228516
v -251.18182373046875 163 42.454544067382812
v -248.5 163 42.454544067382812
v -251.18182373046875 163 45.136363983154297
v -248.5 163 45.136363983154297
v -256.54544067382812 163 53.181819915771484
v -251.18182373046875 163 58.545455932617188
v -251.18182373046875 163 53.181819915771484
v -240.45454406738281 163 50.5
v -243.13636779785156 163 53.181819915771484
v -243.13636779785156 163 50.5
v -251.18182373046875 163 50.5
v -248.5 163 53.181819915771484
v -248.5 163 50.5
v -263.168212890625 163 36.353492736816406
v -262.5283203125 163 35.390720367431641
v -261.57192993164062 163 34.741374969482422
v -260.43429565429688 163 34.501777648925781
v -259.24850463867188 163 34.729904174804688
v -258.28573608398438 163 35.369773864746094
v -257.63638305664062 163 36.326179504394531
v -257.39678955078125 163 37.463802337646484
v -257.62490844726562 163 38.649593353271484
v -258.26480102539062 163 39.612361907958984
v -259.22119140625 163 40.261707305908203
v -260.35882568359375 163 40.501304626464844
v -261.54461669921875 163 40.273181915283203
v -262.50738525390625 163 39.633308410644531
v -263.15673828125 163 38.676902770996094
v -263.39633178710938 163 37.539279937744141
v -267.27273559570312 163 31.727272033691406
v -261.90908813476562 163 31.727272033691406
v -264.59091186523438 163 31.727272033691406
v -267.27273559570312 163 34.409091949462891
v -264.59091186523438 163 37.090908050537109
v -264.59091186523438 163 34.409091949462891
v -272.6363525390625 163 37.090908050537109
v -272.6363525390625 163 31.727272033691406
v -267.27273559570312 163 42.454544067382812
v -261.90908813476562 163 47.818180084228516
v -261.90908813476562 163 42.454544067382812
v -256.54544067382812 163 39.772727966308594
v -259.22726440429688 163 42.454544067382812
v -267.27273559570312 163 39.772727966308594
v -264.59091186523438 163 42.454544067382812
v -264.59091186523438 163 39.772727966308594
v -278 163 42.454544067382812
v -272.6363525390625 163 47.818180084228516
v -272.6363525390625 163 42.454544067382812
v -281 163 34
v -280.77728271484375 163 32.865646362304688
v -280.14215087890625 163 31.899730682373047
v -279.18283081054688 163 31.243022918701172
v -278 163 31
v -276.86566162109375 163 31.222726821899414
v -275.89971923828125 163 31.85783576965332
v -275.24301147460938 163 32.817173004150391
v -275 163 34
v -275.22271728515625 163 35.134353637695312
v -275.85784912109375 163 36.100269317626953
v -276.81716918945312 163 36.756977081298828
v -278 163 37
v -279.13433837890625 163 36.777271270751953
v -280.10028076171875 163 36.142162322998047
v -280.75698852539062 163 35.182826995849609
v -288.72726440429688 163 31.727272033691406
v -283.3636474609375 163 37.090908050537109
v -283.3636474609375 163 31.727272033691406
v -283.3636474609375 163 34.409091949462891
v -288.72726440429688 163 42.454544067382812
v -283.3636474609375 163 47.818180084228516
v -283.3636474609375 163 42.454544067382812
v -283.3636474609375 163 29.045454025268555
v -280.68182373046875 163 29.045454025268555
v -272.6363525390625 163 29.045454025268555
v -275.31817626953125 163 29.045454025268555
v -272.6363525390625 163 34.409091949462891
v -298.37506103515625 163 38.649589538574219
v -298.6033935546875 163 37.516353607177734
v -298.38626098632812 163 36.380916595458984
v -297.75128173828125 163 35.407073974609375
v -296.75149536132812 163 34.729900360107422
v -295.61825561523438 163 34.501575469970703
v -294.48281860351562 163 34.718700408935547
v -293.50897216796875 163 35.353702545166016
v -292.831787109375 163 36.353488922119141
v -292.60348510742188 163 37.486728668212891
v -292.82058715820312 163 38.622165679931641
v -293.45559692382812 163 39.59600830078125
v -294.45538330078125 163 40.273178100585938
v -295.588623046875 163 40.501502990722656
v -296.72406005859375 163 40.284381866455078
v -297.69790649414062 163 39.649379730224609
v -299.45455932617188 163 42.454544067382812
v -294.09091186523438 163 47.818180084228516
v -294.09091186523438 163 42.454544067382812
v -299.45455932617188 163 39.772727966308594
v -296.77273559570312 163 42.454544067382812
v -294.09091186523438 163 31.727272033691406
v -304.81817626953125 163 37.090908050537109
v -304.81817626953125 163 47.818180084228516
v -304.81817626953125 163 42.454544067382812
v -288.72726440429688 163 34.409091949462891
v -291.40908813476562 163 31.727272033691406
v -291.40908813476562 163 37.090908050537109
v -291.40908813476562 163 34.409091949462891
v -288.72726440429688 163 39.772727966308594
v -291.40908813476562 163 42.454544067382812
v -291.40908813476562 163 39.772727966308594
v -312.64822387695312 163 49.594409942626953
v -313.2928466796875 163 48.634807586669922
v -313.52676391601562 163 47.502712249755859
v -313.31277465820312 163 46.359996795654297
v -312.64822387695312 163 45.351768493652344
v -311.68862915039062 163 44.7071533203125
v -310.55654907226562 163 44.473236083984375
v -309.413818359375 163 44.687225341796875
v -308.40557861328125 163 45.351768493652344
v -307.760986328125 163 46.311367034912109
v -307.52706909179688 163 47.443466186523438
v -307.74105834960938 163 48.586181640625
v -308.40557861328125 163 49.594409942626953
v -309.36520385742188 163 50.239025115966797
v -310.49728393554688 163 50.472942352294922
v -311.6400146484375 163 50.258949279785156
v -310.18182373046875 163 53.181819915771484
v -320.90908813476562 163 53.181819915771484
v -315.54544067382812 163 58.545455932617188
v -315.54544067382812 163 53.181819915771484
v -315.54544067382812 163 50.5
v -312.8636474609375 163 53.181819915771484
v -312.8636474609375 163 50.5
v -299.45455932617188 163 53.181819915771484
v -304.81817626953125 163 58.545455932617188
v -304.81817626953125 163 53.181819915771484
v -304.81817626953125 163 45.136363983154297
v -307.5 163 42.454544067382812
v -307.5 163 45.136363983154297
v -304.81817626953125 163 50.5
v -307.5 163 53.181819915771484
v -307.5 163 50.5
v -321.64651489257812 163 65.168197631835938
v -322.60928344726562 163 64.528327941894531
v -323.25863647460938 163 63.571926116943359
v -323.49822998046875 163 62.434303283691406
v -323.27011108398438 163 61.248512268066406
v -322.63021850585938 163 60.285739898681641
v -321.673828125 163 59.636394500732422
v -320.53619384765625 163 59.396800994873047
v -319.35040283203125 163 59.624923706054688
v -318.38763427734375 163 60.264793395996094
v -317.73828125 163 61.221199035644531
v -317.49868774414062 163 62.358821868896484
v -317.726806640625 163 63.544612884521484
v -318.36669921875 163 64.50738525390625
v -319.32308959960938 163 65.156730651855469
v -320.46072387695312 163 65.396324157714844
v -326.27273559570312 163 69.272727966308594
v -326.27273559570312 163 63.909091949462891
v -320.90908813476562 163 66.590911865234375
v -326.27273559570312 163 66.590911865234375
v -323.59091186523438 163 69.272727966308594
v -323.59091186523438 163 66.590911865234375
v -320.90908813476562 163 74.636360168457031
v -326.27273559570312 163 74.636360168457031
v -310.18182373046875 163 63.909091949462891
v -315.54544067382812 163 69.272727966308594
v -315.54544067382812 163 63.909091949462891
v -315.54544067382812 163 61.227272033691406
v -318.22726440429688 163 58.545455932617188
v -315.54544067382812 163 66.590911865234375
v -318.22726440429688 163 69.272727966308594
v -318.22726440429688 163 66.590911865234375
v -310.18182373046875 163 74.636360168457031
v -315.54544067382812 163 80
v -315.54544067382812 163 74.636360168457031
v -324 163 83
v -325.13433837890625 163 82.777275085449219
v -326.10028076171875 163 82.142166137695312
v -326.75698852539062 163 81.182823181152344
v -327 163 80
v -326.77728271484375 163 78.865646362304688
v -326.14215087890625 163 77.899726867675781
v -325.18283081054688 163 77.243026733398438
v -324 163 77
v -322.86566162109375 163 77.222724914550781
v -321.89971923828125 163 77.857833862304688
v -321.24301147460938 163 78.817176818847656
v -321 163 80
v -321.22271728515625 163 81.134353637695312
v -321.85784912109375 163 82.100273132324219
v -322.81716918945312 163 82.756973266601562
v -320.90908813476562 163 85.363639831542969
v -326.27273559570312 163 90.727272033691406
v -326.27273559570312 163 85.363639831542969
v -323.59091186523438 163 85.363639831542969
v -310.18182373046875 163 85.363639831542969
v -315.54544067382812 163 90.727272033691406
v -315.54544067382812 163 85.363639831542969
v -328.95455932617188 163 85.363639831542969
v -328.95455932617188 163 82.681816101074219
v -328.95455932617188 163 74.636360168457031
v -328.95455932617188 163 77.318183898925781
v -323.59091186523438 163 74.636360168457031
v -319.35040283203125 163 100.37507629394531
v -320.483642578125 163 100.60340118408203
v -321.61907958984375 163 100.38627624511719
v -322.59292602539062 163 99.751274108886719
v -323.27011108398438 163 98.751487731933594
v -323.4984130859375 163 97.618247985839844
v -323.28131103515625 163 96.482810974121094
v -322.64630126953125 163 95.50897216796875
v -321.64651489257812 163 94.831794738769531
v -320.51327514648438 163 94.603469848632812
v -319.37783813476562 163 94.820594787597656
v -318.40399169921875 163 95.455596923828125
v -317.726806640625 163 96.45538330078125
v -317.49850463867188 163 97.588623046875
v -317.71560668945312 163 98.72406005859375
v -318.35061645507812 163 99.697898864746094
v -310.18182373046875 163 96.090911865234375
v -315.54544067382812 163 101.45454406738281
v -315.54544067382812 163 96.090911865234375
v -315.54544067382812 163 98.772727966308594
v -318.22726440429688 163 101.45454406738281
v -326.27273559570312 163 96.090911865234375
v -310.18182373046875 163 106.81818389892578
v -320.90908813476562 163 106.81818389892578
v -315.54544067382812 163 106.81818389892578
v -320.90908813476562 163 93.409088134765625
v -323.59091186523438 163 90.727272033691406
v -326.27273559570312 163 93.409088134765625
v -323.59091186523438 163 93.409088134765625
v -315.54544067382812 163 93.409088134765625
v -318.22726440429688 163 90.727272033691406
v -318.22726440429688 163 93.409088134765625
v -308.40557861328125 163 114.64823150634766
v -309.36520385742188 163 115.2928466796875
v -310.49728393554688 163 115.52676391601562
v -311.6400146484375 163 115.31277465820312
v -312.64822387695312 163 114.64823150634766
v -313.2928466796875 163 113.68863677978516
v -313.52676391601562 163 112.55653381347656
v -313.31277465820312 163 111.413818359375
v -312.64822387695312 163 110.40559387207031
v -311.68862915039062 163 109.76097869873047
v -310.55654907226562 163 109.52706146240234
v -309.413818359375 163 109.74105072021484
v -308.40557861328125 163 110.40559387207031
v -307.760986328125 163 111.36518859863281
v -307.52706909179688 163 112.49729156494141
v -307.74105834960938 163 113.64000701904297
v -299.45455932617188 163 117.54545593261719
v -304.81817626953125 163 112.18181610107422
v -304.81817626953125 163 122.90908813476562
v -304.81817626953125 163 117.54545593261719
v -304.81817626953125 163 114.86363983154297
v -307.5 163 117.54545593261719
v -307.5 163 114.86363983154297
v -299.45455932617188 163 106.81818389892578
v -304.81817626953125 163 101.45454406738281
v -304.81817626953125 163 106.81818389892578
v -312.8636474609375 163 106.81818389892578
v -315.54544067382812 163 109.5
v -312.8636474609375 163 109.5
v -304.81817626953125 163 109.5
v -307.5 163 106.81818389892578
v -307.5 163 109.5
v -292.831787109375 163 123.64650726318359
v -293.4716796875 163 124.60927581787109
v -294.42807006835938 163 125.25862884521484
v -295.56570434570312 163 125.49822235107422
v -296.75149536132812 163 125.27009582519531
v -297.71426391601562 163 124.63022613525391
v -298.36361694335938 163 123.67382049560547
v -298.60321044921875 163 122.53620147705078
v -298.37509155273438 163 121.35041046142578
v -297.73519897460938 163 120.38763427734375
v -296.77880859375 163 119.73828887939453
v -295.64117431640625 163 119.49869537353516
v -294.45538330078125 163 119.72682189941406
v -293.49261474609375 163 120.36669158935547
v -292.84326171875 163 121.32309722900391
v -292.60366821289062 163 122.46071624755859
v -294.09091186523438 163 128.27272033691406
v -288.72726440429688 163 125.59091186523438
v -291.40908813476562 163 122.90908813476562
v -291.40908813476562 163 128.27272033691406
v -291.40908813476562 163 125.59091186523438
v -294.09091186523438 163 112.18181610107422
v -294.09091186523438 163 117.54545593261719
v -296.77273559570312 163 117.54545593261719
v -299.45455932617188 163 120.22727203369141
v -288.72726440429688 163 120.22727203369141
v -291.40908813476562 163 117.54545593261719
v -291.40908813476562 163 120.22727203369141
v -320.90908813476562 163 80
v -278 163 122.90908813476562
v -278 163 37.090908050537109
v -235.09091186523438 163 80
v -274 159 80
v -274 163 80
v -274.32403564453125 159 78.422897338867188
v -274.32403564453125 163 78.422897338867188
v -275.19964599609375 159 77.143783569335938
v -275.19964599609375 163 77.143783569335938
v -276.48751831054688 159 76.296966552734375
v -276.48751831054688 163 76.296966552734375
v -278 159 76
v -278 163 76
v -279.57708740234375 159 76.324028015136719
v -279.57708740234375 163 76.324028015136719
v -280.85623168945312 159 77.199638366699219
v -280.85623168945312 163 77.199638366699219
v -281.70303344726562 159 78.487533569335938
v -281.70303344726562 163 78.487533569335938
v -282 159 80
v -282 163 80
v -281.67596435546875 159 81.577102661132812
v -281.67596435546875 163 81.577102661132812
v -280.80035400390625 159 82.856216430664062
v -280.80035400390625 163 82.856216430664062
v -279.51248168945312 159 83.703033447265625
v -279.51248168945312 163 83.703033447265625
v -278 159 84
v -278 163 84
v -276.42291259765625 159 83.675971984863281
v -276.42291259765625 163 83.675971984863281
v -275.14376831054688 159 82.800361633300781
v -275.14376831054688 163 82.800361633300781
v -274.29696655273438 159 81.512466430664062
v -274.29696655273438 163 81.512466430664062
v -274 159 80
v -274 163 80
v -275 159 126
v -275 163 126
v -275.24301147460938 159 124.81717681884766
v -275.24301147460938 163 124.81717681884766
v -275.89971923828125 159 123.85783386230469
v -275.89971923828125 163 123.85783386230469
v -276.86566162109375 159 123.22272491455078
v -276.86566162109375 163 123.22272491455078
v -278 159 123
v -278 163 123
v -279.18283081054688 159 123.24302673339844
v -279.18283081054688 163 123.24302673339844
v -280.14215087890625 159 123.89972686767578
v -280.14215087890625 163 123.89972686767578
v -280.77728271484375 159 124.86564636230469
v -280.77728271484375 163 124.86564636230469
v -281 159 126
v -281 163 126
v -280.75698852539062 159 127.18282318115234
v -280.75698852539062 163 127.18282318115234
v -280.10028076171875 159 128.14216613769531
v -280.10028076171875 163 128.14216613769531
v -279.13433837890625 159 128.77726745605469
v -279.13433837890625 163 128.77726745605469
v -278 159 129
v -278 163 129
v -276.81716918945312 159 128.75697326660156
v -276.81716918945312 163 128.75697326660156
v -275.85784912109375 159 128.10026550292969
v -275.85784912109375 163 128.10026550292969
v -275.22271728515625 159 127.13435363769531
v -275.22271728515625 163 127.13435363769531
v -275 159 126
v -275 163 126
v -257.62493896484375 159 121.35041046142578
v -257.62493896484375 163 121.35041046142578
v -258.30209350585938 159 120.35062408447266
v -258.30209350585938 163 120.35062408447266
v -259.27593994140625 159 119.71562194824219
v -259.27593994140625 163 119.71562194824219
v -260.411376953125 159 119.49849700927734
v -260.411376953125 163 119.49849700927734
v -261.54461669921875 159 119.72682189941406
v -261.54461669921875 163 119.72682189941406
v -262.54440307617188 159 120.40399169921875
v -262.54440307617188 163 120.40399169921875
v -263.17941284179688 159 121.37783050537109
v -263.17941284179688 163 121.37783050537109
v -263.39651489257812 159 122.51326751708984
v -263.39651489257812 163 122.51326751708984
v -263.168212890625 159 123.64650726318359
v -263.168212890625 163 123.64650726318359
v -262.49102783203125 159 124.64630126953125
v -262.49102783203125 163 124.64630126953125
v -261.51718139648438 159 125.28129577636719
v -261.51718139648438 163 125.28129577636719
v -260.38174438476562 159 125.49842071533203
v -260.38174438476562 163 125.49842071533203
v -259.24850463867188 159 125.27009582519531
v -259.24850463867188 163 125.27009582519531
v -258.24871826171875 159 124.59292602539062
v -258.24871826171875 163 124.59292602539062
v -257.61373901367188 159 123.61908721923828
v -257.61373901367188 163 123.61908721923828
v -257.3966064453125 159 122.48365020751953
v -257.3966064453125 163 122.48365020751953
v -257.62493896484375 159 121.35041046142578
v -257.62493896484375 163 121.35041046142578
v -243.35176086425781 159 110.40559387207031
v -243.35176086425781 163 110.40559387207031
v -244.36000061035156 159 109.74105072021484
v -244.36000061035156 163 109.74105072021484
v -245.50271606445312 159 109.52706146240234
v -245.50271606445312 163 109.52706146240234
v -246.63481140136719 159 109.76097869873047
v -246.63481140136719 163 109.76097869873047
v -247.59440612792969 159 110.40559387207031
v -247.59440612792969 163 110.40559387207031
v -248.25895690917969 159 111.413818359375
v -248.25895690917969 163 111.413818359375
v -248.47294616699219 159 112.55653381347656
v -248.47294616699219 163 112.55653381347656
v -248.23902893066406 159 113.68862915039062
v -248.23902893066406 163 113.68862915039062
v -247.59440612792969 159 114.64823150634766
v -247.59440612792969 163 114.64823150634766
v -246.586181640625 159 115.31277465820312
v -246.586181640625 163 115.31277465820312
v -245.44346618652344 159 115.52676391601562
v -245.44346618652344 163 115.52676391601562
v -244.31137084960938 159 115.2928466796875
v -244.31137084960938 163 115.2928466796875
v -243.35176086425781 159 114.64823150634766
v -243.35176086425781 163 114.64823150634766
v -242.68722534179688 159 113.64000701904297
v -242.68722534179688 163 113.64000701904297
v -242.47323608398438 159 112.49729156494141
v -242.47323608398438 163 112.49729156494141
v -242.7071533203125 159 111.36518859863281
v -242.7071533203125 163 111.36518859863281
v -243.35176086425781 159 110.40559387207031
v -243.35176086425781 163 110.40559387207031
v -234.35348510742188 159 94.831802368164062
v -234.35348510742188 163 94.831802368164062
v -235.53927612304688 159 94.603675842285156
v -235.53927612304688 163 94.603675842285156
v -236.67691040039062 159 94.843269348144531
v -236.67691040039062 163 94.843269348144531
v -237.63331604003906 159 95.49261474609375
v -237.63331604003906 163 95.49261474609375
v -238.27317810058594 159 96.455390930175781
v -238.27317810058594 163 96.455390930175781
v -238.50129699707031 159 97.64117431640625
v -238.50129699707031 163 97.64117431640625
v -238.26170349121094 159 98.778800964355469
v -238.26170349121094 163 98.778800964355469
v -237.61236572265625 159 99.735206604003906
v -237.61236572265625 163 99.735206604003906
v -236.64959716796875 159 100.37507629394531
v -236.64959716796875 163 100.37507629394531
v -235.46380615234375 159 100.60320281982422
v -235.46380615234375 163 100.60320281982422
v -234.326171875 159 100.36360168457031
v -234.326171875 163 100.36360168457031
v -233.36976623535156 159 99.714256286621094
v -233.36976623535156 163 99.714256286621094
v -232.72990417480469 159 98.751487731933594
v -232.72990417480469 163 98.751487731933594
v -232.50178527832031 159 97.565696716308594
v -232.50178527832031 163 97.565696716308594
v -232.74137878417969 159 96.428077697753906
v -232.74137878417969 163 96.428077697753906
v -233.39071655273438 159 95.471672058105469
v -233.39071655273438 163 95.471672058105469
v -234.35348510742188 159 94.831802368164062
v -234.35348510742188 163 94.831802368164062
v -232 159 77
v -232 163 77
v -233.18283081054688 159 77.243026733398438
v -233.18283081054688 163 77.243026733398438
v -234.14216613769531 159 77.899726867675781
v -234.14216613769531 163 77.899726867675781
v -234.77726745605469 159 78.865646362304688
v -234.77726745605469 163 78.865646362304688
v -235 159 80
v -235 163 80
v -234.75697326660156 159 81.182823181152344
v -234.75697326660156 163 81.182823181152344
v -234.10026550292969 159 82.142166137695312
v -234.10026550292969 163 82.142166137695312
v -233.13435363769531 159 82.777275085449219
v -233.13435363769531 163 82.777275085449219
v -232 159 83
v -232 163 83
v -230.81716918945312 159 82.756973266601562
v -230.81716918945312 163 82.756973266601562
v -229.85783386230469 159 82.100273132324219
v -229.85783386230469 163 82.100273132324219
v -229.22273254394531 159 81.134353637695312
v -229.22273254394531 163 81.134353637695312
v -229 159 80
v -229 163 80
v -229.24302673339844 159 78.817176818847656
v -229.24302673339844 163 78.817176818847656
v -229.89973449707031 159 77.857833862304688
v -229.89973449707031 163 77.857833862304688
v -230.86564636230469 159 77.222724914550781
v -230.86564636230469 163 77.222724914550781
v -232 159 77
v -232 163 77
v -236.64959716796875 159 59.624923706054688
v -236.64959716796875 163 59.624923706054688
v -237.64938354492188 159 60.302097320556641
v -237.64938354492188 163 60.302097320556641
v -238.28437805175781 159 61.27593994140625
v -238.28437805175781 163 61.27593994140625
v -238.50151062011719 159 62.411376953125
v -238.50151062011719 163 62.411376953125
v -238.27317810058594 159 63.544612884521484
v -238.27317810058594 163 63.544612884521484
v -237.59600830078125 159 64.544403076171875
v -237.59600830078125 163 64.544403076171875
v -236.62216186523438 159 65.179405212402344
v -236.62216186523438 163 65.179405212402344
v -235.48672485351562 159 65.396530151367188
v -235.48672485351562 163 65.396530151367188
v -234.35348510742188 159 65.168205261230469
v -234.35348510742188 163 65.168205261230469
v -233.35369873046875 159 64.49102783203125
v -233.35369873046875 163 64.49102783203125
v -232.71870422363281 159 63.517189025878906
v -232.71870422363281 163 63.517189025878906
v -232.50157165527344 159 62.381752014160156
v -232.50157165527344 163 62.381752014160156
v -232.72990417480469 159 61.248512268066406
v -232.72990417480469 163 61.248512268066406
v -233.40707397460938 159 60.248725891113281
v -233.40707397460938 163 60.248725891113281
v -234.38092041015625 159 59.613723754882812
v -234.38092041015625 163 59.613723754882812
v -235.516357421875 159 59.396598815917969
v -235.516357421875 163 59.396598815917969
v -236.64959716796875 159 59.624923706054688
v -236.64959716796875 163 59.624923706054688
v -247.59440612792969 159 45.351768493652344
v -247.59440612792969 163 45.351768493652344
v -248.25895690917969 159 46.359996795654297
v -248.25895690917969 163 46.359996795654297
v -248.47294616699219 159 47.502712249755859
v -248.47294616699219 163 47.502712249755859
v -248.23902893066406 159 48.634807586669922
v -248.23902893066406 163 48.634807586669922
v -247.59440612792969 159 49.594409942626953
v -247.59440612792969 163 49.594409942626953
v -246.586181640625 159 50.258949279785156
v -246.586181640625 163 50.258949279785156
v -245.44346618652344 159 50.472942352294922
v -245.44346618652344 163 50.472942352294922
v -244.31137084960938 159 50.239025115966797
v -244.31137084960938 163 50.239025115966797
v -243.35176086425781 159 49.594409942626953
v -243.35176086425781 163 49.594409942626953
v -242.68722534179688 159 48.586181640625
v -242.68722534179688 163 48.586181640625
v -242.47323608398438 159 47.443462371826172
v -242.47323608398438 163 47.443462371826172
v -242.7071533203125 159 46.311367034912109
v -242.7071533203125 163 46.311367034912109
v -243.35176086425781 159 45.351768493652344
v -243.35176086425781 163 45.351768493652344
v -244.36000061035156 159 44.687225341796875
v -244.36000061035156 163 44.687225341796875
v -245.50271606445312 159 44.473232269287109
v -245.50271606445312 163 44.473232269287109
v -246.63481140136719 159 44.707149505615234
v -246.63481140136719 163 44.707149505615234
v -247.59440612792969 159 45.351768493652344
v -247.59440612792969 163 45.351768493652344
v -263.168212890625 159 36.353492736816406
v -263.168212890625 163 36.353492736816406
v -263.39633178710938 159 37.539279937744141
v -263.39633178710938 163 37.539279937744141
v -263.15673828125 159 38.676902770996094
v -263.15673828125 163 38.676902770996094
v -262.50738525390625 159 39.633308410644531
v -262.50738525390625 163 39.633308410644531
v -261.54461669921875 159 40.273181915283203
v -261.54461669921875 163 40.273181915283203
v -260.35882568359375 159 40.501304626464844
v -260.35882568359375 163 40.501304626464844
v -259.22119140625 159 40.261707305908203
v -259.22119140625 163 40.261707305908203
v -258.26480102539062 159 39.612361907958984
v -258.26480102539062 163 39.612361907958984
v -257.62490844726562 159 38.649593353271484
v -257.62490844726562 163 38.649593353271484
v -257.39678955078125 159 37.463802337646484
v -257.39678955078125 163 37.463802337646484
v -257.63638305664062 159 36.326179504394531
v -257.63638305664062 163 36.326179504394531
v -258.28573608398438 159 35.369773864746094
v -258.28573608398438 163 35.369773864746094
v -259.24850463867188 159 34.729904174804688
v -259.24850463867188 163 34.729904174804688
v -260.43429565429688 159 34.501777648925781
v -260.43429565429688 163 34.501777648925781
v -261.57192993164062 159 34.741374969482422
v -261.57192993164062 163 34.741374969482422
v -262.5283203125 159 35.390720367431641
v -262.5283203125 163 35.390720367431641
v -263.168212890625 159 36.353492736816406
v -263.168212890625 163 36.353492736816406
v -281 159 34
v -281 163 34
v -280.75698852539062 159 35.182826995849609
v -280.75698852539062 163 35.182826995849609
v -280.10028076171875 159 36.142162322998047
v -280.10028076171875 163 36.142162322998047
v -279.13433837890625 159 36.777271270751953
v -279.13433837890625 163 36.777271270751953
v -278 159 37
v -278 163 37
v -276.81716918945312 159 36.756977081298828
v -276.81716918945312 163 36.756977081298828
v -275.85784912109375 159 36.100269317626953
v -275.85784912109375 163 36.100269317626953
v -275.22271728515625 159 35.134353637695312
v -275.22271728515625 163 35.134353637695312
v -275 159 34
v -275 163 34
v -275.24301147460938 159 32.817173004150391
v -275.24301147460938 163 32.817173004150391
v -275.89971923828125 159 31.85783576965332
v -275.89971923828125 163 31.85783576965332
v -276.86566162109375 159 31.222726821899414
v -276.86566162109375 163 31.222726821899414
v -278 159 31
v -278 163 31
v -279.18283081054688 159 31.243022918701172
v -279.18283081054688 163 31.243022918701172
v -280.14215087890625 159 31.899730682373047
v -280.14215087890625 163 31.899730682373047
v -280.77728271484375 159 32.865646362304688
v -280.77728271484375 163 32.865646362304688
v -281 159 34
v -281 163 34
v -298.37506103515625 159 38.649589538574219
v -298.37506103515625 163 38.649589538574219
v -297.69790649414062 159 39.649379730224609
v -297.69790649414062 163 39.649379730224609
v -296.72406005859375 159 40.284381866455078
v -296.72406005859375 163 40.284381866455078
v -295.588623046875 159 40.501502990722656
v -295.588623046875 163 40.501502990722656
v -294.45538330078125 159 40.273178100585938
v -294.45538330078125 163 40.273178100585938
v -293.45559692382812 159 39.59600830078125
v -293.45559692382812 163 39.59600830078125
v -292.82058715820312 159 38.622165679931641
v -292.82058715820312 163 38.622165679931641
v -292.60348510742188 159 37.486728668212891
v -292.60348510742188 163 37.486728668212891
v -292.831787109375 159 36.353488922119141
v -292.831787109375 163 36.353488922119141
v -293.50897216796875 159 35.353702545166016
v -293.50897216796875 163 35.353702545166016
v -294.48281860351562 159 34.718700408935547
v -294.48281860351562 163 34.718700408935547
v -295.61825561523438 159 34.501575469970703
v -295.61825561523438 163 34.501575469970703
v -296.75149536132812 159 34.729900360107422
v -296.75149536132812 163 34.729900360107422
v -297.75128173828125 159 35.407073974609375
v -297.75128173828125 163 35.407073974609375
v -298.38626098632812 159 36.380916595458984
v -298.38626098632812 163 36.380916595458984
v -298.6033935546875 159 37.516353607177734
v -298.6033935546875 163 37.516353607177734
v -298.37506103515625 159 38.649589538574219
v -298.37506103515625 163 38.649589538574219
v -312.64822387695312 159 49.594409942626953
v -312.64822387695312 163 49.594409942626953
v -311.6400146484375 159 50.258949279785156
v -311.6400146484375 163 50.258949279785156
v -310.49728393554688 159 50.472942352294922
v -310.49728393554688 163 50.472942352294922
v -309.36520385742188 159 50.239025115966797
v -309.36520385742188 163 50.239025115966797
v -308.40557861328125 159 49.594409942626953
v -308.40557861328125 163 49.594409942626953
v -307.74105834960938 159 48.586181640625
v -307.74105834960938 163 48.586181640625
v -307.52706909179688 159 47.443466186523438
v -307.52706909179688 163 47.443466186523438
v -307.760986328125 159 46.311367034912109
v -307.760986328125 163 46.311367034912109
v -308.40557861328125 159 45.351768493652344
v -308.40557861328125 163 45.351768493652344
v -309.413818359375 159 44.687225341796875
v -309.413818359375 163 44.687225341796875
v -310.55654907226562 159 44.473236083984375
v -310.55654907226562 163 44.473236083984375
v -311.68862915039062 159 44.7071533203125
v -311.68862915039062 163 44.7071533203125
v -312.64822387695312 159 45.351768493652344
v -312.64822387695312 163 45.351768493652344
v -313.31277465820312 159 46.359996795654297
v -313.31277465820312 163 46.359996795654297
v -313.52676391601562 159 47.502712249755859
v -313.52676391601562 163 47.502712249755859
v -313.2928466796875 159 48.634807586669922
v -313.2928466796875 163 48.634807586669922
v -312.64822387695312 159 49.594409942626953
v -312.64822387695312 163 49.594409942626953
v -321.64651489257812 159 65.168197631835938
v -321.64651489257812 163 65.168197631835938
v -320.46072387695312 159 65.396324157714844
v -320.46072387695312 163 65.396324157714844
v -319.32308959960938 159 65.156730651855469
v -319.32308959960938 163 65.156730651855469
v -318.36669921875 159 64.50738525390625
v -318.36669921875 163 64.50738525390625
v -317.726806640625 159 63.544612884521484
v -317.726806640625 163 63.544612884521484
v -317.49868774414062 159 62.358821868896484
v -317.49868774414062 163 62.358821868896484
v -317.73828125 159 61.221199035644531
v -317.73828125 163 61.221199035644531
v -318.38763427734375 159 60.264793395996094
v -318.38763427734375 163 60.264793395996094
v -319.35040283203125 159 59.624923706054688
v -319.35040283203125 163 59.624923706054688
v -320.53619384765625 159 59.396800994873047
v -320.53619384765625 163 59.396800994873047
v -321.673828125 159 59.636394500732422
v -321.673828125 163 59.636394500732422
v -322.63021850585938 159 60.285739898681641
v -322.63021850585938 163 60.285739898681641
v -323.27011108398438 159 61.248512268066406
v -323.27011108398438 163 61.248512268066406
v -323.49822998046875 159 62.434303283691406
v -323.49822998046875 163 62.434303283691406
v -323.25863647460938 159 63.571926116943359
v -323.25863647460938 163 63.571926116943359
v -322.60928344726562 159 64.528327941894531
v -322.60928344726562 163 64.528327941894531
v -321.64651489257812 159 65.168197631835938
v -321.64651489257812 163 65.168197631835938
v -324 159 83
v -324 163 83
v -322.81716918945312 159 82.756973266601562
v -322.81716918945312 163 82.756973266601562
v -321.85784912109375 159 82.100273132324219
v -321.85784912109375 163 82.100273132324219
v -321.22271728515625 159 81.134353637695312
v -321.22271728515625 163 81.134353637695312
v -321 159 80
v -321 163 80
v -321.24301147460938 159 78.817176818847656
v -321.24301147460938 163 78.817176818847656
v -321.89971923828125 159 77.857833862304688
v -321.89971923828125 163 77.857833862304688
v -322.86566162109375 159 77.222724914550781
v -322.86566162109375 163 77.222724914550781
v -324 159 77
v -324 163 77
v -325.18283081054688 159 77.243026733398438
v -325.18283081054688 163 77.243026733398438
v -326.14215087890625 159 77.899726867675781
v -326.14215087890625 163 77.899726867675781
v -326.77728271484375 159 78.865646362304688
v -326.77728271484375 163 78.865646362304688
v -327 159 80
v -327 163 80
v -326.75698852539062 159 81.182823181152344
v -326.75698852539062 163 81.182823181152344
v -326.10028076171875 159 82.142166137695312
v -326.10028076171875 163 82.142166137695312
v -325.13433837890625 159 82.777275085449219
v -325.13433837890625 163 82.777275085449219
v -324 159 83
v -324 163 83
v -319.35040283203125 159 100.37507629394531
v -319.35040283203125 163 100.37507629394531
v -318.35061645507812 159 99.697898864746094
v -318.35061645507812 163 99.697898864746094
v -317.71560668945312 159 98.72406005859375
v -317.71560668945312 163 98.72406005859375
v -317.49850463867188 159 97.588623046875
v -317.49850463867188 163 97.588623046875
v -317.726806640625 159 96.45538330078125
v -317.726806640625 163 96.45538330078125
v -318.40399169921875 159 95.455596923828125
v -318.40399169921875 163 95.455596923828125
v -319.37783813476562 159 94.820594787597656
v -319.37783813476562 163 94.820594787597656
v -320.51327514648438 159 94.603469848632812
v -320.51327514648438 163 94.603469848632812
v -321.64651489257812 159 94.831794738769531
v -321.64651489257812 163 94.831794738769531
v -322.64630126953125 159 95.50897216796875
v -322.64630126953125 163 95.50897216796875
v -323.28131103515625 159 96.482810974121094
v -323.28131103515625 163 96.482810974121094
v -323.4984130859375 159 97.618247985839844
v -323.4984130859375 163 97.618247985839844
v -323.27011108398438 159 98.751487731933594
v -323.27011108398438 163 98.751487731933594
v -322.59292602539062 159 99.751274108886719
v -322.59292602539062 163 99.751274108886719
v -321.61907958984375 159 100.38627624511719
v -321.61907958984375 163 100.38627624511719
v -320.483642578125 159 100.60340118408203
v -320.483642578125 163 100.60340118408203
v -319.35040283203125 159 100.37507629394531
v -319.35040283203125 163 100.37507629394531
v -308.40557861328125 159 114.64823150634766
v -308.40557861328125 163 114.64823150634766
v -307.74105834960938 159 113.64000701904297
v -307.74105834960938 163 113.64000701904297
v -307.52706909179688 159 112.49729156494141
v -307.52706909179688 163 112.49729156494141
v -307.760986328125 159 111.36518859863281
v -307.760986328125 163 111.36518859863281
v -308.40557861328125 159 110.40559387207031
v -308.40557861328125 163 110.40559387207031
v -309.413818359375 159 109.74105072021484
v -309.413818359375 163 109.74105072021484
v -310.55654907226562 159 109.52706146240234
v -310.55654907226562 163 109.52706146240234
v -311.68862915039062 159 109.76097869873047
v -311.68862915039062 163 109.76097869873047
v -312.64822387695312 159 110.40559387207031
v -312.64822387695312 163 110.40559387207031
v -313.31277465820312 159 111.413818359375
v -313.31277465820312 163 111.413818359375
v -313.52676391601562 159 112.55653381347656
v -313.52676391601562 163 112.55653381347656
v -313.2928466796875 159 113.68863677978516
v -313.2928466796875 163 113.68863677978516
v -312.64822387695312 159 114.64823150634766
v -312.64822387695312 163 114.64823150634766
v -311.6400146484375 159 115.31277465820312
v -311.6400146484375 163 115.31277465820312
v -310.49728393554688 159 115.52676391601562
v -310.49728393554688 163 115.52676391601562
v -309.36520385742188 159 115.2928466796875
v -309.36520385742188 163 115.2928466796875
v -308.40557861328125 159 114.64823150634766
v -308.40557861328125 163 114.64823150634766
v -292.831787109375 159 123.64650726318359
v -292.831787109375 163 123.64650726318359
v -292.60366821289062 159 122.46071624755859
v -292.60366821289062 163 122.46071624755859
v -292.84326171875 159 121.32309722900391
v -292.84326171875 163 121.32309722900391
v -293.49261474609375 159 120.36669158935547
v -293.49261474609375 163 120.36669158935547
v -294.45538330078125 159 119.72682189941406
v -294.45538330078125 163 119.72682189941406
v -295.64117431640625 159 119.49869537353516
v -295.64117431640625 163 119.49869537353516
v -296.77880859375 159 119.73828887939453
v -296.77880859375 163 119.73828887939453
v -297.73519897460938 159 120.38763427734375
v -297.73519897460938 163 120.38763427734375
v -298.37509155273438 159 121.35041046142578
v -298.37509155273438 163 121.35041046142578
v -298.60321044921875 159 122.53620147705078
v -298.60321044921875 163 122.53620147705078
v -298.36361694335938 159 123.67382049560547
v -298.36361694335938 163 123.67382049560547
v -297.71426391601562 159 124.63022613525391
v -297.71426391601562 163 124.63022613525391
v -296.75149536132812 159 125.27009582519531
v -296.75149536132812 163 125.27009582519531
v -295.56570434570312 159 125.49822235107422
v -295.56570434570312 163 125.49822235107422
v -294.42807006835938 159 125.25862884521484
v -294.42807006835938 163 125.25862884521484
v -293.4716796875 159 124.60927581787109
v -293.4716796875 163 124.60927581787109
v -292.831787109375 159 123.64650726318359
v -292.831787109375 163 123.64650726318359
vt 0.37618193030357361 0
vt 0.3657778799533844 0
vt 0.37618193030357361 0.026394667103886604
vt 0.3657778799533844 0.026394667103886604
vt 0.37618193030357361 0.051736712455749512
vt 0.3657778799533844 0.051736712455749512
vt 0.37618193030357361 0.077386476099491119
vt 0.3657778799533844 0.077386476099491119
vt 0.37618193030357361 0.10173668712377548
vt 0.3657778799533844 0.10173668712377548
vt 0.37618193030357361 0.12638621032238007
vt 0.3657778799533844 0.12638621032238007
vt 0.37618193030357361 0.15103572607040405
vt 0.3657778799533844 0.15103572607040405
vt 0.37618193030357361 0.17568524181842804
vt 0.3657778799533844 0.17568524181842804
vt 0.37618193030357361 0.20033474266529083
vt 0.3657778799533844 0.20033474266529083
vt 0.37618193030357361 0.22498427331447601
vt 0.3657778799533844 0.22498427331447601
vt 0.37618193030357361 0.2496337890625
vt 0.3657778799533844 0.2496337890625
vt 0.37618193030357361 0.27602845430374146
vt 0.3657778799533844 0.27602845430374146
vt 0.37618193030357361 0.30137050151824951
vt 0.3657778799533844 0.30137050151824951
vt 0.37618193030357361 0.32702025771141052
vt 0.3657778799533844 0.32702025771141052
vt 0.37618193030357361 0.35137048363685608
vt 0.3657778799533844 0.35137048363685608
vt 0.37618193030357361 0.37602001428604126
vt 0.3657778799533844 0.37602001428604126
vt 0.37618193030357361 0.40066948533058167
vt 0.3657778799533844 0.40066948533058167
vt 0.37618193030357361 0.42531901597976685
vt 0.3657778799533844 0.42531901597976685
vt 0.37618193030357361 0.44996854662895203
vt 0.3657778799533844 0.44996854662895203
vt 0.37618193030357361 0.47461804747581482
vt 0.3657778799533844 0.47461804747581482
vt 0.37618193030357361 0.499267578125
vt 0.3657778799533844 0.499267578125
vt 0.37618193030357361 0.52566224336624146
vt 0.3657778799533844 0.52566224336624146
vt 0.37618193030357361 0.55100429058074951
vt 0.3657778799533844 0.55100429058074951
vt 0.37618193030357361 0.57665401697158813
vt 0.3657778799533844 0.57665401697158813
vt 0.37618193030357361 0.60100424289703369
vt 0.3657778799533844 0.60100424289703369
vt 0.37618193030357361 0.62565374374389648
vt 0.3657778799533844 0.62565374374389648
vt 0.37618193030357361 0.65030330419540405
vt 0.3657778799533844 0.65030330419540405
vt 0.37618193030357361 0.67495280504226685
vt 0.3657778799533844 0.67495280504226685
vt 0.37618193030357361 0.69960230588912964
vt 0.3657778799533844 0.69960230588912964
vt 0.37618193030357361 0.72425186634063721
vt 0.3657778799533844 0.72425186634063721
vt 0.37618193030357361 0.7489013671875
vt 0.3657778799533844 0.7489013671875
vt 0.37618193030357361 0.77529603242874146
vt 0.3657778799533844 0.77529603242874146
vt 0.37618193030357361 0.80063807964324951
vt 0.3657778799533844 0.80063807964324951
vt 0.37618193030357361 0.82628780603408813
vt 0.3657778799533844 0.82628780603408813
vt 0.37618193030357361 0.85063803195953369
vt 0.3657778799533844 0.85063803195953369
vt 0.37618193030357361 0.87528753280639648
vt 0.3657778799533844 0.87528753280639648
vt 0.37618193030357361 0.89993709325790405
vt 0.3657778799533844 0.89993709325790405
vt 0.37618193030357361 0.92458659410476685
vt 0.3657778799533844 0.92458659410476685
vt 0.37618193030357361 0.94923609495162964
vt 0.3657778799533844 0.94923609495162964
vt 0.37618193030357361 0.97388565540313721
vt 0.3657778799533844 0.97388565540313721
vt 0.37618193030357361 0.99853515625
vt 0.3657778799533844 0.99853515625
vt 0.22178620100021362 0.26159524917602539
vt 0.19010245800018311 0.26159524917602539
vt 0.12673497200012207 0.26159524917602539
vt 0.09505123645067215 0.26159524917602539
vt 0.22178620100021362 0.29342547059059143
vt 0.19010245800018311 0.29342547059059143
vt 0.15841871500015259 0.29342547059059143
vt 0.12673497200012207 0.29342547059059143
vt 0.09505123645067215 0.29342547059059143
vt 0.28515368700027466 0.32525569200515747
vt 0.25346994400024414 0.32525569200515747
vt 0.22178620100021362 0.32525569200515747
vt 0.19010245800018311 0.32525569200515747
vt 0.15841871500015259 0.32525569200515747
vt 0.12673497200012207 0.32525569200515747
vt 0.09505123645067215 0.32525569200515747
vt 0.063367486000061035 0.32525569200515747
vt 0.031683750450611115 0.32525569200515747
vt 0.28515368700027466 0.3570859432220459
vt 0.25346994400024414 0.3570859432220459
vt 0.22178620100021362 0.3570859432220459
vt 0.19010245800018311 0.3570859432220459
vt 0.15841871500015259 0.3570859432220459
vt 0.12673497200012207 0.3570859432220459
vt 0.09505123645067215 0.3570859432220459
vt 0.063367486000061035 0.3570859432220459
vt 0.031683750450611115 0.3570859432220459
vt 0.25346994400024414 0.38891616463661194
vt 0.22178620100021362 0.38891616463661194
vt 0.19010245800018311 0.38891616463661194
vt 0.12673497200012207 0.38891616463661194
vt 0.09505123645067215 0.38891616463661194
vt 0.063367486000061035 0.38891616463661194
vt 0 0.38891616463661194
vt 0.28515368700027466 0.42074638605117798
vt 0.25346994400024414 0.42074638605117798
vt 0.22178620100021362 0.42074638605117798
vt 0.19010245800018311 0.42074638605117798
vt 0.15841871500015259 0.42074638605117798
vt 0.12673497200012207 0.42074638605117798
vt 0.09505123645067215 0.42074638605117798
vt 0.063367486000061035 0.42074638605117798
vt 0.031683750450611115 0.42074638605117798
vt 0.28515368700027466 0.45257660746574402
vt 0.25346994400024414 0.45257660746574402
vt 0.22178620100021362 0.45257660746574402
vt 0.19010245800018311 0.45257660746574402
vt 0.15841871500015259 0.45257660746574402
vt 0.12673497200012207 0.45257660746574402
vt 0.09505123645067215 0.45257660746574402
vt 0.063367486000061035 0.45257660746574402
vt 0.031683750450611115 0.45257660746574402
vt 0.22178620100021362 0.48440685868263245
vt 0.19010245800018311 0.48440685868263245
vt 0.15841871500015259 0.48440685868263245
vt 0.12673497200012207 0.48440685868263245
vt 0.09505123645067215 0.48440685868263245
vt 0.22178620100021362 0.51623708009719849
vt 0.19010245800018311 0.51623708009719849
vt 0.12673497200012207 0.51623708009719849
vt 0.09505123645067215 0.51623708009719849
vt 0.15841871500015259 0.54806727170944214
vt 0.13411802053451538 0.54618370532989502
vt 0.11016079038381577 0.54050332307815552
vt 0.0862274169921875 0.53058195114135742
vt 0.064766146242618561 0.51727890968322754
vt 0.045239109545946121 0.50027477741241455
vt 0.028736278414726257 0.48032557964324951
vt 0.015835266560316086 0.45827481150627136
vt 0.0068106991238892078 0.4350796639919281
vt 0.0016295474488288164 0.41168472170829773
vt 0.0018749011214822531 0.36450311541557312
vt 0.0075291595421731472 0.34043511748313904
vt 0.017404872924089432 0.31639111042022705
vt 0.03064672090113163 0.29483059048652649
vt 0.047572575509548187 0.27521330118179321
vt 0.067429967224597931 0.25863415002822876
vt 0.089379243552684784 0.24567349255084991
vt 0.11246766895055771 0.23660720884799957
vt 0.13575492799282074 0.23140209913253784
vt 0.15841871500015259 0.22976501286029816
vt 0.18271942436695099 0.23164857923984528
vt 0.2066766619682312 0.23732897639274597
vt 0.23061001300811768 0.24725034832954407
vt 0.25207129120826721 0.26055341958999634
vt 0.27159830927848816 0.27755752205848694
vt 0.28810116648674011 0.29750671982765198
vt 0.30100217461585999 0.31955748796463013
vt 0.31002673506736755 0.34275266528129578
vt 0.31520789861679077 0.36614757776260376
vt 0.31683743000030518 0.38891616463661194
vt 0.31496253609657288 0.41332921385765076
vt 0.30930829048156738 0.43739721179008484
vt 0.29943257570266724 0.46144121885299683
vt 0.28619071841239929 0.483001708984375
vt 0.26926487684249878 0.50261902809143066
vt 0.24940747022628784 0.51919817924499512
vt 0.22745820879936218 0.53215879201889038
vt 0.20436976850032806 0.5412251353263855
vt 0.18108251690864563 0.54643023014068604
vt 0.15841871500015259 0.40078505873680115
vt 0.16288590431213379 0.39990389347076416
vt 0.16668978333473206 0.39739120006561279
vt 0.16927595436573029 0.39359575510025024
vt 0.17023299634456635 0.38891616463661194
vt 0.16935588419437408 0.38442832231521606
vt 0.16685476899147034 0.38060685992240906
vt 0.16307680308818817 0.37800872325897217
vt 0.15841871500015259 0.37704727053642273
vt 0.15395154058933258 0.37792843580245972
vt 0.15014766156673431 0.3804410994052887
vt 0.14756150543689728 0.38423654437065125
vt 0.14660444855690002 0.38891616463661194
vt 0.14748156070709229 0.39340400695800781
vt 0.14998269081115723 0.39722543954849243
vt 0.1537606418132782 0.39982357621192932
vt 0.17426060140132904 0.42074638605117798
vt 0.15841871500015259 0.40483126044273376
vt 0.17426060140132904 0.38891616463661194
vt 0.19010245800018311 0.40483126044273376
vt 0.17426060140132904 0.40483126044273376
vt 0.16633966565132141 0.40483126044273376
vt 0.17426060140132904 0.39687371253967285
vt 0.14257684350013733 0.42074638605117798
vt 0.12673497200012207 0.40483126044273376
vt 0.14257684350013733 0.38891616463661194
vt 0.14257684350013733 0.40483126044273376
vt 0.15841871500015259 0.37300103902816772
vt 0.17426060140132904 0.3570859432220459
vt 0.19010245800018311 0.37300103902816772
vt 0.17426060140132904 0.37300103902816772
vt 0.15049779415130615 0.40483126044273376
vt 0.14257684350013733 0.39687371253967285
vt 0.12673497200012207 0.37300103902816772
vt 0.14257684350013733 0.3570859432220459
vt 0.14257684350013733 0.37300103902816772
vt 0.16633966565132141 0.37300103902816772
vt 0.17426060140132904 0.38095858693122864
vt 0.14257684350013733 0.38095858693122864
vt 0.15049779415130615 0.37300103902816772
vt 0.29428291320800781 0.39781782031059265
vt 0.29763329029083252 0.39715695381164551
vt 0.30048620700836182 0.39527243375778198
vt 0.30242583155632019 0.39242586493492126
vt 0.30314362049102783 0.38891616463661194
vt 0.30248579382896423 0.38555029034614563
vt 0.30060994625091553 0.38268417119979858
vt 0.29777646064758301 0.38073557615280151
vt 0.29428291320800781 0.38001447916030884
vt 0.29093253612518311 0.38067534565925598
vt 0.28807961940765381 0.38255986571311951
vt 0.28613999485969543 0.38540643453598022
vt 0.28542220592498779 0.38891616463661194
vt 0.28608003258705139 0.39228203892707825
vt 0.2879558801651001 0.39514812827110291
vt 0.29078936576843262 0.39709672331809998
vt 0.30099555850028992 0.42074638605117798
vt 0.28515368700027466 0.40483126044273376
vt 0.30099555850028992 0.40483126044273376
vt 0.29307463765144348 0.40483126044273376
vt 0.2693118155002594 0.42074638605117798
vt 0.25346994400024414 0.40483126044273376
vt 0.2693118155002594 0.38891616463661194
vt 0.2693118155002594 0.40483126044273376
vt 0.28515368700027466 0.37300103902816772
vt 0.30099555850028992 0.3570859432220459
vt 0.30099555850028992 0.37300103902816772
vt 0.30891650915145874 0.40483126044273376
vt 0.30891650915145874 0.39687371253967285
vt 0.30891650915145874 0.37300103902816772
vt 0.30891650915145874 0.38095858693122864
vt 0.29307463765144348 0.37300103902816772
vt 0.25346994400024414 0.37300103902816772
vt 0.2693118155002594 0.3570859432220459
vt 0.2693118155002594 0.37300103902816772
vt 0.2805500328540802 0.44937357306480408
vt 0.28389713168144226 0.45005106925964355
vt 0.28725072741508484 0.44940680265426636
vt 0.29012700915336609 0.4475226104259491
vt 0.2921271026134491 0.44455602765083313
vt 0.29280146956443787 0.44119346141815186
vt 0.29216018319129944 0.43782436847686768
vt 0.290284663438797 0.43493473529815674
vt 0.28733170032501221 0.43292543292045593
vt 0.28398463129997253 0.43224793672561646
vt 0.28063103556632996 0.43289220333099365
vt 0.27775472402572632 0.43477639555931091
vt 0.27575463056564331 0.43774297833442688
vt 0.27508026361465454 0.44110557436943054
vt 0.27572154998779297 0.44447466731071472
vt 0.27759706974029541 0.44736427068710327
vt 0.2693118155002594 0.45257660746574402
vt 0.25346994400024414 0.4366614818572998
vt 0.2693118155002594 0.4366614818572998
vt 0.27723276615142822 0.45257660746574402
vt 0.2693118155002594 0.44461905956268311
vt 0.30099555850028992 0.4366614818572998
vt 0.25346994400024414 0.46849173307418823
vt 0.28515368700027466 0.46849173307418823
vt 0.2693118155002594 0.46849173307418823
vt 0.28515368700027466 0.42870393395423889
vt 0.29307463765144348 0.42074638605117798
vt 0.30099555850028992 0.42870393395423889
vt 0.29307463765144348 0.42870393395423889
vt 0.2693118155002594 0.42870393395423889
vt 0.27723276615142822 0.42074638605117798
vt 0.27723276615142822 0.42870393395423889
vt 0.24822373688220978 0.49172526597976685
vt 0.25105798244476318 0.49363797903060913
vt 0.25440171360969543 0.49433204531669617
vt 0.25777679681777954 0.49369707703590393
vt 0.26075467467308044 0.49172526597976685
vt 0.26265859603881836 0.48887789249420166
vt 0.26334947347640991 0.48551872372627258
vt 0.26271745562553406 0.48212802410125732
vt 0.26075467467308044 0.47913637757301331
vt 0.25792044401168823 0.47722366452217102
vt 0.25457671284675598 0.4765295684337616
vt 0.25120162963867188 0.47716453671455383
vt 0.24822373688220978 0.47913637757301331
vt 0.24631983041763306 0.4819837212562561
vt 0.24562893807888031 0.48534291982650757
vt 0.24626097083091736 0.48873361945152283
vt 0.23762808740139008 0.51623708009719849
vt 0.22178620100021362 0.50032198429107666
vt 0.23762808740139008 0.48440685868263245
vt 0.23762808740139008 0.50032198429107666
vt 0.24554902315139771 0.50032198429107666
vt 0.23762808740139008 0.49236440658569336
vt 0.24554902315139771 0.49236440658569336
vt 0.22178620100021362 0.46849173307418823
vt 0.23762808740139008 0.45257660746574402
vt 0.23762808740139008 0.46849173307418823
vt 0.26139089465141296 0.46849173307418823
vt 0.2693118155002594 0.47644928097724915
vt 0.26139089465141296 0.47644928097724915
vt 0.23762808740139008 0.47644928097724915
vt 0.24554902315139771 0.46849173307418823
vt 0.24554902315139771 0.47644928097724915
vt 0.20222547650337219 0.51842516660690308
vt 0.2041153609752655 0.521281898021698
vt 0.2069401890039444 0.52320867776870728
vt 0.21030022203922272 0.52391958236694336
vt 0.21380254626274109 0.52324271202087402
vt 0.21664614975452423 0.52134406566619873
vt 0.21856403350830078 0.51850622892379761
vt 0.2192717045545578 0.51513063907623291
vt 0.21859791874885559 0.51161211729049683
vt 0.21670801937580109 0.5087553858757019
vt 0.21388320624828339 0.50682860612869263
vt 0.21052315831184387 0.50611764192581177
vt 0.20702084898948669 0.50679457187652588
vt 0.20417724549770355 0.50869321823120117
vt 0.20225934684276581 0.51153105497360229
vt 0.20155169069766998 0.51490664482116699
vt 0.19010245800018311 0.53215217590332031
vt 0.20594434440135956 0.53215217590332031
vt 0.19802340865135193 0.53215217590332031
vt 0.19010245800018311 0.52419465780258179
vt 0.19802340865135193 0.51623708009719849
vt 0.19802340865135193 0.52419465780258179
vt 0.17426060140132904 0.51623708009719849
vt 0.17426060140132904 0.53215217590332031
vt 0.19010245800018311 0.50032198429107666
vt 0.20594434440135956 0.48440685868263245
vt 0.20594434440135956 0.50032198429107666
vt 0.21386528015136719 0.50032198429107666
vt 0.22178620100021362 0.50827950239181519
vt 0.19010245800018311 0.50827950239181519
vt 0.19802340865135193 0.50032198429107666
vt 0.19802340865135193 0.50827950239181519
vt 0.15841871500015259 0.50032198429107666
vt 0.17426060140132904 0.48440685868263245
vt 0.17426060140132904 0.50032198429107666
vt 0.14955802261829376 0.52540850639343262
vt 0.15021586418151855 0.52877438068389893
vt 0.15209168195724487 0.53164047002792358
vt 0.15492516756057739 0.53358906507492065
vt 0.15841871500015259 0.53431016206741333
vt 0.16176910698413849 0.5336492657661438
vt 0.16462200880050659 0.53176474571228027
vt 0.16656164824962616 0.52891820669174194
vt 0.1672794371843338 0.52540850639343262
vt 0.16662159562110901 0.52204263210296631
vt 0.1647457480430603 0.51917654275894165
vt 0.16191227734088898 0.51722794771194458
vt 0.15841871500015259 0.51650679111480713
vt 0.15506833791732788 0.51716768741607666
vt 0.15221542119979858 0.51905220746994019
vt 0.15027579665184021 0.52189874649047852
vt 0.12673497200012207 0.53215217590332031
vt 0.14257684350013733 0.51623708009719849
vt 0.14257684350013733 0.53215217590332031
vt 0.14257684350013733 0.52419465780258179
vt 0.12673497200012207 0.50032198429107666
vt 0.14257684350013733 0.48440685868263245
vt 0.14257684350013733 0.50032198429107666
vt 0.14257684350013733 0.54010975360870361
vt 0.15049779415130615 0.54010975360870361
vt 0.17426060140132904 0.54010975360870361
vt 0.16633966565132141 0.54010975360870361
vt 0.17426060140132904 0.52419465780258179
vt 0.098239533603191376 0.51161211729049683
vt 0.097565151751041412 0.51497471332550049
vt 0.098206445574760437 0.51834380626678467
vt 0.10008197277784348 0.52123337984085083
vt 0.10303489863872528 0.52324271202087402
vt 0.10638199746608734 0.52392017841339111
vt 0.10973559319972992 0.52327597141265869
vt 0.11261191219091415 0.52139174938201904
vt 0.11461198329925537 0.51842516660690308
vt 0.11528634279966354 0.51506257057189941
vt 0.11464506387710571 0.51169347763061523
vt 0.11276954412460327 0.50880390405654907
vt 0.10981659591197968 0.50679457187652588
vt 0.10646949708461761 0.50611704587936401
vt 0.10311590135097504 0.50676131248474121
vt 0.10023960471153259 0.50864553451538086
vt 0.09505123645067215 0.50032198429107666
vt 0.11089311540126801 0.48440685868263245
vt 0.11089311540126801 0.50032198429107666
vt 0.09505123645067215 0.50827950239181519
vt 0.10297216475009918 0.50032198429107666
vt 0.11089311540126801 0.53215217590332031
vt 0.079209357500076294 0.51623708009719849
vt 0.079209357500076294 0.48440685868263245
vt 0.079209357500076294 0.50032198429107666
vt 0.11881404370069504 0.53215217590332031
vt 0.11881404370069504 0.51623708009719849
vt 0.12673497200012207 0.52419465780258179
vt 0.11881404370069504 0.52419465780258179
vt 0.11881404370069504 0.50032198429107666
vt 0.12673497200012207 0.50827950239181519
vt 0.11881404370069504 0.50827950239181519
vt 0.056082755327224731 0.47913637757301331
vt 0.054178845137357712 0.4819837212562561
vt 0.053487956523895264 0.48534291982650757
vt 0.054120000451803207 0.48873361945152283
vt 0.056082755327224731 0.49172523617744446
vt 0.058917012065649033 0.49363797903060913
vt 0.062260732054710388 0.49433204531669617
vt 0.065635815262794495 0.49369707703590393
vt 0.068613693118095398 0.49172523617744446
vt 0.07051762193441391 0.48887789249420166
vt 0.071208514273166656 0.48551872372627258
vt 0.070576466619968414 0.48212802410125732
vt 0.068613693118095398 0.47913637757301331
vt 0.065779455006122589 0.47722366452217102
vt 0.06243572011590004 0.4765295684337616
vt 0.059060633182525635 0.47716453671455383
vt 0.031683750450611115 0.46849173307418823
vt 0.047525607049465179 0.45257660746574402
vt 0.063367486000061035 0.46849173307418823
vt 0.047525607049465179 0.46849173307418823
vt 0.047525607049465179 0.47644928097724915
vt 0.055446557700634003 0.46849173307418823
vt 0.055446557700634003 0.47644928097724915
vt 0.079209357500076294 0.45257660746574402
vt 0.09505123645067215 0.46849173307418823
vt 0.079209357500076294 0.46849173307418823
vt 0.071288429200649261 0.50032198429107666
vt 0.079209357500076294 0.49236440658569336
vt 0.071288429200649261 0.49236440658569336
vt 0.071288429200649261 0.46849173307418823
vt 0.079209357500076294 0.47644928097724915
vt 0.071288429200649261 0.47644928097724915
vt 0.02950572781264782 0.43292543292045593
vt 0.026662120595574379 0.43482407927513123
vt 0.024744238704442978 0.43766194581985474
vt 0.024036560207605362 0.44103753566741943
vt 0.024710340425372124 0.44455602765083313
vt 0.026600254699587822 0.44741278886795044
vt 0.029425051063299179 0.44933953881263733
vt 0.03278510645031929 0.4500504732131958
vt 0.036287419497966766 0.44937360286712646
vt 0.039131026715040207 0.44747492671012878
vt 0.04104892909526825 0.44463708996772766
vt 0.041756585240364075 0.44126150012016296
vt 0.041082806885242462 0.43774297833442688
vt 0.039192892611026764 0.43488624691963196
vt 0.036368098109960556 0.43295949697494507
vt 0.033008042722940445 0.43224853277206421
vt 0.015841875225305557 0.42074638605117798
vt 0.015841875225305557 0.4366614818572998
vt 0.015841875225305557 0.42870393395423889
vt 0.02376280352473259 0.42074638605117798
vt 0.031683750450611115 0.42870393395423889
vt 0.02376280352473259 0.42870393395423889
vt 0.031683750450611115 0.40483126044273376
vt 0.015841875225305557 0.40483126044273376
vt 0.047525607049465179 0.42074638605117798
vt 0.063367486000061035 0.4366614818572998
vt 0.047525607049465179 0.4366614818572998
vt 0.039604678750038147 0.45257660746574402
vt 0.047525607049465179 0.44461905956268311
vt 0.039604678750038147 0.42074638605117798
vt 0.047525607049465179 0.42870393395423889
vt 0.039604678750038147 0.42870393395423889
vt 0.047525607049465179 0.38891616463661194
vt 0.063367486000061035 0.40483126044273376
vt 0.047525607049465179 0.40483126044273376
vt 0.02255452424287796 0.38001447916030884
vt 0.019204139709472656 0.38067534565925598
vt 0.016351241618394852 0.38255986571311951
vt 0.014411603100597858 0.38540643453598022
vt 0.013693822547793388 0.38891616463661194
vt 0.014351662248373032 0.39228203892707825
vt 0.016227507963776588 0.39514812827110291
vt 0.019060973078012466 0.39709672331809998
vt 0.02255452424287796 0.39781782031059265
vt 0.025904908776283264 0.39715695381164551
vt 0.028757825493812561 0.39527243375778198
vt 0.030697446316480637 0.39242586493492126
vt 0.031415246427059174 0.38891616463661194
vt 0.030757404863834381 0.38555029034614563
vt 0.028881561011075974 0.38268417119979858
vt 0.026048095896840096 0.38073557615280151
vt 0.015841875225305557 0.3570859432220459
vt 0.031683750450611115 0.37300103902816772
vt 0.015841875225305557 0.37300103902816772
vt 0.02376280352473259 0.37300103902816772
vt 0.047525607049465179 0.3570859432220459
vt 0.063367486000061035 0.37300103902816772
vt 0.047525607049465179 0.37300103902816772
vt 0.0079209282994270325 0.37300103902816772
vt 0.0079209282994270325 0.38095858693122864
vt 0.0079209282994270325 0.40483126044273376
vt 0.0079209282994270325 0.39687371253967285
vt 0.02376280352473259 0.40483126044273376
vt 0.036287419497966766 0.32845872640609741
vt 0.032940320670604706 0.32778123021125793
vt 0.029586724936962128 0.32842549681663513
vt 0.026710430160164833 0.33030968904495239
vt 0.024710340425372124 0.33327630162239075
vt 0.024035975337028503 0.33663883805274963
vt 0.024677252396941185 0.3400079607963562
vt 0.026552777737379074 0.34289756417274475
vt 0.02950572781264782 0.34490689635276794
vt 0.032852828502655029 0.34558436274528503
vt 0.036206420511007309 0.34494012594223022
vt 0.039082717150449753 0.34305593371391296
vt 0.041082806885242462 0.34008932113647461
vt 0.041757170110940933 0.33672675490379333
vt 0.041115876287221909 0.33335766196250916
vt 0.039240371435880661 0.33046805858612061
vt 0.047525607049465179 0.32525569200515747
vt 0.063367486000061035 0.34117081761360168
vt 0.047525607049465179 0.34117081761360168
vt 0.039604678750038147 0.32525569200515747
vt 0.047525607049465179 0.33321323990821838
vt 0.015841875225305557 0.34117081761360168
vt 0.031683750450611115 0.30934059619903564
vt 0.063367486000061035 0.30934059619903564
vt 0.047525607049465179 0.30934059619903564
vt 0.02376280352473259 0.3570859432220459
vt 0.015841875225305557 0.3491283655166626
vt 0.031683750450611115 0.3491283655166626
vt 0.02376280352473259 0.3491283655166626
vt 0.039604678750038147 0.3570859432220459
vt 0.047525607049465179 0.3491283655166626
vt 0.039604678750038147 0.3491283655166626
vt 0.068613693118095398 0.28610706329345703
vt 0.065779455006122589 0.28419435024261475
vt 0.06243572011590004 0.28350025415420532
vt 0.059060633182525635 0.28413522243499756
vt 0.056082773953676224 0.28610706329345703
vt 0.054178845137357712 0.28895440697669983
vt 0.053487956523895264 0.29231360554695129
vt 0.054120000451803207 0.29570430517196655
vt 0.056082773953676224 0.29869592189788818
vt 0.058917012065649033 0.30060866475105286
vt 0.062260732054710388 0.30130273103713989
vt 0.065635815262794495 0.30066776275634766
vt 0.068613693118095398 0.29869592189788818
vt 0.07051762193441391 0.29584857821464539
vt 0.071208514273166656 0.29248940944671631
vt 0.070576466619968414 0.28909870982170105
vt 0.079209357500076294 0.29342547059059143
vt 0.079209357500076294 0.26159524917602539
vt 0.09505123645067215 0.27751034498214722
vt 0.079209357500076294 0.27751034498214722
vt 0.071288429200649261 0.27751034498214722
vt 0.079209357500076294 0.28546792268753052
vt 0.071288429200649261 0.28546792268753052
vt 0.079209357500076294 0.32525569200515747
vt 0.09505123645067215 0.30934059619903564
vt 0.079209357500076294 0.30934059619903564
vt 0.055446557700634003 0.30934059619903564
vt 0.047525607049465179 0.30138301849365234
vt 0.055446557700634003 0.30138301849365234
vt 0.071288429200649261 0.30934059619903564
vt 0.079209357500076294 0.30138301849365234
vt 0.071288429200649261 0.30138301849365234
vt 0.11461198329925537 0.2594071626663208
vt 0.11272206902503967 0.25655040144920349
vt 0.10989727079868317 0.2546236515045166
vt 0.10653721541166306 0.25391271710395813
vt 0.10303489863872528 0.25458961725234985
vt 0.10019129514694214 0.25648823380470276
vt 0.098273411393165588 0.25932610034942627
vt 0.097565732896327972 0.26270169019699097
vt 0.098239511251449585 0.26622021198272705
vt 0.10012942552566528 0.26907697319984436
vt 0.10295422375202179 0.27100372314453125
vt 0.1063142791390419 0.27171465754508972
vt 0.10981659591197968 0.271037757396698
vt 0.11266019940376282 0.26913911104202271
vt 0.11457808315753937 0.26630124449729919
vt 0.11528576165437698 0.2629256546497345
vt 0.12673497200012207 0.24568012356758118
vt 0.11089311540126801 0.24568012356758118
vt 0.11881404370069504 0.26159524917602539
vt 0.11881404370069504 0.24568012356758118
vt 0.12673497200012207 0.25363767147064209
vt 0.11881404370069504 0.25363767147064209
vt 0.14257684350013733 0.26159524917602539
vt 0.14257684350013733 0.24568012356758118
vt 0.11089311540126801 0.29342547059059143
vt 0.12673497200012207 0.27751034498214722
vt 0.11089311540126801 0.27751034498214722
vt 0.10297216475009918 0.27751034498214722
vt 0.09505123645067215 0.2695527970790863
vt 0.11881404370069504 0.27751034498214722
vt 0.12673497200012207 0.2695527970790863
vt 0.11881404370069504 0.2695527970790863
vt 0.14257684350013733 0.29342547059059143
vt 0.15841871500015259 0.27751034498214722
vt 0.14257684350013733 0.27751034498214722
vt 0.1672794371843338 0.25242382287979126
vt 0.16662159562110901 0.24905794858932495
vt 0.1647457480430603 0.2461918443441391
vt 0.16191227734088898 0.24424324929714203
vt 0.15841871500015259 0.24352215230464935
vt 0.15506833791732788 0.2441830188035965
vt 0.15221542119979858 0.24606753885746002
vt 0.15027579665184021 0.24891410768032074
vt 0.14955802261829376 0.25242382287979126
vt 0.15021586418151855 0.25578969717025757
vt 0.15209168195724487 0.25865578651428223
vt 0.15492516756057739 0.2606043815612793
vt 0.15841871500015259 0.26132550835609436
vt 0.16176910698413849 0.26066461205482483
vt 0.16462200880050659 0.2587800920009613
vt 0.16656164824962616 0.25593352317810059
vt 0.17426060140132904 0.26159524917602539
vt 0.19010245800018311 0.24568012356758118
vt 0.17426060140132904 0.24568012356758118
vt 0.17426060140132904 0.25363767147064209
vt 0.17426060140132904 0.29342547059059143
vt 0.19010245800018311 0.27751034498214722
vt 0.17426060140132904 0.27751034498214722
vt 0.17426060140132904 0.23772257566452026
vt 0.16633966565132141 0.23772257566452026
vt 0.14257684350013733 0.23772257566452026
vt 0.15049779415130615 0.23772257566452026
vt 0.14257684350013733 0.25363767147064209
vt 0.21859791874885559 0.26622021198272705
vt 0.21927230060100555 0.26285761594772339
vt 0.21863099932670593 0.25948852300643921
vt 0.21675547957420349 0.25659891963005066
vt 0.2138025313615799 0.25458961725234985
vt 0.21045544743537903 0.25391212105751038
vt 0.20710185170173645 0.25455635786056519
vt 0.20422554016113281 0.25644055008888245
vt 0.202225461602211 0.2594071626663208
vt 0.20155109465122223 0.26276972889900208
vt 0.20219238102436066 0.26613882184028625
vt 0.2040679007768631 0.2690284252166748
vt 0.20702084898948669 0.271037757396698
vt 0.21036793291568756 0.27171525359153748
vt 0.21372152864933014 0.27107098698616028
vt 0.21659784018993378 0.26918679475784302
vt 0.20594434440135956 0.29342547059059143
vt 0.22178620100021362 0.27751034498214722
vt 0.20594434440135956 0.27751034498214722
vt 0.21386528015136719 0.27751034498214722
vt 0.22178620100021362 0.2695527970790863
vt 0.20594434440135956 0.24568012356758118
vt 0.23762808740139008 0.29342547059059143
vt 0.23762808740139008 0.26159524917602539
vt 0.23762808740139008 0.27751034498214722
vt 0.19802340865135193 0.26159524917602539
vt 0.19010245800018311 0.25363767147064209
vt 0.19802340865135193 0.24568012356758118
vt 0.19802340865135193 0.25363767147064209
vt 0.19802340865135193 0.27751034498214722
vt 0.19010245800018311 0.2695527970790863
vt 0.19802340865135193 0.2695527970790863
vt 0.26075467467308044 0.29869592189788818
vt 0.26265859603881836 0.29584857821464539
vt 0.2633495032787323 0.29248940944671631
vt 0.26271745562553406 0.28909870982170105
vt 0.26075467467308044 0.28610706329345703
vt 0.25792044401168823 0.28419435024261475
vt 0.25457671284675598 0.28350025415420532
vt 0.25120162963867188 0.28413522243499756
vt 0.24822375178337097 0.28610706329345703
vt 0.24631983041763306 0.28895440697669983
vt 0.24562893807888031 0.29231360554695129
vt 0.24626098573207855 0.29570430517196655
vt 0.24822375178337097 0.29869592189788818
vt 0.25105798244476318 0.30060866475105286
vt 0.25440171360969543 0.30130273103713989
vt 0.25777679681777954 0.30066779255867004
vt 0.2693118155002594 0.32525569200515747
vt 0.25346994400024414 0.30934059619903564
vt 0.28515368700027466 0.30934059619903564
vt 0.2693118155002594 0.30934059619903564
vt 0.26139089465141296 0.30934059619903564
vt 0.2693118155002594 0.30138301849365234
vt 0.26139089465141296 0.30138301849365234
vt 0.23762808740139008 0.32525569200515747
vt 0.22178620100021362 0.30934059619903564
vt 0.23762808740139008 0.30934059619903564
vt 0.23762808740139008 0.28546792268753052
vt 0.24554902315139771 0.27751034498214722
vt 0.24554902315139771 0.28546792268753052
vt 0.24554902315139771 0.30934059619903564
vt 0.23762808740139008 0.30138301849365234
vt 0.24554902315139771 0.30138301849365234
vt 0.28733170032501221 0.34490686655044556
vt 0.29017531871795654 0.34300824999809265
vt 0.29209321737289429 0.34017035365104675
vt 0.29280087351799011 0.33679479360580444
vt 0.2921271026134491 0.33327627182006836
vt 0.2902371883392334 0.33041951060295105
vt 0.2874123752117157 0.32849276065826416
vt 0.28405234217643738 0.32778182625770569
vt 0.2805500328540802 0.32845872640609741
vt 0.27770641446113586 0.33035737276077271
vt 0.27578851580619812 0.33319523930549622
vt 0.27508085966110229 0.33657082915306091
vt 0.27575463056564331 0.34008932113647461
vt 0.27764454483985901 0.34294608235359192
vt 0.28046935796737671 0.34487283229827881
vt 0.28382939100265503 0.34558376669883728
vt 0.30099555850028992 0.34117081761360168
vt 0.29307463765144348 0.3570859432220459
vt 0.28515368700027466 0.3491283655166626
vt 0.30099555850028992 0.3491283655166626
vt 0.29307463765144348 0.3491283655166626
vt 0.25346994400024414 0.34117081761360168
vt 0.2693118155002594 0.34117081761360168
vt 0.2693118155002594 0.33321323990821838
vt 0.27723276615142822 0.32525569200515747
vt 0.27723276615142822 0.3570859432220459
vt 0.2693118155002594 0.3491283655166626
vt 0.27723276615142822 0.3491283655166626
vt 0.15841871500015259 0.26159524917602539
vt 0.28515368700027466 0.38891616463661194
vt 0.031683750450611115 0.38891616463661194
vt 0.15841871500015259 0.51623708009719849
vt 0.40933051705360413 0.095490686595439911
vt 0.40933051705360413 0.12732091546058655
vt 0.40933051705360413 0.19098137319087982
vt 0.40933051705360413 0.22281159460544586
vt 0.44101426005363464 0.095490686595439911
vt 0.44101426005363464 0.12732091546058655
vt 0.44101426005363464 0.15915113687515259
vt 0.44101426005363464 0.19098137319087982
vt 0.44101426005363464 0.22281159460544586
vt 0.47269800305366516 0.031830228865146637
vt 0.47269800305366516 0.063660457730293274
vt 0.47269800305366516 0.095490686595439911
vt 0.47269800305366516 0.12732091546058655
vt 0.47269800305366516 0.15915113687515259
vt 0.47269800305366516 0.19098137319087982
vt 0.47269800305366516 0.22281159460544586
vt 0.47269800305366516 0.2546418309211731
vt 0.47269800305366516 0.28647205233573914
vt 0.50438177585601807 0.031830228865146637
vt 0.50438177585601807 0.063660457730293274
vt 0.50438177585601807 0.095490686595439911
vt 0.50438177585601807 0.12732091546058655
vt 0.50438177585601807 0.15915113687515259
vt 0.50438177585601807 0.19098137319087982
vt 0.50438177585601807 0.22281159460544586
vt 0.50438177585601807 0.2546418309211731
vt 0.50438177585601807 0.28647205233573914
vt 0.53606551885604858 0.063660457730293274
vt 0.53606551885604858 0.095490686595439911
vt 0.53606551885604858 0.12732091546058655
vt 0.53606551885604858 0.19098137319087982
vt 0.53606551885604858 0.22281159460544586
vt 0.53606551885604858 0.2546418309211731
vt 0.53606551885604858 0.31830227375030518
vt 0.5677492618560791 0.031830228865146637
vt 0.5677492618560791 0.063660457730293274
vt 0.5677492618560791 0.095490686595439911
vt 0.5677492618560791 0.12732091546058655
vt 0.5677492618560791 0.15915113687515259
vt 0.5677492618560791 0.19098137319087982
vt 0.5677492618560791 0.22281159460544586
vt 0.5677492618560791 0.2546418309211731
vt 0.5677492618560791 0.28647205233573914
vt 0.59943300485610962 0.031830228865146637
vt 0.59943300485610962 0.063660457730293274
vt 0.59943300485610962 0.095490686595439911
vt 0.59943300485610962 0.12732091546058655
vt 0.59943300485610962 0.15915113687515259
vt 0.59943300485610962 0.19098137319087982
vt 0.59943300485610962 0.22281159460544586
vt 0.59943300485610962 0.2546418309211731
vt 0.59943300485610962 0.28647205233573914
vt 0.63111674785614014 0.095490686595439911
vt 0.63111674785614014 0.12732091546058655
vt 0.63111674785614014 0.15915113687515259
vt 0.63111674785614014 0.19098137319087982
vt 0.63111674785614014 0.22281159460544586
vt 0.66280049085617065 0.095490686595439911
vt 0.66280049085617065 0.12732091546058655
vt 0.66280049085617065 0.19098137319087982
vt 0.66280049085617065 0.22281159460544586
vt 0.69448423385620117 0.15915113687515259
vt 0.69260931015014648 0.1835642009973526
vt 0.6869550347328186 0.20763218402862549
vt 0.67707931995391846 0.23167620599269867
vt 0.6638374924659729 0.25323671102523804
vt 0.64691162109375 0.2728540301322937
vt 0.62705427408218384 0.28943315148353577
vt 0.60510498285293579 0.30239379405975342
vt 0.58201652765274048 0.31146010756492615
vt 0.55872929096221924 0.31666520237922668
vt 0.51176482439041138 0.31641870737075806
vt 0.48780757188796997 0.31073832511901855
vt 0.4638742208480835 0.30081695318222046
vt 0.44241291284561157 0.28751388192176819
vt 0.42288589477539062 0.27050977945327759
vt 0.40638303756713867 0.25056058168411255
vt 0.39348205924034119 0.2285098135471344
vt 0.38445746898651123 0.20531465113162994
vt 0.3792763352394104 0.18191972374916077
vt 0.37764677405357361 0.15915113687515259
vt 0.3795216977596283 0.13473808765411377
vt 0.38517594337463379 0.11067008972167969
vt 0.39505165815353394 0.0866260826587677
vt 0.40829348564147949 0.065065577626228333
vt 0.42521935701370239 0.045448273420333862
vt 0.44507676362991333 0.028869127854704857
vt 0.46702602505683899 0.015908479690551758
vt 0.49011445045471191 0.0068421903997659683
vt 0.51340168714523315 0.0016370854573324323
vt 0.53606551885604858 0
vt 0.56036621332168579 0.0018835717346519232
vt 0.58432340621948242 0.0075639602728188038
vt 0.60825681686401367 0.017485331743955612
vt 0.62971806526184082 0.030788403004407883
vt 0.64924508333206177 0.047792520374059677
vt 0.66574794054031372 0.067741721868515015
vt 0.67864894866943359 0.089792467653751373
vt 0.68767350912094116 0.11298764497041702
vt 0.69285470247268677 0.1363825649023056
vt 0.54787975549697876 0.15915113687515259
vt 0.54700267314910889 0.15466330945491791
vt 0.54450154304504395 0.1508418470621109
vt 0.54072356224060059 0.14824371039867401
vt 0.53606551885604858 0.14728224277496338
vt 0.53159832954406738 0.14816340804100037
vt 0.52779442071914673 0.15067610144615173
vt 0.52520829439163208 0.15447151660919189
vt 0.52425122261047363 0.15915113687515259
vt 0.52512836456298828 0.16363897919654846
vt 0.52762943506240845 0.16746044158935547
vt 0.53140741586685181 0.17005856335163116
vt 0.53606551885604858 0.17102004587650299
vt 0.54053270816802979 0.17013886570930481
vt 0.54433655738830566 0.16762618720531464
vt 0.54692274332046509 0.16383075714111328
vt 0.5677492618560791 0.14323602616786957
vt 0.55190736055374146 0.15915113687515259
vt 0.53606551885604858 0.14323602616786957
vt 0.55190736055374146 0.12732091546058655
vt 0.55190736055374146 0.14323602616786957
vt 0.55190736055374146 0.15119358897209167
vt 0.54398643970489502 0.14323602616786957
vt 0.5677492618560791 0.1750662624835968
vt 0.55190736055374146 0.19098137319087982
vt 0.53606551885604858 0.1750662624835968
vt 0.55190736055374146 0.1750662624835968
vt 0.52022361755371094 0.15915113687515259
vt 0.50438177585601807 0.14323602616786957
vt 0.52022361755371094 0.12732091546058655
vt 0.52022361755371094 0.14323602616786957
vt 0.55190736055374146 0.16710869967937469
vt 0.54398643970489502 0.1750662624835968
vt 0.52022361755371094 0.19098137319087982
vt 0.50438177585601807 0.1750662624835968
vt 0.52022361755371094 0.1750662624835968
vt 0.52022361755371094 0.15119358897209167
vt 0.52814453840255737 0.14323602616786957
vt 0.52814453840255737 0.1750662624835968
vt 0.52022361755371094 0.16710869967937469
vt 0.5449262261390686 0.022658806294202805
vt 0.54426836967468262 0.019292930141091347
vt 0.5423925518989563 0.016426833346486092
vt 0.53955906629562378 0.014478237368166447
vt 0.53606551885604858 0.013757131993770599
vt 0.53271514177322388 0.014418013393878937
vt 0.52986222505569458 0.016302525997161865
vt 0.52792257070541382 0.019149094820022583
vt 0.52720481157302856 0.022658806294202805
vt 0.52786260843276978 0.026024682447314262
vt 0.52973848581314087 0.028890781104564667
vt 0.53257191181182861 0.030839378014206886
vt 0.53606551885604858 0.03156048059463501
vt 0.53941589593887329 0.030899599194526672
vt 0.54226881265640259 0.029015088453888893
vt 0.54420840740203857 0.026168519631028175
vt 0.5677492618560791 0.015915114432573318
vt 0.55190736055374146 0.031830228865146637
vt 0.55190736055374146 0.015915114432573318
vt 0.55190736055374146 0.023872671648859978
vt 0.5677492618560791 0.047745343297719955
vt 0.55190736055374146 0.063660457730293274
vt 0.53606551885604858 0.047745343297719955
vt 0.55190736055374146 0.047745343297719955
vt 0.52022361755371094 0.031830228865146637
vt 0.50438177585601807 0.015915114432573318
vt 0.52022361755371094 0.015915114432573318
vt 0.55190736055374146 0.0079575572162866592
vt 0.54398643970489502 0.0079575572162866592
vt 0.52022361755371094 0.0079575572162866592
vt 0.52814453840255737 0.0079575572162866592
vt 0.52022361755371094 0.023872671648859978
vt 0.52022361755371094 0.063660457730293274
vt 0.50438177585601807 0.047745343297719955
vt 0.52022361755371094 0.047745343297719955
vt 0.5962446928024292 0.036455187946557999
vt 0.59691905975341797 0.033092614263296127
vt 0.59627777338027954 0.029723517596721649
vt 0.5944022536277771 0.02683391235768795
vt 0.5914493203163147 0.024824591353535652
vt 0.58810222148895264 0.024147098883986473
vt 0.58474862575531006 0.024791354313492775
vt 0.58187228441238403 0.026675544679164886
vt 0.5798722505569458 0.029642142355442047
vt 0.57919788360595703 0.03300471231341362
vt 0.57983916997909546 0.036373812705278397
vt 0.5817146897315979 0.039263416081666946
vt 0.5846676230430603 0.041272737085819244
vt 0.58801472187042236 0.041950229555368423
vt 0.59136831760406494 0.04130597785115242
vt 0.59424459934234619 0.039421785622835159
vt 0.59943300485610962 0.047745343297719955
vt 0.58359110355377197 0.063660457730293274
vt 0.58359110355377197 0.047745343297719955
vt 0.59943300485610962 0.039787784218788147
vt 0.59151208400726318 0.047745343297719955
vt 0.58359110355377197 0.015915114432573318
vt 0.61527484655380249 0.063660457730293274
vt 0.61527484655380249 0.031830228865146637
vt 0.61527484655380249 0.047745343297719955
vt 0.57567018270492554 0.031830228865146637
vt 0.5677492618560791 0.023872671648859978
vt 0.57567018270492554 0.015915114432573318
vt 0.57567018270492554 0.023872671648859978
vt 0.57567018270492554 0.047745343297719955
vt 0.5677492618560791 0.039787784218788147
vt 0.57567018270492554 0.039787784218788147
vt 0.63840144872665405 0.068930923938751221
vt 0.64030539989471436 0.066083572804927826
vt 0.64099627733230591 0.062724389135837555
vt 0.64036422967910767 0.059333693236112595
vt 0.63840144872665405 0.056342050433158875
vt 0.63556718826293945 0.054429329931735992
vt 0.63222348690032959 0.053735248744487762
vt 0.62884843349456787 0.054370209574699402
vt 0.62587052583694458 0.056342050433158875
vt 0.62396657466888428 0.059189401566982269
vt 0.62327569723129272 0.06254858523607254
vt 0.62390774488449097 0.065939284861087799
vt 0.62587052583694458 0.068930923938751221
vt 0.62870478630065918 0.070843644440174103
vt 0.63204848766326904 0.071537725627422333
vt 0.63542360067367554 0.070902764797210693
vt 0.66280049085617065 0.079575568437576294
vt 0.64695858955383301 0.095490686595439911
vt 0.63111674785614014 0.079575568437576294
vt 0.64695858955383301 0.079575568437576294
vt 0.64695858955383301 0.071618013083934784
vt 0.63903766870498657 0.079575568437576294
vt 0.63903766870498657 0.071618013083934784
vt 0.61527484655380249 0.095490686595439911
vt 0.59943300485610962 0.079575568437576294
vt 0.61527484655380249 0.079575568437576294
vt 0.61527484655380249 0.055702898651361465
vt 0.62319576740264893 0.047745343297719955
vt 0.62319576740264893 0.055702898651361465
vt 0.62319576740264893 0.079575568437576294
vt 0.61527484655380249 0.071618013083934784
vt 0.62319576740264893 0.071618013083934784
vt 0.6649785041809082 0.115141861140728
vt 0.66782212257385254 0.1132432296872139
vt 0.66973996162414551 0.11040534824132919
vt 0.67044764757156372 0.10702977329492569
vt 0.66977387666702271 0.1035112664103508
vt 0.66788399219512939 0.10065451264381409
vt 0.66505914926528931 0.0987277552485466
vt 0.66169911623001099 0.098016820847988129
vt 0.65819680690765381 0.098693713545799255
vt 0.65535318851470947 0.10059235244989395
vt 0.65343528985977173 0.10343022644519806
vt 0.65272766351699829 0.10680580139160156
vt 0.65340143442153931 0.11032430827617645
vt 0.65529131889343262 0.11318106204271317
vt 0.65811610221862793 0.11510782688856125
vt 0.66147619485855103 0.11581875383853912
vt 0.67864233255386353 0.12732091546058655
vt 0.67864233255386353 0.11140579730272293
vt 0.67864233255386353 0.11936336010694504
vt 0.67072141170501709 0.12732091546058655
vt 0.66280049085617065 0.11936336010694504
vt 0.67072141170501709 0.11936336010694504
vt 0.66280049085617065 0.14323602616786957
vt 0.67864233255386353 0.14323602616786957
vt 0.64695858955383301 0.12732091546058655
vt 0.63111674785614014 0.11140579730272293
vt 0.64695858955383301 0.11140579730272293
vt 0.64695858955383301 0.10344824194908142
vt 0.65487957000732422 0.095490686595439911
vt 0.65487957000732422 0.12732091546058655
vt 0.64695858955383301 0.11936336010694504
vt 0.65487957000732422 0.11936336010694504
vt 0.64695858955383301 0.15915113687515259
vt 0.63111674785614014 0.14323602616786957
vt 0.64695858955383301 0.14323602616786957
vt 0.67192971706390381 0.16805280745029449
vt 0.67528009414672852 0.16739192605018616
vt 0.67813295125961304 0.16550743579864502
vt 0.6800726056098938 0.16266085207462311
vt 0.68079042434692383 0.15915113687515259
vt 0.68013256788253784 0.15578526258468628
vt 0.67825669050216675 0.15291917324066162
vt 0.675423264503479 0.15097057819366455
vt 0.67192971706390381 0.15024946630001068
vt 0.6685793399810791 0.15091034770011902
vt 0.6657264232635498 0.15279486775398254
vt 0.66378676891326904 0.15564143657684326
vt 0.66306895017623901 0.15915113687515259
vt 0.663726806640625 0.1625170111656189
vt 0.66560268402099609 0.16538313031196594
vt 0.66843611001968384 0.16733171045780182
vt 0.67864233255386353 0.19098137319087982
vt 0.66280049085617065 0.1750662624835968
vt 0.67864233255386353 0.1750662624835968
vt 0.67072141170501709 0.1750662624835968
vt 0.64695858955383301 0.19098137319087982
vt 0.63111674785614014 0.1750662624835968
vt 0.64695858955383301 0.1750662624835968
vt 0.68656331300735474 0.1750662624835968
vt 0.68656331300735474 0.16710869967937469
vt 0.68656331300735474 0.14323602616786957
vt 0.68656331300735474 0.15119358897209167
vt 0.67072141170501709 0.14323602616786957
vt 0.65819680690765381 0.21960856020450592
vt 0.66154390573501587 0.2202860563993454
vt 0.66489750146865845 0.21964180469512939
vt 0.6677737832069397 0.21775759756565094
vt 0.66977387666702271 0.21479101479053497
vt 0.67044824361801147 0.2114284485578537
vt 0.66980695724487305 0.20805934071540833
vt 0.66793143749237061 0.20516973733901978
vt 0.6649785041809082 0.20316042006015778
vt 0.66163140535354614 0.20248293876647949
vt 0.65827780961990356 0.2031271755695343
vt 0.65540152788162231 0.20501136779785156
vt 0.65340143442153931 0.20797798037528992
vt 0.65272706747055054 0.21134054660797119
vt 0.65336835384368896 0.21470965445041656
vt 0.65524387359619141 0.21759924292564392
vt 0.64695858955383301 0.22281159460544586
vt 0.63111674785614014 0.20689648389816284
vt 0.64695858955383301 0.20689648389816284
vt 0.65487957000732422 0.22281159460544586
vt 0.64695858955383301 0.21485404670238495
vt 0.67864233255386353 0.20689648389816284
vt 0.66280049085617065 0.23872672021389008
vt 0.63111674785614014 0.23872672021389008
vt 0.64695858955383301 0.23872672021389008
vt 0.67864233255386353 0.19893893599510193
vt 0.66280049085617065 0.19893893599510193
vt 0.67072141170501709 0.19098137319087982
vt 0.67072141170501709 0.19893893599510193
vt 0.64695858955383301 0.19893893599510193
vt 0.65487957000732422 0.19098137319087982
vt 0.65487957000732422 0.19893893599510193
vt 0.62587052583694458 0.2619602382183075
vt 0.62870478630065918 0.26387295126914978
vt 0.63204848766326904 0.2645670473575592
vt 0.63542360067367554 0.26393207907676697
vt 0.63840144872665405 0.2619602382183075
vt 0.64030539989471436 0.2591128945350647
vt 0.64099627733230591 0.25575369596481323
vt 0.64036422967910767 0.25236302614212036
vt 0.63840144872665405 0.24937136471271515
vt 0.63556718826293945 0.24745863676071167
vt 0.63222348690032959 0.24676455557346344
vt 0.62884843349456787 0.24739952385425568
vt 0.62587052583694458 0.24937136471271515
vt 0.62396657466888428 0.25221872329711914
vt 0.62327569723129272 0.25557789206504822
vt 0.62390774488449097 0.25896859169006348
vt 0.61527484655380249 0.28647205233573914
vt 0.59943300485610962 0.27055695652961731
vt 0.61527484655380249 0.2546418309211731
vt 0.61527484655380249 0.27055695652961731
vt 0.62319576740264893 0.27055695652961731
vt 0.61527484655380249 0.26259937882423401
vt 0.62319576740264893 0.26259937882423401
vt 0.59943300485610962 0.23872672021389008
vt 0.61527484655380249 0.22281159460544586
vt 0.61527484655380249 0.23872672021389008
vt 0.64695858955383301 0.24668426811695099
vt 0.63903766870498657 0.23872672021389008
vt 0.63903766870498657 0.24668426811695099
vt 0.61527484655380249 0.24668426811695099
vt 0.62319576740264893 0.23872672021389008
vt 0.62319576740264893 0.24668426811695099
vt 0.5798722505569458 0.28866013884544373
vt 0.58176213502883911 0.29151690006256104
vt 0.5845869779586792 0.29344365000724792
vt 0.58794701099395752 0.2941545844078064
vt 0.5914493203163147 0.29347771406173706
vt 0.59429293870925903 0.29157903790473938
vt 0.59621083736419678 0.28874120116233826
vt 0.59691846370697021 0.28536561131477356
vt 0.5962446928024292 0.28184708952903748
vt 0.59435480833053589 0.27899035811424255
vt 0.59153002500534058 0.27706357836723328
vt 0.58816993236541748 0.2763526439666748
vt 0.5846676230430603 0.27702954411506653
vt 0.58182400465011597 0.27892819046974182
vt 0.579906165599823 0.28176605701446533
vt 0.57919847965240479 0.28514164686203003
vt 0.5677492618560791 0.30238717794418335
vt 0.58359110355377197 0.30238717794418335
vt 0.57567018270492554 0.30238717794418335
vt 0.5677492618560791 0.29442963004112244
vt 0.57567018270492554 0.28647205233573914
vt 0.57567018270492554 0.29442963004112244
vt 0.55190736055374146 0.28647205233573914
vt 0.55190736055374146 0.30238717794418335
vt 0.5677492618560791 0.27055695652961731
vt 0.58359110355377197 0.2546418309211731
vt 0.58359110355377197 0.27055695652961731
vt 0.59943300485610962 0.27851450443267822
vt 0.59151208400726318 0.27055695652961731
vt 0.5677492618560791 0.27851450443267822
vt 0.57567018270492554 0.27055695652961731
vt 0.57567018270492554 0.27851450443267822
vt 0.53606551885604858 0.27055695652961731
vt 0.55190736055374146 0.2546418309211731
vt 0.55190736055374146 0.27055695652961731
vt 0.52720481157302856 0.29564347863197327
vt 0.52786260843276978 0.29900935292243958
vt 0.52973848581314087 0.30187544226646423
vt 0.53257191181182861 0.30382406711578369
vt 0.53606551885604858 0.30454516410827637
vt 0.53941589593887329 0.30388426780700684
vt 0.54226881265640259 0.30199974775314331
vt 0.54420840740203857 0.29915317893028259
vt 0.5449262261390686 0.29564347863197327
vt 0.54426836967468262 0.29227760434150696
vt 0.5423925518989563 0.2894115149974823
vt 0.53955906629562378 0.28746291995048523
vt 0.53606551885604858 0.28674179315567017
vt 0.53271514177322388 0.2874026894569397
vt 0.52986222505569458 0.28928720951080322
vt 0.52792257070541382 0.29213374853134155
vt 0.50438177585601807 0.30238717794418335
vt 0.52022361755371094 0.28647205233573914
vt 0.52022361755371094 0.30238717794418335
vt 0.52022361755371094 0.29442963004112244
vt 0.50438177585601807 0.27055695652961731
vt 0.52022361755371094 0.2546418309211731
vt 0.52022361755371094 0.27055695652961731
vt 0.52022361755371094 0.31034472584724426
vt 0.52814453840255737 0.31034472584724426
vt 0.55190736055374146 0.31034472584724426
vt 0.54398643970489502 0.31034472584724426
vt 0.55190736055374146 0.29442963004112244
vt 0.47588631510734558 0.28184708952903748
vt 0.47521191835403442 0.28520968556404114
vt 0.47585323452949524 0.28857877850532532
vt 0.47772875428199768 0.29146835207939148
vt 0.48068168759346008 0.29347771406173706
vt 0.48402878642082214 0.29415518045425415
vt 0.48738238215446472 0.29351094365119934
vt 0.49025869369506836 0.29162675142288208
vt 0.49225875735282898 0.28866013884544373
vt 0.49293312430381775 0.28529757261276245
vt 0.49229183793067932 0.28192847967147827
vt 0.49041631817817688 0.27903887629508972
vt 0.48746338486671448 0.27702954411506653
vt 0.48411628603935242 0.27635204792022705
vt 0.48076269030570984 0.27699631452560425
vt 0.4778863787651062 0.27888050675392151
vt 0.47269800305366516 0.27055695652961731
vt 0.48853987455368042 0.2546418309211731
vt 0.48853987455368042 0.27055695652961731
vt 0.47269800305366516 0.27851450443267822
vt 0.48061895370483398 0.27055695652961731
vt 0.48853987455368042 0.30238717794418335
vt 0.4568561315536499 0.28647205233573914
vt 0.4568561315536499 0.2546418309211731
vt 0.4568561315536499 0.27055695652961731
vt 0.50438177585601807 0.29442963004112244
vt 0.49646082520484924 0.30238717794418335
vt 0.49646082520484924 0.28647205233573914
vt 0.49646082520484924 0.29442963004112244
vt 0.50438177585601807 0.27851450443267822
vt 0.49646082520484924 0.27055695652961731
vt 0.49646082520484924 0.27851450443267822
vt 0.43372952938079834 0.24937136471271515
vt 0.43182563781738281 0.25221872329711914
vt 0.43113473057746887 0.25557789206504822
vt 0.43176677823066711 0.25896859169006348
vt 0.43372952938079834 0.2619602382183075
vt 0.43656378984451294 0.26387295126914978
vt 0.43990752100944519 0.2645670473575592
vt 0.4432826042175293 0.26393207907676697
vt 0.4462604820728302 0.2619602382183075
vt 0.44816440343856812 0.2591128945350647
vt 0.44885528087615967 0.25575369596481323
vt 0.44822323322296143 0.25236302614212036
vt 0.4462604820728302 0.24937136471271515
vt 0.4434262216091156 0.24745863676071167
vt 0.44008249044418335 0.24676455557346344
vt 0.43670740723609924 0.24739952385425568
vt 0.44101426005363464 0.23872672021389008
vt 0.40933051705360413 0.23872672021389008
vt 0.42517238855361938 0.22281159460544586
vt 0.42517238855361938 0.23872672021389008
vt 0.42517238855361938 0.24668426811695099
vt 0.43309333920478821 0.23872672021389008
vt 0.43309333920478821 0.24668426811695099
vt 0.47269800305366516 0.23872672021389008
vt 0.4568561315536499 0.22281159460544586
vt 0.4568561315536499 0.23872672021389008
vt 0.4568561315536499 0.26259937882423401
vt 0.44893521070480347 0.27055695652961731
vt 0.44893521070480347 0.26259937882423401
vt 0.4568561315536499 0.24668426811695099
vt 0.44893521070480347 0.23872672021389008
vt 0.44893521070480347 0.24668426811695099
vt 0.40715250372886658 0.20316042006015778
vt 0.40430888533592224 0.20505906641483307
vt 0.40239101648330688 0.20789691805839539
vt 0.40168336033821106 0.21127250790596008
vt 0.40235713124275208 0.21479101479053497
vt 0.40424701571464539 0.21764777600765228
vt 0.40707182884216309 0.21957452595233917
vt 0.41043189167976379 0.22028547525405884
vt 0.41393420100212097 0.21960857510566711
vt 0.41677781939506531 0.21770992875099182
vt 0.41869568824768066 0.2148720771074295
vt 0.41940337419509888 0.21149648725986481
vt 0.41872957348823547 0.20797798037528992
vt 0.41683968901634216 0.20512121915817261
vt 0.41401487588882446 0.20319446921348572
vt 0.41065481305122375 0.20248351991176605
vt 0.39348864555358887 0.19098137319087982
vt 0.39348864555358887 0.20689648389816284
vt 0.40933051705360413 0.19893893599510193
vt 0.39348864555358887 0.19893893599510193
vt 0.40140959620475769 0.19098137319087982
vt 0.40140959620475769 0.19893893599510193
vt 0.40933051705360413 0.1750662624835968
vt 0.39348864555358887 0.1750662624835968
vt 0.44101426005363464 0.20689648389816284
vt 0.42517238855361938 0.19098137319087982
vt 0.42517238855361938 0.20689648389816284
vt 0.42517238855361938 0.21485404670238495
vt 0.41725146770477295 0.22281159460544586
vt 0.42517238855361938 0.19893893599510193
vt 0.41725146770477295 0.19098137319087982
vt 0.41725146770477295 0.19893893599510193
vt 0.44101426005363464 0.1750662624835968
vt 0.42517238855361938 0.15915113687515259
vt 0.42517238855361938 0.1750662624835968
vt 0.40020132064819336 0.15024946630001068
vt 0.39685091376304626 0.15091034770011902
vt 0.39399802684783936 0.15279486775398254
vt 0.39205840229988098 0.15564143657684326
vt 0.39134061336517334 0.15915113687515259
vt 0.39199844002723694 0.1625170111656189
vt 0.39387428760528564 0.16538313031196594
vt 0.39670774340629578 0.16733171045780182
vt 0.40020132064819336 0.16805280745029449
vt 0.40355169773101807 0.16739192605018616
vt 0.40640461444854736 0.16550743579864502
vt 0.40834423899650574 0.16266085207462311
vt 0.40906202793121338 0.15915113687515259
vt 0.40840417146682739 0.15578526258468628
vt 0.40652835369110107 0.15291917324066162
vt 0.40369486808776855 0.15097057819366455
vt 0.40933051705360413 0.14323602616786957
vt 0.39348864555358887 0.12732091546058655
vt 0.39348864555358887 0.14323602616786957
vt 0.40140959620475769 0.14323602616786957
vt 0.44101426005363464 0.14323602616786957
vt 0.42517238855361938 0.12732091546058655
vt 0.42517238855361938 0.14323602616786957
vt 0.38556772470474243 0.14323602616786957
vt 0.38556772470474243 0.15119358897209167
vt 0.38556772470474243 0.1750662624835968
vt 0.38556772470474243 0.16710869967937469
vt 0.40140959620475769 0.1750662624835968
vt 0.41393420100212097 0.098693713545799255
vt 0.41058710217475891 0.098016224801540375
vt 0.40723350644111633 0.098660483956336975
vt 0.4043571949005127 0.10054466873407364
vt 0.40235713124275208 0.1035112738609314
vt 0.40168276429176331 0.10687384009361267
vt 0.40232405066490173 0.11024294048547745
vt 0.40419957041740417 0.113132543861866
vt 0.40715250372886658 0.11514186859130859
vt 0.41049960255622864 0.11581936478614807
vt 0.41385319828987122 0.11517509818077087
vt 0.41672950983047485 0.11329091340303421
vt 0.41872957348823547 0.11032430827617645
vt 0.41940394043922424 0.10696174949407578
vt 0.41876265406608582 0.103592649102211
vt 0.41688713431358337 0.10070304572582245
vt 0.44101426005363464 0.11140579730272293
vt 0.42517238855361938 0.095490686595439911
vt 0.42517238855361938 0.11140579730272293
vt 0.42517238855361938 0.10344824194908142
vt 0.41725146770477295 0.095490686595439911
vt 0.39348864555358887 0.11140579730272293
vt 0.44101426005363464 0.079575568437576294
vt 0.40933051705360413 0.079575568437576294
vt 0.42517238855361938 0.079575568437576294
vt 0.40933051705360413 0.11936336010694504
vt 0.40140959620475769 0.12732091546058655
vt 0.39348864555358887 0.11936336010694504
vt 0.40140959620475769 0.11936336010694504
vt 0.42517238855361938 0.11936336010694504
vt 0.41725146770477295 0.12732091546058655
vt 0.41725146770477295 0.11936336010694504
vt 0.4462604820728302 0.056342050433158875
vt 0.4434262216091156 0.054429329931735992
vt 0.44008252024650574 0.053735245019197464
vt 0.43670740723609924 0.054370209574699402
vt 0.43372952938079834 0.056342050433158875
vt 0.43182563781738281 0.059189401566982269
vt 0.43113473057746887 0.06254858523607254
vt 0.43176677823066711 0.065939284861087799
vt 0.43372952938079834 0.068930916488170624
vt 0.43656378984451294 0.070843636989593506
vt 0.43990752100944519 0.071537725627422333
vt 0.4432826042175293 0.070902764797210693
vt 0.4462604820728302 0.068930916488170624
vt 0.44816440343856812 0.066083572804927826
vt 0.44885528087615967 0.062724381685256958
vt 0.44822326302528381 0.059333689510822296
vt 0.47269800305366516 0.047745343297719955
vt 0.4568561315536499 0.063660457730293274
vt 0.4568561315536499 0.031830228865146637
vt 0.4568561315536499 0.047745343297719955
vt 0.4568561315536499 0.055702898651361465
vt 0.44893521070480347 0.047745343297719955
vt 0.44893521070480347 0.055702898651361465
vt 0.47269800305366516 0.079575568437576294
vt 0.4568561315536499 0.095490686595439911
vt 0.4568561315536499 0.079575568437576294
vt 0.43309333920478821 0.079575568437576294
vt 0.42517238855361938 0.071618013083934784
vt 0.43309333920478821 0.071618013083934784
vt 0.4568561315536499 0.071618013083934784
vt 0.44893521070480347 0.079575568437576294
vt 0.44893521070480347 0.071618013083934784
vt 0.49225875735282898 0.029642144218087196
vt 0.49036884307861328 0.026785386726260185
vt 0.48754402995109558 0.024858631193637848
vt 0.48418399691581726 0.024147696793079376
vt 0.48068168759346008 0.024824593216180801
vt 0.47783806920051575 0.026723232120275497
vt 0.475920170545578 0.029561100527644157
vt 0.47521251440048218 0.032936684787273407
vt 0.47588631510734558 0.036455191671848297
vt 0.47777619957923889 0.03931194543838501
vt 0.48060101270675659 0.041238702833652496
vt 0.48396104574203491 0.041949637234210968
vt 0.48746338486671448 0.041272740811109543
vt 0.49030697345733643 0.039374101907014847
vt 0.49222487211227417 0.036536231637001038
vt 0.49293252825737 0.033160649240016937
vt 0.48853987455368042 0.015915114432573318
vt 0.50438177585601807 0.023872671648859978
vt 0.49646082520484924 0.031830228865146637
vt 0.49646082520484924 0.015915114432573318
vt 0.49646082520484924 0.023872671648859978
vt 0.48853987455368042 0.063660457730293274
vt 0.48853987455368042 0.047745343297719955
vt 0.48061895370483398 0.047745343297719955
vt 0.47269800305366516 0.039787784218788147
vt 0.50438177585601807 0.039787784218788147
vt 0.49646082520484924 0.047745343297719955
vt 0.49646082520484924 0.039787784218788147
vt 0.40933051705360413 0.15915113687515259
vt 0.53606551885604858 0.031830228865146637
vt 0.53606551885604858 0.28647205233573914
vt 0.66280049085617065 0.15915113687515259
vt 0.077413760125637054 0
vt 0.065544858574867249 0
vt 0.077413760125637054 0.0048103355802595615
vt 0.065544858574867249 0.0048103355802595615
vt 0.077413760125637054 0.0094392383471131325
vt 0.065544858574867249 0.0094392383471131325
vt 0.077413760125637054 0.014041653834283352
vt 0.065544858574867249 0.014041653834283352
vt 0.077413760125637054 0.018644068390130997
vt 0.065544858574867249 0.018644068390130997
vt 0.077413760125637054 0.023454403504729271
vt 0.065544858574867249 0.023454403504729271
vt 0.077413760125637054 0.028083307668566704
vt 0.065544858574867249 0.028083307668566704
vt 0.077413760125637054 0.032685719430446625
vt 0.065544858574867249 0.032685719430446625
vt 0.077413760125637054 0.037288136780261993
vt 0.065544858574867249 0.037288136780261993
vt 0.077413760125637054 0.042098473757505417
vt 0.065544858574867249 0.042098473757505417
vt 0.077413760125637054 0.046727374196052551
vt 0.065544858574867249 0.046727374196052551
vt 0.077413760125637054 0.05132979154586792
vt 0.065544858574867249 0.05132979154586792
vt 0.077413760125637054 0.05593220517039299
vt 0.065544858574867249 0.05593220517039299
vt 0.077413760125637054 0.060742538422346115
vt 0.065544858574867249 0.060742538422346115
vt 0.077413760125637054 0.06537143886089325
vt 0.065544858574867249 0.06537143886089325
vt 0.077413760125637054 0.069973856210708618
vt 0.065544858574867249 0.069973856210708618
vt 0.077413760125637054 0.074576273560523987
vt 0.065544858574867249 0.074576273560523987
vt 0.16386215388774872 0.11488250643014908
vt 0.16386215388774872 0.12675140798091888
vt 0.16746990382671356 0.11488250643014908
vt 0.16746990382671356 0.12675140798091888
vt 0.17094159126281738 0.11488250643014908
vt 0.17094159126281738 0.12675140798091888
vt 0.17439340054988861 0.11488250643014908
vt 0.17439340054988861 0.12675140798091888
vt 0.17784520983695984 0.11488250643014908
vt 0.17784520983695984 0.12675140798091888
vt 0.18145295977592468 0.11488250643014908
vt 0.18145295977592468 0.12675140798091888
vt 0.18492463231086731 0.11488250643014908
vt 0.18492463231086731 0.12675140798091888
vt 0.18837644159793854 0.11488250643014908
vt 0.18837644159793854 0.12675140798091888
vt 0.19182825088500977 0.11488250643014908
vt 0.19182825088500977 0.12675140798091888
vt 0.1954360157251358 0.11488250643014908
vt 0.1954360157251358 0.12675140798091888
vt 0.19890768826007843 0.11488250643014908
vt 0.19890768826007843 0.12675140798091888
vt 0.20235949754714966 0.11488250643014908
vt 0.20235949754714966 0.12675140798091888
vt 0.20581130683422089 0.11488250643014908
vt 0.20581130683422089 0.12675140798091888
vt 0.20941905677318573 0.11488250643014908
vt 0.20941905677318573 0.12675140798091888
vt 0.21289072930812836 0.11488250643014908
vt 0.21289072930812836 0.12675140798091888
vt 0.21634255349636078 0.11488250643014908
vt 0.21634255349636078 0.12675140798091888
vt 0.21979436278343201 0.11488250643014908
vt 0.21979436278343201 0.12675140798091888
vt 0.04464133083820343 0
vt 0.032772429287433624 0
vt 0.04464133083820343 0.0036077515687793493
vt 0.032772429287433624 0.0036077515687793493
vt 0.04464133083820343 0.007079428993165493
vt 0.032772429287433624 0.007079428993165493
vt 0.04464133083820343 0.01053124014288187
vt 0.032772429287433624 0.01053124014288187
vt 0.04464133083820343 0.013983051292598248
vt 0.032772429287433624 0.013983051292598248
vt 0.04464133083820343 0.017590804025530815
vt 0.032772429287433624 0.017590804025530815
vt 0.04464133083820343 0.021062480285763741
vt 0.032772429287433624 0.021062480285763741
vt 0.04464133083820343 0.024514289572834969
vt 0.032772429287433624 0.024514289572834969
vt 0.04464133083820343 0.027966102585196495
vt 0.032772429287433624 0.027966102585196495
vt 0.04464133083820343 0.031573854386806488
vt 0.032772429287433624 0.031573854386806488
vt 0.04464133083820343 0.035045530647039413
vt 0.032772429287433624 0.035045530647039413
vt 0.04464133083820343 0.03849734365940094
vt 0.032772429287433624 0.03849734365940094
vt 0.04464133083820343 0.041949152946472168
vt 0.032772429287433624 0.041949152946472168
vt 0.04464133083820343 0.04555690661072731
vt 0.032772429287433624 0.04555690661072731
vt 0.04464133083820343 0.049028579145669937
vt 0.032772429287433624 0.049028579145669937
vt 0.04464133083820343 0.052480392158031464
vt 0.032772429287433624 0.052480392158031464
vt 0.04464133083820343 0.05593220517039299
vt 0.032772429287433624 0.05593220517039299
vt 0.34057524800300598 0
vt 0.33017119765281677 0
vt 0.34057524800300598 0.0036077515687793493
vt 0.33017119765281677 0.0036077515687793493
vt 0.34057524800300598 0.007079428993165493
vt 0.33017119765281677 0.007079428993165493
vt 0.34057524800300598 0.01053124014288187
vt 0.33017119765281677 0.01053124014288187
vt 0.34057524800300598 0.013983051292598248
vt 0.33017119765281677 0.013983051292598248
vt 0.34057524800300598 0.017590804025530815
vt 0.33017119765281677 0.017590804025530815
vt 0.34057524800300598 0.021062480285763741
vt 0.33017119765281677 0.021062480285763741
vt 0.34057524800300598 0.024514289572834969
vt 0.33017119765281677 0.024514289572834969
vt 0.34057524800300598 0.027966102585196495
vt 0.33017119765281677 0.027966102585196495
vt 0.34057524800300598 0.031573854386806488
vt 0.33017119765281677 0.031573854386806488
vt 0.34057524800300598 0.035045530647039413
vt 0.33017119765281677 0.035045530647039413
vt 0.34057524800300598 0.03849734365940094
vt 0.33017119765281677 0.03849734365940094
vt 0.34057524800300598 0.041949152946472168
vt 0.33017119765281677 0.041949152946472168
vt 0.34057524800300598 0.04555690661072731
vt 0.33017119765281677 0.04555690661072731
vt 0.34057524800300598 0.049028579145669937
vt 0.33017119765281677 0.049028579145669937
vt 0.34057524800300598 0.052480392158031464
vt 0.33017119765281677 0.052480392158031464
vt 0.34057524800300598 0.05593220517039299
vt 0.33017119765281677 0.05593220517039299
vt 0.11018618941307068 0
vt 0.09831729531288147 0
vt 0.11018618941307068 0.0036077515687793493
vt 0.09831729531288147 0.0036077515687793493
vt 0.11018618941307068 0.007079428993165493
vt 0.09831729531288147 0.007079428993165493
vt 0.11018618941307068 0.01053124014288187
vt 0.09831729531288147 0.01053124014288187
vt 0.11018618941307068 0.013983051292598248
vt 0.09831729531288147 0.013983051292598248
vt 0.11018618941307068 0.017590804025530815
vt 0.09831729531288147 0.017590804025530815
vt 0.11018618941307068 0.021062480285763741
vt 0.09831729531288147 0.021062480285763741
vt 0.11018618941307068 0.024514289572834969
vt 0.09831729531288147 0.024514289572834969
vt 0.11018618941307068 0.027966102585196495
vt 0.09831729531288147 0.027966102585196495
vt 0.11018618941307068 0.031573854386806488
vt 0.09831729531288147 0.031573854386806488
vt 0.11018618941307068 0.035045530647039413
vt 0.09831729531288147 0.035045530647039413
vt 0.11018618941307068 0.03849734365940094
vt 0.09831729531288147 0.03849734365940094
vt 0.11018618941307068 0.041949152946472168
vt 0.09831729531288147 0.041949152946472168
vt 0.11018618941307068 0.04555690661072731
vt 0.09831729531288147 0.04555690661072731
vt 0.11018618941307068 0.049028579145669937
vt 0.09831729531288147 0.049028579145669937
vt 0.11018618941307068 0.052480392158031464
vt 0.09831729531288147 0.052480392158031464
vt 0.11018618941307068 0.05593220517039299
vt 0.09831729531288147 0.05593220517039299
vt 0.16386215388774872 0.17232376337051392
vt 0.16386215388774872 0.18419265747070312
vt 0.16746990382671356 0.17232376337051392
vt 0.16746990382671356 0.18419265747070312
vt 0.17094159126281738 0.17232376337051392
vt 0.17094159126281738 0.18419265747070312
vt 0.17439340054988861 0.17232376337051392
vt 0.17439340054988861 0.18419265747070312
vt 0.17784520983695984 0.17232376337051392
vt 0.17784520983695984 0.18419265747070312
vt 0.18145295977592468 0.17232376337051392
vt 0.18145295977592468 0.18419265747070312
vt 0.18492463231086731 0.17232376337051392
vt 0.18492463231086731 0.18419265747070312
vt 0.18837644159793854 0.17232376337051392
vt 0.18837644159793854 0.18419265747070312
vt 0.19182825088500977 0.17232376337051392
vt 0.19182825088500977 0.18419265747070312
vt 0.1954360157251358 0.17232376337051392
vt 0.1954360157251358 0.18419265747070312
vt 0.19890768826007843 0.17232376337051392
vt 0.19890768826007843 0.18419265747070312
vt 0.20235949754714966 0.17232376337051392
vt 0.20235949754714966 0.18419265747070312
vt 0.20581130683422089 0.17232376337051392
vt 0.20581130683422089 0.18419265747070312
vt 0.20941905677318573 0.17232376337051392
vt 0.20941905677318573 0.18419265747070312
vt 0.21289072930812836 0.17232376337051392
vt 0.21289072930812836 0.18419265747070312
vt 0.21634255349636078 0.17232376337051392
vt 0.21634255349636078 0.18419265747070312
vt 0.21979436278343201 0.17232376337051392
vt 0.21979436278343201 0.18419265747070312
vt 0.16386215388774872 0.1436031311750412
vt 0.16386215388774872 0.15547202527523041
vt 0.16746990382671356 0.1436031311750412
vt 0.16746990382671356 0.15547202527523041
vt 0.17094159126281738 0.1436031311750412
vt 0.17094159126281738 0.15547202527523041
vt 0.17439340054988861 0.1436031311750412
vt 0.17439340054988861 0.15547202527523041
vt 0.17784520983695984 0.1436031311750412
vt 0.17784520983695984 0.15547202527523041
vt 0.18145295977592468 0.1436031311750412
vt 0.18145295977592468 0.15547202527523041
vt 0.18492463231086731 0.1436031311750412
vt 0.18492463231086731 0.15547202527523041
vt 0.18837644159793854 0.1436031311750412
vt 0.18837644159793854 0.15547202527523041
vt 0.19182825088500977 0.1436031311750412
vt 0.19182825088500977 0.15547202527523041
vt 0.1954360157251358 0.1436031311750412
vt 0.1954360157251358 0.15547202527523041
vt 0.19890768826007843 0.1436031311750412
vt 0.19890768826007843 0.15547202527523041
vt 0.20235949754714966 0.1436031311750412
vt 0.20235949754714966 0.15547202527523041
vt 0.20581130683422089 0.1436031311750412
vt 0.20581130683422089 0.15547202527523041
vt 0.20941905677318573 0.1436031311750412
vt 0.20941905677318573 0.15547202527523041
vt 0.21289072930812836 0.1436031311750412
vt 0.21289072930812836 0.15547202527523041
vt 0.21634255349636078 0.1436031311750412
vt 0.21634255349636078 0.15547202527523041
vt 0.21979436278343201 0.1436031311750412
vt 0.21979436278343201 0.15547202527523041
vt 0.16386215388774872 0.086161881685256958
vt 0.16386215388774872 0.098030775785446167
vt 0.16746990382671356 0.086161881685256958
vt 0.16746990382671356 0.098030775785446167
vt 0.17094159126281738 0.086161881685256958
vt 0.17094159126281738 0.098030775785446167
vt 0.17439340054988861 0.086161881685256958
vt 0.17439340054988861 0.098030775785446167
vt 0.17784520983695984 0.086161881685256958
vt 0.17784520983695984 0.098030775785446167
vt 0.18145295977592468 0.086161881685256958
vt 0.18145295977592468 0.098030775785446167
vt 0.18492463231086731 0.086161881685256958
vt 0.18492463231086731 0.098030775785446167
vt 0.18837644159793854 0.086161881685256958
vt 0.18837644159793854 0.098030775785446167
vt 0.19182825088500977 0.086161881685256958
vt 0.19182825088500977 0.098030775785446167
vt 0.1954360157251358 0.086161881685256958
vt 0.1954360157251358 0.098030775785446167
vt 0.19890768826007843 0.086161881685256958
vt 0.19890768826007843 0.098030775785446167
vt 0.20235949754714966 0.086161881685256958
vt 0.20235949754714966 0.098030775785446167
vt 0.20581130683422089 0.086161881685256958
vt 0.20581130683422089 0.098030775785446167
vt 0.20941905677318573 0.086161881685256958
vt 0.20941905677318573 0.098030775785446167
vt 0.21289072930812836 0.086161881685256958
vt 0.21289072930812836 0.098030775785446167
vt 0.21634255349636078 0.086161881685256958
vt 0.21634255349636078 0.098030775785446167
vt 0.21979436278343201 0.086161881685256958
vt 0.21979436278343201 0.098030775785446167
vt 0.011868898756802082 0
vt 0 0
vt 0.011868898756802082 0.0036077515687793493
vt 0 0.0036077515687793493
vt 0.011868898756802082 0.007079428993165493
vt 0 0.007079428993165493
vt 0.011868898756802082 0.01053124014288187
vt 0 0.01053124014288187
vt 0.011868898756802082 0.013983051292598248
vt 0 0.013983051292598248
vt 0.011868898756802082 0.017590804025530815
vt 0 0.017590804025530815
vt 0.011868898756802082 0.021062480285763741
vt 0 0.021062480285763741
vt 0.011868898756802082 0.024514289572834969
vt 0 0.024514289572834969
vt 0.011868898756802082 0.027966102585196495
vt 0 0.027966102585196495
vt 0.011868898756802082 0.031573854386806488
vt 0 0.031573854386806488
vt 0.011868898756802082 0.035045530647039413
vt 0 0.035045530647039413
vt 0.011868898756802082 0.03849734365940094
vt 0 0.03849734365940094
vt 0.011868898756802082 0.041949152946472168
vt 0 0.041949152946472168
vt 0.011868898756802082 0.04555690661072731
vt 0 0.04555690661072731
vt 0.011868898756802082 0.049028579145669937
vt 0 0.049028579145669937
vt 0.011868898756802082 0.052480392158031464
vt 0 0.052480392158031464
vt 0.011868898756802082 0.05593220517039299
vt 0 0.05593220517039299
vt 0.16386215388774872 0.20104438066482544
vt 0.16386215388774872 0.21291328966617584
vt 0.16746990382671356 0.20104438066482544
vt 0.16746990382671356 0.21291328966617584
vt 0.17094159126281738 0.20104438066482544
vt 0.17094159126281738 0.21291328966617584
vt 0.17439340054988861 0.20104438066482544
vt 0.17439340054988861 0.21291328966617584
vt 0.17784520983695984 0.20104438066482544
vt 0.17784520983695984 0.21291328966617584
vt 0.18145295977592468 0.20104438066482544
vt 0.18145295977592468 0.21291328966617584
vt 0.18492463231086731 0.20104438066482544
vt 0.18492463231086731 0.21291328966617584
vt 0.18837644159793854 0.20104438066482544
vt 0.18837644159793854 0.21291328966617584
vt 0.19182825088500977 0.20104438066482544
vt 0.19182825088500977 0.21291328966617584
vt 0.1954360157251358 0.20104438066482544
vt 0.1954360157251358 0.21291328966617584
vt 0.19890768826007843 0.20104438066482544
vt 0.19890768826007843 0.21291328966617584
vt 0.20235949754714966 0.20104438066482544
vt 0.20235949754714966 0.21291328966617584
vt 0.20581130683422089 0.20104438066482544
vt 0.20581130683422089 0.21291328966617584
vt 0.20941905677318573 0.20104438066482544
vt 0.20941905677318573 0.21291328966617584
vt 0.21289072930812836 0.20104438066482544
vt 0.21289072930812836 0.21291328966617584
vt 0.21634255349636078 0.20104438066482544
vt 0.21634255349636078 0.21291328966617584
vt 0.21979436278343201 0.20104438066482544
vt 0.21979436278343201 0.21291328966617584
vt 0.3643130362033844 0
vt 0.35390898585319519 0
vt 0.3643130362033844 0.0036077515687793493
vt 0.35390898585319519 0.0036077515687793493
vt 0.3643130362033844 0.007079428993165493
vt 0.35390898585319519 0.007079428993165493
vt 0.3643130362033844 0.01053124014288187
vt 0.35390898585319519 0.01053124014288187
vt 0.3643130362033844 0.013983051292598248
vt 0.35390898585319519 0.013983051292598248
vt 0.3643130362033844 0.017590804025530815
vt 0.35390898585319519 0.017590804025530815
vt 0.3643130362033844 0.021062480285763741
vt 0.35390898585319519 0.021062480285763741
vt 0.3643130362033844 0.024514289572834969
vt 0.35390898585319519 0.024514289572834969
vt 0.3643130362033844 0.027966102585196495
vt 0.35390898585319519 0.027966102585196495
vt 0.3643130362033844 0.031573854386806488
vt 0.35390898585319519 0.031573854386806488
vt 0.3643130362033844 0.035045530647039413
vt 0.35390898585319519 0.035045530647039413
vt 0.3643130362033844 0.03849734365940094
vt 0.35390898585319519 0.03849734365940094
vt 0.3643130362033844 0.041949152946472168
vt 0.35390898585319519 0.041949152946472168
vt 0.3643130362033844 0.04555690661072731
vt 0.35390898585319519 0.04555690661072731
vt 0.3643130362033844 0.049028579145669937
vt 0.35390898585319519 0.049028579145669937
vt 0.3643130362033844 0.052480392158031464
vt 0.35390898585319519 0.052480392158031464
vt 0.3643130362033844 0.05593220517039299
vt 0.35390898585319519 0.05593220517039299
vt 0.16386215388774872 0
vt 0.16386215388774872 0.011868898756802082
vt 0.16746990382671356 0
vt 0.16746990382671356 0.011868898756802082
vt 0.17094159126281738 0
vt 0.17094159126281738 0.011868898756802082
vt 0.17439340054988861 0
vt 0.17439340054988861 0.011868898756802082
vt 0.17784520983695984 0
vt 0.17784520983695984 0.011868898756802082
vt 0.18145295977592468 0
vt 0.18145295977592468 0.011868898756802082
vt 0.18492463231086731 0
vt 0.18492463231086731 0.011868898756802082
vt 0.18837644159793854 0
vt 0.18837644159793854 0.011868898756802082
vt 0.19182825088500977 0
vt 0.19182825088500977 0.011868898756802082
vt 0.1954360157251358 0
vt 0.1954360157251358 0.011868898756802082
vt 0.19890768826007843 0
vt 0.19890768826007843 0.011868898756802082
vt 0.20235949754714966 0
vt 0.20235949754714966 0.011868898756802082
vt 0.20581130683422089 0
vt 0.20581130683422089 0.011868898756802082
vt 0.20941905677318573 0
vt 0.20941905677318573 0.011868898756802082
vt 0.21289072930812836 0
vt 0.21289072930812836 0.011868898756802082
vt 0.21634255349636078 0
vt 0.21634255349636078 0.011868898756802082
vt 0.21979436278343201 0
vt 0.21979436278343201 0.011868898756802082
vt 0.1429586261510849 0
vt 0.1310897171497345 0
vt 0.1429586261510849 0.0036077515687793493
vt 0.1310897171497345 0.0036077515687793493
vt 0.1429586261510849 0.007079428993165493
vt 0.1310897171497345 0.007079428993165493
vt 0.1429586261510849 0.01053124014288187
vt 0.1310897171497345 0.01053124014288187
vt 0.1429586261510849 0.013983051292598248
vt 0.1310897171497345 0.013983051292598248
vt 0.1429586261510849 0.017590804025530815
vt 0.1310897171497345 0.017590804025530815
vt 0.1429586261510849 0.021062480285763741
vt 0.1310897171497345 0.021062480285763741
vt 0.1429586261510849 0.024514289572834969
vt 0.1310897171497345 0.024514289572834969
vt 0.1429586261510849 0.027966102585196495
vt 0.1310897171497345 0.027966102585196495
vt 0.1429586261510849 0.031573854386806488
vt 0.1310897171497345 0.031573854386806488
vt 0.1429586261510849 0.035045530647039413
vt 0.1310897171497345 0.035045530647039413
vt 0.1429586261510849 0.03849734365940094
vt 0.1310897171497345 0.03849734365940094
vt 0.1429586261510849 0.041949152946472168
vt 0.1310897171497345 0.041949152946472168
vt 0.1429586261510849 0.04555690661072731
vt 0.1310897171497345 0.04555690661072731
vt 0.1429586261510849 0.049028579145669937
vt 0.1310897171497345 0.049028579145669937
vt 0.1429586261510849 0.052480392158031464
vt 0.1310897171497345 0.052480392158031464
vt 0.1429586261510849 0.05593220517039299
vt 0.1310897171497345 0.05593220517039299
vt 0.32870635390281677 0
vt 0.31830227375030518 0
vt 0.32870635390281677 0.0036077515687793493
vt 0.31830227375030518 0.0036077515687793493
vt 0.32870635390281677 0.007079428993165493
vt 0.31830227375030518 0.007079428993165493
vt 0.32870635390281677 0.01053124014288187
vt 0.31830227375030518 0.01053124014288187
vt 0.32870635390281677 0.013983051292598248
vt 0.31830227375030518 0.013983051292598248
vt 0.32870635390281677 0.017590804025530815
vt 0.31830227375030518 0.017590804025530815
vt 0.32870635390281677 0.021062480285763741
vt 0.31830227375030518 0.021062480285763741
vt 0.32870635390281677 0.024514289572834969
vt 0.31830227375030518 0.024514289572834969
vt 0.32870635390281677 0.027966102585196495
vt 0.31830227375030518 0.027966102585196495
vt 0.32870635390281677 0.031573854386806488
vt 0.31830227375030518 0.031573854386806488
vt 0.32870635390281677 0.035045530647039413
vt 0.31830227375030518 0.035045530647039413
vt 0.32870635390281677 0.03849734365940094
vt 0.31830227375030518 0.03849734365940094
vt 0.32870635390281677 0.041949152946472168
vt 0.31830227375030518 0.041949152946472168
vt 0.32870635390281677 0.04555690661072731
vt 0.31830227375030518 0.04555690661072731
vt 0.32870635390281677 0.049028579145669937
vt 0.31830227375030518 0.049028579145669937
vt 0.32870635390281677 0.052480392158031464
vt 0.31830227375030518 0.052480392158031464
vt 0.32870635390281677 0.05593220517039299
vt 0.31830227375030518 0.05593220517039299
vt 0.35244414210319519 0
vt 0.34204009175300598 0
vt 0.35244414210319519 0.0036077515687793493
vt 0.34204009175300598 0.0036077515687793493
vt 0.35244414210319519 0.007079428993165493
vt 0.34204009175300598 0.007079428993165493
vt 0.35244414210319519 0.01053124014288187
vt 0.34204009175300598 0.01053124014288187
vt 0.35244414210319519 0.013983051292598248
vt 0.34204009175300598 0.013983051292598248
vt 0.35244414210319519 0.017590804025530815
vt 0.34204009175300598 0.017590804025530815
vt 0.35244414210319519 0.021062480285763741
vt 0.34204009175300598 0.021062480285763741
vt 0.35244414210319519 0.024514289572834969
vt 0.34204009175300598 0.024514289572834969
vt 0.35244414210319519 0.027966102585196495
vt 0.34204009175300598 0.027966102585196495
vt 0.35244414210319519 0.031573854386806488
vt 0.34204009175300598 0.031573854386806488
vt 0.35244414210319519 0.035045530647039413
vt 0.34204009175300598 0.035045530647039413
vt 0.35244414210319519 0.03849734365940094
vt 0.34204009175300598 0.03849734365940094
vt 0.35244414210319519 0.041949152946472168
vt 0.34204009175300598 0.041949152946472168
vt 0.35244414210319519 0.04555690661072731
vt 0.34204009175300598 0.04555690661072731
vt 0.35244414210319519 0.049028579145669937
vt 0.34204009175300598 0.049028579145669937
vt 0.35244414210319519 0.052480392158031464
vt 0.34204009175300598 0.052480392158031464
vt 0.35244414210319519 0.05593220517039299
vt 0.34204009175300598 0.05593220517039299
vt 0.16386215388774872 0.02872062660753727
vt 0.16386215388774872 0.040589526295661926
vt 0.16746990382671356 0.02872062660753727
vt 0.16746990382671356 0.040589526295661926
vt 0.17094159126281738 0.02872062660753727
vt 0.17094159126281738 0.040589526295661926
vt 0.17439340054988861 0.02872062660753727
vt 0.17439340054988861 0.040589526295661926
vt 0.17784520983695984 0.02872062660753727
vt 0.17784520983695984 0.040589526295661926
vt 0.18145295977592468 0.02872062660753727
vt 0.18145295977592468 0.040589526295661926
vt 0.18492463231086731 0.02872062660753727
vt 0.18492463231086731 0.040589526295661926
vt 0.18837644159793854 0.02872062660753727
vt 0.18837644159793854 0.040589526295661926
vt 0.19182825088500977 0.02872062660753727
vt 0.19182825088500977 0.040589526295661926
vt 0.1954360157251358 0.02872062660753727
vt 0.1954360157251358 0.040589526295661926
vt 0.19890768826007843 0.02872062660753727
vt 0.19890768826007843 0.040589526295661926
vt 0.20235949754714966 0.02872062660753727
vt 0.20235949754714966 0.040589526295661926
vt 0.20581130683422089 0.02872062660753727
vt 0.20581130683422089 0.040589526295661926
vt 0.20941905677318573 0.02872062660753727
vt 0.20941905677318573 0.040589526295661926
vt 0.21289072930812836 0.02872062660753727
vt 0.21289072930812836 0.040589526295661926
vt 0.21634255349636078 0.02872062660753727
vt 0.21634255349636078 0.040589526295661926
vt 0.21979436278343201 0.02872062660753727
vt 0.21979436278343201 0.040589526295661926
vt 0.16386215388774872 0.057441253215074539
vt 0.16386215388774872 0.069310151040554047
vt 0.16746990382671356 0.057441253215074539
vt 0.16746990382671356 0.069310151040554047
vt 0.17094159126281738 0.057441253215074539
vt 0.17094159126281738 0.069310151040554047
vt 0.17439340054988861 0.057441253215074539
vt 0.17439340054988861 0.069310151040554047
vt 0.17784520983695984 0.057441253215074539
vt 0.17784520983695984 0.069310151040554047
vt 0.18145295977592468 0.057441253215074539
vt 0.18145295977592468 0.069310151040554047
vt 0.18492463231086731 0.057441253215074539
vt 0.18492463231086731 0.069310151040554047
vt 0.18837644159793854 0.057441253215074539
vt 0.18837644159793854 0.069310151040554047
vt 0.19182825088500977 0.057441253215074539
vt 0.19182825088500977 0.069310151040554047
vt 0.1954360157251358 0.057441253215074539
vt 0.1954360157251358 0.069310151040554047
vt 0.19890768826007843 0.057441253215074539
vt 0.19890768826007843 0.069310151040554047
vt 0.20235949754714966 0.057441253215074539
vt 0.20235949754714966 0.069310151040554047
vt 0.20581130683422089 0.057441253215074539
vt 0.20581130683422089 0.069310151040554047
vt 0.20941905677318573 0.057441253215074539
vt 0.20941905677318573 0.069310151040554047
vt 0.21289072930812836 0.057441253215074539
vt 0.21289072930812836 0.069310151040554047
vt 0.21634255349636078 0.057441253215074539
vt 0.21634255349636078 0.069310151040554047
vt 0.21979436278343201 0.057441253215074539
vt 0.21979436278343201 0.069310151040554047
vn 1 0 0
vn 1 0 0
vn 0.98816490173339844 0 -0.15339542925357819
vn 0.98816490173339844 0 -0.15339542925357819
vn 0.95247310400009155 0 -0.30462270975112915
vn 0.95247310400009155 0 -0.30462270975112915
vn 0.89013379812240601 0 -0.45569926500320435
vn 0.89013379812240601 0 -0.45569926500320435
vn 0.80654615163803101 0 -0.59117114543914795
vn 0.80654615163803101 0 -0.59117114543914795
vn 0.69970357418060303 0 -0.71443325281143188
vn 0.69970357418060303 0 -0.71443325281143188
vn 0.5743560791015625 0 -0.81860560178756714
vn 0.5743560791015625 0 -0.81860560178756714
vn 0.43580380082130432 0 -0.90004169940948486
vn 0.43580380082130432 0 -0.90004169940948486
vn 0.29006078839302063 0 -0.9570082426071167
vn 0.29006078839302063 0 -0.9570082426071167
vn 0.14306259155273438 0 -0.98971366882324219
vn 0.14306259155273438 0 -0.98971366882324219
vn 0 0 -1
vn 0 0 -1
vn -0.15339542925357819 0 -0.98816490173339844
vn -0.15339542925357819 0 -0.98816490173339844
vn -0.30462270975112915 0 -0.95247310400009155
vn -0.30462270975112915 0 -0.95247310400009155
vn -0.45569926500320435 0 -0.89013379812240601
vn -0.45569926500320435 0 -0.89013379812240601
vn -0.59117114543914795 0 -0.80654615163803101
vn -0.59117114543914795 0 -0.80654615163803101
vn -0.71443325281143188 0 -0.69970357418060303
vn -0.71443325281143188 0 -0.69970357418060303
vn -0.81860560178756714 0 -0.5743560791015625
vn -0.81860560178756714 0 -0.5743560791015625
vn -0.90004169940948486 0 -0.43580380082130432
vn -0.90004169940948486 0 -0.43580380082130432
vn -0.9570082426071167 0 -0.29006078839302063
vn -0.9570082426071167 0 -0.29006078839302063
vn -0.98971366882324219 0 -0.14306259155273438
vn -0.98971366882324219 0 -0.14306259155273438
vn -1 0 0
vn -1 0 0
vn -0.98816490173339844 0 0.15339542925357819
vn -0.98816490173339844 0 0.15339542925357819
vn -0.95247310400009155 0 0.30462270975112915
vn -0.95247310400009155 0 0.30462270975112915
vn -0.89013379812240601 0 0.45569926500320435
vn -0.89013379812240601 0 0.45569926500320435
vn -0.80654615163803101 0 0.59117114543914795
vn -0.80654615163803101 0 0.59117114543914795
vn -0.69970357418060303 0 0.71443325281143188
vn -0.69970357418060303 0 0.71443325281143188
vn -0.5743560791015625 0 0.81860560178756714
vn -0.5743560791015625 0 0.81860560178756714
vn -0.43580380082130432 0 0.90004169940948486
vn -0.43580380082130432 0 0.90004169940948486
vn -0.29006078839302063 0 0.9570082426071167
vn -0.29006078839302063 0 0.9570082426071167
vn -0.14306259155273438 0 0.98971366882324219
vn -0.14306259155273438 0 0.98971366882324219
vn 0 0 1
vn 0 0 1
vn 0.15339542925357819 0 0.98816490173339844
vn 0.15339542925357819 0 0.98816490173339844
vn 0.30462270975112915 0 0.95247310400009155
vn 0.30462270975112915 0 0.95247310400009155
vn 0.45569926500320435 0 0.89013379812240601
vn 0.45569926500320435 0 0.89013379812240601
vn 0.59117114543914795 0 0.80654615163803101
vn 0.59117114543914795 0 0.80654615163803101
vn 0.71443325281143188 0 0.69970357418060303
vn 0.71443325281143188 0 0.69970357418060303
vn 0.81860560178756714 0 0.5743560791015625
vn 0.81860560178756714 0 0.5743560791015625
vn 0.90004169940948486 0 0.43580380082130432
vn 0.90004169940948486 0 0.43580380082130432
vn 0.9570082426071167 0 0.29006078839302063
vn 0.9570082426071167 0 0.29006078839302063
vn 0.98971366882324219 0 0.14306259155273438
vn 0.98971366882324219 0 0.14306259155273438
vn 1 0 0
vn 1 0 0
vn 0 -1 0
vn 0 -1 0
vn 0 -1 0
vn 0 -1 0
vn 0 -1 0
vn 0 -1 0
vn 0 -1 0
vn 0 -1 0
vn 0 -1 0
vn 0 -1 0
vn 0 -1 0
vn 0 -1 0
vn 0 -1 0
vn 0 -1 0
vn 0 -1 0
vn 0 -1 0
vn 0 -1 0
vn 0 -1 0
vn 0 -1 0
vn 0 -1 0
vn 0 -1 0
vn 0 -1 0
vn 0 -1 0
vn 0 -1 0
vn 0 -1 0
vn 0 -1 0
vn 0 -1 0
vn 0 -1 0
vn 0 -1 0
vn 0 -1 0
vn 0 -1 0
vn 0 -1 0
vn 0 -1 0
vn 0 -1 0
vn 0 -1 0
vn 0 -1 0
vn 0 -1 0
vn 0 -1 0
vn 0 -1 0
vn 0 -1 0
vn 0 -1 0
vn 0 -1 0
vn 0 -1 0
vn 0 -1 0
vn 0 -1 0
vn 0 -1 0
vn 0 -1 0
vn 0 -1 0
vn 0 -1 0
vn 0 -1 0
vn 0 -1 0
vn 0 -1 0
vn 0 -1 0
vn 0 -1 0
vn 0 -1 0
vn 0 -1 0
vn 0 -1 0
vn 0 -1 0
vn 0 -1 0
vn 0 -1 0
vn 0 -1 0
vn 0 -1 0
vn 0 -1 0
vn 0 -1 0
vn 0 -1 0
vn 0 -1 0
vn 0 -1 0
vn 0 -1 0
vn 0 -1 0
vn 0 -1 0
vn 0 -1 0
vn 0 -1 0
vn 0 -1 0
vn 0 -1 0
vn 0 -1 0
vn 0 -1 0
vn 0 -1 0
vn 0 -1 0
vn 0 -1 0
vn 0 -1 0
vn 0 -1 0
vn 0 -1 0
vn 0 -1 0
vn 0 -1 0
vn 0 -1 0
vn 0 -1 0
vn 0 -1 0
vn 0 -1 0
vn 0 -1 0
vn 0 -1 0
vn 0 -1 0
vn 0 -1 0
vn 0 -1 0
vn 0 -1 0
vn 0 -1 0
vn 0 -1 0
vn 0 -1 0
vn 0 -1 0
vn 0 -1 0
vn 0 -1 0
vn 0 -1 0
vn 0 -1 0
vn 0 -1 0
vn 0 -1 0
vn 0 -1 0
vn 0 -1 0
vn 0 -1 0
vn 0 -1 0
vn 0 -1 0
vn 0 -1 0
vn 0 -1 0
vn 0 -1 0
vn 0 -1 0
vn 0 -1 0
vn 0 -1 0
vn 0 -1 0
vn 0 -1 0
vn 0 -1 0
vn 0 -1 0
vn 0 -1 0
vn 0 -1 0
vn 0 -1 0
vn 0 -1 0
vn 0 -1 0
vn 0 -1 0
vn 0 -1 0
vn 0 -1 0
vn 0 -1 0
vn 0 -1 0
vn 0 -1 0
vn 0 -1 0
vn 0 -1 0
vn 0 -1 0
vn 0 -1 0
vn 0 -1 0
vn 0 -1 0
vn 0 -1 0
vn 0 -1 0
vn 0 -1 0
vn 0 -1 0
vn 0 -1 0
vn 0 -1 0
vn 0 -1 0
vn 0 -1 0
vn 0 -1 0
vn 0 -1 0
vn 0 -1 0
vn 0 -1 0
vn 0 -1 0
vn 0 -1 0
vn 0 -1 0
vn 0 -1 0
vn 0 -1 0
vn 0 -1 0
vn 0 -1 0
vn 0 -1 0
vn 0 -1 0
vn 0 -1 0
vn 0 -1 0
vn 0 -1 0
vn 0 -1 0
vn 0 -1 0
vn 0 -1 0
vn 0 -1 0
vn 0 -1 0
vn 0 -1 0
vn 0 -1 0
vn 0 -1 0
vn 0 -1 0
vn 0 -1 0
vn 0 -1 0
vn 0 -1 0
vn 0 -1 0
vn 0 -1 0
vn 0 -1 0
vn 0 -1 0
vn 0 -1 0
vn 0 -1 0
vn 0 -1 0
vn 0 -1 0
vn 0 -1 0
vn 0 -1 0
vn 0 -1 0
vn 0 -1 0
vn 0 -1 0
vn 0 -1 0
vn 0 -1 0
vn 0 -1 0
vn 0 -1 0
vn 0 -1 0
vn 0 -1 0
vn 0 -1 0
vn 0 -1 0
vn 0 -1 0
vn 0 -1 0
vn 0 -1 0
vn 0 -1 0
vn 0 -1 0
vn 0 -1 0
vn 0 -1 0
vn 0 -1 0
vn 0 -1 0
vn 0 -1 0
vn 0 -1 0
vn 0 -1 0
vn 0 -1 0
vn 0 -1 0
vn 0 -1 0
vn 0 -1 0
vn 0 -1 0
vn 0 -1 0
vn 0 -1 0
vn 0 -1 0
vn 0 -1 0
vn 0 -1 0
vn 0 -1 0
vn 0 -1 0
vn 0 -1 0
vn 0 -1 0
vn 0 -1 0
vn 0 -1 0
vn 0 -1 0
vn 0 -1 0
vn 0 -1 0
vn 0 -1 0
vn 0 -1 0
vn 0 -1 0
vn 0 -1 0
vn 0 -1 0
vn 0 -1 0
vn 0 -1 0
vn 0 -1 0
vn 0 -1 0
vn 0 -1 0
vn 0 -1 0
vn 0 -1 0
vn 0 -1 0
vn 0 -1 0
vn 0 -1 0
vn 0 -1 0
vn 0 -1 0
vn 0 -1 0
vn 0 -1 0
vn 0 -1 0
vn 0 -1 0
vn 0 -1 0
vn 0 -1 0
vn 0 -1 0
vn 0 -1 0
vn 0 -1 0
vn 0 -1 0
vn 0 -1 0
vn 0 -1 0
vn 0 -1 0
vn 0 -1 0
vn 0 -1 0
vn 0 -1 0
vn 0 -1 0
vn 0 -1 0
vn 0 -1 0
vn 0 -1 0
vn 0 -1 0
vn 0 -1 0
vn 0 -1 0
vn 0 -1 0
vn 0 -1 0
vn 0 -1 0
vn 0 -1 0
vn 0 -1 0
vn 0 -1 0
vn 0 -1 0
vn 0 -1 0
vn 0 -1 0
vn 0 -1 0
vn 0 -1 0
vn 0 -1 0
vn 0 -1 0
vn 0 -1 0
vn 0 -1 0
vn 0 -1 0
vn 0 -1 0
vn 0 -1 0
vn 0 -1 0
vn 0 -1 0
vn 0 -1 0
vn 0 -1 0
vn 0 -1 0
vn 0 -1 0
vn 0 -1 0
vn 0 -1 0
vn 0 -1 0
vn 0 -1 0
vn 0 -1 0
vn 0 -1 0
vn 0 -1 0
vn 0 -1 0
vn 0 -1 0
vn 0 -1 0
vn 0 -1 0
vn 0 -1 0
vn 0 -1 0
vn 0 -1 0
vn 0 -1 0
vn 0 -1 0
vn 0 -1 0
vn 0 -1 0
vn 0 -1 0
vn 0 -1 0
vn 0 -1 0
vn 0 -1 0
vn 0 -1 0
vn 0 -1 0
vn 0 -1 0
vn 0 -1 0
vn 0 -1 0
vn 0 -1 0
vn 0 -1 0
vn 0 -1 0
vn 0 -1 0
vn 0 -1 0
vn 0 -1 0
vn 0 -1 0
vn 0 -1 0
vn 0 -1 0
vn 0 -1 0
vn 0 -1 0
vn 0 -1 0
vn 0 -1 0
vn 0 -1 0
vn 0 -1 0
vn 0 -1 0
vn 0 -1 0
vn 0 -1 0
vn 0 -1 0
vn 0 -1 0
vn 0 -1 0
vn 0 -1 0
vn 0 -1 0
vn 0 -1 0
vn 0 -1 0
vn 0 -1 0
vn 0 -1 0
vn 0 -1 0
vn 0 -1 0
vn 0 -1 0
vn 0 -1 0
vn 0 -1 0
vn 0 -1 0
vn 0 -1 0
vn 0 -1 0
vn 0 -1 0
vn 0 -1 0
vn 0 -1 0
vn 0 -1 0
vn 0 -1 0
vn 0 -1 0
vn 0 -1 0
vn 0 -1 0
vn 0 -1 0
vn 0 -1 0
vn 0 -1 0
vn 0 -1 0
vn 0 -1 0
vn 0 -1 0
vn 0 -1 0
vn 0 -1 0
vn 0 -1 0
vn 0 -1 0
vn 0 -1 0
vn 0 -1 0
vn 0 -1 0
vn 0 -1 0
vn 0 -1 0
vn 0 -1 0
vn 0 -1 0
vn 0 -1 0
vn 0 -1 0
vn 0 -1 0
vn 0 -1 0
vn 0 -1 0
vn 0 -1 0
vn 0 -1 0
vn 0 -1 0
vn 0 -1 0
vn 0 -1 0
vn 0 -1 0
vn 0 -1 0
vn 0 -1 0
vn 0 -1 0
vn 0 -1 0
vn 0 -1 0
vn 0 -1 0
vn 0 -1 0
vn 0 -1 0
vn 0 -1 0
vn 0 -1 0
vn 0 -1 0
vn 0 -1 0
vn 0 -1 0
vn 0 -1 0
vn 0 -1 0
vn 0 -1 0
vn 0 -1 0
vn 0 -1 0
vn 0 -1 0
vn 0 -1 0
vn 0 -1 0
vn 0 -1 0
vn 0 -1 0
vn 0 -1 0
vn 0 -1 0
vn 0 -1 0
vn 0 -1 0
vn 0 -1 0
vn 0 -1 0
vn 0 -1 0
vn 0 -1 0
vn 0 -1 0
vn 0 -1 0
vn 0 -1 0
vn 0 -1 0
vn 0 -1 0
vn 0 -1 0
vn 0 -1 0
vn 0 -1 0
vn 0 -1 0
vn 0 -1 0
vn 0 -1 0
vn 0 -1 0
vn 0 -1 0
vn 0 -1 0
vn 0 -1 0
vn 0 -1 0
vn 0 -1 0
vn 0 -1 0
vn 0 -1 0
vn 0 -1 0
vn 0 -1 0
vn 0 -1 0
vn 0 -1 0
vn 0 -1 0
vn 0 -1 0
vn 0 -1 0
vn 0 -1 0
vn 0 -1 0
vn 0 -1 0
vn 0 -1 0
vn 0 -1 0
vn 0 -1 0
vn 0 -1 0
vn 0 -1 0
vn 0 -1 0
vn 0 -1 0
vn 0 -1 0
vn 0 -1 0
vn 0 -1 0
vn 0 -1 0
vn 0 -1 0
vn 0 -1 0
vn 0 -1 0
vn 0 -1 0
vn 0 -1 0
vn 0 -1 0
vn 0 -1 0
vn 0 -1 0
vn 0 -1 0
vn 0 -1 0
vn 0 -1 0
vn 0 -1 0
vn 0 -1 0
vn 0 -1 0
vn 0 -1 0
vn 0 -1 0
vn 0 -1 0
vn 0 -1 0
vn 0 -1 0
vn 0 -1 0
vn 0 -1 0
vn 0 -1 0
vn 0 -1 0
vn 0 -1 0
vn 0 -1 0
vn 0 -1 0
vn 0 -1 0
vn 0 -1 0
vn 0 -1 0
vn 0 -1 0
vn 0 -1 0
vn 0 -1 0
vn 0 -1 0
vn 0 -1 0
vn 0 -1 0
vn 0 -1 0
vn 0 -1 0
vn 0 -1 0
vn 0 -1 0
vn 0 -1 0
vn 0 -1 0
vn 0 -1 0
vn 0 -1 0
vn 0 -1 0
vn 0 -1 0
vn 0 -1 0
vn 0 -1 0
vn 0 -1 0
vn 0 -1 0
vn 0 -1 0
vn 0 -1 0
vn 0 -1 0
vn 0 -1 0
vn 0 -1 0
vn 0 -1 0
vn 0 -1 0
vn 0 -1 0
vn 0 -1 0
vn 0 -1 0
vn 0 -1 0
vn 0 -1 0
vn 0 -1 0
vn 0 -1 0
vn 0 -1 0
vn 0 -1 0
vn 0 -1 0
vn 0 -1 0
vn 0 -1 0
vn 0 -1 0
vn 0 -1 0
vn 0 -1 0
vn 0 -1 0
vn 0 -1 0
vn 0 -1 0
vn 0 -1 0
vn 0 -1 0
vn 0 -1 0
vn 0 -1 0
vn 0 -1 0
vn 0 -1 0
vn 0 -1 0
vn 0 -1 0
vn 0 -1 0
vn 0 -1 0
vn 0 -1 0
vn 0 -1 0
vn 0 -1 0
vn 0 -1 0
vn 0 -1 0
vn 0 -1 0
vn 0 -1 0
vn 0 -1 0
vn 0 -1 0
vn 0 -1 0
vn 0 -1 0
vn 0 -1 0
vn 0 -1 0
vn 0 -1 0
vn 0 -1 0
vn 0 -1 0
vn 0 -1 0
vn 0 -1 0
vn 0 -1 0
vn 0 -1 0
vn 0 -1 0
vn 0 -1 0
vn 0 -1 0
vn 0 -1 0
vn 0 -1 0
vn 0 -1 0
vn 0 -1 0
vn 0 -1 0
vn 0 -1 0
vn 0 -1 0
vn 0 -1 0
vn 0 -1 0
vn 0 -1 0
vn 0 -1 0
vn 0 -1 0
vn 0 -1 0
vn 0 -1 0
vn 0 -1 0
vn 0 -1 0
vn 0 -1 0
vn 0 -1 0
vn 0 -1 0
vn 0 -1 0
vn 0 -1 0
vn 0 -1 0
vn 0 -1 0
vn 0 -1 0
vn 0 -1 0
vn 0 -1 0
vn 0 -1 0
vn 0 -1 0
vn 0 -1 0
vn 0 -1 0
vn 0 -1 0
vn 0 -1 0
vn 0 -1 0
vn 0 -1 0
vn 0 -1 0
vn 0 -1 0
vn 0 -1 0
vn 0 -1 0
vn 0 -1 0
vn 0 -1 0
vn 0 -1 0
vn 0 -1 0
vn 0 -1 0
vn 0 -1 0
vn 0 -1 0
vn 0 -1 0
vn 0 -1 0
vn 0 -1 0
vn 0 -1 0
vn 0 -1 0
vn 0 -1 0
vn 0 -1 0
vn 0 -1 0
vn 0 -1 0
vn 0 -1 0
vn 0 -1 0
vn 0 -1 0
vn 0 -1 0
vn 0 -1 0
vn 0 -1 0
vn 0 -1 0
vn 0 -1 0
vn 0 -1 0
vn 0 -1 0
vn 0 -1 0
vn 0 -1 0
vn 0 -1 0
vn 0 -1 0
vn 0 -1 0
vn 0 -1 0
vn 0 -1 0
vn 0 -1 0
vn 0 -1 0
vn 0 -1 0
vn 0 -1 0
vn 0 -1 0
vn 0 -1 0
vn 0 -1 0
vn 0 -1 0
vn 0 -1 0
vn 0 -1 0
vn 0 -1 0
vn 0 -1 0
vn 0 -1 0
vn 0 -1 0
vn 0 -1 0
vn 0 -1 0
vn 0 -1 0
vn 0 1 0
vn 0 1 0
vn 0 1 0
vn 0 1 0
vn 0 1 0
vn 0 1 0
vn 0 1 0
vn 0 1 0
vn 0 1 0
vn 0 1 0
vn 0 1 0
vn 0 1 0
vn 0 1 0
vn 0 1 0
vn 0 1 0
vn 0 1 0
vn 0 1 0
vn 0 1 0
vn 0 1 0
vn 0 1 0
vn 0 1 0
vn 0 1 0
vn 0 1 0
vn 0 1 0
vn 0 1 0
vn 0 1 0
vn 0 1 0
vn 0 1 0
vn 0 1 0
vn 0 1 0
vn 0 1 0
vn 0 1 0
vn 0 1 0
vn 0 1 0
vn 0 1 0
vn 0 1 0
vn 0 1 0
vn 0 1 0
vn 0 1 0
vn 0 1 0
vn 0 1 0
vn 0 1 0
vn 0 1 0
vn 0 1 0
vn 0 1 0
vn 0 1 0
vn 0 1 0
vn 0 1 0
vn 0 1 0
vn 0 1 0
vn 0 1 0
vn 0 1 0
vn 0 1 0
vn 0 1 0
vn 0 1 0
vn 0 1 0
vn 0 1 0
vn 0 1 0
vn 0 1 0
vn 0 1 0
vn 0 1 0
vn 0 1 0
vn 0 1 0
vn 0 1 0
vn 0 1 0
vn 0 1 0
vn 0 1 0
vn 0 1 0
vn 0 1 0
vn 0 1 0
vn 0 1 0
vn 0 1 0
vn 0 1 0
vn 0 1 0
vn 0 1 0
vn 0 1 0
vn 0 1 0
vn 0 1 0
vn 0 1 0
vn 0 1 0
vn 0 1 0
vn 0 1 0
vn 0 1 0
vn 0 1 0
vn 0 1 0
vn 0 1 0
vn 0 1 0
vn 0 1 0
vn 0 1 0
vn 0 1 0
vn 0 1 0
vn 0 1 0
vn 0 1 0
vn 0 1 0
vn 0 1 0
vn 0 1 0
vn 0 1 0
vn 0 1 0
vn 0 1 0
vn 0 1 0
vn 0 1 0
vn 0 1 0
vn 0 1 0
vn 0 1 0
vn 0 1 0
vn 0 1 0
vn 0 1 0
vn 0 1 0
vn 0 1 0
vn 0 1 0
vn 0 1 0
vn 0 1 0
vn 0 1 0
vn 0 1 0
vn 0 1 0
vn 0 1 0
vn 0 1 0
vn 0 1 0
vn 0 1 0
vn 0 1 0
vn 0 1 0
vn 0 1 0
vn 0 1 0
vn 0 1 0
vn 0 1 0
vn 0 1 0
vn 0 1 0
vn 0 1 0
vn 0 1 0
vn 0 1 0
vn 0 1 0
vn 0 1 0
vn 0 1 0
vn 0 1 0
vn 0 1 0
vn 0 1 0
vn 0 1 0
vn 0 1 0
vn 0 1 0
vn 0 1 0
vn 0 1 0
vn 0 1 0
vn 0 1 0
vn 0 1 0
vn 0 1 0
vn 0 1 0
vn 0 1 0
vn 0 1 0
vn 0 1 0
vn 0 1 0
vn 0 1 0
vn 0 1 0
vn 0 1 0
vn 0 1 0
vn 0 1 0
vn 0 1 0
vn 0 1 0
vn 0 1 0
vn 0 1 0
vn 0 1 0
vn 0 1 0
vn 0 1 0
vn 0 1 0
vn 0 1 0
vn 0 1 0
vn 0 1 0
vn 0 1 0
vn 0 1 0
vn 0 1 0
vn 0 1 0
vn 0 1 0
vn 0 1 0
vn 0 1 0
vn 0 1 0
vn 0 1 0
vn 0 1 0
vn 0 1 0
vn 0 1 0
vn 0 1 0
vn 0 1 0
vn 0 1 0
vn 0 1 0
vn 0 1 0
vn 0 1 0
vn 0 1 0
vn 0 1 0
vn 0 1 0
vn 0 1 0
vn 0 1 0
vn 0 1 0
vn 0 1 0
vn 0 1 0
vn 0 1 0
vn 0 1 0
vn 0 1 0
vn 0 1 0
vn 0 1 0
vn 0 1 0
vn 0 1 0
vn 0 1 0
vn 0 1 0
vn 0 1 0
vn 0 1 0
vn 0 1 0
vn 0 1 0
vn 0 1 0
vn 0 1 0
vn 0 1 0
vn 0 1 0
vn 0 1 0
vn 0 1 0
vn 0 1 0
vn 0 1 0
vn 0 1 0
vn 0 1 0
vn 0 1 0
vn 0 1 0
vn 0 1 0
vn 0 1 0
vn 0 1 0
vn 0 1 0
vn 0 1 0
vn 0 1 0
vn 0 1 0
vn 0 1 0
vn 0 1 0
vn 0 1 0
vn 0 1 0
vn 0 1 0
vn 0 1 0
vn 0 1 0
vn 0 1 0
vn 0 1 0
vn 0 1 0
vn 0 1 0
vn 0 1 0
vn 0 1 0
vn 0 1 0
vn 0 1 0
vn 0 1 0
vn 0 1 0
vn 0 1 0
vn 0 1 0
vn 0 1 0
vn 0 1 0
vn 0 1 0
vn 0 1 0
vn 0 1 0
vn 0 1 0
vn 0 1 0
vn 0 1 0
vn 0 1 0
vn 0 1 0
vn 0 1 0
vn 0 1 0
vn 0 1 0
vn 0 1 0
vn 0 1 0
vn 0 1 0
vn 0 1 0
vn 0 1 0
vn 0 1 0
vn 0 1 0
vn 0 1 0
vn 0 1 0
vn 0 1 0
vn 0 1 0
vn 0 1 0
vn 0 1 0
vn 0 1 0
vn 0 1 0
vn 0 1 0
vn 0 1 0
vn 0 1 0
vn 0 1 0
vn 0 1 0
vn 0 1 0
vn 0 1 0
vn 0 1 0
vn 0 1 0
vn 0 1 0
vn 0 1 0
vn 0 1 0
vn 0 1 0
vn 0 1 0
vn 0 1 0
vn 0 1 0
vn 0 1 0
vn 0 1 0
vn 0 1 0
vn 0 1 0
vn 0 1 0
vn 0 1 0
vn 0 1 0
vn 0 1 0
vn 0 1 0
vn 0 1 0
vn 0 1 0
vn 0 1 0
vn 0 1 0
vn 0 1 0
vn 0 1 0
vn 0 1 0
vn 0 1 0
vn 0 1 0
vn 0 1 0
vn 0 1 0
vn 0 1 0
vn 0 1 0
vn 0 1 0
vn 0 1 0
vn 0 1 0
vn 0 1 0
vn 0 1 0
vn 0 1 0
vn 0 1 0
vn 0 1 0
vn 0 1 0
vn 0 1 0
vn 0 1 0
vn 0 1 0
vn 0 1 0
vn 0 1 0
vn 0 1 0
vn 0 1 0
vn 0 1 0
vn 0 1 0
vn 0 1 0
vn 0 1 0
vn 0 1 0
vn 0 1 0
vn 0 1 0
vn 0 1 0
vn 0 1 0
vn 0 1 0
vn 0 1 0
vn 0 1 0
vn 0 1 0
vn 0 1 0
vn 0 1 0
vn 0 1 0
vn 0 1 0
vn 0 1 0
vn 0 1 0
vn 0 1 0
vn 0 1 0
vn 0 1 0
vn 0 1 0
vn 0 1 0
vn 0 1 0
vn 0 1 0
vn 0 1 0
vn 0 1 0
vn 0 1 0
vn 0 1 0
vn 0 1 0
vn 0 1 0
vn 0 1 0
vn 0 1 0
vn 0 1 0
vn 0 1 0
vn 0 1 0
vn 0 1 0
vn 0 1 0
vn 0 1 0
vn 0 1 0
vn 0 1 0
vn 0 1 0
vn 0 1 0
vn 0 1 0
vn 0 1 0
vn 0 1 0
vn 0 1 0
vn 0 1 0
vn 0 1 0
vn 0 1 0
vn 0 1 0
vn 0 1 0
vn 0 1 0
vn 0 1 0
vn 0 1 0
vn 0 1 0
vn 0 1 0
vn 0 1 0
vn 0 1 0
vn 0 1 0
vn 0 1 0
vn 0 1 0
vn 0 1 0
vn 0 1 0
vn 0 1 0
vn 0 1 0
vn 0 1 0
vn 0 1 0
vn 0 1 0
vn 0 1 0
vn 0 1 0
vn 0 1 0
vn 0 1 0
vn 0 1 0
vn 0 1 0
vn 0 1 0
vn 0 1 0
vn 0 1 0
vn 0 1 0
vn 0 1 0
vn 0 1 0
vn 0 1 0
vn 0 1 0
vn 0 1 0
vn 0 1 0
vn 0 1 0
vn 0 1 0
vn 0 1 0
vn 0 1 0
vn 0 1 0
vn 0 1 0
vn 0 1 0
vn 0 1 0
vn 0 1 0
vn 0 1 0
vn 0 1 0
vn 0 1 0
vn 0 1 0
vn 0 1 0
vn 0 1 0
vn 0 1 0
vn 0 1 0
vn 0 1 0
vn 0 1 0
vn 0 1 0
vn 0 1 0
vn 0 1 0
vn 0 1 0
vn 0 1 0
vn 0 1 0
vn 0 1 0
vn 0 1 0
vn 0 1 0
vn 0 1 0
vn 0 1 0
vn 0 1 0
vn 0 1 0
vn 0 1 0
vn 0 1 0
vn 0 1 0
vn 0 1 0
vn 0 1 0
vn 0 1 0
vn 0 1 0
vn 0 1 0
vn 0 1 0
vn 0 1 0
vn 0 1 0
vn 0 1 0
vn 0 1 0
vn 0 1 0
vn 0 1 0
vn 0 1 0
vn 0 1 0
vn 0 1 0
vn 0 1 0
vn 0 1 0
vn 0 1 0
vn 0 1 0
vn 0 1 0
vn 0 1 0
vn 0 1 0
vn 0 1 0
vn 0 1 0
vn 0 1 0
vn 0 1 0
vn 0 1 0
vn 0 1 0
vn 0 1 0
vn 0 1 0
vn 0 1 0
vn 0 1 0
vn 0 1 0
vn 0 1 0
vn 0 1 0
vn 0 1 0
vn 0 1 0
vn 0 1 0
vn 0 1 0
vn 0 1 0
vn 0 1 0
vn 0 1 0
vn 0 1 0
vn 0 1 0
vn 0 1 0
vn 0 1 0
vn 0 1 0
vn 0 1 0
vn 0 1 0
vn 0 1 0
vn 0 1 0
vn 0 1 0
vn 0 1 0
vn 0 1 0
vn 0 1 0
vn 0 1 0
vn 0 1 0
vn 0 1 0
vn 0 1 0
vn 0 1 0
vn 0 1 0
vn 0 1 0
vn 0 1 0
vn 0 1 0
vn 0 1 0
vn 0 1 0
vn 0 1 0
vn 0 1 0
vn 0 1 0
vn 0 1 0
vn 0 1 0
vn 0 1 0
vn 0 1 0
vn 0 1 0
vn 0 1 0
vn 0 1 0
vn 0 1 0
vn 0 1 0
vn 0 1 0
vn 0 1 0
vn 0 1 0
vn 0 1 0
vn 0 1 0
vn 0 1 0
vn 0 1 0
vn 0 1 0
vn 0 1 0
vn 0 1 0
vn 0 1 0
vn 0 1 0
vn 0 1 0
vn 0 1 0
vn 0 1 0
vn 0 1 0
vn 0 1 0
vn 0 1 0
vn 0 1 0
vn 0 1 0
vn 0 1 0
vn 0 1 0
vn 0 1 0
vn 0 1 0
vn 0 1 0
vn 0 1 0
vn 0 1 0
vn 0 1 0
vn 0 1 0
vn 0 1 0
vn 0 1 0
vn 0 1 0
vn 0 1 0
vn 0 1 0
vn 0 1 0
vn 0 1 0
vn 0 1 0
vn 0 1 0
vn 0 1 0
vn 0 1 0
vn 0 1 0
vn 0 1 0
vn 0 1 0
vn 0 1 0
vn 0 1 0
vn 0 1 0
vn 0 1 0
vn 0 1 0
vn 0 1 0
vn 0 1 0
vn 0 1 0
vn 0 1 0
vn 0 1 0
vn 0 1 0
vn 0 1 0
vn 0 1 0
vn 0 1 0
vn 0 1 0
vn 0 1 0
vn 0 1 0
vn 0 1 0
vn 0 1 0
vn 0 1 0
vn 0 1 0
vn 0 1 0
vn 0 1 0
vn 0 1 0
vn 0 1 0
vn 0 1 0
vn 0 1 0
vn 0 1 0
vn 0 1 0
vn 0 1 0
vn 0 1 0
vn 0 1 0
vn 0 1 0
vn 0 1 0
vn 0 1 0
vn 0 1 0
vn 0 1 0
vn 0 1 0
vn 0 1 0
vn 0 1 0
vn 0 1 0
vn 0 1 0
vn 0 1 0
vn 0 1 0
vn 0 1 0
vn 0 1 0
vn 0 1 0
vn 0 1 0
vn 0 1 0
vn 0 1 0
vn 0 1 0
vn 0 1 0
vn 0 1 0
vn 0 1 0
vn 0 1 0
vn 0 1 0
vn 0 1 0
vn 0 1 0
vn 0 1 0
vn 0 1 0
vn 0 1 0
vn 0 1 0
vn 0 1 0
vn 0 1 0
vn 0 1 0
vn 0 1 0
vn 0 1 0
vn 0 1 0
vn 0 1 0
vn 0 1 0
vn 0 1 0
vn 0 1 0
vn 0 1 0
vn 0 1 0
vn 0 1 0
vn 0 1 0
vn 0 1 0
vn 0 1 0
vn 0 1 0
vn 0 1 0
vn 0 1 0
vn 0 1 0
vn 0 1 0
vn 0 1 0
vn 0 1 0
vn -1 0 0
vn -1 0 0
vn -0.91899228096008301 0 0.39427557587623596
vn -0.91899228096008301 0 0.39427557587623596
vn -0.70008993148803711 0 0.71405470371246338
vn -0.70008993148803711 0 0.71405470371246338
vn -0.37811726331710815 0 0.92575770616531372
vn -0.37811726331710815 0 0.92575770616531372
vn 0 0 1
vn 0 0 1
vn 0.39427557587623596 0 0.91899228096008301
vn 0.39427557587623596 0 0.91899228096008301
vn 0.71405470371246338 0 0.70008993148803711
vn 0.71405470371246338 0 0.70008993148803711
vn 0.92575770616531372 0 0.37811726331710815
vn 0.92575770616531372 0 0.37811726331710815
vn 1 0 0
vn 1 0 0
vn 0.91899228096008301 0 -0.39427557587623596
vn 0.91899228096008301 0 -0.39427557587623596
vn 0.70008993148803711 0 -0.71405470371246338
vn 0.70008993148803711 0 -0.71405470371246338
vn 0.37811726331710815 0 -0.92575770616531372
vn 0.37811726331710815 0 -0.92575770616531372
vn 0 0 -1
vn 0 0 -1
vn -0.39427557587623596 0 -0.91899228096008301
vn -0.39427557587623596 0 -0.91899228096008301
vn -0.71405470371246338 0 -0.70008993148803711
vn -0.71405470371246338 0 -0.70008993148803711
vn -0.92575770616531372 0 -0.37811726331710815
vn -0.92575770616531372 0 -0.37811726331710815
vn -1 0 0
vn -1 0 0
vn -1 0 0
vn -1 0 0
vn -0.91899228096008301 0 0.39427557587623596
vn -0.91899228096008301 0 0.39427557587623596
vn -0.70008993148803711 0 0.71405470371246338
vn -0.70008993148803711 0 0.71405470371246338
vn -0.37811726331710815 0 0.92575770616531372
vn -0.37811726331710815 0 0.92575770616531372
vn 0 0 1
vn 0 0 1
vn 0.39427557587623596 0 0.91899228096008301
vn 0.39427557587623596 0 0.91899228096008301
vn 0.71405470371246338 0 0.70008993148803711
vn 0.71405470371246338 0 0.70008993148803711
vn 0.92575770616531372 0 0.37811726331710815
vn 0.92575770616531372 0 0.37811726331710815
vn 1 0 0
vn 1 0 0
vn 0.91899228096008301 0 -0.39427557587623596
vn 0.91899228096008301 0 -0.39427557587623596
vn 0.70008993148803711 0 -0.71405470371246338
vn 0.70008993148803711 0 -0.71405470371246338
vn 0.37811726331710815 0 -0.92575770616531372
vn 0.37811726331710815 0 -0.92575770616531372
vn 0 0 -1
vn 0 0 -1
vn -0.39427557587623596 0 -0.91899228096008301
vn -0.39427557587623596 0 -0.91899228096008301
vn -0.71405470371246338 0 -0.70008993148803711
vn -0.71405470371246338 0 -0.70008993148803711
vn -0.92575770616531372 0 -0.37811726331710815
vn -0.92575770616531372 0 -0.37811726331710815
vn -1 0 0
vn -1 0 0
vn -0.92387956380844116 0 0.3826833963394165
vn -0.92387956380844116 0 0.3826833963394165
vn -0.69815546274185181 0 0.71594619750976562
vn -0.69815546274185181 0 0.71594619750976562
vn -0.37354189157485962 0 0.92761331796646118
vn -0.37354189157485962 0 0.92761331796646118
vn 0.004937304649502039 0 0.99998784065246582
vn 0.004937304649502039 0 0.99998784065246582
vn 0.3826833963394165 0 0.92387956380844116
vn 0.3826833963394165 0 0.92387956380844116
vn 0.71594619750976562 0 0.69815546274185181
vn 0.71594619750976562 0 0.69815546274185181
vn 0.92761331796646118 0 0.37354189157485962
vn 0.92761331796646118 0 0.37354189157485962
vn 0.99998784065246582 0 -0.004937304649502039
vn 0.99998784065246582 0 -0.004937304649502039
vn 0.92387956380844116 0 -0.3826833963394165
vn 0.92387956380844116 0 -0.3826833963394165
vn 0.69815546274185181 0 -0.71594619750976562
vn 0.69815546274185181 0 -0.71594619750976562
vn 0.37354189157485962 0 -0.92761331796646118
vn 0.37354189157485962 0 -0.92761331796646118
vn -0.004937304649502039 0 -0.99998784065246582
vn -0.004937304649502039 0 -0.99998784065246582
vn -0.3826833963394165 0 -0.92387956380844116
vn -0.3826833963394165 0 -0.92387956380844116
vn -0.71594619750976562 0 -0.69815546274185181
vn -0.71594619750976562 0 -0.69815546274185181
vn -0.92761331796646118 0 -0.37354189157485962
vn -0.92761331796646118 0 -0.37354189157485962
vn -0.99998784065246582 0 0.004937304649502039
vn -0.99998784065246582 0 0.004937304649502039
vn -0.92387956380844116 0 0.3826833963394165
vn -0.92387956380844116 0 0.3826833963394165
vn -0.70710676908493042 0 0.70710676908493042
vn -0.70710676908493042 0 0.70710676908493042
vn -0.37103071808815002 0 0.92862057685852051
vn -0.37103071808815002 0 0.92862057685852051
vn 0.0098745869472622871 0 0.99995124340057373
vn 0.0098745869472622871 0 0.99995124340057373
vn 0.38724029064178467 0 0.92197883129119873
vn 0.38724029064178467 0 0.92197883129119873
vn 0.70710676908493042 0 0.70710676908493042
vn 0.70710676908493042 0 0.70710676908493042
vn 0.92862057685852051 0 0.37103071808815002
vn 0.92862057685852051 0 0.37103071808815002
vn 0.99995124340057373 0 -0.0098745869472622871
vn 0.99995124340057373 0 -0.0098745869472622871
vn 0.92197883129119873 0 -0.38724029064178467
vn 0.92197883129119873 0 -0.38724029064178467
vn 0.70710676908493042 0 -0.70710676908493042
vn 0.70710676908493042 0 -0.70710676908493042
vn 0.37103071808815002 0 -0.92862057685852051
vn 0.37103071808815002 0 -0.92862057685852051
vn -0.0098745869472622871 0 -0.99995124340057373
vn -0.0098745869472622871 0 -0.99995124340057373
vn -0.38724029064178467 0 -0.92197883129119873
vn -0.38724029064178467 0 -0.92197883129119873
vn -0.70710676908493042 0 -0.70710676908493042
vn -0.70710676908493042 0 -0.70710676908493042
vn -0.92862057685852051 0 -0.37103071808815002
vn -0.92862057685852051 0 -0.37103071808815002
vn -0.99995124340057373 0 0.0098745869472622871
vn -0.99995124340057373 0 0.0098745869472622871
vn -0.92197883129119873 0 0.38724029064178467
vn -0.92197883129119873 0 0.38724029064178467
vn -0.70710676908493042 0 0.70710676908493042
vn -0.70710676908493042 0 0.70710676908493042
vn -0.38268342614173889 0 0.92387950420379639
vn -0.38268342614173889 0 0.92387950420379639
vn 0.01258002407848835 0 0.99992084503173828
vn 0.01258002407848835 0 0.99992084503173828
vn 0.39178770780563354 0 0.92005562782287598
vn 0.39178770780563354 0 0.92005562782287598
vn 0.71058940887451172 0 0.70360690355300903
vn 0.71058940887451172 0 0.70360690355300903
vn 0.92387950420379639 0 0.38268342614173889
vn 0.92387950420379639 0 0.38268342614173889
vn 0.99992084503173828 0 -0.01258002407848835
vn 0.99992084503173828 0 -0.01258002407848835
vn 0.92005562782287598 0 -0.39178770780563354
vn 0.92005562782287598 0 -0.39178770780563354
vn 0.70360690355300903 0 -0.71058940887451172
vn 0.70360690355300903 0 -0.71058940887451172
vn 0.38268342614173889 0 -0.92387950420379639
vn 0.38268342614173889 0 -0.92387950420379639
vn -0.01258002407848835 0 -0.99992084503173828
vn -0.01258002407848835 0 -0.99992084503173828
vn -0.39178770780563354 0 -0.92005562782287598
vn -0.39178770780563354 0 -0.92005562782287598
vn -0.71058940887451172 0 -0.70360690355300903
vn -0.71058940887451172 0 -0.70360690355300903
vn -0.92387950420379639 0 -0.38268342614173889
vn -0.92387950420379639 0 -0.38268342614173889
vn -0.99992084503173828 0 0.01258002407848835
vn -0.99992084503173828 0 0.01258002407848835
vn -0.92005562782287598 0 0.39178770780563354
vn -0.92005562782287598 0 0.39178770780563354
vn -0.70360690355300903 0 0.71058940887451172
vn -0.70360690355300903 0 0.71058940887451172
vn -0.38268342614173889 0 0.92387950420379639
vn -0.38268342614173889 0 0.92387950420379639
vn 0 0 1
vn 0 0 1
vn 0.39427557587623596 0 0.91899228096008301
vn 0.39427557587623596 0 0.91899228096008301
vn 0.71405470371246338 0 0.70008993148803711
vn 0.71405470371246338 0 0.70008993148803711
vn 0.92575770616531372 0 0.37811726331710815
vn 0.92575770616531372 0 0.37811726331710815
vn 1 0 0
vn 1 0 0
vn 0.91899228096008301 0 -0.39427557587623596
vn 0.91899228096008301 0 -0.39427557587623596
vn 0.70008993148803711 0 -0.71405470371246338
vn 0.70008993148803711 0 -0.71405470371246338
vn 0.37811726331710815 0 -0.92575770616531372
vn 0.37811726331710815 0 -0.92575770616531372
vn 0 0 -1
vn 0 0 -1
vn -0.39427557587623596 0 -0.91899228096008301
vn -0.39427557587623596 0 -0.91899228096008301
vn -0.71405470371246338 0 -0.70008993148803711
vn -0.71405470371246338 0 -0.70008993148803711
vn -0.92575770616531372 0 -0.37811726331710815
vn -0.92575770616531372 0 -0.37811726331710815
vn -1 0 0
vn -1 0 0
vn -0.91899228096008301 0 0.39427557587623596
vn -0.91899228096008301 0 0.39427557587623596
vn -0.70008993148803711 0 0.71405470371246338
vn -0.70008993148803711 0 0.71405470371246338
vn -0.37811726331710815 0 0.92575770616531372
vn -0.37811726331710815 0 0.92575770616531372
vn 0 0 1
vn 0 0 1
vn 0.3826833963394165 0 0.92387956380844116
vn 0.3826833963394165 0 0.92387956380844116
vn 0.71594619750976562 0 0.69815546274185181
vn 0.71594619750976562 0 0.69815546274185181
vn 0.92761331796646118 0 0.37354189157485962
vn 0.92761331796646118 0 0.37354189157485962
vn 0.99998784065246582 0 -0.004937304649502039
vn 0.99998784065246582 0 -0.004937304649502039
vn 0.92387956380844116 0 -0.3826833963394165
vn 0.92387956380844116 0 -0.3826833963394165
vn 0.69815546274185181 0 -0.71594619750976562
vn 0.69815546274185181 0 -0.71594619750976562
vn 0.37354189157485962 0 -0.92761331796646118
vn 0.37354189157485962 0 -0.92761331796646118
vn -0.004937304649502039 0 -0.99998784065246582
vn -0.004937304649502039 0 -0.99998784065246582
vn -0.3826833963394165 0 -0.92387956380844116
vn -0.3826833963394165 0 -0.92387956380844116
vn -0.71594619750976562 0 -0.69815546274185181
vn -0.71594619750976562 0 -0.69815546274185181
vn -0.92761331796646118 0 -0.37354189157485962
vn -0.92761331796646118 0 -0.37354189157485962
vn -0.99998784065246582 0 0.004937304649502039
vn -0.99998784065246582 0 0.004937304649502039
vn -0.92387956380844116 0 0.3826833963394165
vn -0.92387956380844116 0 0.3826833963394165
vn -0.69815546274185181 0 0.71594619750976562
vn -0.69815546274185181 0 0.71594619750976562
vn -0.37354189157485962 0 0.92761331796646118
vn -0.37354189157485962 0 0.92761331796646118
vn 0.004937304649502039 0 0.99998784065246582
vn 0.004937304649502039 0 0.99998784065246582
vn 0.3826833963394165 0 0.92387956380844116
vn 0.3826833963394165 0 0.92387956380844116
vn 0.70710676908493042 0 0.70710676908493042
vn 0.70710676908493042 0 0.70710676908493042
vn 0.92862057685852051 0 0.37103071808815002
vn 0.92862057685852051 0 0.37103071808815002
vn 0.99995124340057373 0 -0.0098745869472622871
vn 0.99995124340057373 0 -0.0098745869472622871
vn 0.92197883129119873 0 -0.38724029064178467
vn 0.92197883129119873 0 -0.38724029064178467
vn 0.70710676908493042 0 -0.70710676908493042
vn 0.70710676908493042 0 -0.70710676908493042
vn 0.37103071808815002 0 -0.92862057685852051
vn 0.37103071808815002 0 -0.92862057685852051
vn -0.0098745869472622871 0 -0.99995124340057373
vn -0.0098745869472622871 0 -0.99995124340057373
vn -0.38724029064178467 0 -0.92197883129119873
vn -0.38724029064178467 0 -0.92197883129119873
vn -0.70710676908493042 0 -0.70710676908493042
vn -0.70710676908493042 0 -0.70710676908493042
vn -0.92862057685852051 0 -0.37103071808815002
vn -0.92862057685852051 0 -0.37103071808815002
vn -0.99995124340057373 0 0.0098745869472622871
vn -0.99995124340057373 0 0.0098745869472622871
vn -0.92197883129119873 0 0.38724029064178467
vn -0.92197883129119873 0 0.38724029064178467
vn -0.70710676908493042 0 0.70710676908493042
vn -0.70710676908493042 0 0.70710676908493042
vn -0.37103071808815002 0 0.92862057685852051
vn -0.37103071808815002 0 0.92862057685852051
vn 0.0098745869472622871 0 0.99995124340057373
vn 0.0098745869472622871 0 0.99995124340057373
vn 0.38724029064178467 0 0.92197883129119873
vn 0.38724029064178467 0 0.92197883129119873
vn 0.70710676908493042 0 0.70710676908493042
vn 0.70710676908493042 0 0.70710676908493042
vn 0.92387950420379639 0 0.38268342614173889
vn 0.92387950420379639 0 0.38268342614173889
vn 0.99992084503173828 0 -0.01258002407848835
vn 0.99992084503173828 0 -0.01258002407848835
vn 0.92005562782287598 0 -0.39178770780563354
vn 0.92005562782287598 0 -0.39178770780563354
vn 0.70360690355300903 0 -0.71058940887451172
vn 0.70360690355300903 0 -0.71058940887451172
vn 0.38268342614173889 0 -0.92387950420379639
vn 0.38268342614173889 0 -0.92387950420379639
vn -0.01258002407848835 0 -0.99992084503173828
vn -0.01258002407848835 0 -0.99992084503173828
vn -0.39178770780563354 0 -0.92005562782287598
vn -0.39178770780563354 0 -0.92005562782287598
vn -0.71058940887451172 0 -0.70360690355300903
vn -0.71058940887451172 0 -0.70360690355300903
vn -0.92387950420379639 0 -0.38268342614173889
vn -0.92387950420379639 0 -0.38268342614173889
vn -0.99992084503173828 0 0.01258002407848835
vn -0.99992084503173828 0 0.01258002407848835
vn -0.92005562782287598 0 0.39178770780563354
vn -0.92005562782287598 0 0.39178770780563354
vn -0.70360690355300903 0 0.71058940887451172
vn -0.70360690355300903 0 0.71058940887451172
vn -0.38268342614173889 0 0.92387950420379639
vn -0.38268342614173889 0 0.92387950420379639
vn 0.01258002407848835 0 0.99992084503173828
vn 0.01258002407848835 0 0.99992084503173828
vn 0.39178770780563354 0 0.92005562782287598
vn 0.39178770780563354 0 0.92005562782287598
vn 0.71058940887451172 0 0.70360690355300903
vn 0.71058940887451172 0 0.70360690355300903
vn 0.92387950420379639 0 0.38268342614173889
vn 0.92387950420379639 0 0.38268342614173889
vn 1 0 0
vn 1 0 0
vn 0.91899228096008301 0 -0.39427557587623596
vn 0.91899228096008301 0 -0.39427557587623596
vn 0.70008993148803711 0 -0.71405470371246338
vn 0.70008993148803711 0 -0.71405470371246338
vn 0.37811726331710815 0 -0.92575770616531372
vn 0.37811726331710815 0 -0.92575770616531372
vn 0 0 -1
vn 0 0 -1
vn -0.39427557587623596 0 -0.91899228096008301
vn -0.39427557587623596 0 -0.91899228096008301
vn -0.71405470371246338 0 -0.70008993148803711
vn -0.71405470371246338 0 -0.70008993148803711
vn -0.92575770616531372 0 -0.37811726331710815
vn -0.92575770616531372 0 -0.37811726331710815
vn -1 0 0
vn -1 0 0
vn -0.91899228096008301 0 0.39427557587623596
vn -0.91899228096008301 0 0.39427557587623596
vn -0.70008993148803711 0 0.71405470371246338
vn -0.70008993148803711 0 0.71405470371246338
vn -0.37811726331710815 0 0.92575770616531372
vn -0.37811726331710815 0 0.92575770616531372
vn 0 0 1
vn 0 0 1
vn 0.39427557587623596 0 0.91899228096008301
vn 0.39427557587623596 0 0.91899228096008301
vn 0.71405470371246338 0 0.70008993148803711
vn 0.71405470371246338 0 0.70008993148803711
vn 0.92575770616531372 0 0.37811726331710815
vn 0.92575770616531372 0 0.37811726331710815
vn 1 0 0
vn 1 0 0
vn 0.92387956380844116 0 -0.3826833963394165
vn 0.92387956380844116 0 -0.3826833963394165
vn 0.69815546274185181 0 -0.71594619750976562
vn 0.69815546274185181 0 -0.71594619750976562
vn 0.37354189157485962 0 -0.92761331796646118
vn 0.37354189157485962 0 -0.92761331796646118
vn -0.004937304649502039 0 -0.99998784065246582
vn -0.004937304649502039 0 -0.99998784065246582
vn -0.3826833963394165 0 -0.92387956380844116
vn -0.3826833963394165 0 -0.92387956380844116
vn -0.71594619750976562 0 -0.69815546274185181
vn -0.71594619750976562 0 -0.69815546274185181
vn -0.92761331796646118 0 -0.37354189157485962
vn -0.92761331796646118 0 -0.37354189157485962
vn -0.99998784065246582 0 0.004937304649502039
vn -0.99998784065246582 0 0.004937304649502039
vn -0.92387956380844116 0 0.3826833963394165
vn -0.92387956380844116 0 0.3826833963394165
vn -0.69815546274185181 0 0.71594619750976562
vn -0.69815546274185181 0 0.71594619750976562
vn -0.37354189157485962 0 0.92761331796646118
vn -0.37354189157485962 0 0.92761331796646118
vn 0.004937304649502039 0 0.99998784065246582
vn 0.004937304649502039 0 0.99998784065246582
vn 0.3826833963394165 0 0.92387956380844116
vn 0.3826833963394165 0 0.92387956380844116
vn 0.71594619750976562 0 0.69815546274185181
vn 0.71594619750976562 0 0.69815546274185181
vn 0.92761331796646118 0 0.37354189157485962
vn 0.92761331796646118 0 0.37354189157485962
vn 0.99998784065246582 0 -0.004937304649502039
vn 0.99998784065246582 0 -0.004937304649502039
vn 0.92387956380844116 0 -0.3826833963394165
vn 0.92387956380844116 0 -0.3826833963394165
vn 0.70710676908493042 0 -0.70710676908493042
vn 0.70710676908493042 0 -0.70710676908493042
vn 0.37103071808815002 0 -0.92862057685852051
vn 0.37103071808815002 0 -0.92862057685852051
vn -0.0098745869472622871 0 -0.99995124340057373
vn -0.0098745869472622871 0 -0.99995124340057373
vn -0.38724029064178467 0 -0.92197883129119873
vn -0.38724029064178467 0 -0.92197883129119873
vn -0.70710676908493042 0 -0.70710676908493042
vn -0.70710676908493042 0 -0.70710676908493042
vn -0.92862057685852051 0 -0.37103071808815002
vn -0.92862057685852051 0 -0.37103071808815002
vn -0.99995124340057373 0 0.0098745869472622871
vn -0.99995124340057373 0 0.0098745869472622871
vn -0.92197883129119873 0 0.38724029064178467
vn -0.92197883129119873 0 0.38724029064178467
vn -0.70710676908493042 0 0.70710676908493042
vn -0.70710676908493042 0 0.70710676908493042
vn -0.37103071808815002 0 0.92862057685852051
vn -0.37103071808815002 0 0.92862057685852051
vn 0.0098745869472622871 0 0.99995124340057373
vn 0.0098745869472622871 0 0.99995124340057373
vn 0.38724029064178467 0 0.92197883129119873
vn 0.38724029064178467 0 0.92197883129119873
vn 0.70710676908493042 0 0.70710676908493042
vn 0.70710676908493042 0 0.70710676908493042
vn 0.92862057685852051 0 0.37103071808815002
vn 0.92862057685852051 0 0.37103071808815002
vn 0.99995124340057373 0 -0.0098745869472622871
vn 0.99995124340057373 0 -0.0098745869472622871
vn 0.92197883129119873 0 -0.38724029064178467
vn 0.92197883129119873 0 -0.38724029064178467
vn 0.70710676908493042 0 -0.70710676908493042
vn 0.70710676908493042 0 -0.70710676908493042
vn 0.38268342614173889 0 -0.92387950420379639
vn 0.38268342614173889 0 -0.92387950420379639
vn -0.01258002407848835 0 -0.99992084503173828
vn -0.01258002407848835 0 -0.99992084503173828
vn -0.39178770780563354 0 -0.92005562782287598
vn -0.39178770780563354 0 -0.92005562782287598
vn -0.71058940887451172 0 -0.70360690355300903
vn -0.71058940887451172 0 -0.70360690355300903
vn -0.92387950420379639 0 -0.38268342614173889
vn -0.92387950420379639 0 -0.38268342614173889
vn -0.99992084503173828 0 0.01258002407848835
vn -0.99992084503173828 0 0.01258002407848835
vn -0.92005562782287598 0 0.39178770780563354
vn -0.92005562782287598 0 0.39178770780563354
vn -0.70360690355300903 0 0.71058940887451172
vn -0.70360690355300903 0 0.71058940887451172
vn -0.38268342614173889 0 0.92387950420379639
vn -0.38268342614173889 0 0.92387950420379639
vn 0.01258002407848835 0 0.99992084503173828
vn 0.01258002407848835 0 0.99992084503173828
vn 0.39178770780563354 0 0.92005562782287598
vn 0.39178770780563354 0 0.92005562782287598
vn 0.71058940887451172 0 0.70360690355300903
vn 0.71058940887451172 0 0.70360690355300903
vn 0.92387950420379639 0 0.38268342614173889
vn 0.92387950420379639 0 0.38268342614173889
vn 0.99992084503173828 0 -0.01258002407848835
vn 0.99992084503173828 0 -0.01258002407848835
vn 0.92005562782287598 0 -0.39178770780563354
vn 0.92005562782287598 0 -0.39178770780563354
vn 0.70360690355300903 0 -0.71058940887451172
vn 0.70360690355300903 0 -0.71058940887451172
vn 0.38268342614173889 0 -0.92387950420379639
vn 0.38268342614173889 0 -0.92387950420379639
vn 0 0 -1
vn 0 0 -1
vn -0.39427557587623596 0 -0.91899228096008301
vn -0.39427557587623596 0 -0.91899228096008301
vn -0.71405470371246338 0 -0.70008993148803711
vn -0.71405470371246338 0 -0.70008993148803711
vn -0.92575770616531372 0 -0.37811726331710815
vn -0.92575770616531372 0 -0.37811726331710815
vn -1 0 0
vn -1 0 0
vn -0.91899228096008301 0 0.39427557587623596
vn -0.91899228096008301 0 0.39427557587623596
vn -0.70008993148803711 0 0.71405470371246338
vn -0.70008993148803711 0 0.71405470371246338
vn -0.37811726331710815 0 0.92575770616531372
vn -0.37811726331710815 0 0.92575770616531372
vn 0 0 1
vn 0 0 1
vn 0.39427557587623596 0 0.91899228096008301
vn 0.39427557587623596 0 0.91899228096008301
vn 0.71405470371246338 0 0.70008993148803711
vn 0.71405470371246338 0 0.70008993148803711
vn 0.92575770616531372 0 0.37811726331710815
vn 0.92575770616531372 0 0.37811726331710815
vn 1 0 0
vn 1 0 0
vn 0.91899228096008301 0 -0.39427557587623596
vn 0.91899228096008301 0 -0.39427557587623596
vn 0.70008993148803711 0 -0.71405470371246338
vn 0.70008993148803711 0 -0.71405470371246338
vn 0.37811726331710815 0 -0.92575770616531372
vn 0.37811726331710815 0 -0.92575770616531372
vn 0 0 -1
vn 0 0 -1
vn -0.3826833963394165 0 -0.92387956380844116
vn -0.3826833963394165 0 -0.92387956380844116
vn -0.71594619750976562 0 -0.69815546274185181
vn -0.71594619750976562 0 -0.69815546274185181
vn -0.92761331796646118 0 -0.37354189157485962
vn -0.92761331796646118 0 -0.37354189157485962
vn -0.99998784065246582 0 0.004937304649502039
vn -0.99998784065246582 0 0.004937304649502039
vn -0.92387956380844116 0 0.3826833963394165
vn -0.92387956380844116 0 0.3826833963394165
vn -0.69815546274185181 0 0.71594619750976562
vn -0.69815546274185181 0 0.71594619750976562
vn -0.37354189157485962 0 0.92761331796646118
vn -0.37354189157485962 0 0.92761331796646118
vn 0.004937304649502039 0 0.99998784065246582
vn 0.004937304649502039 0 0.99998784065246582
vn 0.3826833963394165 0 0.92387956380844116
vn 0.3826833963394165 0 0.92387956380844116
vn 0.71594619750976562 0 0.69815546274185181
vn 0.71594619750976562 0 0.69815546274185181
vn 0.92761331796646118 0 0.37354189157485962
vn 0.92761331796646118 0 0.37354189157485962
vn 0.99998784065246582 0 -0.004937304649502039
vn 0.99998784065246582 0 -0.004937304649502039
vn 0.92387956380844116 0 -0.3826833963394165
vn 0.92387956380844116 0 -0.3826833963394165
vn 0.69815546274185181 0 -0.71594619750976562
vn 0.69815546274185181 0 -0.71594619750976562
vn 0.37354189157485962 0 -0.92761331796646118
vn 0.37354189157485962 0 -0.92761331796646118
vn -0.004937304649502039 0 -0.99998784065246582
vn -0.004937304649502039 0 -0.99998784065246582
vn -0.3826833963394165 0 -0.92387956380844116
vn -0.3826833963394165 0 -0.92387956380844116
vn -0.70710676908493042 0 -0.70710676908493042
vn -0.70710676908493042 0 -0.70710676908493042
vn -0.92862057685852051 0 -0.37103071808815002
vn -0.92862057685852051 0 -0.37103071808815002
vn -0.99995124340057373 0 0.0098745869472622871
vn -0.99995124340057373 0 0.0098745869472622871
vn -0.92197883129119873 0 0.38724029064178467
vn -0.92197883129119873 0 0.38724029064178467
vn -0.70710676908493042 0 0.70710676908493042
vn -0.70710676908493042 0 0.70710676908493042
vn -0.37103071808815002 0 0.92862057685852051
vn -0.37103071808815002 0 0.92862057685852051
vn 0.0098745869472622871 0 0.99995124340057373
vn 0.0098745869472622871 0 0.99995124340057373
vn 0.38724029064178467 0 0.92197883129119873
vn 0.38724029064178467 0 0.92197883129119873
vn 0.70710676908493042 0 0.70710676908493042
vn 0.70710676908493042 0 0.70710676908493042
vn 0.92862057685852051 0 0.37103071808815002
vn 0.92862057685852051 0 0.37103071808815002
vn 0.99995124340057373 0 -0.0098745869472622871
vn 0.99995124340057373 0 -0.0098745869472622871
vn 0.92197883129119873 0 -0.38724029064178467
vn 0.92197883129119873 0 -0.38724029064178467
vn 0.70710676908493042 0 -0.70710676908493042
vn 0.70710676908493042 0 -0.70710676908493042
vn 0.37103071808815002 0 -0.92862057685852051
vn 0.37103071808815002 0 -0.92862057685852051
vn -0.0098745869472622871 0 -0.99995124340057373
vn -0.0098745869472622871 0 -0.99995124340057373
vn -0.38724029064178467 0 -0.92197883129119873
vn -0.38724029064178467 0 -0.92197883129119873
vn -0.70710676908493042 0 -0.70710676908493042
vn -0.70710676908493042 0 -0.70710676908493042
vn -0.92387950420379639 0 -0.38268342614173889
vn -0.92387950420379639 0 -0.38268342614173889
vn -0.99992084503173828 0 0.01258002407848835
vn -0.99992084503173828 0 0.01258002407848835
vn -0.92005562782287598 0 0.39178770780563354
vn -0.92005562782287598 0 0.39178770780563354
vn -0.70360690355300903 0 0.71058940887451172
vn -0.70360690355300903 0 0.71058940887451172
vn -0.38268342614173889 0 0.92387950420379639
vn -0.38268342614173889 0 0.92387950420379639
vn 0.01258002407848835 0 0.99992084503173828
vn 0.01258002407848835 0 0.99992084503173828
vn 0.39178770780563354 0 0.92005562782287598
vn 0.39178770780563354 0 0.92005562782287598
vn 0.71058940887451172 0 0.70360690355300903
vn 0.71058940887451172 0 0.70360690355300903
vn 0.92387950420379639 0 0.38268342614173889
vn 0.92387950420379639 0 0.38268342614173889
vn 0.99992084503173828 0 -0.01258002407848835
vn 0.99992084503173828 0 -0.01258002407848835
vn 0.92005562782287598 0 -0.39178770780563354
vn 0.92005562782287598 0 -0.39178770780563354
vn 0.70360690355300903 0 -0.71058940887451172
vn 0.70360690355300903 0 -0.71058940887451172
vn 0.38268342614173889 0 -0.92387950420379639
vn 0.38268342614173889 0 -0.92387950420379639
vn -0.01258002407848835 0 -0.99992084503173828
vn -0.01258002407848835 0 -0.99992084503173828
vn -0.39178770780563354 0 -0.92005562782287598
vn -0.39178770780563354 0 -0.92005562782287598
vn -0.71058940887451172 0 -0.70360690355300903
vn -0.71058940887451172 0 -0.70360690355300903
vn -0.92387950420379639 0 -0.38268342614173889
vn -0.92387950420379639 0 -0.38268342614173889
f 3/3/3 4/4/4 2/2/2 1/1/1
f 7/7/7 8/8/8 6/6/6 5/5/5
f 9/9/9 10/10/10 8/8/8 7/7/7
f 5/5/5 6/6/6 4/4/4 3/3/3
f 13/13/13 14/14/14 12/12/12 11/11/11
f 17/17/17 18/18/18 16/16/16 15/15/15
f 19/19/19 20/20/20 18/18/18 17/17/17
f 15/15/15 16/16/16 14/14/14 13/13/13
f 11/11/11 12/12/12 10/10/10 9/9/9
f 23/23/23 24/24/24 22/22/22 21/21/21
f 27/27/27 28/28/28 26/26/26 25/25/25
f 29/29/29 30/30/30 28/28/28 27/27/27
f 25/25/25 26/26/26 24/24/24 23/23/23
f 33/33/33 34/34/34 32/32/32 31/31/31
f 37/37/37 38/38/38 36/36/36 35/35/35
f 39/39/39 40/40/40 38/38/38 37/37/37
f 35/35/35 36/36/36 34/34/34 33/33/33
f 31/31/31 32/32/32 30/30/30 29/29/29
f 21/21/21 22/22/22 20/20/20 19/19/19
f 41/41/41 42/42/42 40/40/40 39/39/39
f 45/45/45 46/46/46 44/44/44 43/43/43
f 49/49/49 50/50/50 48/48/48 47/47/47
f 51/51/51 52/52/52 50/50/50 49/49/49
f 47/47/47 48/48/48 46/46/46 45/45/45
f 55/55/55 56/56/56 54/54/54 53/53/53
f 59/59/59 60/60/60 58/58/58 57/57/57
f 61/61/61 62/62/62 60/60/60 59/59/59
f 57/57/57 58/58/58 56/56/56 55/55/55
f 53/53/53 54/54/54 52/52/52 51/51/51
f 65/65/65 66/66/66 64/64/64 63/63/63
f 69/69/69 70/70/70 68/68/68 67/67/67
f 71/71/71 72/72/72 70/70/70 69/69/69
f 67/67/67 68/68/68 66/66/66 65/65/65
f 75/75/75 76/76/76 74/74/74 73/73/73
f 79/79/79 80/80/80 78/78/78 77/77/77
f 81/81/81 82/82/82 80/80/80 79/79/79
f 77/77/77 78/78/78 76/76/76 75/75/75
f 73/73/73 74/74/74 72/72/72 71/71/71
f 63/63/63 64/64/64 62/62/62 61/61/61
f 43/43/43 44/44/44 42/42/42 41/41/41
f 84/84/84 664/664/664 667/667/667 665/665/665
f 665/665/665 667/667/667 666/666/666 628/628/628
f 667/667/667 660/660/660 666/666/666
f 635/635/635 629/629/629 634/634/634
f 630/630/630 665/665/665 628/628/628 629/629/629
f 665/665/665 630/630/630 627/627/627 84/84/84
f 596/596/596 638/638/638 599/599/599 592/592/592
f 638/638/638 596/596/596 85/85/85 598/598/598
f 599/599/599 637/637/637 636/636/636
f 593/593/593 597/597/597 595/595/595
f 597/597/597 596/596/596 592/592/592 595/595/595
f 594/594/594 85/85/85 596/596/596 597/597/597
f 697/697/697 87/87/87 661/661/661
f 656/656/656 697/697/697 663/663/663
f 87/87/87 697/697/697 656/656/656
f 659/659/659 662/662/662 83/83/83
f 663/663/663 659/659/659 656/656/656
f 662/662/662 659/659/659 663/663/663
f 697/697/697 699/699/699 698/698/698 663/663/663
f 668/668/668 655/655/655 657/657/657
f 88/88/88 668/668/668 632/632/632
f 655/655/655 668/668/668 88/88/88
f 632/632/632 668/668/668 670/670/670 669/669/669
f 669/669/669 670/670/670 664/664/664 84/84/84
f 658/658/658 87/87/87 656/656/656
f 655/655/655 658/658/658 657/657/657
f 87/87/87 658/658/658 655/655/655
f 89/89/89 631/631/631 633/633/633 609/609/609
f 669/669/669 633/633/633 632/632/632
f 627/627/627 669/669/669 84/84/84
f 633/633/633 669/669/669 627/627/627
f 631/631/631 88/88/88 632/632/632 633/633/633
f 90/90/90 608/608/608 610/610/610 601/601/601
f 606/606/606 598/598/598 85/85/85
f 610/610/610 606/606/606 601/601/601
f 598/598/598 606/606/606 610/610/610
f 608/608/608 89/89/89 609/609/609 610/610/610
f 603/603/603 600/600/600 602/602/602
f 91/91/91 603/603/603 562/562/562
f 600/600/600 603/603/603 91/91/91
f 607/607/607 606/606/606 85/85/85 594/594/594
f 605/605/605 601/601/601 606/606/606 607/607/607
f 605/605/605 90/90/90 601/601/601
f 600/600/600 605/605/605 602/602/602
f 90/90/90 605/605/605 600/600/600
f 566/566/566 565/565/565 563/563/563 564/564/564
f 604/604/604 563/563/563 562/562/562
f 561/561/561 604/604/604 86/86/86
f 563/563/563 604/604/604 561/561/561
f 565/565/565 562/562/562 563/563/563
f 91/91/91 565/565/565 560/560/560
f 562/562/562 565/565/565 91/91/91
f 691/691/691 687/687/687 690/690/690
f 93/93/93 691/691/691 688/688/688
f 687/687/687 691/691/691 93/93/93
f 691/691/691 690/690/690 692/692/692 693/693/693
f 727/727/727 690/690/690 687/687/687
f 689/689/689 727/727/727 92/92/92
f 690/690/690 727/727/727 689/689/689
f 94/94/94 694/694/694 696/696/696 695/695/695
f 701/701/701 695/695/695 696/696/696
f 87/87/87 701/701/701 661/661/661
f 695/695/695 701/701/701 87/87/87
f 696/696/696 700/700/700 702/702/702 701/701/701
f 700/700/700 93/93/93 688/688/688
f 694/694/694 700/700/700 696/696/696
f 93/93/93 700/700/700 694/694/694
f 655/655/655 695/695/695 87/87/87
f 695/695/695 95/95/95 94/94/94
f 95/95/95 655/655/655 88/88/88
f 655/655/655 95/95/95 695/695/695
f 631/631/631 95/95/95 88/88/88
f 96/96/96 631/631/631 89/89/89
f 95/95/95 631/631/631 96/96/96
f 608/608/608 96/96/96 89/89/89
f 97/97/97 608/608/608 90/90/90
f 96/96/96 608/608/608 97/97/97
f 568/568/568 600/600/600 91/91/91
f 600/600/600 97/97/97 90/90/90
f 97/97/97 568/568/568 98/98/98
f 568/568/568 97/97/97 600/600/600
f 573/573/573 567/567/567 569/569/569
f 99/99/99 573/573/573 535/535/535
f 567/567/567 573/573/573 99/99/99
f 573/573/573 569/569/569 574/574/574 575/575/575
f 574/574/574 91/91/91 560/560/560
f 568/568/568 574/574/574 569/569/569
f 91/91/91 574/574/574 568/568/568
f 567/567/567 98/98/98 568/568/568 569/569/569
f 531/531/531 534/534/534 100/100/100
f 536/536/536 531/531/531 528/528/528
f 534/534/534 531/531/531 536/536/536
f 536/536/536 570/570/570 572/572/572 571/571/571
f 570/570/570 99/99/99 535/535/535
f 528/528/528 570/570/570 536/536/536
f 99/99/99 570/570/570 528/528/528
f 101/101/101 720/720/720 723/723/723 721/721/721
f 719/719/719 723/723/723 722/722/722
f 720/720/720 248/248/248 722/722/722 723/723/723
f 729/729/729 102/102/102 256/256/256
f 724/724/724 729/729/729 725/725/725
f 102/102/102 729/729/729 724/724/724
f 726/726/726 724/724/724 725/725/725
f 93/93/93 726/726/726 687/687/687
f 724/724/724 726/726/726 93/93/93
f 256/256/256 728/728/728 730/730/730 729/729/729
f 728/728/728 101/101/101 721/721/721 730/730/730
f 694/694/694 724/724/724 93/93/93
f 724/724/724 103/103/103 102/102/102
f 103/103/103 694/694/694 94/94/94
f 694/694/694 103/103/103 724/724/724
f 104/104/104 103/103/103 94/94/94 95/95/95
f 211/211/211 96/96/96 105/105/105
f 95/95/95 211/211/211 104/104/104
f 96/96/96 211/211/211 95/95/95
f 217/217/217 97/97/97 106/106/106
f 96/96/96 217/217/217 105/105/105
f 97/97/97 217/217/217 96/96/96
f 107/107/107 106/106/106 97/97/97 98/98/98
f 529/529/529 567/567/567 99/99/99
f 567/567/567 107/107/107 98/98/98
f 107/107/107 529/529/529 108/108/108
f 529/529/529 107/107/107 567/567/567
f 109/109/109 541/541/541 543/543/543 539/539/539
f 541/541/541 504/504/504 542/542/542 543/543/543
f 532/532/532 99/99/99 528/528/528
f 529/529/529 532/532/532 530/530/530
f 99/99/99 532/532/532 529/529/529
f 542/542/542 529/529/529 530/530/530
f 108/108/108 542/542/542 504/504/504
f 529/529/529 542/542/542 108/108/108
f 500/500/500 537/537/537 540/540/540 538/538/538
f 540/540/540 533/533/533 538/538/538
f 537/537/537 109/109/109 539/539/539 540/540/540
f 254/254/254 720/720/720 101/101/101 247/247/247
f 720/720/720 254/254/254 249/249/249 248/248/248
f 249/249/249 253/253/253 252/252/252
f 110/110/110 245/245/245 257/257/257 255/255/255
f 255/255/255 257/257/257 256/256/256 102/102/102
f 728/728/728 247/247/247 101/101/101
f 257/257/257 728/728/728 256/256/256
f 247/247/247 728/728/728 257/257/257
f 255/255/255 111/111/111 110/110/110
f 103/103/103 255/255/255 102/102/102
f 111/111/111 255/255/255 103/103/103
f 212/212/212 103/103/103 104/104/104
f 111/111/111 212/212/212 112/112/112
f 103/103/103 212/212/212 111/111/111
f 219/219/219 105/105/105 210/210/210
f 211/211/211 219/219/219 213/213/213
f 105/105/105 219/219/219 211/211/211
f 213/213/213 212/212/212 104/104/104 211/211/211
f 220/220/220 212/212/212 213/213/213
f 112/112/112 220/220/220 201/201/201
f 212/212/212 220/220/220 112/112/112
f 221/221/221 113/113/113 208/208/208
f 216/216/216 221/221/221 218/218/218
f 113/113/113 221/221/221 216/216/216
f 216/216/216 218/218/218 217/217/217 106/106/106
f 222/222/222 217/217/217 218/218/218
f 105/105/105 222/222/222 210/210/210
f 217/217/217 222/222/222 105/105/105
f 216/216/216 114/114/114 113/113/113
f 107/107/107 216/216/216 106/106/106
f 114/114/114 216/216/216 107/107/107
f 505/505/505 107/107/107 108/108/108
f 114/114/114 505/505/505 115/115/115
f 107/107/107 505/505/505 114/114/114
f 541/541/541 506/506/506 504/504/504
f 501/501/501 541/541/541 109/109/109
f 506/506/506 541/541/541 501/501/501
f 506/506/506 505/505/505 108/108/108 504/504/504
f 481/481/481 115/115/115 505/505/505 506/506/506
f 508/508/508 502/502/502 507/507/507
f 503/503/503 537/537/537 500/500/500 502/502/502
f 537/537/537 503/503/503 501/501/501 109/109/109
f 284/284/284 242/242/242 240/240/240 117/117/117
f 242/242/242 284/284/284 239/239/239 241/241/241
f 251/251/251 241/241/241 250/250/250
f 118/118/118 243/243/243 246/246/246 244/244/244
f 244/244/244 246/246/246 245/245/245 110/110/110
f 288/288/288 246/246/246 243/243/243
f 240/240/240 288/288/288 117/117/117
f 246/246/246 288/288/288 240/240/240
f 244/244/244 119/119/119 118/118/118
f 111/111/111 244/244/244 110/110/110
f 119/119/119 244/244/244 111/111/111
f 202/202/202 111/111/111 112/112/112
f 119/119/119 202/202/202 120/120/120
f 111/111/111 202/202/202 119/119/119
f 204/204/204 199/199/199 203/203/203
f 121/121/121 204/204/204 200/200/200
f 199/199/199 204/204/204 121/121/121
f 205/205/205 112/112/112 201/201/201
f 202/202/202 205/205/205 203/203/203
f 112/112/112 205/205/205 202/202/202
f 199/199/199 120/120/120 202/202/202 203/203/203
f 122/122/122 206/206/206 209/209/209 207/207/207
f 215/215/215 207/207/207 209/209/209
f 113/113/113 215/215/215 208/208/208
f 207/207/207 215/215/215 113/113/113
f 214/214/214 121/121/121 200/200/200
f 206/206/206 214/214/214 209/209/209
f 121/121/121 214/214/214 206/206/206
f 207/207/207 123/123/123 122/122/122
f 114/114/114 207/207/207 113/113/113
f 123/123/123 207/207/207 114/114/114
f 482/482/482 114/114/114 115/115/115
f 123/123/123 482/482/482 124/124/124
f 114/114/114 482/482/482 123/123/123
f 478/478/478 471/471/471 125/125/125
f 483/483/483 478/478/478 473/473/473
f 471/471/471 478/478/478 483/483/483
f 483/483/483 482/482/482 115/115/115 481/481/481
f 473/473/473 124/124/124 482/482/482 483/483/483
f 472/472/472 510/510/510 509/509/509
f 468/468/468 511/511/511 472/472/472 465/465/465
f 511/511/511 468/468/468 125/125/125 471/471/471
f 283/283/283 286/286/286 284/284/284 117/117/117
f 286/286/286 285/285/285 239/239/239 284/284/284
f 286/286/286 279/279/279 285/285/285
f 278/278/278 127/127/127 274/274/274
f 275/275/275 278/278/278 276/276/276
f 127/127/127 278/278/278 275/275/275
f 287/287/287 275/275/275 276/276/276
f 118/118/118 287/287/287 243/243/243
f 275/275/275 287/287/287 118/118/118
f 287/287/287 289/289/289 288/288/288 243/243/243
f 289/289/289 283/283/283 117/117/117 288/288/288
f 275/275/275 314/314/314 127/127/127
f 314/314/314 119/119/119 128/128/128
f 119/119/119 275/275/275 118/118/118
f 275/275/275 119/119/119 314/314/314
f 129/129/129 128/128/128 119/119/119 120/120/120
f 199/199/199 129/129/129 120/120/120
f 130/130/130 199/199/199 121/121/121
f 129/129/129 199/199/199 130/130/130
f 206/206/206 130/130/130 121/121/121
f 131/131/131 206/206/206 122/122/122
f 130/130/130 206/206/206 131/131/131
f 132/132/132 131/131/131 122/122/122 123/123/123
f 440/440/440 474/474/474 133/133/133
f 474/474/474 123/123/123 124/124/124
f 123/123/123 440/440/440 132/132/132
f 440/440/440 123/123/123 474/474/474
f 469/469/469 480/480/480 478/478/478 125/125/125
f 480/480/480 479/479/479 473/473/473 478/478/478
f 479/479/479 124/124/124 473/473/473
f 474/474/474 479/479/479 475/475/475
f 124/124/124 479/479/479 474/474/474
f 477/477/477 474/474/474 475/475/475
f 133/133/133 477/477/477 434/434/434
f 474/474/474 477/477/477 133/133/133
f 466/466/466 470/470/470 467/467/467
f 467/467/467 470/470/470 468/468/468 465/465/465
f 470/470/470 469/469/469 125/125/125 468/468/468
f 318/318/318 317/317/317 282/282/282 316/316/316
f 316/316/316 127/127/127 280/280/280
f 274/274/274 316/316/316 282/282/282
f 127/127/127 316/316/316 274/274/274
f 277/277/277 281/281/281 126/126/126
f 282/282/282 277/277/277 274/274/274
f 281/281/281 277/277/277 282/282/282
f 319/319/319 135/135/135 308/308/308
f 313/313/313 319/319/319 315/315/315
f 135/135/135 319/319/319 313/313/313
f 313/313/313 315/315/315 314/314/314 128/128/128
f 320/320/320 314/314/314 315/315/315
f 127/127/127 320/320/320 280/280/280
f 314/314/314 320/320/320 127/127/127
f 319/319/319 321/321/321 320/320/320 315/315/315
f 313/313/313 347/347/347 135/135/135
f 347/347/347 129/129/129 136/136/136
f 129/129/129 313/313/313 128/128/128
f 313/313/313 129/129/129 347/347/347
f 355/355/355 130/130/130 137/137/137
f 129/129/129 355/355/355 136/136/136
f 130/130/130 355/355/355 129/129/129
f 378/378/378 131/131/131 138/138/138
f 130/130/130 378/378/378 137/137/137
f 131/131/131 378/378/378 130/130/130
f 402/402/402 441/441/441 139/139/139
f 441/441/441 131/131/131 132/132/132
f 131/131/131 402/402/402 138/138/138
f 402/402/402 131/131/131 441/441/441
f 448/448/448 447/447/447 442/442/442 446/446/446
f 446/446/446 133/133/133 435/435/435
f 440/440/440 446/446/446 442/442/442
f 133/133/133 446/446/446 440/440/440
f 442/442/442 441/441/441 132/132/132 440/440/440
f 447/447/447 441/441/441 442/442/442
f 139/139/139 447/447/447 408/408/408
f 441/441/441 447/447/447 139/139/139
f 476/476/476 436/436/436 434/434/434
f 433/433/433 476/476/476 134/134/134
f 436/436/436 476/476/476 433/433/433
f 438/438/438 434/434/434 436/436/436
f 133/133/133 438/438/438 435/435/435
f 434/434/434 438/438/438 133/133/133
f 437/437/437 439/439/439 438/438/438 436/436/436
f 350/350/350 309/309/309 307/307/307
f 306/306/306 350/350/350 140/140/140
f 309/309/309 350/350/350 306/306/306
f 311/311/311 307/307/307 309/309/309
f 135/135/135 311/311/311 308/308/308
f 307/307/307 311/311/311 135/135/135
f 309/309/309 310/310/310 312/312/312 311/311/311
f 141/141/141 342/342/342 353/353/353 351/351/351
f 351/351/351 353/353/353 352/352/352 346/346/346
f 352/352/352 136/136/136 346/346/346
f 347/347/347 352/352/352 348/348/348
f 136/136/136 352/352/352 347/347/347
f 349/349/349 347/347/347 348/348/348
f 135/135/135 349/349/349 307/307/307
f 347/347/347 349/349/349 135/135/135
f 354/354/354 356/356/356 355/355/355 137/137/137
f 356/356/356 346/346/346 136/136/136 355/355/355
f 351/351/351 344/344/344 141/141/141
f 356/356/356 351/351/351 346/346/346
f 344/344/344 351/351/351 356/356/356
f 415/415/415 379/379/379 377/377/377
f 374/374/374 415/415/415 142/142/142
f 379/379/379 415/415/415 374/374/374
f 377/377/377 379/379/379 378/378/378 138/138/138
f 379/379/379 354/354/354 137/137/137 378/378/378
f 405/405/405 139/139/139 401/401/401
f 402/402/402 405/405/405 403/403/403
f 139/139/139 405/405/405 402/402/402
f 414/414/414 402/402/402 403/403/403
f 138/138/138 414/414/414 377/377/377
f 402/402/402 414/414/414 138/138/138
f 416/416/416 415/415/415 377/377/377 414/414/414
f 411/411/411 142/142/142 415/415/415 416/416/416
f 443/443/443 409/409/409 444/444/444 445/445/445
f 444/444/444 139/139/139 408/408/408
f 401/401/401 444/444/444 409/409/409
f 139/139/139 444/444/444 401/401/401
f 404/404/404 407/407/407 143/143/143
f 409/409/409 404/404/404 401/401/401
f 407/407/407 404/404/404 409/409/409
f 338/338/338 340/340/340 343/343/343 341/341/341
f 341/341/341 343/343/343 342/342/342 141/141/141
f 339/339/339 343/343/343 340/340/340
f 345/345/345 383/383/383 382/382/382
f 384/384/384 341/341/341 141/141/141 344/344/344
f 341/341/341 384/384/384 345/345/345 338/338/338
f 412/412/412 376/376/376 374/374/374 142/142/142
f 376/376/376 412/412/412 373/373/373 375/375/375
f 381/381/381 375/375/375 380/380/380
f 413/413/413 406/406/406 410/410/410
f 413/413/413 412/412/412 142/142/142 411/411/411
f 410/410/410 373/373/373 412/412/412 413/413/413
f 166/166/166 662/662/662 167/167/167
f 698/698/698 167/167/167 662/662/662
f 641/641/641 83/83/83 166/166/166
f 662/662/662 166/166/166 83/83/83
f 167/167/167 698/698/698 677/677/677
f 168/168/168 167/167/167 676/676/676
f 662/662/662 663/663/663 698/698/698
f 167/167/167 677/677/677 676/676/676
f 640/640/640 83/83/83 641/641/641
f 640/640/640 639/639/639 83/83/83
f 166/166/166 642/642/642 641/641/641
f 654/654/654 656/656/656 659/659/659
f 656/656/656 654/654/654 658/658/658
f 639/639/639 654/654/654 659/659/659
f 83/83/83 639/639/639 659/659/659
f 658/658/658 654/654/654 653/653/653
f 698/698/698 678/678/678 677/677/677
f 643/643/643 642/642/642 166/166/166
f 674/674/674 168/168/168 675/675/675
f 675/675/675 168/168/168 676/676/676
f 692/692/692 673/673/673 672/672/672
f 168/168/168 674/674/674 673/673/673
f 672/672/672 671/671/671 693/693/693
f 168/168/168 673/673/673 692/692/692
f 699/699/699 680/680/680 679/679/679
f 680/680/680 699/699/699 697/697/697
f 697/697/697 661/661/661 680/680/680
f 678/678/678 699/699/699 679/679/679
f 683/683/683 682/682/682 702/702/702
f 661/661/661 682/682/682 681/681/681
f 682/682/682 661/661/661 701/701/701
f 680/680/680 661/661/661 681/681/681
f 692/692/692 169/169/169 168/168/168
f 678/678/678 698/698/698 699/699/699
f 666/666/666 660/660/660 165/165/165
f 643/643/643 165/165/165 660/660/660
f 164/164/164 666/666/666 165/165/165
f 628/628/628 666/666/666 164/164/164
f 660/660/660 644/644/644 643/643/643
f 645/645/645 660/660/660 667/667/667
f 644/644/644 660/660/660 645/645/645
f 643/643/643 166/166/166 165/165/165
f 634/634/634 164/164/164 163/163/163
f 634/634/634 628/628/628 164/164/164
f 615/615/615 614/614/614 635/635/635
f 635/635/635 614/614/614 613/613/613
f 635/635/635 634/634/634 163/163/163
f 612/612/612 630/630/630 629/629/629
f 629/629/629 628/628/628 634/634/634
f 629/629/629 613/613/613 612/612/612
f 630/630/630 612/612/612 611/611/611
f 611/611/611 626/626/626 630/630/630
f 635/635/635 613/613/613 629/629/629
f 646/646/646 645/645/645 667/667/667
f 670/670/670 650/650/650 649/649/649
f 667/667/667 664/664/664 647/647/647
f 652/652/652 658/658/658 653/653/653
f 650/650/650 657/657/657 651/651/651
f 652/652/652 651/651/651 657/657/657
f 652/652/652 657/657/657 658/658/658
f 657/657/657 650/650/650 668/668/668
f 627/627/627 626/626/626 625/625/625
f 625/625/625 624/624/624 627/627/627
f 626/626/626 627/627/627 630/630/630
f 664/664/664 670/670/670 649/649/649
f 633/633/633 627/627/627 731/731/731 609/609/609
f 670/670/670 668/668/668 650/650/650
f 649/649/649 648/648/648 664/664/664
f 648/648/648 647/647/647 664/664/664
f 609/609/609 731/731/731 598/598/598 610/610/610
f 667/667/667 647/647/647 646/646/646
f 684/684/684 683/683/683 702/702/702
f 706/706/706 719/719/719 707/707/707
f 719/719/719 706/706/706 705/705/705
f 170/170/170 707/707/707 719/719/719
f 708/708/708 707/707/707 170/170/170
f 722/722/722 171/171/171 719/719/719
f 170/170/170 719/719/719 171/171/171
f 722/722/722 248/248/248 171/171/171
f 705/705/705 723/723/723 719/719/719
f 704/704/704 723/723/723 705/705/705
f 92/92/92 709/709/709 170/170/170
f 170/170/170 689/689/689 92/92/92
f 709/709/709 92/92/92 710/710/710
f 710/710/710 92/92/92 711/711/711
f 723/723/723 704/704/704 703/703/703
f 703/703/703 721/721/721 723/723/723
f 170/170/170 709/709/709 708/708/708
f 703/703/703 718/718/718 721/721/721
f 169/169/169 689/689/689 170/170/170
f 248/248/248 252/252/252 172/172/172
f 253/253/253 172/172/172 252/252/252
f 252/252/252 248/248/248 249/249/249
f 171/171/171 248/248/248 172/172/172
f 227/227/227 173/173/173 253/253/253
f 172/172/172 253/253/253 173/173/173
f 253/253/253 228/228/228 227/227/227
f 227/227/227 251/251/251 173/173/173
f 229/229/229 253/253/253 249/249/249
f 228/228/228 253/253/253 229/229/229
f 232/232/232 231/231/231 254/254/254
f 230/230/230 254/254/254 231/231/231
f 233/233/233 232/232/232 247/247/247
f 254/254/254 247/247/247 232/232/232
f 249/249/249 254/254/254 230/230/230
f 235/235/235 234/234/234 732/732/732
f 247/247/247 234/234/234 233/233/233
f 230/230/230 229/229/229 249/249/249
f 732/732/732 247/247/247 257/257/257 245/245/245
f 692/692/692 690/690/690 689/689/689
f 687/687/687 712/712/712 727/727/727
f 727/727/727 712/712/712 711/711/711
f 726/726/726 713/713/713 687/687/687
f 687/687/687 713/713/713 712/712/712
f 727/727/727 711/711/711 92/92/92
f 714/714/714 713/713/713 726/726/726
f 688/688/688 686/686/686 685/685/685
f 693/693/693 671/671/671 686/686/686
f 688/688/688 685/685/685 684/684/684
f 700/700/700 688/688/688 684/684/684
f 693/693/693 686/686/686 691/691/691
f 682/682/682 701/701/701 702/702/702
f 702/702/702 700/700/700 684/684/684
f 691/691/691 686/686/686 688/688/688
f 726/726/726 725/725/725 714/714/714
f 692/692/692 672/672/672 693/693/693
f 729/729/729 716/716/716 725/725/725
f 714/714/714 725/725/725 715/715/715
f 716/716/716 715/715/715 725/725/725
f 730/730/730 717/717/717 716/716/716
f 716/716/716 729/729/729 730/730/730
f 717/717/717 730/730/730 721/721/721
f 721/721/721 718/718/718 717/717/717
f 219/219/219 189/189/189 213/213/213
f 220/220/220 213/213/213 189/189/189
f 189/189/189 219/219/219 190/190/190
f 187/187/187 201/201/201 188/188/188
f 220/220/220 188/188/188 201/201/201
f 186/186/186 201/201/201 187/187/187
f 189/189/189 188/188/188 220/220/220
f 236/236/236 732/732/732 240/240/240
f 169/169/169 692/692/692 689/689/689
f 190/190/190 219/219/219 210/210/210
f 637/637/637 615/615/615 163/163/163
f 635/635/635 163/163/163 615/615/615
f 162/162/162 637/637/637 163/163/163
f 616/616/616 615/615/615 637/637/637
f 636/636/636 637/637/637 162/162/162
f 637/637/637 617/617/617 616/616/616
f 618/618/618 617/617/617 599/599/599
f 617/617/617 637/637/637 599/599/599
f 619/619/619 618/618/618 638/638/638
f 162/162/162 592/592/592 636/636/636
f 599/599/599 636/636/636 592/592/592
f 595/595/595 592/592/592 161/161/161
f 162/162/162 161/161/161 592/592/592
f 623/623/623 731/731/731 624/624/624
f 578/578/578 597/597/597 593/593/593
f 161/161/161 593/593/593 595/595/595
f 638/638/638 618/618/618 599/599/599
f 160/160/160 593/593/593 161/161/161
f 638/638/638 620/620/620 619/619/619
f 731/731/731 622/622/622 598/598/598
f 598/598/598 621/621/621 620/620/620
f 621/621/621 598/598/598 622/622/622
f 731/731/731 623/623/623 622/622/622
f 624/624/624 731/731/731 627/627/627
f 597/597/597 576/576/576 594/594/594
f 591/591/591 594/594/594 576/576/576
f 577/577/577 597/597/597 578/578/578
f 576/576/576 597/597/597 577/577/577
f 589/589/589 605/605/605 607/607/607
f 590/590/590 589/589/589 607/607/607
f 602/602/602 605/605/605 589/589/589
f 594/594/594 591/591/591 590/590/590
f 594/594/594 590/590/590 607/607/607
f 602/602/602 589/589/589 588/588/588
f 598/598/598 620/620/620 638/638/638
f 579/579/579 578/578/578 593/593/593
f 593/593/593 160/160/160 580/580/580
f 160/160/160 581/581/581 580/580/580
f 587/587/587 602/602/602 588/588/588
f 562/562/562 586/586/586 585/585/585
f 587/587/587 586/586/586 603/603/603
f 587/587/587 603/603/603 602/602/602
f 562/562/562 585/585/585 604/604/604
f 160/160/160 86/86/86 582/582/582
f 583/583/583 582/582/582 86/86/86
f 247/247/247 732/732/732 234/234/234
f 160/160/160 159/159/159 561/561/561
f 561/561/561 86/86/86 160/160/160
f 581/581/581 160/160/160 582/582/582
f 86/86/86 604/604/604 584/584/584
f 561/561/561 159/159/159 564/564/564
f 158/158/158 564/564/564 159/159/159
f 604/604/604 585/585/585 584/584/584
f 584/584/584 583/583/583 86/86/86
f 733/733/733 471/471/471 483/483/483 481/481/481
f 586/586/586 562/562/562 603/603/603
f 579/579/579 593/593/593 580/580/580
f 561/561/561 564/564/564 563/563/563
f 566/566/566 559/559/559 565/565/565
f 560/560/560 565/565/565 559/559/559
f 560/560/560 559/559/559 558/558/558
f 545/545/545 566/566/566 564/564/564
f 559/559/559 566/566/566 544/544/544
f 564/564/564 546/546/546 545/545/545
f 548/548/548 158/158/158 549/549/549
f 546/546/546 158/158/158 547/547/547
f 571/571/571 550/550/550 157/157/157
f 551/551/551 550/550/550 571/571/571
f 549/549/549 157/157/157 550/550/550
f 549/549/549 158/158/158 157/157/157
f 544/544/544 566/566/566 545/545/545
f 548/548/548 547/547/547 158/158/158
f 557/557/557 560/560/560 558/558/558
f 546/546/546 564/564/564 158/158/158
f 481/481/481 506/506/506 501/501/501 733/733/733
f 732/732/732 236/236/236 235/235/235
f 575/575/575 557/557/557 556/556/556
f 535/535/535 555/555/555 554/554/554
f 555/555/555 575/575/575 556/556/556
f 557/557/557 575/575/575 574/574/574
f 573/573/573 555/555/555 535/535/535
f 575/575/575 555/555/555 573/573/573
f 574/574/574 560/560/560 557/557/557
f 553/553/553 535/535/535 554/554/554
f 572/572/572 553/553/553 552/552/552
f 572/572/572 551/551/551 571/571/571
f 572/572/572 570/570/570 553/553/553
f 552/552/552 551/551/551 572/572/572
f 527/527/527 528/528/528 531/531/531
f 534/534/534 536/536/536 571/571/571
f 570/570/570 535/535/535 553/553/553
f 192/192/192 210/210/210 222/222/222
f 190/190/190 210/210/210 191/191/191
f 222/222/222 218/218/218 193/193/193
f 191/191/191 210/210/210 192/192/192
f 218/218/218 221/221/221 193/193/193
f 733/733/733 497/497/497 496/496/496
f 193/193/193 221/221/221 194/194/194
f 192/192/192 222/222/222 193/193/193
f 526/526/526 525/525/525 532/532/532
f 530/530/530 532/532/532 525/525/525
f 532/532/532 527/527/527 526/526/526
f 528/528/528 527/527/527 532/532/532
f 542/542/542 530/530/530 523/523/523
f 523/523/523 530/530/530 524/524/524
f 525/525/525 524/524/524 530/530/530
f 523/523/523 543/543/543 542/542/542
f 512/512/512 527/527/527 531/531/531
f 513/513/513 512/512/512 100/100/100
f 156/156/156 100/100/100 534/534/534
f 513/513/513 100/100/100 514/514/514
f 514/514/514 100/100/100 156/156/156
f 539/539/539 522/522/522 521/521/521
f 523/523/523 522/522/522 543/543/543
f 100/100/100 512/512/512 531/531/531
f 156/156/156 516/516/516 515/515/515
f 517/517/517 516/516/516 533/533/533
f 156/156/156 155/155/155 516/516/516
f 514/514/514 156/156/156 515/515/515
f 519/519/519 518/518/518 540/540/540
f 516/516/516 155/155/155 533/533/533
f 518/518/518 533/533/533 540/540/540
f 533/533/533 155/155/155 538/538/538
f 518/518/518 517/517/517 533/533/533
f 520/520/520 519/519/519 540/540/540
f 344/344/344 356/356/356 354/354/354 734/734/734
f 520/520/520 539/539/539 521/521/521
f 534/534/534 157/157/157 156/156/156
f 543/543/543 522/522/522 539/539/539
f 503/503/503 499/499/499 501/501/501
f 520/520/520 540/540/540 539/539/539
f 501/501/501 498/498/498 497/497/497
f 503/503/503 484/484/484 499/499/499
f 501/501/501 499/499/499 498/498/498
f 484/484/484 503/503/503 485/485/485
f 154/154/154 500/500/500 538/538/538
f 502/502/502 500/500/500 507/507/507
f 154/154/154 507/507/507 500/500/500
f 155/155/155 154/154/154 538/538/538
f 486/486/486 502/502/502 508/508/508
f 487/487/487 486/486/486 508/508/508
f 488/488/488 487/487/487 508/508/508
f 116/116/116 507/507/507 154/154/154
f 485/485/485 502/502/502 486/486/486
f 503/503/503 502/502/502 485/485/485
f 508/508/508 507/507/507 116/116/116
f 194/194/194 221/221/221 208/208/208
f 571/571/571 157/157/157 534/534/534
f 344/344/344 734/734/734 368/368/368
f 241/241/241 251/251/251 225/225/225
f 250/250/250 173/173/173 251/251/251
f 251/251/251 226/226/226 225/225/225
f 227/227/227 226/226/226 251/251/251
f 241/241/241 239/239/239 250/250/250
f 174/174/174 250/250/250 239/239/239
f 174/174/174 239/239/239 285/285/285
f 285/285/285 175/175/175 174/174/174
f 224/224/224 241/241/241 225/225/225
f 250/250/250 174/174/174 173/173/173
f 240/240/240 237/237/237 236/236/236
f 237/237/237 240/240/240 238/238/238
f 238/238/238 240/240/240 242/242/242
f 242/242/242 224/224/224 223/223/223
f 224/224/224 242/242/242 241/241/241
f 223/223/223 238/238/238 242/242/242
f 240/240/240 732/732/732 245/245/245 246/246/246
f 263/263/263 279/279/279 264/264/264
f 279/279/279 286/286/286 264/264/264
f 264/264/264 286/286/286 265/265/265
f 262/262/262 175/175/175 279/279/279
f 286/286/286 266/266/266 265/265/265
f 263/263/263 262/262/262 279/279/279
f 176/176/176 175/175/175 262/262/262
f 176/176/176 262/262/262 261/261/261
f 261/261/261 260/260/260 176/176/176
f 267/267/267 266/266/266 283/283/283
f 266/266/266 286/286/286 283/283/283
f 283/283/283 268/268/268 267/267/267
f 259/259/259 126/126/126 260/260/260
f 126/126/126 176/176/176 260/260/260
f 258/258/258 126/126/126 259/259/259
f 126/126/126 258/258/258 277/277/277
f 126/126/126 281/281/281 176/176/176
f 317/317/317 177/177/177 281/281/281
f 175/175/175 285/285/285 279/279/279
f 283/283/283 289/289/289 268/268/268
f 287/287/287 269/269/269 289/289/289
f 268/268/268 289/289/289 269/269/269
f 287/287/287 276/276/276 269/269/269
f 271/271/271 276/276/276 278/278/278
f 270/270/270 276/276/276 271/271/271
f 278/278/278 272/272/272 271/271/271
f 269/269/269 276/276/276 270/270/270
f 185/185/185 205/205/205 186/186/186
f 201/201/201 186/186/186 205/205/205
f 185/185/185 184/184/184 204/204/204
f 203/203/203 205/205/205 185/185/185
f 183/183/183 200/200/200 184/184/184
f 200/200/200 204/204/204 184/184/184
f 198/198/198 200/200/200 183/183/183
f 203/203/203 185/185/185 204/204/204
f 278/278/278 273/273/273 272/272/272
f 274/274/274 277/277/277 273/273/273
f 258/258/258 273/273/273 277/277/277
f 278/278/278 274/274/274 273/273/273
f 299/299/299 318/318/318 316/316/316
f 318/318/318 298/298/298 297/297/297
f 297/297/297 317/317/317 318/318/318
f 298/298/298 318/318/318 299/299/299
f 282/282/282 317/317/317 281/281/281
f 301/301/301 320/320/320 321/321/321
f 303/303/303 321/321/321 319/319/319
f 301/301/301 280/280/280 320/320/320
f 280/280/280 300/300/300 299/299/299
f 321/321/321 303/303/303 302/302/302
f 321/321/321 302/302/302 301/301/301
f 280/280/280 301/301/301 300/300/300
f 299/299/299 316/316/316 280/280/280
f 308/308/308 303/303/303 319/319/319
f 177/177/177 176/176/176 281/281/281
f 317/317/317 297/297/297 296/296/296
f 295/295/295 177/177/177 296/296/296
f 294/294/294 178/178/178 295/295/295
f 177/177/177 317/317/317 296/296/296
f 294/294/294 293/293/293 178/178/178
f 310/310/310 292/292/292 291/291/291
f 310/310/310 178/178/178 292/292/292
f 178/178/178 293/293/293 292/292/292
f 311/311/311 305/305/305 308/308/308
f 305/305/305 304/304/304 308/308/308
f 304/304/304 303/303/303 308/308/308
f 312/312/312 290/290/290 305/305/305
f 291/291/291 290/290/290 312/312/312
f 309/309/309 306/306/306 310/310/310
f 305/305/305 311/311/311 312/312/312
f 312/312/312 310/310/310 291/291/291
f 295/295/295 178/178/178 177/177/177
f 179/179/179 178/178/178 310/310/310
f 331/331/331 350/350/350 307/307/307
f 330/330/330 140/140/140 350/350/350
f 140/140/140 330/330/330 329/329/329
f 180/180/180 179/179/179 306/306/306
f 179/179/179 310/310/310 306/306/306
f 328/328/328 140/140/140 329/329/329
f 306/306/306 140/140/140 180/180/180
f 180/180/180 140/140/140 328/328/328
f 307/307/307 349/349/349 332/332/332
f 348/348/348 333/333/333 349/349/349
f 332/332/332 349/349/349 333/333/333
f 332/332/332 331/331/331 307/307/307
f 180/180/180 327/327/327 326/326/326
f 326/326/326 325/325/325 339/339/339
f 327/327/327 180/180/180 328/328/328
f 331/331/331 330/330/330 350/350/350
f 339/339/339 180/180/180 326/326/326
f 335/335/335 334/334/334 348/348/348
f 333/333/333 348/348/348 334/334/334
f 335/335/335 352/352/352 353/353/353
f 348/348/348 352/352/352 335/335/335
f 337/337/337 336/336/336 342/342/342
f 342/342/342 343/343/343 322/322/322
f 336/336/336 335/335/335 353/353/353
f 322/322/322 337/337/337 342/342/342
f 336/336/336 353/353/353 342/342/342
f 367/367/367 366/366/366 344/344/344
f 734/734/734 374/374/374 370/370/370
f 344/344/344 368/368/368 367/367/367
f 734/734/734 369/369/369 368/368/368
f 366/366/366 384/384/384 344/344/344
f 734/734/734 370/370/370 369/369/369
f 322/322/322 343/343/343 323/323/323
f 343/343/343 339/339/339 324/324/324
f 325/325/325 324/324/324 339/339/339
f 324/324/324 323/323/323 343/343/343
f 338/338/338 181/181/181 340/340/340
f 339/339/339 340/340/340 181/181/181
f 181/181/181 338/338/338 182/182/182
f 181/181/181 180/180/180 339/339/339
f 182/182/182 338/338/338 382/382/382
f 365/365/365 364/364/364 384/384/384
f 345/345/345 384/384/384 364/364/364
f 345/345/345 364/364/364 363/363/363
f 363/363/363 383/383/383 345/345/345
f 363/363/363 362/362/362 383/383/383
f 383/383/383 182/182/182 382/382/382
f 362/362/362 361/361/361 383/383/383
f 144/144/144 383/383/383 361/361/361
f 381/381/381 144/144/144 361/361/361
f 383/383/383 144/144/144 182/182/182
f 382/382/382 338/338/338 345/345/345
f 366/366/366 365/365/365 384/384/384
f 208/208/208 196/196/196 195/195/195
f 196/196/196 208/208/208 215/215/215
f 215/215/215 197/197/197 196/196/196
f 194/194/194 208/208/208 195/195/195
f 197/197/197 214/214/214 198/198/198
f 214/214/214 200/200/200 198/198/198
f 215/215/215 209/209/209 197/197/197
f 214/214/214 197/197/197 209/209/209
f 462/462/462 479/479/479 480/480/480
f 462/462/462 461/461/461 475/475/475
f 460/460/460 475/475/475 461/461/461
f 462/462/462 480/480/480 463/463/463
f 475/475/475 479/479/479 462/462/462
f 480/480/480 469/469/469 463/463/463
f 446/446/446 435/435/435 430/430/430
f 435/435/435 438/438/438 432/432/432
f 431/431/431 435/435/435 432/432/432
f 418/418/418 439/439/439 437/437/437
f 432/432/432 438/438/438 439/439/439
f 430/430/430 448/448/448 446/446/446
f 435/435/435 431/431/431 430/430/430
f 428/428/428 447/447/447 448/448/448
f 459/459/459 477/477/477 460/460/460
f 475/475/475 460/460/460 477/477/477
f 459/459/459 458/458/458 434/434/434
f 434/434/434 477/477/477 459/459/459
f 476/476/476 457/457/457 134/134/134
f 476/476/476 458/458/458 457/457/457
f 436/436/436 433/433/433 437/437/437
f 434/434/434 458/458/458 476/476/476
f 417/417/417 432/432/432 439/439/439
f 495/495/495 733/733/733 496/496/496
f 494/494/494 471/471/471 495/495/495
f 511/511/511 471/471/471 493/493/493
f 494/494/494 493/493/493 471/471/471
f 491/491/491 511/511/511 492/492/492
f 493/493/493 492/492/492 511/511/511
f 471/471/471 733/733/733 495/495/495
f 472/472/472 511/511/511 491/491/491
f 489/489/489 488/488/488 510/510/510
f 508/508/508 116/116/116 488/488/488
f 488/488/488 116/116/116 510/510/510
f 510/510/510 490/490/490 489/489/489
f 509/509/509 465/465/465 472/472/472
f 491/491/491 490/490/490 472/472/472
f 153/153/153 509/509/509 510/510/510
f 465/465/465 509/509/509 153/153/153
f 116/116/116 153/153/153 510/510/510
f 153/153/153 152/152/152 465/465/465
f 490/490/490 510/510/510 472/472/472
f 449/449/449 464/464/464 469/469/469
f 470/470/470 449/449/449 469/469/469
f 450/450/450 449/449/449 470/470/470
f 455/455/455 134/134/134 456/456/456
f 134/134/134 457/457/457 456/456/456
f 455/455/455 151/151/151 134/134/134
f 134/134/134 151/151/151 433/433/433
f 151/151/151 466/466/466 152/152/152
f 467/467/467 152/152/152 466/466/466
f 466/466/466 451/451/451 470/470/470
f 465/465/465 152/152/152 467/467/467
f 450/450/450 470/470/470 451/451/451
f 466/466/466 151/151/151 453/453/453
f 454/454/454 453/453/453 151/151/151
f 453/453/453 452/452/452 466/466/466
f 151/151/151 455/455/455 454/454/454
f 451/451/451 466/466/466 452/452/452
f 151/151/151 150/150/150 433/433/433
f 463/463/463 469/469/469 464/464/464
f 433/433/433 150/150/150 437/437/437
f 733/733/733 501/501/501 497/497/497
f 396/396/396 416/416/416 414/414/414
f 395/395/395 411/411/411 416/416/416
f 411/411/411 395/395/395 394/394/394
f 374/374/374 371/371/371 370/370/370
f 393/393/393 413/413/413 411/411/411
f 379/379/379 374/374/374 734/734/734 354/354/354
f 393/393/393 411/411/411 394/394/394
f 398/398/398 397/397/397 403/403/403
f 396/396/396 403/403/403 397/397/397
f 405/405/405 398/398/398 403/403/403
f 399/399/399 398/398/398 405/405/405
f 413/413/413 393/393/393 392/392/392
f 414/414/414 403/403/403 396/396/396
f 396/396/396 395/395/395 416/416/416
f 372/372/372 371/371/371 374/374/374
f 358/358/358 357/357/357 376/376/376
f 372/372/372 376/376/376 357/357/357
f 376/376/376 375/375/375 358/358/358
f 381/381/381 360/360/360 359/359/359
f 359/359/359 375/375/375 381/381/381
f 381/381/381 361/361/361 360/360/360
f 358/358/358 375/375/375 359/359/359
f 406/406/406 413/413/413 391/391/391
f 391/391/391 390/390/390 406/406/406
f 413/413/413 392/392/392 391/391/391
f 373/373/373 410/410/410 145/145/145
f 144/144/144 381/381/381 380/380/380
f 406/406/406 146/146/146 410/410/410
f 145/145/145 410/410/410 146/146/146
f 389/389/389 406/406/406 390/390/390
f 380/380/380 373/373/373 145/145/145
f 373/373/373 380/380/380 375/375/375
f 146/146/146 406/406/406 389/389/389
f 380/380/380 145/145/145 144/144/144
f 376/376/376 372/372/372 374/374/374
f 428/428/428 427/427/427 408/408/408
f 426/426/426 408/408/408 427/427/427
f 428/428/428 448/448/448 429/429/429
f 448/448/448 430/430/430 429/429/429
f 426/426/426 445/445/445 444/444/444
f 443/443/443 445/445/445 424/424/424
f 445/445/445 426/426/426 425/425/425
f 425/425/425 424/424/424 445/445/445
f 408/408/408 426/426/426 444/444/444
f 417/417/417 439/439/439 418/418/418
f 437/437/437 149/149/149 419/419/419
f 419/419/419 418/418/418 437/437/437
f 420/420/420 419/419/419 149/149/149
f 150/150/150 149/149/149 437/437/437
f 149/149/149 421/421/421 420/420/420
f 422/422/422 421/421/421 149/149/149
f 447/447/447 428/428/428 408/408/408
f 401/401/401 400/400/400 405/405/405
f 400/400/400 399/399/399 405/405/405
f 400/400/400 404/404/404 385/385/385
f 401/401/401 404/404/404 400/400/400
f 147/147/147 389/389/389 388/388/388
f 143/143/143 387/387/387 386/386/386
f 387/387/387 147/147/147 388/388/388
f 386/386/386 385/385/385 143/143/143
f 424/424/424 423/423/423 443/443/443
f 407/407/407 409/409/409 443/443/443
f 423/423/423 422/422/422 148/148/148
f 148/148/148 422/422/422 149/149/149
f 148/148/148 443/443/443 423/423/423
f 385/385/385 404/404/404 143/143/143
f 148/148/148 147/147/147 407/407/407
f 143/143/143 407/407/407 147/147/147
f 407/407/407 443/443/443 148/148/148
f 147/147/147 387/387/387 143/143/143
f 147/147/147 146/146/146 389/389/389
f 736/736/736 1317/1317/1317 1319/1319/1319 1316/1316/1316
f 1317/1317/1317 1280/1280/1280 1318/1318/1318 1319/1319/1319
f 1319/1319/1319 1318/1318/1318 1312/1312/1312
f 1287/1287/1287 1286/1286/1286 1281/1281/1281
f 1282/1282/1282 1281/1281/1281 1280/1280/1280 1317/1317/1317
f 1317/1317/1317 736/736/736 1279/1279/1279 1282/1282/1282
f 1248/1248/1248 1244/1244/1244 1251/1251/1251 1290/1290/1290
f 1290/1290/1290 1250/1250/1250 737/737/737 1248/1248/1248
f 1251/1251/1251 1288/1288/1288 1289/1289/1289
f 1245/1245/1245 1247/1247/1247 1249/1249/1249
f 1249/1249/1249 1247/1247/1247 1244/1244/1244 1248/1248/1248
f 1246/1246/1246 1249/1249/1249 1248/1248/1248 737/737/737
f 1349/1349/1349 1313/1313/1313 739/739/739
f 1308/1308/1308 1315/1315/1315 1349/1349/1349
f 739/739/739 1308/1308/1308 1349/1349/1349
f 1311/1311/1311 735/735/735 1314/1314/1314
f 1315/1315/1315 1308/1308/1308 1311/1311/1311
f 1314/1314/1314 1315/1315/1315 1311/1311/1311
f 1349/1349/1349 1315/1315/1315 1350/1350/1350 1351/1351/1351
f 1320/1320/1320 1309/1309/1309 1307/1307/1307
f 740/740/740 1284/1284/1284 1320/1320/1320
f 1307/1307/1307 740/740/740 1320/1320/1320
f 1284/1284/1284 1321/1321/1321 1322/1322/1322 1320/1320/1320
f 1321/1321/1321 736/736/736 1316/1316/1316 1322/1322/1322
f 1310/1310/1310 1308/1308/1308 739/739/739
f 1307/1307/1307 1309/1309/1309 1310/1310/1310
f 739/739/739 1307/1307/1307 1310/1310/1310
f 741/741/741 1261/1261/1261 1285/1285/1285 1283/1283/1283
f 1321/1321/1321 1284/1284/1284 1285/1285/1285
f 1279/1279/1279 736/736/736 1321/1321/1321
f 1285/1285/1285 1279/1279/1279 1321/1321/1321
f 1283/1283/1283 1285/1285/1285 1284/1284/1284 740/740/740
f 742/742/742 1253/1253/1253 1262/1262/1262 1260/1260/1260
f 1258/1258/1258 737/737/737 1250/1250/1250
f 1262/1262/1262 1253/1253/1253 1258/1258/1258
f 1250/1250/1250 1262/1262/1262 1258/1258/1258
f 1260/1260/1260 1262/1262/1262 1261/1261/1261 741/741/741
f 1255/1255/1255 1254/1254/1254 1252/1252/1252
f 743/743/743 1214/1214/1214 1255/1255/1255
f 1252/1252/1252 743/743/743 1255/1255/1255
f 1259/1259/1259 1246/1246/1246 737/737/737 1258/1258/1258
f 1257/1257/1257 1259/1259/1259 1258/1258/1258 1253/1253/1253
f 1257/1257/1257 1253/1253/1253 742/742/742
f 1252/1252/1252 1254/1254/1254 1257/1257/1257
f 742/742/742 1252/1252/1252 1257/1257/1257
f 1218/1218/1218 1216/1216/1216 1215/1215/1215 1217/1217/1217
f 1256/1256/1256 1214/1214/1214 1215/1215/1215
f 1213/1213/1213 738/738/738 1256/1256/1256
f 1215/1215/1215 1213/1213/1213 1256/1256/1256
f 1217/1217/1217 1215/1215/1215 1214/1214/1214
f 743/743/743 1212/1212/1212 1217/1217/1217
f 1214/1214/1214 743/743/743 1217/1217/1217
f 1343/1343/1343 1342/1342/1342 1339/1339/1339
f 745/745/745 1340/1340/1340 1343/1343/1343
f 1339/1339/1339 745/745/745 1343/1343/1343
f 1343/1343/1343 1345/1345/1345 1344/1344/1344 1342/1342/1342
f 1379/1379/1379 1339/1339/1339 1342/1342/1342
f 1341/1341/1341 744/744/744 1379/1379/1379
f 1342/1342/1342 1341/1341/1341 1379/1379/1379
f 746/746/746 1347/1347/1347 1348/1348/1348 1346/1346/1346
f 1353/1353/1353 1348/1348/1348 1347/1347/1347
f 739/739/739 1313/1313/1313 1353/1353/1353
f 1347/1347/1347 739/739/739 1353/1353/1353
f 1348/1348/1348 1353/1353/1353 1354/1354/1354 1352/1352/1352
f 1352/1352/1352 1340/1340/1340 745/745/745
f 1346/1346/1346 1348/1348/1348 1352/1352/1352
f 745/745/745 1346/1346/1346 1352/1352/1352
f 1307/1307/1307 739/739/739 1347/1347/1347
f 1347/1347/1347 746/746/746 747/747/747
f 747/747/747 740/740/740 1307/1307/1307
f 1307/1307/1307 1347/1347/1347 747/747/747
f 1283/1283/1283 740/740/740 747/747/747
f 748/748/748 741/741/741 1283/1283/1283
f 747/747/747 748/748/748 1283/1283/1283
f 1260/1260/1260 741/741/741 748/748/748
f 749/749/749 742/742/742 1260/1260/1260
f 748/748/748 749/749/749 1260/1260/1260
f 1220/1220/1220 743/743/743 1252/1252/1252
f 1252/1252/1252 742/742/742 749/749/749
f 749/749/749 750/750/750 1220/1220/1220
f 1220/1220/1220 1252/1252/1252 749/749/749
f 1225/1225/1225 1221/1221/1221 1219/1219/1219
f 751/751/751 1187/1187/1187 1225/1225/1225
f 1219/1219/1219 751/751/751 1225/1225/1225
f 1225/1225/1225 1227/1227/1227 1226/1226/1226 1221/1221/1221
f 1226/1226/1226 1212/1212/1212 743/743/743
f 1220/1220/1220 1221/1221/1221 1226/1226/1226
f 743/743/743 1220/1220/1220 1226/1226/1226
f 1219/1219/1219 1221/1221/1221 1220/1220/1220 750/750/750
f 1183/1183/1183 752/752/752 1186/1186/1186
f 1188/1188/1188 1180/1180/1180 1183/1183/1183
f 1186/1186/1186 1188/1188/1188 1183/1183/1183
f 1188/1188/1188 1223/1223/1223 1224/1224/1224 1222/1222/1222
f 1222/1222/1222 1187/1187/1187 751/751/751
f 1180/1180/1180 1188/1188/1188 1222/1222/1222
f 751/751/751 1180/1180/1180 1222/1222/1222
f 753/753/753 1373/1373/1373 1375/1375/1375 1372/1372/1372
f 1371/1371/1371 1374/1374/1374 1375/1375/1375
f 1372/1372/1372 1375/1375/1375 1374/1374/1374 900/900/900
f 1381/1381/1381 908/908/908 754/754/754
f 1376/1376/1376 1377/1377/1377 1381/1381/1381
f 754/754/754 1376/1376/1376 1381/1381/1381
f 1378/1378/1378 1377/1377/1377 1376/1376/1376
f 745/745/745 1339/1339/1339 1378/1378/1378
f 1376/1376/1376 745/745/745 1378/1378/1378
f 908/908/908 1381/1381/1381 1382/1382/1382 1380/1380/1380
f 1380/1380/1380 1382/1382/1382 1373/1373/1373 753/753/753
f 1346/1346/1346 745/745/745 1376/1376/1376
f 1376/1376/1376 754/754/754 755/755/755
f 755/755/755 746/746/746 1346/1346/1346
f 1346/1346/1346 1376/1376/1376 755/755/755
f 756/756/756 747/747/747 746/746/746 755/755/755
f 863/863/863 757/757/757 748/748/748
f 747/747/747 756/756/756 863/863/863
f 748/748/748 747/747/747 863/863/863
f 869/869/869 758/758/758 749/749/749
f 748/748/748 757/757/757 869/869/869
f 749/749/749 748/748/748 869/869/869
f 759/759/759 750/750/750 749/749/749 758/758/758
f 1181/1181/1181 751/751/751 1219/1219/1219
f 1219/1219/1219 750/750/750 759/759/759
f 759/759/759 760/760/760 1181/1181/1181
f 1181/1181/1181 1219/1219/1219 759/759/759
f 761/761/761 1191/1191/1191 1195/1195/1195 1193/1193/1193
f 1193/1193/1193 1195/1195/1195 1194/1194/1194 1156/1156/1156
f 1184/1184/1184 1180/1180/1180 751/751/751
f 1181/1181/1181 1182/1182/1182 1184/1184/1184
f 751/751/751 1181/1181/1181 1184/1184/1184
f 1194/1194/1194 1182/1182/1182 1181/1181/1181
f 760/760/760 1156/1156/1156 1194/1194/1194
f 1181/1181/1181 760/760/760 1194/1194/1194
f 1152/1152/1152 1190/1190/1190 1192/1192/1192 1189/1189/1189
f 1192/1192/1192 1190/1190/1190 1185/1185/1185
f 1189/1189/1189 1192/1192/1192 1191/1191/1191 761/761/761
f 906/906/906 899/899/899 753/753/753 1372/1372/1372
f 1372/1372/1372 900/900/900 901/901/901 906/906/906
f 901/901/901 904/904/904 905/905/905
f 762/762/762 907/907/907 909/909/909 897/897/897
f 907/907/907 754/754/754 908/908/908 909/909/909
f 1380/1380/1380 753/753/753 899/899/899
f 909/909/909 908/908/908 1380/1380/1380
f 899/899/899 909/909/909 1380/1380/1380
f 907/907/907 762/762/762 763/763/763
f 755/755/755 754/754/754 907/907/907
f 763/763/763 755/755/755 907/907/907
f 864/864/864 756/756/756 755/755/755
f 763/763/763 764/764/764 864/864/864
f 755/755/755 763/763/763 864/864/864
f 871/871/871 862/862/862 757/757/757
f 863/863/863 865/865/865 871/871/871
f 757/757/757 863/863/863 871/871/871
f 865/865/865 863/863/863 756/756/756 864/864/864
f 872/872/872 865/865/865 864/864/864
f 764/764/764 853/853/853 872/872/872
f 864/864/864 764/764/764 872/872/872
f 873/873/873 860/860/860 765/765/765
f 868/868/868 870/870/870 873/873/873
f 765/765/765 868/868/868 873/873/873
f 868/868/868 758/758/758 869/869/869 870/870/870
f 874/874/874 870/870/870 869/869/869
f 757/757/757 862/862/862 874/874/874
f 869/869/869 757/757/757 874/874/874
f 868/868/868 765/765/765 766/766/766
f 759/759/759 758/758/758 868/868/868
f 766/766/766 759/759/759 868/868/868
f 1157/1157/1157 760/760/760 759/759/759
f 766/766/766 767/767/767 1157/1157/1157
f 759/759/759 766/766/766 1157/1157/1157
f 1193/1193/1193 1156/1156/1156 1158/1158/1158
f 1153/1153/1153 761/761/761 1193/1193/1193
f 1158/1158/1158 1153/1153/1153 1193/1193/1193
f 1158/1158/1158 1156/1156/1156 760/760/760 1157/1157/1157
f 1133/1133/1133 1158/1158/1158 1157/1157/1157 767/767/767
f 1160/1160/1160 1159/1159/1159 1154/1154/1154
f 1155/1155/1155 1154/1154/1154 1152/1152/1152 1189/1189/1189
f 1189/1189/1189 761/761/761 1153/1153/1153 1155/1155/1155
f 936/936/936 769/769/769 892/892/892 894/894/894
f 894/894/894 893/893/893 891/891/891 936/936/936
f 903/903/903 902/902/902 893/893/893
f 770/770/770 896/896/896 898/898/898 895/895/895
f 896/896/896 762/762/762 897/897/897 898/898/898
f 940/940/940 895/895/895 898/898/898
f 892/892/892 769/769/769 940/940/940
f 898/898/898 892/892/892 940/940/940
f 896/896/896 770/770/770 771/771/771
f 763/763/763 762/762/762 896/896/896
f 771/771/771 763/763/763 896/896/896
f 854/854/854 764/764/764 763/763/763
f 771/771/771 772/772/772 854/854/854
f 763/763/763 771/771/771 854/854/854
f 856/856/856 855/855/855 851/851/851
f 773/773/773 852/852/852 856/856/856
f 851/851/851 773/773/773 856/856/856
f 857/857/857 853/853/853 764/764/764
f 854/854/854 855/855/855 857/857/857
f 764/764/764 854/854/854 857/857/857
f 851/851/851 855/855/855 854/854/854 772/772/772
f 774/774/774 859/859/859 861/861/861 858/858/858
f 867/867/867 861/861/861 859/859/859
f 765/765/765 860/860/860 867/867/867
f 859/859/859 765/765/765 867/867/867
f 866/866/866 852/852/852 773/773/773
f 858/858/858 861/861/861 866/866/866
f 773/773/773 858/858/858 866/866/866
f 859/859/859 774/774/774 775/775/775
f 766/766/766 765/765/765 859/859/859
f 775/775/775 766/766/766 859/859/859
f 1134/1134/1134 767/767/767 766/766/766
f 775/775/775 776/776/776 1134/1134/1134
f 766/766/766 775/775/775 1134/1134/1134
f 1130/1130/1130 777/777/777 1123/1123/1123
f 1135/1135/1135 1125/1125/1125 1130/1130/1130
f 1123/1123/1123 1135/1135/1135 1130/1130/1130
f 1135/1135/1135 1133/1133/1133 767/767/767 1134/1134/1134
f 1125/1125/1125 1135/1135/1135 1134/1134/1134 776/776/776
f 1124/1124/1124 1161/1161/1161 1162/1162/1162
f 1120/1120/1120 1117/1117/1117 1124/1124/1124 1163/1163/1163
f 1163/1163/1163 1123/1123/1123 777/777/777 1120/1120/1120
f 935/935/935 769/769/769 936/936/936 938/938/938
f 938/938/938 936/936/936 891/891/891 937/937/937
f 938/938/938 937/937/937 931/931/931
f 930/930/930 926/926/926 779/779/779
f 927/927/927 928/928/928 930/930/930
f 779/779/779 927/927/927 930/930/930
f 939/939/939 928/928/928 927/927/927
f 770/770/770 895/895/895 939/939/939
f 927/927/927 770/770/770 939/939/939
f 939/939/939 895/895/895 940/940/940 941/941/941
f 941/941/941 940/940/940 769/769/769 935/935/935
f 927/927/927 779/779/779 966/966/966
f 966/966/966 780/780/780 771/771/771
f 771/771/771 770/770/770 927/927/927
f 927/927/927 966/966/966 771/771/771
f 781/781/781 772/772/772 771/771/771 780/780/780
f 851/851/851 772/772/772 781/781/781
f 782/782/782 773/773/773 851/851/851
f 781/781/781 782/782/782 851/851/851
f 858/858/858 773/773/773 782/782/782
f 783/783/783 774/774/774 858/858/858
f 782/782/782 783/783/783 858/858/858
f 784/784/784 775/775/775 774/774/774 783/783/783
f 1092/1092/1092 785/785/785 1126/1126/1126
f 1126/1126/1126 776/776/776 775/775/775
f 775/775/775 784/784/784 1092/1092/1092
f 1092/1092/1092 1126/1126/1126 775/775/775
f 1121/1121/1121 777/777/777 1130/1130/1130 1132/1132/1132
f 1132/1132/1132 1130/1130/1130 1125/1125/1125 1131/1131/1131
f 1131/1131/1131 1125/1125/1125 776/776/776
f 1126/1126/1126 1127/1127/1127 1131/1131/1131
f 776/776/776 1126/1126/1126 1131/1131/1131
f 1129/1129/1129 1127/1127/1127 1126/1126/1126
f 785/785/785 1086/1086/1086 1129/1129/1129
f 1126/1126/1126 785/785/785 1129/1129/1129
f 1118/1118/1118 1119/1119/1119 1122/1122/1122
f 1119/1119/1119 1117/1117/1117 1120/1120/1120 1122/1122/1122
f 1122/1122/1122 1120/1120/1120 777/777/777 1121/1121/1121
f 970/970/970 968/968/968 934/934/934 969/969/969
f 968/968/968 932/932/932 779/779/779
f 926/926/926 934/934/934 968/968/968
f 779/779/779 926/926/926 968/968/968
f 929/929/929 778/778/778 933/933/933
f 934/934/934 926/926/926 929/929/929
f 933/933/933 934/934/934 929/929/929
f 971/971/971 960/960/960 787/787/787
f 965/965/965 967/967/967 971/971/971
f 787/787/787 965/965/965 971/971/971
f 965/965/965 780/780/780 966/966/966 967/967/967
f 972/972/972 967/967/967 966/966/966
f 779/779/779 932/932/932 972/972/972
f 966/966/966 779/779/779 972/972/972
f 971/971/971 967/967/967 972/972/972 973/973/973
f 965/965/965 787/787/787 999/999/999
f 999/999/999 788/788/788 781/781/781
f 781/781/781 780/780/780 965/965/965
f 965/965/965 999/999/999 781/781/781
f 1007/1007/1007 789/789/789 782/782/782
f 781/781/781 788/788/788 1007/1007/1007
f 782/782/782 781/781/781 1007/1007/1007
f 1030/1030/1030 790/790/790 783/783/783
f 782/782/782 789/789/789 1030/1030/1030
f 783/783/783 782/782/782 1030/1030/1030
f 1054/1054/1054 791/791/791 1093/1093/1093
f 1093/1093/1093 784/784/784 783/783/783
f 783/783/783 790/790/790 1054/1054/1054
f 1054/1054/1054 1093/1093/1093 783/783/783
f 1100/1100/1100 1098/1098/1098 1094/1094/1094 1099/1099/1099
f 1098/1098/1098 1087/1087/1087 785/785/785
f 1092/1092/1092 1094/1094/1094 1098/1098/1098
f 785/785/785 1092/1092/1092 1098/1098/1098
f 1094/1094/1094 1092/1092/1092 784/784/784 1093/1093/1093
f 1099/1099/1099 1094/1094/1094 1093/1093/1093
f 791/791/791 1060/1060/1060 1099/1099/1099
f 1093/1093/1093 791/791/791 1099/1099/1099
f 1128/1128/1128 1086/1086/1086 1088/1088/1088
f 1085/1085/1085 786/786/786 1128/1128/1128
f 1088/1088/1088 1085/1085/1085 1128/1128/1128
f 1090/1090/1090 1088/1088/1088 1086/1086/1086
f 785/785/785 1087/1087/1087 1090/1090/1090
f 1086/1086/1086 785/785/785 1090/1090/1090
f 1089/1089/1089 1088/1088/1088 1090/1090/1090 1091/1091/1091
f 1002/1002/1002 959/959/959 961/961/961
f 958/958/958 792/792/792 1002/1002/1002
f 961/961/961 958/958/958 1002/1002/1002
f 963/963/963 961/961/961 959/959/959
f 787/787/787 960/960/960 963/963/963
f 959/959/959 787/787/787 963/963/963
f 961/961/961 963/963/963 964/964/964 962/962/962
f 793/793/793 1003/1003/1003 1005/1005/1005 994/994/994
f 1003/1003/1003 998/998/998 1004/1004/1004 1005/1005/1005
f 1004/1004/1004 998/998/998 788/788/788
f 999/999/999 1000/1000/1000 1004/1004/1004
f 788/788/788 999/999/999 1004/1004/1004
f 1001/1001/1001 1000/1000/1000 999/999/999
f 787/787/787 959/959/959 1001/1001/1001
f 999/999/999 787/787/787 1001/1001/1001
f 1006/1006/1006 789/789/789 1007/1007/1007 1008/1008/1008
f 1008/1008/1008 1007/1007/1007 788/788/788 998/998/998
f 1003/1003/1003 793/793/793 996/996/996
f 1008/1008/1008 998/998/998 1003/1003/1003
f 996/996/996 1008/1008/1008 1003/1003/1003
f 1067/1067/1067 1029/1029/1029 1031/1031/1031
f 1026/1026/1026 794/794/794 1067/1067/1067
f 1031/1031/1031 1026/1026/1026 1067/1067/1067
f 1029/1029/1029 790/790/790 1030/1030/1030 1031/1031/1031
f 1031/1031/1031 1030/1030/1030 789/789/789 1006/1006/1006
f 1057/1057/1057 1053/1053/1053 791/791/791
f 1054/1054/1054 1055/1055/1055 1057/1057/1057
f 791/791/791 1054/1054/1054 1057/1057/1057
f 1066/1066/1066 1055/1055/1055 1054/1054/1054
f 790/790/790 1029/1029/1029 1066/1066/1066
f 1054/1054/1054 790/790/790 1066/1066/1066
f 1068/1068/1068 1066/1066/1066 1029/1029/1029 1067/1067/1067
f 1063/1063/1063 1068/1068/1068 1067/1067/1067 794/794/794
f 1095/1095/1095 1097/1097/1097 1096/1096/1096 1061/1061/1061
f 1096/1096/1096 1060/1060/1060 791/791/791
f 1053/1053/1053 1061/1061/1061 1096/1096/1096
f 791/791/791 1053/1053/1053 1096/1096/1096
f 1056/1056/1056 795/795/795 1059/1059/1059
f 1061/1061/1061 1053/1053/1053 1056/1056/1056
f 1059/1059/1059 1061/1061/1061 1056/1056/1056
f 990/990/990 993/993/993 995/995/995 992/992/992
f 993/993/993 793/793/793 994/994/994 995/995/995
f 991/991/991 992/992/992 995/995/995
f 997/997/997 1034/1034/1034 1035/1035/1035
f 1036/1036/1036 996/996/996 793/793/793 993/993/993
f 993/993/993 990/990/990 997/997/997 1036/1036/1036
f 1064/1064/1064 794/794/794 1026/1026/1026 1028/1028/1028
f 1028/1028/1028 1027/1027/1027 1025/1025/1025 1064/1064/1064
f 1033/1033/1033 1032/1032/1032 1027/1027/1027
f 1065/1065/1065 1062/1062/1062 1058/1058/1058
f 1065/1065/1065 1063/1063/1063 794/794/794 1064/1064/1064
f 1062/1062/1062 1065/1065/1065 1064/1064/1064 1025/1025/1025
f 818/818/818 819/819/819 1314/1314/1314
f 1350/1350/1350 1314/1314/1314 819/819/819
f 1293/1293/1293 818/818/818 735/735/735
f 1314/1314/1314 735/735/735 818/818/818
f 819/819/819 1329/1329/1329 1350/1350/1350
f 820/820/820 1328/1328/1328 819/819/819
f 1314/1314/1314 1350/1350/1350 1315/1315/1315
f 819/819/819 1328/1328/1328 1329/1329/1329
f 1292/1292/1292 1293/1293/1293 735/735/735
f 1292/1292/1292 735/735/735 1291/1291/1291
f 818/818/818 1293/1293/1293 1294/1294/1294
f 1306/1306/1306 1311/1311/1311 1308/1308/1308
f 1308/1308/1308 1310/1310/1310 1306/1306/1306
f 1291/1291/1291 1311/1311/1311 1306/1306/1306
f 735/735/735 1311/1311/1311 1291/1291/1291
f 1310/1310/1310 1305/1305/1305 1306/1306/1306
f 1350/1350/1350 1329/1329/1329 1330/1330/1330
f 1295/1295/1295 818/818/818 1294/1294/1294
f 1326/1326/1326 1327/1327/1327 820/820/820
f 1327/1327/1327 1328/1328/1328 820/820/820
f 1344/1344/1344 1324/1324/1324 1325/1325/1325
f 820/820/820 1325/1325/1325 1326/1326/1326
f 1324/1324/1324 1345/1345/1345 1323/1323/1323
f 820/820/820 1344/1344/1344 1325/1325/1325
f 1351/1351/1351 1331/1331/1331 1332/1332/1332
f 1332/1332/1332 1349/1349/1349 1351/1351/1351
f 1349/1349/1349 1332/1332/1332 1313/1313/1313
f 1330/1330/1330 1331/1331/1331 1351/1351/1351
f 1335/1335/1335 1354/1354/1354 1334/1334/1334
f 1313/1313/1313 1333/1333/1333 1334/1334/1334
f 1334/1334/1334 1353/1353/1353 1313/1313/1313
f 1332/1332/1332 1333/1333/1333 1313/1313/1313
f 1344/1344/1344 820/820/820 821/821/821
f 1330/1330/1330 1351/1351/1351 1350/1350/1350
f 1318/1318/1318 817/817/817 1312/1312/1312
f 1295/1295/1295 1312/1312/1312 817/817/817
f 816/816/816 817/817/817 1318/1318/1318
f 1280/1280/1280 816/816/816 1318/1318/1318
f 1312/1312/1312 1295/1295/1295 1296/1296/1296
f 1297/1297/1297 1319/1319/1319 1312/1312/1312
f 1296/1296/1296 1297/1297/1297 1312/1312/1312
f 1295/1295/1295 817/817/817 818/818/818
f 1286/1286/1286 815/815/815 816/816/816
f 1286/1286/1286 816/816/816 1280/1280/1280
f 1267/1267/1267 1287/1287/1287 1266/1266/1266
f 1287/1287/1287 1265/1265/1265 1266/1266/1266
f 1287/1287/1287 815/815/815 1286/1286/1286
f 1264/1264/1264 1281/1281/1281 1282/1282/1282
f 1281/1281/1281 1286/1286/1286 1280/1280/1280
f 1281/1281/1281 1264/1264/1264 1265/1265/1265
f 1282/1282/1282 1263/1263/1263 1264/1264/1264
f 1263/1263/1263 1282/1282/1282 1278/1278/1278
f 1287/1287/1287 1281/1281/1281 1265/1265/1265
f 1298/1298/1298 1319/1319/1319 1297/1297/1297
f 1322/1322/1322 1301/1301/1301 1302/1302/1302
f 1319/1319/1319 1299/1299/1299 1316/1316/1316
f 1304/1304/1304 1305/1305/1305 1310/1310/1310
f 1302/1302/1302 1303/1303/1303 1309/1309/1309
f 1304/1304/1304 1309/1309/1309 1303/1303/1303
f 1304/1304/1304 1310/1310/1310 1309/1309/1309
f 1309/1309/1309 1320/1320/1320 1302/1302/1302
f 1279/1279/1279 1277/1277/1277 1278/1278/1278
f 1277/1277/1277 1279/1279/1279 1276/1276/1276
f 1278/1278/1278 1282/1282/1282 1279/1279/1279
f 1316/1316/1316 1301/1301/1301 1322/1322/1322
f 1285/1285/1285 1261/1261/1261 1383/1383/1383 1279/1279/1279
f 1322/1322/1322 1302/1302/1302 1320/1320/1320
f 1301/1301/1301 1316/1316/1316 1300/1300/1300
f 1300/1300/1300 1316/1316/1316 1299/1299/1299
f 1261/1261/1261 1262/1262/1262 1250/1250/1250 1383/1383/1383
f 1319/1319/1319 1298/1298/1298 1299/1299/1299
f 1336/1336/1336 1354/1354/1354 1335/1335/1335
f 1358/1358/1358 1359/1359/1359 1371/1371/1371
f 1371/1371/1371 1357/1357/1357 1358/1358/1358
f 822/822/822 1371/1371/1371 1359/1359/1359
f 1360/1360/1360 822/822/822 1359/1359/1359
f 1374/1374/1374 1371/1371/1371 823/823/823
f 822/822/822 823/823/823 1371/1371/1371
f 1374/1374/1374 823/823/823 900/900/900
f 1357/1357/1357 1371/1371/1371 1375/1375/1375
f 1356/1356/1356 1357/1357/1357 1375/1375/1375
f 744/744/744 822/822/822 1361/1361/1361
f 822/822/822 744/744/744 1341/1341/1341
f 1361/1361/1361 1362/1362/1362 744/744/744
f 1362/1362/1362 1363/1363/1363 744/744/744
f 1375/1375/1375 1355/1355/1355 1356/1356/1356
f 1355/1355/1355 1375/1375/1375 1373/1373/1373
f 822/822/822 1360/1360/1360 1361/1361/1361
f 1355/1355/1355 1373/1373/1373 1370/1370/1370
f 821/821/821 822/822/822 1341/1341/1341
f 900/900/900 824/824/824 904/904/904
f 905/905/905 904/904/904 824/824/824
f 904/904/904 901/901/901 900/900/900
f 823/823/823 824/824/824 900/900/900
f 879/879/879 905/905/905 825/825/825
f 824/824/824 825/825/825 905/905/905
f 905/905/905 879/879/879 880/880/880
f 879/879/879 825/825/825 903/903/903
f 881/881/881 901/901/901 905/905/905
f 880/880/880 881/881/881 905/905/905
f 884/884/884 906/906/906 883/883/883
f 882/882/882 883/883/883 906/906/906
f 885/885/885 899/899/899 884/884/884
f 906/906/906 884/884/884 899/899/899
f 901/901/901 882/882/882 906/906/906
f 887/887/887 1384/1384/1384 886/886/886
f 899/899/899 885/885/885 886/886/886
f 882/882/882 901/901/901 881/881/881
f 1384/1384/1384 897/897/897 909/909/909 899/899/899
f 1344/1344/1344 1341/1341/1341 1342/1342/1342
f 1339/1339/1339 1379/1379/1379 1364/1364/1364
f 1379/1379/1379 1363/1363/1363 1364/1364/1364
f 1378/1378/1378 1339/1339/1339 1365/1365/1365
f 1339/1339/1339 1364/1364/1364 1365/1365/1365
f 1379/1379/1379 744/744/744 1363/1363/1363
f 1366/1366/1366 1378/1378/1378 1365/1365/1365
f 1340/1340/1340 1337/1337/1337 1338/1338/1338
f 1345/1345/1345 1338/1338/1338 1323/1323/1323
f 1340/1340/1340 1336/1336/1336 1337/1337/1337
f 1352/1352/1352 1336/1336/1336 1340/1340/1340
f 1345/1345/1345 1343/1343/1343 1338/1338/1338
f 1334/1334/1334 1354/1354/1354 1353/1353/1353
f 1354/1354/1354 1336/1336/1336 1352/1352/1352
f 1343/1343/1343 1340/1340/1340 1338/1338/1338
f 1378/1378/1378 1366/1366/1366 1377/1377/1377
f 1344/1344/1344 1345/1345/1345 1324/1324/1324
f 1381/1381/1381 1377/1377/1377 1368/1368/1368
f 1366/1366/1366 1367/1367/1367 1377/1377/1377
f 1368/1368/1368 1377/1377/1377 1367/1367/1367
f 1382/1382/1382 1368/1368/1368 1369/1369/1369
f 1368/1368/1368 1382/1382/1382 1381/1381/1381
f 1369/1369/1369 1373/1373/1373 1382/1382/1382
f 1373/1373/1373 1369/1369/1369 1370/1370/1370
f 871/871/871 865/865/865 841/841/841
f 872/872/872 841/841/841 865/865/865
f 841/841/841 842/842/842 871/871/871
f 839/839/839 840/840/840 853/853/853
f 872/872/872 853/853/853 840/840/840
f 838/838/838 839/839/839 853/853/853
f 841/841/841 872/872/872 840/840/840
f 888/888/888 892/892/892 1384/1384/1384
f 821/821/821 1341/1341/1341 1344/1344/1344
f 842/842/842 862/862/862 871/871/871
f 1289/1289/1289 815/815/815 1267/1267/1267
f 1287/1287/1287 1267/1267/1267 815/815/815
f 814/814/814 815/815/815 1289/1289/1289
f 1268/1268/1268 1289/1289/1289 1267/1267/1267
f 1288/1288/1288 814/814/814 1289/1289/1289
f 1289/1289/1289 1268/1268/1268 1269/1269/1269
f 1270/1270/1270 1251/1251/1251 1269/1269/1269
f 1269/1269/1269 1251/1251/1251 1289/1289/1289
f 1271/1271/1271 1290/1290/1290 1270/1270/1270
f 814/814/814 1288/1288/1288 1244/1244/1244
f 1251/1251/1251 1244/1244/1244 1288/1288/1288
f 1247/1247/1247 813/813/813 1244/1244/1244
f 814/814/814 1244/1244/1244 813/813/813
f 1275/1275/1275 1276/1276/1276 1383/1383/1383
f 1230/1230/1230 1245/1245/1245 1249/1249/1249
f 813/813/813 1247/1247/1247 1245/1245/1245
f 1290/1290/1290 1251/1251/1251 1270/1270/1270
f 812/812/812 813/813/813 1245/1245/1245
f 1290/1290/1290 1271/1271/1271 1272/1272/1272
f 1383/1383/1383 1250/1250/1250 1274/1274/1274
f 1250/1250/1250 1272/1272/1272 1273/1273/1273
f 1273/1273/1273 1274/1274/1274 1250/1250/1250
f 1383/1383/1383 1274/1274/1274 1275/1275/1275
f 1276/1276/1276 1279/1279/1279 1383/1383/1383
f 1249/1249/1249 1246/1246/1246 1228/1228/1228
f 1243/1243/1243 1228/1228/1228 1246/1246/1246
f 1229/1229/1229 1230/1230/1230 1249/1249/1249
f 1228/1228/1228 1229/1229/1229 1249/1249/1249
f 1241/1241/1241 1259/1259/1259 1257/1257/1257
f 1242/1242/1242 1259/1259/1259 1241/1241/1241
f 1254/1254/1254 1241/1241/1241 1257/1257/1257
f 1246/1246/1246 1242/1242/1242 1243/1243/1243
f 1246/1246/1246 1259/1259/1259 1242/1242/1242
f 1254/1254/1254 1240/1240/1240 1241/1241/1241
f 1250/1250/1250 1290/1290/1290 1272/1272/1272
f 1231/1231/1231 1245/1245/1245 1230/1230/1230
f 1245/1245/1245 1232/1232/1232 812/812/812
f 812/812/812 1232/1232/1232 1233/1233/1233
f 1239/1239/1239 1240/1240/1240 1254/1254/1254
f 1214/1214/1214 1237/1237/1237 1238/1238/1238
f 1239/1239/1239 1255/1255/1255 1238/1238/1238
f 1239/1239/1239 1254/1254/1254 1255/1255/1255
f 1214/1214/1214 1256/1256/1256 1237/1237/1237
f 812/812/812 1234/1234/1234 738/738/738
f 1235/1235/1235 738/738/738 1234/1234/1234
f 899/899/899 886/886/886 1384/1384/1384
f 812/812/812 1213/1213/1213 811/811/811
f 1213/1213/1213 812/812/812 738/738/738
f 1233/1233/1233 1234/1234/1234 812/812/812
f 738/738/738 1236/1236/1236 1256/1256/1256
f 1213/1213/1213 1216/1216/1216 811/811/811
f 810/810/810 811/811/811 1216/1216/1216
f 1256/1256/1256 1236/1236/1236 1237/1237/1237
f 1236/1236/1236 738/738/738 1235/1235/1235
f 1385/1385/1385 1133/1133/1133 1135/1135/1135 1123/1123/1123
f 1238/1238/1238 1255/1255/1255 1214/1214/1214
f 1231/1231/1231 1232/1232/1232 1245/1245/1245
f 1213/1213/1213 1215/1215/1215 1216/1216/1216
f 1218/1218/1218 1217/1217/1217 1211/1211/1211
f 1212/1212/1212 1211/1211/1211 1217/1217/1217
f 1212/1212/1212 1210/1210/1210 1211/1211/1211
f 1197/1197/1197 1216/1216/1216 1218/1218/1218
f 1211/1211/1211 1196/1196/1196 1218/1218/1218
f 1216/1216/1216 1197/1197/1197 1198/1198/1198
f 1200/1200/1200 1201/1201/1201 810/810/810
f 1198/1198/1198 1199/1199/1199 810/810/810
f 1223/1223/1223 809/809/809 1202/1202/1202
f 1203/1203/1203 1223/1223/1223 1202/1202/1202
f 1201/1201/1201 1202/1202/1202 809/809/809
f 1201/1201/1201 809/809/809 810/810/810
f 1196/1196/1196 1197/1197/1197 1218/1218/1218
f 1200/1200/1200 810/810/810 1199/1199/1199
f 1209/1209/1209 1210/1210/1210 1212/1212/1212
f 1198/1198/1198 810/810/810 1216/1216/1216
f 1133/1133/1133 1385/1385/1385 1153/1153/1153 1158/1158/1158
f 1384/1384/1384 887/887/887 888/888/888
f 1227/1227/1227 1208/1208/1208 1209/1209/1209
f 1187/1187/1187 1206/1206/1206 1207/1207/1207
f 1207/1207/1207 1208/1208/1208 1227/1227/1227
f 1209/1209/1209 1226/1226/1226 1227/1227/1227
f 1225/1225/1225 1187/1187/1187 1207/1207/1207
f 1227/1227/1227 1225/1225/1225 1207/1207/1207
f 1226/1226/1226 1209/1209/1209 1212/1212/1212
f 1205/1205/1205 1206/1206/1206 1187/1187/1187
f 1224/1224/1224 1204/1204/1204 1205/1205/1205
f 1224/1224/1224 1223/1223/1223 1203/1203/1203
f 1224/1224/1224 1205/1205/1205 1222/1222/1222
f 1204/1204/1204 1224/1224/1224 1203/1203/1203
f 1179/1179/1179 1183/1183/1183 1180/1180/1180
f 1186/1186/1186 1223/1223/1223 1188/1188/1188
f 1222/1222/1222 1205/1205/1205 1187/1187/1187
f 844/844/844 874/874/874 862/862/862
f 842/842/842 843/843/843 862/862/862
f 874/874/874 845/845/845 870/870/870
f 843/843/843 844/844/844 862/862/862
f 870/870/870 845/845/845 873/873/873
f 1385/1385/1385 1148/1148/1148 1149/1149/1149
f 845/845/845 846/846/846 873/873/873
f 844/844/844 845/845/845 874/874/874
f 1178/1178/1178 1184/1184/1184 1177/1177/1177
f 1182/1182/1182 1177/1177/1177 1184/1184/1184
f 1184/1184/1184 1178/1178/1178 1179/1179/1179
f 1180/1180/1180 1184/1184/1184 1179/1179/1179
f 1194/1194/1194 1175/1175/1175 1182/1182/1182
f 1175/1175/1175 1176/1176/1176 1182/1182/1182
f 1177/1177/1177 1182/1182/1182 1176/1176/1176
f 1175/1175/1175 1194/1194/1194 1195/1195/1195
f 1164/1164/1164 1183/1183/1183 1179/1179/1179
f 1165/1165/1165 752/752/752 1164/1164/1164
f 808/808/808 1186/1186/1186 752/752/752
f 1165/1165/1165 1166/1166/1166 752/752/752
f 1166/1166/1166 808/808/808 752/752/752
f 1191/1191/1191 1173/1173/1173 1174/1174/1174
f 1175/1175/1175 1195/1195/1195 1174/1174/1174
f 752/752/752 1183/1183/1183 1164/1164/1164
f 808/808/808 1167/1167/1167 1168/1168/1168
f 1169/1169/1169 1185/1185/1185 1168/1168/1168
f 808/808/808 1168/1168/1168 807/807/807
f 1166/1166/1166 1167/1167/1167 808/808/808
f 1171/1171/1171 1192/1192/1192 1170/1170/1170
f 1168/1168/1168 1185/1185/1185 807/807/807
f 1170/1170/1170 1192/1192/1192 1185/1185/1185
f 1185/1185/1185 1190/1190/1190 807/807/807
f 1170/1170/1170 1185/1185/1185 1169/1169/1169
f 1172/1172/1172 1192/1192/1192 1171/1171/1171
f 996/996/996 1386/1386/1386 1006/1006/1006 1008/1008/1008
f 1172/1172/1172 1173/1173/1173 1191/1191/1191
f 1186/1186/1186 808/808/808 809/809/809
f 1195/1195/1195 1191/1191/1191 1174/1174/1174
f 1155/1155/1155 1153/1153/1153 1151/1151/1151
f 1172/1172/1172 1191/1191/1191 1192/1192/1192
f 1153/1153/1153 1149/1149/1149 1150/1150/1150
f 1155/1155/1155 1151/1151/1151 1136/1136/1136
f 1153/1153/1153 1150/1150/1150 1151/1151/1151
f 1136/1136/1136 1137/1137/1137 1155/1155/1155
f 806/806/806 1190/1190/1190 1152/1152/1152
f 1154/1154/1154 1159/1159/1159 1152/1152/1152
f 806/806/806 1152/1152/1152 1159/1159/1159
f 807/807/807 1190/1190/1190 806/806/806
f 1138/1138/1138 1160/1160/1160 1154/1154/1154
f 1139/1139/1139 1160/1160/1160 1138/1138/1138
f 1140/1140/1140 1160/1160/1160 1139/1139/1139
f 768/768/768 806/806/806 1159/1159/1159
f 1137/1137/1137 1138/1138/1138 1154/1154/1154
f 1155/1155/1155 1137/1137/1137 1154/1154/1154
f 1160/1160/1160 768/768/768 1159/1159/1159
f 846/846/846 860/860/860 873/873/873
f 1223/1223/1223 1186/1186/1186 809/809/809
f 996/996/996 1020/1020/1020 1386/1386/1386
f 893/893/893 877/877/877 903/903/903
f 902/902/902 903/903/903 825/825/825
f 903/903/903 877/877/877 878/878/878
f 879/879/879 903/903/903 878/878/878
f 893/893/893 902/902/902 891/891/891
f 826/826/826 891/891/891 902/902/902
f 826/826/826 937/937/937 891/891/891
f 937/937/937 826/826/826 827/827/827
f 876/876/876 877/877/877 893/893/893
f 902/902/902 825/825/825 826/826/826
f 892/892/892 888/888/888 889/889/889
f 889/889/889 890/890/890 892/892/892
f 890/890/890 894/894/894 892/892/892
f 894/894/894 875/875/875 876/876/876
f 876/876/876 893/893/893 894/894/894
f 875/875/875 894/894/894 890/890/890
f 892/892/892 898/898/898 897/897/897 1384/1384/1384
f 915/915/915 916/916/916 931/931/931
f 931/931/931 916/916/916 938/938/938
f 916/916/916 917/917/917 938/938/938
f 914/914/914 931/931/931 827/827/827
f 938/938/938 917/917/917 918/918/918
f 915/915/915 931/931/931 914/914/914
f 828/828/828 914/914/914 827/827/827
f 828/828/828 913/913/913 914/914/914
f 913/913/913 828/828/828 912/912/912
f 919/919/919 935/935/935 918/918/918
f 918/918/918 935/935/935 938/938/938
f 935/935/935 919/919/919 920/920/920
f 911/911/911 912/912/912 778/778/778
f 778/778/778 912/912/912 828/828/828
f 910/910/910 911/911/911 778/778/778
f 778/778/778 929/929/929 910/910/910
f 778/778/778 828/828/828 933/933/933
f 969/969/969 933/933/933 829/829/829
f 827/827/827 931/931/931 937/937/937
f 935/935/935 920/920/920 941/941/941
f 939/939/939 941/941/941 921/921/921
f 920/920/920 921/921/921 941/941/941
f 939/939/939 921/921/921 928/928/928
f 923/923/923 930/930/930 928/928/928
f 922/922/922 923/923/923 928/928/928
f 930/930/930 923/923/923 924/924/924
f 921/921/921 922/922/922 928/928/928
f 837/837/837 838/838/838 857/857/857
f 853/853/853 857/857/857 838/838/838
f 837/837/837 856/856/856 836/836/836
f 855/855/855 837/837/837 857/857/857
f 835/835/835 836/836/836 852/852/852
f 852/852/852 836/836/836 856/856/856
f 850/850/850 835/835/835 852/852/852
f 855/855/855 856/856/856 837/837/837
f 930/930/930 924/924/924 925/925/925
f 926/926/926 925/925/925 929/929/929
f 910/910/910 929/929/929 925/925/925
f 930/930/930 925/925/925 926/926/926
f 951/951/951 968/968/968 970/970/970
f 970/970/970 949/949/949 950/950/950
f 949/949/949 970/970/970 969/969/969
f 950/950/950 951/951/951 970/970/970
f 934/934/934 933/933/933 969/969/969
f 953/953/953 973/973/973 972/972/972
f 955/955/955 971/971/971 973/973/973
f 953/953/953 972/972/972 932/932/932
f 932/932/932 951/951/951 952/952/952
f 973/973/973 954/954/954 955/955/955
f 973/973/973 953/953/953 954/954/954
f 932/932/932 952/952/952 953/953/953
f 951/951/951 932/932/932 968/968/968
f 960/960/960 971/971/971 955/955/955
f 829/829/829 933/933/933 828/828/828
f 969/969/969 948/948/948 949/949/949
f 947/947/947 948/948/948 829/829/829
f 946/946/946 947/947/947 830/830/830
f 829/829/829 948/948/948 969/969/969
f 946/946/946 830/830/830 945/945/945
f 962/962/962 943/943/943 944/944/944
f 962/962/962 944/944/944 830/830/830
f 830/830/830 944/944/944 945/945/945
f 963/963/963 960/960/960 957/957/957
f 957/957/957 960/960/960 956/956/956
f 956/956/956 960/960/960 955/955/955
f 964/964/964 957/957/957 942/942/942
f 943/943/943 964/964/964 942/942/942
f 961/961/961 962/962/962 958/958/958
f 957/957/957 964/964/964 963/963/963
f 964/964/964 943/943/943 962/962/962
f 947/947/947 829/829/829 830/830/830
f 831/831/831 962/962/962 830/830/830
f 983/983/983 959/959/959 1002/1002/1002
f 982/982/982 1002/1002/1002 792/792/792
f 792/792/792 981/981/981 982/982/982
f 832/832/832 958/958/958 831/831/831
f 831/831/831 958/958/958 962/962/962
f 980/980/980 981/981/981 792/792/792
f 958/958/958 832/832/832 792/792/792
f 832/832/832 980/980/980 792/792/792
f 959/959/959 984/984/984 1001/1001/1001
f 1000/1000/1000 1001/1001/1001 985/985/985
f 984/984/984 985/985/985 1001/1001/1001
f 984/984/984 959/959/959 983/983/983
f 832/832/832 978/978/978 979/979/979
f 978/978/978 991/991/991 977/977/977
f 979/979/979 980/980/980 832/832/832
f 983/983/983 1002/1002/1002 982/982/982
f 991/991/991 978/978/978 832/832/832
f 987/987/987 1000/1000/1000 986/986/986
f 985/985/985 986/986/986 1000/1000/1000
f 987/987/987 1005/1005/1005 1004/1004/1004
f 1000/1000/1000 987/987/987 1004/1004/1004
f 989/989/989 994/994/994 988/988/988
f 994/994/994 974/974/974 995/995/995
f 988/988/988 1005/1005/1005 987/987/987
f 974/974/974 994/994/994 989/989/989
f 988/988/988 994/994/994 1005/1005/1005
f 1019/1019/1019 996/996/996 1018/1018/1018
f 1386/1386/1386 1022/1022/1022 1026/1026/1026
f 996/996/996 1019/1019/1019 1020/1020/1020
f 1386/1386/1386 1020/1020/1020 1021/1021/1021
f 1018/1018/1018 996/996/996 1036/1036/1036
f 1386/1386/1386 1021/1021/1021 1022/1022/1022
f 974/974/974 975/975/975 995/995/995
f 995/995/995 976/976/976 991/991/991
f 977/977/977 991/991/991 976/976/976
f 976/976/976 995/995/995 975/975/975
f 990/990/990 992/992/992 833/833/833
f 991/991/991 833/833/833 992/992/992
f 833/833/833 834/834/834 990/990/990
f 833/833/833 991/991/991 832/832/832
f 834/834/834 1034/1034/1034 990/990/990
f 1017/1017/1017 1036/1036/1036 1016/1016/1016
f 997/997/997 1016/1016/1016 1036/1036/1036
f 997/997/997 1015/1015/1015 1016/1016/1016
f 1015/1015/1015 997/997/997 1035/1035/1035
f 1015/1015/1015 1035/1035/1035 1014/1014/1014
f 1035/1035/1035 1034/1034/1034 834/834/834
f 1014/1014/1014 1035/1035/1035 1013/1013/1013
f 796/796/796 1013/1013/1013 1035/1035/1035
f 1033/1033/1033 1013/1013/1013 796/796/796
f 1035/1035/1035 834/834/834 796/796/796
f 1034/1034/1034 997/997/997 990/990/990
f 1018/1018/1018 1036/1036/1036 1017/1017/1017
f 860/860/860 847/847/847 848/848/848
f 848/848/848 867/867/867 860/860/860
f 867/867/867 848/848/848 849/849/849
f 846/846/846 847/847/847 860/860/860
f 849/849/849 850/850/850 866/866/866
f 866/866/866 850/850/850 852/852/852
f 867/867/867 849/849/849 861/861/861
f 866/866/866 861/861/861 849/849/849
f 1114/1114/1114 1132/1132/1132 1131/1131/1131
f 1114/1114/1114 1127/1127/1127 1113/1113/1113
f 1112/1112/1112 1113/1113/1113 1127/1127/1127
f 1114/1114/1114 1115/1115/1115 1132/1132/1132
f 1127/1127/1127 1114/1114/1114 1131/1131/1131
f 1132/1132/1132 1115/1115/1115 1121/1121/1121
f 1098/1098/1098 1082/1082/1082 1087/1087/1087
f 1087/1087/1087 1084/1084/1084 1090/1090/1090
f 1083/1083/1083 1084/1084/1084 1087/1087/1087
f 1070/1070/1070 1089/1089/1089 1091/1091/1091
f 1084/1084/1084 1091/1091/1091 1090/1090/1090
f 1082/1082/1082 1098/1098/1098 1100/1100/1100
f 1087/1087/1087 1082/1082/1082 1083/1083/1083
f 1080/1080/1080 1100/1100/1100 1099/1099/1099
f 1111/1111/1111 1112/1112/1112 1129/1129/1129
f 1127/1127/1127 1129/1129/1129 1112/1112/1112
f 1111/1111/1111 1086/1086/1086 1110/1110/1110
f 1086/1086/1086 1111/1111/1111 1129/1129/1129
f 1128/1128/1128 786/786/786 1109/1109/1109
f 1128/1128/1128 1109/1109/1109 1110/1110/1110
f 1088/1088/1088 1089/1089/1089 1085/1085/1085
f 1086/1086/1086 1128/1128/1128 1110/1110/1110
f 1069/1069/1069 1091/1091/1091 1084/1084/1084
f 1147/1147/1147 1148/1148/1148 1385/1385/1385
f 1146/1146/1146 1147/1147/1147 1123/1123/1123
f 1163/1163/1163 1145/1145/1145 1123/1123/1123
f 1146/1146/1146 1123/1123/1123 1145/1145/1145
f 1143/1143/1143 1144/1144/1144 1163/1163/1163
f 1145/1145/1145 1163/1163/1163 1144/1144/1144
f 1123/1123/1123 1147/1147/1147 1385/1385/1385
f 1124/1124/1124 1143/1143/1143 1163/1163/1163
f 1141/1141/1141 1162/1162/1162 1140/1140/1140
f 1160/1160/1160 1140/1140/1140 768/768/768
f 1140/1140/1140 1162/1162/1162 768/768/768
f 1162/1162/1162 1141/1141/1141 1142/1142/1142
f 1161/1161/1161 1124/1124/1124 1117/1117/1117
f 1143/1143/1143 1124/1124/1124 1142/1142/1142
f 805/805/805 1162/1162/1162 1161/1161/1161
f 1117/1117/1117 805/805/805 1161/1161/1161
f 768/768/768 1162/1162/1162 805/805/805
f 805/805/805 1117/1117/1117 804/804/804
f 1142/1142/1142 1124/1124/1124 1162/1162/1162
f 1101/1101/1101 1121/1121/1121 1116/1116/1116
f 1122/1122/1122 1121/1121/1121 1101/1101/1101
f 1102/1102/1102 1122/1122/1122 1101/1101/1101
f 1107/1107/1107 1108/1108/1108 786/786/786
f 786/786/786 1108/1108/1108 1109/1109/1109
f 1107/1107/1107 786/786/786 803/803/803
f 786/786/786 1085/1085/1085 803/803/803
f 803/803/803 804/804/804 1118/1118/1118
f 1119/1119/1119 1118/1118/1118 804/804/804
f 1118/1118/1118 1122/1122/1122 1103/1103/1103
f 1117/1117/1117 1119/1119/1119 804/804/804
f 1102/1102/1102 1103/1103/1103 1122/1122/1122
f 1118/1118/1118 1105/1105/1105 803/803/803
f 1106/1106/1106 803/803/803 1105/1105/1105
f 1105/1105/1105 1118/1118/1118 1104/1104/1104
f 803/803/803 1106/1106/1106 1107/1107/1107
f 1103/1103/1103 1104/1104/1104 1118/1118/1118
f 803/803/803 1085/1085/1085 802/802/802
f 1115/1115/1115 1116/1116/1116 1121/1121/1121
f 1085/1085/1085 1089/1089/1089 802/802/802
f 1385/1385/1385 1149/1149/1149 1153/1153/1153
f 1048/1048/1048 1066/1066/1066 1068/1068/1068
f 1047/1047/1047 1068/1068/1068 1063/1063/1063
f 1063/1063/1063 1046/1046/1046 1047/1047/1047
f 1026/1026/1026 1022/1022/1022 1023/1023/1023
f 1045/1045/1045 1063/1063/1063 1065/1065/1065
f 1031/1031/1031 1006/1006/1006 1386/1386/1386 1026/1026/1026
f 1045/1045/1045 1046/1046/1046 1063/1063/1063
f 1050/1050/1050 1055/1055/1055 1049/1049/1049
f 1048/1048/1048 1049/1049/1049 1055/1055/1055
f 1057/1057/1057 1055/1055/1055 1050/1050/1050
f 1051/1051/1051 1057/1057/1057 1050/1050/1050
f 1065/1065/1065 1044/1044/1044 1045/1045/1045
f 1066/1066/1066 1048/1048/1048 1055/1055/1055
f 1048/1048/1048 1068/1068/1068 1047/1047/1047
f 1024/1024/1024 1026/1026/1026 1023/1023/1023
f 1010/1010/1010 1028/1028/1028 1009/1009/1009
f 1024/1024/1024 1009/1009/1009 1028/1028/1028
f 1028/1028/1028 1010/1010/1010 1027/1027/1027
f 1033/1033/1033 1011/1011/1011 1012/1012/1012
f 1011/1011/1011 1033/1033/1033 1027/1027/1027
f 1033/1033/1033 1012/1012/1012 1013/1013/1013
f 1010/1010/1010 1011/1011/1011 1027/1027/1027
f 1058/1058/1058 1043/1043/1043 1065/1065/1065
f 1043/1043/1043 1058/1058/1058 1042/1042/1042
f 1065/1065/1065 1043/1043/1043 1044/1044/1044
f 1025/1025/1025 797/797/797 1062/1062/1062
f 796/796/796 1032/1032/1032 1033/1033/1033
f 1058/1058/1058 1062/1062/1062 798/798/798
f 797/797/797 798/798/798 1062/1062/1062
f 1041/1041/1041 1042/1042/1042 1058/1058/1058
f 1032/1032/1032 797/797/797 1025/1025/1025
f 1025/1025/1025 1027/1027/1027 1032/1032/1032
f 798/798/798 1041/1041/1041 1058/1058/1058
f 1032/1032/1032 796/796/796 797/797/797
f 1028/1028/1028 1026/1026/1026 1024/1024/1024
f 1080/1080/1080 1060/1060/1060 1079/1079/1079
f 1078/1078/1078 1079/1079/1079 1060/1060/1060
f 1080/1080/1080 1081/1081/1081 1100/1100/1100
f 1100/1100/1100 1081/1081/1081 1082/1082/1082
f 1078/1078/1078 1096/1096/1096 1097/1097/1097
f 1095/1095/1095 1076/1076/1076 1097/1097/1097
f 1097/1097/1097 1077/1077/1077 1078/1078/1078
f 1077/1077/1077 1097/1097/1097 1076/1076/1076
f 1060/1060/1060 1096/1096/1096 1078/1078/1078
f 1069/1069/1069 1070/1070/1070 1091/1091/1091
f 1089/1089/1089 1071/1071/1071 801/801/801
f 1071/1071/1071 1089/1089/1089 1070/1070/1070
f 1072/1072/1072 801/801/801 1071/1071/1071
f 802/802/802 1089/1089/1089 801/801/801
f 801/801/801 1072/1072/1072 1073/1073/1073
f 1074/1074/1074 801/801/801 1073/1073/1073
f 1099/1099/1099 1060/1060/1060 1080/1080/1080
f 1053/1053/1053 1057/1057/1057 1052/1052/1052
f 1052/1052/1052 1057/1057/1057 1051/1051/1051
f 1052/1052/1052 1037/1037/1037 1056/1056/1056
f 1053/1053/1053 1052/1052/1052 1056/1056/1056
f 799/799/799 1040/1040/1040 1041/1041/1041
f 795/795/795 1038/1038/1038 1039/1039/1039
f 1039/1039/1039 1040/1040/1040 799/799/799
f 1038/1038/1038 795/795/795 1037/1037/1037
f 1076/1076/1076 1095/1095/1095 1075/1075/1075
f 1059/1059/1059 1095/1095/1095 1061/1061/1061
f 1075/1075/1075 800/800/800 1074/1074/1074
f 800/800/800 801/801/801 1074/1074/1074
f 800/800/800 1075/1075/1075 1095/1095/1095
f 1037/1037/1037 795/795/795 1056/1056/1056
f 800/800/800 1059/1059/1059 799/799/799
f 795/795/795 799/799/799 1059/1059/1059
f 1059/1059/1059 800/800/800 1095/1095/1095
f 799/799/799 795/795/795 1039/1039/1039
f 799/799/799 1041/1041/1041 798/798/798
f 1389/1389/1389 1387/1387/1387 1388/1388/1388 1390/1390/1390
f 1393/1393/1393 1391/1391/1391 1392/1392/1392 1394/1394/1394
f 1391/1391/1391 1389/1389/1389 1390/1390/1390 1392/1392/1392
f 1397/1397/1397 1395/1395/1395 1396/1396/1396 1398/1398/1398
f 1401/1401/1401 1399/1399/1399 1400/1400/1400 1402/1402/1402
f 1399/1399/1399 1397/1397/1397 1398/1398/1398 1400/1400/1400
f 1395/1395/1395 1393/1393/1393 1394/1394/1394 1396/1396/1396
f 1403/1403/1403 1401/1401/1401 1402/1402/1402 1404/1404/1404
f 1407/1407/1407 1405/1405/1405 1406/1406/1406 1408/1408/1408
f 1411/1411/1411 1409/1409/1409 1410/1410/1410 1412/1412/1412
f 1409/1409/1409 1407/1407/1407 1408/1408/1408 1410/1410/1410
f 1415/1415/1415 1413/1413/1413 1414/1414/1414 1416/1416/1416
f 1419/1419/1419 1417/1417/1417 1418/1418/1418 1420/1420/1420
f 1417/1417/1417 1415/1415/1415 1416/1416/1416 1418/1418/1418
f 1413/1413/1413 1411/1411/1411 1412/1412/1412 1414/1414/1414
f 1405/1405/1405 1403/1403/1403 1404/1404/1404 1406/1406/1406
f 1423/1423/1423 1421/1421/1421 1422/1422/1422 1424/1424/1424
f 1427/1427/1427 1425/1425/1425 1426/1426/1426 1428/1428/1428
f 1425/1425/1425 1423/1423/1423 1424/1424/1424 1426/1426/1426
f 1431/1431/1431 1429/1429/1429 1430/1430/1430 1432/1432/1432
f 1435/1435/1435 1433/1433/1433 1434/1434/1434 1436/1436/1436
f 1433/1433/1433 1431/1431/1431 1432/1432/1432 1434/1434/1434
f 1429/1429/1429 1427/1427/1427 1428/1428/1428 1430/1430/1430
f 1437/1437/1437 1435/1435/1435 1436/1436/1436 1438/1438/1438
f 1441/1441/1441 1439/1439/1439 1440/1440/1440 1442/1442/1442
f 1445/1445/1445 1443/1443/1443 1444/1444/1444 1446/1446/1446
f 1443/1443/1443 1441/1441/1441 1442/1442/1442 1444/1444/1444
f 1449/1449/1449 1447/1447/1447 1448/1448/1448 1450/1450/1450
f 1453/1453/1453 1451/1451/1451 1452/1452/1452 1454/1454/1454
f 1451/1451/1451 1449/1449/1449 1450/1450/1450 1452/1452/1452
f 1447/1447/1447 1445/1445/1445 1446/1446/1446 1448/1448/1448
f 1439/1439/1439 1437/1437/1437 1438/1438/1438 1440/1440/1440
f 1457/1457/1457 1455/1455/1455 1456/1456/1456 1458/1458/1458
f 1461/1461/1461 1459/1459/1459 1460/1460/1460 1462/1462/1462
f 1459/1459/1459 1457/1457/1457 1458/1458/1458 1460/1460/1460
f 1465/1465/1465 1463/1463/1463 1464/1464/1464 1466/1466/1466
f 1469/1469/1469 1467/1467/1467 1468/1468/1468 1470/1470/1470
f 1467/1467/1467 1465/1465/1465 1466/1466/1466 1468/1468/1468
f 1463/1463/1463 1461/1461/1461 1462/1462/1462 1464/1464/1464
f 1471/1471/1471 1469/1469/1469 1470/1470/1470 1472/1472/1472
f 1475/1475/1475 1473/1473/1473 1474/1474/1474 1476/1476/1476
f 1479/1479/1479 1477/1477/1477 1478/1478/1478 1480/1480/1480
f 1477/1477/1477 1475/1475/1475 1476/1476/1476 1478/1478/1478
f 1483/1483/1483 1481/1481/1481 1482/1482/1482 1484/1484/1484
f 1487/1487/1487 1485/1485/1485 1486/1486/1486 1488/1488/1488
f 1485/1485/1485 1483/1483/1483 1484/1484/1484 1486/1486/1486
f 1481/1481/1481 1479/1479/1479 1480/1480/1480 1482/1482/1482
f 1473/1473/1473 1471/1471/1471 1472/1472/1472 1474/1474/1474
f 1491/1491/1491 1489/1489/1489 1490/1490/1490 1492/1492/1492
f 1495/1495/1495 1493/1493/1493 1494/1494/1494 1496/1496/1496
f 1493/1493/1493 1491/1491/1491 1492/1492/1492 1494/1494/1494
f 1499/1499/1499 1497/1497/1497 1498/1498/1498 1500/1500/1500
f 1503/1503/1503 1501/1501/1501 1502/1502/1502 1504/1504/1504
f 1501/1501/1501 1499/1499/1499 1500/1500/1500 1502/1502/1502
f 1497/1497/1497 1495/1495/1495 1496/1496/1496 1498/1498/1498
f 1505/1505/1505 1503/1503/1503 1504/1504/1504 1506/1506/1506
f 1509/1509/1509 1507/1507/1507 1508/1508/1508 1510/1510/1510
f 1513/1513/1513 1511/1511/1511 1512/1512/1512 1514/1514/1514
f 1511/1511/1511 1509/1509/1509 1510/1510/1510 1512/1512/1512
f 1517/1517/1517 1515/1515/1515 1516/1516/1516 1518/1518/1518
f 1521/1521/1521 1519/1519/1519 1520/1520/1520 1522/1522/1522
f 1519/1519/1519 1517/1517/1517 1518/1518/1518 1520/1520/1520
f 1515/1515/1515 1513/1513/1513 1514/1514/1514 1516/1516/1516
f 1507/1507/1507 1505/1505/1505 1506/1506/1506 1508/1508/1508
f 1525/1525/1525 1523/1523/1523 1524/1524/1524 1526/1526/1526
f 1529/1529/1529 1527/1527/1527 1528/1528/1528 1530/1530/1530
f 1527/1527/1527 1525/1525/1525 1526/1526/1526 1528/1528/1528
f 1533/1533/1533 1531/1531/1531 1532/1532/1532 1534/1534/1534
f 1537/1537/1537 1535/1535/1535 1536/1536/1536 1538/1538/1538
f 1535/1535/1535 1533/1533/1533 1534/1534/1534 1536/1536/1536
f 1531/1531/1531 1529/1529/1529 1530/1530/1530 1532/1532/1532
f 1539/1539/1539 1537/1537/1537 1538/1538/1538 1540/1540/1540
f 1543/1543/1543 1541/1541/1541 1542/1542/1542 1544/1544/1544
f 1547/1547/1547 1545/1545/1545 1546/1546/1546 1548/1548/1548
f 1545/1545/1545 1543/1543/1543 1544/1544/1544 1546/1546/1546
f 1551/1551/1551 1549/1549/1549 1550/1550/1550 1552/1552/1552
f 1555/1555/1555 1553/1553/1553 1554/1554/1554 1556/1556/1556
f 1553/1553/1553 1551/1551/1551 1552/1552/1552 1554/1554/1554
f 1549/1549/1549 1547/1547/1547 1548/1548/1548 1550/1550/1550
f 1541/1541/1541 1539/1539/1539 1540/1540/1540 1542/1542/1542
f 1559/1559/1559 1557/1557/1557 1558/1558/1558 1560/1560/1560
f 1563/1563/1563 1561/1561/1561 1562/1562/1562 1564/1564/1564
f 1561/1561/1561 1559/1559/1559 1560/1560/1560 1562/1562/1562
f 1567/1567/1567 1565/1565/1565 1566/1566/1566 1568/1568/1568
f 1571/1571/1571 1569/1569/1569 1570/1570/1570 1572/1572/1572
f 1569/1569/1569 1567/1567/1567 1568/1568/1568 1570/1570/1570
f 1565/1565/1565 1563/1563/1563 1564/1564/1564 1566/1566/1566
f 1573/1573/1573 1571/1571/1571 1572/1572/1572 1574/1574/1574
f 1577/1577/1577 1575/1575/1575 1576/1576/1576 1578/1578/1578
f 1581/1581/1581 1579/1579/1579 1580/1580/1580 1582/1582/1582
f 1579/1579/1579 1577/1577/1577 1578/1578/1578 1580/1580/1580
f 1585/1585/1585 1583/1583/1583 1584/1584/1584 1586/1586/1586
f 1589/1589/1589 1587/1587/1587 1588/1588/1588 1590/1590/1590
f 1587/1587/1587 1585/1585/1585 1586/1586/1586 1588/1588/1588
f 1583/1583/1583 1581/1581/1581 1582/1582/1582 1584/1584/1584
f 1575/1575/1575 1573/1573/1573 1574/1574/1574 1576/1576/1576
f 1593/1593/1593 1591/1591/1591 1592/1592/1592 1594/1594/1594
f 1597/1597/1597 1595/1595/1595 1596/1596/1596 1598/1598/1598
f 1595/1595/1595 1593/1593/1593 1594/1594/1594 1596/1596/1596
f 1601/1601/1601 1599/1599/1599 1600/1600/1600 1602/1602/1602
f 1605/1605/1605 1603/1603/1603 1604/1604/1604 1606/1606/1606
f 1603/1603/1603 1601/1601/1601 1602/1602/1602 1604/1604/1604
f 1599/1599/1599 1597/1597/1597 1598/1598/1598 1600/1600/1600
f 1607/1607/1607 1605/1605/1605 1606/1606/1606 1608/1608/1608
f 1611/1611/1611 1609/1609/1609 1610/1610/1610 1612/1612/1612
f 1615/1615/1615 1613/1613/1613 1614/1614/1614 1616/1616/1616
f 1613/1613/1613 1611/1611/1611 1612/1612/1612 1614/1614/1614
f 1619/1619/1619 1617/1617/1617 1618/1618/1618 1620/1620/1620
f 1623/1623/1623 1621/1621/1621 1622/1622/1622 1624/1624/1624
f 1621/1621/1621 1619/1619/1619 1620/1620/1620 1622/1622/1622
f 1617/1617/1617 1615/1615/1615 1616/1616/1616 1618/1618/1618
f 1609/1609/1609 1607/1607/1607 1608/1608/1608 1610/1610/1610
f 1627/1627/1627 1625/1625/1625 1626/1626/1626 1628/1628/1628
f 1631/1631/1631 1629/1629/1629 1630/1630/1630 1632/1632/1632
f 1629/1629/1629 1627/1627/1627 1628/1628/1628 1630/1630/1630
f 1635/1635/1635 1633/1633/1633 1634/1634/1634 1636/1636/1636
f 1639/1639/1639 1637/1637/1637 1638/1638/1638 1640/1640/1640
f 1637/1637/1637 1635/1635/1635 1636/1636/1636 1638/1638/1638
f 1633/1633/1633 1631/1631/1631 1632/1632/1632 1634/1634/1634
f 1641/1641/1641 1639/1639/1639 1640/1640/1640 1642/1642/1642
f 1645/1645/1645 1643/1643/1643 1644/1644/1644 1646/1646/1646
f 1649/1649/1649 1647/1647/1647 1648/1648/1648 1650/1650/1650
f 1647/1647/1647 1645/1645/1645 1646/1646/1646 1648/1648/1648
f 1653/1653/1653 1651/1651/1651 1652/1652/1652 1654/1654/1654
f 1657/1657/1657 1655/1655/1655 1656/1656/1656 1658/1658/1658
f 1655/1655/1655 1653/1653/1653 1654/1654/1654 1656/1656/1656
f 1651/1651/1651 1649/1649/1649 1650/1650/1650 1652/1652/1652
f 1643/1643/1643 1641/1641/1641 1642/1642/1642 1644/1644/1644
f 1661/1661/1661 1659/1659/1659 1660/1660/1660 1662/1662/1662
f 1665/1665/1665 1663/1663/1663 1664/1664/1664 1666/1666/1666
f 1663/1663/1663 1661/1661/1661 1662/1662/1662 1664/1664/1664
f 1669/1669/1669 1667/1667/1667 1668/1668/1668 1670/1670/1670
f 1673/1673/1673 1671/1671/1671 1672/1672/1672 1674/1674/1674
f 1671/1671/1671 1669/1669/1669 1670/1670/1670 1672/1672/1672
f 1667/1667/1667 1665/1665/1665 1666/1666/1666 1668/1668/1668
f 1675/1675/1675 1673/1673/1673 1674/1674/1674 1676/1676/1676
f 1679/1679/1679 1677/1677/1677 1678/1678/1678 1680/1680/1680
f 1683/1683/1683 1681/1681/1681 1682/1682/1682 1684/1684/1684
f 1681/1681/1681 1679/1679/1679 1680/1680/1680 1682/1682/1682
f 1687/1687/1687 1685/1685/1685 1686/1686/1686 1688/1688/1688
f 1691/1691/1691 1689/1689/1689 1690/1690/1690 1692/1692/1692
f 1689/1689/1689 1687/1687/1687 1688/1688/1688 1690/1690/1690
f 1685/1685/1685 1683/1683/1683 1684/1684/1684 1686/1686/1686
f 1677/1677/1677 1675/1675/1675 1676/1676/1676 1678/1678/1678
f 1695/1695/1695 1693/1693/1693 1694/1694/1694 1696/1696/1696
f 1699/1699/1699 1697/1697/1697 1698/1698/1698 1700/1700/1700
f 1697/1697/1697 1695/1695/1695 1696/1696/1696 1698/1698/1698
f 1703/1703/1703 1701/1701/1701 1702/1702/1702 1704/1704/1704
f 1707/1707/1707 1705/1705/1705 1706/1706/1706 1708/1708/1708
f 1705/1705/1705 1703/1703/1703 1704/1704/1704 1706/1706/1706
f 1701/1701/1701 1699/1699/1699 1700/1700/1700 1702/1702/1702
f 1709/1709/1709 1707/1707/1707 1708/1708/1708 1710/1710/1710
f 1713/1713/1713 1711/1711/1711 1712/1712/1712 1714/1714/1714
f 1717/1717/1717 1715/1715/1715 1716/1716/1716 1718/1718/1718
f 1715/1715/1715 1713/1713/1713 1714/1714/1714 1716/1716/1716
f 1721/1721/1721 1719/1719/1719 1720/1720/1720 1722/1722/1722
f 1725/1725/1725 1723/1723/1723 1724/1724/1724 1726/1726/1726
f 1723/1723/1723 1721/1721/1721 1722/1722/1722 1724/1724/1724
f 1719/1719/1719 1717/1717/1717 1718/1718/1718 1720/1720/1720
f 1711/1711/1711 1709/1709/1709 1710/1710/1710 1712/1712/1712
f 1729/1729/1729 1727/1727/1727 1728/1728/1728 1730/1730/1730
f 1733/1733/1733 1731/1731/1731 1732/1732/1732 1734/1734/1734
f 1731/1731/1731 1729/1729/1729 1730/1730/1730 1732/1732/1732
f 1737/1737/1737 1735/1735/1735 1736/1736/1736 1738/1738/1738
f 1741/1741/1741 1739/1739/1739 1740/1740/1740 1742/1742/1742
f 1739/1739/1739 1737/1737/1737 1738/1738/1738 1740/1740/1740
f 1735/1735/1735 1733/1733/1733 1734/1734/1734 1736/1736/1736
f 1743/1743/1743 1741/1741/1741 1742/1742/1742 1744/1744/1744
f 1747/1747/1747 1745/1745/1745 1746/1746/1746 1748/1748/1748
f 1751/1751/1751 1749/1749/1749 1750/1750/1750 1752/1752/1752
f 1749/1749/1749 1747/1747/1747 1748/1748/1748 1750/1750/1750
f 1755/1755/1755 1753/1753/1753 1754/1754/1754 1756/1756/1756
f 1759/1759/1759 1757/1757/1757 1758/1758/1758 1760/1760/1760
f 1757/1757/1757 1755/1755/1755 1756/1756/1756 1758/1758/1758
f 1753/1753/1753 1751/1751/1751 1752/1752/1752 1754/1754/1754
f 1745/1745/1745 1743/1743/1743 1744/1744/1744 1746/1746/1746
f 1763/1763/1763 1761/1761/1761 1762/1762/1762 1764/1764/1764
f 1767/1767/1767 1765/1765/1765 1766/1766/1766 1768/1768/1768
f 1765/1765/1765 1763/1763/1763 1764/1764/1764 1766/1766/1766
f 1771/1771/1771 1769/1769/1769 1770/1770/1770 1772/1772/1772
f 1775/1775/1775 1773/1773/1773 1774/1774/1774 1776/1776/1776
f 1773/1773/1773 1771/1771/1771 1772/1772/1772 1774/1774/1774
f 1769/1769/1769 1767/1767/1767 1768/1768/1768 1770/1770/1770
f 1777/1777/1777 1775/1775/1775 1776/1776/1776 1778/1778/1778
f 1781/1781/1781 1779/1779/1779 1780/1780/1780 1782/1782/1782
f 1785/1785/1785 1783/1783/1783 1784/1784/1784 1786/1786/1786
f 1783/1783/1783 1781/1781/1781 1782/1782/1782 1784/1784/1784
f 1789/1789/1789 1787/1787/1787 1788/1788/1788 1790/1790/1790
f 1793/1793/1793 1791/1791/1791 1792/1792/1792 1794/1794/1794
f 1791/1791/1791 1789/1789/1789 1790/1790/1790 1792/1792/1792
f 1787/1787/1787 1785/1785/1785 1786/1786/1786 1788/1788/1788
f 1779/1779/1779 1777/1777/1777 1778/1778/1778 1780/1780/1780
f 1797/1797/1797 1795/1795/1795 1796/1796/1796 1798/1798/1798
f 1801/1801/1801 1799/1799/1799 1800/1800/1800 1802/1802/1802
f 1799/1799/1799 1797/1797/1797 1798/1798/1798 1800/1800/1800
f 1805/1805/1805 1803/1803/1803 1804/1804/1804 1806/1806/1806
f 1809/1809/1809 1807/1807/1807 1808/1808/1808 1810/1810/1810
f 1807/1807/1807 1805/1805/1805 1806/1806/1806 1808/1808/1808
f 1803/1803/1803 1801/1801/1801 1802/1802/1802 1804/1804/1804
f 1811/1811/1811 1809/1809/1809 1810/1810/1810 1812/1812/1812
f 1815/1815/1815 1813/1813/1813 1814/1814/1814 1816/1816/1816
f 1819/1819/1819 1817/1817/1817 1818/1818/1818 1820/1820/1820
f 1817/1817/1817 1815/1815/1815 1816/1816/1816 1818/1818/1818
f 1823/1823/1823 1821/1821/1821 1822/1822/1822 1824/1824/1824
f 1827/1827/1827 1825/1825/1825 1826/1826/1826 1828/1828/1828
f 1825/1825/1825 1823/1823/1823 1824/1824/1824 1826/1826/1826
f 1821/1821/1821 1819/1819/1819 1820/1820/1820 1822/1822/1822
f 1813/1813/1813 1811/1811/1811 1812/1812/1812 1814/1814/1814
f 1831/1831/1831 1829/1829/1829 1830/1830/1830 1832/1832/1832
f 1835/1835/1835 1833/1833/1833 1834/1834/1834 1836/1836/1836
f 1833/1833/1833 1831/1831/1831 1832/1832/1832 1834/1834/1834
f 1839/1839/1839 1837/1837/1837 1838/1838/1838 1840/1840/1840
f 1843/1843/1843 1841/1841/1841 1842/1842/1842 1844/1844/1844
f 1841/1841/1841 1839/1839/1839 1840/1840/1840 1842/1842/1842
f 1837/1837/1837 1835/1835/1835 1836/1836/1836 1838/1838/1838
f 1845/1845/1845 1843/1843/1843 1844/1844/1844 1846/1846/1846
f 1849/1849/1849 1847/1847/1847 1848/1848/1848 1850/1850/1850
f 1853/1853/1853 1851/1851/1851 1852/1852/1852 1854/1854/1854
f 1851/1851/1851 1849/1849/1849 1850/1850/1850 1852/1852/1852
f 1857/1857/1857 1855/1855/1855 1856/1856/1856 1858/1858/1858
f 1861/1861/1861 1859/1859/1859 1860/1860/1860 1862/1862/1862
f 1859/1859/1859 1857/1857/1857 1858/1858/1858 1860/1860/1860
f 1855/1855/1855 1853/1853/1853 1854/1854/1854 1856/1856/1856
f 1847/1847/1847 1845/1845/1845 1846/1846/1846 1848/1848/1848
f 1865/1865/1865 1863/1863/1863 1864/1864/1864 1866/1866/1866
f 1869/1869/1869 1867/1867/1867 1868/1868/1868 1870/1870/1870
f 1867/1867/1867 1865/1865/1865 1866/1866/1866 1868/1868/1868
f 1873/1873/1873 1871/1871/1871 1872/1872/1872 1874/1874/1874
f 1877/1877/1877 1875/1875/1875 1876/1876/1876 1878/1878/1878
f 1875/1875/1875 1873/1873/1873 1874/1874/1874 1876/1876/1876
f 1871/1871/1871 1869/1869/1869 1870/1870/1870 1872/1872/1872
f 1879/1879/1879 1877/1877/1877 1878/1878/1878 1880/1880/1880
f 1883/1883/1883 1881/1881/1881 1882/1882/1882 1884/1884/1884
f 1887/1887/1887 1885/1885/1885 1886/1886/1886 1888/1888/1888
f 1885/1885/1885 1883/1883/1883 1884/1884/1884 1886/1886/1886
f 1891/1891/1891 1889/1889/1889 1890/1890/1890 1892/1892/1892
f 1895/1895/1895 1893/1893/1893 1894/1894/1894 1896/1896/1896
f 1893/1893/1893 1891/1891/1891 1892/1892/1892 1894/1894/1894
f 1889/1889/1889 1887/1887/1887 1888/1888/1888 1890/1890/1890
f 1881/1881/1881 1879/1879/1879 1880/1880/1880 1882/1882/1882
f 1899/1899/1899 1897/1897/1897 1898/1898/1898 1900/1900/1900
f 1903/1903/1903 1901/1901/1901 1902/1902/1902 1904/1904/1904
f 1901/1901/1901 1899/1899/1899 1900/1900/1900 1902/1902/1902
f 1907/1907/1907 1905/1905/1905 1906/1906/1906 1908/1908/1908
f 1911/1911/1911 1909/1909/1909 1910/1910/1910 1912/1912/1912
f 1909/1909/1909 1907/1907/1907 1908/1908/1908 1910/1910/1910
f 1905/1905/1905 1903/1903/1903 1904/1904/1904 1906/1906/1906
f 1913/1913/1913 1911/1911/1911 1912/1912/1912 1914/1914/1914
f 1917/1917/1917 1915/1915/1915 1916/1916/1916 1918/1918/1918
f 1921/1921/1921 1919/1919/1919 1920/1920/1920 1922/1922/1922
f 1919/1919/1919 1917/1917/1917 1918/1918/1918 1920/1920/1920
f 1925/1925/1925 1923/1923/1923 1924/1924/1924 1926/1926/1926
f 1929/1929/1929 1927/1927/1927 1928/1928/1928 1930/1930/1930
f 1927/1927/1927 1925/1925/1925 1926/1926/1926 1928/1928/1928
f 1923/1923/1923 1921/1921/1921 1922/1922/1922 1924/1924/1924
f 1915/1915/1915 1913/1913/1913 1914/1914/1914 1916/1916/1916
f 1933/1933/1933 1931/1931/1931 1932/1932/1932 1934/1934/1934
f 1937/1937/1937 1935/1935/1935 1936/1936/1936 1938/1938/1938
f 1935/1935/1935 1933/1933/1933 1934/1934/1934 1936/1936/1936
f 1941/1941/1941 1939/1939/1939 1940/1940/1940 1942/1942/1942
f 1945/1945/1945 1943/1943/1943 1944/1944/1944 1946/1946/1946
f 1943/1943/1943 1941/1941/1941 1942/1942/1942 1944/1944/1944
f 1939/1939/1939 1937/1937/1937 1938/1938/1938 1940/1940/1940
f 1947/1947/1947 1945/1945/1945 1946/1946/1946 1948/1948/1948
f 1951/1951/1951 1949/1949/1949 1950/1950/1950 1952/1952/1952
f 1955/1955/1955 1953/1953/1953 1954/1954/1954 1956/1956/1956
f 1953/1953/1953 1951/1951/1951 1952/1952/1952 1954/1954/1954
f 1959/1959/1959 1957/1957/1957 1958/1958/1958 1960/1960/1960
f 1963/1963/1963 1961/1961/1961 1962/1962/1962 1964/1964/1964
f 1961/1961/1961 1959/1959/1959 1960/1960/1960 1962/1962/1962
f 1957/1957/1957 1955/1955/1955 1956/1956/1956 1958/1958/1958
f 1949/1949/1949 1947/1947/1947 1948/1948/1948 1950/1950/1950
usemtl Default
v -232.40908813476562 141 114.86363983154297
v -219 141 114.86363983154297
v -232.40908813476562 147 114.86363983154297
v -219 147 114.86363983154297
v -225.70454406738281 147 114.86363983154297
v -225.70454406738281 141 114.86363983154297
v -232.40908813476562 141 45.136363983154297
v -219 141 45.136363983154297
v -232.40908813476562 141 114.86363983154297
v -219 141 114.86363983154297
v -232.40908813476562 141 56.757575988769531
v -232.40908813476562 141 68.3787841796875
v -232.40908813476562 141 80
v -232.40908813476562 141 91.6212158203125
v -232.40908813476562 141 103.24242401123047
v -225.70454406738281 141 114.86363983154297
v -225.70454406738281 141 45.136363983154297
v -225.70454406738281 141 80
v -225.70454406738281 141 97.431816101074219
v -229.05682373046875 141 80
v -229.05682373046875 141 97.431816101074219
v -222.35227966308594 141 80
v -222.35227966308594 141 97.431816101074219
v -219 141 91.6212158203125
v -219 141 68.3787841796875
v -225.70454406738281 141 62.568180084228516
v -222.35227966308594 141 62.568180084228516
v -229.05682373046875 141 62.568180084228516
v -232.40908813476562 147 45.136363983154297
v -219 147 45.136363983154297
v -232.40908813476562 141 45.136363983154297
v -219 141 45.136363983154297
v -225.70454406738281 141 45.136363983154297
v -225.70454406738281 147 45.136363983154297
v -232.40908813476562 147 114.86363983154297
v -219 147 114.86363983154297
v -232.40908813476562 147 45.136363983154297
v -219 147 45.136363983154297
v -232.40908813476562 147 103.24242401123047
v -232.40908813476562 147 91.6212158203125
v -232.40908813476562 147 80
v -232.40908813476562 147 68.3787841796875
v -232.40908813476562 147 56.757575988769531
v -225.70454406738281 147 45.136363983154297
v -225.70454406738281 147 114.86363983154297
v -225.70454406738281 147 80
v -222.35227966308594 147 80
v -225.70454406738281 147 97.431816101074219
v -222.35227966308594 147 97.431816101074219
v -229.05682373046875 147 80
v -229.05682373046875 147 97.431816101074219
v -225.70454406738281 147 62.568180084228516
v -229.05682373046875 147 62.568180084228516
v -222.35227966308594 147 62.568180084228516
v -219 147 68.3787841796875
v -219 147 91.6212158203125
v -219 141 114.86363983154297
v -219 147 114.86363983154297
v -219 141 45.136363983154297
v -219 147 45.136363983154297
v -219 141 91.6212158203125
v -219 141 68.3787841796875
v -219 147 68.3787841796875
v -219 147 91.6212158203125
v -366.5 141 50.136363983154297
v -366.5 147 109.86363983154297
v -366.5 147 50.136363983154297
v -366.5 141 62.081817626953125
v -366.5 141 74.027275085449219
v -366.5 141 85.972724914550781
v -366.5 141 97.918182373046875
v -366.5 147 97.918182373046875
v -366.5 147 85.972724914550781
v -366.5 147 74.027275085449219
v -366.5 147 62.081817626953125
v -366.5 141 109.86363983154297
v -232.40908813476562 141 45.136363983154297
v -349.7386474609375 141 53.852272033691406
v -332.97726440429688 141 53.852272033691406
v -316.21591186523438 141 53.852272033691406
v -299.45455932617188 141 53.852272033691406
v -282.69317626953125 141 53.852272033691406
v -265.93182373046875 141 53.852272033691406
v -249.17045593261719 141 53.852272033691406
v -349.7386474609375 141 62.568180084228516
v -332.97726440429688 141 62.568180084228516
v -316.21591186523438 141 62.568180084228516
v -299.45455932617188 141 62.568180084228516
v -282.69317626953125 141 62.568180084228516
v -265.93182373046875 141 62.568180084228516
v -249.17045593261719 141 62.568180084228516
v -349.7386474609375 141 71.284088134765625
v -332.97726440429688 141 71.284088134765625
v -316.21591186523438 141 71.284088134765625
v -299.45455932617188 141 71.284088134765625
v -282.69317626953125 141 71.284088134765625
v -265.93182373046875 141 71.284088134765625
v -249.17045593261719 141 71.284088134765625
v -349.7386474609375 141 80
v -332.97726440429688 141 80
v -316.21591186523438 141 80
v -299.45455932617188 141 80
v -265.93182373046875 141 80
v -249.17045593261719 141 80
v -349.7386474609375 141 88.715911865234375
v -332.97726440429688 141 88.715911865234375
v -316.21591186523438 141 88.715911865234375
v -299.45455932617188 141 88.715911865234375
v -282.69317626953125 141 88.715911865234375
v -265.93182373046875 141 88.715911865234375
v -249.17045593261719 141 88.715911865234375
v -349.7386474609375 141 97.431816101074219
v -332.97726440429688 141 97.431816101074219
v -316.21591186523438 141 97.431816101074219
v -299.45455932617188 141 97.431816101074219
v -282.69317626953125 141 97.431816101074219
v -265.93182373046875 141 97.431816101074219
v -249.17045593261719 141 97.431816101074219
v -349.7386474609375 141 106.14772796630859
v -332.97726440429688 141 106.14772796630859
v -316.21591186523438 141 106.14772796630859
v -299.45455932617188 141 106.14772796630859
v -282.69317626953125 141 106.14772796630859
v -265.93182373046875 141 106.14772796630859
v -249.17045593261719 141 106.14772796630859
v -232.40908813476562 141 114.86363983154297
v -232.40908813476562 141 103.24242401123047
v -232.40908813476562 141 91.6212158203125
v -232.40908813476562 141 80
v -232.40908813476562 141 68.3787841796875
v -232.40908813476562 141 56.757575988769531
v -244.14462280273438 141 45.136363983154297
v -255.88017272949219 141 45.136363983154297
v -267.61569213867188 141 45.136363983154297
v -279.35122680664062 141 45.136363983154297
v -291.0867919921875 141 45.136363983154297
v -302.82232666015625 141 45.136363983154297
v -314.557861328125 141 45.136363983154297
v -326.29339599609375 141 45.136363983154297
v -338.0289306640625 141 45.136363983154297
v -349.76446533203125 141 45.136363983154297
v -361.5 141 45.136363983154297
v -366.5 141 50.136363983154297
v -366.5 141 62.081817626953125
v -366.5 141 74.027275085449219
v -366.5 141 85.972724914550781
v -366.5 141 97.918182373046875
v -366.5 141 109.86363983154297
v -361.5 141 114.86363983154297
v -349.76446533203125 141 114.86363983154297
v -338.0289306640625 141 114.86363983154297
v -326.29339599609375 141 114.86363983154297
v -314.557861328125 141 114.86363983154297
v -302.82232666015625 141 114.86363983154297
v -291.0867919921875 141 114.86363983154297
v -279.35122680664062 141 114.86363983154297
v -267.61569213867188 141 114.86363983154297
v -255.88017272949219 141 114.86363983154297
v -244.14462280273438 141 114.86363983154297
v -274 141 80
v -274.29696655273438 141 81.512466430664062
v -275.14376831054688 141 82.800361633300781
v -276.42291259765625 141 83.675971984863281
v -278 141 84
v -279.51248168945312 141 83.703033447265625
v -280.80035400390625 141 82.856216430664062
v -281.67596435546875 141 81.577102661132812
v -282 141 80
v -281.70303344726562 141 78.487533569335938
v -280.85623168945312 141 77.199638366699219
v -279.57708740234375 141 76.324028015136719
v -278 141 76
v -276.48751831054688 141 76.296966552734375
v -275.19964599609375 141 77.143783569335938
v -274.32403564453125 141 78.422897338867188
v -274.3125 141 88.715911865234375
v -265.93182373046875 141 84.357955932617188
v -282.69317626953125 141 84.357955932617188
v -274.3125 141 84.357955932617188
v -270.12216186523438 141 84.357955932617188
v -265.93182373046875 141 82.178977966308594
v -270.12216186523438 141 80
v -270.12216186523438 141 82.178977966308594
v -257.5511474609375 141 88.715911865234375
v -249.17045593261719 141 84.357955932617188
v -257.5511474609375 141 80
v -257.5511474609375 141 84.357955932617188
v -265.93182373046875 141 75.642044067382812
v -274.3125 141 71.284088134765625
v -282.69317626953125 141 75.642044067382812
v -274.3125 141 75.642044067382812
v -265.93182373046875 141 77.821022033691406
v -270.12216186523438 141 75.642044067382812
v -270.12216186523438 141 77.821022033691406
v -249.17045593261719 141 75.642044067382812
v -257.5511474609375 141 71.284088134765625
v -257.5511474609375 141 75.642044067382812
v -278.50283813476562 141 84.357955932617188
v -291.0738525390625 141 88.715911865234375
v -291.0738525390625 141 80
v -299.45455932617188 141 84.357955932617188
v -291.0738525390625 141 84.357955932617188
v -278.50283813476562 141 75.642044067382812
v -291.0738525390625 141 71.284088134765625
v -299.45455932617188 141 75.642044067382812
v -291.0738525390625 141 75.642044067382812
v -366.14895629882812 141 111.70410919189453
v -365.0355224609375 141 113.399169921875
v -363.34048461914062 141 114.51258087158203
v -349.7386474609375 141 110.50568389892578
v -358.11932373046875 141 106.14772796630859
v -358.11932373046875 141 110.50568389892578
v -362.30966186523438 141 110.50568389892578
v -358.11932373046875 141 108.32670593261719
v -362.30966186523438 141 106.14772796630859
v -362.30966186523438 141 108.32670593261719
v -349.7386474609375 141 101.78977203369141
v -358.11932373046875 141 97.431816101074219
v -358.11932373046875 141 101.78977203369141
v -358.11932373046875 141 112.68466186523438
v -362.30966186523438 141 112.68466186523438
v -363.34048461914062 141 45.487422943115234
v -365.0355224609375 141 46.600830078125
v -366.14895629882812 141 48.295890808105469
v -358.11932373046875 141 53.852272033691406
v -349.7386474609375 141 49.494319915771484
v -358.11932373046875 141 49.494319915771484
v -362.30966186523438 141 49.494319915771484
v -358.11932373046875 141 47.315341949462891
v -362.30966186523438 141 47.315341949462891
v -362.30966186523438 141 53.852272033691406
v -358.11932373046875 141 51.673294067382812
v -362.30966186523438 141 51.673294067382812
v -358.11932373046875 141 62.568180084228516
v -349.7386474609375 141 58.210227966308594
v -358.11932373046875 141 58.210227966308594
v -282.69317626953125 141 80
v -232.40908813476562 147 45.136363983154297
v -349.7386474609375 147 53.852272033691406
v -332.97726440429688 147 53.852272033691406
v -316.21591186523438 147 53.852272033691406
v -299.45455932617188 147 53.852272033691406
v -282.69317626953125 147 53.852272033691406
v -265.93182373046875 147 53.852272033691406
v -249.17045593261719 147 53.852272033691406
v -349.7386474609375 147 62.568180084228516
v -332.97726440429688 147 62.568180084228516
v -316.21591186523438 147 62.568180084228516
v -299.45455932617188 147 62.568180084228516
v -282.69317626953125 147 62.568180084228516
v -265.93182373046875 147 62.568180084228516
v -249.17045593261719 147 62.568180084228516
v -349.7386474609375 147 71.284088134765625
v -332.97726440429688 147 71.284088134765625
v -316.21591186523438 147 71.284088134765625
v -299.45455932617188 147 71.284088134765625
v -282.69317626953125 147 71.284088134765625
v -265.93182373046875 147 71.284088134765625
v -249.17045593261719 147 71.284088134765625
v -349.7386474609375 147 80
v -332.97726440429688 147 80
v -316.21591186523438 147 80
v -299.45455932617188 147 80
v -265.93182373046875 147 80
v -249.17045593261719 147 80
v -349.7386474609375 147 88.715911865234375
v -332.97726440429688 147 88.715911865234375
v -316.21591186523438 147 88.715911865234375
v -299.45455932617188 147 88.715911865234375
v -282.69317626953125 147 88.715911865234375
v -265.93182373046875 147 88.715911865234375
v -249.17045593261719 147 88.715911865234375
v -349.7386474609375 147 97.431816101074219
v -332.97726440429688 147 97.431816101074219
v -316.21591186523438 147 97.431816101074219
v -299.45455932617188 147 97.431816101074219
v -282.69317626953125 147 97.431816101074219
v -265.93182373046875 147 97.431816101074219
v -249.17045593261719 147 97.431816101074219
v -349.7386474609375 147 106.14772796630859
v -332.97726440429688 147 106.14772796630859
v -316.21591186523438 147 106.14772796630859
v -299.45455932617188 147 106.14772796630859
v -282.69317626953125 147 106.14772796630859
v -265.93182373046875 147 106.14772796630859
v -249.17045593261719 147 106.14772796630859
v -232.40908813476562 147 114.86363983154297
v -232.40908813476562 147 103.24242401123047
v -232.40908813476562 147 91.6212158203125
v -232.40908813476562 147 80
v -232.40908813476562 147 68.3787841796875
v -232.40908813476562 147 56.757575988769531
v -244.14462280273438 147 45.136363983154297
v -255.88017272949219 147 45.136363983154297
v -267.61569213867188 147 45.136363983154297
v -279.35122680664062 147 45.136363983154297
v -291.0867919921875 147 45.136363983154297
v -302.82232666015625 147 45.136363983154297
v -314.557861328125 147 45.136363983154297
v -326.29339599609375 147 45.136363983154297
v -338.0289306640625 147 45.136363983154297
v -349.76446533203125 147 45.136363983154297
v -361.5 147 45.136363983154297
v -366.5 147 50.136363983154297
v -366.5 147 62.081817626953125
v -366.5 147 74.027275085449219
v -366.5 147 85.972724914550781
v -366.5 147 97.918182373046875
v -366.5 147 109.86363983154297
v -361.5 147 114.86363983154297
v -349.76446533203125 147 114.86363983154297
v -338.0289306640625 147 114.86363983154297
v -326.29339599609375 147 114.86363983154297
v -314.557861328125 147 114.86363983154297
v -302.82232666015625 147 114.86363983154297
v -291.0867919921875 147 114.86363983154297
v -279.35122680664062 147 114.86363983154297
v -267.61569213867188 147 114.86363983154297
v -255.88017272949219 147 114.86363983154297
v -244.14462280273438 147 114.86363983154297
v -274 147 80
v -274.29696655273438 147 81.512466430664062
v -275.14376831054688 147 82.800361633300781
v -276.42291259765625 147 83.675971984863281
v -278 147 84
v -279.51248168945312 147 83.703033447265625
v -280.80035400390625 147 82.856216430664062
v -281.67596435546875 147 81.577102661132812
v -282 147 80
v -281.70303344726562 147 78.487533569335938
v -280.85623168945312 147 77.199638366699219
v -279.57708740234375 147 76.324028015136719
v -278 147 76
v -276.48751831054688 147 76.296966552734375
v -275.19964599609375 147 77.143783569335938
v -274.32403564453125 147 78.422897338867188
v -265.93182373046875 147 75.642044067382812
v -274.3125 147 71.284088134765625
v -282.69317626953125 147 75.642044067382812
v -274.3125 147 75.642044067382812
v -270.12216186523438 147 80
v -265.93182373046875 147 77.821022033691406
v -270.12216186523438 147 75.642044067382812
v -270.12216186523438 147 77.821022033691406
v -274.3125 147 88.715911865234375
v -265.93182373046875 147 84.357955932617188
v -282.69317626953125 147 84.357955932617188
v -274.3125 147 84.357955932617188
v -257.5511474609375 147 80
v -249.17045593261719 147 75.642044067382812
v -257.5511474609375 147 71.284088134765625
v -257.5511474609375 147 75.642044067382812
v -270.12216186523438 147 84.357955932617188
v -265.93182373046875 147 82.178977966308594
v -270.12216186523438 147 82.178977966308594
v -257.5511474609375 147 88.715911865234375
v -249.17045593261719 147 84.357955932617188
v -257.5511474609375 147 84.357955932617188
v -278.50283813476562 147 84.357955932617188
v -291.0738525390625 147 88.715911865234375
v -291.0738525390625 147 80
v -299.45455932617188 147 84.357955932617188
v -291.0738525390625 147 84.357955932617188
v -278.50283813476562 147 75.642044067382812
v -291.0738525390625 147 71.284088134765625
v -299.45455932617188 147 75.642044067382812
v -291.0738525390625 147 75.642044067382812
v -366.14895629882812 147 111.70410919189453
v -365.0355224609375 147 113.399169921875
v -363.34048461914062 147 114.51258087158203
v -349.7386474609375 147 110.50568389892578
v -358.11932373046875 147 106.14772796630859
v -358.11932373046875 147 110.50568389892578
v -362.30966186523438 147 110.50568389892578
v -358.11932373046875 147 108.32670593261719
v -362.30966186523438 147 106.14772796630859
v -362.30966186523438 147 108.32670593261719
v -349.7386474609375 147 101.78977203369141
v -358.11932373046875 147 97.431816101074219
v -358.11932373046875 147 101.78977203369141
v -358.11932373046875 147 112.68466186523438
v -362.30966186523438 147 112.68466186523438
v -363.34048461914062 147 45.487422943115234
v -365.0355224609375 147 46.600830078125
v -366.14895629882812 147 48.295890808105469
v -358.11932373046875 147 53.852272033691406
v -349.7386474609375 147 49.494319915771484
v -358.11932373046875 147 49.494319915771484
v -362.30966186523438 147 49.494319915771484
v -358.11932373046875 147 47.315341949462891
v -362.30966186523438 147 47.315341949462891
v -362.30966186523438 147 53.852272033691406
v -358.11932373046875 147 51.673294067382812
v -362.30966186523438 147 51.673294067382812
v -358.11932373046875 147 62.568180084228516
v -349.7386474609375 147 58.210227966308594
v -358.11932373046875 147 58.210227966308594
v -282.69317626953125 147 80
v -361.5 147 45.136363983154297
v -232.40908813476562 141 45.136363983154297
v -232.40908813476562 147 45.136363983154297
v -361.5 141 45.136363983154297
v -349.76446533203125 141 45.136363983154297
v -338.0289306640625 141 45.136363983154297
v -326.29339599609375 141 45.136363983154297
v -314.557861328125 141 45.136363983154297
v -302.82232666015625 141 45.136363983154297
v -291.0867919921875 141 45.136363983154297
v -279.35122680664062 141 45.136363983154297
v -267.61569213867188 141 45.136363983154297
v -255.88017272949219 141 45.136363983154297
v -244.14462280273438 141 45.136363983154297
v -244.14462280273438 147 45.136363983154297
v -255.88017272949219 147 45.136363983154297
v -267.61569213867188 147 45.136363983154297
v -279.35122680664062 147 45.136363983154297
v -291.0867919921875 147 45.136363983154297
v -302.82232666015625 147 45.136363983154297
v -314.557861328125 147 45.136363983154297
v -326.29339599609375 147 45.136363983154297
v -338.0289306640625 147 45.136363983154297
v -349.76446533203125 147 45.136363983154297
v -232.40908813476562 141 114.86363983154297
v -232.40908813476562 147 114.86363983154297
v -361.5 141 114.86363983154297
v -244.14462280273438 141 114.86363983154297
v -255.88017272949219 141 114.86363983154297
v -267.61569213867188 141 114.86363983154297
v -279.35122680664062 141 114.86363983154297
v -291.0867919921875 141 114.86363983154297
v -302.82232666015625 141 114.86363983154297
v -314.557861328125 141 114.86363983154297
v -326.29339599609375 141 114.86363983154297
v -338.0289306640625 141 114.86363983154297
v -349.76446533203125 141 114.86363983154297
v -361.5 147 114.86363983154297
v -349.76446533203125 147 114.86363983154297
v -338.0289306640625 147 114.86363983154297
v -326.29339599609375 147 114.86363983154297
v -314.557861328125 147 114.86363983154297
v -302.82232666015625 147 114.86363983154297
v -291.0867919921875 147 114.86363983154297
v -279.35122680664062 147 114.86363983154297
v -267.61569213867188 147 114.86363983154297
v -255.88017272949219 147 114.86363983154297
v -244.14462280273438 147 114.86363983154297
v -274 141 80
v -274 147 80
v -274.32403564453125 141 78.422897338867188
v -274.32403564453125 147 78.422897338867188
v -275.19964599609375 141 77.143783569335938
v -275.19964599609375 147 77.143783569335938
v -276.48751831054688 141 76.296966552734375
v -276.48751831054688 147 76.296966552734375
v -278 141 76
v -278 147 76
v -279.57708740234375 141 76.324028015136719
v -279.57708740234375 147 76.324028015136719
v -280.85623168945312 141 77.199638366699219
v -280.85623168945312 147 77.199638366699219
v -281.70303344726562 141 78.487533569335938
v -281.70303344726562 147 78.487533569335938
v -282 141 80
v -282 147 80
v -281.67596435546875 141 81.577102661132812
v -281.67596435546875 147 81.577102661132812
v -280.80035400390625 141 82.856216430664062
v -280.80035400390625 147 82.856216430664062
v -279.51248168945312 141 83.703033447265625
v -279.51248168945312 147 83.703033447265625
v -278 141 84
v -278 147 84
v -276.42291259765625 141 83.675971984863281
v -276.42291259765625 147 83.675971984863281
v -275.14376831054688 141 82.800361633300781
v -275.14376831054688 147 82.800361633300781
v -274.29696655273438 141 81.512466430664062
v -274.29696655273438 147 81.512466430664062
v -274 141 80
v -274 147 80
v -366.5 141 109.86363983154297
v -361.5 141 114.86363983154297
v -366.5 147 109.86363983154297
v -361.5 147 114.86363983154297
v -363.34048461914062 141 114.51258087158203
v -365.0355224609375 141 113.399169921875
v -366.14895629882812 141 111.70410919189453
v -366.14895629882812 147 111.70410919189453
v -365.0355224609375 147 113.399169921875
v -363.34048461914062 147 114.51258087158203
v -366.5 147 50.136363983154297
v -361.5 147 45.136363983154297
v -366.5 141 50.136363983154297
v -361.5 141 45.136363983154297
v -363.34048461914062 147 45.487422943115234
v -365.0355224609375 147 46.600830078125
v -366.14895629882812 147 48.295890808105469
v -366.14895629882812 141 48.295890808105469
v -365.0355224609375 141 46.600830078125
v -363.34048461914062 141 45.487422943115234
vt 0.77324134111404419 0
vt 0.77324134111404419 0.073484346270561218
vt 0.8067779541015625 0
vt 0.8067779541015625 0.073484346270561218
vt 0.8067779541015625 0.036742173135280609
vt 0.77324134111404419 0.036742173135280609
vt 0.14843353629112244 0
vt 0.074949190020561218 0
vt 0.14843353629112244 0.38973575830459595
vt 0.074949190020561218 0.38973575830459595
vt 0.14843353629112244 0.064955964684486389
vt 0.14843353629112244 0.12991192936897278
vt 0.14843353629112244 0.19486787915229797
vt 0.14843353629112244 0.25982385873794556
vt 0.14843353629112244 0.32477980852127075
vt 0.11169135570526123 0.38973575830459595
vt 0.11169135570526123 0
vt 0.11169135570526123 0.19486787915229797
vt 0.11169135570526123 0.29230183362960815
vt 0.13006244599819183 0.19486787915229797
vt 0.13006244599819183 0.29230183362960815
vt 0.093320272862911224 0.19486787915229797
vt 0.093320272862911224 0.29230183362960815
vt 0.074949190020561218 0.25982385873794556
vt 0.074949190020561218 0.12991192936897278
vt 0.11169135570526123 0.097433939576148987
vt 0.093320272862911224 0.097433939576148987
vt 0.13006244599819183 0.097433939576148987
vt 0.54648268222808838 0
vt 0.54648268222808838 0.073484346270561218
vt 0.58001929521560669 0
vt 0.58001929521560669 0.073484346270561218
vt 0.58001929521560669 0.036742173135280609
vt 0.54648268222808838 0.036742173135280609
vt 0.073484346270561218 0
vt 0 0
vt 0.073484346270561218 0.38973575830459595
vt 0 0.38973575830459595
vt 0.073484346270561218 0.064955964684486389
vt 0.073484346270561218 0.12991192936897278
vt 0.073484346270561218 0.19486787915229797
vt 0.073484346270561218 0.25982385873794556
vt 0.073484346270561218 0.32477980852127075
vt 0.036742173135280609 0.38973575830459595
vt 0.036742173135280609 0
vt 0.036742173135280609 0.19486787915229797
vt 0.018371086567640305 0.19486787915229797
vt 0.036742173135280609 0.097433939576148987
vt 0.018371086567640305 0.097433939576148987
vt 0.055113255977630615 0.19486787915229797
vt 0.055113255977630615 0.097433939576148987
vt 0.036742173135280609 0.29230183362960815
vt 0.055113255977630615 0.29230183362960815
vt 0.018371086567640305 0.29230183362960815
vt 0 0.25982385873794556
vt 0 0.12991192936897278
vt 0.25050812959671021 0.074949190020561218
vt 0.25050812959671021 0.10702092945575714
vt 0.64024388790130615 0.074949190020561218
vt 0.64024388790130615 0.10702092945575714
vt 0.38042005896568298 0.074949190020561218
vt 0.51033198833465576 0.074949190020561218
vt 0.51033198833465576 0.10702092945575714
vt 0.38042005896568298 0.10702092945575714
vt 0.21550670266151428 0
vt 0.18343496322631836 0.333841472864151
vt 0.18343496322631836 0
vt 0.21550670266151428 0.06676829606294632
vt 0.21550670266151428 0.13353659212589264
vt 0.21550670266151428 0.20030488073825836
vt 0.21550670266151428 0.26707318425178528
vt 0.18343496322631836 0.26707318425178528
vt 0.18343496322631836 0.20030488073825836
vt 0.18343496322631836 0.13353659212589264
vt 0.18343496322631836 0.06676829606294632
vt 0.21550670266151428 0.333841472864151
vt 0.25050812959671021 0.53175812959671021
vt 0.90503180027008057 0.5802919864654541
vt 0.81152838468551636 0.5802919864654541
vt 0.71802502870559692 0.5802919864654541
vt 0.62452167272567749 0.5802919864654541
vt 0.53101825714111328 0.5802919864654541
vt 0.43751490116119385 0.5802919864654541
vt 0.34401151537895203 0.5802919864654541
vt 0.90503180027008057 0.628825843334198
vt 0.81152838468551636 0.628825843334198
vt 0.71802502870559692 0.628825843334198
vt 0.62452167272567749 0.628825843334198
vt 0.53101825714111328 0.628825843334198
vt 0.43751490116119385 0.628825843334198
vt 0.34401151537895203 0.628825843334198
vt 0.90503180027008057 0.67735970020294189
vt 0.81152838468551636 0.67735970020294189
vt 0.71802502870559692 0.67735970020294189
vt 0.62452167272567749 0.67735970020294189
vt 0.53101825714111328 0.67735970020294189
vt 0.43751490116119385 0.67735970020294189
vt 0.34401151537895203 0.67735970020294189
vt 0.90503180027008057 0.72589361667633057
vt 0.81152838468551636 0.72589361667633057
vt 0.71802502870559692 0.72589361667633057
vt 0.62452167272567749 0.72589361667633057
vt 0.43751490116119385 0.72589361667633057
vt 0.34401151537895203 0.72589361667633057
vt 0.90503180027008057 0.77442747354507446
vt 0.81152838468551636 0.77442747354507446
vt 0.71802502870559692 0.77442747354507446
vt 0.62452167272567749 0.77442747354507446
vt 0.53101825714111328 0.77442747354507446
vt 0.43751490116119385 0.77442747354507446
vt 0.34401151537895203 0.77442747354507446
vt 0.90503180027008057 0.82296133041381836
vt 0.81152838468551636 0.82296133041381836
vt 0.71802502870559692 0.82296133041381836
vt 0.62452167272567749 0.82296133041381836
vt 0.53101825714111328 0.82296133041381836
vt 0.43751490116119385 0.82296133041381836
vt 0.34401151537895203 0.82296133041381836
vt 0.90503180027008057 0.87149518728256226
vt 0.81152838468551636 0.87149518728256226
vt 0.71802502870559692 0.87149518728256226
vt 0.62452167272567749 0.87149518728256226
vt 0.53101825714111328 0.87149518728256226
vt 0.43751490116119385 0.87149518728256226
vt 0.34401151537895203 0.87149518728256226
vt 0.25050812959671021 0.92002904415130615
vt 0.25050812959671021 0.85531723499298096
vt 0.25050812959671021 0.79060542583465576
vt 0.25050812959671021 0.72589361667633057
vt 0.25050812959671021 0.6611817479133606
vt 0.25050812959671021 0.5964699387550354
vt 0.31597492098808289 0.53175812959671021
vt 0.38144168257713318 0.53175812959671021
vt 0.44690847396850586 0.53175812959671021
vt 0.51237523555755615 0.53175812959671021
vt 0.57784199714660645 0.53175812959671021
vt 0.64330875873565674 0.53175812959671021
vt 0.70877552032470703 0.53175812959671021
vt 0.7742423415184021 0.53175812959671021
vt 0.83970910310745239 0.53175812959671021
vt 0.90517586469650269 0.53175812959671021
vt 0.97064262628555298 0.53175812959671021
vt 0.99853515625 0.55960023403167725
vt 0.99853515625 0.62611758708953857
vt 0.99853515625 0.6926349401473999
vt 0.99853515625 0.75915229320526123
vt 0.99853515625 0.82566958665847778
vt 0.99853515625 0.89218693971633911
vt 0.97064262628555298 0.92002904415130615
vt 0.90517586469650269 0.92002904415130615
vt 0.83970910310745239 0.92002904415130615
vt 0.7742423415184021 0.92002904415130615
vt 0.70877552032470703 0.92002904415130615
vt 0.64330875873565674 0.92002904415130615
vt 0.57784199714660645 0.92002904415130615
vt 0.51237523555755615 0.92002904415130615
vt 0.44690847396850586 0.92002904415130615
vt 0.38144168257713318 0.92002904415130615
vt 0.31597492098808289 0.92002904415130615
vt 0.48252332210540771 0.72589361667633057
vt 0.48417994379997253 0.73431563377380371
vt 0.48890385031700134 0.74148720502853394
vt 0.49603942036628723 0.74636292457580566
vt 0.5048372745513916 0.74816727638244629
vt 0.5132746696472168 0.74651366472244263
vt 0.52045911550521851 0.74179822206497192
vt 0.52534371614456177 0.73467558622360229
vt 0.52715134620666504 0.72589361667633057
vt 0.52549469470977783 0.71747153997421265
vt 0.52077072858810425 0.7103000283241272
vt 0.51363521814346313 0.70542424917221069
vt 0.5048372745513916 0.70361989736557007
vt 0.49639999866485596 0.70527356863021851
vt 0.48921546339988708 0.70998895168304443
vt 0.4843309223651886 0.71711164712905884
vt 0.48426657915115356 0.77442747354507446
vt 0.43751490116119385 0.75016051530838013
vt 0.53101825714111328 0.75016051530838013
vt 0.48426657915115356 0.75016051530838013
vt 0.46089074015617371 0.75016051530838013
vt 0.43751490116119385 0.73802703619003296
vt 0.46089074015617371 0.72589361667633057
vt 0.46089074015617371 0.73802703619003296
vt 0.39076319336891174 0.77442747354507446
vt 0.34401151537895203 0.75016051530838013
vt 0.39076319336891174 0.72589361667633057
vt 0.39076319336891174 0.75016051530838013
vt 0.43751490116119385 0.70162665843963623
vt 0.48426657915115356 0.67735970020294189
vt 0.53101825714111328 0.70162665843963623
vt 0.48426657915115356 0.70162665843963623
vt 0.43751490116119385 0.7137601375579834
vt 0.46089074015617371 0.70162665843963623
vt 0.46089074015617371 0.7137601375579834
vt 0.34401151537895203 0.70162665843963623
vt 0.39076319336891174 0.67735970020294189
vt 0.39076319336891174 0.70162665843963623
vt 0.50764244794845581 0.75016051530838013
vt 0.577769935131073 0.77442747354507446
vt 0.577769935131073 0.72589361667633057
vt 0.62452167272567749 0.75016051530838013
vt 0.577769935131073 0.75016051530838013
vt 0.50764244794845581 0.70162665843963623
vt 0.577769935131073 0.67735970020294189
vt 0.62452167272567749 0.70162665843963623
vt 0.577769935131073 0.70162665843963623
vt 0.99657678604125977 0.90243548154830933
vt 0.99036562442779541 0.91187429428100586
vt 0.98090970516204834 0.91807419061660767
vt 0.90503180027008057 0.89576214551925659
vt 0.95178347826004028 0.87149518728256226
vt 0.95178347826004028 0.89576214551925659
vt 0.97515928745269775 0.89576214551925659
vt 0.95178347826004028 0.88362866640090942
vt 0.97515928745269775 0.87149518728256226
vt 0.97515928745269775 0.88362866640090942
vt 0.90503180027008057 0.8472282886505127
vt 0.95178347826004028 0.82296133041381836
vt 0.95178347826004028 0.8472282886505127
vt 0.95178347826004028 0.90789556503295898
vt 0.97515928745269775 0.90789556503295898
vt 0.98090970516204834 0.53371298313140869
vt 0.99036562442779541 0.5399128794670105
vt 0.99657678604125977 0.54935169219970703
vt 0.95178347826004028 0.5802919864654541
vt 0.90503180027008057 0.55602508783340454
vt 0.95178347826004028 0.55602508783340454
vt 0.97515928745269775 0.55602508783340454
vt 0.95178347826004028 0.54389160871505737
vt 0.97515928745269775 0.54389160871505737
vt 0.97515928745269775 0.5802919864654541
vt 0.95178347826004028 0.56815850734710693
vt 0.97515928745269775 0.56815850734710693
vt 0.95178347826004028 0.628825843334198
vt 0.90503180027008057 0.60455894470214844
vt 0.95178347826004028 0.60455894470214844
vt 0.53101825714111328 0.72589361667633057
vt 0.25050812959671021 0.14202235639095306
vt 0.90503180027008057 0.19055622816085815
vt 0.81152838468551636 0.19055622816085815
vt 0.71802502870559692 0.19055622816085815
vt 0.62452167272567749 0.19055622816085815
vt 0.53101825714111328 0.19055622816085815
vt 0.43751490116119385 0.19055622816085815
vt 0.34401151537895203 0.19055622816085815
vt 0.90503180027008057 0.23909008502960205
vt 0.81152838468551636 0.23909008502960205
vt 0.71802502870559692 0.23909008502960205
vt 0.62452167272567749 0.23909008502960205
vt 0.53101825714111328 0.23909008502960205
vt 0.43751490116119385 0.23909008502960205
vt 0.34401151537895203 0.23909008502960205
vt 0.90503180027008057 0.28762394189834595
vt 0.81152838468551636 0.28762394189834595
vt 0.71802502870559692 0.28762394189834595
vt 0.62452167272567749 0.28762394189834595
vt 0.53101825714111328 0.28762394189834595
vt 0.43751490116119385 0.28762394189834595
vt 0.34401151537895203 0.28762394189834595
vt 0.90503180027008057 0.33615782856941223
vt 0.81152838468551636 0.33615782856941223
vt 0.71802502870559692 0.33615782856941223
vt 0.62452167272567749 0.33615782856941223
vt 0.43751490116119385 0.33615782856941223
vt 0.34401151537895203 0.33615782856941223
vt 0.90503180027008057 0.38469168543815613
vt 0.81152838468551636 0.38469168543815613
vt 0.71802502870559692 0.38469168543815613
vt 0.62452167272567749 0.38469168543815613
vt 0.53101825714111328 0.38469168543815613
vt 0.43751490116119385 0.38469168543815613
vt 0.34401151537895203 0.38469168543815613
vt 0.90503180027008057 0.43322554230690002
vt 0.81152838468551636 0.43322554230690002
vt 0.71802502870559692 0.43322554230690002
vt 0.62452167272567749 0.43322554230690002
vt 0.53101825714111328 0.43322554230690002
vt 0.43751490116119385 0.43322554230690002
vt 0.34401151537895203 0.43322554230690002
vt 0.90503180027008057 0.48175942897796631
vt 0.81152838468551636 0.48175942897796631
vt 0.71802502870559692 0.48175942897796631
vt 0.62452167272567749 0.48175942897796631
vt 0.53101825714111328 0.48175942897796631
vt 0.43751490116119385 0.48175942897796631
vt 0.34401151537895203 0.48175942897796631
vt 0.25050812959671021 0.53029328584671021
vt 0.25050812959671021 0.46558144688606262
vt 0.25050812959671021 0.40086963772773743
vt 0.25050812959671021 0.33615782856941223
vt 0.25050812959671021 0.27144598960876465
vt 0.25050812959671021 0.20673418045043945
vt 0.31597492098808289 0.14202235639095306
vt 0.38144168257713318 0.14202235639095306
vt 0.44690847396850586 0.14202235639095306
vt 0.51237523555755615 0.14202235639095306
vt 0.57784199714660645 0.14202235639095306
vt 0.64330875873565674 0.14202235639095306
vt 0.70877552032470703 0.14202235639095306
vt 0.7742423415184021 0.14202235639095306
vt 0.83970910310745239 0.14202235639095306
vt 0.90517586469650269 0.14202235639095306
vt 0.97064262628555298 0.14202235639095306
vt 0.99853515625 0.1698644757270813
vt 0.99853515625 0.23638181388378143
vt 0.99853515625 0.30289915204048157
vt 0.99853515625 0.3694165050983429
vt 0.99853515625 0.43593382835388184
vt 0.99853515625 0.50245118141174316
vt 0.97064262628555298 0.53029328584671021
vt 0.90517586469650269 0.53029328584671021
vt 0.83970910310745239 0.53029328584671021
vt 0.7742423415184021 0.53029328584671021
vt 0.70877552032470703 0.53029328584671021
vt 0.64330875873565674 0.53029328584671021
vt 0.57784199714660645 0.53029328584671021
vt 0.51237523555755615 0.53029328584671021
vt 0.44690847396850586 0.53029328584671021
vt 0.38144168257713318 0.53029328584671021
vt 0.31597492098808289 0.53029328584671021
vt 0.48252332210540771 0.33615782856941223
vt 0.48417994379997253 0.34457987546920776
vt 0.48890385031700134 0.3517514169216156
vt 0.49603942036628723 0.35662716627120972
vt 0.5048372745513916 0.35843151807785034
vt 0.5132746696472168 0.35677787661552429
vt 0.52045911550521851 0.35206243395805359
vt 0.52534371614456177 0.34493979811668396
vt 0.52715134620666504 0.33615782856941223
vt 0.52549469470977783 0.32773575186729431
vt 0.52077072858810425 0.32056424021720886
vt 0.51363521814346313 0.31568846106529236
vt 0.5048372745513916 0.31388413906097412
vt 0.49639999866485596 0.31553778052330017
vt 0.48921546339988708 0.32025319337844849
vt 0.4843309223651886 0.3273758590221405
vt 0.43751490116119385 0.31189090013504028
vt 0.48426657915115356 0.28762394189834595
vt 0.53101825714111328 0.31189090013504028
vt 0.48426657915115356 0.31189090013504028
vt 0.46089074015617371 0.33615782856941223
vt 0.43751490116119385 0.32402434945106506
vt 0.46089074015617371 0.31189090013504028
vt 0.46089074015617371 0.32402434945106506
vt 0.48426657915115356 0.38469168543815613
vt 0.43751490116119385 0.36042475700378418
vt 0.53101825714111328 0.36042475700378418
vt 0.48426657915115356 0.36042475700378418
vt 0.39076319336891174 0.33615782856941223
vt 0.34401151537895203 0.31189090013504028
vt 0.39076319336891174 0.28762394189834595
vt 0.39076319336891174 0.31189090013504028
vt 0.46089074015617371 0.36042475700378418
vt 0.43751490116119385 0.34829127788543701
vt 0.46089074015617371 0.34829127788543701
vt 0.39076319336891174 0.38469168543815613
vt 0.34401151537895203 0.36042475700378418
vt 0.39076319336891174 0.36042475700378418
vt 0.50764244794845581 0.36042475700378418
vt 0.577769935131073 0.38469168543815613
vt 0.577769935131073 0.33615782856941223
vt 0.62452167272567749 0.36042475700378418
vt 0.577769935131073 0.36042475700378418
vt 0.50764244794845581 0.31189090013504028
vt 0.577769935131073 0.28762394189834595
vt 0.62452167272567749 0.31189090013504028
vt 0.577769935131073 0.31189090013504028
vt 0.99657678604125977 0.51269972324371338
vt 0.99036562442779541 0.52213853597640991
vt 0.98090970516204834 0.52833843231201172
vt 0.90503180027008057 0.50602632761001587
vt 0.95178347826004028 0.48175942897796631
vt 0.95178347826004028 0.50602632761001587
vt 0.97515928745269775 0.50602632761001587
vt 0.95178347826004028 0.49389287829399109
vt 0.97515928745269775 0.48175942897796631
vt 0.97515928745269775 0.49389287829399109
vt 0.90503180027008057 0.45749250054359436
vt 0.95178347826004028 0.43322554230690002
vt 0.95178347826004028 0.45749250054359436
vt 0.95178347826004028 0.51815980672836304
vt 0.97515928745269775 0.51815980672836304
vt 0.98090970516204834 0.14397720992565155
vt 0.99036562442779541 0.15017712116241455
vt 0.99657678604125977 0.15961593389511108
vt 0.95178347826004028 0.19055622816085815
vt 0.90503180027008057 0.16628928482532501
vt 0.95178347826004028 0.16628928482532501
vt 0.97515928745269775 0.16628928482532501
vt 0.95178347826004028 0.15415582060813904
vt 0.97515928745269775 0.15415582060813904
vt 0.97515928745269775 0.19055622816085815
vt 0.95178347826004028 0.17842276394367218
vt 0.97515928745269775 0.17842276394367218
vt 0.95178347826004028 0.23909008502960205
vt 0.90503180027008057 0.2148231565952301
vt 0.95178347826004028 0.2148231565952301
vt 0.53101825714111328 0.33615782856941223
vt 0.25050812959671021 0.14055751264095306
vt 0.97205287218093872 0.10848577320575714
vt 0.97205287218093872 0.14055751264095306
vt 0.25050812959671021 0.10848577320575714
vt 0.31610310077667236 0.10848577320575714
vt 0.38169807195663452 0.10848577320575714
vt 0.44729307293891907 0.10848577320575714
vt 0.51288801431655884 0.10848577320575714
vt 0.578482985496521 0.10848577320575714
vt 0.64407801628112793 0.10848577320575714
vt 0.70967292785644531 0.10848577320575714
vt 0.77526795864105225 0.10848577320575714
vt 0.84086287021636963 0.10848577320575714
vt 0.90645790100097656 0.10848577320575714
vt 0.90645790100097656 0.14055751264095306
vt 0.84086287021636963 0.14055751264095306
vt 0.77526795864105225 0.14055751264095306
vt 0.70967292785644531 0.14055751264095306
vt 0.64407801628112793 0.14055751264095306
vt 0.578482985496521 0.14055751264095306
vt 0.51288801431655884 0.14055751264095306
vt 0.44729307293891907 0.14055751264095306
vt 0.38169807195663452 0.14055751264095306
vt 0.31610310077667236 0.14055751264095306
vt 0.24904328584671021 0
vt 0.21697154641151428 0
vt 0.24904328584671021 0.72154474258422852
vt 0.24904328584671021 0.065594978630542755
vt 0.24904328584671021 0.13118995726108551
vt 0.24904328584671021 0.19678492844104767
vt 0.24904328584671021 0.26237991452217102
vt 0.24904328584671021 0.32797488570213318
vt 0.24904328584671021 0.39356985688209534
vt 0.24904328584671021 0.45916479825973511
vt 0.24904328584671021 0.52475982904434204
vt 0.24904328584671021 0.59035474061965942
vt 0.24904328584671021 0.65594977140426636
vt 0.21697154641151428 0.72154474258422852
vt 0.21697154641151428 0.65594977140426636
vt 0.21697154641151428 0.59035474061965942
vt 0.21697154641151428 0.52475982904434204
vt 0.21697154641151428 0.45916479825973511
vt 0.21697154641151428 0.39356985688209534
vt 0.21697154641151428 0.32797488570213318
vt 0.21697154641151428 0.26237991452217102
vt 0.21697154641151428 0.19678492844104767
vt 0.21697154641151428 0.13118995726108551
vt 0.21697154641151428 0.065594978630542755
vt 0.18197011947631836 0
vt 0.14989838004112244 0
vt 0.18197011947631836 0.0090613421052694321
vt 0.14989838004112244 0.0090613421052694321
vt 0.18197011947631836 0.017780916765332222
vt 0.14989838004112244 0.017780916765332222
vt 0.18197011947631836 0.026450593024492264
vt 0.14989838004112244 0.026450593024492264
vt 0.18197011947631836 0.035120267421007156
vt 0.14989838004112244 0.035120267421007156
vt 0.18197011947631836 0.044181611388921738
vt 0.14989838004112244 0.044181611388921738
vt 0.18197011947631836 0.052901186048984528
vt 0.14989838004112244 0.052901186048984528
vt 0.18197011947631836 0.06157086044549942
vt 0.14989838004112244 0.06157086044549942
vt 0.18197011947631836 0.070240534842014313
vt 0.14989838004112244 0.070240534842014313
vt 0.18197011947631836 0.079301878809928894
vt 0.14989838004112244 0.079301878809928894
vt 0.18197011947631836 0.088021449744701385
vt 0.14989838004112244 0.088021449744701385
vt 0.18197011947631836 0.096691131591796875
vt 0.14989838004112244 0.096691131591796875
vt 0.18197011947631836 0.10536080598831177
vt 0.14989838004112244 0.10536080598831177
vt 0.18197011947631836 0.11442214995622635
vt 0.14989838004112244 0.11442214995622635
vt 0.18197011947631836 0.12314172089099884
vt 0.14989838004112244 0.12314172089099884
vt 0.18197011947631836 0.13181139528751373
vt 0.14989838004112244 0.13181139528751373
vt 0.18197011947631836 0.14048106968402863
vt 0.14989838004112244 0.14048106968402863
vt 0.29428142309188843 0
vt 0.25050812959671021 0
vt 0.29428142309188843 0.033536586910486221
vt 0.25050812959671021 0.033536586910486221
vt 0.26145145297050476 0
vt 0.27239477634429932 0
vt 0.28333809971809387 0
vt 0.28333809971809387 0.033536586910486221
vt 0.27239477634429932 0.033536586910486221
vt 0.26145145297050476 0.033536586910486221
vt 0.29428142309188843 0.037474595010280609
vt 0.25050812959671021 0.037474595010280609
vt 0.29428142309188843 0.071011178195476532
vt 0.25050812959671021 0.071011178195476532
vt 0.26145145297050476 0.037474595010280609
vt 0.27239477634429932 0.037474595010280609
vt 0.28333809971809387 0.037474595010280609
vt 0.28333809971809387 0.071011178195476532
vt 0.27239477634429932 0.071011178195476532
vt 0.26145145297050476 0.071011178195476532
vn 0 0 1
vn 0 0 1
vn 0 0 1
vn 0 0 1
vn 0 0 1
vn 0 0 1
vn 0 -1 0
vn 0 -1 0
vn 0 -1 0
vn 0 -1 0
vn 0 -1 0
vn 0 -1 0
vn 0 -1 0
vn 0 -1 0
vn 0 -1 0
vn 0 -1 0
vn 0 -1 0
vn 0 -1 0
vn 0 -1 0
vn 0 -1 0
vn 0 -1 0
vn 0 -1 0
vn 0 -1 0
vn 0 -1 0
vn 0 -1 0
vn 0 -1 0
vn 0 -1 0
vn 0 -1 0
vn 0 0 -1
vn 0 0 -1
vn 0 0 -1
vn 0 0 -1
vn 0 0 -1
vn 0 0 -1
vn 0 1 0
vn 0 1 0
vn 0 1 0
vn 0 1 0
vn 0 1 0
vn 0 1 0
vn 0 1 0
vn 0 1 0
vn 0 1 0
vn 0 1 0
vn 0 1 0
vn 0 1 0
vn 0 1 0
vn 0 1 0
vn 0 1 0
vn 0 1 0
vn 0 1 0
vn 0 1 0
vn 0 1 0
vn 0 1 0
vn 0 1 0
vn 0 1 0
vn 1 0 0
vn 1 0 0
vn 1 0 0
vn 1 0 0
vn 1 0 0
vn 1 0 0
vn 1 0 0
vn 1 0 0
vn -1 0 0
vn -1 0 0
vn -1 0 0
vn -1 0 0
vn -1 0 0
vn -1 0 0
vn -1 0 0
vn -1 0 0
vn -1 0 0
vn -1 0 0
vn -1 0 0
vn -1 0 0
vn 0 -1 0
vn 0 -1 0
vn 0 -1 0
vn 0 -1 0
vn 0 -1 0
vn 0 -1 0
vn 0 -1 0
vn 0 -1 0
vn 0 -1 0
vn 0 -1 0
vn 0 -1 0
vn 0 -1 0
vn 0 -1 0
vn 0 -1 0
vn 0 -1 0
vn 0 -1 0
vn 0 -1 0
vn 0 -1 0
vn 0 -1 0
vn 0 -1 0
vn 0 -1 0
vn 0 -1 0
vn 0 -1 0
vn 0 -1 0
vn 0 -1 0
vn 0 -1 0
vn 0 -1 0
vn 0 -1 0
vn 0 -1 0
vn 0 -1 0
vn 0 -1 0
vn 0 -1 0
vn 0 -1 0
vn 0 -1 0
vn 0 -1 0
vn 0 -1 0
vn 0 -1 0
vn 0 -1 0
vn 0 -1 0
vn 0 -1 0
vn 0 -1 0
vn 0 -1 0
vn 0 -1 0
vn 0 -1 0
vn 0 -1 0
vn 0 -1 0
vn 0 -1 0
vn 0 -1 0
vn 0 -1 0
vn 0 -1 0
vn 0 -1 0
vn 0 -1 0
vn 0 -1 0
vn 0 -1 0
vn 0 -1 0
vn 0 -1 0
vn 0 -1 0
vn 0 -1 0
vn 0 -1 0
vn 0 -1 0
vn 0 -1 0
vn 0 -1 0
vn 0 -1 0
vn 0 -1 0
vn 0 -1 0
vn 0 -1 0
vn 0 -1 0
vn 0 -1 0
vn 0 -1 0
vn 0 -1 0
vn 0 -1 0
vn 0 -1 0
vn 0 -1 0
vn 0 -1 0
vn 0 -1 0
vn 0 -1 0
vn 0 -1 0
vn 0 -1 0
vn 0 -1 0
vn 0 -1 0
vn 0 -1 0
vn 0 -1 0
vn 0 -1 0
vn 0 -1 0
vn 0 -1 0
vn 0 -1 0
vn 0 -1 0
vn 0 -1 0
vn 0 -1 0
vn 0 -1 0
vn 0 -1 0
vn 0 -1 0
vn 0 -1 0
vn 0 -1 0
vn 0 -1 0
vn 0 -1 0
vn 0 -1 0
vn 0 -1 0
vn 0 -1 0
vn 0 -1 0
vn 0 -1 0
vn 0 -1 0
vn 0 -1 0
vn 0 -1 0
vn 0 -1 0
vn 0 -1 0
vn 0 -1 0
vn 0 -1 0
vn 0 -1 0
vn 0 -1 0
vn 0 -1 0
vn 0 -1 0
vn 0 -1 0
vn 0 -1 0
vn 0 -1 0
vn 0 -1 0
vn 0 -1 0
vn 0 -1 0
vn 0 -1 0
vn 0 -1 0
vn 0 -1 0
vn 0 -1 0
vn 0 -1 0
vn 0 -1 0
vn 0 -1 0
vn 0 -1 0
vn 0 -1 0
vn 0 -1 0
vn 0 -1 0
vn 0 -1 0
vn 0 -1 0
vn 0 -1 0
vn 0 -1 0
vn 0 -1 0
vn 0 -1 0
vn 0 -1 0
vn 0 -1 0
vn 0 -1 0
vn 0 -1 0
vn 0 -1 0
vn 0 -1 0
vn 0 -1 0
vn 0 -1 0
vn 0 -1 0
vn 0 -1 0
vn 0 -1 0
vn 0 -1 0
vn 0 -1 0
vn 0 -1 0
vn 0 -1 0
vn 0 -1 0
vn 0 -1 0
vn 0 -1 0
vn 0 -1 0
vn 0 -1 0
vn 0 -1 0
vn 0 -1 0
vn 0 -1 0
vn 0 -1 0
vn 0 -1 0
vn 0 -1 0
vn 0 1 0
vn 0 1 0
vn 0 1 0
vn 0 1 0
vn 0 1 0
vn 0 1 0
vn 0 1 0
vn 0 1 0
vn 0 1 0
vn 0 1 0
vn 0 1 0
vn 0 1 0
vn 0 1 0
vn 0 1 0
vn 0 1 0
vn 0 1 0
vn 0 1 0
vn 0 1 0
vn 0 1 0
vn 0 1 0
vn 0 1 0
vn 0 1 0
vn 0 1 0
vn 0 1 0
vn 0 1 0
vn 0 1 0
vn 0 1 0
vn 0 1 0
vn 0 1 0
vn 0 1 0
vn 0 1 0
vn 0 1 0
vn 0 1 0
vn 0 1 0
vn 0 1 0
vn 0 1 0
vn 0 1 0
vn 0 1 0
vn 0 1 0
vn 0 1 0
vn 0 1 0
vn 0 1 0
vn 0 1 0
vn 0 1 0
vn 0 1 0
vn 0 1 0
vn 0 1 0
vn 0 1 0
vn 0 1 0
vn 0 1 0
vn 0 1 0
vn 0 1 0
vn 0 1 0
vn 0 1 0
vn 0 1 0
vn 0 1 0
vn 0 1 0
vn 0 1 0
vn 0 1 0
vn 0 1 0
vn 0 1 0
vn 0 1 0
vn 0 1 0
vn 0 1 0
vn 0 1 0
vn 0 1 0
vn 0 1 0
vn 0 1 0
vn 0 1 0
vn 0 1 0
vn 0 1 0
vn 0 1 0
vn 0 1 0
vn 0 1 0
vn 0 1 0
vn 0 1 0
vn 0 1 0
vn 0 1 0
vn 0 1 0
vn 0 1 0
vn 0 1 0
vn 0 1 0
vn 0 1 0
vn 0 1 0
vn 0 1 0
vn 0 1 0
vn 0 1 0
vn 0 1 0
vn 0 1 0
vn 0 1 0
vn 0 1 0
vn 0 1 0
vn 0 1 0
vn 0 1 0
vn 0 1 0
vn 0 1 0
vn 0 1 0
vn 0 1 0
vn 0 1 0
vn 0 1 0
vn 0 1 0
vn 0 1 0
vn 0 1 0
vn 0 1 0
vn 0 1 0
vn 0 1 0
vn 0 1 0
vn 0 1 0
vn 0 1 0
vn 0 1 0
vn 0 1 0
vn 0 1 0
vn 0 1 0
vn 0 1 0
vn 0 1 0
vn 0 1 0
vn 0 1 0
vn 0 1 0
vn 0 1 0
vn 0 1 0
vn 0 1 0
vn 0 1 0
vn 0 1 0
vn 0 1 0
vn 0 1 0
vn 0 1 0
vn 0 1 0
vn 0 1 0
vn 0 1 0
vn 0 1 0
vn 0 1 0
vn 0 1 0
vn 0 1 0
vn 0 1 0
vn 0 1 0
vn 0 1 0
vn 0 1 0
vn 0 1 0
vn 0 1 0
vn 0 1 0
vn 0 1 0
vn 0 1 0
vn 0 1 0
vn 0 1 0
vn 0 1 0
vn 0 1 0
vn 0 1 0
vn 0 1 0
vn 0 1 0
vn 0 1 0
vn 0 1 0
vn 0 1 0
vn 0 1 0
vn 0 1 0
vn 0 1 0
vn 0 1 0
vn 0 1 0
vn 0 1 0
vn 0 1 0
vn 0 1 0
vn 0 1 0
vn 0 0 -1
vn 0 0 -1
vn 0 0 -1
vn 0 0 -1
vn 0 0 -1
vn 0 0 -1
vn 0 0 -1
vn 0 0 -1
vn 0 0 -1
vn 0 0 -1
vn 0 0 -1
vn 0 0 -1
vn 0 0 -1
vn 0 0 -1
vn 0 0 -1
vn 0 0 -1
vn 0 0 -1
vn 0 0 -1
vn 0 0 -1
vn 0 0 -1
vn 0 0 -1
vn 0 0 -1
vn 0 0 -1
vn 0 0 -1
vn 0 0 1
vn 0 0 1
vn 0 0 1
vn 0 0 1
vn 0 0 1
vn 0 0 1
vn 0 0 1
vn 0 0 1
vn 0 0 1
vn 0 0 1
vn 0 0 1
vn 0 0 1
vn 0 0 1
vn 0 0 1
vn 0 0 1
vn 0 0 1
vn 0 0 1
vn 0 0 1
vn 0 0 1
vn 0 0 1
vn 0 0 1
vn 0 0 1
vn 0 0 1
vn 0 0 1
vn -1 0 0
vn -1 0 0
vn -0.91899228096008301 0 0.39427557587623596
vn -0.91899228096008301 0 0.39427557587623596
vn -0.70008993148803711 0 0.71405470371246338
vn -0.70008993148803711 0 0.71405470371246338
vn -0.37811726331710815 0 0.92575770616531372
vn -0.37811726331710815 0 0.92575770616531372
vn 0 0 1
vn 0 0 1
vn 0.39427557587623596 0 0.91899228096008301
vn 0.39427557587623596 0 0.91899228096008301
vn 0.71405470371246338 0 0.70008993148803711
vn 0.71405470371246338 0 0.70008993148803711
vn 0.92575770616531372 0 0.37811726331710815
vn 0.92575770616531372 0 0.37811726331710815
vn 1 0 0
vn 1 0 0
vn 0.91899228096008301 0 -0.39427557587623596
vn 0.91899228096008301 0 -0.39427557587623596
vn 0.70008993148803711 0 -0.71405470371246338
vn 0.70008993148803711 0 -0.71405470371246338
vn 0.37811726331710815 0 -0.92575770616531372
vn 0.37811726331710815 0 -0.92575770616531372
vn 0 0 -1
vn 0 0 -1
vn -0.39427557587623596 0 -0.91899228096008301
vn -0.39427557587623596 0 -0.91899228096008301
vn -0.71405470371246338 0 -0.70008993148803711
vn -0.71405470371246338 0 -0.70008993148803711
vn -0.92575770616531372 0 -0.37811726331710815
vn -0.92575770616531372 0 -0.37811726331710815
vn -1 0 0
vn -1 0 0
vn -1 0 0
vn 0 0 1
vn -1 0 0
vn 0 0 1
vn -0.36809471249580383 0 0.92978829145431519
vn -0.70710676908493042 0 0.70710676908493042
vn -0.92978829145431519 0 0.36809471249580383
vn -0.92978829145431519 0 0.36809471249580383
vn -0.70710676908493042 0 0.70710676908493042
vn -0.36809471249580383 0 0.92978829145431519
vn -1 0 0
vn 0 0 -1
vn -1 0 0
vn 0 0 -1
vn -0.36809471249580383 0 -0.92978829145431519
vn -0.70710676908493042 0 -0.70710676908493042
vn -0.92978829145431519 0 -0.36809471249580383
vn -0.92978829145431519 0 -0.36809471249580383
vn -0.70710676908493042 0 -0.70710676908493042
vn -0.36809471249580383 0 -0.92978829145431519
f 1970/1970/1970 1969/1969/1969 1967/1967/1967 1965/1965/1965
f 1966/1966/1966 1968/1968/1968 1969/1969/1969 1970/1970/1970
f 1987/1987/1987 1983/1983/1983 1982/1982/1982 1986/1986/1986
f 1986/1986/1986 1982/1982/1982 1990/1990/1990 1991/1991/1991
f 1982/1982/1982 1984/1984/1984 1992/1992/1992 1990/1990/1990
f 1983/1983/1983 1985/1985/1985 1984/1984/1984 1982/1982/1982
f 1992/1992/1992 1975/1975/1975 1971/1971/1971
f 1984/1984/1984 1977/1977/1977 1976/1976/1976 1992/1992/1992
f 1975/1975/1975 1992/1992/1992 1976/1976/1976
f 1981/1981/1981 1992/1992/1992 1971/1971/1971
f 1991/1991/1991 1981/1981/1981 1972/1972/1972
f 1989/1989/1989 1986/1986/1986 1991/1991/1991
f 1972/1972/1972 1989/1989/1989 1991/1991/1991
f 1981/1981/1981 1991/1991/1991 1990/1990/1990
f 1990/1990/1990 1992/1992/1992 1981/1981/1981
f 1985/1985/1985 1978/1978/1978 1977/1977/1977 1984/1984/1984
f 1973/1973/1973 1979/1979/1979 1985/1985/1985
f 1978/1978/1978 1985/1985/1985 1979/1979/1979
f 1980/1980/1980 1973/1973/1973 1985/1985/1985
f 1987/1987/1987 1986/1986/1986 1988/1988/1988
f 1989/1989/1989 1988/1988/1988 1986/1986/1986
f 1974/1974/1974 1980/1980/1980 1987/1987/1987
f 1983/1983/1983 1987/1987/1987 1980/1980/1980
f 1988/1988/1988 1974/1974/1974 1987/1987/1987
f 1980/1980/1980 1985/1985/1985 1983/1983/1983
f 1998/1998/1998 1997/1997/1997 1995/1995/1995 1993/1993/1993
f 1994/1994/1994 1996/1996/1996 1997/1997/1997 1998/1998/1998
f 2018/2018/2018 2016/2016/2016 2010/2010/2010 2011/2011/2011
f 2011/2011/2011 2010/2010/2010 2012/2012/2012 2013/2013/2013
f 2010/2010/2010 2014/2014/2014 2015/2015/2015 2012/2012/2012
f 2016/2016/2016 2017/2017/2017 2014/2014/2014 2010/2010/2010
f 2015/2015/2015 2003/2003/2003 1999/1999/1999
f 2014/2014/2014 2005/2005/2005 2004/2004/2004 2015/2015/2015
f 2003/2003/2003 2015/2015/2015 2004/2004/2004
f 2009/2009/2009 2015/2015/2015 1999/1999/1999
f 2013/2013/2013 2009/2009/2009 2000/2000/2000
f 2020/2020/2020 2011/2011/2011 2013/2013/2013
f 2000/2000/2000 2020/2020/2020 2013/2013/2013
f 2009/2009/2009 2013/2013/2013 2012/2012/2012
f 2012/2012/2012 2015/2015/2015 2009/2009/2009
f 2017/2017/2017 2006/2006/2006 2005/2005/2005 2014/2014/2014
f 2001/2001/2001 2007/2007/2007 2017/2017/2017
f 2006/2006/2006 2017/2017/2017 2007/2007/2007
f 2008/2008/2008 2001/2001/2001 2017/2017/2017
f 2018/2018/2018 2011/2011/2011 2019/2019/2019
f 2020/2020/2020 2019/2019/2019 2011/2011/2011
f 2002/2002/2002 2008/2008/2008 2018/2018/2018
f 2016/2016/2016 2018/2018/2018 2008/2008/2008
f 2019/2019/2019 2002/2002/2002 2018/2018/2018
f 2008/2008/2008 2017/2017/2017 2016/2016/2016
f 2025/2025/2025 2028/2028/2028 2022/2022/2022 2021/2021/2021
f 2025/2025/2025 2026/2026/2026 2027/2027/2027 2028/2028/2028
f 2026/2026/2026 2023/2023/2023 2024/2024/2024 2027/2027/2027
f 2029/2029/2029 2032/2032/2032 2039/2039/2039 2031/2031/2031
f 2032/2032/2032 2033/2033/2033 2038/2038/2038 2039/2039/2039
f 2033/2033/2033 2034/2034/2034 2037/2037/2037 2038/2038/2038
f 2034/2034/2034 2035/2035/2035 2036/2036/2036 2037/2037/2037
f 2035/2035/2035 2040/2040/2040 2030/2030/2030 2036/2036/2036
f 2196/2196/2196 2042/2042/2042 2189/2189/2189
f 2190/2190/2190 2196/2196/2196 2191/2191/2191
f 2042/2042/2042 2196/2196/2196 2190/2190/2190
f 2191/2191/2191 2192/2192/2192 2194/2194/2194 2193/2193/2193
f 2189/2189/2189 2195/2195/2195 2197/2197/2197 2196/2196/2196
f 2196/2196/2196 2197/2197/2197 2192/2192/2192 2191/2191/2191
f 2049/2049/2049 2198/2198/2198 2200/2200/2200 2199/2199/2199
f 2199/2199/2199 2200/2200/2200 2189/2189/2189 2042/2042/2042
f 2199/2199/2199 2050/2050/2050 2049/2049/2049
f 2043/2043/2043 2199/2199/2199 2042/2042/2042
f 2050/2050/2050 2199/2199/2199 2043/2043/2043
f 2051/2051/2051 2050/2050/2050 2043/2043/2043 2044/2044/2044
f 2052/2052/2052 2051/2051/2051 2044/2044/2044 2045/2045/2045
f 2053/2053/2053 2052/2052/2052 2045/2045/2045 2046/2046/2046
f 2054/2054/2054 2053/2053/2053 2046/2046/2046 2047/2047/2047
f 2055/2055/2055 2054/2054/2054 2047/2047/2047 2048/2048/2048
f 2057/2057/2057 2056/2056/2056 2049/2049/2049 2050/2050/2050
f 2058/2058/2058 2057/2057/2057 2050/2050/2050 2051/2051/2051
f 2059/2059/2059 2058/2058/2058 2051/2051/2051 2052/2052/2052
f 2168/2168/2168 2053/2053/2053 2060/2060/2060
f 2052/2052/2052 2168/2168/2168 2059/2059/2059
f 2053/2053/2053 2168/2168/2168 2052/2052/2052
f 2153/2153/2153 2054/2054/2054 2061/2061/2061
f 2053/2053/2053 2153/2153/2153 2060/2060/2060
f 2054/2054/2054 2153/2153/2153 2053/2053/2053
f 2160/2160/2160 2055/2055/2055 2062/2062/2062
f 2054/2054/2054 2160/2160/2160 2061/2061/2061
f 2055/2055/2055 2160/2160/2160 2054/2054/2054
f 2064/2064/2064 2063/2063/2063 2056/2056/2056 2057/2057/2057
f 2065/2065/2065 2064/2064/2064 2057/2057/2057 2058/2058/2058
f 2169/2169/2169 2058/2058/2058 2059/2059/2059
f 2065/2065/2065 2169/2169/2169 2066/2066/2066
f 2058/2058/2058 2169/2169/2169 2065/2065/2065
f 2154/2154/2154 2170/2170/2170 2168/2168/2168 2060/2060/2060
f 2170/2170/2170 2169/2169/2169 2059/2059/2059 2168/2168/2168
f 2164/2164/2164 2066/2066/2066 2169/2169/2169 2170/2170/2170
f 2067/2067/2067 2146/2146/2146 2158/2158/2158 2156/2156/2156
f 2156/2156/2156 2158/2158/2158 2157/2157/2157 2152/2152/2152
f 2157/2157/2157 2061/2061/2061 2152/2152/2152
f 2153/2153/2153 2157/2157/2157 2155/2155/2155
f 2061/2061/2061 2157/2157/2157 2153/2153/2153
f 2167/2167/2167 2153/2153/2153 2155/2155/2155
f 2060/2060/2060 2167/2167/2167 2154/2154/2154
f 2153/2153/2153 2167/2167/2167 2060/2060/2060
f 2068/2068/2068 2150/2150/2150 2161/2161/2161 2159/2159/2159
f 2159/2159/2159 2161/2161/2161 2160/2160/2160 2062/2062/2062
f 2161/2161/2161 2152/2152/2152 2061/2061/2061 2160/2160/2160
f 2156/2156/2156 2150/2150/2150 2067/2067/2067
f 2161/2161/2161 2156/2156/2156 2152/2152/2152
f 2150/2150/2150 2156/2156/2156 2161/2161/2161
f 2070/2070/2070 2069/2069/2069 2063/2063/2063 2064/2064/2064
f 2071/2071/2071 2070/2070/2070 2064/2064/2064 2065/2065/2065
f 2165/2165/2165 2065/2065/2065 2066/2066/2066
f 2071/2071/2071 2165/2165/2165 2072/2072/2072
f 2065/2065/2065 2165/2165/2165 2071/2071/2071
f 2073/2073/2073 2163/2163/2163 2166/2166/2166 2142/2142/2142
f 2166/2166/2166 2165/2165/2165 2066/2066/2066 2164/2164/2164
f 2163/2163/2163 2072/2072/2072 2165/2165/2165 2166/2166/2166
f 2144/2144/2144 2140/2140/2140 2143/2143/2143
f 2074/2074/2074 2144/2144/2144 2141/2141/2141
f 2140/2140/2140 2144/2144/2144 2074/2074/2074
f 2141/2141/2141 2144/2144/2144 2147/2147/2147 2145/2145/2145
f 2145/2145/2145 2147/2147/2147 2146/2146/2146 2067/2067/2067
f 2162/2162/2162 2073/2073/2073 2142/2142/2142
f 2140/2140/2140 2162/2162/2162 2143/2143/2143
f 2073/2073/2073 2162/2162/2162 2140/2140/2140
f 2075/2075/2075 2148/2148/2148 2151/2151/2151 2149/2149/2149
f 2149/2149/2149 2151/2151/2151 2150/2150/2150 2068/2068/2068
f 2145/2145/2145 2151/2151/2151 2141/2141/2141
f 2150/2150/2150 2145/2145/2145 2067/2067/2067
f 2151/2151/2151 2145/2145/2145 2150/2150/2150
f 2148/2148/2148 2074/2074/2074 2141/2141/2141 2151/2151/2151
f 2077/2077/2077 2076/2076/2076 2069/2069/2069 2070/2070/2070
f 2078/2078/2078 2077/2077/2077 2070/2070/2070 2071/2071/2071
f 2079/2079/2079 2078/2078/2078 2071/2071/2071 2072/2072/2072
f 2163/2163/2163 2079/2079/2079 2072/2072/2072
f 2080/2080/2080 2163/2163/2163 2073/2073/2073
f 2079/2079/2079 2163/2163/2163 2080/2080/2080
f 2140/2140/2140 2080/2080/2080 2073/2073/2073
f 2081/2081/2081 2140/2140/2140 2074/2074/2074
f 2080/2080/2080 2140/2140/2140 2081/2081/2081
f 2148/2148/2148 2081/2081/2081 2074/2074/2074
f 2082/2082/2082 2148/2148/2148 2075/2075/2075
f 2081/2081/2081 2148/2148/2148 2082/2082/2082
f 2083/2083/2083 2175/2175/2175 2183/2183/2183 2181/2181/2181
f 2181/2181/2181 2183/2183/2183 2182/2182/2182 2076/2076/2076
f 2181/2181/2181 2084/2084/2084 2083/2083/2083
f 2077/2077/2077 2181/2181/2181 2076/2076/2076
f 2084/2084/2084 2181/2181/2181 2077/2077/2077
f 2085/2085/2085 2084/2084/2084 2077/2077/2077 2078/2078/2078
f 2086/2086/2086 2085/2085/2085 2078/2078/2078 2079/2079/2079
f 2087/2087/2087 2086/2086/2086 2079/2079/2079 2080/2080/2080
f 2088/2088/2088 2087/2087/2087 2080/2080/2080 2081/2081/2081
f 2089/2089/2089 2088/2088/2088 2081/2081/2081 2082/2082/2082
f 2178/2178/2178 2174/2174/2174 2176/2176/2176
f 2083/2083/2083 2178/2178/2178 2175/2175/2175
f 2174/2174/2174 2178/2178/2178 2083/2083/2083
f 2176/2176/2176 2177/2177/2177 2180/2180/2180 2178/2178/2178
f 2178/2178/2178 2180/2180/2180 2179/2179/2179 2175/2175/2175
f 2184/2184/2184 2185/2185/2185 2177/2177/2177 2176/2176/2176
f 2186/2186/2186 2106/2106/2106 2194/2194/2194
f 2187/2187/2187 2186/2186/2186 2194/2194/2194
f 2192/2192/2192 2188/2188/2188 2194/2194/2194
f 2187/2187/2187 2194/2194/2194 2188/2188/2188
f 2192/2192/2192 2107/2107/2107 2188/2188/2188
f 2106/2106/2106 2193/2193/2193 2194/2194/2194
f 2105/2105/2105 2193/2193/2193 2106/2106/2106
f 2164/2164/2164 2170/2170/2170 2154/2154/2154 2201/2201/2201
f 2190/2190/2190 2105/2105/2105 2104/2104/2104
f 2104/2104/2104 2103/2103/2103 2043/2043/2043
f 2102/2102/2102 2044/2044/2044 2103/2103/2103
f 2101/2101/2101 2045/2045/2045 2044/2044/2044 2102/2102/2102
f 2104/2104/2104 2043/2043/2043 2190/2190/2190
f 2190/2190/2190 2193/2193/2193 2105/2105/2105
f 2190/2190/2190 2191/2191/2191 2193/2193/2193
f 2201/2201/2201 2142/2142/2142 2166/2166/2166 2164/2164/2164
f 2197/2197/2197 2195/2195/2195 2107/2107/2107
f 2108/2108/2108 2107/2107/2107 2195/2195/2195
f 2198/2198/2198 2108/2108/2108 2200/2200/2200
f 2200/2200/2200 2195/2195/2195 2189/2189/2189
f 2198/2198/2198 2109/2109/2109 2108/2108/2108
f 2108/2108/2108 2195/2195/2195 2200/2200/2200
f 2042/2042/2042 2190/2190/2190 2043/2043/2043
f 2043/2043/2043 2103/2103/2103 2044/2044/2044
f 2056/2056/2056 2198/2198/2198 2049/2049/2049
f 2109/2109/2109 2198/2198/2198 2056/2056/2056
f 2056/2056/2056 2063/2063/2063 2109/2109/2109
f 2109/2109/2109 2063/2063/2063 2069/2069/2069 2110/2110/2110
f 2107/2107/2107 2192/2192/2192 2197/2197/2197
f 2100/2100/2100 2045/2045/2045 2101/2101/2101
f 2046/2046/2046 2100/2100/2100 2099/2099/2099
f 2098/2098/2098 2047/2047/2047 2046/2046/2046 2099/2099/2099
f 2045/2045/2045 2100/2100/2100 2046/2046/2046
f 2047/2047/2047 2098/2098/2098 2097/2097/2097 2048/2048/2048
f 2041/2041/2041 2048/2048/2048 2096/2096/2096
f 2097/2097/2097 2096/2096/2096 2048/2048/2048
f 2095/2095/2095 2048/2048/2048 2041/2041/2041
f 2094/2094/2094 2062/2062/2062 2055/2055/2055
f 2055/2055/2055 2095/2095/2095 2094/2094/2094
f 2094/2094/2094 2159/2159/2159 2062/2062/2062
f 2048/2048/2048 2095/2095/2095 2055/2055/2055
f 2136/2136/2136 2135/2135/2135 2167/2167/2167
f 2154/2154/2154 2167/2167/2167 2135/2135/2135
f 2137/2137/2137 2136/2136/2136 2167/2167/2167
f 2154/2154/2154 2134/2134/2134 2133/2133/2133
f 2134/2134/2134 2154/2154/2154 2135/2135/2135
f 2132/2132/2132 2201/2201/2201 2133/2133/2133
f 2158/2158/2158 2155/2155/2155 2157/2157/2157
f 2167/2167/2167 2155/2155/2155 2137/2137/2137
f 2137/2137/2137 2155/2155/2155 2138/2138/2138
f 2158/2158/2158 2139/2139/2139 2138/2138/2138
f 2159/2159/2159 2093/2093/2093 2068/2068/2068
f 2139/2139/2139 2158/2158/2158 2146/2146/2146
f 2138/2138/2138 2155/2155/2155 2158/2158/2158
f 2094/2094/2094 2093/2093/2093 2159/2159/2159
f 2133/2133/2133 2201/2201/2201 2154/2154/2154
f 2182/2182/2182 2111/2111/2111 2110/2110/2110
f 2183/2183/2183 2111/2111/2111 2182/2182/2182
f 2069/2069/2069 2182/2182/2182 2110/2110/2110
f 2180/2180/2180 2112/2112/2112 2179/2179/2179
f 2111/2111/2111 2183/2183/2183 2179/2179/2179
f 2183/2183/2183 2175/2175/2175 2179/2179/2179
f 2112/2112/2112 2111/2111/2111 2179/2179/2179
f 2069/2069/2069 2076/2076/2076 2182/2182/2182
f 2083/2083/2083 2084/2084/2084 2174/2174/2174
f 2086/2086/2086 2118/2118/2118 2117/2117/2117 2085/2085/2085
f 2085/2085/2085 2117/2117/2117 2116/2116/2116 2084/2084/2084
f 2177/2177/2177 2112/2112/2112 2180/2180/2180
f 2112/2112/2112 2177/2177/2177 2171/2171/2171
f 2171/2171/2171 2177/2177/2177 2185/2185/2185
f 2185/2185/2185 2173/2173/2173 2172/2172/2172
f 2173/2173/2173 2185/2185/2185 2113/2113/2113
f 2171/2171/2171 2185/2185/2185 2172/2172/2172
f 2113/2113/2113 2185/2185/2185 2184/2184/2184
f 2174/2174/2174 2114/2114/2114 2184/2184/2184
f 2113/2113/2113 2184/2184/2184 2114/2114/2114
f 2084/2084/2084 2116/2116/2116 2115/2115/2115
f 2114/2114/2114 2174/2174/2174 2115/2115/2115
f 2176/2176/2176 2174/2174/2174 2184/2184/2184
f 2118/2118/2118 2086/2086/2086 2119/2119/2119
f 2174/2174/2174 2084/2084/2084 2115/2115/2115
f 2087/2087/2087 2120/2120/2120 2119/2119/2119 2086/2086/2086
f 2131/2131/2131 2201/2201/2201 2132/2132/2132
f 2142/2142/2142 2131/2131/2131 2130/2130/2130
f 2130/2130/2130 2129/2129/2129 2142/2142/2142
f 2142/2142/2142 2129/2129/2129 2162/2162/2162
f 2142/2142/2142 2201/2201/2201 2131/2131/2131
f 2162/2162/2162 2129/2129/2129 2128/2128/2128
f 2146/2146/2146 2125/2125/2125 2124/2124/2124
f 2147/2147/2147 2125/2125/2125 2146/2146/2146
f 2139/2139/2139 2146/2146/2146 2124/2124/2124
f 2127/2127/2127 2162/2162/2162 2128/2128/2128
f 2126/2126/2126 2147/2147/2147 2143/2143/2143
f 2125/2125/2125 2147/2147/2147 2126/2126/2126
f 2143/2143/2143 2127/2127/2127 2126/2126/2126
f 2162/2162/2162 2127/2127/2127 2143/2143/2143
f 2147/2147/2147 2144/2144/2144 2143/2143/2143
f 2120/2120/2120 2087/2087/2087 2088/2088/2088 2121/2121/2121
f 2121/2121/2121 2088/2088/2088 2122/2122/2122
f 2122/2122/2122 2088/2088/2088 2089/2089/2089
f 2092/2092/2092 2075/2075/2075 2149/2149/2149
f 2091/2091/2091 2082/2082/2082 2075/2075/2075 2092/2092/2092
f 2149/2149/2149 2093/2093/2093 2092/2092/2092
f 2090/2090/2090 2123/2123/2123 2089/2089/2089
f 2122/2122/2122 2089/2089/2089 2123/2123/2123
f 2089/2089/2089 2091/2091/2091 2090/2090/2090
f 2082/2082/2082 2091/2091/2091 2089/2089/2089
f 2068/2068/2068 2093/2093/2093 2149/2149/2149
f 2357/2357/2357 2350/2350/2350 2203/2203/2203
f 2351/2351/2351 2352/2352/2352 2357/2357/2357
f 2203/2203/2203 2351/2351/2351 2357/2357/2357
f 2352/2352/2352 2354/2354/2354 2355/2355/2355 2353/2353/2353
f 2350/2350/2350 2357/2357/2357 2358/2358/2358 2356/2356/2356
f 2357/2357/2357 2352/2352/2352 2353/2353/2353 2358/2358/2358
f 2210/2210/2210 2360/2360/2360 2361/2361/2361 2359/2359/2359
f 2360/2360/2360 2203/2203/2203 2350/2350/2350 2361/2361/2361
f 2360/2360/2360 2210/2210/2210 2211/2211/2211
f 2204/2204/2204 2203/2203/2203 2360/2360/2360
f 2211/2211/2211 2204/2204/2204 2360/2360/2360
f 2212/2212/2212 2205/2205/2205 2204/2204/2204 2211/2211/2211
f 2213/2213/2213 2206/2206/2206 2205/2205/2205 2212/2212/2212
f 2214/2214/2214 2207/2207/2207 2206/2206/2206 2213/2213/2213
f 2215/2215/2215 2208/2208/2208 2207/2207/2207 2214/2214/2214
f 2216/2216/2216 2209/2209/2209 2208/2208/2208 2215/2215/2215
f 2218/2218/2218 2211/2211/2211 2210/2210/2210 2217/2217/2217
f 2219/2219/2219 2212/2212/2212 2211/2211/2211 2218/2218/2218
f 2220/2220/2220 2213/2213/2213 2212/2212/2212 2219/2219/2219
f 2329/2329/2329 2221/2221/2221 2214/2214/2214
f 2213/2213/2213 2220/2220/2220 2329/2329/2329
f 2214/2214/2214 2213/2213/2213 2329/2329/2329
f 2302/2302/2302 2222/2222/2222 2215/2215/2215
f 2214/2214/2214 2221/2221/2221 2302/2302/2302
f 2215/2215/2215 2214/2214/2214 2302/2302/2302
f 2315/2315/2315 2223/2223/2223 2216/2216/2216
f 2215/2215/2215 2222/2222/2222 2315/2315/2315
f 2216/2216/2216 2215/2215/2215 2315/2315/2315
f 2225/2225/2225 2218/2218/2218 2217/2217/2217 2224/2224/2224
f 2226/2226/2226 2219/2219/2219 2218/2218/2218 2225/2225/2225
f 2330/2330/2330 2220/2220/2220 2219/2219/2219
f 2226/2226/2226 2227/2227/2227 2330/2330/2330
f 2219/2219/2219 2226/2226/2226 2330/2330/2330
f 2303/2303/2303 2221/2221/2221 2329/2329/2329 2331/2331/2331
f 2331/2331/2331 2329/2329/2329 2220/2220/2220 2330/2330/2330
f 2325/2325/2325 2331/2331/2331 2330/2330/2330 2227/2227/2227
f 2228/2228/2228 2306/2306/2306 2308/2308/2308 2305/2305/2305
f 2306/2306/2306 2301/2301/2301 2307/2307/2307 2308/2308/2308
f 2307/2307/2307 2301/2301/2301 2222/2222/2222
f 2302/2302/2302 2304/2304/2304 2307/2307/2307
f 2222/2222/2222 2302/2302/2302 2307/2307/2307
f 2328/2328/2328 2304/2304/2304 2302/2302/2302
f 2221/2221/2221 2303/2303/2303 2328/2328/2328
f 2302/2302/2302 2221/2221/2221 2328/2328/2328
f 2229/2229/2229 2314/2314/2314 2316/2316/2316 2313/2313/2313
f 2314/2314/2314 2223/2223/2223 2315/2315/2315 2316/2316/2316
f 2316/2316/2316 2315/2315/2315 2222/2222/2222 2301/2301/2301
f 2306/2306/2306 2228/2228/2228 2313/2313/2313
f 2316/2316/2316 2301/2301/2301 2306/2306/2306
f 2313/2313/2313 2316/2316/2316 2306/2306/2306
f 2231/2231/2231 2225/2225/2225 2224/2224/2224 2230/2230/2230
f 2232/2232/2232 2226/2226/2226 2225/2225/2225 2231/2231/2231
f 2326/2326/2326 2227/2227/2227 2226/2226/2226
f 2232/2232/2232 2233/2233/2233 2326/2326/2326
f 2226/2226/2226 2232/2232/2232 2326/2326/2326
f 2234/2234/2234 2311/2311/2311 2327/2327/2327 2324/2324/2324
f 2327/2327/2327 2325/2325/2325 2227/2227/2227 2326/2326/2326
f 2324/2324/2324 2327/2327/2327 2326/2326/2326 2233/2233/2233
f 2317/2317/2317 2312/2312/2312 2309/2309/2309
f 2235/2235/2235 2310/2310/2310 2317/2317/2317
f 2309/2309/2309 2235/2235/2235 2317/2317/2317
f 2310/2310/2310 2318/2318/2318 2319/2319/2319 2317/2317/2317
f 2318/2318/2318 2228/2228/2228 2305/2305/2305 2319/2319/2319
f 2323/2323/2323 2311/2311/2311 2234/2234/2234
f 2309/2309/2309 2312/2312/2312 2323/2323/2323
f 2234/2234/2234 2309/2309/2309 2323/2323/2323
f 2236/2236/2236 2321/2321/2321 2322/2322/2322 2320/2320/2320
f 2321/2321/2321 2229/2229/2229 2313/2313/2313 2322/2322/2322
f 2318/2318/2318 2310/2310/2310 2322/2322/2322
f 2313/2313/2313 2228/2228/2228 2318/2318/2318
f 2322/2322/2322 2313/2313/2313 2318/2318/2318
f 2320/2320/2320 2322/2322/2322 2310/2310/2310 2235/2235/2235
f 2238/2238/2238 2231/2231/2231 2230/2230/2230 2237/2237/2237
f 2239/2239/2239 2232/2232/2232 2231/2231/2231 2238/2238/2238
f 2240/2240/2240 2233/2233/2233 2232/2232/2232 2239/2239/2239
f 2324/2324/2324 2233/2233/2233 2240/2240/2240
f 2241/2241/2241 2234/2234/2234 2324/2324/2324
f 2240/2240/2240 2241/2241/2241 2324/2324/2324
f 2309/2309/2309 2234/2234/2234 2241/2241/2241
f 2242/2242/2242 2235/2235/2235 2309/2309/2309
f 2241/2241/2241 2242/2242/2242 2309/2309/2309
f 2320/2320/2320 2235/2235/2235 2242/2242/2242
f 2243/2243/2243 2236/2236/2236 2320/2320/2320
f 2242/2242/2242 2243/2243/2243 2320/2320/2320
f 2244/2244/2244 2342/2342/2342 2344/2344/2344 2336/2336/2336
f 2342/2342/2342 2237/2237/2237 2343/2343/2343 2344/2344/2344
f 2342/2342/2342 2244/2244/2244 2245/2245/2245
f 2238/2238/2238 2237/2237/2237 2342/2342/2342
f 2245/2245/2245 2238/2238/2238 2342/2342/2342
f 2246/2246/2246 2239/2239/2239 2238/2238/2238 2245/2245/2245
f 2247/2247/2247 2240/2240/2240 2239/2239/2239 2246/2246/2246
f 2248/2248/2248 2241/2241/2241 2240/2240/2240 2247/2247/2247
f 2249/2249/2249 2242/2242/2242 2241/2241/2241 2248/2248/2248
f 2250/2250/2250 2243/2243/2243 2242/2242/2242 2249/2249/2249
f 2339/2339/2339 2337/2337/2337 2335/2335/2335
f 2244/2244/2244 2336/2336/2336 2339/2339/2339
f 2335/2335/2335 2244/2244/2244 2339/2339/2339
f 2337/2337/2337 2339/2339/2339 2341/2341/2341 2338/2338/2338
f 2339/2339/2339 2336/2336/2336 2340/2340/2340 2341/2341/2341
f 2345/2345/2345 2337/2337/2337 2338/2338/2338 2346/2346/2346
f 2347/2347/2347 2355/2355/2355 2267/2267/2267
f 2348/2348/2348 2355/2355/2355 2347/2347/2347
f 2353/2353/2353 2355/2355/2355 2349/2349/2349
f 2348/2348/2348 2349/2349/2349 2355/2355/2355
f 2353/2353/2353 2349/2349/2349 2268/2268/2268
f 2267/2267/2267 2355/2355/2355 2354/2354/2354
f 2266/2266/2266 2267/2267/2267 2354/2354/2354
f 2325/2325/2325 2362/2362/2362 2303/2303/2303 2331/2331/2331
f 2351/2351/2351 2265/2265/2265 2266/2266/2266
f 2265/2265/2265 2204/2204/2204 2264/2264/2264
f 2263/2263/2263 2264/2264/2264 2205/2205/2205
f 2262/2262/2262 2263/2263/2263 2205/2205/2205 2206/2206/2206
f 2265/2265/2265 2351/2351/2351 2204/2204/2204
f 2351/2351/2351 2266/2266/2266 2354/2354/2354
f 2351/2351/2351 2354/2354/2354 2352/2352/2352
f 2362/2362/2362 2325/2325/2325 2327/2327/2327 2311/2311/2311
f 2358/2358/2358 2268/2268/2268 2356/2356/2356
f 2269/2269/2269 2356/2356/2356 2268/2268/2268
f 2359/2359/2359 2361/2361/2361 2269/2269/2269
f 2361/2361/2361 2350/2350/2350 2356/2356/2356
f 2359/2359/2359 2269/2269/2269 2270/2270/2270
f 2269/2269/2269 2361/2361/2361 2356/2356/2356
f 2203/2203/2203 2204/2204/2204 2351/2351/2351
f 2204/2204/2204 2205/2205/2205 2264/2264/2264
f 2217/2217/2217 2210/2210/2210 2359/2359/2359
f 2270/2270/2270 2217/2217/2217 2359/2359/2359
f 2217/2217/2217 2270/2270/2270 2224/2224/2224
f 2270/2270/2270 2271/2271/2271 2230/2230/2230 2224/2224/2224
f 2268/2268/2268 2358/2358/2358 2353/2353/2353
f 2261/2261/2261 2262/2262/2262 2206/2206/2206
f 2207/2207/2207 2260/2260/2260 2261/2261/2261
f 2259/2259/2259 2260/2260/2260 2207/2207/2207 2208/2208/2208
f 2206/2206/2206 2207/2207/2207 2261/2261/2261
f 2208/2208/2208 2209/2209/2209 2258/2258/2258 2259/2259/2259
f 2202/2202/2202 2257/2257/2257 2209/2209/2209
f 2258/2258/2258 2209/2209/2209 2257/2257/2257
f 2256/2256/2256 2202/2202/2202 2209/2209/2209
f 2255/2255/2255 2216/2216/2216 2223/2223/2223
f 2216/2216/2216 2255/2255/2255 2256/2256/2256
f 2255/2255/2255 2223/2223/2223 2314/2314/2314
f 2209/2209/2209 2216/2216/2216 2256/2256/2256
f 2297/2297/2297 2328/2328/2328 2296/2296/2296
f 2303/2303/2303 2296/2296/2296 2328/2328/2328
f 2298/2298/2298 2328/2328/2328 2297/2297/2297
f 2303/2303/2303 2294/2294/2294 2295/2295/2295
f 2303/2303/2303 2295/2295/2295 2296/2296/2296
f 2304/2304/2304 2328/2328/2328 2298/2298/2298
f 2308/2308/2308 2307/2307/2307 2304/2304/2304
f 2298/2298/2298 2299/2299/2299 2304/2304/2304
f 2299/2299/2299 2308/2308/2308 2304/2304/2304
f 2305/2305/2305 2308/2308/2308 2300/2300/2300
f 2229/2229/2229 2254/2254/2254 2314/2314/2314
f 2305/2305/2305 2300/2300/2300 2285/2285/2285
f 2299/2299/2299 2300/2300/2300 2308/2308/2308
f 2255/2255/2255 2314/2314/2314 2254/2254/2254
f 2362/2362/2362 2293/2293/2293 2294/2294/2294
f 2343/2343/2343 2271/2271/2271 2272/2272/2272
f 2344/2344/2344 2343/2343/2343 2272/2272/2272
f 2230/2230/2230 2271/2271/2271 2343/2343/2343
f 2341/2341/2341 2340/2340/2340 2273/2273/2273
f 2272/2272/2272 2340/2340/2340 2344/2344/2344
f 2344/2344/2344 2340/2340/2340 2336/2336/2336
f 2273/2273/2273 2340/2340/2340 2272/2272/2272
f 2230/2230/2230 2343/2343/2343 2237/2237/2237
f 2244/2244/2244 2335/2335/2335 2245/2245/2245
f 2247/2247/2247 2246/2246/2246 2278/2278/2278 2279/2279/2279
f 2246/2246/2246 2245/2245/2245 2277/2277/2277 2278/2278/2278
f 2338/2338/2338 2341/2341/2341 2273/2273/2273
f 2273/2273/2273 2332/2332/2332 2338/2338/2338
f 2332/2332/2332 2346/2346/2346 2338/2338/2338
f 2346/2346/2346 2333/2333/2333 2334/2334/2334
f 2334/2334/2334 2274/2274/2274 2346/2346/2346
f 2332/2332/2332 2333/2333/2333 2346/2346/2346
f 2274/2274/2274 2345/2345/2345 2346/2346/2346
f 2335/2335/2335 2345/2345/2345 2275/2275/2275
f 2274/2274/2274 2275/2275/2275 2345/2345/2345
f 2245/2245/2245 2276/2276/2276 2277/2277/2277
f 2275/2275/2275 2276/2276/2276 2335/2335/2335
f 2337/2337/2337 2345/2345/2345 2335/2335/2335
f 2279/2279/2279 2280/2280/2280 2247/2247/2247
f 2335/2335/2335 2276/2276/2276 2245/2245/2245
f 2248/2248/2248 2247/2247/2247 2280/2280/2280 2281/2281/2281
f 2293/2293/2293 2362/2362/2362 2292/2292/2292
f 2362/2362/2362 2294/2294/2294 2303/2303/2303
f 2292/2292/2292 2311/2311/2311 2291/2291/2291
f 2311/2311/2311 2290/2290/2290 2291/2291/2291
f 2290/2290/2290 2311/2311/2311 2323/2323/2323
f 2311/2311/2311 2292/2292/2292 2362/2362/2362
f 2319/2319/2319 2305/2305/2305 2286/2286/2286
f 2286/2286/2286 2305/2305/2305 2285/2285/2285
f 2319/2319/2319 2286/2286/2286 2287/2287/2287
f 2288/2288/2288 2289/2289/2289 2323/2323/2323
f 2290/2290/2290 2323/2323/2323 2289/2289/2289
f 2312/2312/2312 2319/2319/2319 2287/2287/2287
f 2312/2312/2312 2287/2287/2287 2288/2288/2288
f 2288/2288/2288 2323/2323/2323 2312/2312/2312
f 2319/2319/2319 2312/2312/2312 2317/2317/2317
f 2281/2281/2281 2282/2282/2282 2249/2249/2249 2248/2248/2248
f 2282/2282/2282 2283/2283/2283 2249/2249/2249
f 2283/2283/2283 2250/2250/2250 2249/2249/2249
f 2253/2253/2253 2321/2321/2321 2236/2236/2236
f 2252/2252/2252 2253/2253/2253 2236/2236/2236 2243/2243/2243
f 2321/2321/2321 2253/2253/2253 2254/2254/2254
f 2251/2251/2251 2250/2250/2250 2284/2284/2284
f 2283/2283/2283 2284/2284/2284 2250/2250/2250
f 2250/2250/2250 2251/2251/2251 2252/2252/2252
f 2243/2243/2243 2250/2250/2250 2252/2252/2252
f 2229/2229/2229 2321/2321/2321 2254/2254/2254
f 2366/2366/2366 2363/2363/2363 2386/2386/2386 2367/2367/2367
f 2367/2367/2367 2386/2386/2386 2385/2385/2385 2368/2368/2368
f 2369/2369/2369 2384/2384/2384 2383/2383/2383 2370/2370/2370
f 2370/2370/2370 2383/2383/2383 2382/2382/2382 2371/2371/2371
f 2368/2368/2368 2385/2385/2385 2384/2384/2384 2369/2369/2369
f 2371/2371/2371 2382/2382/2382 2381/2381/2381 2372/2372/2372
f 2372/2372/2372 2381/2381/2381 2380/2380/2380 2373/2373/2373
f 2373/2373/2373 2380/2380/2380 2379/2379/2379 2374/2374/2374
f 2375/2375/2375 2378/2378/2378 2377/2377/2377 2376/2376/2376
f 2364/2364/2364 2376/2376/2376 2377/2377/2377 2365/2365/2365
f 2374/2374/2374 2379/2379/2379 2378/2378/2378 2375/2375/2375
f 2387/2387/2387 2388/2388/2388 2410/2410/2410 2390/2390/2390
f 2390/2390/2390 2410/2410/2410 2409/2409/2409 2391/2391/2391
f 2392/2392/2392 2408/2408/2408 2407/2407/2407 2393/2393/2393
f 2393/2393/2393 2407/2407/2407 2406/2406/2406 2394/2394/2394
f 2391/2391/2391 2409/2409/2409 2408/2408/2408 2392/2392/2392
f 2405/2405/2405 2395/2395/2395 2394/2394/2394 2406/2406/2406
f 2395/2395/2395 2405/2405/2405 2404/2404/2404 2396/2396/2396
f 2396/2396/2396 2404/2404/2404 2403/2403/2403 2397/2397/2397
f 2398/2398/2398 2402/2402/2402 2401/2401/2401 2399/2399/2399
f 2399/2399/2399 2401/2401/2401 2400/2400/2400 2389/2389/2389
f 2397/2397/2397 2403/2403/2403 2402/2402/2402 2398/2398/2398
f 2413/2413/2413 2411/2411/2411 2412/2412/2412 2414/2414/2414
f 2417/2417/2417 2415/2415/2415 2416/2416/2416 2418/2418/2418
f 2415/2415/2415 2413/2413/2413 2414/2414/2414 2416/2416/2416
f 2421/2421/2421 2419/2419/2419 2420/2420/2420 2422/2422/2422
f 2425/2425/2425 2423/2423/2423 2424/2424/2424 2426/2426/2426
f 2423/2423/2423 2421/2421/2421 2422/2422/2422 2424/2424/2424
f 2419/2419/2419 2417/2417/2417 2418/2418/2418 2420/2420/2420
f 2427/2427/2427 2425/2425/2425 2426/2426/2426 2428/2428/2428
f 2431/2431/2431 2429/2429/2429 2430/2430/2430 2432/2432/2432
f 2435/2435/2435 2433/2433/2433 2434/2434/2434 2436/2436/2436
f 2433/2433/2433 2431/2431/2431 2432/2432/2432 2434/2434/2434
f 2439/2439/2439 2437/2437/2437 2438/2438/2438 2440/2440/2440
f 2443/2443/2443 2441/2441/2441 2442/2442/2442 2444/2444/2444
f 2441/2441/2441 2439/2439/2439 2440/2440/2440 2442/2442/2442
f 2437/2437/2437 2435/2435/2435 2436/2436/2436 2438/2438/2438
f 2429/2429/2429 2427/2427/2427 2428/2428/2428 2430/2430/2430
f 2451/2451/2451 2452/2452/2452 2447/2447/2447 2445/2445/2445
f 2449/2449/2449 2454/2454/2454 2453/2453/2453 2450/2450/2450
f 2446/2446/2446 2448/2448/2448 2454/2454/2454 2449/2449/2449
f 2450/2450/2450 2453/2453/2453 2452/2452/2452 2451/2451/2451
f 2461/2461/2461 2462/2462/2462 2457/2457/2457 2455/2455/2455
f 2459/2459/2459 2464/2464/2464 2463/2463/2463 2460/2460/2460
f 2456/2456/2456 2458/2458/2458 2464/2464/2464 2459/2459/2459
f 2460/2460/2460 2463/2463/2463 2462/2462/2462 2461/2461/2461
usemtl Default
v -219 158 80
v -219 208 80
v -220.20773315429688 158 68.123390197753906
v -220.20773315429688 208 68.123390197753906
v -223.781494140625 158 56.733005523681641
v -223.781494140625 208 56.733005523681641
v -229.574951171875 158 46.295173645019531
v -229.574951171875 208 46.295173645019531
v -237.3509521484375 158 37.237224578857422
v -237.3509521484375 208 37.237224578857422
v -246.79112243652344 158 29.929988861083984
v -246.79112243652344 208 29.929988861083984
v -257.50900268554688 158 24.672624588012695
v -257.50900268554688 208 24.672624588012695
v -269.06576538085938 158 21.680368423461914
v -269.06576538085938 208 21.680368423461914
v -280.98831176757812 158 21.075725555419922
v -280.98831176757812 208 21.075725555419922
v -292.78851318359375 158 22.883449554443359
v -292.78851318359375 208 22.883449554443359
v -303.98324584960938 158 27.029531478881836
v -303.98324584960938 208 27.029531478881836
v -314.1142578125 158 33.344230651855469
v -314.1142578125 208 33.344230651855469
v -322.7667236328125 158 41.569023132324219
v -322.7667236328125 208 41.569023132324219
v -329.58645629882812 158 51.367183685302734
v -329.58645629882812 208 51.367183685302734
v -334.29421997070312 158 62.337574005126953
v -334.29421997070312 208 62.337574005126953
v -336.69729614257812 158 74.03106689453125
v -336.69729614257812 208 74.03106689453125
v -336.69729614257812 158 85.96893310546875
v -336.69729614257812 208 85.96893310546875
v -334.29421997070312 158 97.662422180175781
v -334.29421997070312 208 97.662422180175781
v -329.58645629882812 158 108.6328125
v -329.58645629882812 208 108.6328125
v -322.7667236328125 158 118.43097686767578
v -322.7667236328125 208 118.43097686767578
v -314.1142578125 158 126.65576934814453
v -314.1142578125 208 126.65576934814453
v -303.98324584960938 158 132.97047424316406
v -303.98324584960938 208 132.97047424316406
v -292.78851318359375 158 137.11654663085938
v -292.78851318359375 208 137.11654663085938
v -280.98831176757812 158 138.92427062988281
v -280.98831176757812 208 138.92427062988281
v -269.06576538085938 158 138.31962585449219
v -269.06576538085938 208 138.31962585449219
v -257.50900268554688 158 135.32737731933594
v -257.50900268554688 208 135.32737731933594
v -246.79112243652344 158 130.07000732421875
v -246.79112243652344 208 130.07000732421875
v -237.3509521484375 158 122.76277160644531
v -237.3509521484375 208 122.76277160644531
v -229.574951171875 158 113.70482635498047
v -229.574951171875 208 113.70482635498047
v -223.781494140625 158 103.26699829101562
v -223.781494140625 208 103.26699829101562
v -220.20773315429688 158 91.876609802246094
v -220.20773315429688 208 91.876609802246094
v -219 158 80
v -219 208 80
v -223.02272033691406 158 80
v -223.02272033691406 208 80
v -224.14811706542969 158 91.066841125488281
v -224.14811706542969 208 91.066841125488281
v -227.47821044921875 158 101.68061065673828
v -227.47821044921875 208 101.68061065673828
v -232.87666320800781 158 111.40676879882812
v -232.87666320800781 208 111.40676879882812
v -240.12248229980469 158 119.84712982177734
v -240.12248229980469 208 119.84712982177734
v -248.91900634765625 158 126.65614318847656
v -248.91900634765625 208 126.65614318847656
v -258.90609741210938 158 131.5550537109375
v -258.90609741210938 208 131.5550537109375
v -269.6749267578125 158 134.34329223632812
v -269.6749267578125 208 134.34329223632812
v -280.7845458984375 158 134.90670776367188
v -280.7845458984375 208 134.90670776367188
v -291.78018188476562 158 133.22224426269531
v -291.78018188476562 208 133.22224426269531
v -302.211669921875 158 129.35884094238281
v -302.211669921875 208 129.35884094238281
v -311.65191650390625 158 123.47469329833984
v -311.65191650390625 208 123.47469329833984
v -319.71444702148438 158 115.81068420410156
v -319.71444702148438 208 115.81068420410156
v -326.06918334960938 158 106.68058013916016
v -326.06918334960938 208 106.68058013916016
v -330.45596313476562 158 96.458168029785156
v -330.45596313476562 208 96.458168029785156
v -332.6951904296875 158 85.561958312988281
v -332.6951904296875 208 85.561958312988281
v -332.6951904296875 158 74.438041687011719
v -332.6951904296875 208 74.438041687011719
v -330.45596313476562 158 63.541831970214844
v -330.45596313476562 208 63.541831970214844
v -326.06918334960938 158 53.319419860839844
v -326.06918334960938 208 53.319419860839844
v -319.71444702148438 158 44.189315795898438
v -319.71444702148438 208 44.189315795898438
v -311.65191650390625 158 36.525306701660156
v -311.65191650390625 208 36.525306701660156
v -302.211669921875 158 30.641155242919922
v -302.211669921875 208 30.641155242919922
v -291.78018188476562 158 26.777759552001953
v -291.78018188476562 208 26.777759552001953
v -280.7845458984375 158 25.093290328979492
v -280.7845458984375 208 25.093290328979492
v -269.6749267578125 158 25.656707763671875
v -269.6749267578125 208 25.656707763671875
v -258.90609741210938 158 28.444944381713867
v -258.90609741210938 208 28.444944381713867
v -248.91900634765625 158 33.343852996826172
v -248.91900634765625 208 33.343852996826172
v -240.12248229980469 158 40.152870178222656
v -240.12248229980469 208 40.152870178222656
v -232.87666320800781 158 48.593231201171875
v -232.87666320800781 208 48.593231201171875
v -227.47821044921875 158 58.319389343261719
v -227.47821044921875 208 58.319389343261719
v -224.14811706542969 158 68.933158874511719
v -224.14811706542969 208 68.933158874511719
v -223.02272033691406 158 80
v -223.02272033691406 208 80
v -219 158 80
v -220.20773315429688 158 68.123390197753906
v -223.781494140625 158 56.733005523681641
v -229.574951171875 158 46.295173645019531
v -237.3509521484375 158 37.237224578857422
v -246.79112243652344 158 29.929988861083984
v -257.50900268554688 158 24.672624588012695
v -269.06576538085938 158 21.680368423461914
v -280.98831176757812 158 21.075725555419922
v -292.78851318359375 158 22.883449554443359
v -303.98324584960938 158 27.029531478881836
v -314.1142578125 158 33.344230651855469
v -322.7667236328125 158 41.569023132324219
v -329.58645629882812 158 51.367183685302734
v -334.29421997070312 158 62.337574005126953
v -336.69729614257812 158 74.03106689453125
v -336.69729614257812 158 85.96893310546875
v -334.29421997070312 158 97.662422180175781
v -329.58645629882812 158 108.6328125
v -322.7667236328125 158 118.43097686767578
v -314.1142578125 158 126.65576934814453
v -303.98324584960938 158 132.97047424316406
v -292.78851318359375 158 137.11654663085938
v -280.98831176757812 158 138.92427062988281
v -269.06576538085938 158 138.31962585449219
v -257.50900268554688 158 135.32737731933594
v -246.79112243652344 158 130.07000732421875
v -237.3509521484375 158 122.76277160644531
v -229.574951171875 158 113.70482635498047
v -223.781494140625 158 103.26699829101562
v -220.20773315429688 158 91.876609802246094
v -223.02272033691406 158 80
v -224.14811706542969 158 91.066841125488281
v -227.47821044921875 158 101.68061065673828
v -232.87666320800781 158 111.40676879882812
v -240.12248229980469 158 119.84712982177734
v -248.91900634765625 158 126.65614318847656
v -258.90609741210938 158 131.5550537109375
v -269.6749267578125 158 134.34329223632812
v -280.7845458984375 158 134.90670776367188
v -291.78018188476562 158 133.22224426269531
v -302.211669921875 158 129.35884094238281
v -311.65191650390625 158 123.47469329833984
v -319.71444702148438 158 115.81068420410156
v -326.06918334960938 158 106.68058013916016
v -330.45596313476562 158 96.458168029785156
v -332.6951904296875 158 85.561958312988281
v -332.6951904296875 158 74.438041687011719
v -330.45596313476562 158 63.541831970214844
v -326.06918334960938 158 53.319419860839844
v -319.71444702148438 158 44.189315795898438
v -311.65191650390625 158 36.525306701660156
v -302.211669921875 158 30.641155242919922
v -291.78018188476562 158 26.777759552001953
v -280.7845458984375 158 25.093290328979492
v -269.6749267578125 158 25.656707763671875
v -258.90609741210938 158 28.444944381713867
v -248.91900634765625 158 33.343852996826172
v -240.12248229980469 158 40.152870178222656
v -232.87666320800781 158 48.593231201171875
v -227.47821044921875 158 58.319389343261719
v -224.14811706542969 158 68.933158874511719
v -219 208 80
v -220.20773315429688 208 68.123390197753906
v -223.781494140625 208 56.733005523681641
v -229.574951171875 208 46.295173645019531
v -237.3509521484375 208 37.237224578857422
v -246.79112243652344 208 29.929988861083984
v -257.50900268554688 208 24.672624588012695
v -269.06576538085938 208 21.680368423461914
v -280.98831176757812 208 21.075725555419922
v -292.78851318359375 208 22.883449554443359
v -303.98324584960938 208 27.029531478881836
v -314.1142578125 208 33.344230651855469
v -322.7667236328125 208 41.569023132324219
v -329.58645629882812 208 51.367183685302734
v -334.29421997070312 208 62.337574005126953
v -336.69729614257812 208 74.03106689453125
v -336.69729614257812 208 85.96893310546875
v -334.29421997070312 208 97.662422180175781
v -329.58645629882812 208 108.6328125
v -322.7667236328125 208 118.43097686767578
v -314.1142578125 208 126.65576934814453
v -303.98324584960938 208 132.97047424316406
v -292.78851318359375 208 137.11654663085938
v -280.98831176757812 208 138.92427062988281
v -269.06576538085938 208 138.31962585449219
v -257.50900268554688 208 135.32737731933594
v -246.79112243652344 208 130.07000732421875
v -237.3509521484375 208 122.76277160644531
v -229.574951171875 208 113.70482635498047
v -223.781494140625 208 103.26699829101562
v -220.20773315429688 208 91.876609802246094
v -223.02272033691406 208 80
v -224.14811706542969 208 91.066841125488281
v -227.47821044921875 208 101.68061065673828
v -232.87666320800781 208 111.40676879882812
v -240.12248229980469 208 119.84712982177734
v -248.91900634765625 208 126.65614318847656
v -258.90609741210938 208 131.5550537109375
v -269.6749267578125 208 134.34329223632812
v -280.7845458984375 208 134.90670776367188
v -291.78018188476562 208 133.22224426269531
v -302.211669921875 208 129.35884094238281
v -311.65191650390625 208 123.47469329833984
v -319.71444702148438 208 115.81068420410156
v -326.06918334960938 208 106.68058013916016
v -330.45596313476562 208 96.458168029785156
v -332.6951904296875 208 85.561958312988281
v -332.6951904296875 208 74.438041687011719
v -330.45596313476562 208 63.541831970214844
v -326.06918334960938 208 53.319419860839844
v -319.71444702148438 208 44.189315795898438
v -311.65191650390625 208 36.525306701660156
v -302.211669921875 208 30.641155242919922
v -291.78018188476562 208 26.777759552001953
v -280.7845458984375 208 25.093290328979492
v -269.6749267578125 208 25.656707763671875
v -258.90609741210938 208 28.444944381713867
v -248.91900634765625 208 33.343852996826172
v -240.12248229980469 208 40.152870178222656
v -232.87666320800781 208 48.593231201171875
v -227.47821044921875 208 58.319389343261719
v -224.14811706542969 208 68.933158874511719
vt 0 0
vt 0 0.58759766817092896
vt 0.016698291525244713 0
vt 0.016698291525244713 0.58759766817092896
vt 0.033396583050489426 0
vt 0.033396583050489426 0.58759766817092896
vt 0.050094876438379288 0
vt 0.050094876438379288 0.58759766817092896
vt 0.066793166100978851 0
vt 0.066793166100978851 0.58759766817092896
vt 0.083491459488868713 0
vt 0.083491459488868713 0.58759766817092896
vt 0.10018975287675858 0
vt 0.10018975287675858 0.58759766817092896
vt 0.11688804626464844 0
vt 0.11688804626464844 0.58759766817092896
vt 0.1335863322019577 0
vt 0.1335863322019577 0.58759766817092896
vt 0.15028463304042816 0
vt 0.15028463304042816 0.58759766817092896
vt 0.16698291897773743 0
vt 0.16698291897773743 0.58759766817092896
vt 0.18368121981620789 0
vt 0.18368121981620789 0.58759766817092896
vt 0.20037950575351715 0
vt 0.20037950575351715 0.58759766817092896
vt 0.21707779169082642 0
vt 0.21707779169082642 0.58759766817092896
vt 0.23377609252929688 0
vt 0.23377609252929688 0.58759766817092896
vt 0.25047439336776733 0
vt 0.25047439336776733 0.58759766817092896
vt 0.26717266440391541 0
vt 0.26717266440391541 0.58759766817092896
vt 0.28387096524238586 0
vt 0.28387096524238586 0.58759766817092896
vt 0.30056926608085632 0
vt 0.30056926608085632 0.58759766817092896
vt 0.31726756691932678 0
vt 0.31726756691932678 0.58759766817092896
vt 0.33396583795547485 0
vt 0.33396583795547485 0.58759766817092896
vt 0.35066413879394531 0
vt 0.35066413879394531 0.58759766817092896
vt 0.36736243963241577 0
vt 0.36736243963241577 0.58759766817092896
vt 0.38406071066856384 0
vt 0.38406071066856384 0.58759766817092896
vt 0.4007590115070343 0
vt 0.4007590115070343 0.58759766817092896
vt 0.41745731234550476 0
vt 0.41745731234550476 0.58759766817092896
vt 0.43415558338165283 0
vt 0.43415558338165283 0.58759766817092896
vt 0.45085388422012329 0
vt 0.45085388422012329 0.58759766817092896
vt 0.46755218505859375 0
vt 0.46755218505859375 0.58759766817092896
vt 0.48425048589706421 0
vt 0.48425048589706421 0.58759766817092896
vt 0.50094878673553467 0
vt 0.50094878673553467 0.58759766817092896
vt 0.51764708757400513 0
vt 0.51764708757400513 0.58759766817092896
vt 0.51764708757400513 0
vt 0.51764708757400513 0.58759766817092896
vt 0.53320682048797607 0
vt 0.53320682048797607 0.58759766817092896
vt 0.5487666130065918 0
vt 0.5487666130065918 0.58759766817092896
vt 0.56432634592056274 0
vt 0.56432634592056274 0.58759766817092896
vt 0.57988613843917847 0
vt 0.57988613843917847 0.58759766817092896
vt 0.59544593095779419 0
vt 0.59544593095779419 0.58759766817092896
vt 0.61100566387176514 0
vt 0.61100566387176514 0.58759766817092896
vt 0.62656545639038086 0
vt 0.62656545639038086 0.58759766817092896
vt 0.64212524890899658 0
vt 0.64212524890899658 0.58759766817092896
vt 0.65768498182296753 0
vt 0.65768498182296753 0.58759766817092896
vt 0.67324477434158325 0
vt 0.67324477434158325 0.58759766817092896
vt 0.68880456686019897 0
vt 0.68880456686019897 0.58759766817092896
vt 0.70436429977416992 0
vt 0.70436429977416992 0.58759766817092896
vt 0.71992409229278564 0
vt 0.71992409229278564 0.58759766817092896
vt 0.73548388481140137 0
vt 0.73548388481140137 0.58759766817092896
vt 0.75104361772537231 0
vt 0.75104361772537231 0.58759766817092896
vt 0.76660341024398804 0
vt 0.76660341024398804 0.58759766817092896
vt 0.78216320276260376 0
vt 0.78216320276260376 0.58759766817092896
vt 0.79772293567657471 0
vt 0.79772293567657471 0.58759766817092896
vt 0.81328272819519043 0
vt 0.81328272819519043 0.58759766817092896
vt 0.82884252071380615 0
vt 0.82884252071380615 0.58759766817092896
vt 0.8444022536277771 0
vt 0.8444022536277771 0.58759766817092896
vt 0.85996204614639282 0
vt 0.85996204614639282 0.58759766817092896
vt 0.87552183866500854 0
vt 0.87552183866500854 0.58759766817092896
vt 0.89108157157897949 0
vt 0.89108157157897949 0.58759766817092896
vt 0.90664136409759521 0
vt 0.90664136409759521 0.58759766817092896
vt 0.92220115661621094 0
vt 0.92220115661621094 0.58759766817092896
vt 0.93776088953018188 0
vt 0.93776088953018188 0.58759766817092896
vt 0.95332068204879761 0
vt 0.95332068204879761 0.58759766817092896
vt 0.96888047456741333 0
vt 0.96888047456741333 0.58759766817092896
vt 0.98444020748138428 0
vt 0.98444020748138428 0.58759766817092896
vt 1 0
vt 1 0.58759766817092896
vt 0.082421354949474335 0.58759826421737671
vt 0.0658087357878685 0.59183007478713989
vt 0.049876239150762558 0.60435223579406738
vt 0.035276144742965698 0.62465202808380127
vt 0.022606179118156433 0.65189850330352783
vt 0.012385054491460323 0.68497610092163086
vt 0.0050312238745391369 0.72253060340881348
vt 0.00084575463552027941 0.76302462816238403
vt 0 0.80480021238327026
vt 0.0025285852607339621 0.84614717960357666
vt 0.0083279898390173912 0.88537269830703735
vt 0.017160786315798759 0.92087090015411377
vt 0.028665356338024139 0.95118844509124756
vt 0.04237070307135582 0.97508418560028076
vt 0.057715728878974915 0.99157983064651489
vt 0.074072204530239105 1
vt 0.090770497918128967 1
vt 0.10712697356939316 0.99157983064651489
vt 0.12247200310230255 0.97508418560028076
vt 0.13617734611034393 0.95118844509124756
vt 0.14768192172050476 0.92087090015411377
vt 0.1565147191286087 0.88537269830703735
vt 0.16231411695480347 0.84614717960357666
vt 0.16484270989894867 0.80480021238327026
vt 0.16399694979190826 0.76302462816238403
vt 0.15981148183345795 0.72253060340881348
vt 0.15245765447616577 0.68497610092163086
vt 0.14223653078079224 0.65189850330352783
vt 0.12956656515598297 0.62465202808380127
vt 0.11496646702289581 0.60435223579406738
vt 0.09903397411108017 0.59183007478713989
vt 0.082421354949474335 0.60169357061386108
vt 0.097901292145252228 0.6056368350982666
vt 0.11274748295545578 0.6173052191734314
vt 0.12635211646556854 0.63622099161148071
vt 0.13815821707248688 0.6616097092628479
vt 0.14768245816230774 0.6924319863319397
vt 0.15453487634658813 0.72742599248886108
vt 0.15843498706817627 0.76515907049179077
vt 0.15922306478023529 0.80408632755279541
vt 0.1568668931722641 0.84261411428451538
vt 0.15146289765834808 0.8791651725769043
vt 0.14323233067989349 0.9122430682182312
vt 0.132512167096138 0.94049352407455444
vt 0.11974127590656281 0.96276003122329712
vt 0.10544250160455704 0.97813093662261963
vt 0.090201236307621002 0.98597699403762817
vt 0.07464146614074707 0.98597699403762817
vt 0.059400204569101334 0.97813093662261963
vt 0.045101430267095566 0.96276003122329712
vt 0.03233053907752037 0.94049352407455444
vt 0.02161036990582943 0.9122430682182312
vt 0.013379810377955437 0.8791651725769043
vt 0.0079758195206522942 0.84261411428451538
vt 0.005619637668132782 0.80408632755279541
vt 0.006407727487385273 0.76515907049179077
vt 0.010307823307812214 0.72742599248886108
vt 0.017160255461931229 0.6924319863319397
vt 0.026684485375881195 0.6616097092628479
vt 0.038490589708089828 0.63622099161148071
vt 0.052095223218202591 0.6173052191734314
vt 0.066941410303115845 0.6056368350982666
vt 0.082421354949474335 1
vt 0.0658087357878685 0.99576818943023682
vt 0.049876239150762558 0.98324602842330933
vt 0.035276144742965698 0.96294623613357544
vt 0.022606179118156433 0.93569976091384888
vt 0.012385054491460323 0.90262216329574585
vt 0.0050312238745391369 0.86506760120391846
vt 0.00084575463552027941 0.82457363605499268
vt 0 0.78279805183410645
vt 0.0025285852607339621 0.74145108461380005
vt 0.0083279898390173912 0.70222556591033936
vt 0.017160786315798759 0.66672736406326294
vt 0.028665356338024139 0.63640981912612915
vt 0.04237070307135582 0.61251407861709595
vt 0.057715728878974915 0.59601843357086182
vt 0.074072204530239105 0.58759826421737671
vt 0.090770497918128967 0.58759826421737671
vt 0.10712697356939316 0.59601843357086182
vt 0.12247200310230255 0.61251407861709595
vt 0.13617734611034393 0.63640981912612915
vt 0.14768192172050476 0.66672736406326294
vt 0.1565147191286087 0.70222556591033936
vt 0.16231411695480347 0.74145108461380005
vt 0.16484270989894867 0.78279805183410645
vt 0.16399694979190826 0.82457363605499268
vt 0.15981148183345795 0.86506760120391846
vt 0.15245765447616577 0.90262216329574585
vt 0.14223653078079224 0.93569976091384888
vt 0.12956656515598297 0.96294623613357544
vt 0.11496646702289581 0.98324602842330933
vt 0.09903397411108017 0.99576818943023682
vt 0.082421354949474335 0.98590469360351562
vt 0.097901292145252228 0.98196142911911011
vt 0.11274748295545578 0.97029304504394531
vt 0.12635211646556854 0.951377272605896
vt 0.13815821707248688 0.92598855495452881
vt 0.14768245816230774 0.89516627788543701
vt 0.15453487634658813 0.86017227172851562
vt 0.15843498706817627 0.82243919372558594
vt 0.15922306478023529 0.7835119366645813
vt 0.1568668931722641 0.74498414993286133
vt 0.15146289765834808 0.70843309164047241
vt 0.14323233067989349 0.67535519599914551
vt 0.132512167096138 0.64710474014282227
vt 0.11974127590656281 0.62483823299407959
vt 0.10544250160455704 0.60946732759475708
vt 0.090201236307621002 0.60162127017974854
vt 0.07464146614074707 0.60162127017974854
vt 0.059400204569101334 0.60946732759475708
vt 0.045101430267095566 0.62483823299407959
vt 0.03233053907752037 0.64710474014282227
vt 0.02161036990582943 0.67535519599914551
vt 0.013379810377955437 0.70843309164047241
vt 0.0079758195206522942 0.74498414993286133
vt 0.005619637668132782 0.7835119366645813
vt 0.006407727487385273 0.82243919372558594
vt 0.010307823307812214 0.86017227172851562
vt 0.017160255461931229 0.89516627788543701
vt 0.026684485375881195 0.92598855495452881
vt 0.038490589708089828 0.951377272605896
vt 0.052095223218202591 0.97029304504394531
vt 0.066941410303115845 0.98196142911911011
vn 1 0 0
vn 1 0 0
vn 0.97952991724014282 0 -0.20129851996898651
vn 0.97952991724014282 0 -0.20129851996898651
vn 0.91895782947540283 0 -0.39435586333274841
vn 0.91895782947540283 0 -0.39435586333274841
vn 0.82076346874237061 0 -0.57126820087432861
vn 0.82076346874237061 0 -0.57126820087432861
vn 0.68896692991256714 0 -0.72479277849197388
vn 0.68896692991256714 0 -0.72479277849197388
vn 0.52896398305892944 0 -0.84864425659179688
vn 0.52896398305892944 0 -0.84864425659179688
vn 0.34730523824691772 0 -0.9377521276473999
vn 0.34730523824691772 0 -0.9377521276473999
vn 0.15142777562141418 0 -0.98846834897994995
vn 0.15142777562141418 0 -0.98846834897994995
vn -0.050649169832468033 0 -0.99871653318405151
vn -0.050649169832468033 0 -0.99871653318405151
vn -0.25065252184867859 0 -0.96807712316513062
vn -0.25065252184867859 0 -0.96807712316513062
vn -0.44039416313171387 0 -0.89780455827713013
vn -0.44039416313171387 0 -0.89780455827713013
vn -0.61210596561431885 0 -0.79077571630477905
vn -0.61210596561431885 0 -0.79077571630477905
vn -0.75875812768936157 0 -0.65137249231338501
vn -0.75875812768936157 0 -0.65137249231338501
vn -0.87434661388397217 0 -0.48530197143554688
vn -0.87434661388397217 0 -0.48530197143554688
vn -0.95413923263549805 0 -0.29936313629150391
vn -0.95413923263549805 0 -0.29936313629150391
vn -0.99486935138702393 0 -0.10116831958293915
vn -0.99486935138702393 0 -0.10116831958293915
vn -0.99486935138702393 0 0.10116831958293915
vn -0.99486935138702393 0 0.10116831958293915
vn -0.95413923263549805 0 0.29936313629150391
vn -0.95413923263549805 0 0.29936313629150391
vn -0.87434661388397217 0 0.48530197143554688
vn -0.87434661388397217 0 0.48530197143554688
vn -0.75875812768936157 0 0.65137249231338501
vn -0.75875812768936157 0 0.65137249231338501
vn -0.61210596561431885 0 0.79077571630477905
vn -0.61210596561431885 0 0.79077571630477905
vn -0.44039416313171387 0 0.89780455827713013
vn -0.44039416313171387 0 0.89780455827713013
vn -0.25065252184867859 0 0.96807712316513062
vn -0.25065252184867859 0 0.96807712316513062
vn -0.050649169832468033 0 0.99871653318405151
vn -0.050649169832468033 0 0.99871653318405151
vn 0.15142777562141418 0 0.98846834897994995
vn 0.15142777562141418 0 0.98846834897994995
vn 0.34730523824691772 0 0.9377521276473999
vn 0.34730523824691772 0 0.9377521276473999
vn 0.52896398305892944 0 0.84864425659179688
vn 0.52896398305892944 0 0.84864425659179688
vn 0.68896692991256714 0 0.72479277849197388
vn 0.68896692991256714 0 0.72479277849197388
vn 0.82076346874237061 0 0.57126820087432861
vn 0.82076346874237061 0 0.57126820087432861
vn 0.91895782947540283 0 0.39435586333274841
vn 0.91895782947540283 0 0.39435586333274841
vn 0.97952991724014282 0 0.20129851996898651
vn 0.97952991724014282 0 0.20129851996898651
vn 1 0 0
vn 1 0 0
vn -1 0 0
vn -1 0 0
vn -0.97952991724014282 0 -0.20129851996898651
vn -0.97952991724014282 0 -0.20129851996898651
vn -0.91895782947540283 0 -0.39435586333274841
vn -0.91895782947540283 0 -0.39435586333274841
vn -0.82076346874237061 0 -0.57126820087432861
vn -0.82076346874237061 0 -0.57126820087432861
vn -0.68896692991256714 0 -0.72479277849197388
vn -0.68896692991256714 0 -0.72479277849197388
vn -0.52896398305892944 0 -0.84864425659179688
vn -0.52896398305892944 0 -0.84864425659179688
vn -0.34730523824691772 0 -0.9377521276473999
vn -0.34730523824691772 0 -0.9377521276473999
vn -0.15142777562141418 0 -0.98846834897994995
vn -0.15142777562141418 0 -0.98846834897994995
vn 0.050649169832468033 0 -0.99871653318405151
vn 0.050649169832468033 0 -0.99871653318405151
vn 0.25065252184867859 0 -0.96807712316513062
vn 0.25065252184867859 0 -0.96807712316513062
vn 0.44039416313171387 0 -0.89780455827713013
vn 0.44039416313171387 0 -0.89780455827713013
vn 0.61210596561431885 0 -0.79077571630477905
vn 0.61210596561431885 0 -0.79077571630477905
vn 0.75875812768936157 0 -0.65137249231338501
vn 0.75875812768936157 0 -0.65137249231338501
vn 0.87434661388397217 0 -0.48530197143554688
vn 0.87434661388397217 0 -0.48530197143554688
vn 0.95413923263549805 0 -0.29936313629150391
vn 0.95413923263549805 0 -0.29936313629150391
vn 0.99486935138702393 0 -0.10116831958293915
vn 0.99486935138702393 0 -0.10116831958293915
vn 0.99486935138702393 0 0.10116831958293915
vn 0.99486935138702393 0 0.10116831958293915
vn 0.95413923263549805 0 0.29936313629150391
vn 0.95413923263549805 0 0.29936313629150391
vn 0.87434661388397217 0 0.48530197143554688
vn 0.87434661388397217 0 0.48530197143554688
vn 0.75875812768936157 0 0.65137249231338501
vn 0.75875812768936157 0 0.65137249231338501
vn 0.61210596561431885 0 0.79077571630477905
vn 0.61210596561431885 0 0.79077571630477905
vn 0.44039416313171387 0 0.89780455827713013
vn 0.44039416313171387 0 0.89780455827713013
vn 0.25065252184867859 0 0.96807712316513062
vn 0.25065252184867859 0 0.96807712316513062
vn 0.050649169832468033 0 0.99871653318405151
vn 0.050649169832468033 0 0.99871653318405151
vn -0.15142777562141418 0 0.98846834897994995
vn -0.15142777562141418 0 0.98846834897994995
vn -0.34730523824691772 0 0.9377521276473999
vn -0.34730523824691772 0 0.9377521276473999
vn -0.52896398305892944 0 0.84864425659179688
vn -0.52896398305892944 0 0.84864425659179688
vn -0.68896692991256714 0 0.72479277849197388
vn -0.68896692991256714 0 0.72479277849197388
vn -0.82076346874237061 0 0.57126820087432861
vn -0.82076346874237061 0 0.57126820087432861
vn -0.91895782947540283 0 0.39435586333274841
vn -0.91895782947540283 0 0.39435586333274841
vn -0.97952991724014282 0 0.20129851996898651
vn -0.97952991724014282 0 0.20129851996898651
vn -1 0 0
vn -1 0 0
vn 0 -1 0
vn 0 -1 0
vn 0 -1 0
vn 0 -1 0
vn 0 -1 0
vn 0 -1 0
vn 0 -1 0
vn 0 -1 0
vn 0 -1 0
vn 0 -1 0
vn 0 -1 0
vn 0 -1 0
vn 0 -1 0
vn 0 -1 0
vn 0 -1 0
vn 0 -1 0
vn 0 -1 0
vn 0 -1 0
vn 0 -1 0
vn 0 -1 0
vn 0 -1 0
vn 0 -1 0
vn 0 -1 0
vn 0 -1 0
vn 0 -1 0
vn 0 -1 0
vn 0 -1 0
vn 0 -1 0
vn 0 -1 0
vn 0 -1 0
vn 0 -1 0
vn 0 -1 0
vn 0 -1 0
vn 0 -1 0
vn 0 -1 0
vn 0 -1 0
vn 0 -1 0
vn 0 -1 0
vn 0 -1 0
vn 0 -1 0
vn 0 -1 0
vn 0 -1 0
vn 0 -1 0
vn 0 -1 0
vn 0 -1 0
vn 0 -1 0
vn 0 -1 0
vn 0 -1 0
vn 0 -1 0
vn 0 -1 0
vn 0 -1 0
vn 0 -1 0
vn 0 -1 0
vn 0 -1 0
vn 0 -1 0
vn 0 -1 0
vn 0 -1 0
vn 0 -1 0
vn 0 -1 0
vn 0 -1 0
vn 0 -1 0
vn 0 -1 0
vn 0 1 0
vn 0 1 0
vn 0 1 0
vn 0 1 0
vn 0 1 0
vn 0 1 0
vn 0 1 0
vn 0 1 0
vn 0 1 0
vn 0 1 0
vn 0 1 0
vn 0 1 0
vn 0 1 0
vn 0 1 0
vn 0 1 0
vn 0 1 0
vn 0 1 0
vn 0 1 0
vn 0 1 0
vn 0 1 0
vn 0 1 0
vn 0 1 0
vn 0 1 0
vn 0 1 0
vn 0 1 0
vn 0 1 0
vn 0 1 0
vn 0 1 0
vn 0 1 0
vn 0 1 0
vn 0 1 0
vn 0 1 0
vn 0 1 0
vn 0 1 0
vn 0 1 0
vn 0 1 0
vn 0 1 0
vn 0 1 0
vn 0 1 0
vn 0 1 0
vn 0 1 0
vn 0 1 0
vn 0 1 0
vn 0 1 0
vn 0 1 0
vn 0 1 0
vn 0 1 0
vn 0 1 0
vn 0 1 0
vn 0 1 0
vn 0 1 0
vn 0 1 0
vn 0 1 0
vn 0 1 0
vn 0 1 0
vn 0 1 0
vn 0 1 0
vn 0 1 0
vn 0 1 0
vn 0 1 0
vn 0 1 0
vn 0 1 0
f 2465/2465/2465 2467/2467/2467 2468/2468/2468 2466/2466/2466
f 2467/2467/2467 2469/2469/2469 2470/2470/2470 2468/2468/2468
f 2469/2469/2469 2471/2471/2471 2472/2472/2472 2470/2470/2470
f 2471/2471/2471 2473/2473/2473 2474/2474/2474 2472/2472/2472
f 2473/2473/2473 2475/2475/2475 2476/2476/2476 2474/2474/2474
f 2475/2475/2475 2477/2477/2477 2478/2478/2478 2476/2476/2476
f 2477/2477/2477 2479/2479/2479 2480/2480/2480 2478/2478/2478
f 2479/2479/2479 2481/2481/2481 2482/2482/2482 2480/2480/2480
f 2481/2481/2481 2483/2483/2483 2484/2484/2484 2482/2482/2482
f 2483/2483/2483 2485/2485/2485 2486/2486/2486 2484/2484/2484
f 2485/2485/2485 2487/2487/2487 2488/2488/2488 2486/2486/2486
f 2487/2487/2487 2489/2489/2489 2490/2490/2490 2488/2488/2488
f 2489/2489/2489 2491/2491/2491 2492/2492/2492 2490/2490/2490
f 2491/2491/2491 2493/2493/2493 2494/2494/2494 2492/2492/2492
f 2493/2493/2493 2495/2495/2495 2496/2496/2496 2494/2494/2494
f 2495/2495/2495 2497/2497/2497 2498/2498/2498 2496/2496/2496
f 2497/2497/2497 2499/2499/2499 2500/2500/2500 2498/2498/2498
f 2499/2499/2499 2501/2501/2501 2502/2502/2502 2500/2500/2500
f 2501/2501/2501 2503/2503/2503 2504/2504/2504 2502/2502/2502
f 2503/2503/2503 2505/2505/2505 2506/2506/2506 2504/2504/2504
f 2505/2505/2505 2507/2507/2507 2508/2508/2508 2506/2506/2506
f 2507/2507/2507 2509/2509/2509 2510/2510/2510 2508/2508/2508
f 2509/2509/2509 2511/2511/2511 2512/2512/2512 2510/2510/2510
f 2511/2511/2511 2513/2513/2513 2514/2514/2514 2512/2512/2512
f 2513/2513/2513 2515/2515/2515 2516/2516/2516 2514/2514/2514
f 2515/2515/2515 2517/2517/2517 2518/2518/2518 2516/2516/2516
f 2517/2517/2517 2519/2519/2519 2520/2520/2520 2518/2518/2518
f 2519/2519/2519 2521/2521/2521 2522/2522/2522 2520/2520/2520
f 2521/2521/2521 2523/2523/2523 2524/2524/2524 2522/2522/2522
f 2523/2523/2523 2525/2525/2525 2526/2526/2526 2524/2524/2524
f 2525/2525/2525 2527/2527/2527 2528/2528/2528 2526/2526/2526
f 2529/2529/2529 2531/2531/2531 2532/2532/2532 2530/2530/2530
f 2531/2531/2531 2533/2533/2533 2534/2534/2534 2532/2532/2532
f 2533/2533/2533 2535/2535/2535 2536/2536/2536 2534/2534/2534
f 2535/2535/2535 2537/2537/2537 2538/2538/2538 2536/2536/2536
f 2537/2537/2537 2539/2539/2539 2540/2540/2540 2538/2538/2538
f 2539/2539/2539 2541/2541/2541 2542/2542/2542 2540/2540/2540
f 2541/2541/2541 2543/2543/2543 2544/2544/2544 2542/2542/2542
f 2543/2543/2543 2545/2545/2545 2546/2546/2546 2544/2544/2544
f 2545/2545/2545 2547/2547/2547 2548/2548/2548 2546/2546/2546
f 2547/2547/2547 2549/2549/2549 2550/2550/2550 2548/2548/2548
f 2549/2549/2549 2551/2551/2551 2552/2552/2552 2550/2550/2550
f 2551/2551/2551 2553/2553/2553 2554/2554/2554 2552/2552/2552
f 2553/2553/2553 2555/2555/2555 2556/2556/2556 2554/2554/2554
f 2555/2555/2555 2557/2557/2557 2558/2558/2558 2556/2556/2556
f 2557/2557/2557 2559/2559/2559 2560/2560/2560 2558/2558/2558
f 2559/2559/2559 2561/2561/2561 2562/2562/2562 2560/2560/2560
f 2561/2561/2561 2563/2563/2563 2564/2564/2564 2562/2562/2562
f 2563/2563/2563 2565/2565/2565 2566/2566/2566 2564/2564/2564
f 2565/2565/2565 2567/2567/2567 2568/2568/2568 2566/2566/2566
f 2567/2567/2567 2569/2569/2569 2570/2570/2570 2568/2568/2568
f 2569/2569/2569 2571/2571/2571 2572/2572/2572 2570/2570/2570
f 2571/2571/2571 2573/2573/2573 2574/2574/2574 2572/2572/2572
f 2573/2573/2573 2575/2575/2575 2576/2576/2576 2574/2574/2574
f 2575/2575/2575 2577/2577/2577 2578/2578/2578 2576/2576/2576
f 2577/2577/2577 2579/2579/2579 2580/2580/2580 2578/2578/2578
f 2579/2579/2579 2581/2581/2581 2582/2582/2582 2580/2580/2580
f 2581/2581/2581 2583/2583/2583 2584/2584/2584 2582/2582/2582
f 2583/2583/2583 2585/2585/2585 2586/2586/2586 2584/2584/2584
f 2585/2585/2585 2587/2587/2587 2588/2588/2588 2586/2586/2586
f 2587/2587/2587 2589/2589/2589 2590/2590/2590 2588/2588/2588
f 2589/2589/2589 2591/2591/2591 2592/2592/2592 2590/2590/2590
f 2637/2637/2637 2612/2612/2612 2611/2611/2611
f 2636/2636/2636 2612/2612/2612 2637/2637/2637
f 2638/2638/2638 2637/2637/2637 2611/2611/2611
f 2639/2639/2639 2610/2610/2610 2609/2609/2609
f 2610/2610/2610 2639/2639/2639 2638/2638/2638
f 2638/2638/2638 2611/2611/2611 2610/2610/2610
f 2640/2640/2640 2639/2639/2639 2609/2609/2609
f 2615/2615/2615 2614/2614/2614 2634/2634/2634
f 2615/2615/2615 2633/2633/2633 2616/2616/2616
f 2633/2633/2633 2615/2615/2615 2634/2634/2634
f 2636/2636/2636 2635/2635/2635 2612/2612/2612
f 2613/2613/2613 2612/2612/2612 2635/2635/2635
f 2614/2614/2614 2613/2613/2613 2635/2635/2635
f 2635/2635/2635 2634/2634/2634 2614/2614/2614
f 2640/2640/2640 2608/2608/2608 2607/2607/2607
f 2607/2607/2607 2641/2641/2641 2640/2640/2640
f 2640/2640/2640 2609/2609/2609 2608/2608/2608
f 2642/2642/2642 2641/2641/2641 2607/2607/2607
f 2643/2643/2643 2642/2642/2642 2606/2606/2606
f 2607/2607/2607 2606/2606/2606 2642/2642/2642
f 2644/2644/2644 2643/2643/2643 2605/2605/2605
f 2606/2606/2606 2605/2605/2605 2643/2643/2643
f 2603/2603/2603 2644/2644/2644 2604/2604/2604
f 2605/2605/2605 2604/2604/2604 2644/2644/2644
f 2602/2602/2602 2645/2645/2645 2603/2603/2603
f 2644/2644/2644 2603/2603/2603 2645/2645/2645
f 2601/2601/2601 2646/2646/2646 2602/2602/2602
f 2645/2645/2645 2602/2602/2602 2646/2646/2646
f 2600/2600/2600 2647/2647/2647 2601/2601/2601
f 2646/2646/2646 2601/2601/2601 2647/2647/2647
f 2632/2632/2632 2616/2616/2616 2633/2633/2633
f 2617/2617/2617 2632/2632/2632 2631/2631/2631
f 2616/2616/2616 2632/2632/2632 2617/2617/2617
f 2618/2618/2618 2617/2617/2617 2631/2631/2631
f 2630/2630/2630 2618/2618/2618 2631/2631/2631
f 2620/2620/2620 2619/2619/2619 2629/2629/2629
f 2630/2630/2630 2629/2629/2629 2619/2619/2619
f 2630/2630/2630 2619/2619/2619 2618/2618/2618
f 2627/2627/2627 2620/2620/2620 2628/2628/2628
f 2629/2629/2629 2628/2628/2628 2620/2620/2620
f 2622/2622/2622 2621/2621/2621 2627/2627/2627
f 2620/2620/2620 2627/2627/2627 2621/2621/2621
f 2623/2623/2623 2626/2626/2626 2625/2625/2625
f 2626/2626/2626 2623/2623/2623 2622/2622/2622
f 2622/2622/2622 2627/2627/2627 2626/2626/2626
f 2624/2624/2624 2623/2623/2623 2625/2625/2625
f 2599/2599/2599 2598/2598/2598 2650/2650/2650
f 2651/2651/2651 2650/2650/2650 2598/2598/2598
f 2598/2598/2598 2597/2597/2597 2651/2651/2651
f 2596/2596/2596 2651/2651/2651 2597/2597/2597
f 2647/2647/2647 2600/2600/2600 2648/2648/2648
f 2599/2599/2599 2648/2648/2648 2600/2600/2600
f 2648/2648/2648 2599/2599/2599 2649/2649/2649
f 2650/2650/2650 2649/2649/2649 2599/2599/2599
f 2594/2594/2594 2624/2624/2624 2654/2654/2654
f 2624/2624/2624 2594/2594/2594 2593/2593/2593
f 2593/2593/2593 2623/2623/2623 2624/2624/2624
f 2595/2595/2595 2594/2594/2594 2654/2654/2654
f 2651/2651/2651 2596/2596/2596 2652/2652/2652
f 2595/2595/2595 2652/2652/2652 2596/2596/2596
f 2652/2652/2652 2595/2595/2595 2653/2653/2653
f 2654/2654/2654 2653/2653/2653 2595/2595/2595
f 2699/2699/2699 2673/2673/2673 2674/2674/2674
f 2698/2698/2698 2699/2699/2699 2674/2674/2674
f 2700/2700/2700 2673/2673/2673 2699/2699/2699
f 2701/2701/2701 2671/2671/2671 2672/2672/2672
f 2672/2672/2672 2700/2700/2700 2701/2701/2701
f 2700/2700/2700 2672/2672/2672 2673/2673/2673
f 2702/2702/2702 2671/2671/2671 2701/2701/2701
f 2677/2677/2677 2696/2696/2696 2676/2676/2676
f 2677/2677/2677 2678/2678/2678 2695/2695/2695
f 2695/2695/2695 2696/2696/2696 2677/2677/2677
f 2698/2698/2698 2674/2674/2674 2697/2697/2697
f 2675/2675/2675 2697/2697/2697 2674/2674/2674
f 2676/2676/2676 2697/2697/2697 2675/2675/2675
f 2697/2697/2697 2676/2676/2676 2696/2696/2696
f 2702/2702/2702 2669/2669/2669 2670/2670/2670
f 2669/2669/2669 2702/2702/2702 2703/2703/2703
f 2702/2702/2702 2670/2670/2670 2671/2671/2671
f 2704/2704/2704 2669/2669/2669 2703/2703/2703
f 2705/2705/2705 2668/2668/2668 2704/2704/2704
f 2669/2669/2669 2704/2704/2704 2668/2668/2668
f 2706/2706/2706 2667/2667/2667 2705/2705/2705
f 2668/2668/2668 2705/2705/2705 2667/2667/2667
f 2665/2665/2665 2666/2666/2666 2706/2706/2706
f 2667/2667/2667 2706/2706/2706 2666/2666/2666
f 2664/2664/2664 2665/2665/2665 2707/2707/2707
f 2706/2706/2706 2707/2707/2707 2665/2665/2665
f 2663/2663/2663 2664/2664/2664 2708/2708/2708
f 2707/2707/2707 2708/2708/2708 2664/2664/2664
f 2662/2662/2662 2663/2663/2663 2709/2709/2709
f 2708/2708/2708 2709/2709/2709 2663/2663/2663
f 2694/2694/2694 2695/2695/2695 2678/2678/2678
f 2679/2679/2679 2693/2693/2693 2694/2694/2694
f 2678/2678/2678 2679/2679/2679 2694/2694/2694
f 2680/2680/2680 2693/2693/2693 2679/2679/2679
f 2692/2692/2692 2693/2693/2693 2680/2680/2680
f 2682/2682/2682 2691/2691/2691 2681/2681/2681
f 2692/2692/2692 2681/2681/2681 2691/2691/2691
f 2692/2692/2692 2680/2680/2680 2681/2681/2681
f 2689/2689/2689 2690/2690/2690 2682/2682/2682
f 2691/2691/2691 2682/2682/2682 2690/2690/2690
f 2684/2684/2684 2689/2689/2689 2683/2683/2683
f 2682/2682/2682 2683/2683/2683 2689/2689/2689
f 2685/2685/2685 2687/2687/2687 2688/2688/2688
f 2688/2688/2688 2684/2684/2684 2685/2685/2685
f 2684/2684/2684 2688/2688/2688 2689/2689/2689
f 2686/2686/2686 2687/2687/2687 2685/2685/2685
f 2661/2661/2661 2712/2712/2712 2660/2660/2660
f 2713/2713/2713 2660/2660/2660 2712/2712/2712
f 2660/2660/2660 2713/2713/2713 2659/2659/2659
f 2658/2658/2658 2659/2659/2659 2713/2713/2713
f 2709/2709/2709 2710/2710/2710 2662/2662/2662
f 2661/2661/2661 2662/2662/2662 2710/2710/2710
f 2710/2710/2710 2711/2711/2711 2661/2661/2661
f 2712/2712/2712 2661/2661/2661 2711/2711/2711
f 2656/2656/2656 2716/2716/2716 2686/2686/2686
f 2686/2686/2686 2655/2655/2655 2656/2656/2656
f 2655/2655/2655 2686/2686/2686 2685/2685/2685
f 2657/2657/2657 2716/2716/2716 2656/2656/2656
f 2713/2713/2713 2714/2714/2714 2658/2658/2658
f 2657/2657/2657 2658/2658/2658 2714/2714/2714
f 2714/2714/2714 2715/2715/2715 2657/2657/2657
f 2716/2716/2716 2657/2657/2657 2715/2715/2715
usemtl Default
v -223.02272033691406 208 80
v -223.02272033691406 207 80
v -223.33834838867188 208 85.882545471191406
v -223.33834838867188 207 85.882545471191406
v -224.25569152832031 208 91.577980041503906
v -224.25569152832031 207 91.577980041503906
v -225.82249450683594 208 97.320747375488281
v -225.82249450683594 207 97.320747375488281
v -228.06629943847656 208 103.00275421142578
v -228.06629943847656 207 103.00275421142578
v -230.93450927734375 208 108.41372680664062
v -230.93450927734375 207 108.41372680664062
v -234.39913940429688 208 113.48828887939453
v -234.39913940429688 207 113.48828887939453
v -238.43975830078125 208 118.17706298828125
v -238.43975830078125 207 118.17706298828125
v -242.98660278320312 208 122.38587951660156
v -242.98660278320312 207 122.38587951660156
v -247.95050048828125 208 126.03833770751953
v -247.95050048828125 207 126.03833770751953
v -253.22862243652344 208 129.08033752441406
v -253.22862243652344 207 129.08033752441406
v -258.71127319335938 208 131.48248291015625
v -258.71127319335938 207 131.48248291015625
v -264.28887939453125 208 133.24008178710938
v -264.28887939453125 207 133.24008178710938
v -269.85824584960938 208 134.37106323242188
v -269.85824584960938 207 134.37106323242188
v -275.686279296875 208 134.92855834960938
v -275.686279296875 207 134.92855834960938
v -280.95791625976562 208 134.89764404296875
v -280.95791625976562 207 134.89764404296875
v -286.71810913085938 208 134.28163146972656
v -286.71810913085938 207 134.28163146972656
v -292.44992065429688 208 133.04432678222656
v -292.44992065429688 207 133.04432678222656
v -298.17654418945312 208 131.14106750488281
v -298.17654418945312 207 131.14106750488281
v -303.76455688476562 208 128.56632995605469
v -303.76455688476562 207 128.56632995605469
v -308.9927978515625 208 125.40865325927734
v -308.9927978515625 207 125.40865325927734
v -313.88714599609375 208 121.64869689941406
v -313.88714599609375 207 121.64869689941406
v -318.34671020507812 208 117.34491729736328
v -318.34671020507812 207 117.34491729736328
v -322.28558349609375 208 112.577392578125
v -322.28558349609375 207 112.577392578125
v -325.6380615234375 208 107.44293212890625
v -325.6380615234375 207 107.44293212890625
v -328.36224365234375 208 102.04869079589844
v -328.36224365234375 207 102.04869079589844
v -330.44122314453125 208 96.505134582519531
v -330.44122314453125 207 96.505134582519531
v -331.88198852539062 208 90.919349670410156
v -331.88198852539062 207 90.919349670410156
v -332.74240112304688 208 85.07647705078125
v -332.74240112304688 207 85.07647705078125
v -332.97726440429688 208 80
v -332.97726440429688 207 80
v -332.66165161132812 208 74.117454528808594
v -332.66165161132812 207 74.117454528808594
v -331.74432373046875 208 68.422019958496094
v -331.74432373046875 207 68.422019958496094
v -330.17752075195312 208 62.679256439208984
v -330.17752075195312 207 62.679256439208984
v -327.93368530273438 208 56.997241973876953
v -327.93368530273438 207 56.997241973876953
v -325.06549072265625 208 51.586273193359375
v -325.06549072265625 207 51.586273193359375
v -321.60086059570312 208 46.511711120605469
v -321.60086059570312 207 46.511711120605469
v -317.56024169921875 208 41.82293701171875
v -317.56024169921875 207 41.82293701171875
v -313.01339721679688 208 37.614120483398438
v -313.01339721679688 207 37.614120483398438
v -308.04949951171875 208 33.961662292480469
v -308.04949951171875 207 33.961662292480469
v -302.7713623046875 208 30.919662475585938
v -302.7713623046875 207 30.919662475585938
v -297.28872680664062 208 28.517522811889648
v -297.28872680664062 207 28.517522811889648
v -291.71112060546875 208 26.759925842285156
v -291.71112060546875 207 26.759925842285156
v -286.14175415039062 208 25.628936767578125
v -286.14175415039062 207 25.628936767578125
v -280.313720703125 208 25.071435928344727
v -280.313720703125 207 25.071435928344727
v -275.04208374023438 208 25.10235595703125
v -275.04208374023438 207 25.10235595703125
v -269.28189086914062 208 25.718372344970703
v -269.28189086914062 207 25.718372344970703
v -263.55007934570312 208 26.95567512512207
v -263.55007934570312 207 26.95567512512207
v -257.82345581054688 208 28.858940124511719
v -257.82345581054688 207 28.858940124511719
v -252.23544311523438 208 31.433673858642578
v -252.23544311523438 207 31.433673858642578
v -247.00718688964844 208 34.591342926025391
v -247.00718688964844 207 34.591342926025391
v -242.11286926269531 208 38.351299285888672
v -242.11286926269531 207 38.351299285888672
v -237.65327453613281 208 42.655086517333984
v -237.65327453613281 207 42.655086517333984
v -233.71440124511719 208 47.422611236572266
v -233.71440124511719 207 47.422611236572266
v -230.36192321777344 208 52.55706787109375
v -230.36192321777344 207 52.55706787109375
v -227.63775634765625 208 57.951313018798828
v -227.63775634765625 207 57.951313018798828
v -225.55877685546875 208 63.494865417480469
v -225.55877685546875 207 63.494865417480469
v -224.11801147460938 208 69.080650329589844
v -224.11801147460938 207 69.080650329589844
v -223.25759887695312 208 74.92352294921875
v -223.25759887695312 207 74.92352294921875
v -223.02272033691406 208 80
v -223.02272033691406 207 80
v -223.02272033691406 207 80
v -223.33834838867188 207 85.882545471191406
v -224.25569152832031 207 91.577980041503906
v -225.82249450683594 207 97.320747375488281
v -228.06629943847656 207 103.00275421142578
v -230.93450927734375 207 108.41372680664062
v -234.39913940429688 207 113.48828887939453
v -238.43975830078125 207 118.17706298828125
v -242.98660278320312 207 122.38587951660156
v -247.95050048828125 207 126.03833770751953
v -253.22862243652344 207 129.08033752441406
v -258.71127319335938 207 131.48248291015625
v -264.28887939453125 207 133.24008178710938
v -269.85824584960938 207 134.37106323242188
v -275.686279296875 207 134.92855834960938
v -280.95791625976562 207 134.89764404296875
v -286.71810913085938 207 134.28163146972656
v -292.44992065429688 207 133.04432678222656
v -298.17654418945312 207 131.14106750488281
v -303.76455688476562 207 128.56632995605469
v -308.9927978515625 207 125.40865325927734
v -313.88714599609375 207 121.64869689941406
v -318.34671020507812 207 117.34491729736328
v -322.28558349609375 207 112.577392578125
v -325.6380615234375 207 107.44293212890625
v -328.36224365234375 207 102.04869079589844
v -330.44122314453125 207 96.505134582519531
v -331.88198852539062 207 90.919349670410156
v -332.74240112304688 207 85.07647705078125
v -332.97726440429688 207 80
v -332.66165161132812 207 74.117454528808594
v -331.74432373046875 207 68.422019958496094
v -330.17752075195312 207 62.679256439208984
v -327.93368530273438 207 56.997241973876953
v -325.06549072265625 207 51.586273193359375
v -321.60086059570312 207 46.511711120605469
v -317.56024169921875 207 41.82293701171875
v -313.01339721679688 207 37.614120483398438
v -308.04949951171875 207 33.961662292480469
v -302.7713623046875 207 30.919662475585938
v -297.28872680664062 207 28.517522811889648
v -291.71112060546875 207 26.759925842285156
v -286.14175415039062 207 25.628936767578125
v -280.313720703125 207 25.071435928344727
v -275.04208374023438 207 25.10235595703125
v -269.28189086914062 207 25.718372344970703
v -263.55007934570312 207 26.95567512512207
v -257.82345581054688 207 28.858940124511719
v -252.23544311523438 207 31.433673858642578
v -247.00718688964844 207 34.591342926025391
v -242.11286926269531 207 38.351299285888672
v -237.65327453613281 207 42.655086517333984
v -233.71440124511719 207 47.422611236572266
v -230.36192321777344 207 52.55706787109375
v -227.63775634765625 207 57.951313018798828
v -225.55877685546875 207 63.494865417480469
v -224.11801147460938 207 69.080650329589844
v -223.25759887695312 207 74.92352294921875
v -278 207 80
v -278 207 107.48863983154297
v -250.51136779785156 207 80
v -250.51136779785156 207 107.48863983154297
v -236.76704406738281 207 107.48863983154297
v -250.51136779785156 207 93.744316101074219
v -236.76704406738281 207 80
v -236.76704406738281 207 93.744316101074219
v -278 207 52.511363983154297
v -250.51136779785156 207 52.511363983154297
v -250.51136779785156 207 66.255683898925781
v -236.76704406738281 207 52.511363983154297
v -236.76704406738281 207 66.255683898925781
v -250.51136779785156 207 121.23295593261719
v -278 207 121.23295593261719
v -264.25567626953125 207 107.48863983154297
v -264.25567626953125 207 121.23295593261719
v -305.4886474609375 207 80
v -305.4886474609375 207 107.48863983154297
v -305.4886474609375 207 121.23295593261719
v -291.74432373046875 207 107.48863983154297
v -291.74432373046875 207 121.23295593261719
v -319.23294067382812 207 107.48863983154297
v -305.4886474609375 207 93.744316101074219
v -319.23294067382812 207 80
v -319.23294067382812 207 93.744316101074219
v -305.4886474609375 207 52.511363983154297
v -305.4886474609375 207 66.255683898925781
v -319.23294067382812 207 52.511363983154297
v -319.23294067382812 207 66.255683898925781
v -305.4886474609375 207 38.767044067382812
v -278 207 38.767044067382812
v -291.74432373046875 207 52.511363983154297
v -291.74432373046875 207 38.767044067382812
v -250.51136779785156 207 38.767044067382812
v -264.25567626953125 207 52.511363983154297
v -264.25567626953125 207 38.767044067382812
v -219 208 80
v -219 211 80
v -219.69827270507812 208 70.949668884277344
v -219.69827270507812 211 70.949668884277344
v -221.80409240722656 208 62.027259826660156
v -221.80409240722656 211 62.027259826660156
v -225.48210144042969 208 53.113742828369141
v -225.48210144042969 211 53.113742828369141
v -230.41377258300781 208 45.120903015136719
v -230.41377258300781 211 45.120903015136719
v -236.71748352050781 208 37.848438262939453
v -236.71748352050781 211 37.848438262939453
v -244.11299133300781 208 31.7022705078125
v -244.11299133300781 211 31.7022705078125
v -252.28758239746094 208 26.897541046142578
v -252.28758239746094 211 26.897541046142578
v -260.88641357421875 208 23.536514282226562
v -260.88641357421875 211 23.536514282226562
v -269.55929565429688 208 21.606895446777344
v -269.55929565429688 211 21.606895446777344
v -278 208 21
v -278 211 21
v -287.05032348632812 208 21.698270797729492
v -287.05032348632812 211 21.698270797729492
v -295.97274780273438 208 23.804086685180664
v -295.97274780273438 211 23.804086685180664
v -304.88626098632812 208 27.482105255126953
v -304.88626098632812 211 27.482105255126953
v -312.87908935546875 208 32.413776397705078
v -312.87908935546875 211 32.413776397705078
v -320.15155029296875 208 38.717487335205078
v -320.15155029296875 211 38.717487335205078
v -326.2977294921875 208 46.112991333007812
v -326.2977294921875 211 46.112991333007812
v -331.10244750976562 208 54.287574768066406
v -331.10244750976562 211 54.287574768066406
v -334.46347045898438 208 62.88641357421875
v -334.46347045898438 211 62.88641357421875
v -336.39309692382812 208 71.559310913085938
v -336.39309692382812 211 71.559310913085938
v -337 208 80
v -337 211 80
v -336.30172729492188 208 89.050331115722656
v -336.30172729492188 211 89.050331115722656
v -334.1959228515625 208 97.972740173339844
v -334.1959228515625 211 97.972740173339844
v -330.51788330078125 208 106.88625335693359
v -330.51788330078125 211 106.88625335693359
v -325.58621215820312 208 114.87909698486328
v -325.58621215820312 211 114.87909698486328
v -319.28250122070312 208 122.15156555175781
v -319.28250122070312 211 122.15156555175781
v -311.88699340820312 208 128.2977294921875
v -311.88699340820312 211 128.2977294921875
v -303.71243286132812 208 133.10246276855469
v -303.71243286132812 211 133.10246276855469
v -295.11358642578125 208 136.46348571777344
v -295.11358642578125 211 136.46348571777344
v -286.44070434570312 208 138.39311218261719
v -286.44070434570312 211 138.39311218261719
v -278 208 139
v -278 211 139
v -268.94967651367188 208 138.30172729492188
v -268.94967651367188 211 138.30172729492188
v -260.02725219726562 208 136.19590759277344
v -260.02725219726562 211 136.19590759277344
v -251.11373901367188 208 132.51789855957031
v -251.11373901367188 211 132.51789855957031
v -243.12089538574219 208 127.58621978759766
v -243.12089538574219 211 127.58621978759766
v -235.84843444824219 208 121.28250885009766
v -235.84843444824219 211 121.28250885009766
v -229.7022705078125 208 113.88700866699219
v -229.7022705078125 211 113.88700866699219
v -224.89753723144531 208 105.71242523193359
v -224.89753723144531 211 105.71242523193359
v -221.53651428222656 208 97.11358642578125
v -221.53651428222656 211 97.11358642578125
v -219.60688781738281 208 88.440689086914062
v -219.60688781738281 211 88.440689086914062
v -219 208 80
v -219 211 80
v -223.02272033691406 208 80
v -223.33834838867188 208 85.882545471191406
v -224.25569152832031 208 91.577980041503906
v -225.82249450683594 208 97.320747375488281
v -228.06629943847656 208 103.00275421142578
v -230.93450927734375 208 108.41372680664062
v -234.39913940429688 208 113.48828887939453
v -238.43975830078125 208 118.17706298828125
v -242.98660278320312 208 122.38587951660156
v -247.95050048828125 208 126.03833770751953
v -253.22862243652344 208 129.08033752441406
v -258.71127319335938 208 131.48248291015625
v -264.28887939453125 208 133.24008178710938
v -269.85824584960938 208 134.37106323242188
v -275.686279296875 208 134.92855834960938
v -280.95791625976562 208 134.89764404296875
v -286.71810913085938 208 134.28163146972656
v -292.44992065429688 208 133.04432678222656
v -298.17654418945312 208 131.14106750488281
v -303.76455688476562 208 128.56632995605469
v -308.9927978515625 208 125.40865325927734
v -313.88714599609375 208 121.64869689941406
v -318.34671020507812 208 117.34491729736328
v -322.28558349609375 208 112.577392578125
v -325.6380615234375 208 107.44293212890625
v -328.36224365234375 208 102.04869079589844
v -330.44122314453125 208 96.505134582519531
v -331.88198852539062 208 90.919349670410156
v -332.74240112304688 208 85.07647705078125
v -332.97726440429688 208 80
v -332.66165161132812 208 74.117454528808594
v -331.74432373046875 208 68.422019958496094
v -330.17752075195312 208 62.679256439208984
v -327.93368530273438 208 56.997241973876953
v -325.06549072265625 208 51.586273193359375
v -321.60086059570312 208 46.511711120605469
v -317.56024169921875 208 41.82293701171875
v -313.01339721679688 208 37.614120483398438
v -308.04949951171875 208 33.961662292480469
v -302.7713623046875 208 30.919662475585938
v -297.28872680664062 208 28.517522811889648
v -291.71112060546875 208 26.759925842285156
v -286.14175415039062 208 25.628936767578125
v -280.313720703125 208 25.071435928344727
v -275.04208374023438 208 25.10235595703125
v -269.28189086914062 208 25.718372344970703
v -263.55007934570312 208 26.95567512512207
v -257.82345581054688 208 28.858940124511719
v -252.23544311523438 208 31.433673858642578
v -247.00718688964844 208 34.591342926025391
v -242.11286926269531 208 38.351299285888672
v -237.65327453613281 208 42.655086517333984
v -233.71440124511719 208 47.422611236572266
v -230.36192321777344 208 52.55706787109375
v -227.63775634765625 208 57.951313018798828
v -225.55877685546875 208 63.494865417480469
v -224.11801147460938 208 69.080650329589844
v -223.25759887695312 208 74.92352294921875
v -219 208 80
v -278 208 139
v -278 208 21
v -219.69827270507812 208 70.949668884277344
v -221.80409240722656 208 62.027259826660156
v -225.48210144042969 208 53.113742828369141
v -230.41377258300781 208 45.120903015136719
v -236.71748352050781 208 37.848438262939453
v -244.11299133300781 208 31.7022705078125
v -252.28758239746094 208 26.897541046142578
v -260.88641357421875 208 23.536514282226562
v -269.55929565429688 208 21.606895446777344
v -287.05032348632812 208 21.698270797729492
v -295.97274780273438 208 23.804086685180664
v -304.88626098632812 208 27.482105255126953
v -312.87908935546875 208 32.413776397705078
v -320.15155029296875 208 38.717487335205078
v -326.2977294921875 208 46.112991333007812
v -331.10244750976562 208 54.287574768066406
v -334.46347045898438 208 62.88641357421875
v -336.39309692382812 208 71.559310913085938
v -337 208 80
v -336.30172729492188 208 89.050331115722656
v -334.1959228515625 208 97.972740173339844
v -330.51788330078125 208 106.88625335693359
v -325.58621215820312 208 114.87909698486328
v -319.28250122070312 208 122.15156555175781
v -311.88699340820312 208 128.2977294921875
v -303.71243286132812 208 133.10246276855469
v -295.11358642578125 208 136.46348571777344
v -286.44070434570312 208 138.39311218261719
v -268.94967651367188 208 138.30172729492188
v -260.02725219726562 208 136.19590759277344
v -251.11373901367188 208 132.51789855957031
v -243.12089538574219 208 127.58621978759766
v -235.84843444824219 208 121.28250885009766
v -229.7022705078125 208 113.88700866699219
v -224.89753723144531 208 105.71242523193359
v -221.53651428222656 208 97.11358642578125
v -219.60688781738281 208 88.440689086914062
v -219 211 80
v -219.69827270507812 211 70.949668884277344
v -221.80409240722656 211 62.027259826660156
v -225.48210144042969 211 53.113742828369141
v -230.41377258300781 211 45.120903015136719
v -236.71748352050781 211 37.848438262939453
v -244.11299133300781 211 31.7022705078125
v -252.28758239746094 211 26.897541046142578
v -260.88641357421875 211 23.536514282226562
v -269.55929565429688 211 21.606895446777344
v -278 211 21
v -287.05032348632812 211 21.698270797729492
v -295.97274780273438 211 23.804086685180664
v -304.88626098632812 211 27.482105255126953
v -312.87908935546875 211 32.413776397705078
v -320.15155029296875 211 38.717487335205078
v -326.2977294921875 211 46.112991333007812
v -331.10244750976562 211 54.287574768066406
v -334.46347045898438 211 62.88641357421875
v -336.39309692382812 211 71.559310913085938
v -337 211 80
v -336.30172729492188 211 89.050331115722656
v -334.1959228515625 211 97.972740173339844
v -330.51788330078125 211 106.88625335693359
v -325.58621215820312 211 114.87909698486328
v -319.28250122070312 211 122.15156555175781
v -311.88699340820312 211 128.2977294921875
v -303.71243286132812 211 133.10246276855469
v -295.11358642578125 211 136.46348571777344
v -286.44070434570312 211 138.39311218261719
v -278 211 139
v -268.94967651367188 211 138.30172729492188
v -260.02725219726562 211 136.19590759277344
v -251.11373901367188 211 132.51789855957031
v -243.12089538574219 211 127.58621978759766
v -235.84843444824219 211 121.28250885009766
v -229.7022705078125 211 113.88700866699219
v -224.89753723144531 211 105.71242523193359
v -221.53651428222656 211 97.11358642578125
v -219.60688781738281 211 88.440689086914062
v -278 211 80
v -278 211 50.5
v -248.5 211 80
v -248.5 211 50.5
v -233.75 211 50.5
v -248.5 211 65.25
v -233.75 211 80
v -233.75 211 65.25
v -278 211 109.5
v -248.5 211 109.5
v -248.5 211 94.75
v -233.75 211 109.5
v -233.75 211 94.75
v -248.5 211 35.75
v -278 211 35.75
v -263.25 211 50.5
v -263.25 211 35.75
v -307.5 211 80
v -307.5 211 50.5
v -307.5 211 35.75
v -292.75 211 50.5
v -292.75 211 35.75
v -322.25 211 50.5
v -307.5 211 65.25
v -322.25 211 80
v -322.25 211 65.25
v -307.5 211 109.5
v -307.5 211 94.75
v -322.25 211 109.5
v -322.25 211 94.75
v -307.5 211 124.25
v -278 211 124.25
v -292.75 211 109.5
v -292.75 211 124.25
v -248.5 211 124.25
v -263.25 211 109.5
v -263.25 211 124.25
vt 0.32099977135658264 0
vt 0.31830227375030518 0
vt 0.32099977135658264 0.017291821539402008
vt 0.31830227375030518 0.017291821539402008
vt 0.32099977135658264 0.03360135480761528
vt 0.31830227375030518 0.03360135480761528
vt 0.32099977135658264 0.049910888075828552
vt 0.31830227375030518 0.049910888075828552
vt 0.32099977135658264 0.066220425069332123
vt 0.31830227375030518 0.066220425069332123
vt 0.32099977135658264 0.082248099148273468
vt 0.31830227375030518 0.082248099148273468
vt 0.32099977135658264 0.098111934959888458
vt 0.31830227375030518 0.098111934959888458
vt 0.32099977135658264 0.11397577077150345
vt 0.31830227375030518 0.11397577077150345
vt 0.32099977135658264 0.12983961403369904
vt 0.31830227375030518 0.12983961403369904
vt 0.32099977135658264 0.14570344984531403
vt 0.31830227375030518 0.14570344984531403
vt 0.32099977135658264 0.16156727075576782
vt 0.31830227375030518 0.16156727075576782
vt 0.32099977135658264 0.17743110656738281
vt 0.31830227375030518 0.17743110656738281
vt 0.32099977135658264 0.193294957280159
vt 0.31830227375030518 0.193294957280159
vt 0.32099977135658264 0.20915879309177399
vt 0.31830227375030518 0.20915879309177399
vt 0.32099977135658264 0.22607898712158203
vt 0.31830227375030518 0.22607898712158203
vt 0.32099977135658264 0.24172572791576385
vt 0.31830227375030518 0.24172572791576385
vt 0.32099977135658264 0.25840112566947937
vt 0.31830227375030518 0.25840112566947937
vt 0.32099977135658264 0.27471068501472473
vt 0.31830227375030518 0.27471068501472473
vt 0.32099977135658264 0.29102021455764771
vt 0.31830227375030518 0.29102021455764771
vt 0.32099977135658264 0.30727070569992065
vt 0.31830227375030518 0.30727070569992065
vt 0.32099977135658264 0.32313454151153564
vt 0.31830227375030518 0.32313454151153564
vt 0.32099977135658264 0.33899837732315063
vt 0.31830227375030518 0.33899837732315063
vt 0.32099977135658264 0.35486221313476562
vt 0.31830227375030518 0.35486221313476562
vt 0.32099977135658264 0.37072604894638062
vt 0.31830227375030518 0.37072604894638062
vt 0.32099977135658264 0.38658991456031799
vt 0.31830227375030518 0.38658991456031799
vt 0.32099977135658264 0.40245375037193298
vt 0.31830227375030518 0.40245375037193298
vt 0.32099977135658264 0.41831758618354797
vt 0.31830227375030518 0.41831758618354797
vt 0.32099977135658264 0.43418142199516296
vt 0.31830227375030518 0.43418142199516296
vt 0.32099977135658264 0.4509529173374176
vt 0.31830227375030518 0.4509529173374176
vt 0.32099977135658264 0.46590909361839294
vt 0.31830227375030518 0.46590909361839294
vt 0.32099977135658264 0.48320090770721436
vt 0.31830227375030518 0.48320090770721436
vt 0.32099977135658264 0.49951043725013733
vt 0.31830227375030518 0.49951043725013733
vt 0.32099977135658264 0.5158199667930603
vt 0.31830227375030518 0.5158199667930603
vt 0.32099977135658264 0.53212952613830566
vt 0.31830227375030518 0.53212952613830566
vt 0.32099977135658264 0.5481572151184082
vt 0.31830227375030518 0.5481572151184082
vt 0.32099977135658264 0.56402099132537842
vt 0.31830227375030518 0.56402099132537842
vt 0.32099977135658264 0.57988488674163818
vt 0.31830227375030518 0.57988488674163818
vt 0.32099977135658264 0.5957486629486084
vt 0.31830227375030518 0.5957486629486084
vt 0.32099977135658264 0.61161255836486816
vt 0.31830227375030518 0.61161255836486816
vt 0.32099977135658264 0.62747633457183838
vt 0.31830227375030518 0.62747633457183838
vt 0.32099977135658264 0.64334022998809814
vt 0.31830227375030518 0.64334022998809814
vt 0.32099977135658264 0.65920400619506836
vt 0.31830227375030518 0.65920400619506836
vt 0.32099977135658264 0.67506790161132812
vt 0.31830227375030518 0.67506790161132812
vt 0.32099977135658264 0.69198811054229736
vt 0.31830227375030518 0.69198811054229736
vt 0.32099977135658264 0.70763486623764038
vt 0.31830227375030518 0.70763486623764038
vt 0.32099977135658264 0.72431021928787231
vt 0.31830227375030518 0.72431021928787231
vt 0.32099977135658264 0.7406197190284729
vt 0.31830227375030518 0.7406197190284729
vt 0.32099977135658264 0.75692927837371826
vt 0.31830227375030518 0.75692927837371826
vt 0.32099977135658264 0.77317982912063599
vt 0.31830227375030518 0.77317982912063599
vt 0.32099977135658264 0.78904366493225098
vt 0.31830227375030518 0.78904366493225098
vt 0.32099977135658264 0.80490750074386597
vt 0.31830227375030518 0.80490750074386597
vt 0.32099977135658264 0.82077133655548096
vt 0.31830227375030518 0.82077133655548096
vt 0.32099977135658264 0.83663517236709595
vt 0.31830227375030518 0.83663517236709595
vt 0.32099977135658264 0.85249900817871094
vt 0.31830227375030518 0.85249900817871094
vt 0.32099977135658264 0.86836284399032593
vt 0.31830227375030518 0.86836284399032593
vt 0.32099977135658264 0.88422667980194092
vt 0.31830227375030518 0.88422667980194092
vt 0.32099977135658264 0.90009051561355591
vt 0.31830227375030518 0.90009051561355591
vt 0.32099977135658264 0.91686201095581055
vt 0.31830227375030518 0.91686201095581055
vt 0.32099977135658264 0.93181818723678589
vt 0.31830227375030518 0.93181818723678589
vt 0.2965998649597168 0.14816853404045105
vt 0.29574847221374512 0.16403657197952271
vt 0.29327398538589478 0.17939987778663635
vt 0.28904756903648376 0.19489084184169769
vt 0.28299492597579956 0.21021793782711029
vt 0.27525800466537476 0.22481392323970795
vt 0.265912264585495 0.23850242793560028
vt 0.25501278042793274 0.25115028023719788
vt 0.24274773895740509 0.26250347495079041
vt 0.22935774922370911 0.27235588431358337
vt 0.21512015163898468 0.28056162595748901
vt 0.20033083856105804 0.28704133629798889
vt 0.18528537452220917 0.29178240895271301
vt 0.17026208341121674 0.29483321309089661
vt 0.15454117953777313 0.2963370680809021
vt 0.14032100141048431 0.29625368118286133
vt 0.12478303909301758 0.2945919930934906
vt 0.10932161659002304 0.29125440120697021
vt 0.093874193727970123 0.28612038493156433
vt 0.078800618648529053 0.27917507290840149
vt 0.064697533845901489 0.27065733075141907
vt 0.051495213061571121 0.26051494479179382
vt 0.039465580135583878 0.24890558421611786
vt 0.028840549290180206 0.23604530096054077
vt 0.019797323271632195 0.22219522297382355
vt 0.012448928318917751 0.20764437317848206
vt 0.0068409554660320282 0.19269074499607086
vt 0.0029545151628553867 0.17762324213981628
vt 0.00063357531325891614 0.16186222434043884
vt 0 0.14816853404045105
vt 0.00085138092981651425 0.13230049610137939
vt 0.003325887955725193 0.11693719774484634
vt 0.0075523005798459053 0.101446233689785
vt 0.013604939915239811 0.086119130253791809
vt 0.021341841667890549 0.071523167192935944
vt 0.030687607824802399 0.057834655046463013
vt 0.041587091982364655 0.045186791568994522
vt 0.053852111101150513 0.033833600580692291
vt 0.067242108285427094 0.023981181904673576
vt 0.081479713320732117 0.015775458887219429
vt 0.096269026398658752 0.0092957401648163795
vt 0.11131448298692703 0.0045546619221568108
vt 0.12633778154850006 0.0015038438141345978
vt 0.14205868542194366 0
vt 0.15627884864807129 8.3408689533825964E-05
vt 0.17181681096553802 0.0017450951272621751
vt 0.18727824091911316 0.0050826901569962502
vt 0.20272566378116608 0.010216704569756985
vt 0.21779923141002655 0.017161993309855461
vt 0.23190231621265411 0.025679731741547585
vt 0.24510465562343597 0.035822130739688873
vt 0.25713428854942322 0.047431487590074539
vt 0.26775932312011719 0.060291778296232224
vt 0.27680253982543945 0.074141860008239746
vt 0.28415092825889587 0.088692709803581238
vt 0.28975889086723328 0.10364632308483124
vt 0.29364532232284546 0.11871383339166641
vt 0.29596629738807678 0.13447485864162445
vt 0.1482999324798584 0.14816853404045105
vt 0.1482999324798584 0.22231850028038025
vt 0.2224498987197876 0.14816853404045105
vt 0.2224498987197876 0.22231850028038025
vt 0.2595248818397522 0.22231850028038025
vt 0.2224498987197876 0.18524353206157684
vt 0.2595248818397522 0.14816853404045105
vt 0.2595248818397522 0.18524353206157684
vt 0.1482999324798584 0.074018575251102448
vt 0.2224498987197876 0.074018575251102448
vt 0.2224498987197876 0.11109355837106705
vt 0.2595248818397522 0.074018575251102448
vt 0.2595248818397522 0.11109355837106705
vt 0.2224498987197876 0.25939348340034485
vt 0.1482999324798584 0.25939348340034485
vt 0.185374915599823 0.22231850028038025
vt 0.185374915599823 0.25939348340034485
vt 0.074149966239929199 0.14816853404045105
vt 0.074149966239929199 0.22231850028038025
vt 0.074149966239929199 0.25939348340034485
vt 0.1112249493598938 0.22231850028038025
vt 0.1112249493598938 0.25939348340034485
vt 0.0370749831199646 0.22231850028038025
vt 0.074149966239929199 0.18524353206157684
vt 0.0370749831199646 0.14816853404045105
vt 0.0370749831199646 0.18524353206157684
vt 0.074149966239929199 0.074018575251102448
vt 0.074149966239929199 0.11109355837106705
vt 0.0370749831199646 0.074018575251102448
vt 0.0370749831199646 0.11109355837106705
vt 0.074149966239929199 0.036943592131137848
vt 0.1482999324798584 0.036943592131137848
vt 0.1112249493598938 0.074018575251102448
vt 0.1112249493598938 0.036943592131137848
vt 0.2224498987197876 0.036943592131137848
vt 0.185374915599823 0.074018575251102448
vt 0.185374915599823 0.036943592131137848
vt 0.32762736082077026 0
vt 0.32099977135658264 0
vt 0.32762736082077026 0.026394667103886604
vt 0.32099977135658264 0.026394667103886604
vt 0.32762736082077026 0.051736712455749512
vt 0.32099977135658264 0.051736712455749512
vt 0.32762736082077026 0.077386476099491119
vt 0.32099977135658264 0.077386476099491119
vt 0.32762736082077026 0.10173668712377548
vt 0.32099977135658264 0.10173668712377548
vt 0.32762736082077026 0.12638621032238007
vt 0.32099977135658264 0.12638621032238007
vt 0.32762736082077026 0.15103572607040405
vt 0.32099977135658264 0.15103572607040405
vt 0.32762736082077026 0.17568524181842804
vt 0.32099977135658264 0.17568524181842804
vt 0.32762736082077026 0.20033474266529083
vt 0.32099977135658264 0.20033474266529083
vt 0.32762736082077026 0.22498427331447601
vt 0.32099977135658264 0.22498427331447601
vt 0.32762736082077026 0.2496337890625
vt 0.32099977135658264 0.2496337890625
vt 0.32762736082077026 0.27602845430374146
vt 0.32099977135658264 0.27602845430374146
vt 0.32762736082077026 0.30137050151824951
vt 0.32099977135658264 0.30137050151824951
vt 0.32762736082077026 0.32702025771141052
vt 0.32099977135658264 0.32702025771141052
vt 0.32762736082077026 0.35137048363685608
vt 0.32099977135658264 0.35137048363685608
vt 0.32762736082077026 0.37602001428604126
vt 0.32099977135658264 0.37602001428604126
vt 0.32762736082077026 0.40066948533058167
vt 0.32099977135658264 0.40066948533058167
vt 0.32762736082077026 0.42531901597976685
vt 0.32099977135658264 0.42531901597976685
vt 0.32762736082077026 0.44996854662895203
vt 0.32099977135658264 0.44996854662895203
vt 0.32762736082077026 0.47461804747581482
vt 0.32099977135658264 0.47461804747581482
vt 0.32762736082077026 0.499267578125
vt 0.32099977135658264 0.499267578125
vt 0.32762736082077026 0.52566224336624146
vt 0.32099977135658264 0.52566224336624146
vt 0.32762736082077026 0.55100429058074951
vt 0.32099977135658264 0.55100429058074951
vt 0.32762736082077026 0.57665401697158813
vt 0.32099977135658264 0.57665401697158813
vt 0.32762736082077026 0.60100424289703369
vt 0.32099977135658264 0.60100424289703369
vt 0.32762736082077026 0.62565374374389648
vt 0.32099977135658264 0.62565374374389648
vt 0.32762736082077026 0.65030330419540405
vt 0.32099977135658264 0.65030330419540405
vt 0.32762736082077026 0.67495280504226685
vt 0.32099977135658264 0.67495280504226685
vt 0.32762736082077026 0.69960230588912964
vt 0.32099977135658264 0.69960230588912964
vt 0.32762736082077026 0.72425186634063721
vt 0.32099977135658264 0.72425186634063721
vt 0.32762736082077026 0.7489013671875
vt 0.32099977135658264 0.7489013671875
vt 0.32762736082077026 0.77529603242874146
vt 0.32099977135658264 0.77529603242874146
vt 0.32762736082077026 0.80063807964324951
vt 0.32099977135658264 0.80063807964324951
vt 0.32762736082077026 0.82628780603408813
vt 0.32099977135658264 0.82628780603408813
vt 0.32762736082077026 0.85063803195953369
vt 0.32099977135658264 0.85063803195953369
vt 0.32762736082077026 0.87528753280639648
vt 0.32099977135658264 0.87528753280639648
vt 0.32762736082077026 0.89993709325790405
vt 0.32099977135658264 0.89993709325790405
vt 0.32762736082077026 0.92458659410476685
vt 0.32099977135658264 0.92458659410476685
vt 0.32762736082077026 0.94923609495162964
vt 0.32099977135658264 0.94923609495162964
vt 0.32762736082077026 0.97388565540313721
vt 0.32099977135658264 0.97388565540313721
vt 0.32762736082077026 0.99853515625
vt 0.32099977135658264 0.99853515625
vt 0.63512837886810303 0.15915113687515259
vt 0.63428086042404175 0.14328309893608093
vt 0.63181775808334351 0.12791980803012848
vt 0.62761080265045166 0.11242882907390594
vt 0.62158602476119995 0.097101740539073944
vt 0.61388474702835083 0.082505777478218079
vt 0.60458201169967651 0.068817257881164551
vt 0.59373265504837036 0.05616939440369606
vt 0.5815240740776062 0.044816203415393829
vt 0.56819570064544678 0.034963786602020264
vt 0.5540236234664917 0.026758061721920967
vt 0.53930234909057617 0.020278345793485641
vt 0.5243261456489563 0.015537265688180923
vt 0.50937199592590332 0.012486448511481285
vt 0.49372342228889465 0.010982604697346687
vt 0.4795687198638916 0.011066013015806675
vt 0.46410223841667175 0.012727700173854828
vt 0.44871199131011963 0.016065293923020363
vt 0.43333566188812256 0.021199310198426247
vt 0.41833144426345825 0.028144598007202148
vt 0.40429326891899109 0.036662336438894272
vt 0.39115169644355774 0.04680473729968071
vt 0.37917742133140564 0.058414090424776077
vt 0.36860129237174988 0.07127438485622406
vt 0.35959967970848083 0.085124462842941284
vt 0.35228511691093445 0.099675312638282776
vt 0.3467029333114624 0.11462892591953278
vt 0.34283438324928284 0.12969644367694855
vt 0.34052413702011108 0.14545746147632599
vt 0.33989346027374268 0.15915113687515259
vt 0.34074091911315918 0.17501917481422424
vt 0.34320405125617981 0.19038248062133789
vt 0.34741100668907166 0.20587345957756042
vt 0.35343578457832336 0.22120054066181183
vt 0.36113709211349487 0.23579652607440948
vt 0.37043985724449158 0.24948503077030182
vt 0.38128918409347534 0.26213288307189941
vt 0.39349773526191711 0.27348607778549194
vt 0.40682613849639893 0.28333848714828491
vt 0.420998215675354 0.29154422879219055
vt 0.43571946024894714 0.29802393913269043
vt 0.4506956934928894 0.30276501178741455
vt 0.46564984321594238 0.30581584572792053
vt 0.48129838705062866 0.30731967091560364
vt 0.4954531192779541 0.30723628401756287
vt 0.51091957092285156 0.30557459592819214
vt 0.52630984783172607 0.30223697423934937
vt 0.54168617725372314 0.29710298776626587
vt 0.55669039487838745 0.29015767574310303
vt 0.570728600025177 0.28163996338844299
vt 0.58387011289596558 0.27149754762649536
vt 0.59584438800811768 0.2598881721496582
vt 0.60642051696777344 0.24702790379524231
vt 0.61542212963104248 0.23317782580852509
vt 0.62273675203323364 0.21862697601318359
vt 0.6283189058303833 0.2036733478307724
vt 0.63218742609024048 0.18860584497451782
vt 0.63449770212173462 0.17284482717514038
vt 0.64592963457107544 0.15915113687515259
vt 0.48751091957092285 0
vt 0.48751091957092285 0.31830227375030518
vt 0.64405471086502075 0.1835642009973526
vt 0.63840049505233765 0.20763218402862549
vt 0.6285247802734375 0.23167620599269867
vt 0.61528289318084717 0.25323671102523804
vt 0.59835708141326904 0.2728540301322937
vt 0.57849967479705811 0.28943315148353577
vt 0.55655038356781006 0.30239379405975342
vt 0.53346198797225952 0.31146010756492615
vt 0.51017469167709351 0.31666520237922668
vt 0.46321019530296326 0.31641870737075806
vt 0.43925297260284424 0.31073832511901855
vt 0.41531962156295776 0.30081695318222046
vt 0.39385834336280823 0.28751388192176819
vt 0.37433132529258728 0.27050977945327759
vt 0.35782846808433533 0.25056058168411255
vt 0.34492745995521545 0.2285098135471344
vt 0.33590289950370789 0.20531465113162994
vt 0.33072173595428467 0.18191972374916077
vt 0.32909220457077026 0.15915113687515259
vt 0.33096709847450256 0.13473808765411377
vt 0.33662134408950806 0.11067008972167969
vt 0.3464970588684082 0.0866260826587677
vt 0.35973891615867615 0.065065577626228333
vt 0.37666475772857666 0.045448273420333862
vt 0.3965221643447876 0.028869127854704857
vt 0.41847142577171326 0.015908479690551758
vt 0.44155985116958618 0.0068421903997659683
vt 0.46484711766242981 0.0016370854573324323
vt 0.51181161403656006 0.0018835717346519232
vt 0.53576886653900146 0.0075639602728188038
vt 0.55970221757888794 0.017485331743955612
vt 0.58116346597671509 0.030788403004407883
vt 0.60069054365158081 0.047792520374059677
vt 0.61719334125518799 0.067741721868515015
vt 0.63009434938430786 0.089792467653751373
vt 0.63911890983581543 0.11298764497041702
vt 0.64430010318756104 0.1363825649023056
vt 0.15841871500015259 0.8004339337348938
vt 0.13411802053451538 0.79855036735534668
vt 0.11016079038381577 0.7928699254989624
vt 0.0862274169921875 0.78294855356216431
vt 0.064766146242618561 0.76964551210403442
vt 0.045239109545946121 0.75264137983322144
vt 0.028736278414726257 0.7326921820640564
vt 0.015835266560316086 0.71064144372940063
vt 0.0068106991238892078 0.68744629621505737
vt 0.0016295474488288164 0.664051353931427
vt 0 0.64128279685974121
vt 0.0018749011214822531 0.61686968803405762
vt 0.0075291595421731472 0.59280169010162354
vt 0.017404872924089432 0.56875771284103394
vt 0.03064672090113163 0.54719722270965576
vt 0.047572575509548187 0.5275799036026001
vt 0.067429967224597931 0.51100075244903564
vt 0.089379243552684784 0.49804010987281799
vt 0.11246766895055771 0.48897382616996765
vt 0.13575492799282074 0.48376870155334473
vt 0.15841871500015259 0.48213163018226624
vt 0.18271942436695099 0.48401519656181335
vt 0.2066766619682312 0.48969557881355286
vt 0.23061001300811768 0.49961695075035095
vt 0.25207129120826721 0.51292002201080322
vt 0.27159830927848816 0.52992415428161621
vt 0.28810116648674011 0.54987335205078125
vt 0.30100217461585999 0.57192409038543701
vt 0.31002673506736755 0.59511929750442505
vt 0.31520789861679077 0.61851418018341064
vt 0.31683743000030518 0.64128279685974121
vt 0.31496253609657288 0.66569584608078003
vt 0.30930829048156738 0.68976378440856934
vt 0.29943257570266724 0.71380782127380371
vt 0.28619071841239929 0.73536831140518188
vt 0.26926487684249878 0.75498563051223755
vt 0.24940747022628784 0.771564781665802
vt 0.22745820879936218 0.78452545404434204
vt 0.20436976850032806 0.79359173774719238
vt 0.18108251690864563 0.79879683256149292
vt 0.15841871500015259 0.64128279685974121
vt 0.079209357500076294 0.64128279685974121
vt 0.15841871500015259 0.72085833549499512
vt 0.079209357500076294 0.72085833549499512
vt 0.079209357500076294 0.76064610481262207
vt 0.11881404370069504 0.72085833549499512
vt 0.15841871500015259 0.76064610481262207
vt 0.11881404370069504 0.76064610481262207
vt 0.23762808740139008 0.64128279685974121
vt 0.23762808740139008 0.72085833549499512
vt 0.19802340865135193 0.72085833549499512
vt 0.23762808740139008 0.76064610481262207
vt 0.19802340865135193 0.76064610481262207
vt 0.039604678750038147 0.72085833549499512
vt 0.039604678750038147 0.64128279685974121
vt 0.079209357500076294 0.68107056617736816
vt 0.039604678750038147 0.68107056617736816
vt 0.15841871500015259 0.56170719861984253
vt 0.079209357500076294 0.56170719861984253
vt 0.039604678750038147 0.56170719861984253
vt 0.079209357500076294 0.60149496793746948
vt 0.039604678750038147 0.60149496793746948
vt 0.079209357500076294 0.52191942930221558
vt 0.11881404370069504 0.56170719861984253
vt 0.15841871500015259 0.52191942930221558
vt 0.11881404370069504 0.52191942930221558
vt 0.23762808740139008 0.56170719861984253
vt 0.19802340865135193 0.56170719861984253
vt 0.23762808740139008 0.52191942930221558
vt 0.19802340865135193 0.52191942930221558
vt 0.27723276615142822 0.56170719861984253
vt 0.27723276615142822 0.64128279685974121
vt 0.23762808740139008 0.60149496793746948
vt 0.27723276615142822 0.60149496793746948
vt 0.27723276615142822 0.72085833549499512
vt 0.23762808740139008 0.68107056617736816
vt 0.27723276615142822 0.68107056617736816
vn 1 0 0
vn 1 0 0
vn 0.9942590594291687 0 0.10699962824583054
vn 0.9942590594291687 0 0.10699962824583054
vn 0.9775732159614563 0 0.2105957567691803
vn 0.9775732159614563 0 0.2105957567691803
vn 0.9490741491317749 0 0.31505280733108521
vn 0.9490741491317749 0 0.31505280733108521
vn 0.90826064348220825 0 0.41840481758117676
vn 0.90826064348220825 0 0.41840481758117676
vn 0.8560900092124939 0 0.51682674884796143
vn 0.8560900092124939 0 0.51682674884796143
vn 0.79307067394256592 0 0.60912966728210449
vn 0.79307067394256592 0 0.60912966728210449
vn 0.71957439184188843 0 0.69441533088684082
vn 0.71957439184188843 0 0.69441533088684082
vn 0.63687032461166382 0 0.77097094058990479
vn 0.63687032461166382 0 0.77097094058990479
vn 0.54658025503158569 0 0.8374066948890686
vn 0.54658025503158569 0 0.8374066948890686
vn 0.45057481527328491 0 0.89273864030838013
vn 0.45057481527328491 0 0.89273864030838013
vn 0.35084915161132812 0 0.93643200397491455
vn 0.35084915161132812 0 0.93643200397491455
vn 0.24939624965190887 0 0.96840155124664307
vn 0.24939624965190887 0 0.96840155124664307
vn 0.14809282124042511 0 0.98897343873977661
vn 0.14809282124042511 0 0.98897343873977661
vn 0.042085267603397369 0 0.99911403656005859
vn 0.042085267603397369 0 0.99911403656005859
vn -0.053802616894245148 0 0.99855160713195801
vn -0.053802616894245148 0 0.99855160713195801
vn -0.15857654809951782 0 0.98734670877456665
vn -0.15857654809951782 0 0.98734670877456665
vn -0.2628343403339386 0 0.96484094858169556
vn -0.2628343403339386 0 0.96484094858169556
vn -0.36699771881103516 0 0.93022185564041138
vn -0.36699771881103516 0 0.93022185564041138
vn -0.46864020824432373 0 0.88338911533355713
vn -0.46864020824432373 0 0.88338911533355713
vn -0.56373864412307739 0 0.82595324516296387
vn -0.56373864412307739 0 0.82595324516296387
vn -0.65276306867599487 0 0.75756210088729858
vn -0.65276306867599487 0 0.75756210088729858
vn -0.73387998342514038 0 0.6792791485786438
vn -0.73387998342514038 0 0.6792791485786438
vn -0.80552554130554199 0 0.59256106615066528
vn -0.80552554130554199 0 0.59256106615066528
vn -0.86650484800338745 0 0.49916869401931763
vn -0.86650484800338745 0 0.49916869401931763
vn -0.91605573892593384 0 0.40105095505714417
vn -0.91605573892593384 0 0.40105095505714417
vn -0.95387083292007446 0 0.3002173900604248
vn -0.95387083292007446 0 0.3002173900604248
vn -0.98007744550704956 0 0.19861577451229095
vn -0.98007744550704956 0 0.19861577451229095
vn -0.99572771787643433 0 0.092337757349014282
vn -0.99572771787643433 0 0.092337757349014282
vn -1 0 0
vn -1 0 0
vn -0.9942590594291687 0 -0.10699962824583054
vn -0.9942590594291687 0 -0.10699962824583054
vn -0.9775732159614563 0 -0.2105957567691803
vn -0.9775732159614563 0 -0.2105957567691803
vn -0.9490741491317749 0 -0.31505280733108521
vn -0.9490741491317749 0 -0.31505280733108521
vn -0.90826064348220825 0 -0.41840481758117676
vn -0.90826064348220825 0 -0.41840481758117676
vn -0.8560900092124939 0 -0.51682674884796143
vn -0.8560900092124939 0 -0.51682674884796143
vn -0.79307067394256592 0 -0.60912966728210449
vn -0.79307067394256592 0 -0.60912966728210449
vn -0.71957439184188843 0 -0.69441533088684082
vn -0.71957439184188843 0 -0.69441533088684082
vn -0.63687032461166382 0 -0.77097094058990479
vn -0.63687032461166382 0 -0.77097094058990479
vn -0.54658025503158569 0 -0.8374066948890686
vn -0.54658025503158569 0 -0.8374066948890686
vn -0.45057481527328491 0 -0.89273864030838013
vn -0.45057481527328491 0 -0.89273864030838013
vn -0.35084915161132812 0 -0.93643200397491455
vn -0.35084915161132812 0 -0.93643200397491455
vn -0.24939624965190887 0 -0.96840155124664307
vn -0.24939624965190887 0 -0.96840155124664307
vn -0.14809282124042511 0 -0.98897343873977661
vn -0.14809282124042511 0 -0.98897343873977661
vn -0.042085267603397369 0 -0.99911403656005859
vn -0.042085267603397369 0 -0.99911403656005859
vn 0.053802616894245148 0 -0.99855160713195801
vn 0.053802616894245148 0 -0.99855160713195801
vn 0.15857654809951782 0 -0.98734670877456665
vn 0.15857654809951782 0 -0.98734670877456665
vn 0.2628343403339386 0 -0.96484094858169556
vn 0.2628343403339386 0 -0.96484094858169556
vn 0.36699771881103516 0 -0.93022185564041138
vn 0.36699771881103516 0 -0.93022185564041138
vn 0.46864020824432373 0 -0.88338911533355713
vn 0.46864020824432373 0 -0.88338911533355713
vn 0.56373864412307739 0 -0.82595324516296387
vn 0.56373864412307739 0 -0.82595324516296387
vn 0.65276306867599487 0 -0.75756210088729858
vn 0.65276306867599487 0 -0.75756210088729858
vn 0.73387998342514038 0 -0.6792791485786438
vn 0.73387998342514038 0 -0.6792791485786438
vn 0.80552554130554199 0 -0.59256106615066528
vn 0.80552554130554199 0 -0.59256106615066528
vn 0.86650484800338745 0 -0.49916869401931763
vn 0.86650484800338745 0 -0.49916869401931763
vn 0.91605573892593384 0 -0.40105095505714417
vn 0.91605573892593384 0 -0.40105095505714417
vn 0.95387083292007446 0 -0.3002173900604248
vn 0.95387083292007446 0 -0.3002173900604248
vn 0.98007744550704956 0 -0.19861577451229095
vn 0.98007744550704956 0 -0.19861577451229095
vn 0.99572771787643433 0 -0.092337757349014282
vn 0.99572771787643433 0 -0.092337757349014282
vn 1 0 0
vn 1 0 0
vn 0 -1 0
vn 0 -1 0
vn 0 -1 0
vn 0 -1 0
vn 0 -1 0
vn 0 -1 0
vn 0 -1 0
vn 0 -1 0
vn 0 -1 0
vn 0 -1 0
vn 0 -1 0
vn 0 -1 0
vn 0 -1 0
vn 0 -1 0
vn 0 -1 0
vn 0 -1 0
vn 0 -1 0
vn 0 -1 0
vn 0 -1 0
vn 0 -1 0
vn 0 -1 0
vn 0 -1 0
vn 0 -1 0
vn 0 -1 0
vn 0 -1 0
vn 0 -1 0
vn 0 -1 0
vn 0 -1 0
vn 0 -1 0
vn 0 -1 0
vn 0 -1 0
vn 0 -1 0
vn 0 -1 0
vn 0 -1 0
vn 0 -1 0
vn 0 -1 0
vn 0 -1 0
vn 0 -1 0
vn 0 -1 0
vn 0 -1 0
vn 0 -1 0
vn 0 -1 0
vn 0 -1 0
vn 0 -1 0
vn 0 -1 0
vn 0 -1 0
vn 0 -1 0
vn 0 -1 0
vn 0 -1 0
vn 0 -1 0
vn 0 -1 0
vn 0 -1 0
vn 0 -1 0
vn 0 -1 0
vn 0 -1 0
vn 0 -1 0
vn 0 -1 0
vn 0 -1 0
vn 0 -1 0
vn 0 -1 0
vn 0 -1 0
vn 0 -1 0
vn 0 -1 0
vn 0 -1 0
vn 0 -1 0
vn 0 -1 0
vn 0 -1 0
vn 0 -1 0
vn 0 -1 0
vn 0 -1 0
vn 0 -1 0
vn 0 -1 0
vn 0 -1 0
vn 0 -1 0
vn 0 -1 0
vn 0 -1 0
vn 0 -1 0
vn 0 -1 0
vn 0 -1 0
vn 0 -1 0
vn 0 -1 0
vn 0 -1 0
vn 0 -1 0
vn 0 -1 0
vn 0 -1 0
vn 0 -1 0
vn 0 -1 0
vn 0 -1 0
vn 0 -1 0
vn 0 -1 0
vn 0 -1 0
vn 0 -1 0
vn 0 -1 0
vn 0 -1 0
vn 0 -1 0
vn 1 0 0
vn 1 0 0
vn 0.98816490173339844 0 -0.15339542925357819
vn 0.98816490173339844 0 -0.15339542925357819
vn 0.95247310400009155 0 -0.30462270975112915
vn 0.95247310400009155 0 -0.30462270975112915
vn 0.89013379812240601 0 -0.45569926500320435
vn 0.89013379812240601 0 -0.45569926500320435
vn 0.80654615163803101 0 -0.59117114543914795
vn 0.80654615163803101 0 -0.59117114543914795
vn 0.69970357418060303 0 -0.71443325281143188
vn 0.69970357418060303 0 -0.71443325281143188
vn 0.5743560791015625 0 -0.81860560178756714
vn 0.5743560791015625 0 -0.81860560178756714
vn 0.43580380082130432 0 -0.90004169940948486
vn 0.43580380082130432 0 -0.90004169940948486
vn 0.29006078839302063 0 -0.9570082426071167
vn 0.29006078839302063 0 -0.9570082426071167
vn 0.14306259155273438 0 -0.98971366882324219
vn 0.14306259155273438 0 -0.98971366882324219
vn 0 0 -1
vn 0 0 -1
vn -0.15339542925357819 0 -0.98816490173339844
vn -0.15339542925357819 0 -0.98816490173339844
vn -0.30462270975112915 0 -0.95247310400009155
vn -0.30462270975112915 0 -0.95247310400009155
vn -0.45569926500320435 0 -0.89013379812240601
vn -0.45569926500320435 0 -0.89013379812240601
vn -0.59117114543914795 0 -0.80654615163803101
vn -0.59117114543914795 0 -0.80654615163803101
vn -0.71443325281143188 0 -0.69970357418060303
vn -0.71443325281143188 0 -0.69970357418060303
vn -0.81860560178756714 0 -0.5743560791015625
vn -0.81860560178756714 0 -0.5743560791015625
vn -0.90004169940948486 0 -0.43580380082130432
vn -0.90004169940948486 0 -0.43580380082130432
vn -0.9570082426071167 0 -0.29006078839302063
vn -0.9570082426071167 0 -0.29006078839302063
vn -0.98971366882324219 0 -0.14306259155273438
vn -0.98971366882324219 0 -0.14306259155273438
vn -1 0 0
vn -1 0 0
vn -0.98816490173339844 0 0.15339542925357819
vn -0.98816490173339844 0 0.15339542925357819
vn -0.95247310400009155 0 0.30462270975112915
vn -0.95247310400009155 0 0.30462270975112915
vn -0.89013379812240601 0 0.45569926500320435
vn -0.89013379812240601 0 0.45569926500320435
vn -0.80654615163803101 0 0.59117114543914795
vn -0.80654615163803101 0 0.59117114543914795
vn -0.69970357418060303 0 0.71443325281143188
vn -0.69970357418060303 0 0.71443325281143188
vn -0.5743560791015625 0 0.81860560178756714
vn -0.5743560791015625 0 0.81860560178756714
vn -0.43580380082130432 0 0.90004169940948486
vn -0.43580380082130432 0 0.90004169940948486
vn -0.29006078839302063 0 0.9570082426071167
vn -0.29006078839302063 0 0.9570082426071167
vn -0.14306259155273438 0 0.98971366882324219
vn -0.14306259155273438 0 0.98971366882324219
vn 0 0 1
vn 0 0 1
vn 0.15339542925357819 0 0.98816490173339844
vn 0.15339542925357819 0 0.98816490173339844
vn 0.30462270975112915 0 0.95247310400009155
vn 0.30462270975112915 0 0.95247310400009155
vn 0.45569926500320435 0 0.89013379812240601
vn 0.45569926500320435 0 0.89013379812240601
vn 0.59117114543914795 0 0.80654615163803101
vn 0.59117114543914795 0 0.80654615163803101
vn 0.71443325281143188 0 0.69970357418060303
vn 0.71443325281143188 0 0.69970357418060303
vn 0.81860560178756714 0 0.5743560791015625
vn 0.81860560178756714 0 0.5743560791015625
vn 0.90004169940948486 0 0.43580380082130432
vn 0.90004169940948486 0 0.43580380082130432
vn 0.9570082426071167 0 0.29006078839302063
vn 0.9570082426071167 0 0.29006078839302063
vn 0.98971366882324219 0 0.14306259155273438
vn 0.98971366882324219 0 0.14306259155273438
vn 1 0 0
vn 1 0 0
vn 0 -1 0
vn 0 -1 0
vn 0 -1 0
vn 0 -1 0
vn 0 -1 0
vn 0 -1 0
vn 0 -1 0
vn 0 -1 0
vn 0 -1 0
vn 0 -1 0
vn 0 -1 0
vn 0 -1 0
vn 0 -1 0
vn 0 -1 0
vn 0 -1 0
vn 0 -1 0
vn 0 -1 0
vn 0 -1 0
vn 0 -1 0
vn 0 -1 0
vn 0 -1 0
vn 0 -1 0
vn 0 -1 0
vn 0 -1 0
vn 0 -1 0
vn 0 -1 0
vn 0 -1 0
vn 0 -1 0
vn 0 -1 0
vn 0 -1 0
vn 0 -1 0
vn 0 -1 0
vn 0 -1 0
vn 0 -1 0
vn 0 -1 0
vn 0 -1 0
vn 0 -1 0
vn 0 -1 0
vn 0 -1 0
vn 0 -1 0
vn 0 -1 0
vn 0 -1 0
vn 0 -1 0
vn 0 -1 0
vn 0 -1 0
vn 0 -1 0
vn 0 -1 0
vn 0 -1 0
vn 0 -1 0
vn 0 -1 0
vn 0 -1 0
vn 0 -1 0
vn 0 -1 0
vn 0 -1 0
vn 0 -1 0
vn 0 -1 0
vn 0 -1 0
vn 0 -1 0
vn 0 -1 0
vn 0 -1 0
vn 0 -1 0
vn 0 -1 0
vn 0 -1 0
vn 0 -1 0
vn 0 -1 0
vn 0 -1 0
vn 0 -1 0
vn 0 -1 0
vn 0 -1 0
vn 0 -1 0
vn 0 -1 0
vn 0 -1 0
vn 0 -1 0
vn 0 -1 0
vn 0 -1 0
vn 0 -1 0
vn 0 -1 0
vn 0 -1 0
vn 0 -1 0
vn 0 -1 0
vn 0 -1 0
vn 0 -1 0
vn 0 -1 0
vn 0 -1 0
vn 0 -1 0
vn 0 -1 0
vn 0 -1 0
vn 0 -1 0
vn 0 -1 0
vn 0 -1 0
vn 0 -1 0
vn 0 -1 0
vn 0 -1 0
vn 0 -1 0
vn 0 -1 0
vn 0 -1 0
vn 0 -1 0
vn 0 -1 0
vn 0 1 0
vn 0 1 0
vn 0 1 0
vn 0 1 0
vn 0 1 0
vn 0 1 0
vn 0 1 0
vn 0 1 0
vn 0 1 0
vn 0 1 0
vn 0 1 0
vn 0 1 0
vn 0 1 0
vn 0 1 0
vn 0 1 0
vn 0 1 0
vn 0 1 0
vn 0 1 0
vn 0 1 0
vn 0 1 0
vn 0 1 0
vn 0 1 0
vn 0 1 0
vn 0 1 0
vn 0 1 0
vn 0 1 0
vn 0 1 0
vn 0 1 0
vn 0 1 0
vn 0 1 0
vn 0 1 0
vn 0 1 0
vn 0 1 0
vn 0 1 0
vn 0 1 0
vn 0 1 0
vn 0 1 0
vn 0 1 0
vn 0 1 0
vn 0 1 0
vn 0 1 0
vn 0 1 0
vn 0 1 0
vn 0 1 0
vn 0 1 0
vn 0 1 0
vn 0 1 0
vn 0 1 0
vn 0 1 0
vn 0 1 0
vn 0 1 0
vn 0 1 0
vn 0 1 0
vn 0 1 0
vn 0 1 0
vn 0 1 0
vn 0 1 0
vn 0 1 0
vn 0 1 0
vn 0 1 0
vn 0 1 0
vn 0 1 0
vn 0 1 0
vn 0 1 0
vn 0 1 0
vn 0 1 0
vn 0 1 0
vn 0 1 0
vn 0 1 0
vn 0 1 0
vn 0 1 0
vn 0 1 0
vn 0 1 0
vn 0 1 0
vn 0 1 0
vn 0 1 0
vn 0 1 0
f 2719/2719/2719 2720/2720/2720 2718/2718/2718 2717/2717/2717
f 2721/2721/2721 2722/2722/2722 2720/2720/2720 2719/2719/2719
f 2725/2725/2725 2726/2726/2726 2724/2724/2724 2723/2723/2723
f 2729/2729/2729 2730/2730/2730 2728/2728/2728 2727/2727/2727
f 2727/2727/2727 2728/2728/2728 2726/2726/2726 2725/2725/2725
f 2723/2723/2723 2724/2724/2724 2722/2722/2722 2721/2721/2721
f 2733/2733/2733 2734/2734/2734 2732/2732/2732 2731/2731/2731
f 2735/2735/2735 2736/2736/2736 2734/2734/2734 2733/2733/2733
f 2739/2739/2739 2740/2740/2740 2738/2738/2738 2737/2737/2737
f 2743/2743/2743 2744/2744/2744 2742/2742/2742 2741/2741/2741
f 2741/2741/2741 2742/2742/2742 2740/2740/2740 2739/2739/2739
f 2737/2737/2737 2738/2738/2738 2736/2736/2736 2735/2735/2735
f 2731/2731/2731 2732/2732/2732 2730/2730/2730 2729/2729/2729
f 2747/2747/2747 2748/2748/2748 2746/2746/2746 2745/2745/2745
f 2749/2749/2749 2750/2750/2750 2748/2748/2748 2747/2747/2747
f 2753/2753/2753 2754/2754/2754 2752/2752/2752 2751/2751/2751
f 2757/2757/2757 2758/2758/2758 2756/2756/2756 2755/2755/2755
f 2755/2755/2755 2756/2756/2756 2754/2754/2754 2753/2753/2753
f 2751/2751/2751 2752/2752/2752 2750/2750/2750 2749/2749/2749
f 2761/2761/2761 2762/2762/2762 2760/2760/2760 2759/2759/2759
f 2765/2765/2765 2766/2766/2766 2764/2764/2764 2763/2763/2763
f 2763/2763/2763 2764/2764/2764 2762/2762/2762 2761/2761/2761
f 2769/2769/2769 2770/2770/2770 2768/2768/2768 2767/2767/2767
f 2773/2773/2773 2774/2774/2774 2772/2772/2772 2771/2771/2771
f 2771/2771/2771 2772/2772/2772 2770/2770/2770 2769/2769/2769
f 2767/2767/2767 2768/2768/2768 2766/2766/2766 2765/2765/2765
f 2759/2759/2759 2760/2760/2760 2758/2758/2758 2757/2757/2757
f 2745/2745/2745 2746/2746/2746 2744/2744/2744 2743/2743/2743
f 2775/2775/2775 2776/2776/2776 2774/2774/2774 2773/2773/2773
f 2779/2779/2779 2780/2780/2780 2778/2778/2778 2777/2777/2777
f 2781/2781/2781 2782/2782/2782 2780/2780/2780 2779/2779/2779
f 2785/2785/2785 2786/2786/2786 2784/2784/2784 2783/2783/2783
f 2789/2789/2789 2790/2790/2790 2788/2788/2788 2787/2787/2787
f 2787/2787/2787 2788/2788/2788 2786/2786/2786 2785/2785/2785
f 2783/2783/2783 2784/2784/2784 2782/2782/2782 2781/2781/2781
f 2793/2793/2793 2794/2794/2794 2792/2792/2792 2791/2791/2791
f 2795/2795/2795 2796/2796/2796 2794/2794/2794 2793/2793/2793
f 2799/2799/2799 2800/2800/2800 2798/2798/2798 2797/2797/2797
f 2803/2803/2803 2804/2804/2804 2802/2802/2802 2801/2801/2801
f 2801/2801/2801 2802/2802/2802 2800/2800/2800 2799/2799/2799
f 2797/2797/2797 2798/2798/2798 2796/2796/2796 2795/2795/2795
f 2791/2791/2791 2792/2792/2792 2790/2790/2790 2789/2789/2789
f 2807/2807/2807 2808/2808/2808 2806/2806/2806 2805/2805/2805
f 2809/2809/2809 2810/2810/2810 2808/2808/2808 2807/2807/2807
f 2813/2813/2813 2814/2814/2814 2812/2812/2812 2811/2811/2811
f 2817/2817/2817 2818/2818/2818 2816/2816/2816 2815/2815/2815
f 2815/2815/2815 2816/2816/2816 2814/2814/2814 2813/2813/2813
f 2811/2811/2811 2812/2812/2812 2810/2810/2810 2809/2809/2809
f 2821/2821/2821 2822/2822/2822 2820/2820/2820 2819/2819/2819
f 2825/2825/2825 2826/2826/2826 2824/2824/2824 2823/2823/2823
f 2823/2823/2823 2824/2824/2824 2822/2822/2822 2821/2821/2821
f 2829/2829/2829 2830/2830/2830 2828/2828/2828 2827/2827/2827
f 2833/2833/2833 2834/2834/2834 2832/2832/2832 2831/2831/2831
f 2831/2831/2831 2832/2832/2832 2830/2830/2830 2829/2829/2829
f 2827/2827/2827 2828/2828/2828 2826/2826/2826 2825/2825/2825
f 2819/2819/2819 2820/2820/2820 2818/2818/2818 2817/2817/2817
f 2805/2805/2805 2806/2806/2806 2804/2804/2804 2803/2803/2803
f 2777/2777/2777 2778/2778/2778 2776/2776/2776 2775/2775/2775
f 2909/2909/2909 2907/2907/2907 2894/2894/2894 2908/2908/2908
f 2906/2906/2906 2909/2909/2909 2908/2908/2908 2896/2896/2896
f 2898/2898/2898 2896/2896/2896 2908/2908/2908
f 2908/2908/2908 2894/2894/2894 2893/2893/2893
f 2893/2893/2893 2895/2895/2895 2898/2898/2898
f 2898/2898/2898 2908/2908/2908 2893/2893/2893
f 2897/2897/2897 2896/2896/2896 2898/2898/2898 2900/2900/2900
f 2900/2900/2900 2898/2898/2898 2895/2895/2895 2899/2899/2899
f 2914/2914/2914 2912/2912/2912 2911/2911/2911 2913/2913/2913
f 2907/2907/2907 2914/2914/2914 2913/2913/2913 2894/2894/2894
f 2911/2911/2911 2915/2915/2915 2918/2918/2918 2916/2916/2916
f 2916/2916/2916 2918/2918/2918 2917/2917/2917 2910/2910/2910
f 2913/2913/2913 2911/2911/2911 2916/2916/2916
f 2916/2916/2916 2910/2910/2910 2893/2893/2893
f 2893/2893/2893 2894/2894/2894 2913/2913/2913
f 2913/2913/2913 2916/2916/2916 2893/2893/2893
f 2920/2920/2920 2919/2919/2919 2925/2925/2925
f 2925/2925/2925 2901/2901/2901 2893/2893/2893
f 2893/2893/2893 2910/2910/2910 2920/2920/2920
f 2920/2920/2920 2925/2925/2925 2893/2893/2893
f 2910/2910/2910 2917/2917/2917 2922/2922/2922 2920/2920/2920
f 2920/2920/2920 2922/2922/2922 2921/2921/2921 2919/2919/2919
f 2901/2901/2901 2925/2925/2925 2926/2926/2926 2924/2924/2924
f 2925/2925/2925 2919/2919/2919 2923/2923/2923 2926/2926/2926
f 2899/2899/2899 2895/2895/2895 2903/2903/2903 2905/2905/2905
f 2905/2905/2905 2903/2903/2903 2902/2902/2902 2904/2904/2904
f 2928/2928/2928 2902/2902/2902 2903/2903/2903
f 2903/2903/2903 2895/2895/2895 2893/2893/2893
f 2893/2893/2893 2901/2901/2901 2928/2928/2928
f 2928/2928/2928 2903/2903/2903 2893/2893/2893
f 2902/2902/2902 2928/2928/2928 2929/2929/2929 2927/2927/2927
f 2928/2928/2928 2901/2901/2901 2924/2924/2924 2929/2929/2929
f 2921/2921/2921 2869/2869/2869 2870/2870/2870
f 2871/2871/2871 2919/2919/2919 2921/2921/2921
f 2870/2870/2870 2871/2871/2871 2921/2921/2921
f 2868/2868/2868 2869/2869/2869 2921/2921/2921
f 2922/2922/2922 2865/2865/2865 2866/2866/2866
f 2922/2922/2922 2867/2867/2867 2868/2868/2868
f 2921/2921/2921 2922/2922/2922 2868/2868/2868
f 2866/2866/2866 2867/2867/2867 2922/2922/2922
f 2917/2917/2917 2865/2865/2865 2922/2922/2922
f 2872/2872/2872 2923/2923/2923 2871/2871/2871
f 2875/2875/2875 2926/2926/2926 2874/2874/2874
f 2877/2877/2877 2926/2926/2926 2876/2876/2876
f 2926/2926/2926 2875/2875/2875 2876/2876/2876
f 2878/2878/2878 2924/2924/2924 2877/2877/2877
f 2871/2871/2871 2923/2923/2923 2919/2919/2919
f 2923/2923/2923 2873/2873/2873 2874/2874/2874
f 2926/2926/2926 2923/2923/2923 2874/2874/2874
f 2926/2926/2926 2877/2877/2877 2924/2924/2924
f 2873/2873/2873 2923/2923/2923 2872/2872/2872
f 2924/2924/2924 2878/2878/2878 2879/2879/2879
f 2917/2917/2917 2863/2863/2863 2864/2864/2864
f 2918/2918/2918 2862/2862/2862 2917/2917/2917
f 2863/2863/2863 2917/2917/2917 2862/2862/2862
f 2861/2861/2861 2862/2862/2862 2918/2918/2918
f 2917/2917/2917 2864/2864/2864 2865/2865/2865
f 2860/2860/2860 2861/2861/2861 2918/2918/2918
f 2858/2858/2858 2859/2859/2859 2915/2915/2915
f 2860/2860/2860 2915/2915/2915 2859/2859/2859
f 2857/2857/2857 2858/2858/2858 2915/2915/2915
f 2860/2860/2860 2918/2918/2918 2915/2915/2915
f 2911/2911/2911 2856/2856/2856 2857/2857/2857
f 2855/2855/2855 2856/2856/2856 2912/2912/2912
f 2856/2856/2856 2911/2911/2911 2912/2912/2912
f 2911/2911/2911 2857/2857/2857 2915/2915/2915
f 2914/2914/2914 2854/2854/2854 2912/2912/2912
f 2855/2855/2855 2912/2912/2912 2854/2854/2854
f 2854/2854/2854 2914/2914/2914 2853/2853/2853
f 2853/2853/2853 2914/2914/2914 2852/2852/2852
f 2852/2852/2852 2914/2914/2914 2851/2851/2851
f 2851/2851/2851 2907/2907/2907 2850/2850/2850
f 2907/2907/2907 2851/2851/2851 2914/2914/2914
f 2929/2929/2929 2924/2924/2924 2880/2880/2880
f 2881/2881/2881 2882/2882/2882 2929/2929/2929
f 2880/2880/2880 2881/2881/2881 2929/2929/2929
f 2883/2883/2883 2929/2929/2929 2882/2882/2882
f 2927/2927/2927 2929/2929/2929 2883/2883/2883
f 2902/2902/2902 2927/2927/2927 2885/2885/2885
f 2884/2884/2884 2885/2885/2885 2927/2927/2927
f 2886/2886/2886 2902/2902/2902 2885/2885/2885
f 2927/2927/2927 2883/2883/2883 2884/2884/2884
f 2887/2887/2887 2904/2904/2904 2886/2886/2886
f 2904/2904/2904 2888/2888/2888 2889/2889/2889
f 2887/2887/2887 2888/2888/2888 2904/2904/2904
f 2905/2905/2905 2904/2904/2904 2889/2889/2889
f 2891/2891/2891 2899/2899/2899 2905/2905/2905
f 2899/2899/2899 2891/2891/2891 2892/2892/2892
f 2890/2890/2890 2891/2891/2891 2905/2905/2905
f 2890/2890/2890 2905/2905/2905 2889/2889/2889
f 2835/2835/2835 2899/2899/2899 2892/2892/2892
f 2904/2904/2904 2902/2902/2902 2886/2886/2886
f 2909/2909/2909 2848/2848/2848 2907/2907/2907
f 2844/2844/2844 2906/2906/2906 2843/2843/2843
f 2896/2896/2896 2842/2842/2842 2906/2906/2906
f 2845/2845/2845 2909/2909/2909 2906/2906/2906
f 2906/2906/2906 2844/2844/2844 2845/2845/2845
f 2848/2848/2848 2849/2849/2849 2907/2907/2907
f 2848/2848/2848 2909/2909/2909 2847/2847/2847
f 2847/2847/2847 2909/2909/2909 2846/2846/2846
f 2909/2909/2909 2845/2845/2845 2846/2846/2846
f 2850/2850/2850 2907/2907/2907 2849/2849/2849
f 2839/2839/2839 2900/2900/2900 2838/2838/2838
f 2837/2837/2837 2838/2838/2838 2900/2900/2900
f 2837/2837/2837 2900/2900/2900 2836/2836/2836
f 2836/2836/2836 2900/2900/2900 2899/2899/2899
f 2843/2843/2843 2906/2906/2906 2842/2842/2842
f 2842/2842/2842 2896/2896/2896 2897/2897/2897
f 2841/2841/2841 2842/2842/2842 2897/2897/2897
f 2841/2841/2841 2897/2897/2897 2840/2840/2840
f 2839/2839/2839 2840/2840/2840 2897/2897/2897
f 2839/2839/2839 2897/2897/2897 2900/2900/2900
f 2899/2899/2899 2835/2835/2835 2836/2836/2836
f 2880/2880/2880 2924/2924/2924 2879/2879/2879
f 2932/2932/2932 2933/2933/2933 2931/2931/2931 2930/2930/2930
f 2936/2936/2936 2937/2937/2937 2935/2935/2935 2934/2934/2934
f 2938/2938/2938 2939/2939/2939 2937/2937/2937 2936/2936/2936
f 2934/2934/2934 2935/2935/2935 2933/2933/2933 2932/2932/2932
f 2942/2942/2942 2943/2943/2943 2941/2941/2941 2940/2940/2940
f 2946/2946/2946 2947/2947/2947 2945/2945/2945 2944/2944/2944
f 2948/2948/2948 2949/2949/2949 2947/2947/2947 2946/2946/2946
f 2944/2944/2944 2945/2945/2945 2943/2943/2943 2942/2942/2942
f 2940/2940/2940 2941/2941/2941 2939/2939/2939 2938/2938/2938
f 2952/2952/2952 2953/2953/2953 2951/2951/2951 2950/2950/2950
f 2956/2956/2956 2957/2957/2957 2955/2955/2955 2954/2954/2954
f 2958/2958/2958 2959/2959/2959 2957/2957/2957 2956/2956/2956
f 2954/2954/2954 2955/2955/2955 2953/2953/2953 2952/2952/2952
f 2962/2962/2962 2963/2963/2963 2961/2961/2961 2960/2960/2960
f 2966/2966/2966 2967/2967/2967 2965/2965/2965 2964/2964/2964
f 2968/2968/2968 2969/2969/2969 2967/2967/2967 2966/2966/2966
f 2964/2964/2964 2965/2965/2965 2963/2963/2963 2962/2962/2962
f 2960/2960/2960 2961/2961/2961 2959/2959/2959 2958/2958/2958
f 2950/2950/2950 2951/2951/2951 2949/2949/2949 2948/2948/2948
f 2970/2970/2970 2971/2971/2971 2969/2969/2969 2968/2968/2968
f 2974/2974/2974 2975/2975/2975 2973/2973/2973 2972/2972/2972
f 2978/2978/2978 2979/2979/2979 2977/2977/2977 2976/2976/2976
f 2980/2980/2980 2981/2981/2981 2979/2979/2979 2978/2978/2978
f 2976/2976/2976 2977/2977/2977 2975/2975/2975 2974/2974/2974
f 2984/2984/2984 2985/2985/2985 2983/2983/2983 2982/2982/2982
f 2988/2988/2988 2989/2989/2989 2987/2987/2987 2986/2986/2986
f 2990/2990/2990 2991/2991/2991 2989/2989/2989 2988/2988/2988
f 2986/2986/2986 2987/2987/2987 2985/2985/2985 2984/2984/2984
f 2982/2982/2982 2983/2983/2983 2981/2981/2981 2980/2980/2980
f 2994/2994/2994 2995/2995/2995 2993/2993/2993 2992/2992/2992
f 2998/2998/2998 2999/2999/2999 2997/2997/2997 2996/2996/2996
f 3000/3000/3000 3001/3001/3001 2999/2999/2999 2998/2998/2998
f 2996/2996/2996 2997/2997/2997 2995/2995/2995 2994/2994/2994
f 3004/3004/3004 3005/3005/3005 3003/3003/3003 3002/3002/3002
f 3008/3008/3008 3009/3009/3009 3007/3007/3007 3006/3006/3006
f 3010/3010/3010 3011/3011/3011 3009/3009/3009 3008/3008/3008
f 3006/3006/3006 3007/3007/3007 3005/3005/3005 3004/3004/3004
f 3002/3002/3002 3003/3003/3003 3001/3001/3001 3000/3000/3000
f 2992/2992/2992 2993/2993/2993 2991/2991/2991 2990/2990/2990
f 2972/2972/2972 2973/2973/2973 2971/2971/2971 2970/2970/2970
f 3036/3036/3036 3095/3095/3095 3094/3094/3094
f 3035/3035/3035 3095/3095/3095 3036/3036/3036
f 3037/3037/3037 3036/3036/3036 3094/3094/3094
f 3035/3035/3035 3034/3034/3034 3095/3095/3095
f 3096/3096/3096 3095/3095/3095 3034/3034/3034
f 3033/3033/3033 3096/3096/3096 3034/3034/3034
f 3039/3039/3039 3092/3092/3092 3040/3040/3040
f 3093/3093/3093 3092/3092/3092 3039/3039/3039
f 3091/3091/3091 3040/3040/3040 3092/3092/3092
f 3093/3093/3093 3039/3039/3039 3038/3038/3038
f 3093/3093/3093 3038/3038/3038 3037/3037/3037
f 3037/3037/3037 3094/3094/3094 3093/3093/3093
f 3099/3099/3099 3098/3098/3098 3030/3030/3030
f 3099/3099/3099 3029/3029/3029 3100/3100/3100
f 3100/3100/3100 3029/3029/3029 3028/3028/3028
f 3027/3027/3027 3071/3071/3071 3100/3100/3100
f 3028/3028/3028 3027/3027/3027 3100/3100/3100
f 3032/3032/3032 3097/3097/3097 3033/3033/3033
f 3096/3096/3096 3033/3033/3033 3097/3097/3097
f 3031/3031/3031 3097/3097/3097 3032/3032/3032
f 3098/3098/3098 3097/3097/3097 3031/3031/3031
f 3030/3030/3030 3098/3098/3098 3031/3031/3031
f 3030/3030/3030 3029/3029/3029 3099/3099/3099
f 3089/3089/3089 3043/3043/3043 3090/3090/3090
f 3091/3091/3091 3090/3090/3090 3042/3042/3042
f 3090/3090/3090 3043/3043/3043 3042/3042/3042
f 3091/3091/3091 3042/3042/3042 3041/3041/3041
f 3041/3041/3041 3040/3040/3040 3091/3091/3091
f 3044/3044/3044 3043/3043/3043 3089/3089/3089
f 3045/3045/3045 3044/3044/3044 3088/3088/3088
f 3089/3089/3089 3088/3088/3088 3044/3044/3044
f 3046/3046/3046 3045/3045/3045 3088/3088/3088
f 3047/3047/3047 3046/3046/3046 3087/3087/3087
f 3088/3088/3088 3087/3087/3087 3046/3046/3046
f 3086/3086/3086 3047/3047/3047 3087/3087/3087
f 3049/3049/3049 3048/3048/3048 3086/3086/3086
f 3047/3047/3047 3086/3086/3086 3048/3048/3048
f 3085/3085/3085 3049/3049/3049 3086/3086/3086
f 3050/3050/3050 3085/3085/3085 3084/3084/3084
f 3049/3049/3049 3085/3085/3085 3050/3050/3050
f 3051/3051/3051 3050/3050/3050 3084/3084/3084
f 3083/3083/3083 3052/3052/3052 3084/3084/3084
f 3051/3051/3051 3084/3084/3084 3052/3052/3052
f 3053/3053/3053 3052/3052/3052 3083/3083/3083
f 3082/3082/3082 3054/3054/3054 3053/3053/3053
f 3072/3072/3072 3055/3055/3055 3082/3082/3082
f 3054/3054/3054 3082/3082/3082 3055/3055/3055
f 3083/3083/3083 3082/3082/3082 3053/3053/3053
f 3026/3026/3026 3071/3071/3071 3027/3027/3027
f 3025/3025/3025 3101/3101/3101 3026/3026/3026
f 3071/3071/3071 3026/3026/3026 3101/3101/3101
f 3024/3024/3024 3101/3101/3101 3025/3025/3025
f 3102/3102/3102 3024/3024/3024 3023/3023/3023
f 3101/3101/3101 3024/3024/3024 3102/3102/3102
f 3103/3103/3103 3102/3102/3102 3023/3023/3023
f 3022/3022/3022 3103/3103/3103 3023/3023/3023
f 3021/3021/3021 3103/3103/3103 3022/3022/3022
f 3019/3019/3019 3105/3105/3105 3020/3020/3020
f 3104/3104/3104 3020/3020/3020 3105/3105/3105
f 3021/3021/3021 3020/3020/3020 3104/3104/3104
f 3103/3103/3103 3021/3021/3021 3104/3104/3104
f 3017/3017/3017 3106/3106/3106 3018/3018/3018
f 3105/3105/3105 3018/3018/3018 3106/3106/3106
f 3019/3019/3019 3018/3018/3018 3105/3105/3105
f 3017/3017/3017 3016/3016/3016 3107/3107/3107
f 3015/3015/3015 3107/3107/3107 3016/3016/3016
f 3106/3106/3106 3017/3017/3017 3107/3107/3107
f 3108/3108/3108 3015/3015/3015 3014/3014/3014
f 3109/3109/3109 3014/3014/3014 3013/3013/3013
f 3070/3070/3070 3013/3013/3013 3012/3012/3012
f 3108/3108/3108 3014/3014/3014 3109/3109/3109
f 3109/3109/3109 3013/3013/3013 3070/3070/3070
f 3108/3108/3108 3107/3107/3107 3015/3015/3015
f 3060/3060/3060 3059/3059/3059 3079/3079/3079
f 3059/3059/3059 3058/3058/3058 3080/3080/3080
f 3078/3078/3078 3062/3062/3062 3061/3061/3061
f 3077/3077/3077 3062/3062/3062 3078/3078/3078
f 3060/3060/3060 3078/3078/3078 3061/3061/3061
f 3060/3060/3060 3079/3079/3079 3078/3078/3078
f 3081/3081/3081 3056/3056/3056 3072/3072/3072
f 3056/3056/3056 3055/3055/3055 3072/3072/3072
f 3057/3057/3057 3056/3056/3056 3081/3081/3081
f 3058/3058/3058 3081/3081/3081 3080/3080/3080
f 3079/3079/3079 3059/3059/3059 3080/3080/3080
f 3057/3057/3057 3081/3081/3081 3058/3058/3058
f 3073/3073/3073 3069/3069/3069 3068/3068/3068
f 3074/3074/3074 3068/3068/3068 3067/3067/3067
f 3074/3074/3074 3073/3073/3073 3068/3068/3068
f 3070/3070/3070 3069/3069/3069 3073/3073/3073
f 3066/3066/3066 3074/3074/3074 3067/3067/3067
f 3076/3076/3076 3063/3063/3063 3077/3077/3077
f 3064/3064/3064 3063/3063/3063 3076/3076/3076
f 3062/3062/3062 3077/3077/3077 3063/3063/3063
f 3065/3065/3065 3075/3075/3075 3066/3066/3066
f 3074/3074/3074 3066/3066/3066 3075/3075/3075
f 3075/3075/3075 3065/3065/3065 3076/3076/3076
f 3064/3064/3064 3076/3076/3076 3065/3065/3065
f 3069/3069/3069 3070/3070/3070 3012/3012/3012
f 3166/3166/3166 3164/3164/3164 3151/3151/3151 3165/3165/3165
f 3163/3163/3163 3166/3166/3166 3165/3165/3165 3153/3153/3153
f 3155/3155/3155 3153/3153/3153 3165/3165/3165
f 3165/3165/3165 3151/3151/3151 3150/3150/3150
f 3150/3150/3150 3152/3152/3152 3155/3155/3155
f 3155/3155/3155 3165/3165/3165 3150/3150/3150
f 3154/3154/3154 3153/3153/3153 3155/3155/3155 3157/3157/3157
f 3157/3157/3157 3155/3155/3155 3152/3152/3152 3156/3156/3156
f 3171/3171/3171 3169/3169/3169 3168/3168/3168 3170/3170/3170
f 3164/3164/3164 3171/3171/3171 3170/3170/3170 3151/3151/3151
f 3168/3168/3168 3172/3172/3172 3175/3175/3175 3173/3173/3173
f 3173/3173/3173 3175/3175/3175 3174/3174/3174 3167/3167/3167
f 3170/3170/3170 3168/3168/3168 3173/3173/3173
f 3173/3173/3173 3167/3167/3167 3150/3150/3150
f 3150/3150/3150 3151/3151/3151 3170/3170/3170
f 3170/3170/3170 3173/3173/3173 3150/3150/3150
f 3177/3177/3177 3176/3176/3176 3182/3182/3182
f 3182/3182/3182 3158/3158/3158 3150/3150/3150
f 3150/3150/3150 3167/3167/3167 3177/3177/3177
f 3177/3177/3177 3182/3182/3182 3150/3150/3150
f 3167/3167/3167 3174/3174/3174 3179/3179/3179 3177/3177/3177
f 3177/3177/3177 3179/3179/3179 3178/3178/3178 3176/3176/3176
f 3158/3158/3158 3182/3182/3182 3183/3183/3183 3181/3181/3181
f 3182/3182/3182 3176/3176/3176 3180/3180/3180 3183/3183/3183
f 3156/3156/3156 3152/3152/3152 3160/3160/3160 3162/3162/3162
f 3162/3162/3162 3160/3160/3160 3159/3159/3159 3161/3161/3161
f 3185/3185/3185 3159/3159/3159 3160/3160/3160
f 3160/3160/3160 3152/3152/3152 3150/3150/3150
f 3150/3150/3150 3158/3158/3158 3185/3185/3185
f 3185/3185/3185 3160/3160/3160 3150/3150/3150
f 3159/3159/3159 3185/3185/3185 3186/3186/3186 3184/3184/3184
f 3185/3185/3185 3158/3158/3158 3181/3181/3181 3186/3186/3186
f 3133/3133/3133 3134/3134/3134 3178/3178/3178
f 3135/3135/3135 3178/3178/3178 3134/3134/3134
f 3176/3176/3176 3178/3178/3178 3135/3135/3135
f 3179/3179/3179 3131/3131/3131 3132/3132/3132
f 3132/3132/3132 3133/3133/3133 3179/3179/3179
f 3178/3178/3178 3179/3179/3179 3133/3133/3133
f 3174/3174/3174 3131/3131/3131 3179/3179/3179
f 3136/3136/3136 3180/3180/3180 3135/3135/3135
f 3138/3138/3138 3183/3183/3183 3137/3137/3137
f 3183/3183/3183 3138/3138/3138 3139/3139/3139
f 3139/3139/3139 3140/3140/3140 3181/3181/3181
f 3135/3135/3135 3180/3180/3180 3176/3176/3176
f 3139/3139/3139 3181/3181/3181 3183/3183/3183
f 3183/3183/3183 3180/3180/3180 3137/3137/3137
f 3181/3181/3181 3140/3140/3140 3141/3141/3141
f 3136/3136/3136 3137/3137/3137 3180/3180/3180
f 3174/3174/3174 3129/3129/3129 3130/3130/3130
f 3129/3129/3129 3174/3174/3174 3175/3175/3175
f 3174/3174/3174 3130/3130/3130 3131/3131/3131
f 3128/3128/3128 3129/3129/3129 3175/3175/3175
f 3127/3127/3127 3128/3128/3128 3175/3175/3175
f 3125/3125/3125 3126/3126/3126 3172/3172/3172
f 3127/3127/3127 3172/3172/3172 3126/3126/3126
f 3127/3127/3127 3175/3175/3175 3172/3172/3172
f 3169/3169/3169 3125/3125/3125 3168/3168/3168
f 3172/3172/3172 3168/3168/3168 3125/3125/3125
f 3123/3123/3123 3169/3169/3169 3171/3171/3171
f 3124/3124/3124 3125/3125/3125 3169/3169/3169
f 3123/3123/3123 3124/3124/3124 3169/3169/3169
f 3171/3171/3171 3122/3122/3122 3123/3123/3123
f 3171/3171/3171 3121/3121/3121 3122/3122/3122
f 3164/3164/3164 3121/3121/3121 3171/3171/3171
f 3142/3142/3142 3186/3186/3186 3141/3141/3141
f 3186/3186/3186 3142/3142/3142 3143/3143/3143
f 3143/3143/3143 3144/3144/3144 3184/3184/3184
f 3143/3143/3143 3184/3184/3184 3186/3186/3186
f 3161/3161/3161 3159/3159/3159 3145/3145/3145
f 3184/3184/3184 3145/3145/3145 3159/3159/3159
f 3145/3145/3145 3184/3184/3184 3144/3144/3144
f 3147/3147/3147 3161/3161/3161 3146/3146/3146
f 3145/3145/3145 3146/3146/3146 3161/3161/3161
f 3162/3162/3162 3161/3161/3161 3147/3147/3147
f 3148/3148/3148 3162/3162/3162 3147/3147/3147
f 3149/3149/3149 3156/3156/3156 3162/3162/3162
f 3156/3156/3156 3149/3149/3149 3110/3110/3110
f 3149/3149/3149 3162/3162/3162 3148/3148/3148
f 3111/3111/3111 3156/3156/3156 3110/3110/3110
f 3119/3119/3119 3164/3164/3164 3166/3166/3166
f 3115/3115/3115 3163/3163/3163 3153/3153/3153
f 3117/3117/3117 3166/3166/3166 3163/3163/3163
f 3119/3119/3119 3120/3120/3120 3164/3164/3164
f 3166/3166/3166 3118/3118/3118 3119/3119/3119
f 3166/3166/3166 3117/3117/3117 3118/3118/3118
f 3117/3117/3117 3163/3163/3163 3116/3116/3116
f 3121/3121/3121 3164/3164/3164 3120/3120/3120
f 3154/3154/3154 3157/3157/3157 3113/3113/3113
f 3112/3112/3112 3113/3113/3113 3157/3157/3157
f 3157/3157/3157 3111/3111/3111 3112/3112/3112
f 3111/3111/3111 3157/3157/3157 3156/3156/3156
f 3115/3115/3115 3116/3116/3116 3163/3163/3163
f 3115/3115/3115 3154/3154/3154 3114/3114/3114
f 3113/3113/3113 3114/3114/3114 3154/3154/3154
f 3153/3153/3153 3154/3154/3154 3115/3115/3115
f 3141/3141/3141 3186/3186/3186 3181/3181/3181
usemtl Default
v -219 152 80
v -219 158 80
v -219.69827270507812 152 70.949668884277344
v -219.69827270507812 158 70.949668884277344
v -221.80409240722656 152 62.027259826660156
v -221.80409240722656 158 62.027259826660156
v -225.48210144042969 152 53.113742828369141
v -225.48210144042969 158 53.113742828369141
v -230.41377258300781 152 45.120903015136719
v -230.41377258300781 158 45.120903015136719
v -236.71748352050781 152 37.848438262939453
v -236.71748352050781 158 37.848438262939453
v -244.11299133300781 152 31.7022705078125
v -244.11299133300781 158 31.7022705078125
v -252.28758239746094 152 26.897541046142578
v -252.28758239746094 158 26.897541046142578
v -260.88641357421875 152 23.536514282226562
v -260.88641357421875 158 23.536514282226562
v -269.55929565429688 152 21.606895446777344
v -269.55929565429688 158 21.606895446777344
v -278 152 21
v -278 158 21
v -287.05032348632812 152 21.698270797729492
v -287.05032348632812 158 21.698270797729492
v -295.97274780273438 152 23.804086685180664
v -295.97274780273438 158 23.804086685180664
v -304.88626098632812 152 27.482105255126953
v -304.88626098632812 158 27.482105255126953
v -312.87908935546875 152 32.413776397705078
v -312.87908935546875 158 32.413776397705078
v -320.15155029296875 152 38.717487335205078
v -320.15155029296875 158 38.717487335205078
v -326.2977294921875 152 46.112991333007812
v -326.2977294921875 158 46.112991333007812
v -331.10244750976562 152 54.287574768066406
v -331.10244750976562 158 54.287574768066406
v -334.46347045898438 152 62.88641357421875
v -334.46347045898438 158 62.88641357421875
v -336.39309692382812 152 71.559310913085938
v -336.39309692382812 158 71.559310913085938
v -337 152 80
v -337 158 80
v -336.30172729492188 152 89.050331115722656
v -336.30172729492188 158 89.050331115722656
v -334.1959228515625 152 97.972740173339844
v -334.1959228515625 158 97.972740173339844
v -330.51788330078125 152 106.88625335693359
v -330.51788330078125 158 106.88625335693359
v -325.58621215820312 152 114.87909698486328
v -325.58621215820312 158 114.87909698486328
v -319.28250122070312 152 122.15156555175781
v -319.28250122070312 158 122.15156555175781
v -311.88699340820312 152 128.2977294921875
v -311.88699340820312 158 128.2977294921875
v -303.71243286132812 152 133.10246276855469
v -303.71243286132812 158 133.10246276855469
v -295.11358642578125 152 136.46348571777344
v -295.11358642578125 158 136.46348571777344
v -286.44070434570312 152 138.39311218261719
v -286.44070434570312 158 138.39311218261719
v -278 152 139
v -278 158 139
v -268.94967651367188 152 138.30172729492188
v -268.94967651367188 158 138.30172729492188
v -260.02725219726562 152 136.19590759277344
v -260.02725219726562 158 136.19590759277344
v -251.11373901367188 152 132.51789855957031
v -251.11373901367188 158 132.51789855957031
v -243.12089538574219 152 127.58621978759766
v -243.12089538574219 158 127.58621978759766
v -235.84843444824219 152 121.28250885009766
v -235.84843444824219 158 121.28250885009766
v -229.7022705078125 152 113.88700866699219
v -229.7022705078125 158 113.88700866699219
v -224.89753723144531 152 105.71242523193359
v -224.89753723144531 158 105.71242523193359
v -221.53651428222656 152 97.11358642578125
v -221.53651428222656 158 97.11358642578125
v -219.60688781738281 152 88.440689086914062
v -219.60688781738281 158 88.440689086914062
v -219 152 80
v -219 158 80
v -320.14285278320312 152 105.28571319580078
v -320.14285278320312 152 88.428573608398438
v -320.14285278320312 152 71.571426391601562
v -320.14285278320312 152 54.714286804199219
v -303.28570556640625 152 122.14286041259766
v -303.28570556640625 152 105.28571319580078
v -303.28570556640625 152 88.428573608398438
v -303.28570556640625 152 71.571426391601562
v -303.28570556640625 152 54.714286804199219
v -303.28570556640625 152 37.857143402099609
v -286.42855834960938 152 122.14286041259766
v -286.42855834960938 152 105.28571319580078
v -286.42855834960938 152 88.428573608398438
v -286.42855834960938 152 71.571426391601562
v -286.42855834960938 152 54.714286804199219
v -286.42855834960938 152 37.857143402099609
v -269.57144165039062 152 122.14286041259766
v -269.57144165039062 152 105.28571319580078
v -269.57144165039062 152 88.428573608398438
v -269.57144165039062 152 71.571426391601562
v -269.57144165039062 152 54.714286804199219
v -269.57144165039062 152 37.857143402099609
v -252.71427917480469 152 122.14286041259766
v -252.71427917480469 152 105.28571319580078
v -252.71427917480469 152 88.428573608398438
v -252.71427917480469 152 71.571426391601562
v -252.71427917480469 152 54.714286804199219
v -252.71427917480469 152 37.857143402099609
v -235.85714721679688 152 105.28571319580078
v -235.85714721679688 152 88.428573608398438
v -235.85714721679688 152 71.571426391601562
v -235.85714721679688 152 54.714286804199219
v -219 152 80
v -219.69827270507812 152 70.949668884277344
v -221.80409240722656 152 62.027259826660156
v -225.48210144042969 152 53.113742828369141
v -230.41377258300781 152 45.120903015136719
v -236.71748352050781 152 37.848438262939453
v -244.11299133300781 152 31.7022705078125
v -252.28758239746094 152 26.897541046142578
v -260.88641357421875 152 23.536514282226562
v -269.55929565429688 152 21.606895446777344
v -278 152 21
v -287.05032348632812 152 21.698270797729492
v -295.97274780273438 152 23.804086685180664
v -304.88626098632812 152 27.482105255126953
v -312.87908935546875 152 32.413776397705078
v -320.15155029296875 152 38.717487335205078
v -326.2977294921875 152 46.112991333007812
v -331.10244750976562 152 54.287574768066406
v -334.46347045898438 152 62.88641357421875
v -336.39309692382812 152 71.559310913085938
v -337 152 80
v -336.30172729492188 152 89.050331115722656
v -334.1959228515625 152 97.972740173339844
v -330.51788330078125 152 106.88625335693359
v -325.58621215820312 152 114.87909698486328
v -319.28250122070312 152 122.15156555175781
v -311.88699340820312 152 128.2977294921875
v -303.71243286132812 152 133.10246276855469
v -295.11358642578125 152 136.46348571777344
v -286.44070434570312 152 138.39311218261719
v -278 152 139
v -268.94967651367188 152 138.30172729492188
v -260.02725219726562 152 136.19590759277344
v -251.11373901367188 152 132.51789855957031
v -243.12089538574219 152 127.58621978759766
v -235.84843444824219 152 121.28250885009766
v -229.7022705078125 152 113.88700866699219
v -224.89753723144531 152 105.71242523193359
v -221.53651428222656 152 97.11358642578125
v -219.60688781738281 152 88.440689086914062
v -274 152 80
v -274.29696655273438 152 81.512466430664062
v -275.14376831054688 152 82.800361633300781
v -276.42291259765625 152 83.675971984863281
v -278 152 84
v -279.51248168945312 152 83.703033447265625
v -280.80035400390625 152 82.856216430664062
v -281.67596435546875 152 81.577102661132812
v -282 152 80
v -281.70303344726562 152 78.487533569335938
v -280.85623168945312 152 77.199638366699219
v -279.57708740234375 152 76.324028015136719
v -278 152 76
v -276.48751831054688 152 76.296966552734375
v -275.19964599609375 152 77.143783569335938
v -274.32403564453125 152 78.422897338867188
v -269.57144165039062 152 80
v -278 152 71.571426391601562
v -286.42855834960938 152 80
v -278 152 88.428573608398438
v -269.57144165039062 152 75.785713195800781
v -273.78570556640625 152 71.571426391601562
v -273.78570556640625 152 75.785713195800781
v -252.71427917480469 152 80
v -261.14285278320312 152 71.571426391601562
v -261.14285278320312 152 88.428573608398438
v -261.14285278320312 152 80
v -269.57144165039062 152 63.142856597900391
v -278 152 54.714286804199219
v -286.42855834960938 152 63.142856597900391
v -278 152 63.142856597900391
v -269.57144165039062 152 84.214286804199219
v -273.78570556640625 152 88.428573608398438
v -273.78570556640625 152 84.214286804199219
v -269.57144165039062 152 96.857139587402344
v -286.42855834960938 152 96.857139587402344
v -278 152 105.28571319580078
v -278 152 96.857139587402344
v -286.42855834960938 152 84.214286804199219
v -282.21429443359375 152 88.428573608398438
v -282.21429443359375 152 84.214286804199219
v -294.85714721679688 152 71.571426391601562
v -303.28570556640625 152 80
v -294.85714721679688 152 88.428573608398438
v -294.85714721679688 152 80
v -282.21429443359375 152 71.571426391601562
v -286.42855834960938 152 75.785713195800781
v -282.21429443359375 152 75.785713195800781
v -320.14285278320312 158 105.28571319580078
v -320.14285278320312 158 88.428573608398438
v -320.14285278320312 158 71.571426391601562
v -320.14285278320312 158 54.714286804199219
v -303.28570556640625 158 122.14286041259766
v -303.28570556640625 158 105.28571319580078
v -303.28570556640625 158 88.428573608398438
v -303.28570556640625 158 71.571426391601562
v -303.28570556640625 158 54.714286804199219
v -303.28570556640625 158 37.857143402099609
v -286.42855834960938 158 122.14286041259766
v -286.42855834960938 158 105.28571319580078
v -286.42855834960938 158 88.428573608398438
v -286.42855834960938 158 71.571426391601562
v -286.42855834960938 158 54.714286804199219
v -286.42855834960938 158 37.857143402099609
v -269.57144165039062 158 122.14286041259766
v -269.57144165039062 158 105.28571319580078
v -269.57144165039062 158 88.428573608398438
v -269.57144165039062 158 71.571426391601562
v -269.57144165039062 158 54.714286804199219
v -269.57144165039062 158 37.857143402099609
v -252.71427917480469 158 122.14286041259766
v -252.71427917480469 158 105.28571319580078
v -252.71427917480469 158 88.428573608398438
v -252.71427917480469 158 71.571426391601562
v -252.71427917480469 158 54.714286804199219
v -252.71427917480469 158 37.857143402099609
v -235.85714721679688 158 105.28571319580078
v -235.85714721679688 158 88.428573608398438
v -235.85714721679688 158 71.571426391601562
v -235.85714721679688 158 54.714286804199219
v -219 158 80
v -219.69827270507812 158 70.949668884277344
v -221.80409240722656 158 62.027259826660156
v -225.48210144042969 158 53.113742828369141
v -230.41377258300781 158 45.120903015136719
v -236.71748352050781 158 37.848438262939453
v -244.11299133300781 158 31.7022705078125
v -252.28758239746094 158 26.897541046142578
v -260.88641357421875 158 23.536514282226562
v -269.55929565429688 158 21.606895446777344
v -278 158 21
v -287.05032348632812 158 21.698270797729492
v -295.97274780273438 158 23.804086685180664
v -304.88626098632812 158 27.482105255126953
v -312.87908935546875 158 32.413776397705078
v -320.15155029296875 158 38.717487335205078
v -326.2977294921875 158 46.112991333007812
v -331.10244750976562 158 54.287574768066406
v -334.46347045898438 158 62.88641357421875
v -336.39309692382812 158 71.559310913085938
v -337 158 80
v -336.30172729492188 158 89.050331115722656
v -334.1959228515625 158 97.972740173339844
v -330.51788330078125 158 106.88625335693359
v -325.58621215820312 158 114.87909698486328
v -319.28250122070312 158 122.15156555175781
v -311.88699340820312 158 128.2977294921875
v -303.71243286132812 158 133.10246276855469
v -295.11358642578125 158 136.46348571777344
v -286.44070434570312 158 138.39311218261719
v -278 158 139
v -268.94967651367188 158 138.30172729492188
v -260.02725219726562 158 136.19590759277344
v -251.11373901367188 158 132.51789855957031
v -243.12089538574219 158 127.58621978759766
v -235.84843444824219 158 121.28250885009766
v -229.7022705078125 158 113.88700866699219
v -224.89753723144531 158 105.71242523193359
v -221.53651428222656 158 97.11358642578125
v -219.60688781738281 158 88.440689086914062
v -274 158 80
v -274.29696655273438 158 81.512466430664062
v -275.14376831054688 158 82.800361633300781
v -276.42291259765625 158 83.675971984863281
v -278 158 84
v -279.51248168945312 158 83.703033447265625
v -280.80035400390625 158 82.856216430664062
v -281.67596435546875 158 81.577102661132812
v -282 158 80
v -281.70303344726562 158 78.487533569335938
v -280.85623168945312 158 77.199638366699219
v -279.57708740234375 158 76.324028015136719
v -278 158 76
v -276.48751831054688 158 76.296966552734375
v -275.19964599609375 158 77.143783569335938
v -274.32403564453125 158 78.422897338867188
v -269.57144165039062 158 80
v -278 158 71.571426391601562
v -286.42855834960938 158 80
v -278 158 88.428573608398438
v -269.57144165039062 158 75.785713195800781
v -273.78570556640625 158 71.571426391601562
v -273.78570556640625 158 75.785713195800781
v -252.71427917480469 158 80
v -261.14285278320312 158 71.571426391601562
v -261.14285278320312 158 88.428573608398438
v -261.14285278320312 158 80
v -269.57144165039062 158 63.142856597900391
v -278 158 54.714286804199219
v -286.42855834960938 158 63.142856597900391
v -278 158 63.142856597900391
v -269.57144165039062 158 84.214286804199219
v -273.78570556640625 158 88.428573608398438
v -273.78570556640625 158 84.214286804199219
v -269.57144165039062 158 96.857139587402344
v -286.42855834960938 158 96.857139587402344
v -278 158 105.28571319580078
v -278 158 96.857139587402344
v -286.42855834960938 158 84.214286804199219
v -282.21429443359375 158 88.428573608398438
v -282.21429443359375 158 84.214286804199219
v -294.85714721679688 158 71.571426391601562
v -303.28570556640625 158 80
v -294.85714721679688 158 88.428573608398438
v -294.85714721679688 158 80
v -282.21429443359375 158 71.571426391601562
v -286.42855834960938 158 75.785713195800781
v -282.21429443359375 158 75.785713195800781
v -274 152 80
v -274 158 80
v -274.32403564453125 152 78.422897338867188
v -274.32403564453125 158 78.422897338867188
v -275.19964599609375 152 77.143783569335938
v -275.19964599609375 158 77.143783569335938
v -276.48751831054688 152 76.296966552734375
v -276.48751831054688 158 76.296966552734375
v -278 152 76
v -278 158 76
v -279.57708740234375 152 76.324028015136719
v -279.57708740234375 158 76.324028015136719
v -280.85623168945312 152 77.199638366699219
v -280.85623168945312 158 77.199638366699219
v -281.70303344726562 152 78.487533569335938
v -281.70303344726562 158 78.487533569335938
v -282 152 80
v -282 158 80
v -281.67596435546875 152 81.577102661132812
v -281.67596435546875 158 81.577102661132812
v -280.80035400390625 152 82.856216430664062
v -280.80035400390625 158 82.856216430664062
v -279.51248168945312 152 83.703033447265625
v -279.51248168945312 158 83.703033447265625
v -278 152 84
v -278 158 84
v -276.42291259765625 152 83.675971984863281
v -276.42291259765625 158 83.675971984863281
v -275.14376831054688 152 82.800361633300781
v -275.14376831054688 158 82.800361633300781
v -274.29696655273438 152 81.512466430664062
v -274.29696655273438 158 81.512466430664062
v -274 152 80
v -274 158 80
vt 0.6513245701789856 0
vt 0.63660454750061035 0
vt 0.6513245701789856 0.026394667103886604
vt 0.63660454750061035 0.026394667103886604
vt 0.6513245701789856 0.051736712455749512
vt 0.63660454750061035 0.051736712455749512
vt 0.6513245701789856 0.077386476099491119
vt 0.63660454750061035 0.077386476099491119
vt 0.6513245701789856 0.10173668712377548
vt 0.63660454750061035 0.10173668712377548
vt 0.6513245701789856 0.12638621032238007
vt 0.63660454750061035 0.12638621032238007
vt 0.6513245701789856 0.15103572607040405
vt 0.63660454750061035 0.15103572607040405
vt 0.6513245701789856 0.17568524181842804
vt 0.63660454750061035 0.17568524181842804
vt 0.6513245701789856 0.20033474266529083
vt 0.63660454750061035 0.20033474266529083
vt 0.6513245701789856 0.22498427331447601
vt 0.63660454750061035 0.22498427331447601
vt 0.6513245701789856 0.2496337890625
vt 0.63660454750061035 0.2496337890625
vt 0.6513245701789856 0.27602845430374146
vt 0.63660454750061035 0.27602845430374146
vt 0.6513245701789856 0.30137050151824951
vt 0.63660454750061035 0.30137050151824951
vt 0.6513245701789856 0.32702025771141052
vt 0.63660454750061035 0.32702025771141052
vt 0.6513245701789856 0.35137048363685608
vt 0.63660454750061035 0.35137048363685608
vt 0.6513245701789856 0.37602001428604126
vt 0.63660454750061035 0.37602001428604126
vt 0.6513245701789856 0.40066948533058167
vt 0.63660454750061035 0.40066948533058167
vt 0.6513245701789856 0.42531901597976685
vt 0.63660454750061035 0.42531901597976685
vt 0.6513245701789856 0.44996854662895203
vt 0.63660454750061035 0.44996854662895203
vt 0.6513245701789856 0.47461804747581482
vt 0.63660454750061035 0.47461804747581482
vt 0.6513245701789856 0.499267578125
vt 0.63660454750061035 0.499267578125
vt 0.6513245701789856 0.52566224336624146
vt 0.63660454750061035 0.52566224336624146
vt 0.6513245701789856 0.55100429058074951
vt 0.63660454750061035 0.55100429058074951
vt 0.6513245701789856 0.57665401697158813
vt 0.63660454750061035 0.57665401697158813
vt 0.6513245701789856 0.60100424289703369
vt 0.63660454750061035 0.60100424289703369
vt 0.6513245701789856 0.62565374374389648
vt 0.63660454750061035 0.62565374374389648
vt 0.6513245701789856 0.65030330419540405
vt 0.63660454750061035 0.65030330419540405
vt 0.6513245701789856 0.67495280504226685
vt 0.63660454750061035 0.67495280504226685
vt 0.6513245701789856 0.69960230588912964
vt 0.63660454750061035 0.69960230588912964
vt 0.6513245701789856 0.72425186634063721
vt 0.63660454750061035 0.72425186634063721
vt 0.6513245701789856 0.7489013671875
vt 0.63660454750061035 0.7489013671875
vt 0.6513245701789856 0.77529603242874146
vt 0.63660454750061035 0.77529603242874146
vt 0.6513245701789856 0.80063807964324951
vt 0.63660454750061035 0.80063807964324951
vt 0.6513245701789856 0.82628780603408813
vt 0.63660454750061035 0.82628780603408813
vt 0.6513245701789856 0.85063803195953369
vt 0.63660454750061035 0.85063803195953369
vt 0.6513245701789856 0.87528753280639648
vt 0.63660454750061035 0.87528753280639648
vt 0.6513245701789856 0.89993709325790405
vt 0.63660454750061035 0.89993709325790405
vt 0.6513245701789856 0.92458659410476685
vt 0.63660454750061035 0.92458659410476685
vt 0.6513245701789856 0.94923609495162964
vt 0.63660454750061035 0.94923609495162964
vt 0.6513245701789856 0.97388565540313721
vt 0.63660454750061035 0.97388565540313721
vt 0.6513245701789856 0.99853515625
vt 0.63660454750061035 0.99853515625
vt 0.36356478929519653 0.090943515300750732
vt 0.36356478929519653 0.1364152729511261
vt 0.36356478929519653 0.18188703060150146
vt 0.36356478929519653 0.22735878825187683
vt 0.4088272750377655 0.045471757650375366
vt 0.4088272750377655 0.090943515300750732
vt 0.4088272750377655 0.1364152729511261
vt 0.4088272750377655 0.18188703060150146
vt 0.4088272750377655 0.22735878825187683
vt 0.4088272750377655 0.2728305459022522
vt 0.45408976078033447 0.045471757650375366
vt 0.45408976078033447 0.090943515300750732
vt 0.45408976078033447 0.1364152729511261
vt 0.45408976078033447 0.18188703060150146
vt 0.45408976078033447 0.22735878825187683
vt 0.45408976078033447 0.2728305459022522
vt 0.49935224652290344 0.045471757650375366
vt 0.49935224652290344 0.090943515300750732
vt 0.49935224652290344 0.1364152729511261
vt 0.49935224652290344 0.18188703060150146
vt 0.49935224652290344 0.22735878825187683
vt 0.49935224652290344 0.2728305459022522
vt 0.54461473226547241 0.045471757650375366
vt 0.54461473226547241 0.090943515300750732
vt 0.54461473226547241 0.1364152729511261
vt 0.54461473226547241 0.18188703060150146
vt 0.54461473226547241 0.22735878825187683
vt 0.54461473226547241 0.2728305459022522
vt 0.58987724781036377 0.090943515300750732
vt 0.58987724781036377 0.1364152729511261
vt 0.58987724781036377 0.18188703060150146
vt 0.58987724781036377 0.22735878825187683
vt 0.63513970375061035 0.15915113687515259
vt 0.63326483964920044 0.1835642009973526
vt 0.62761056423187256 0.20763218402862549
vt 0.61773484945297241 0.23167620599269867
vt 0.60449302196502686 0.25323671102523804
vt 0.58756715059280396 0.2728540301322937
vt 0.56770974397659302 0.28943315148353577
vt 0.54576051235198975 0.30239379405975342
vt 0.52267205715179443 0.31146010756492615
vt 0.49938479065895081 0.31666520237922668
vt 0.47672101855278015 0.31830227375030518
vt 0.45242029428482056 0.31641870737075806
vt 0.42846307158470154 0.31073832511901855
vt 0.40452972054481506 0.30081695318222046
vt 0.38306844234466553 0.28751388192176819
vt 0.36354139447212219 0.27050977945327759
vt 0.34703856706619263 0.25056058168411255
vt 0.33413755893707275 0.2285098135471344
vt 0.32511299848556519 0.20531465113162994
vt 0.31993183493614197 0.18191972374916077
vt 0.31830227375030518 0.15915113687515259
vt 0.32017719745635986 0.13473808765411377
vt 0.32583144307136536 0.11067008972167969
vt 0.3357071578502655 0.0866260826587677
vt 0.34894898533821106 0.065065577626228333
vt 0.36587485671043396 0.045448273420333862
vt 0.3857322633266449 0.028869127854704857
vt 0.40768152475357056 0.015908479690551758
vt 0.43076995015144348 0.0068421903997659683
vt 0.45405721664428711 0.0016370854573324323
vt 0.47672101855278015 0
vt 0.50102168321609497 0.0018835717346519232
vt 0.52497893571853638 0.0075639602728188038
vt 0.54891228675842285 0.017485331743955612
vt 0.57037359476089478 0.030788403004407883
vt 0.58990061283111572 0.047792520374059677
vt 0.60640347003936768 0.067741721868515015
vt 0.61930447816848755 0.089792467653751373
vt 0.62832903861999512 0.11298764497041702
vt 0.63351017236709595 0.1363825649023056
vt 0.48746126890182495 0.15915113687515259
vt 0.48666387796401978 0.15507128834724426
vt 0.48439013957977295 0.15159723162651062
vt 0.48095563054084778 0.1492353081703186
vt 0.47672101855278015 0.14836123585700989
vt 0.47265994548797607 0.14916230738162994
vt 0.46920186281204224 0.15144656598567963
vt 0.46685078740119934 0.15489694476127625
vt 0.46598076820373535 0.15915113687515259
vt 0.46677812933921814 0.16323100030422211
vt 0.46905186772346497 0.16670505702495575
vt 0.47248637676239014 0.16906699538230896
vt 0.47672101855278015 0.16994105279445648
vt 0.48078209161758423 0.16913998126983643
vt 0.48424014449119568 0.16685573756694794
vt 0.48659121990203857 0.16340534389019012
vt 0.49935224652290344 0.15915113687515259
vt 0.47672101855278015 0.18188703060150146
vt 0.45408976078033447 0.15915113687515259
vt 0.47672101855278015 0.1364152729511261
vt 0.49935224652290344 0.17051908373832703
vt 0.4880366325378418 0.18188703060150146
vt 0.4880366325378418 0.17051908373832703
vt 0.54461473226547241 0.15915113687515259
vt 0.52198350429534912 0.18188703060150146
vt 0.52198350429534912 0.1364152729511261
vt 0.52198350429534912 0.15915113687515259
vt 0.49935224652290344 0.20462289452552795
vt 0.47672101855278015 0.22735878825187683
vt 0.45408976078033447 0.20462289452552795
vt 0.47672101855278015 0.20462289452552795
vt 0.49935224652290344 0.14778320491313934
vt 0.4880366325378418 0.1364152729511261
vt 0.4880366325378418 0.14778320491313934
vt 0.49935224652290344 0.11367939412593842
vt 0.45408976078033447 0.11367939412593842
vt 0.47672101855278015 0.090943515300750732
vt 0.47672101855278015 0.11367939412593842
vt 0.45408976078033447 0.14778320491313934
vt 0.46540537476539612 0.1364152729511261
vt 0.46540537476539612 0.14778320491313934
vt 0.43145853281021118 0.18188703060150146
vt 0.4088272750377655 0.15915113687515259
vt 0.43145853281021118 0.1364152729511261
vt 0.43145853281021118 0.15915113687515259
vt 0.46540537476539612 0.18188703060150146
vt 0.45408976078033447 0.17051908373832703
vt 0.46540537476539612 0.17051908373832703
vt 0.22631245851516724 0.093858852982521057
vt 0.18104997277259827 0.093858852982521057
vt 0.1357874721288681 0.093858852982521057
vt 0.090524978935718536 0.093858852982521057
vt 0.27157494425773621 0.13933061063289642
vt 0.22631245851516724 0.13933061063289642
vt 0.18104997277259827 0.13933061063289642
vt 0.1357874721288681 0.13933061063289642
vt 0.090524978935718536 0.13933061063289642
vt 0.045262489467859268 0.13933061063289642
vt 0.27157494425773621 0.18480236828327179
vt 0.22631245851516724 0.18480236828327179
vt 0.18104997277259827 0.18480236828327179
vt 0.1357874721288681 0.18480236828327179
vt 0.090524978935718536 0.18480236828327179
vt 0.045262489467859268 0.18480236828327179
vt 0.27157494425773621 0.23027412593364716
vt 0.22631245851516724 0.23027412593364716
vt 0.18104997277259827 0.23027412593364716
vt 0.1357874721288681 0.23027412593364716
vt 0.090524978935718536 0.23027412593364716
vt 0.045262489467859268 0.23027412593364716
vt 0.27157494425773621 0.27574586868286133
vt 0.22631245851516724 0.27574586868286133
vt 0.18104997277259827 0.27574586868286133
vt 0.1357874721288681 0.27574586868286133
vt 0.090524978935718536 0.27574586868286133
vt 0.045262489467859268 0.27574586868286133
vt 0.22631245851516724 0.32121762633323669
vt 0.18104997277259827 0.32121762633323669
vt 0.1357874721288681 0.32121762633323669
vt 0.090524978935718536 0.32121762633323669
vt 0.15841871500015259 0.36668938398361206
vt 0.13411802053451538 0.36480581760406494
vt 0.11016079038381577 0.35912540555000305
vt 0.0862274169921875 0.34920403361320496
vt 0.064766146242618561 0.33590096235275269
vt 0.045239109545946121 0.31889685988426208
vt 0.028736278414726257 0.29894766211509705
vt 0.015835266560316086 0.2768968939781189
vt 0.0068106991238892078 0.25370174646377563
vt 0.0016295474488288164 0.23030681908130646
vt 0 0.20753824710845947
vt 0.0018749011214822531 0.18312518298625946
vt 0.0075291595421731472 0.15905718505382538
vt 0.017404872924089432 0.13501317799091339
vt 0.03064672090113163 0.11345267295837402
vt 0.047572575509548187 0.093835368752479553
vt 0.067429967224597931 0.077256225049495697
vt 0.089379243552684784 0.064295575022697449
vt 0.11246766895055771 0.055229287594556808
vt 0.13575492799282074 0.050024181604385376
vt 0.15841871500015259 0.048387095332145691
vt 0.18271942436695099 0.050270669162273407
vt 0.2066766619682312 0.055951058864593506
vt 0.23061001300811768 0.065872430801391602
vt 0.25207129120826721 0.079175502061843872
vt 0.27159830927848816 0.096179619431495667
vt 0.28810116648674011 0.11612881720066071
vt 0.30100217461585999 0.13817955553531647
vt 0.31002673506736755 0.16137473285198212
vt 0.31520789861679077 0.18476966023445129
vt 0.31683743000030518 0.20753824710845947
vt 0.31496253609657288 0.23195129632949829
vt 0.30930829048156738 0.25601929426193237
vt 0.29943257570266724 0.28006330132484436
vt 0.28619071841239929 0.30162379145622253
vt 0.26926487684249878 0.3212411105632782
vt 0.24940747022628784 0.33782026171684265
vt 0.22745820879936218 0.3507809042930603
vt 0.20436976850032806 0.35984718799591064
vt 0.18108251690864563 0.36505231261253357
vt 0.15841871500015259 0.21832814812660217
vt 0.16247978806495667 0.21752707660198212
vt 0.16593785583972931 0.21524283289909363
vt 0.1682889312505722 0.21179243922233582
vt 0.16915896534919739 0.20753824710845947
vt 0.16836158931255341 0.20345838367938995
vt 0.16608785092830658 0.1999843418598175
vt 0.16265334188938141 0.19762240350246429
vt 0.15841871500015259 0.19674833118915558
vt 0.15435764193534851 0.19754940271377563
vt 0.15089957416057587 0.19983366131782532
vt 0.14854849874973297 0.20328404009342194
vt 0.14767847955226898 0.20753824710845947
vt 0.14847585558891296 0.2116180956363678
vt 0.1507495790719986 0.21509215235710144
vt 0.15418410301208496 0.21745409071445465
vt 0.15841871500015259 0.23027412593364716
vt 0.1357874721288681 0.20753824710845947
vt 0.15841871500015259 0.18480236828327179
vt 0.18104997277259827 0.20753824710845947
vt 0.14710310101509094 0.23027412593364716
vt 0.1357874721288681 0.21890617907047272
vt 0.14710310101509094 0.21890617907047272
vt 0.15841871500015259 0.27574586868286133
vt 0.1357874721288681 0.25301000475883484
vt 0.18104997277259827 0.25301000475883484
vt 0.15841871500015259 0.25301000475883484
vt 0.11315622925758362 0.23027412593364716
vt 0.090524978935718536 0.20753824710845947
vt 0.11315622925758362 0.18480236828327179
vt 0.11315622925758362 0.20753824710845947
vt 0.16973434388637543 0.23027412593364716
vt 0.18104997277259827 0.21890617907047272
vt 0.16973434388637543 0.21890617907047272
vt 0.20368121564388275 0.23027412593364716
vt 0.20368121564388275 0.18480236828327179
vt 0.22631245851516724 0.20753824710845947
vt 0.20368121564388275 0.20753824710845947
vt 0.16973434388637543 0.18480236828327179
vt 0.18104997277259827 0.19617030024528503
vt 0.16973434388637543 0.19617030024528503
vt 0.1357874721288681 0.16206648945808411
vt 0.15841871500015259 0.13933061063289642
vt 0.18104997277259827 0.16206648945808411
vt 0.15841871500015259 0.16206648945808411
vt 0.1357874721288681 0.19617030024528503
vt 0.14710310101509094 0.18480236828327179
vt 0.14710310101509094 0.19617030024528503
vt 0 0
vt 0 0.016184862703084946
vt 0.004373032134026289 0
vt 0.004373032134026289 0.016184862703084946
vt 0.0085811261087656021 0
vt 0.0085811261087656021 0.016184862703084946
vt 0.012765140272676945 0
vt 0.012765140272676945 0.016184862703084946
vt 0.016949152573943138 0
vt 0.016949152573943138 0.016184862703084946
vt 0.021322185173630714 0
vt 0.021322185173630714 0.016184862703084946
vt 0.025530280545353889 0
vt 0.025530280545353889 0.016184862703084946
vt 0.029714291915297508 0
vt 0.029714291915297508 0.016184862703084946
vt 0.033898305147886276 0
vt 0.033898305147886276 0.016184862703084946
vt 0.038271337747573853 0
vt 0.038271337747573853 0.016184862703084946
vt 0.042479429394006729 0
vt 0.042479429394006729 0.016184862703084946
vt 0.046663444489240646 0
vt 0.046663444489240646 0.016184862703084946
vt 0.050847455859184265 0
vt 0.050847455859184265 0.016184862703084946
vt 0.05522049218416214 0
vt 0.05522049218416214 0.016184862703084946
vt 0.059428583830595016 0
vt 0.059428583830595016 0.016184862703084946
vt 0.063612595200538635 0
vt 0.063612595200538635 0.016184862703084946
vt 0.067796610295772552 0
vt 0.067796610295772552 0.016184862703084946
vn 1 0 0
vn 1 0 0
vn 0.98816490173339844 0 -0.15339542925357819
vn 0.98816490173339844 0 -0.15339542925357819
vn 0.95247310400009155 0 -0.30462270975112915
vn 0.95247310400009155 0 -0.30462270975112915
vn 0.89013379812240601 0 -0.45569926500320435
vn 0.89013379812240601 0 -0.45569926500320435
vn 0.80654615163803101 0 -0.59117114543914795
vn 0.80654615163803101 0 -0.59117114543914795
vn 0.69970357418060303 0 -0.71443325281143188
vn 0.69970357418060303 0 -0.71443325281143188
vn 0.5743560791015625 0 -0.81860560178756714
vn 0.5743560791015625 0 -0.81860560178756714
vn 0.43580380082130432 0 -0.90004169940948486
vn 0.43580380082130432 0 -0.90004169940948486
vn 0.29006078839302063 0 -0.9570082426071167
vn 0.29006078839302063 0 -0.9570082426071167
vn 0.14306259155273438 0 -0.98971366882324219
vn 0.14306259155273438 0 -0.98971366882324219
vn 0 0 -1
vn 0 0 -1
vn -0.15339542925357819 0 -0.98816490173339844
vn -0.15339542925357819 0 -0.98816490173339844
vn -0.30462270975112915 0 -0.95247310400009155
vn -0.30462270975112915 0 -0.95247310400009155
vn -0.45569926500320435 0 -0.89013379812240601
vn -0.45569926500320435 0 -0.89013379812240601
vn -0.59117114543914795 0 -0.80654615163803101
vn -0.59117114543914795 0 -0.80654615163803101
vn -0.71443325281143188 0 -0.69970357418060303
vn -0.71443325281143188 0 -0.69970357418060303
vn -0.81860560178756714 0 -0.5743560791015625
vn -0.81860560178756714 0 -0.5743560791015625
vn -0.90004169940948486 0 -0.43580380082130432
vn -0.90004169940948486 0 -0.43580380082130432
vn -0.9570082426071167 0 -0.29006078839302063
vn -0.9570082426071167 0 -0.29006078839302063
vn -0.98971366882324219 0 -0.14306259155273438
vn -0.98971366882324219 0 -0.14306259155273438
vn -1 0 0
vn -1 0 0
vn -0.98816490173339844 0 0.15339542925357819
vn -0.98816490173339844 0 0.15339542925357819
vn -0.95247310400009155 0 0.30462270975112915
vn -0.95247310400009155 0 0.30462270975112915
vn -0.89013379812240601 0 0.45569926500320435
vn -0.89013379812240601 0 0.45569926500320435
vn -0.80654615163803101 0 0.59117114543914795
vn -0.80654615163803101 0 0.59117114543914795
vn -0.69970357418060303 0 0.71443325281143188
vn -0.69970357418060303 0 0.71443325281143188
vn -0.5743560791015625 0 0.81860560178756714
vn -0.5743560791015625 0 0.81860560178756714
vn -0.43580380082130432 0 0.90004169940948486
vn -0.43580380082130432 0 0.90004169940948486
vn -0.29006078839302063 0 0.9570082426071167
vn -0.29006078839302063 0 0.9570082426071167
vn -0.14306259155273438 0 0.98971366882324219
vn -0.14306259155273438 0 0.98971366882324219
vn 0 0 1
vn 0 0 1
vn 0.15339542925357819 0 0.98816490173339844
vn 0.15339542925357819 0 0.98816490173339844
vn 0.30462270975112915 0 0.95247310400009155
vn 0.30462270975112915 0 0.95247310400009155
vn 0.45569926500320435 0 0.89013379812240601
vn 0.45569926500320435 0 0.89013379812240601
vn 0.59117114543914795 0 0.80654615163803101
vn 0.59117114543914795 0 0.80654615163803101
vn 0.71443325281143188 0 0.69970357418060303
vn 0.71443325281143188 0 0.69970357418060303
vn 0.81860560178756714 0 0.5743560791015625
vn 0.81860560178756714 0 0.5743560791015625
vn 0.90004169940948486 0 0.43580380082130432
vn 0.90004169940948486 0 0.43580380082130432
vn 0.9570082426071167 0 0.29006078839302063
vn 0.9570082426071167 0 0.29006078839302063
vn 0.98971366882324219 0 0.14306259155273438
vn 0.98971366882324219 0 0.14306259155273438
vn 1 0 0
vn 1 0 0
vn 0 -1 0
vn 0 -1 0
vn 0 -1 0
vn 0 -1 0
vn 0 -1 0
vn 0 -1 0
vn 0 -1 0
vn 0 -1 0
vn 0 -1 0
vn 0 -1 0
vn 0 -1 0
vn 0 -1 0
vn 0 -1 0
vn 0 -1 0
vn 0 -1 0
vn 0 -1 0
vn 0 -1 0
vn 0 -1 0
vn 0 -1 0
vn 0 -1 0
vn 0 -1 0
vn 0 -1 0
vn 0 -1 0
vn 0 -1 0
vn 0 -1 0
vn 0 -1 0
vn 0 -1 0
vn 0 -1 0
vn 0 -1 0
vn 0 -1 0
vn 0 -1 0
vn 0 -1 0
vn 0 -1 0
vn 0 -1 0
vn 0 -1 0
vn 0 -1 0
vn 0 -1 0
vn 0 -1 0
vn 0 -1 0
vn 0 -1 0
vn 0 -1 0
vn 0 -1 0
vn 0 -1 0
vn 0 -1 0
vn 0 -1 0
vn 0 -1 0
vn 0 -1 0
vn 0 -1 0
vn 0 -1 0
vn 0 -1 0
vn 0 -1 0
vn 0 -1 0
vn 0 -1 0
vn 0 -1 0
vn 0 -1 0
vn 0 -1 0
vn 0 -1 0
vn 0 -1 0
vn 0 -1 0
vn 0 -1 0
vn 0 -1 0
vn 0 -1 0
vn 0 -1 0
vn 0 -1 0
vn 0 -1 0
vn 0 -1 0
vn 0 -1 0
vn 0 -1 0
vn 0 -1 0
vn 0 -1 0
vn 0 -1 0
vn 0 -1 0
vn 0 -1 0
vn 0 -1 0
vn 0 -1 0
vn 0 -1 0
vn 0 -1 0
vn 0 -1 0
vn 0 -1 0
vn 0 -1 0
vn 0 -1 0
vn 0 -1 0
vn 0 -1 0
vn 0 -1 0
vn 0 -1 0
vn 0 -1 0
vn 0 -1 0
vn 0 -1 0
vn 0 -1 0
vn 0 -1 0
vn 0 -1 0
vn 0 -1 0
vn 0 -1 0
vn 0 -1 0
vn 0 -1 0
vn 0 -1 0
vn 0 -1 0
vn 0 -1 0
vn 0 -1 0
vn 0 -1 0
vn 0 -1 0
vn 0 -1 0
vn 0 -1 0
vn 0 -1 0
vn 0 -1 0
vn 0 -1 0
vn 0 -1 0
vn 0 -1 0
vn 0 -1 0
vn 0 -1 0
vn 0 -1 0
vn 0 -1 0
vn 0 -1 0
vn 0 -1 0
vn 0 -1 0
vn 0 -1 0
vn 0 -1 0
vn 0 -1 0
vn 0 -1 0
vn 0 -1 0
vn 0 1 0
vn 0 1 0
vn 0 1 0
vn 0 1 0
vn 0 1 0
vn 0 1 0
vn 0 1 0
vn 0 1 0
vn 0 1 0
vn 0 1 0
vn 0 1 0
vn 0 1 0
vn 0 1 0
vn 0 1 0
vn 0 1 0
vn 0 1 0
vn 0 1 0
vn 0 1 0
vn 0 1 0
vn 0 1 0
vn 0 1 0
vn 0 1 0
vn 0 1 0
vn 0 1 0
vn 0 1 0
vn 0 1 0
vn 0 1 0
vn 0 1 0
vn 0 1 0
vn 0 1 0
vn 0 1 0
vn 0 1 0
vn 0 1 0
vn 0 1 0
vn 0 1 0
vn 0 1 0
vn 0 1 0
vn 0 1 0
vn 0 1 0
vn 0 1 0
vn 0 1 0
vn 0 1 0
vn 0 1 0
vn 0 1 0
vn 0 1 0
vn 0 1 0
vn 0 1 0
vn 0 1 0
vn 0 1 0
vn 0 1 0
vn 0 1 0
vn 0 1 0
vn 0 1 0
vn 0 1 0
vn 0 1 0
vn 0 1 0
vn 0 1 0
vn 0 1 0
vn 0 1 0
vn 0 1 0
vn 0 1 0
vn 0 1 0
vn 0 1 0
vn 0 1 0
vn 0 1 0
vn 0 1 0
vn 0 1 0
vn 0 1 0
vn 0 1 0
vn 0 1 0
vn 0 1 0
vn 0 1 0
vn 0 1 0
vn 0 1 0
vn 0 1 0
vn 0 1 0
vn 0 1 0
vn 0 1 0
vn 0 1 0
vn 0 1 0
vn 0 1 0
vn 0 1 0
vn 0 1 0
vn 0 1 0
vn 0 1 0
vn 0 1 0
vn 0 1 0
vn 0 1 0
vn 0 1 0
vn 0 1 0
vn 0 1 0
vn 0 1 0
vn 0 1 0
vn 0 1 0
vn 0 1 0
vn 0 1 0
vn 0 1 0
vn 0 1 0
vn 0 1 0
vn 0 1 0
vn 0 1 0
vn 0 1 0
vn 0 1 0
vn 0 1 0
vn 0 1 0
vn 0 1 0
vn 0 1 0
vn 0 1 0
vn 0 1 0
vn 0 1 0
vn 0 1 0
vn 0 1 0
vn 0 1 0
vn 0 1 0
vn 0 1 0
vn 0 1 0
vn 0 1 0
vn 0 1 0
vn 0 1 0
vn 0 1 0
vn -1 0 0
vn -1 0 0
vn -0.91899228096008301 0 0.39427557587623596
vn -0.91899228096008301 0 0.39427557587623596
vn -0.70008993148803711 0 0.71405470371246338
vn -0.70008993148803711 0 0.71405470371246338
vn -0.37811726331710815 0 0.92575770616531372
vn -0.37811726331710815 0 0.92575770616531372
vn 0 0 1
vn 0 0 1
vn 0.39427557587623596 0 0.91899228096008301
vn 0.39427557587623596 0 0.91899228096008301
vn 0.71405470371246338 0 0.70008993148803711
vn 0.71405470371246338 0 0.70008993148803711
vn 0.92575770616531372 0 0.37811726331710815
vn 0.92575770616531372 0 0.37811726331710815
vn 1 0 0
vn 1 0 0
vn 0.91899228096008301 0 -0.39427557587623596
vn 0.91899228096008301 0 -0.39427557587623596
vn 0.70008993148803711 0 -0.71405470371246338
vn 0.70008993148803711 0 -0.71405470371246338
vn 0.37811726331710815 0 -0.92575770616531372
vn 0.37811726331710815 0 -0.92575770616531372
vn 0 0 -1
vn 0 0 -1
vn -0.39427557587623596 0 -0.91899228096008301
vn -0.39427557587623596 0 -0.91899228096008301
vn -0.71405470371246338 0 -0.70008993148803711
vn -0.71405470371246338 0 -0.70008993148803711
vn -0.92575770616531372 0 -0.37811726331710815
vn -0.92575770616531372 0 -0.37811726331710815
vn -1 0 0
vn -1 0 0
f 3189/3189/3189 3190/3190/3190 3188/3188/3188 3187/3187/3187
f 3193/3193/3193 3194/3194/3194 3192/3192/3192 3191/3191/3191
f 3195/3195/3195 3196/3196/3196 3194/3194/3194 3193/3193/3193
f 3191/3191/3191 3192/3192/3192 3190/3190/3190 3189/3189/3189
f 3199/3199/3199 3200/3200/3200 3198/3198/3198 3197/3197/3197
f 3203/3203/3203 3204/3204/3204 3202/3202/3202 3201/3201/3201
f 3205/3205/3205 3206/3206/3206 3204/3204/3204 3203/3203/3203
f 3201/3201/3201 3202/3202/3202 3200/3200/3200 3199/3199/3199
f 3197/3197/3197 3198/3198/3198 3196/3196/3196 3195/3195/3195
f 3209/3209/3209 3210/3210/3210 3208/3208/3208 3207/3207/3207
f 3213/3213/3213 3214/3214/3214 3212/3212/3212 3211/3211/3211
f 3215/3215/3215 3216/3216/3216 3214/3214/3214 3213/3213/3213
f 3211/3211/3211 3212/3212/3212 3210/3210/3210 3209/3209/3209
f 3219/3219/3219 3220/3220/3220 3218/3218/3218 3217/3217/3217
f 3223/3223/3223 3224/3224/3224 3222/3222/3222 3221/3221/3221
f 3225/3225/3225 3226/3226/3226 3224/3224/3224 3223/3223/3223
f 3221/3221/3221 3222/3222/3222 3220/3220/3220 3219/3219/3219
f 3217/3217/3217 3218/3218/3218 3216/3216/3216 3215/3215/3215
f 3207/3207/3207 3208/3208/3208 3206/3206/3206 3205/3205/3205
f 3227/3227/3227 3228/3228/3228 3226/3226/3226 3225/3225/3225
f 3231/3231/3231 3232/3232/3232 3230/3230/3230 3229/3229/3229
f 3235/3235/3235 3236/3236/3236 3234/3234/3234 3233/3233/3233
f 3237/3237/3237 3238/3238/3238 3236/3236/3236 3235/3235/3235
f 3233/3233/3233 3234/3234/3234 3232/3232/3232 3231/3231/3231
f 3241/3241/3241 3242/3242/3242 3240/3240/3240 3239/3239/3239
f 3245/3245/3245 3246/3246/3246 3244/3244/3244 3243/3243/3243
f 3247/3247/3247 3248/3248/3248 3246/3246/3246 3245/3245/3245
f 3243/3243/3243 3244/3244/3244 3242/3242/3242 3241/3241/3241
f 3239/3239/3239 3240/3240/3240 3238/3238/3238 3237/3237/3237
f 3251/3251/3251 3252/3252/3252 3250/3250/3250 3249/3249/3249
f 3255/3255/3255 3256/3256/3256 3254/3254/3254 3253/3253/3253
f 3257/3257/3257 3258/3258/3258 3256/3256/3256 3255/3255/3255
f 3253/3253/3253 3254/3254/3254 3252/3252/3252 3251/3251/3251
f 3261/3261/3261 3262/3262/3262 3260/3260/3260 3259/3259/3259
f 3265/3265/3265 3266/3266/3266 3264/3264/3264 3263/3263/3263
f 3267/3267/3267 3268/3268/3268 3266/3266/3266 3265/3265/3265
f 3263/3263/3263 3264/3264/3264 3262/3262/3262 3261/3261/3261
f 3259/3259/3259 3260/3260/3260 3258/3258/3258 3257/3257/3257
f 3249/3249/3249 3250/3250/3250 3248/3248/3248 3247/3247/3247
f 3229/3229/3229 3230/3230/3230 3228/3228/3228 3227/3227/3227
f 3275/3275/3275 3274/3274/3274 3269/3269/3269 3270/3270/3270
f 3383/3383/3383 3271/3271/3271 3276/3276/3276
f 3270/3270/3270 3383/3383/3383 3275/3275/3275
f 3271/3271/3271 3383/3383/3383 3270/3270/3270
f 3277/3277/3277 3276/3276/3276 3271/3271/3271 3272/3272/3272
f 3280/3280/3280 3279/3279/3279 3273/3273/3273 3274/3274/3274
f 3376/3376/3376 3384/3384/3384 3281/3281/3281
f 3384/3384/3384 3274/3274/3274 3275/3275/3275
f 3274/3274/3274 3376/3376/3376 3280/3280/3280
f 3376/3376/3376 3274/3274/3274 3384/3384/3384
f 3387/3387/3387 3382/3382/3382 3282/3282/3282
f 3385/3385/3385 3387/3387/3387 3359/3359/3359
f 3382/3382/3382 3387/3387/3387 3385/3385/3385
f 3382/3382/3382 3385/3385/3385 3383/3383/3383 3276/3276/3276
f 3385/3385/3385 3384/3384/3384 3275/3275/3275 3383/3383/3383
f 3379/3379/3379 3385/3385/3385 3359/3359/3359
f 3384/3384/3384 3379/3379/3379 3281/3281/3281
f 3385/3385/3385 3379/3379/3379 3384/3384/3384
f 3382/3382/3382 3370/3370/3370 3282/3282/3282
f 3370/3370/3370 3277/3277/3277 3283/3283/3283
f 3277/3277/3277 3382/3382/3382 3276/3276/3276
f 3382/3382/3382 3277/3277/3277 3370/3370/3370
f 3284/3284/3284 3283/3283/3283 3277/3277/3277 3278/3278/3278
f 3377/3377/3377 3279/3279/3279 3280/3280/3280
f 3285/3285/3285 3377/3377/3377 3286/3286/3286
f 3279/3279/3279 3377/3377/3377 3285/3285/3285
f 3373/3373/3373 3378/3378/3378 3360/3360/3360
f 3375/3375/3375 3373/3373/3373 3287/3287/3287
f 3378/3378/3378 3373/3373/3373 3375/3375/3375
f 3380/3380/3380 3376/3376/3376 3281/3281/3281
f 3378/3378/3378 3380/3380/3380 3360/3360/3360
f 3376/3376/3376 3380/3380/3380 3378/3378/3378
f 3378/3378/3378 3377/3377/3377 3280/3280/3280 3376/3376/3376
f 3375/3375/3375 3286/3286/3286 3377/3377/3377 3378/3378/3378
f 3288/3288/3288 3361/3361/3361 3363/3363/3363 3362/3362/3362
f 3386/3386/3386 3388/3388/3388 3387/3387/3387 3282/3282/3282
f 3381/3381/3381 3380/3380/3380 3281/3281/3281 3379/3379/3379
f 3372/3372/3372 3287/3287/3287 3373/3373/3373 3374/3374/3374
f 3289/3289/3289 3368/3368/3368 3371/3371/3371 3369/3369/3369
f 3369/3369/3369 3371/3371/3371 3370/3370/3370 3283/3283/3283
f 3386/3386/3386 3371/3371/3371 3358/3358/3358
f 3370/3370/3370 3386/3386/3386 3282/3282/3282
f 3371/3371/3371 3386/3386/3386 3370/3370/3370
f 3362/3362/3362 3368/3368/3368 3288/3288/3288
f 3371/3371/3371 3362/3362/3362 3358/3358/3358
f 3368/3368/3368 3362/3362/3362 3371/3371/3371
f 3369/3369/3369 3290/3290/3290 3289/3289/3289
f 3284/3284/3284 3369/3369/3369 3283/3283/3283
f 3290/3290/3290 3369/3369/3369 3284/3284/3284
f 3292/3292/3292 3291/3291/3291 3285/3285/3285 3286/3286/3286
f 3366/3366/3366 3375/3375/3375 3287/3287/3287
f 3375/3375/3375 3292/3292/3292 3286/3286/3286
f 3292/3292/3292 3366/3366/3366 3293/3293/3293
f 3366/3366/3366 3292/3292/3292 3375/3375/3375
f 3294/3294/3294 3364/3364/3364 3367/3367/3367 3365/3365/3365
f 3361/3361/3361 3367/3367/3367 3357/3357/3357
f 3365/3365/3365 3361/3361/3361 3288/3288/3288
f 3367/3367/3367 3361/3361/3361 3365/3365/3365
f 3372/3372/3372 3366/3366/3366 3287/3287/3287
f 3367/3367/3367 3372/3372/3372 3357/3357/3357
f 3366/3366/3366 3372/3372/3372 3367/3367/3367
f 3364/3364/3364 3293/3293/3293 3366/3366/3366 3367/3367/3367
f 3368/3368/3368 3365/3365/3365 3288/3288/3288
f 3365/3365/3365 3295/3295/3295 3294/3294/3294
f 3295/3295/3295 3368/3368/3368 3289/3289/3289
f 3368/3368/3368 3295/3295/3295 3365/3365/3365
f 3296/3296/3296 3295/3295/3295 3289/3289/3289 3290/3290/3290
f 3298/3298/3298 3297/3297/3297 3292/3292/3292 3293/3293/3293
f 3364/3364/3364 3298/3298/3298 3293/3293/3293
f 3299/3299/3299 3364/3364/3364 3294/3294/3294
f 3298/3298/3298 3364/3364/3364 3299/3299/3299
f 3300/3300/3300 3299/3299/3299 3294/3294/3294 3295/3295/3295
f 3326/3326/3326 3325/3325/3325 3269/3269/3269
f 3273/3273/3273 3328/3328/3328 3327/3327/3327
f 3329/3329/3329 3328/3328/3328 3273/3273/3273
f 3326/3326/3326 3273/3273/3273 3327/3327/3327
f 3273/3273/3273 3326/3326/3326 3274/3274/3274
f 3323/3323/3323 3322/3322/3322 3270/3270/3270
f 3324/3324/3324 3323/3323/3323 3269/3269/3269
f 3325/3325/3325 3324/3324/3324 3269/3269/3269
f 3323/3323/3323 3270/3270/3270 3269/3269/3269
f 3269/3269/3269 3274/3274/3274 3326/3326/3326
f 3270/3270/3270 3322/3322/3322 3321/3321/3321
f 3279/3279/3279 3330/3330/3330 3329/3329/3329
f 3331/3331/3331 3330/3330/3330 3279/3279/3279
f 3360/3360/3360 3346/3346/3346 3345/3345/3345
f 3346/3346/3346 3360/3360/3360 3380/3380/3380
f 3348/3348/3348 3379/3379/3379 3359/3359/3359
f 3381/3381/3381 3379/3379/3379 3348/3348/3348
f 3381/3381/3381 3348/3348/3348 3347/3347/3347
f 3381/3381/3381 3347/3347/3347 3346/3346/3346
f 3346/3346/3346 3380/3380/3380 3381/3381/3381
f 3349/3349/3349 3348/3348/3348 3359/3359/3359
f 3279/3279/3279 3329/3329/3329 3273/3273/3273
f 3271/3271/3271 3321/3321/3321 3320/3320/3320
f 3272/3272/3272 3271/3271/3271 3319/3319/3319
f 3320/3320/3320 3319/3319/3319 3271/3271/3271
f 3318/3318/3318 3272/3272/3272 3319/3319/3319
f 3321/3321/3321 3271/3271/3271 3270/3270/3270
f 3317/3317/3317 3316/3316/3316 3272/3272/3272
f 3272/3272/3272 3318/3318/3318 3317/3317/3317
f 3278/3278/3278 3315/3315/3315 3314/3314/3314
f 3315/3315/3315 3278/3278/3278 3316/3316/3316
f 3316/3316/3316 3278/3278/3278 3277/3277/3277
f 3272/3272/3272 3316/3316/3316 3277/3277/3277
f 3350/3350/3350 3387/3387/3387 3388/3388/3388
f 3350/3350/3350 3359/3359/3359 3387/3387/3387
f 3388/3388/3388 3352/3352/3352 3351/3351/3351
f 3388/3388/3388 3351/3351/3351 3350/3350/3350
f 3386/3386/3386 3352/3352/3352 3388/3388/3388
f 3312/3312/3312 3284/3284/3284 3313/3313/3313
f 3278/3278/3278 3313/3313/3313 3284/3284/3284
f 3314/3314/3314 3313/3313/3313 3278/3278/3278
f 3352/3352/3352 3386/3386/3386 3358/3358/3358
f 3311/3311/3311 3284/3284/3284 3312/3312/3312
f 3353/3353/3353 3352/3352/3352 3358/3358/3358
f 3349/3349/3349 3359/3359/3359 3350/3350/3350
f 3331/3331/3331 3279/3279/3279 3285/3285/3285
f 3344/3344/3344 3374/3374/3374 3373/3373/3373
f 3373/3373/3373 3360/3360/3360 3344/3344/3344
f 3342/3342/3342 3372/3372/3372 3374/3374/3374
f 3344/3344/3344 3360/3360/3360 3345/3345/3345
f 3343/3343/3343 3374/3374/3374 3344/3344/3344
f 3341/3341/3341 3357/3357/3357 3342/3342/3342
f 3374/3374/3374 3343/3343/3343 3342/3342/3342
f 3356/3356/3356 3357/3357/3357 3341/3341/3341
f 3372/3372/3372 3342/3342/3342 3357/3357/3357
f 3332/3332/3332 3285/3285/3285 3333/3333/3333
f 3332/3332/3332 3331/3331/3331 3285/3285/3285
f 3291/3291/3291 3334/3334/3334 3333/3333/3333
f 3335/3335/3335 3334/3334/3334 3291/3291/3291
f 3292/3292/3292 3336/3336/3336 3291/3291/3291
f 3335/3335/3335 3291/3291/3291 3336/3336/3336
f 3337/3337/3337 3336/3336/3336 3297/3297/3297
f 3297/3297/3297 3336/3336/3336 3292/3292/3292
f 3339/3339/3339 3297/3297/3297 3298/3298/3298
f 3298/3298/3298 3340/3340/3340 3339/3339/3339
f 3338/3338/3338 3297/3297/3297 3339/3339/3339
f 3297/3297/3297 3338/3338/3338 3337/3337/3337
f 3333/3333/3333 3285/3285/3285 3291/3291/3291
f 3340/3340/3340 3298/3298/3298 3301/3301/3301
f 3362/3362/3362 3354/3354/3354 3358/3358/3358
f 3363/3363/3363 3356/3356/3356 3355/3355/3355
f 3361/3361/3361 3356/3356/3356 3363/3363/3363
f 3354/3354/3354 3363/3363/3363 3355/3355/3355
f 3363/3363/3363 3354/3354/3354 3362/3362/3362
f 3311/3311/3311 3290/3290/3290 3284/3284/3284
f 3310/3310/3310 3309/3309/3309 3290/3290/3290
f 3290/3290/3290 3309/3309/3309 3296/3296/3296
f 3311/3311/3311 3310/3310/3310 3290/3290/3290
f 3356/3356/3356 3361/3361/3361 3357/3357/3357
f 3358/3358/3358 3354/3354/3354 3353/3353/3353
f 3303/3303/3303 3299/3299/3299 3300/3300/3300
f 3306/3306/3306 3300/3300/3300 3295/3295/3295
f 3303/3303/3303 3302/3302/3302 3299/3299/3299
f 3301/3301/3301 3299/3299/3299 3302/3302/3302
f 3304/3304/3304 3303/3303/3303 3300/3300/3300
f 3308/3308/3308 3307/3307/3307 3296/3296/3296
f 3306/3306/3306 3296/3296/3296 3307/3307/3307
f 3309/3309/3309 3308/3308/3308 3296/3296/3296
f 3296/3296/3296 3306/3306/3306 3295/3295/3295
f 3306/3306/3306 3305/3305/3305 3300/3300/3300
f 3305/3305/3305 3304/3304/3304 3300/3300/3300
f 3298/3298/3298 3299/3299/3299 3301/3301/3301
f 3395/3395/3395 3390/3390/3390 3389/3389/3389 3394/3394/3394
f 3503/3503/3503 3396/3396/3396 3391/3391/3391
f 3390/3390/3390 3395/3395/3395 3503/3503/3503
f 3391/3391/3391 3390/3390/3390 3503/3503/3503
f 3397/3397/3397 3392/3392/3392 3391/3391/3391 3396/3396/3396
f 3400/3400/3400 3394/3394/3394 3393/3393/3393 3399/3399/3399
f 3496/3496/3496 3401/3401/3401 3504/3504/3504
f 3504/3504/3504 3395/3395/3395 3394/3394/3394
f 3394/3394/3394 3400/3400/3400 3496/3496/3496
f 3496/3496/3496 3504/3504/3504 3394/3394/3394
f 3507/3507/3507 3402/3402/3402 3502/3502/3502
f 3505/3505/3505 3479/3479/3479 3507/3507/3507
f 3502/3502/3502 3505/3505/3505 3507/3507/3507
f 3502/3502/3502 3396/3396/3396 3503/3503/3503 3505/3505/3505
f 3505/3505/3505 3503/3503/3503 3395/3395/3395 3504/3504/3504
f 3499/3499/3499 3479/3479/3479 3505/3505/3505
f 3504/3504/3504 3401/3401/3401 3499/3499/3499
f 3505/3505/3505 3504/3504/3504 3499/3499/3499
f 3502/3502/3502 3402/3402/3402 3490/3490/3490
f 3490/3490/3490 3403/3403/3403 3397/3397/3397
f 3397/3397/3397 3396/3396/3396 3502/3502/3502
f 3502/3502/3502 3490/3490/3490 3397/3397/3397
f 3404/3404/3404 3398/3398/3398 3397/3397/3397 3403/3403/3403
f 3497/3497/3497 3400/3400/3400 3399/3399/3399
f 3405/3405/3405 3406/3406/3406 3497/3497/3497
f 3399/3399/3399 3405/3405/3405 3497/3497/3497
f 3493/3493/3493 3480/3480/3480 3498/3498/3498
f 3495/3495/3495 3407/3407/3407 3493/3493/3493
f 3498/3498/3498 3495/3495/3495 3493/3493/3493
f 3500/3500/3500 3401/3401/3401 3496/3496/3496
f 3498/3498/3498 3480/3480/3480 3500/3500/3500
f 3496/3496/3496 3498/3498/3498 3500/3500/3500
f 3498/3498/3498 3496/3496/3496 3400/3400/3400 3497/3497/3497
f 3495/3495/3495 3498/3498/3498 3497/3497/3497 3406/3406/3406
f 3408/3408/3408 3482/3482/3482 3483/3483/3483 3481/3481/3481
f 3506/3506/3506 3402/3402/3402 3507/3507/3507 3508/3508/3508
f 3501/3501/3501 3499/3499/3499 3401/3401/3401 3500/3500/3500
f 3492/3492/3492 3494/3494/3494 3493/3493/3493 3407/3407/3407
f 3409/3409/3409 3489/3489/3489 3491/3491/3491 3488/3488/3488
f 3489/3489/3489 3403/3403/3403 3490/3490/3490 3491/3491/3491
f 3506/3506/3506 3478/3478/3478 3491/3491/3491
f 3490/3490/3490 3402/3402/3402 3506/3506/3506
f 3491/3491/3491 3490/3490/3490 3506/3506/3506
f 3482/3482/3482 3408/3408/3408 3488/3488/3488
f 3491/3491/3491 3478/3478/3478 3482/3482/3482
f 3488/3488/3488 3491/3491/3491 3482/3482/3482
f 3489/3489/3489 3409/3409/3409 3410/3410/3410
f 3404/3404/3404 3403/3403/3403 3489/3489/3489
f 3410/3410/3410 3404/3404/3404 3489/3489/3489
f 3412/3412/3412 3406/3406/3406 3405/3405/3405 3411/3411/3411
f 3486/3486/3486 3407/3407/3407 3495/3495/3495
f 3495/3495/3495 3406/3406/3406 3412/3412/3412
f 3412/3412/3412 3413/3413/3413 3486/3486/3486
f 3486/3486/3486 3495/3495/3495 3412/3412/3412
f 3414/3414/3414 3485/3485/3485 3487/3487/3487 3484/3484/3484
f 3481/3481/3481 3477/3477/3477 3487/3487/3487
f 3485/3485/3485 3408/3408/3408 3481/3481/3481
f 3487/3487/3487 3485/3485/3485 3481/3481/3481
f 3492/3492/3492 3407/3407/3407 3486/3486/3486
f 3487/3487/3487 3477/3477/3477 3492/3492/3492
f 3486/3486/3486 3487/3487/3487 3492/3492/3492
f 3484/3484/3484 3487/3487/3487 3486/3486/3486 3413/3413/3413
f 3488/3488/3488 3408/3408/3408 3485/3485/3485
f 3485/3485/3485 3414/3414/3414 3415/3415/3415
f 3415/3415/3415 3409/3409/3409 3488/3488/3488
f 3488/3488/3488 3485/3485/3485 3415/3415/3415
f 3416/3416/3416 3410/3410/3410 3409/3409/3409 3415/3415/3415
f 3418/3418/3418 3413/3413/3413 3412/3412/3412 3417/3417/3417
f 3484/3484/3484 3413/3413/3413 3418/3418/3418
f 3419/3419/3419 3414/3414/3414 3484/3484/3484
f 3418/3418/3418 3419/3419/3419 3484/3484/3484
f 3420/3420/3420 3415/3415/3415 3414/3414/3414 3419/3419/3419
f 3446/3446/3446 3389/3389/3389 3445/3445/3445
f 3393/3393/3393 3447/3447/3447 3448/3448/3448
f 3449/3449/3449 3393/3393/3393 3448/3448/3448
f 3446/3446/3446 3447/3447/3447 3393/3393/3393
f 3393/3393/3393 3394/3394/3394 3446/3446/3446
f 3443/3443/3443 3390/3390/3390 3442/3442/3442
f 3444/3444/3444 3389/3389/3389 3443/3443/3443
f 3445/3445/3445 3389/3389/3389 3444/3444/3444
f 3443/3443/3443 3389/3389/3389 3390/3390/3390
f 3389/3389/3389 3446/3446/3446 3394/3394/3394
f 3390/3390/3390 3441/3441/3441 3442/3442/3442
f 3399/3399/3399 3449/3449/3449 3450/3450/3450
f 3451/3451/3451 3399/3399/3399 3450/3450/3450
f 3480/3480/3480 3465/3465/3465 3466/3466/3466
f 3466/3466/3466 3500/3500/3500 3480/3480/3480
f 3468/3468/3468 3479/3479/3479 3499/3499/3499
f 3501/3501/3501 3468/3468/3468 3499/3499/3499
f 3501/3501/3501 3467/3467/3467 3468/3468/3468
f 3501/3501/3501 3466/3466/3466 3467/3467/3467
f 3466/3466/3466 3501/3501/3501 3500/3500/3500
f 3469/3469/3469 3479/3479/3479 3468/3468/3468
f 3399/3399/3399 3393/3393/3393 3449/3449/3449
f 3391/3391/3391 3440/3440/3440 3441/3441/3441
f 3392/3392/3392 3439/3439/3439 3391/3391/3391
f 3440/3440/3440 3391/3391/3391 3439/3439/3439
f 3438/3438/3438 3439/3439/3439 3392/3392/3392
f 3441/3441/3441 3390/3390/3390 3391/3391/3391
f 3437/3437/3437 3392/3392/3392 3436/3436/3436
f 3392/3392/3392 3437/3437/3437 3438/3438/3438
f 3398/3398/3398 3434/3434/3434 3435/3435/3435
f 3435/3435/3435 3436/3436/3436 3398/3398/3398
f 3436/3436/3436 3397/3397/3397 3398/3398/3398
f 3392/3392/3392 3397/3397/3397 3436/3436/3436
f 3470/3470/3470 3508/3508/3508 3507/3507/3507
f 3470/3470/3470 3507/3507/3507 3479/3479/3479
f 3508/3508/3508 3471/3471/3471 3472/3472/3472
f 3508/3508/3508 3470/3470/3470 3471/3471/3471
f 3506/3506/3506 3508/3508/3508 3472/3472/3472
f 3432/3432/3432 3433/3433/3433 3404/3404/3404
f 3398/3398/3398 3404/3404/3404 3433/3433/3433
f 3434/3434/3434 3398/3398/3398 3433/3433/3433
f 3472/3472/3472 3478/3478/3478 3506/3506/3506
f 3431/3431/3431 3432/3432/3432 3404/3404/3404
f 3473/3473/3473 3478/3478/3478 3472/3472/3472
f 3469/3469/3469 3470/3470/3470 3479/3479/3479
f 3451/3451/3451 3405/3405/3405 3399/3399/3399
f 3464/3464/3464 3493/3493/3493 3494/3494/3494
f 3493/3493/3493 3464/3464/3464 3480/3480/3480
f 3462/3462/3462 3494/3494/3494 3492/3492/3492
f 3464/3464/3464 3465/3465/3465 3480/3480/3480
f 3463/3463/3463 3464/3464/3464 3494/3494/3494
f 3461/3461/3461 3462/3462/3462 3477/3477/3477
f 3494/3494/3494 3462/3462/3462 3463/3463/3463
f 3476/3476/3476 3461/3461/3461 3477/3477/3477
f 3492/3492/3492 3477/3477/3477 3462/3462/3462
f 3452/3452/3452 3453/3453/3453 3405/3405/3405
f 3452/3452/3452 3405/3405/3405 3451/3451/3451
f 3411/3411/3411 3453/3453/3453 3454/3454/3454
f 3455/3455/3455 3411/3411/3411 3454/3454/3454
f 3412/3412/3412 3411/3411/3411 3456/3456/3456
f 3455/3455/3455 3456/3456/3456 3411/3411/3411
f 3457/3457/3457 3417/3417/3417 3456/3456/3456
f 3417/3417/3417 3412/3412/3412 3456/3456/3456
f 3459/3459/3459 3418/3418/3418 3417/3417/3417
f 3418/3418/3418 3459/3459/3459 3460/3460/3460
f 3458/3458/3458 3459/3459/3459 3417/3417/3417
f 3417/3417/3417 3457/3457/3457 3458/3458/3458
f 3453/3453/3453 3411/3411/3411 3405/3405/3405
f 3460/3460/3460 3421/3421/3421 3418/3418/3418
f 3482/3482/3482 3478/3478/3478 3474/3474/3474
f 3483/3483/3483 3475/3475/3475 3476/3476/3476
f 3481/3481/3481 3483/3483/3483 3476/3476/3476
f 3474/3474/3474 3475/3475/3475 3483/3483/3483
f 3483/3483/3483 3482/3482/3482 3474/3474/3474
f 3431/3431/3431 3404/3404/3404 3410/3410/3410
f 3430/3430/3430 3410/3410/3410 3429/3429/3429
f 3410/3410/3410 3416/3416/3416 3429/3429/3429
f 3431/3431/3431 3410/3410/3410 3430/3430/3430
f 3476/3476/3476 3477/3477/3477 3481/3481/3481
f 3478/3478/3478 3473/3473/3473 3474/3474/3474
f 3423/3423/3423 3420/3420/3420 3419/3419/3419
f 3426/3426/3426 3415/3415/3415 3420/3420/3420
f 3423/3423/3423 3419/3419/3419 3422/3422/3422
f 3421/3421/3421 3422/3422/3422 3419/3419/3419
f 3424/3424/3424 3420/3420/3420 3423/3423/3423
f 3428/3428/3428 3416/3416/3416 3427/3427/3427
f 3426/3426/3426 3427/3427/3427 3416/3416/3416
f 3429/3429/3429 3416/3416/3416 3428/3428/3428
f 3416/3416/3416 3415/3415/3415 3426/3426/3426
f 3426/3426/3426 3420/3420/3420 3425/3425/3425
f 3425/3425/3425 3420/3420/3420 3424/3424/3424
f 3418/3418/3418 3421/3421/3421 3419/3419/3419
f 3511/3511/3511 3509/3509/3509 3510/3510/3510 3512/3512/3512
f 3515/3515/3515 3513/3513/3513 3514/3514/3514 3516/3516/3516
f 3513/3513/3513 3511/3511/3511 3512/3512/3512 3514/3514/3514
f 3519/3519/3519 3517/3517/3517 3518/3518/3518 3520/3520/3520
f 3523/3523/3523 3521/3521/3521 3522/3522/3522 3524/3524/3524
f 3521/3521/3521 3519/3519/3519 3520/3520/3520 3522/3522/3522
f 3517/3517/3517 3515/3515/3515 3516/3516/3516 3518/3518/3518
f 3525/3525/3525 3523/3523/3523 3524/3524/3524 3526/3526/3526
f 3529/3529/3529 3527/3527/3527 3528/3528/3528 3530/3530/3530
f 3533/3533/3533 3531/3531/3531 3532/3532/3532 3534/3534/3534
f 3531/3531/3531 3529/3529/3529 3530/3530/3530 3532/3532/3532
f 3537/3537/3537 3535/3535/3535 3536/3536/3536 3538/3538/3538
f 3541/3541/3541 3539/3539/3539 3540/3540/3540 3542/3542/3542
f 3539/3539/3539 3537/3537/3537 3538/3538/3538 3540/3540/3540
f 3535/3535/3535 3533/3533/3533 3534/3534/3534 3536/3536/3536
f 3527/3527/3527 3525/3525/3525 3526/3526/3526 3528/3528/3528
