# Rhino

mtllib PCaja_14.mtl
usemtl Default
v -366 137 51
v -366 136 51
v -365.87716674804688 137 49.792209625244141
v -365.87716674804688 136 49.792209625244141
v -365.51373291015625 137 48.633865356445312
v -365.51373291015625 136 48.633865356445312
v -364.92459106445312 137 47.572391510009766
v -364.92459106445312 136 47.572391510009766
v -364.1337890625 137 46.6512451171875
v -364.1337890625 136 46.6512451171875
v -363.17379760742188 137 45.908134460449219
v -363.17379760742188 136 45.908134460449219
v -362.08383178710938 137 45.373485565185547
v -362.08383178710938 136 45.373485565185547
v -360.9085693359375 137 45.069190979003906
v -360.9085693359375 136 45.069190979003906
v -359.69610595703125 137 45.007701873779297
v -359.69610595703125 136 45.007701873779297
v -358.49609375 137 45.191535949707031
v -358.49609375 136 45.191535949707031
v -357.35763549804688 137 45.613174438476562
v -357.35763549804688 136 45.613174438476562
v -356.32736206054688 137 46.255344390869141
v -356.32736206054688 136 46.255344390869141
v -355.44744873046875 137 47.091766357421875
v -355.44744873046875 136 47.091766357421875
v -354.75390625 137 48.088188171386719
v -354.75390625 136 48.088188171386719
v -354.27517700195312 137 49.203823089599609
v -354.27517700195312 136 49.203823089599609
v -354.03079223632812 137 50.392990112304688
v -354.03079223632812 136 50.392990112304688
v -354.03079223632812 137 51.607009887695312
v -354.03079223632812 136 51.607009887695312
v -354.27517700195312 137 52.796176910400391
v -354.27517700195312 136 52.796176910400391
v -354.75390625 137 53.911811828613281
v -354.75390625 136 53.911811828613281
v -355.44744873046875 137 54.908233642578125
v -355.44744873046875 136 54.908233642578125
v -356.32736206054688 137 55.744655609130859
v -356.32736206054688 136 55.744655609130859
v -357.35763549804688 137 56.386825561523438
v -357.35763549804688 136 56.386825561523438
v -358.49609375 137 56.808464050292969
v -358.49609375 136 56.808464050292969
v -359.69610595703125 137 56.992298126220703
v -359.69610595703125 136 56.992298126220703
v -360.9085693359375 137 56.930809020996094
v -360.9085693359375 136 56.930809020996094
v -362.08383178710938 137 56.626514434814453
v -362.08383178710938 136 56.626514434814453
v -363.17379760742188 137 56.091865539550781
v -363.17379760742188 136 56.091865539550781
v -364.1337890625 137 55.3487548828125
v -364.1337890625 136 55.3487548828125
v -364.92459106445312 137 54.427608489990234
v -364.92459106445312 136 54.427608489990234
v -365.51373291015625 137 53.366134643554688
v -365.51373291015625 136 53.366134643554688
v -365.87716674804688 137 52.207790374755859
v -365.87716674804688 136 52.207790374755859
v -366 137 51
v -366 136 51
v -362.23605346679688 137 51
v -362.23605346679688 136 51
v -362.1903076171875 137 51.450119018554688
v -362.1903076171875 136 51.450119018554688
v -362.05484008789062 137 51.881805419921875
v -362.05484008789062 136 51.881805419921875
v -361.83529663085938 137 52.277393341064453
v -361.83529663085938 136 52.277393341064453
v -361.54058837890625 137 52.620685577392578
v -361.54058837890625 136 52.620685577392578
v -361.18280029296875 137 52.897624969482422
v -361.18280029296875 136 52.897624969482422
v -360.776611328125 137 53.096878051757812
v -360.776611328125 136 53.096878051757812
v -360.33859252929688 137 53.210281372070312
v -360.33859252929688 136 53.210281372070312
v -359.88674926757812 137 53.233196258544922
v -359.88674926757812 136 53.233196258544922
v -359.43951416015625 137 53.164688110351562
v -359.43951416015625 136 53.164688110351562
v -359.0152587890625 137 53.007553100585938
v -359.0152587890625 136 53.007553100585938
v -358.63128662109375 137 52.768226623535156
v -358.63128662109375 136 52.768226623535156
v -358.30337524414062 137 52.456512451171875
v -358.30337524414062 136 52.456512451171875
v -358.04489135742188 137 52.085166931152344
v -358.04489135742188 136 52.085166931152344
v -357.86648559570312 137 51.669395446777344
v -357.86648559570312 136 51.669395446777344
v -357.775390625 137 51.226219177246094
v -357.775390625 136 51.226219177246094
v -357.775390625 137 50.773780822753906
v -357.775390625 136 50.773780822753906
v -357.86648559570312 137 50.330604553222656
v -357.86648559570312 136 50.330604553222656
v -358.04489135742188 137 49.914833068847656
v -358.04489135742188 136 49.914833068847656
v -358.30337524414062 137 49.543487548828125
v -358.30337524414062 136 49.543487548828125
v -358.63128662109375 137 49.231773376464844
v -358.63128662109375 136 49.231773376464844
v -359.0152587890625 137 48.992446899414062
v -359.0152587890625 136 48.992446899414062
v -359.43951416015625 137 48.835311889648438
v -359.43951416015625 136 48.835311889648438
v -359.88674926757812 137 48.766803741455078
v -359.88674926757812 136 48.766803741455078
v -360.33859252929688 137 48.789718627929688
v -360.33859252929688 136 48.789718627929688
v -360.776611328125 137 48.903121948242188
v -360.776611328125 136 48.903121948242188
v -361.18280029296875 137 49.102375030517578
v -361.18280029296875 136 49.102375030517578
v -361.54058837890625 137 49.379314422607422
v -361.54058837890625 136 49.379314422607422
v -361.83529663085938 137 49.722606658935547
v -361.83529663085938 136 49.722606658935547
v -362.05484008789062 137 50.118194580078125
v -362.05484008789062 136 50.118194580078125
v -362.1903076171875 137 50.549880981445312
v -362.1903076171875 136 50.549880981445312
v -362.23605346679688 137 51
v -362.23605346679688 136 51
v -366 137 51
v -365.87716674804688 137 49.792209625244141
v -365.51373291015625 137 48.633865356445312
v -364.92459106445312 137 47.572391510009766
v -364.1337890625 137 46.6512451171875
v -363.17379760742188 137 45.908134460449219
v -362.08383178710938 137 45.373485565185547
v -360.9085693359375 137 45.069190979003906
v -359.69610595703125 137 45.007701873779297
v -358.49609375 137 45.191535949707031
v -357.35763549804688 137 45.613174438476562
v -356.32736206054688 137 46.255344390869141
v -355.44744873046875 137 47.091766357421875
v -354.75390625 137 48.088188171386719
v -354.27517700195312 137 49.203823089599609
v -354.03079223632812 137 50.392990112304688
v -354.03079223632812 137 51.607009887695312
v -354.27517700195312 137 52.796176910400391
v -354.75390625 137 53.911811828613281
v -355.44744873046875 137 54.908233642578125
v -356.32736206054688 137 55.744655609130859
v -357.35763549804688 137 56.386825561523438
v -358.49609375 137 56.808464050292969
v -359.69610595703125 137 56.992298126220703
v -360.9085693359375 137 56.930809020996094
v -362.08383178710938 137 56.626514434814453
v -363.17379760742188 137 56.091865539550781
v -364.1337890625 137 55.3487548828125
v -364.92459106445312 137 54.427608489990234
v -365.51373291015625 137 53.366134643554688
v -365.87716674804688 137 52.207790374755859
v -362.23605346679688 137 51
v -362.1903076171875 137 51.450119018554688
v -362.05484008789062 137 51.881805419921875
v -361.83529663085938 137 52.277393341064453
v -361.54058837890625 137 52.620685577392578
v -361.18280029296875 137 52.897624969482422
v -360.776611328125 137 53.096878051757812
v -360.33859252929688 137 53.210281372070312
v -359.88674926757812 137 53.233196258544922
v -359.43951416015625 137 53.164688110351562
v -359.0152587890625 137 53.007553100585938
v -358.63128662109375 137 52.768226623535156
v -358.30337524414062 137 52.456512451171875
v -358.04489135742188 137 52.085166931152344
v -357.86648559570312 137 51.669395446777344
v -357.775390625 137 51.226219177246094
v -357.775390625 137 50.773780822753906
v -357.86648559570312 137 50.330604553222656
v -358.04489135742188 137 49.914833068847656
v -358.30337524414062 137 49.543487548828125
v -358.63128662109375 137 49.231773376464844
v -359.0152587890625 137 48.992446899414062
v -359.43951416015625 137 48.835311889648438
v -359.88674926757812 137 48.766803741455078
v -360.33859252929688 137 48.789718627929688
v -360.776611328125 137 48.903121948242188
v -361.18280029296875 137 49.102375030517578
v -361.54058837890625 137 49.379314422607422
v -361.83529663085938 137 49.722606658935547
v -362.05484008789062 137 50.118194580078125
v -362.1903076171875 137 50.549880981445312
v -366 136 51
v -365.87716674804688 136 49.792209625244141
v -365.51373291015625 136 48.633865356445312
v -364.92459106445312 136 47.572391510009766
v -364.1337890625 136 46.6512451171875
v -363.17379760742188 136 45.908134460449219
v -362.08383178710938 136 45.373485565185547
v -360.9085693359375 136 45.069190979003906
v -359.69610595703125 136 45.007701873779297
v -358.49609375 136 45.191535949707031
v -357.35763549804688 136 45.613174438476562
v -356.32736206054688 136 46.255344390869141
v -355.44744873046875 136 47.091766357421875
v -354.75390625 136 48.088188171386719
v -354.27517700195312 136 49.203823089599609
v -354.03079223632812 136 50.392990112304688
v -354.03079223632812 136 51.607009887695312
v -354.27517700195312 136 52.796176910400391
v -354.75390625 136 53.911811828613281
v -355.44744873046875 136 54.908233642578125
v -356.32736206054688 136 55.744655609130859
v -357.35763549804688 136 56.386825561523438
v -358.49609375 136 56.808464050292969
v -359.69610595703125 136 56.992298126220703
v -360.9085693359375 136 56.930809020996094
v -362.08383178710938 136 56.626514434814453
v -363.17379760742188 136 56.091865539550781
v -364.1337890625 136 55.3487548828125
v -364.92459106445312 136 54.427608489990234
v -365.51373291015625 136 53.366134643554688
v -365.87716674804688 136 52.207790374755859
v -362.23605346679688 136 51
v -362.1903076171875 136 51.450119018554688
v -362.05484008789062 136 51.881805419921875
v -361.83529663085938 136 52.277393341064453
v -361.54058837890625 136 52.620685577392578
v -361.18280029296875 136 52.897624969482422
v -360.776611328125 136 53.096878051757812
v -360.33859252929688 136 53.210281372070312
v -359.88674926757812 136 53.233196258544922
v -359.43951416015625 136 53.164688110351562
v -359.0152587890625 136 53.007553100585938
v -358.63128662109375 136 52.768226623535156
v -358.30337524414062 136 52.456512451171875
v -358.04489135742188 136 52.085166931152344
v -357.86648559570312 136 51.669395446777344
v -357.775390625 136 51.226219177246094
v -357.775390625 136 50.773780822753906
v -357.86648559570312 136 50.330604553222656
v -358.04489135742188 136 49.914833068847656
v -358.30337524414062 136 49.543487548828125
v -358.63128662109375 136 49.231773376464844
v -359.0152587890625 136 48.992446899414062
v -359.43951416015625 136 48.835311889648438
v -359.88674926757812 136 48.766803741455078
v -360.33859252929688 136 48.789718627929688
v -360.776611328125 136 48.903121948242188
v -361.18280029296875 136 49.102375030517578
v -361.54058837890625 136 49.379314422607422
v -361.83529663085938 136 49.722606658935547
v -362.05484008789062 136 50.118194580078125
v -362.1903076171875 136 50.549880981445312
vt 0 0
vt 0 0.52004909515380859
vt 0.023500096052885056 0
vt 0.023500096052885056 0.52004909515380859
vt 0.047000192105770111 0
vt 0.047000192105770111 0.52004909515380859
vt 0.070500284433364868 0
vt 0.070500284433364868 0.52004909515380859
vt 0.094000384211540222 0
vt 0.094000384211540222 0.52004909515380859
vt 0.11750047653913498 0
vt 0.11750047653913498 0.52004909515380859
vt 0.14100056886672974 0
vt 0.14100056886672974 0.52004909515380859
vt 0.16450066864490509 0
vt 0.16450066864490509 0.52004909515380859
vt 0.18800076842308044 0
vt 0.18800076842308044 0.52004909515380859
vt 0.2115008682012558 0
vt 0.2115008682012558 0.52004909515380859
vt 0.23500095307826996 0
vt 0.23500095307826996 0.52004909515380859
vt 0.25850105285644531 0
vt 0.25850105285644531 0.52004909515380859
vt 0.28200113773345947 0
vt 0.28200113773345947 0.52004909515380859
vt 0.30550125241279602 0
vt 0.30550125241279602 0.52004909515380859
vt 0.32900133728981018 0
vt 0.32900133728981018 0.52004909515380859
vt 0.35250145196914673 0
vt 0.35250145196914673 0.52004909515380859
vt 0.37600153684616089 0
vt 0.37600153684616089 0.52004909515380859
vt 0.39950162172317505 0
vt 0.39950162172317505 0.52004909515380859
vt 0.4230017364025116 0
vt 0.4230017364025116 0.52004909515380859
vt 0.44650182127952576 0
vt 0.44650182127952576 0.52004909515380859
vt 0.47000190615653992 0
vt 0.47000190615653992 0.52004909515380859
vt 0.49350202083587646 0
vt 0.49350202083587646 0.52004909515380859
vt 0.51700210571289062 0
vt 0.51700210571289062 0.52004909515380859
vt 0.54050219058990479 0
vt 0.54050219058990479 0.52004909515380859
vt 0.56400227546691895 0
vt 0.56400227546691895 0.52004909515380859
vt 0.58750241994857788 0
vt 0.58750241994857788 0.52004909515380859
vt 0.61100250482559204 0
vt 0.61100250482559204 0.52004909515380859
vt 0.6345025897026062 0
vt 0.6345025897026062 0.52004909515380859
vt 0.65800267457962036 0
vt 0.65800267457962036 0.52004909515380859
vt 0.68150275945663452 0
vt 0.68150275945663452 0.52004909515380859
vt 0.70500290393829346 0
vt 0.70500290393829346 0.52004909515380859
vt 0.72850298881530762 0
vt 0.72850298881530762 0.52004909515380859
vt 0.72850298881530762 0
vt 0.72850298881530762 0.52004909515380859
vt 0.73726093769073486 0
vt 0.73726093769073486 0.52004909515380859
vt 0.74601888656616211 0
vt 0.74601888656616211 0.52004909515380859
vt 0.75477689504623413 0
vt 0.75477689504623413 0.52004909515380859
vt 0.76353484392166138 0
vt 0.76353484392166138 0.52004909515380859
vt 0.77229279279708862 0
vt 0.77229279279708862 0.52004909515380859
vt 0.78105080127716064 0
vt 0.78105080127716064 0.52004909515380859
vt 0.78980875015258789 0
vt 0.78980875015258789 0.52004909515380859
vt 0.79856669902801514 0
vt 0.79856669902801514 0.52004909515380859
vt 0.80732470750808716 0
vt 0.80732470750808716 0.52004909515380859
vt 0.8160826563835144 0
vt 0.8160826563835144 0.52004909515380859
vt 0.82484060525894165 0
vt 0.82484060525894165 0.52004909515380859
vt 0.83359861373901367 0
vt 0.83359861373901367 0.52004909515380859
vt 0.84235656261444092 0
vt 0.84235656261444092 0.52004909515380859
vt 0.85111451148986816 0
vt 0.85111451148986816 0.52004909515380859
vt 0.85987251996994019 0
vt 0.85987251996994019 0.52004909515380859
vt 0.86863046884536743 0
vt 0.86863046884536743 0.52004909515380859
vt 0.87738841772079468 0
vt 0.87738841772079468 0.52004909515380859
vt 0.8861464262008667 0
vt 0.8861464262008667 0.52004909515380859
vt 0.89490437507629395 0
vt 0.89490437507629395 0.52004909515380859
vt 0.90366232395172119 0
vt 0.90366232395172119 0.52004909515380859
vt 0.91242033243179321 0
vt 0.91242033243179321 0.52004909515380859
vt 0.92117828130722046 0
vt 0.92117828130722046 0.52004909515380859
vt 0.92993623018264771 0
vt 0.92993623018264771 0.52004909515380859
vt 0.93869423866271973 0
vt 0.93869423866271973 0.52004909515380859
vt 0.94745218753814697 0
vt 0.94745218753814697 0.52004909515380859
vt 0.95621013641357422 0
vt 0.95621013641357422 0.52004909515380859
vt 0.96496814489364624 0
vt 0.96496814489364624 0.52004909515380859
vt 0.97372609376907349 0
vt 0.97372609376907349 0.52004909515380859
vt 0.98248404264450073 0
vt 0.98248404264450073 0.52004909515380859
vt 0.99124205112457275 0
vt 0.99124205112457275 0.52004909515380859
vt 1 0
vt 1 0.52004909515380859
vt 0.11599447578191757 1
vt 0.13937400281429291 0.9950750470161438
vt 0.16179636120796204 0.98050189018249512
vt 0.18234360218048096 0.95687705278396606
vt 0.200174480676651 0.92516779899597168
vt 0.21455903351306915 0.88667231798171997
vt 0.22490833699703217 0.84296661615371704
vt 0.23079869151115417 0.79583996534347534
vt 0.23198895156383514 0.74722182750701904
vt 0.22843039035797119 0.69910252094268799
vt 0.22026868164539337 0.65345215797424316
vt 0.20783798396587372 0.61213958263397217
vt 0.19164718687534332 0.57685619592666626
vt 0.1723591685295105 0.54904645681381226
vt 0.15076357126235962 0.52984899282455444
vt 0.12774452567100525 0.52004963159561157
vt 0.10424443334341049 0.52004963159561157
vt 0.081225380301475525 0.52984899282455444
vt 0.059629786759614944 0.54904645681381226
vt 0.04034176841378212 0.57685619592666626
vt 0.024150978773832321 0.61213958263397217
vt 0.011720273643732071 0.65345215797424316
vt 0.0035585672594606876 0.69910252094268799
vt 0 0.74722182750701904
vt 0.0011902602855116129 0.79583996534347534
vt 0.0070806187577545643 0.84296661615371704
vt 0.017429923638701439 0.88667231798171997
vt 0.031814474612474442 0.92516779899597168
vt 0.049645360559225082 0.95687705278396606
vt 0.070192590355873108 0.98050189018249512
vt 0.092614956200122833 0.9950750470161438
vt 0.11599447578191757 0.84907108545303345
vt 0.10728144645690918 0.84723567962646484
vt 0.098925121128559113 0.84180456399917603
vt 0.091267623007297516 0.83300012350082397
vt 0.084622442722320557 0.82118278741836548
vt 0.079261638224124908 0.80683636665344238
vt 0.075404681265354156 0.79054820537567139
vt 0.073209472000598907 0.77298516035079956
vt 0.072765886783599854 0.75486624240875244
vt 0.074092090129852295 0.73693323135375977
vt 0.077133774757385254 0.71992033720016479
vt 0.081766426563262939 0.70452404022216797
vt 0.087800376117229462 0.69137471914291382
vt 0.094988599419593811 0.6810106635093689
vt 0.10303680598735809 0.67385613918304443
vt 0.11161549389362335 0.67020416259765625
vt 0.12037346512079239 0.67020416259765625
vt 0.12895216047763824 0.67385613918304443
vt 0.13700036704540253 0.6810106635093689
vt 0.14418858289718628 0.69137471914291382
vt 0.1502225250005722 0.70452404022216797
vt 0.15485517680644989 0.71992033720016479
vt 0.15789687633514404 0.73693323135375977
vt 0.15922306478023529 0.75486624240875244
vt 0.15877948701381683 0.77298516035079956
vt 0.15658427774906158 0.79054820537567139
vt 0.15272732079029083 0.80683636665344238
vt 0.14736650884151459 0.82118278741836548
vt 0.14072133600711823 0.83300012350082397
vt 0.13306383788585663 0.84180456399917603
vt 0.12470751255750656 0.84723567962646484
vt 0.11599447578191757 0.52004963159561157
vt 0.13937400281429291 0.52497458457946777
vt 0.16179636120796204 0.53954774141311646
vt 0.18234360218048096 0.56317257881164551
vt 0.200174480676651 0.59488183259963989
vt 0.21455903351306915 0.6333773136138916
vt 0.22490833699703217 0.67708301544189453
vt 0.23079869151115417 0.72420966625213623
vt 0.23198895156383514 0.77282780408859253
vt 0.22843039035797119 0.82094711065292358
vt 0.22026868164539337 0.86659747362136841
vt 0.20783798396587372 0.9079100489616394
vt 0.19164718687534332 0.94319343566894531
vt 0.1723591685295105 0.97100317478179932
vt 0.15076357126235962 0.99020063877105713
vt 0.12774452567100525 1
vt 0.10424443334341049 1
vt 0.081225380301475525 0.99020063877105713
vt 0.059629786759614944 0.97100317478179932
vt 0.04034176841378212 0.94319343566894531
vt 0.024150978773832321 0.9079100489616394
vt 0.011720273643732071 0.86659747362136841
vt 0.0035585672594606876 0.82094711065292358
vt 0 0.77282780408859253
vt 0.0011902602855116129 0.72420966625213623
vt 0.0070806187577545643 0.67708301544189453
vt 0.017429923638701439 0.6333773136138916
vt 0.031814474612474442 0.59488183259963989
vt 0.049645360559225082 0.56317257881164551
vt 0.070192590355873108 0.53954774141311646
vt 0.092614956200122833 0.52497458457946777
vt 0.11599447578191757 0.67097854614257812
vt 0.10728144645690918 0.67281395196914673
vt 0.098925121128559113 0.67824506759643555
vt 0.091267623007297516 0.6870495080947876
vt 0.084622442722320557 0.69886684417724609
vt 0.079261638224124908 0.71321326494216919
vt 0.075404681265354156 0.72950142621994019
vt 0.073209472000598907 0.74706447124481201
vt 0.072765886783599854 0.76518338918685913
vt 0.074092090129852295 0.78311640024185181
vt 0.077133774757385254 0.80012929439544678
vt 0.081766426563262939 0.8155255913734436
vt 0.087800376117229462 0.82867491245269775
vt 0.094988599419593811 0.83903896808624268
vt 0.10303680598735809 0.84619349241256714
vt 0.11161549389362335 0.84984546899795532
vt 0.12037346512079239 0.84984546899795532
vt 0.12895216047763824 0.84619349241256714
vt 0.13700036704540253 0.83903896808624268
vt 0.14418858289718628 0.82867491245269775
vt 0.1502225250005722 0.8155255913734436
vt 0.15485517680644989 0.80012929439544678
vt 0.15789687633514404 0.78311640024185181
vt 0.15922306478023529 0.76518338918685913
vt 0.15877948701381683 0.74706447124481201
vt 0.15658427774906158 0.72950142621994019
vt 0.15272732079029083 0.71321326494216919
vt 0.14736650884151459 0.69886684417724609
vt 0.14072133600711823 0.6870495080947876
vt 0.13306383788585663 0.67824506759643555
vt 0.12470751255750656 0.67281395196914673
vn -1 0 0
vn -1 0 0
vn -0.97952991724014282 0 -0.20129851996898651
vn -0.97952991724014282 0 -0.20129851996898651
vn -0.91895782947540283 0 -0.39435586333274841
vn -0.91895782947540283 0 -0.39435586333274841
vn -0.82076346874237061 0 -0.57126820087432861
vn -0.82076346874237061 0 -0.57126820087432861
vn -0.68896692991256714 0 -0.72479277849197388
vn -0.68896692991256714 0 -0.72479277849197388
vn -0.52896398305892944 0 -0.84864425659179688
vn -0.52896398305892944 0 -0.84864425659179688
vn -0.34730523824691772 0 -0.9377521276473999
vn -0.34730523824691772 0 -0.9377521276473999
vn -0.15142777562141418 0 -0.98846834897994995
vn -0.15142777562141418 0 -0.98846834897994995
vn 0.050649169832468033 0 -0.99871653318405151
vn 0.050649169832468033 0 -0.99871653318405151
vn 0.25065252184867859 0 -0.96807712316513062
vn 0.25065252184867859 0 -0.96807712316513062
vn 0.44039416313171387 0 -0.89780455827713013
vn 0.44039416313171387 0 -0.89780455827713013
vn 0.61210596561431885 0 -0.79077571630477905
vn 0.61210596561431885 0 -0.79077571630477905
vn 0.75875812768936157 0 -0.65137249231338501
vn 0.75875812768936157 0 -0.65137249231338501
vn 0.87434661388397217 0 -0.48530197143554688
vn 0.87434661388397217 0 -0.48530197143554688
vn 0.95413923263549805 0 -0.29936313629150391
vn 0.95413923263549805 0 -0.29936313629150391
vn 0.99486935138702393 0 -0.10116831958293915
vn 0.99486935138702393 0 -0.10116831958293915
vn 0.99486935138702393 0 0.10116831958293915
vn 0.99486935138702393 0 0.10116831958293915
vn 0.95413923263549805 0 0.29936313629150391
vn 0.95413923263549805 0 0.29936313629150391
vn 0.87434661388397217 0 0.48530197143554688
vn 0.87434661388397217 0 0.48530197143554688
vn 0.75875812768936157 0 0.65137249231338501
vn 0.75875812768936157 0 0.65137249231338501
vn 0.61210596561431885 0 0.79077571630477905
vn 0.61210596561431885 0 0.79077571630477905
vn 0.44039416313171387 0 0.89780455827713013
vn 0.44039416313171387 0 0.89780455827713013
vn 0.25065252184867859 0 0.96807712316513062
vn 0.25065252184867859 0 0.96807712316513062
vn 0.050649169832468033 0 0.99871653318405151
vn 0.050649169832468033 0 0.99871653318405151
vn -0.15142777562141418 0 0.98846834897994995
vn -0.15142777562141418 0 0.98846834897994995
vn -0.34730523824691772 0 0.9377521276473999
vn -0.34730523824691772 0 0.9377521276473999
vn -0.52896398305892944 0 0.84864425659179688
vn -0.52896398305892944 0 0.84864425659179688
vn -0.68896692991256714 0 0.72479277849197388
vn -0.68896692991256714 0 0.72479277849197388
vn -0.82076346874237061 0 0.57126820087432861
vn -0.82076346874237061 0 0.57126820087432861
vn -0.91895782947540283 0 0.39435586333274841
vn -0.91895782947540283 0 0.39435586333274841
vn -0.97952991724014282 0 0.20129851996898651
vn -0.97952991724014282 0 0.20129851996898651
vn -1 0 0
vn -1 0 0
vn 1 0 0
vn 1 0 0
vn 0.97952991724014282 0 -0.20129851996898651
vn 0.97952991724014282 0 -0.20129851996898651
vn 0.91895782947540283 0 -0.39435586333274841
vn 0.91895782947540283 0 -0.39435586333274841
vn 0.82076346874237061 0 -0.57126820087432861
vn 0.82076346874237061 0 -0.57126820087432861
vn 0.68896692991256714 0 -0.72479277849197388
vn 0.68896692991256714 0 -0.72479277849197388
vn 0.52896398305892944 0 -0.84864425659179688
vn 0.52896398305892944 0 -0.84864425659179688
vn 0.34730523824691772 0 -0.9377521276473999
vn 0.34730523824691772 0 -0.9377521276473999
vn 0.15142777562141418 0 -0.98846834897994995
vn 0.15142777562141418 0 -0.98846834897994995
vn -0.050649169832468033 0 -0.99871653318405151
vn -0.050649169832468033 0 -0.99871653318405151
vn -0.25065252184867859 0 -0.96807712316513062
vn -0.25065252184867859 0 -0.96807712316513062
vn -0.44039416313171387 0 -0.89780455827713013
vn -0.44039416313171387 0 -0.89780455827713013
vn -0.61210596561431885 0 -0.79077571630477905
vn -0.61210596561431885 0 -0.79077571630477905
vn -0.75875812768936157 0 -0.65137249231338501
vn -0.75875812768936157 0 -0.65137249231338501
vn -0.87434661388397217 0 -0.48530197143554688
vn -0.87434661388397217 0 -0.48530197143554688
vn -0.95413923263549805 0 -0.29936313629150391
vn -0.95413923263549805 0 -0.29936313629150391
vn -0.99486935138702393 0 -0.10116831958293915
vn -0.99486935138702393 0 -0.10116831958293915
vn -0.99486935138702393 0 0.10116831958293915
vn -0.99486935138702393 0 0.10116831958293915
vn -0.95413923263549805 0 0.29936313629150391
vn -0.95413923263549805 0 0.29936313629150391
vn -0.87434661388397217 0 0.48530197143554688
vn -0.87434661388397217 0 0.48530197143554688
vn -0.75875812768936157 0 0.65137249231338501
vn -0.75875812768936157 0 0.65137249231338501
vn -0.61210596561431885 0 0.79077571630477905
vn -0.61210596561431885 0 0.79077571630477905
vn -0.44039416313171387 0 0.89780455827713013
vn -0.44039416313171387 0 0.89780455827713013
vn -0.25065252184867859 0 0.96807712316513062
vn -0.25065252184867859 0 0.96807712316513062
vn -0.050649169832468033 0 0.99871653318405151
vn -0.050649169832468033 0 0.99871653318405151
vn 0.15142777562141418 0 0.98846834897994995
vn 0.15142777562141418 0 0.98846834897994995
vn 0.34730523824691772 0 0.9377521276473999
vn 0.34730523824691772 0 0.9377521276473999
vn 0.52896398305892944 0 0.84864425659179688
vn 0.52896398305892944 0 0.84864425659179688
vn 0.68896692991256714 0 0.72479277849197388
vn 0.68896692991256714 0 0.72479277849197388
vn 0.82076346874237061 0 0.57126820087432861
vn 0.82076346874237061 0 0.57126820087432861
vn 0.91895782947540283 0 0.39435586333274841
vn 0.91895782947540283 0 0.39435586333274841
vn 0.97952991724014282 0 0.20129851996898651
vn 0.97952991724014282 0 0.20129851996898651
vn 1 0 0
vn 1 0 0
vn 0 1 0
vn 0 1 0
vn 0 1 0
vn 0 1 0
vn 0 1 0
vn 0 1 0
vn 0 1 0
vn 0 1 0
vn 0 1 0
vn 0 1 0
vn 0 1 0
vn 0 1 0
vn 0 1 0
vn 0 1 0
vn 0 1 0
vn 0 1 0
vn 0 1 0
vn 0 1 0
vn 0 1 0
vn 0 1 0
vn 0 1 0
vn 0 1 0
vn 0 1 0
vn 0 1 0
vn 0 1 0
vn 0 1 0
vn 0 1 0
vn 0 1 0
vn 0 1 0
vn 0 1 0
vn 0 1 0
vn 0 1 0
vn 0 1 0
vn 0 1 0
vn 0 1 0
vn 0 1 0
vn 0 1 0
vn 0 1 0
vn 0 1 0
vn 0 1 0
vn 0 1 0
vn 0 1 0
vn 0 1 0
vn 0 1 0
vn 0 1 0
vn 0 1 0
vn 0 1 0
vn 0 1 0
vn 0 1 0
vn 0 1 0
vn 0 1 0
vn 0 1 0
vn 0 1 0
vn 0 1 0
vn 0 1 0
vn 0 1 0
vn 0 1 0
vn 0 1 0
vn 0 1 0
vn 0 1 0
vn 0 1 0
vn 0 1 0
vn 0 -1 0
vn 0 -1 0
vn 0 -1 0
vn 0 -1 0
vn 0 -1 0
vn 0 -1 0
vn 0 -1 0
vn 0 -1 0
vn 0 -1 0
vn 0 -1 0
vn 0 -1 0
vn 0 -1 0
vn 0 -1 0
vn 0 -1 0
vn 0 -1 0
vn 0 -1 0
vn 0 -1 0
vn 0 -1 0
vn 0 -1 0
vn 0 -1 0
vn 0 -1 0
vn 0 -1 0
vn 0 -1 0
vn 0 -1 0
vn 0 -1 0
vn 0 -1 0
vn 0 -1 0
vn 0 -1 0
vn 0 -1 0
vn 0 -1 0
vn 0 -1 0
vn 0 -1 0
vn 0 -1 0
vn 0 -1 0
vn 0 -1 0
vn 0 -1 0
vn 0 -1 0
vn 0 -1 0
vn 0 -1 0
vn 0 -1 0
vn 0 -1 0
vn 0 -1 0
vn 0 -1 0
vn 0 -1 0
vn 0 -1 0
vn 0 -1 0
vn 0 -1 0
vn 0 -1 0
vn 0 -1 0
vn 0 -1 0
vn 0 -1 0
vn 0 -1 0
vn 0 -1 0
vn 0 -1 0
vn 0 -1 0
vn 0 -1 0
vn 0 -1 0
vn 0 -1 0
vn 0 -1 0
vn 0 -1 0
vn 0 -1 0
vn 0 -1 0
f 1/1/1 3/3/3 4/4/4 2/2/2
f 3/3/3 5/5/5 6/6/6 4/4/4
f 5/5/5 7/7/7 8/8/8 6/6/6
f 7/7/7 9/9/9 10/10/10 8/8/8
f 9/9/9 11/11/11 12/12/12 10/10/10
f 11/11/11 13/13/13 14/14/14 12/12/12
f 13/13/13 15/15/15 16/16/16 14/14/14
f 15/15/15 17/17/17 18/18/18 16/16/16
f 17/17/17 19/19/19 20/20/20 18/18/18
f 19/19/19 21/21/21 22/22/22 20/20/20
f 21/21/21 23/23/23 24/24/24 22/22/22
f 23/23/23 25/25/25 26/26/26 24/24/24
f 25/25/25 27/27/27 28/28/28 26/26/26
f 27/27/27 29/29/29 30/30/30 28/28/28
f 29/29/29 31/31/31 32/32/32 30/30/30
f 31/31/31 33/33/33 34/34/34 32/32/32
f 33/33/33 35/35/35 36/36/36 34/34/34
f 35/35/35 37/37/37 38/38/38 36/36/36
f 37/37/37 39/39/39 40/40/40 38/38/38
f 39/39/39 41/41/41 42/42/42 40/40/40
f 41/41/41 43/43/43 44/44/44 42/42/42
f 43/43/43 45/45/45 46/46/46 44/44/44
f 45/45/45 47/47/47 48/48/48 46/46/46
f 47/47/47 49/49/49 50/50/50 48/48/48
f 49/49/49 51/51/51 52/52/52 50/50/50
f 51/51/51 53/53/53 54/54/54 52/52/52
f 53/53/53 55/55/55 56/56/56 54/54/54
f 55/55/55 57/57/57 58/58/58 56/56/56
f 57/57/57 59/59/59 60/60/60 58/58/58
f 59/59/59 61/61/61 62/62/62 60/60/60
f 61/61/61 63/63/63 64/64/64 62/62/62
f 65/65/65 67/67/67 68/68/68 66/66/66
f 67/67/67 69/69/69 70/70/70 68/68/68
f 69/69/69 71/71/71 72/72/72 70/70/70
f 71/71/71 73/73/73 74/74/74 72/72/72
f 73/73/73 75/75/75 76/76/76 74/74/74
f 75/75/75 77/77/77 78/78/78 76/76/76
f 77/77/77 79/79/79 80/80/80 78/78/78
f 79/79/79 81/81/81 82/82/82 80/80/80
f 81/81/81 83/83/83 84/84/84 82/82/82
f 83/83/83 85/85/85 86/86/86 84/84/84
f 85/85/85 87/87/87 88/88/88 86/86/86
f 87/87/87 89/89/89 90/90/90 88/88/88
f 89/89/89 91/91/91 92/92/92 90/90/90
f 91/91/91 93/93/93 94/94/94 92/92/92
f 93/93/93 95/95/95 96/96/96 94/94/94
f 95/95/95 97/97/97 98/98/98 96/96/96
f 97/97/97 99/99/99 100/100/100 98/98/98
f 99/99/99 101/101/101 102/102/102 100/100/100
f 101/101/101 103/103/103 104/104/104 102/102/102
f 103/103/103 105/105/105 106/106/106 104/104/104
f 105/105/105 107/107/107 108/108/108 106/106/106
f 107/107/107 109/109/109 110/110/110 108/108/108
f 109/109/109 111/111/111 112/112/112 110/110/110
f 111/111/111 113/113/113 114/114/114 112/112/112
f 113/113/113 115/115/115 116/116/116 114/114/114
f 115/115/115 117/117/117 118/118/118 116/116/116
f 117/117/117 119/119/119 120/120/120 118/118/118
f 119/119/119 121/121/121 122/122/122 120/120/120
f 121/121/121 123/123/123 124/124/124 122/122/122
f 123/123/123 125/125/125 126/126/126 124/124/124
f 125/125/125 127/127/127 128/128/128 126/126/126
f 131/131/131 189/189/189 132/132/132
f 132/132/132 187/187/187 133/133/133
f 190/190/190 130/130/130 129/129/129
f 190/190/190 189/189/189 130/130/130
f 130/130/130 189/189/189 131/131/131
f 160/160/160 190/190/190 129/129/129
f 187/187/187 134/134/134 133/133/133
f 184/184/184 136/136/136 135/135/135
f 135/135/135 185/185/185 184/184/184
f 184/184/184 137/137/137 136/136/136
f 134/134/134 186/186/186 185/185/185
f 188/188/188 132/132/132 189/189/189
f 186/186/186 134/134/134 187/187/187
f 188/188/188 187/187/187 132/132/132
f 135/135/135 134/134/134 185/185/185
f 159/159/159 158/158/158 162/162/162
f 129/129/129 159/159/159 161/161/161
f 161/161/161 160/160/160 129/129/129
f 162/162/162 158/158/158 157/157/157
f 164/164/164 157/157/157 156/156/156
f 165/165/165 156/156/156 155/155/155
f 154/154/154 166/166/166 155/155/155
f 161/161/161 159/159/159 162/162/162
f 163/163/163 157/157/157 164/164/164
f 165/165/165 155/155/155 166/166/166
f 164/164/164 156/156/156 165/165/165
f 153/153/153 167/167/167 154/154/154
f 167/167/167 166/166/166 154/154/154
f 152/152/152 167/167/167 153/153/153
f 168/168/168 167/167/167 152/152/152
f 162/162/162 157/157/157 163/163/163
f 138/138/138 137/137/137 183/183/183
f 184/184/184 183/183/183 137/137/137
f 182/182/182 138/138/138 183/183/183
f 138/138/138 182/182/182 181/181/181
f 180/180/180 179/179/179 140/140/140
f 140/140/140 181/181/181 180/180/180
f 138/138/138 181/181/181 139/139/139
f 179/179/179 141/141/141 140/140/140
f 179/179/179 142/142/142 141/141/141
f 178/178/178 142/142/142 179/179/179
f 177/177/177 142/142/142 178/178/178
f 176/176/176 143/143/143 177/177/177
f 177/177/177 143/143/143 142/142/142
f 144/144/144 143/143/143 176/176/176
f 139/139/139 181/181/181 140/140/140
f 171/171/171 170/170/170 150/150/150
f 173/173/173 172/172/172 147/147/147
f 172/172/172 171/171/171 149/149/149
f 152/152/152 151/151/151 168/168/168
f 151/151/151 169/169/169 168/168/168
f 151/151/151 150/150/150 169/169/169
f 169/169/169 150/150/150 170/170/170
f 147/147/147 174/174/174 173/173/173
f 175/175/175 144/144/144 176/176/176
f 175/175/175 146/146/146 145/145/145
f 175/175/175 145/145/145 144/144/144
f 174/174/174 147/147/147 146/146/146
f 150/150/150 149/149/149 171/171/171
f 148/148/148 172/172/172 149/149/149
f 147/147/147 172/172/172 148/148/148
f 175/175/175 174/174/174 146/146/146
f 193/193/193 194/194/194 251/251/251
f 194/194/194 195/195/195 249/249/249
f 252/252/252 191/191/191 192/192/192
f 252/252/252 192/192/192 251/251/251
f 192/192/192 193/193/193 251/251/251
f 222/222/222 191/191/191 252/252/252
f 249/249/249 195/195/195 196/196/196
f 246/246/246 197/197/197 198/198/198
f 197/197/197 246/246/246 247/247/247
f 246/246/246 198/198/198 199/199/199
f 196/196/196 247/247/247 248/248/248
f 250/250/250 251/251/251 194/194/194
f 248/248/248 249/249/249 196/196/196
f 250/250/250 194/194/194 249/249/249
f 197/197/197 247/247/247 196/196/196
f 221/221/221 224/224/224 220/220/220
f 191/191/191 223/223/223 221/221/221
f 223/223/223 191/191/191 222/222/222
f 224/224/224 219/219/219 220/220/220
f 226/226/226 218/218/218 219/219/219
f 227/227/227 217/217/217 218/218/218
f 216/216/216 217/217/217 228/228/228
f 223/223/223 224/224/224 221/221/221
f 225/225/225 226/226/226 219/219/219
f 227/227/227 228/228/228 217/217/217
f 226/226/226 227/227/227 218/218/218
f 215/215/215 216/216/216 229/229/229
f 229/229/229 216/216/216 228/228/228
f 214/214/214 215/215/215 229/229/229
f 230/230/230 214/214/214 229/229/229
f 224/224/224 225/225/225 219/219/219
f 200/200/200 245/245/245 199/199/199
f 246/246/246 199/199/199 245/245/245
f 244/244/244 245/245/245 200/200/200
f 200/200/200 243/243/243 244/244/244
f 242/242/242 202/202/202 241/241/241
f 202/202/202 242/242/242 243/243/243
f 200/200/200 201/201/201 243/243/243
f 241/241/241 202/202/202 203/203/203
f 241/241/241 203/203/203 204/204/204
f 240/240/240 241/241/241 204/204/204
f 239/239/239 240/240/240 204/204/204
f 238/238/238 239/239/239 205/205/205
f 239/239/239 204/204/204 205/205/205
f 206/206/206 238/238/238 205/205/205
f 201/201/201 202/202/202 243/243/243
f 233/233/233 212/212/212 232/232/232
f 235/235/235 209/209/209 234/234/234
f 234/234/234 211/211/211 233/233/233
f 214/214/214 230/230/230 213/213/213
f 213/213/213 230/230/230 231/231/231
f 213/213/213 231/231/231 212/212/212
f 231/231/231 232/232/232 212/212/212
f 209/209/209 235/235/235 236/236/236
f 237/237/237 238/238/238 206/206/206
f 237/237/237 207/207/207 208/208/208
f 237/237/237 206/206/206 207/207/207
f 236/236/236 208/208/208 209/209/209
f 212/212/212 233/233/233 211/211/211
f 210/210/210 211/211/211 234/234/234
f 209/209/209 210/210/210 234/234/234
f 237/237/237 208/208/208 236/236/236
usemtl Default
v -366 141 51
v -366 140 51
v -365.87716674804688 141 49.792209625244141
v -365.87716674804688 140 49.792209625244141
v -365.51373291015625 141 48.633865356445312
v -365.51373291015625 140 48.633865356445312
v -364.92459106445312 141 47.572391510009766
v -364.92459106445312 140 47.572391510009766
v -364.1337890625 141 46.6512451171875
v -364.1337890625 140 46.6512451171875
v -363.17379760742188 141 45.908134460449219
v -363.17379760742188 140 45.908134460449219
v -362.08383178710938 141 45.373485565185547
v -362.08383178710938 140 45.373485565185547
v -360.9085693359375 141 45.069190979003906
v -360.9085693359375 140 45.069190979003906
v -359.69610595703125 141 45.007701873779297
v -359.69610595703125 140 45.007701873779297
v -358.49609375 141 45.191535949707031
v -358.49609375 140 45.191535949707031
v -357.35763549804688 141 45.613174438476562
v -357.35763549804688 140 45.613174438476562
v -356.32736206054688 141 46.255344390869141
v -356.32736206054688 140 46.255344390869141
v -355.44744873046875 141 47.091766357421875
v -355.44744873046875 140 47.091766357421875
v -354.75390625 141 48.088188171386719
v -354.75390625 140 48.088188171386719
v -354.27517700195312 141 49.203823089599609
v -354.27517700195312 140 49.203823089599609
v -354.03079223632812 141 50.392990112304688
v -354.03079223632812 140 50.392990112304688
v -354.03079223632812 141 51.607009887695312
v -354.03079223632812 140 51.607009887695312
v -354.27517700195312 141 52.796176910400391
v -354.27517700195312 140 52.796176910400391
v -354.75390625 141 53.911811828613281
v -354.75390625 140 53.911811828613281
v -355.44744873046875 141 54.908233642578125
v -355.44744873046875 140 54.908233642578125
v -356.32736206054688 141 55.744655609130859
v -356.32736206054688 140 55.744655609130859
v -357.35763549804688 141 56.386825561523438
v -357.35763549804688 140 56.386825561523438
v -358.49609375 141 56.808464050292969
v -358.49609375 140 56.808464050292969
v -359.69610595703125 141 56.992298126220703
v -359.69610595703125 140 56.992298126220703
v -360.9085693359375 141 56.930809020996094
v -360.9085693359375 140 56.930809020996094
v -362.08383178710938 141 56.626514434814453
v -362.08383178710938 140 56.626514434814453
v -363.17379760742188 141 56.091865539550781
v -363.17379760742188 140 56.091865539550781
v -364.1337890625 141 55.3487548828125
v -364.1337890625 140 55.3487548828125
v -364.92459106445312 141 54.427608489990234
v -364.92459106445312 140 54.427608489990234
v -365.51373291015625 141 53.366134643554688
v -365.51373291015625 140 53.366134643554688
v -365.87716674804688 141 52.207790374755859
v -365.87716674804688 140 52.207790374755859
v -366 141 51
v -366 140 51
v -362.23605346679688 141 51
v -362.23605346679688 140 51
v -362.1903076171875 141 51.450119018554688
v -362.1903076171875 140 51.450119018554688
v -362.05484008789062 141 51.881805419921875
v -362.05484008789062 140 51.881805419921875
v -361.83529663085938 141 52.277393341064453
v -361.83529663085938 140 52.277393341064453
v -361.54058837890625 141 52.620685577392578
v -361.54058837890625 140 52.620685577392578
v -361.18280029296875 141 52.897624969482422
v -361.18280029296875 140 52.897624969482422
v -360.776611328125 141 53.096878051757812
v -360.776611328125 140 53.096878051757812
v -360.33859252929688 141 53.210281372070312
v -360.33859252929688 140 53.210281372070312
v -359.88674926757812 141 53.233196258544922
v -359.88674926757812 140 53.233196258544922
v -359.43951416015625 141 53.164688110351562
v -359.43951416015625 140 53.164688110351562
v -359.0152587890625 141 53.007553100585938
v -359.0152587890625 140 53.007553100585938
v -358.63128662109375 141 52.768226623535156
v -358.63128662109375 140 52.768226623535156
v -358.30337524414062 141 52.456512451171875
v -358.30337524414062 140 52.456512451171875
v -358.04489135742188 141 52.085166931152344
v -358.04489135742188 140 52.085166931152344
v -357.86648559570312 141 51.669395446777344
v -357.86648559570312 140 51.669395446777344
v -357.775390625 141 51.226219177246094
v -357.775390625 140 51.226219177246094
v -357.775390625 141 50.773780822753906
v -357.775390625 140 50.773780822753906
v -357.86648559570312 141 50.330604553222656
v -357.86648559570312 140 50.330604553222656
v -358.04489135742188 141 49.914833068847656
v -358.04489135742188 140 49.914833068847656
v -358.30337524414062 141 49.543487548828125
v -358.30337524414062 140 49.543487548828125
v -358.63128662109375 141 49.231773376464844
v -358.63128662109375 140 49.231773376464844
v -359.0152587890625 141 48.992446899414062
v -359.0152587890625 140 48.992446899414062
v -359.43951416015625 141 48.835311889648438
v -359.43951416015625 140 48.835311889648438
v -359.88674926757812 141 48.766803741455078
v -359.88674926757812 140 48.766803741455078
v -360.33859252929688 141 48.789718627929688
v -360.33859252929688 140 48.789718627929688
v -360.776611328125 141 48.903121948242188
v -360.776611328125 140 48.903121948242188
v -361.18280029296875 141 49.102375030517578
v -361.18280029296875 140 49.102375030517578
v -361.54058837890625 141 49.379314422607422
v -361.54058837890625 140 49.379314422607422
v -361.83529663085938 141 49.722606658935547
v -361.83529663085938 140 49.722606658935547
v -362.05484008789062 141 50.118194580078125
v -362.05484008789062 140 50.118194580078125
v -362.1903076171875 141 50.549880981445312
v -362.1903076171875 140 50.549880981445312
v -362.23605346679688 141 51
v -362.23605346679688 140 51
v -366 141 51
v -365.87716674804688 141 49.792209625244141
v -365.51373291015625 141 48.633865356445312
v -364.92459106445312 141 47.572391510009766
v -364.1337890625 141 46.6512451171875
v -363.17379760742188 141 45.908134460449219
v -362.08383178710938 141 45.373485565185547
v -360.9085693359375 141 45.069190979003906
v -359.69610595703125 141 45.007701873779297
v -358.49609375 141 45.191535949707031
v -357.35763549804688 141 45.613174438476562
v -356.32736206054688 141 46.255344390869141
v -355.44744873046875 141 47.091766357421875
v -354.75390625 141 48.088188171386719
v -354.27517700195312 141 49.203823089599609
v -354.03079223632812 141 50.392990112304688
v -354.03079223632812 141 51.607009887695312
v -354.27517700195312 141 52.796176910400391
v -354.75390625 141 53.911811828613281
v -355.44744873046875 141 54.908233642578125
v -356.32736206054688 141 55.744655609130859
v -357.35763549804688 141 56.386825561523438
v -358.49609375 141 56.808464050292969
v -359.69610595703125 141 56.992298126220703
v -360.9085693359375 141 56.930809020996094
v -362.08383178710938 141 56.626514434814453
v -363.17379760742188 141 56.091865539550781
v -364.1337890625 141 55.3487548828125
v -364.92459106445312 141 54.427608489990234
v -365.51373291015625 141 53.366134643554688
v -365.87716674804688 141 52.207790374755859
v -362.23605346679688 141 51
v -362.1903076171875 141 51.450119018554688
v -362.05484008789062 141 51.881805419921875
v -361.83529663085938 141 52.277393341064453
v -361.54058837890625 141 52.620685577392578
v -361.18280029296875 141 52.897624969482422
v -360.776611328125 141 53.096878051757812
v -360.33859252929688 141 53.210281372070312
v -359.88674926757812 141 53.233196258544922
v -359.43951416015625 141 53.164688110351562
v -359.0152587890625 141 53.007553100585938
v -358.63128662109375 141 52.768226623535156
v -358.30337524414062 141 52.456512451171875
v -358.04489135742188 141 52.085166931152344
v -357.86648559570312 141 51.669395446777344
v -357.775390625 141 51.226219177246094
v -357.775390625 141 50.773780822753906
v -357.86648559570312 141 50.330604553222656
v -358.04489135742188 141 49.914833068847656
v -358.30337524414062 141 49.543487548828125
v -358.63128662109375 141 49.231773376464844
v -359.0152587890625 141 48.992446899414062
v -359.43951416015625 141 48.835311889648438
v -359.88674926757812 141 48.766803741455078
v -360.33859252929688 141 48.789718627929688
v -360.776611328125 141 48.903121948242188
v -361.18280029296875 141 49.102375030517578
v -361.54058837890625 141 49.379314422607422
v -361.83529663085938 141 49.722606658935547
v -362.05484008789062 141 50.118194580078125
v -362.1903076171875 141 50.549880981445312
v -366 140 51
v -365.87716674804688 140 49.792209625244141
v -365.51373291015625 140 48.633865356445312
v -364.92459106445312 140 47.572391510009766
v -364.1337890625 140 46.6512451171875
v -363.17379760742188 140 45.908134460449219
v -362.08383178710938 140 45.373485565185547
v -360.9085693359375 140 45.069190979003906
v -359.69610595703125 140 45.007701873779297
v -358.49609375 140 45.191535949707031
v -357.35763549804688 140 45.613174438476562
v -356.32736206054688 140 46.255344390869141
v -355.44744873046875 140 47.091766357421875
v -354.75390625 140 48.088188171386719
v -354.27517700195312 140 49.203823089599609
v -354.03079223632812 140 50.392990112304688
v -354.03079223632812 140 51.607009887695312
v -354.27517700195312 140 52.796176910400391
v -354.75390625 140 53.911811828613281
v -355.44744873046875 140 54.908233642578125
v -356.32736206054688 140 55.744655609130859
v -357.35763549804688 140 56.386825561523438
v -358.49609375 140 56.808464050292969
v -359.69610595703125 140 56.992298126220703
v -360.9085693359375 140 56.930809020996094
v -362.08383178710938 140 56.626514434814453
v -363.17379760742188 140 56.091865539550781
v -364.1337890625 140 55.3487548828125
v -364.92459106445312 140 54.427608489990234
v -365.51373291015625 140 53.366134643554688
v -365.87716674804688 140 52.207790374755859
v -362.23605346679688 140 51
v -362.1903076171875 140 51.450119018554688
v -362.05484008789062 140 51.881805419921875
v -361.83529663085938 140 52.277393341064453
v -361.54058837890625 140 52.620685577392578
v -361.18280029296875 140 52.897624969482422
v -360.776611328125 140 53.096878051757812
v -360.33859252929688 140 53.210281372070312
v -359.88674926757812 140 53.233196258544922
v -359.43951416015625 140 53.164688110351562
v -359.0152587890625 140 53.007553100585938
v -358.63128662109375 140 52.768226623535156
v -358.30337524414062 140 52.456512451171875
v -358.04489135742188 140 52.085166931152344
v -357.86648559570312 140 51.669395446777344
v -357.775390625 140 51.226219177246094
v -357.775390625 140 50.773780822753906
v -357.86648559570312 140 50.330604553222656
v -358.04489135742188 140 49.914833068847656
v -358.30337524414062 140 49.543487548828125
v -358.63128662109375 140 49.231773376464844
v -359.0152587890625 140 48.992446899414062
v -359.43951416015625 140 48.835311889648438
v -359.88674926757812 140 48.766803741455078
v -360.33859252929688 140 48.789718627929688
v -360.776611328125 140 48.903121948242188
v -361.18280029296875 140 49.102375030517578
v -361.54058837890625 140 49.379314422607422
v -361.83529663085938 140 49.722606658935547
v -362.05484008789062 140 50.118194580078125
v -362.1903076171875 140 50.549880981445312
vt 0 0
vt 0 0.52004909515380859
vt 0.023500096052885056 0
vt 0.023500096052885056 0.52004909515380859
vt 0.047000192105770111 0
vt 0.047000192105770111 0.52004909515380859
vt 0.070500284433364868 0
vt 0.070500284433364868 0.52004909515380859
vt 0.094000384211540222 0
vt 0.094000384211540222 0.52004909515380859
vt 0.11750047653913498 0
vt 0.11750047653913498 0.52004909515380859
vt 0.14100056886672974 0
vt 0.14100056886672974 0.52004909515380859
vt 0.16450066864490509 0
vt 0.16450066864490509 0.52004909515380859
vt 0.18800076842308044 0
vt 0.18800076842308044 0.52004909515380859
vt 0.2115008682012558 0
vt 0.2115008682012558 0.52004909515380859
vt 0.23500095307826996 0
vt 0.23500095307826996 0.52004909515380859
vt 0.25850105285644531 0
vt 0.25850105285644531 0.52004909515380859
vt 0.28200113773345947 0
vt 0.28200113773345947 0.52004909515380859
vt 0.30550125241279602 0
vt 0.30550125241279602 0.52004909515380859
vt 0.32900133728981018 0
vt 0.32900133728981018 0.52004909515380859
vt 0.35250145196914673 0
vt 0.35250145196914673 0.52004909515380859
vt 0.37600153684616089 0
vt 0.37600153684616089 0.52004909515380859
vt 0.39950162172317505 0
vt 0.39950162172317505 0.52004909515380859
vt 0.4230017364025116 0
vt 0.4230017364025116 0.52004909515380859
vt 0.44650182127952576 0
vt 0.44650182127952576 0.52004909515380859
vt 0.47000190615653992 0
vt 0.47000190615653992 0.52004909515380859
vt 0.49350202083587646 0
vt 0.49350202083587646 0.52004909515380859
vt 0.51700210571289062 0
vt 0.51700210571289062 0.52004909515380859
vt 0.54050219058990479 0
vt 0.54050219058990479 0.52004909515380859
vt 0.56400227546691895 0
vt 0.56400227546691895 0.52004909515380859
vt 0.58750241994857788 0
vt 0.58750241994857788 0.52004909515380859
vt 0.61100250482559204 0
vt 0.61100250482559204 0.52004909515380859
vt 0.6345025897026062 0
vt 0.6345025897026062 0.52004909515380859
vt 0.65800267457962036 0
vt 0.65800267457962036 0.52004909515380859
vt 0.68150275945663452 0
vt 0.68150275945663452 0.52004909515380859
vt 0.70500290393829346 0
vt 0.70500290393829346 0.52004909515380859
vt 0.72850298881530762 0
vt 0.72850298881530762 0.52004909515380859
vt 0.72850298881530762 0
vt 0.72850298881530762 0.52004909515380859
vt 0.73726093769073486 0
vt 0.73726093769073486 0.52004909515380859
vt 0.74601888656616211 0
vt 0.74601888656616211 0.52004909515380859
vt 0.75477689504623413 0
vt 0.75477689504623413 0.52004909515380859
vt 0.76353484392166138 0
vt 0.76353484392166138 0.52004909515380859
vt 0.77229279279708862 0
vt 0.77229279279708862 0.52004909515380859
vt 0.78105080127716064 0
vt 0.78105080127716064 0.52004909515380859
vt 0.78980875015258789 0
vt 0.78980875015258789 0.52004909515380859
vt 0.79856669902801514 0
vt 0.79856669902801514 0.52004909515380859
vt 0.80732470750808716 0
vt 0.80732470750808716 0.52004909515380859
vt 0.8160826563835144 0
vt 0.8160826563835144 0.52004909515380859
vt 0.82484060525894165 0
vt 0.82484060525894165 0.52004909515380859
vt 0.83359861373901367 0
vt 0.83359861373901367 0.52004909515380859
vt 0.84235656261444092 0
vt 0.84235656261444092 0.52004909515380859
vt 0.85111451148986816 0
vt 0.85111451148986816 0.52004909515380859
vt 0.85987251996994019 0
vt 0.85987251996994019 0.52004909515380859
vt 0.86863046884536743 0
vt 0.86863046884536743 0.52004909515380859
vt 0.87738841772079468 0
vt 0.87738841772079468 0.52004909515380859
vt 0.8861464262008667 0
vt 0.8861464262008667 0.52004909515380859
vt 0.89490437507629395 0
vt 0.89490437507629395 0.52004909515380859
vt 0.90366232395172119 0
vt 0.90366232395172119 0.52004909515380859
vt 0.91242033243179321 0
vt 0.91242033243179321 0.52004909515380859
vt 0.92117828130722046 0
vt 0.92117828130722046 0.52004909515380859
vt 0.92993623018264771 0
vt 0.92993623018264771 0.52004909515380859
vt 0.93869423866271973 0
vt 0.93869423866271973 0.52004909515380859
vt 0.94745218753814697 0
vt 0.94745218753814697 0.52004909515380859
vt 0.95621013641357422 0
vt 0.95621013641357422 0.52004909515380859
vt 0.96496814489364624 0
vt 0.96496814489364624 0.52004909515380859
vt 0.97372609376907349 0
vt 0.97372609376907349 0.52004909515380859
vt 0.98248404264450073 0
vt 0.98248404264450073 0.52004909515380859
vt 0.99124205112457275 0
vt 0.99124205112457275 0.52004909515380859
vt 1 0
vt 1 0.52004909515380859
vt 0.11599447578191757 1
vt 0.13937400281429291 0.9950750470161438
vt 0.16179636120796204 0.98050189018249512
vt 0.18234360218048096 0.95687705278396606
vt 0.200174480676651 0.92516779899597168
vt 0.21455903351306915 0.88667231798171997
vt 0.22490833699703217 0.84296661615371704
vt 0.23079869151115417 0.79583996534347534
vt 0.23198895156383514 0.74722182750701904
vt 0.22843039035797119 0.69910252094268799
vt 0.22026868164539337 0.65345215797424316
vt 0.20783798396587372 0.61213958263397217
vt 0.19164718687534332 0.57685619592666626
vt 0.1723591685295105 0.54904645681381226
vt 0.15076357126235962 0.52984899282455444
vt 0.12774452567100525 0.52004963159561157
vt 0.10424443334341049 0.52004963159561157
vt 0.081225380301475525 0.52984899282455444
vt 0.059629786759614944 0.54904645681381226
vt 0.04034176841378212 0.57685619592666626
vt 0.024150978773832321 0.61213958263397217
vt 0.011720273643732071 0.65345215797424316
vt 0.0035585672594606876 0.69910252094268799
vt 0 0.74722182750701904
vt 0.0011902602855116129 0.79583996534347534
vt 0.0070806187577545643 0.84296661615371704
vt 0.017429923638701439 0.88667231798171997
vt 0.031814474612474442 0.92516779899597168
vt 0.049645360559225082 0.95687705278396606
vt 0.070192590355873108 0.98050189018249512
vt 0.092614956200122833 0.9950750470161438
vt 0.11599447578191757 0.84907108545303345
vt 0.10728144645690918 0.84723567962646484
vt 0.098925121128559113 0.84180456399917603
vt 0.091267623007297516 0.83300012350082397
vt 0.084622442722320557 0.82118278741836548
vt 0.079261638224124908 0.80683636665344238
vt 0.075404681265354156 0.79054820537567139
vt 0.073209472000598907 0.77298516035079956
vt 0.072765886783599854 0.75486624240875244
vt 0.074092090129852295 0.73693323135375977
vt 0.077133774757385254 0.71992033720016479
vt 0.081766426563262939 0.70452404022216797
vt 0.087800376117229462 0.69137471914291382
vt 0.094988599419593811 0.6810106635093689
vt 0.10303680598735809 0.67385613918304443
vt 0.11161549389362335 0.67020416259765625
vt 0.12037346512079239 0.67020416259765625
vt 0.12895216047763824 0.67385613918304443
vt 0.13700036704540253 0.6810106635093689
vt 0.14418858289718628 0.69137471914291382
vt 0.1502225250005722 0.70452404022216797
vt 0.15485517680644989 0.71992033720016479
vt 0.15789687633514404 0.73693323135375977
vt 0.15922306478023529 0.75486624240875244
vt 0.15877948701381683 0.77298516035079956
vt 0.15658427774906158 0.79054820537567139
vt 0.15272732079029083 0.80683636665344238
vt 0.14736650884151459 0.82118278741836548
vt 0.14072133600711823 0.83300012350082397
vt 0.13306383788585663 0.84180456399917603
vt 0.12470751255750656 0.84723567962646484
vt 0.11599447578191757 0.52004963159561157
vt 0.13937400281429291 0.52497458457946777
vt 0.16179636120796204 0.53954774141311646
vt 0.18234360218048096 0.56317257881164551
vt 0.200174480676651 0.59488183259963989
vt 0.21455903351306915 0.6333773136138916
vt 0.22490833699703217 0.67708301544189453
vt 0.23079869151115417 0.72420966625213623
vt 0.23198895156383514 0.77282780408859253
vt 0.22843039035797119 0.82094711065292358
vt 0.22026868164539337 0.86659747362136841
vt 0.20783798396587372 0.9079100489616394
vt 0.19164718687534332 0.94319343566894531
vt 0.1723591685295105 0.97100317478179932
vt 0.15076357126235962 0.99020063877105713
vt 0.12774452567100525 1
vt 0.10424443334341049 1
vt 0.081225380301475525 0.99020063877105713
vt 0.059629786759614944 0.97100317478179932
vt 0.04034176841378212 0.94319343566894531
vt 0.024150978773832321 0.9079100489616394
vt 0.011720273643732071 0.86659747362136841
vt 0.0035585672594606876 0.82094711065292358
vt 0 0.77282780408859253
vt 0.0011902602855116129 0.72420966625213623
vt 0.0070806187577545643 0.67708301544189453
vt 0.017429923638701439 0.6333773136138916
vt 0.031814474612474442 0.59488183259963989
vt 0.049645360559225082 0.56317257881164551
vt 0.070192590355873108 0.53954774141311646
vt 0.092614956200122833 0.52497458457946777
vt 0.11599447578191757 0.67097854614257812
vt 0.10728144645690918 0.67281395196914673
vt 0.098925121128559113 0.67824506759643555
vt 0.091267623007297516 0.6870495080947876
vt 0.084622442722320557 0.69886684417724609
vt 0.079261638224124908 0.71321326494216919
vt 0.075404681265354156 0.72950142621994019
vt 0.073209472000598907 0.74706447124481201
vt 0.072765886783599854 0.76518338918685913
vt 0.074092090129852295 0.78311640024185181
vt 0.077133774757385254 0.80012929439544678
vt 0.081766426563262939 0.8155255913734436
vt 0.087800376117229462 0.82867491245269775
vt 0.094988599419593811 0.83903896808624268
vt 0.10303680598735809 0.84619349241256714
vt 0.11161549389362335 0.84984546899795532
vt 0.12037346512079239 0.84984546899795532
vt 0.12895216047763824 0.84619349241256714
vt 0.13700036704540253 0.83903896808624268
vt 0.14418858289718628 0.82867491245269775
vt 0.1502225250005722 0.8155255913734436
vt 0.15485517680644989 0.80012929439544678
vt 0.15789687633514404 0.78311640024185181
vt 0.15922306478023529 0.76518338918685913
vt 0.15877948701381683 0.74706447124481201
vt 0.15658427774906158 0.72950142621994019
vt 0.15272732079029083 0.71321326494216919
vt 0.14736650884151459 0.69886684417724609
vt 0.14072133600711823 0.6870495080947876
vt 0.13306383788585663 0.67824506759643555
vt 0.12470751255750656 0.67281395196914673
vn -1 0 0
vn -1 0 0
vn -0.97952991724014282 0 -0.20129851996898651
vn -0.97952991724014282 0 -0.20129851996898651
vn -0.91895782947540283 0 -0.39435586333274841
vn -0.91895782947540283 0 -0.39435586333274841
vn -0.82076346874237061 0 -0.57126820087432861
vn -0.82076346874237061 0 -0.57126820087432861
vn -0.68896692991256714 0 -0.72479277849197388
vn -0.68896692991256714 0 -0.72479277849197388
vn -0.52896398305892944 0 -0.84864425659179688
vn -0.52896398305892944 0 -0.84864425659179688
vn -0.34730523824691772 0 -0.9377521276473999
vn -0.34730523824691772 0 -0.9377521276473999
vn -0.15142777562141418 0 -0.98846834897994995
vn -0.15142777562141418 0 -0.98846834897994995
vn 0.050649169832468033 0 -0.99871653318405151
vn 0.050649169832468033 0 -0.99871653318405151
vn 0.25065252184867859 0 -0.96807712316513062
vn 0.25065252184867859 0 -0.96807712316513062
vn 0.44039416313171387 0 -0.89780455827713013
vn 0.44039416313171387 0 -0.89780455827713013
vn 0.61210596561431885 0 -0.79077571630477905
vn 0.61210596561431885 0 -0.79077571630477905
vn 0.75875812768936157 0 -0.65137249231338501
vn 0.75875812768936157 0 -0.65137249231338501
vn 0.87434661388397217 0 -0.48530197143554688
vn 0.87434661388397217 0 -0.48530197143554688
vn 0.95413923263549805 0 -0.29936313629150391
vn 0.95413923263549805 0 -0.29936313629150391
vn 0.99486935138702393 0 -0.10116831958293915
vn 0.99486935138702393 0 -0.10116831958293915
vn 0.99486935138702393 0 0.10116831958293915
vn 0.99486935138702393 0 0.10116831958293915
vn 0.95413923263549805 0 0.29936313629150391
vn 0.95413923263549805 0 0.29936313629150391
vn 0.87434661388397217 0 0.48530197143554688
vn 0.87434661388397217 0 0.48530197143554688
vn 0.75875812768936157 0 0.65137249231338501
vn 0.75875812768936157 0 0.65137249231338501
vn 0.61210596561431885 0 0.79077571630477905
vn 0.61210596561431885 0 0.79077571630477905
vn 0.44039416313171387 0 0.89780455827713013
vn 0.44039416313171387 0 0.89780455827713013
vn 0.25065252184867859 0 0.96807712316513062
vn 0.25065252184867859 0 0.96807712316513062
vn 0.050649169832468033 0 0.99871653318405151
vn 0.050649169832468033 0 0.99871653318405151
vn -0.15142777562141418 0 0.98846834897994995
vn -0.15142777562141418 0 0.98846834897994995
vn -0.34730523824691772 0 0.9377521276473999
vn -0.34730523824691772 0 0.9377521276473999
vn -0.52896398305892944 0 0.84864425659179688
vn -0.52896398305892944 0 0.84864425659179688
vn -0.68896692991256714 0 0.72479277849197388
vn -0.68896692991256714 0 0.72479277849197388
vn -0.82076346874237061 0 0.57126820087432861
vn -0.82076346874237061 0 0.57126820087432861
vn -0.91895782947540283 0 0.39435586333274841
vn -0.91895782947540283 0 0.39435586333274841
vn -0.97952991724014282 0 0.20129851996898651
vn -0.97952991724014282 0 0.20129851996898651
vn -1 0 0
vn -1 0 0
vn 1 0 0
vn 1 0 0
vn 0.97952991724014282 0 -0.20129851996898651
vn 0.97952991724014282 0 -0.20129851996898651
vn 0.91895782947540283 0 -0.39435586333274841
vn 0.91895782947540283 0 -0.39435586333274841
vn 0.82076346874237061 0 -0.57126820087432861
vn 0.82076346874237061 0 -0.57126820087432861
vn 0.68896692991256714 0 -0.72479277849197388
vn 0.68896692991256714 0 -0.72479277849197388
vn 0.52896398305892944 0 -0.84864425659179688
vn 0.52896398305892944 0 -0.84864425659179688
vn 0.34730523824691772 0 -0.9377521276473999
vn 0.34730523824691772 0 -0.9377521276473999
vn 0.15142777562141418 0 -0.98846834897994995
vn 0.15142777562141418 0 -0.98846834897994995
vn -0.050649169832468033 0 -0.99871653318405151
vn -0.050649169832468033 0 -0.99871653318405151
vn -0.25065252184867859 0 -0.96807712316513062
vn -0.25065252184867859 0 -0.96807712316513062
vn -0.44039416313171387 0 -0.89780455827713013
vn -0.44039416313171387 0 -0.89780455827713013
vn -0.61210596561431885 0 -0.79077571630477905
vn -0.61210596561431885 0 -0.79077571630477905
vn -0.75875812768936157 0 -0.65137249231338501
vn -0.75875812768936157 0 -0.65137249231338501
vn -0.87434661388397217 0 -0.48530197143554688
vn -0.87434661388397217 0 -0.48530197143554688
vn -0.95413923263549805 0 -0.29936313629150391
vn -0.95413923263549805 0 -0.29936313629150391
vn -0.99486935138702393 0 -0.10116831958293915
vn -0.99486935138702393 0 -0.10116831958293915
vn -0.99486935138702393 0 0.10116831958293915
vn -0.99486935138702393 0 0.10116831958293915
vn -0.95413923263549805 0 0.29936313629150391
vn -0.95413923263549805 0 0.29936313629150391
vn -0.87434661388397217 0 0.48530197143554688
vn -0.87434661388397217 0 0.48530197143554688
vn -0.75875812768936157 0 0.65137249231338501
vn -0.75875812768936157 0 0.65137249231338501
vn -0.61210596561431885 0 0.79077571630477905
vn -0.61210596561431885 0 0.79077571630477905
vn -0.44039416313171387 0 0.89780455827713013
vn -0.44039416313171387 0 0.89780455827713013
vn -0.25065252184867859 0 0.96807712316513062
vn -0.25065252184867859 0 0.96807712316513062
vn -0.050649169832468033 0 0.99871653318405151
vn -0.050649169832468033 0 0.99871653318405151
vn 0.15142777562141418 0 0.98846834897994995
vn 0.15142777562141418 0 0.98846834897994995
vn 0.34730523824691772 0 0.9377521276473999
vn 0.34730523824691772 0 0.9377521276473999
vn 0.52896398305892944 0 0.84864425659179688
vn 0.52896398305892944 0 0.84864425659179688
vn 0.68896692991256714 0 0.72479277849197388
vn 0.68896692991256714 0 0.72479277849197388
vn 0.82076346874237061 0 0.57126820087432861
vn 0.82076346874237061 0 0.57126820087432861
vn 0.91895782947540283 0 0.39435586333274841
vn 0.91895782947540283 0 0.39435586333274841
vn 0.97952991724014282 0 0.20129851996898651
vn 0.97952991724014282 0 0.20129851996898651
vn 1 0 0
vn 1 0 0
vn 0 1 0
vn 0 1 0
vn 0 1 0
vn 0 1 0
vn 0 1 0
vn 0 1 0
vn 0 1 0
vn 0 1 0
vn 0 1 0
vn 0 1 0
vn 0 1 0
vn 0 1 0
vn 0 1 0
vn 0 1 0
vn 0 1 0
vn 0 1 0
vn 0 1 0
vn 0 1 0
vn 0 1 0
vn 0 1 0
vn 0 1 0
vn 0 1 0
vn 0 1 0
vn 0 1 0
vn 0 1 0
vn 0 1 0
vn 0 1 0
vn 0 1 0
vn 0 1 0
vn 0 1 0
vn 0 1 0
vn 0 1 0
vn 0 1 0
vn 0 1 0
vn 0 1 0
vn 0 1 0
vn 0 1 0
vn 0 1 0
vn 0 1 0
vn 0 1 0
vn 0 1 0
vn 0 1 0
vn 0 1 0
vn 0 1 0
vn 0 1 0
vn 0 1 0
vn 0 1 0
vn 0 1 0
vn 0 1 0
vn 0 1 0
vn 0 1 0
vn 0 1 0
vn 0 1 0
vn 0 1 0
vn 0 1 0
vn 0 1 0
vn 0 1 0
vn 0 1 0
vn 0 1 0
vn 0 1 0
vn 0 1 0
vn 0 1 0
vn 0 -1 0
vn 0 -1 0
vn 0 -1 0
vn 0 -1 0
vn 0 -1 0
vn 0 -1 0
vn 0 -1 0
vn 0 -1 0
vn 0 -1 0
vn 0 -1 0
vn 0 -1 0
vn 0 -1 0
vn 0 -1 0
vn 0 -1 0
vn 0 -1 0
vn 0 -1 0
vn 0 -1 0
vn 0 -1 0
vn 0 -1 0
vn 0 -1 0
vn 0 -1 0
vn 0 -1 0
vn 0 -1 0
vn 0 -1 0
vn 0 -1 0
vn 0 -1 0
vn 0 -1 0
vn 0 -1 0
vn 0 -1 0
vn 0 -1 0
vn 0 -1 0
vn 0 -1 0
vn 0 -1 0
vn 0 -1 0
vn 0 -1 0
vn 0 -1 0
vn 0 -1 0
vn 0 -1 0
vn 0 -1 0
vn 0 -1 0
vn 0 -1 0
vn 0 -1 0
vn 0 -1 0
vn 0 -1 0
vn 0 -1 0
vn 0 -1 0
vn 0 -1 0
vn 0 -1 0
vn 0 -1 0
vn 0 -1 0
vn 0 -1 0
vn 0 -1 0
vn 0 -1 0
vn 0 -1 0
vn 0 -1 0
vn 0 -1 0
vn 0 -1 0
vn 0 -1 0
vn 0 -1 0
vn 0 -1 0
vn 0 -1 0
vn 0 -1 0
f 253/253/253 255/255/255 256/256/256 254/254/254
f 255/255/255 257/257/257 258/258/258 256/256/256
f 257/257/257 259/259/259 260/260/260 258/258/258
f 259/259/259 261/261/261 262/262/262 260/260/260
f 261/261/261 263/263/263 264/264/264 262/262/262
f 263/263/263 265/265/265 266/266/266 264/264/264
f 265/265/265 267/267/267 268/268/268 266/266/266
f 267/267/267 269/269/269 270/270/270 268/268/268
f 269/269/269 271/271/271 272/272/272 270/270/270
f 271/271/271 273/273/273 274/274/274 272/272/272
f 273/273/273 275/275/275 276/276/276 274/274/274
f 275/275/275 277/277/277 278/278/278 276/276/276
f 277/277/277 279/279/279 280/280/280 278/278/278
f 279/279/279 281/281/281 282/282/282 280/280/280
f 281/281/281 283/283/283 284/284/284 282/282/282
f 283/283/283 285/285/285 286/286/286 284/284/284
f 285/285/285 287/287/287 288/288/288 286/286/286
f 287/287/287 289/289/289 290/290/290 288/288/288
f 289/289/289 291/291/291 292/292/292 290/290/290
f 291/291/291 293/293/293 294/294/294 292/292/292
f 293/293/293 295/295/295 296/296/296 294/294/294
f 295/295/295 297/297/297 298/298/298 296/296/296
f 297/297/297 299/299/299 300/300/300 298/298/298
f 299/299/299 301/301/301 302/302/302 300/300/300
f 301/301/301 303/303/303 304/304/304 302/302/302
f 303/303/303 305/305/305 306/306/306 304/304/304
f 305/305/305 307/307/307 308/308/308 306/306/306
f 307/307/307 309/309/309 310/310/310 308/308/308
f 309/309/309 311/311/311 312/312/312 310/310/310
f 311/311/311 313/313/313 314/314/314 312/312/312
f 313/313/313 315/315/315 316/316/316 314/314/314
f 317/317/317 319/319/319 320/320/320 318/318/318
f 319/319/319 321/321/321 322/322/322 320/320/320
f 321/321/321 323/323/323 324/324/324 322/322/322
f 323/323/323 325/325/325 326/326/326 324/324/324
f 325/325/325 327/327/327 328/328/328 326/326/326
f 327/327/327 329/329/329 330/330/330 328/328/328
f 329/329/329 331/331/331 332/332/332 330/330/330
f 331/331/331 333/333/333 334/334/334 332/332/332
f 333/333/333 335/335/335 336/336/336 334/334/334
f 335/335/335 337/337/337 338/338/338 336/336/336
f 337/337/337 339/339/339 340/340/340 338/338/338
f 339/339/339 341/341/341 342/342/342 340/340/340
f 341/341/341 343/343/343 344/344/344 342/342/342
f 343/343/343 345/345/345 346/346/346 344/344/344
f 345/345/345 347/347/347 348/348/348 346/346/346
f 347/347/347 349/349/349 350/350/350 348/348/348
f 349/349/349 351/351/351 352/352/352 350/350/350
f 351/351/351 353/353/353 354/354/354 352/352/352
f 353/353/353 355/355/355 356/356/356 354/354/354
f 355/355/355 357/357/357 358/358/358 356/356/356
f 357/357/357 359/359/359 360/360/360 358/358/358
f 359/359/359 361/361/361 362/362/362 360/360/360
f 361/361/361 363/363/363 364/364/364 362/362/362
f 363/363/363 365/365/365 366/366/366 364/364/364
f 365/365/365 367/367/367 368/368/368 366/366/366
f 367/367/367 369/369/369 370/370/370 368/368/368
f 369/369/369 371/371/371 372/372/372 370/370/370
f 371/371/371 373/373/373 374/374/374 372/372/372
f 373/373/373 375/375/375 376/376/376 374/374/374
f 375/375/375 377/377/377 378/378/378 376/376/376
f 377/377/377 379/379/379 380/380/380 378/378/378
f 383/383/383 441/441/441 384/384/384
f 384/384/384 439/439/439 385/385/385
f 442/442/442 382/382/382 381/381/381
f 442/442/442 441/441/441 382/382/382
f 382/382/382 441/441/441 383/383/383
f 412/412/412 442/442/442 381/381/381
f 439/439/439 386/386/386 385/385/385
f 436/436/436 388/388/388 387/387/387
f 387/387/387 437/437/437 436/436/436
f 436/436/436 389/389/389 388/388/388
f 386/386/386 438/438/438 437/437/437
f 440/440/440 384/384/384 441/441/441
f 438/438/438 386/386/386 439/439/439
f 440/440/440 439/439/439 384/384/384
f 387/387/387 386/386/386 437/437/437
f 411/411/411 410/410/410 414/414/414
f 381/381/381 411/411/411 413/413/413
f 413/413/413 412/412/412 381/381/381
f 414/414/414 410/410/410 409/409/409
f 416/416/416 409/409/409 408/408/408
f 417/417/417 408/408/408 407/407/407
f 406/406/406 418/418/418 407/407/407
f 413/413/413 411/411/411 414/414/414
f 415/415/415 409/409/409 416/416/416
f 417/417/417 407/407/407 418/418/418
f 416/416/416 408/408/408 417/417/417
f 405/405/405 419/419/419 406/406/406
f 419/419/419 418/418/418 406/406/406
f 404/404/404 419/419/419 405/405/405
f 420/420/420 419/419/419 404/404/404
f 414/414/414 409/409/409 415/415/415
f 390/390/390 389/389/389 435/435/435
f 436/436/436 435/435/435 389/389/389
f 434/434/434 390/390/390 435/435/435
f 390/390/390 434/434/434 433/433/433
f 432/432/432 431/431/431 392/392/392
f 392/392/392 433/433/433 432/432/432
f 390/390/390 433/433/433 391/391/391
f 431/431/431 393/393/393 392/392/392
f 431/431/431 394/394/394 393/393/393
f 430/430/430 394/394/394 431/431/431
f 429/429/429 394/394/394 430/430/430
f 428/428/428 395/395/395 429/429/429
f 429/429/429 395/395/395 394/394/394
f 396/396/396 395/395/395 428/428/428
f 391/391/391 433/433/433 392/392/392
f 423/423/423 422/422/422 402/402/402
f 425/425/425 424/424/424 399/399/399
f 424/424/424 423/423/423 401/401/401
f 404/404/404 403/403/403 420/420/420
f 403/403/403 421/421/421 420/420/420
f 403/403/403 402/402/402 421/421/421
f 421/421/421 402/402/402 422/422/422
f 399/399/399 426/426/426 425/425/425
f 427/427/427 396/396/396 428/428/428
f 427/427/427 398/398/398 397/397/397
f 427/427/427 397/397/397 396/396/396
f 426/426/426 399/399/399 398/398/398
f 402/402/402 401/401/401 423/423/423
f 400/400/400 424/424/424 401/401/401
f 399/399/399 424/424/424 400/400/400
f 427/427/427 426/426/426 398/398/398
f 445/445/445 446/446/446 503/503/503
f 446/446/446 447/447/447 501/501/501
f 504/504/504 443/443/443 444/444/444
f 504/504/504 444/444/444 503/503/503
f 444/444/444 445/445/445 503/503/503
f 474/474/474 443/443/443 504/504/504
f 501/501/501 447/447/447 448/448/448
f 498/498/498 449/449/449 450/450/450
f 449/449/449 498/498/498 499/499/499
f 498/498/498 450/450/450 451/451/451
f 448/448/448 499/499/499 500/500/500
f 502/502/502 503/503/503 446/446/446
f 500/500/500 501/501/501 448/448/448
f 502/502/502 446/446/446 501/501/501
f 449/449/449 499/499/499 448/448/448
f 473/473/473 476/476/476 472/472/472
f 443/443/443 475/475/475 473/473/473
f 475/475/475 443/443/443 474/474/474
f 476/476/476 471/471/471 472/472/472
f 478/478/478 470/470/470 471/471/471
f 479/479/479 469/469/469 470/470/470
f 468/468/468 469/469/469 480/480/480
f 475/475/475 476/476/476 473/473/473
f 477/477/477 478/478/478 471/471/471
f 479/479/479 480/480/480 469/469/469
f 478/478/478 479/479/479 470/470/470
f 467/467/467 468/468/468 481/481/481
f 481/481/481 468/468/468 480/480/480
f 466/466/466 467/467/467 481/481/481
f 482/482/482 466/466/466 481/481/481
f 476/476/476 477/477/477 471/471/471
f 452/452/452 497/497/497 451/451/451
f 498/498/498 451/451/451 497/497/497
f 496/496/496 497/497/497 452/452/452
f 452/452/452 495/495/495 496/496/496
f 494/494/494 454/454/454 493/493/493
f 454/454/454 494/494/494 495/495/495
f 452/452/452 453/453/453 495/495/495
f 493/493/493 454/454/454 455/455/455
f 493/493/493 455/455/455 456/456/456
f 492/492/492 493/493/493 456/456/456
f 491/491/491 492/492/492 456/456/456
f 490/490/490 491/491/491 457/457/457
f 491/491/491 456/456/456 457/457/457
f 458/458/458 490/490/490 457/457/457
f 453/453/453 454/454/454 495/495/495
f 485/485/485 464/464/464 484/484/484
f 487/487/487 461/461/461 486/486/486
f 486/486/486 463/463/463 485/485/485
f 466/466/466 482/482/482 465/465/465
f 465/465/465 482/482/482 483/483/483
f 465/465/465 483/483/483 464/464/464
f 483/483/483 484/484/484 464/464/464
f 461/461/461 487/487/487 488/488/488
f 489/489/489 490/490/490 458/458/458
f 489/489/489 459/459/459 460/460/460
f 489/489/489 458/458/458 459/459/459
f 488/488/488 460/460/460 461/461/461
f 464/464/464 485/485/485 463/463/463
f 462/462/462 463/463/463 486/486/486
f 461/461/461 462/462/462 486/486/486
f 489/489/489 460/460/460 488/488/488
usemtl Default
v -366 137 109
v -366 136 109
v -365.87716674804688 137 107.79220581054688
v -365.87716674804688 136 107.79220581054688
v -365.51373291015625 137 106.63386535644531
v -365.51373291015625 136 106.63386535644531
v -364.92459106445312 137 105.5723876953125
v -364.92459106445312 136 105.5723876953125
v -364.1337890625 137 104.6512451171875
v -364.1337890625 136 104.6512451171875
v -363.17379760742188 137 103.90813446044922
v -363.17379760742188 136 103.90813446044922
v -362.08383178710938 137 103.37348937988281
v -362.08383178710938 136 103.37348937988281
v -360.9085693359375 137 103.06919097900391
v -360.9085693359375 136 103.06919097900391
v -359.69610595703125 137 103.00769805908203
v -359.69610595703125 136 103.00769805908203
v -358.49609375 137 103.19153594970703
v -358.49609375 136 103.19153594970703
v -357.35763549804688 137 103.61317443847656
v -357.35763549804688 136 103.61317443847656
v -356.32736206054688 137 104.25534820556641
v -356.32736206054688 136 104.25534820556641
v -355.44744873046875 137 105.09176635742188
v -355.44744873046875 136 105.09176635742188
v -354.75390625 137 106.08818817138672
v -354.75390625 136 106.08818817138672
v -354.27517700195312 137 107.20381927490234
v -354.27517700195312 136 107.20381927490234
v -354.03079223632812 137 108.39299011230469
v -354.03079223632812 136 108.39299011230469
v -354.03079223632812 137 109.60700988769531
v -354.03079223632812 136 109.60700988769531
v -354.27517700195312 137 110.79618072509766
v -354.27517700195312 136 110.79618072509766
v -354.75390625 137 111.91181182861328
v -354.75390625 136 111.91181182861328
v -355.44744873046875 137 112.90823364257812
v -355.44744873046875 136 112.90823364257812
v -356.32736206054688 137 113.74465179443359
v -356.32736206054688 136 113.74465179443359
v -357.35763549804688 137 114.38682556152344
v -357.35763549804688 136 114.38682556152344
v -358.49609375 137 114.80846405029297
v -358.49609375 136 114.80846405029297
v -359.69610595703125 137 114.99230194091797
v -359.69610595703125 136 114.99230194091797
v -360.9085693359375 137 114.93080902099609
v -360.9085693359375 136 114.93080902099609
v -362.08383178710938 137 114.62651062011719
v -362.08383178710938 136 114.62651062011719
v -363.17379760742188 137 114.09186553955078
v -363.17379760742188 136 114.09186553955078
v -364.1337890625 137 113.3487548828125
v -364.1337890625 136 113.3487548828125
v -364.92459106445312 137 112.4276123046875
v -364.92459106445312 136 112.4276123046875
v -365.51373291015625 137 111.36613464355469
v -365.51373291015625 136 111.36613464355469
v -365.87716674804688 137 110.20779418945312
v -365.87716674804688 136 110.20779418945312
v -366 137 109
v -366 136 109
v -362.23605346679688 137 109
v -362.23605346679688 136 109
v -362.1903076171875 137 109.45011901855469
v -362.1903076171875 136 109.45011901855469
v -362.05484008789062 137 109.88180541992188
v -362.05484008789062 136 109.88180541992188
v -361.83529663085938 137 110.27739715576172
v -361.83529663085938 136 110.27739715576172
v -361.54058837890625 137 110.62068939208984
v -361.54058837890625 136 110.62068939208984
v -361.18280029296875 137 110.89762878417969
v -361.18280029296875 136 110.89762878417969
v -360.776611328125 137 111.09687805175781
v -360.776611328125 136 111.09687805175781
v -360.33859252929688 137 111.21028137207031
v -360.33859252929688 136 111.21028137207031
v -359.88674926757812 137 111.23320007324219
v -359.88674926757812 136 111.23320007324219
v -359.43951416015625 137 111.16468811035156
v -359.43951416015625 136 111.16468811035156
v -359.0152587890625 137 111.00755310058594
v -359.0152587890625 136 111.00755310058594
v -358.63128662109375 137 110.76822662353516
v -358.63128662109375 136 110.76822662353516
v -358.30337524414062 137 110.45651245117188
v -358.30337524414062 136 110.45651245117188
v -358.04489135742188 137 110.08516693115234
v -358.04489135742188 136 110.08516693115234
v -357.86648559570312 137 109.66939544677734
v -357.86648559570312 136 109.66939544677734
v -357.775390625 137 109.22621917724609
v -357.775390625 136 109.22621917724609
v -357.775390625 137 108.77378082275391
v -357.775390625 136 108.77378082275391
v -357.86648559570312 137 108.33060455322266
v -357.86648559570312 136 108.33060455322266
v -358.04489135742188 137 107.91483306884766
v -358.04489135742188 136 107.91483306884766
v -358.30337524414062 137 107.54348754882812
v -358.30337524414062 136 107.54348754882812
v -358.63128662109375 137 107.23177337646484
v -358.63128662109375 136 107.23177337646484
v -359.0152587890625 137 106.99244689941406
v -359.0152587890625 136 106.99244689941406
v -359.43951416015625 137 106.83531188964844
v -359.43951416015625 136 106.83531188964844
v -359.88674926757812 137 106.76679992675781
v -359.88674926757812 136 106.76679992675781
v -360.33859252929688 137 106.78971862792969
v -360.33859252929688 136 106.78971862792969
v -360.776611328125 137 106.90312194824219
v -360.776611328125 136 106.90312194824219
v -361.18280029296875 137 107.10237121582031
v -361.18280029296875 136 107.10237121582031
v -361.54058837890625 137 107.37931060791016
v -361.54058837890625 136 107.37931060791016
v -361.83529663085938 137 107.72260284423828
v -361.83529663085938 136 107.72260284423828
v -362.05484008789062 137 108.11819458007812
v -362.05484008789062 136 108.11819458007812
v -362.1903076171875 137 108.54988098144531
v -362.1903076171875 136 108.54988098144531
v -362.23605346679688 137 109
v -362.23605346679688 136 109
v -366 137 109
v -365.87716674804688 137 107.79220581054688
v -365.51373291015625 137 106.63386535644531
v -364.92459106445312 137 105.5723876953125
v -364.1337890625 137 104.6512451171875
v -363.17379760742188 137 103.90813446044922
v -362.08383178710938 137 103.37348937988281
v -360.9085693359375 137 103.06919097900391
v -359.69610595703125 137 103.00769805908203
v -358.49609375 137 103.19153594970703
v -357.35763549804688 137 103.61317443847656
v -356.32736206054688 137 104.25534820556641
v -355.44744873046875 137 105.09176635742188
v -354.75390625 137 106.08818817138672
v -354.27517700195312 137 107.20381927490234
v -354.03079223632812 137 108.39299011230469
v -354.03079223632812 137 109.60700988769531
v -354.27517700195312 137 110.79618072509766
v -354.75390625 137 111.91181182861328
v -355.44744873046875 137 112.90823364257812
v -356.32736206054688 137 113.74465179443359
v -357.35763549804688 137 114.38682556152344
v -358.49609375 137 114.80846405029297
v -359.69610595703125 137 114.99230194091797
v -360.9085693359375 137 114.93080902099609
v -362.08383178710938 137 114.62651062011719
v -363.17379760742188 137 114.09186553955078
v -364.1337890625 137 113.3487548828125
v -364.92459106445312 137 112.4276123046875
v -365.51373291015625 137 111.36613464355469
v -365.87716674804688 137 110.20779418945312
v -362.23605346679688 137 109
v -362.1903076171875 137 109.45011901855469
v -362.05484008789062 137 109.88180541992188
v -361.83529663085938 137 110.27739715576172
v -361.54058837890625 137 110.62068939208984
v -361.18280029296875 137 110.89762878417969
v -360.776611328125 137 111.09687805175781
v -360.33859252929688 137 111.21028137207031
v -359.88674926757812 137 111.23320007324219
v -359.43951416015625 137 111.16468811035156
v -359.0152587890625 137 111.00755310058594
v -358.63128662109375 137 110.76822662353516
v -358.30337524414062 137 110.45651245117188
v -358.04489135742188 137 110.08516693115234
v -357.86648559570312 137 109.66939544677734
v -357.775390625 137 109.22621917724609
v -357.775390625 137 108.77378082275391
v -357.86648559570312 137 108.33060455322266
v -358.04489135742188 137 107.91483306884766
v -358.30337524414062 137 107.54348754882812
v -358.63128662109375 137 107.23177337646484
v -359.0152587890625 137 106.99244689941406
v -359.43951416015625 137 106.83531188964844
v -359.88674926757812 137 106.76679992675781
v -360.33859252929688 137 106.78971862792969
v -360.776611328125 137 106.90312194824219
v -361.18280029296875 137 107.10237121582031
v -361.54058837890625 137 107.37931060791016
v -361.83529663085938 137 107.72260284423828
v -362.05484008789062 137 108.11819458007812
v -362.1903076171875 137 108.54988098144531
v -366 136 109
v -365.87716674804688 136 107.79220581054688
v -365.51373291015625 136 106.63386535644531
v -364.92459106445312 136 105.5723876953125
v -364.1337890625 136 104.6512451171875
v -363.17379760742188 136 103.90813446044922
v -362.08383178710938 136 103.37348937988281
v -360.9085693359375 136 103.06919097900391
v -359.69610595703125 136 103.00769805908203
v -358.49609375 136 103.19153594970703
v -357.35763549804688 136 103.61317443847656
v -356.32736206054688 136 104.25534820556641
v -355.44744873046875 136 105.09176635742188
v -354.75390625 136 106.08818817138672
v -354.27517700195312 136 107.20381927490234
v -354.03079223632812 136 108.39299011230469
v -354.03079223632812 136 109.60700988769531
v -354.27517700195312 136 110.79618072509766
v -354.75390625 136 111.91181182861328
v -355.44744873046875 136 112.90823364257812
v -356.32736206054688 136 113.74465179443359
v -357.35763549804688 136 114.38682556152344
v -358.49609375 136 114.80846405029297
v -359.69610595703125 136 114.99230194091797
v -360.9085693359375 136 114.93080902099609
v -362.08383178710938 136 114.62651062011719
v -363.17379760742188 136 114.09186553955078
v -364.1337890625 136 113.3487548828125
v -364.92459106445312 136 112.4276123046875
v -365.51373291015625 136 111.36613464355469
v -365.87716674804688 136 110.20779418945312
v -362.23605346679688 136 109
v -362.1903076171875 136 109.45011901855469
v -362.05484008789062 136 109.88180541992188
v -361.83529663085938 136 110.27739715576172
v -361.54058837890625 136 110.62068939208984
v -361.18280029296875 136 110.89762878417969
v -360.776611328125 136 111.09687805175781
v -360.33859252929688 136 111.21028137207031
v -359.88674926757812 136 111.23320007324219
v -359.43951416015625 136 111.16468811035156
v -359.0152587890625 136 111.00755310058594
v -358.63128662109375 136 110.76822662353516
v -358.30337524414062 136 110.45651245117188
v -358.04489135742188 136 110.08516693115234
v -357.86648559570312 136 109.66939544677734
v -357.775390625 136 109.22621917724609
v -357.775390625 136 108.77378082275391
v -357.86648559570312 136 108.33060455322266
v -358.04489135742188 136 107.91483306884766
v -358.30337524414062 136 107.54348754882812
v -358.63128662109375 136 107.23177337646484
v -359.0152587890625 136 106.99244689941406
v -359.43951416015625 136 106.83531188964844
v -359.88674926757812 136 106.76679992675781
v -360.33859252929688 136 106.78971862792969
v -360.776611328125 136 106.90312194824219
v -361.18280029296875 136 107.10237121582031
v -361.54058837890625 136 107.37931060791016
v -361.83529663085938 136 107.72260284423828
v -362.05484008789062 136 108.11819458007812
v -362.1903076171875 136 108.54988098144531
vt 0 0
vt 0 0.52004909515380859
vt 0.023500096052885056 0
vt 0.023500096052885056 0.52004909515380859
vt 0.047000192105770111 0
vt 0.047000192105770111 0.52004909515380859
vt 0.070500284433364868 0
vt 0.070500284433364868 0.52004909515380859
vt 0.094000384211540222 0
vt 0.094000384211540222 0.52004909515380859
vt 0.11750047653913498 0
vt 0.11750047653913498 0.52004909515380859
vt 0.14100056886672974 0
vt 0.14100056886672974 0.52004909515380859
vt 0.16450066864490509 0
vt 0.16450066864490509 0.52004909515380859
vt 0.18800076842308044 0
vt 0.18800076842308044 0.52004909515380859
vt 0.2115008682012558 0
vt 0.2115008682012558 0.52004909515380859
vt 0.23500095307826996 0
vt 0.23500095307826996 0.52004909515380859
vt 0.25850105285644531 0
vt 0.25850105285644531 0.52004909515380859
vt 0.28200113773345947 0
vt 0.28200113773345947 0.52004909515380859
vt 0.30550125241279602 0
vt 0.30550125241279602 0.52004909515380859
vt 0.32900133728981018 0
vt 0.32900133728981018 0.52004909515380859
vt 0.35250145196914673 0
vt 0.35250145196914673 0.52004909515380859
vt 0.37600153684616089 0
vt 0.37600153684616089 0.52004909515380859
vt 0.39950162172317505 0
vt 0.39950162172317505 0.52004909515380859
vt 0.4230017364025116 0
vt 0.4230017364025116 0.52004909515380859
vt 0.44650182127952576 0
vt 0.44650182127952576 0.52004909515380859
vt 0.47000190615653992 0
vt 0.47000190615653992 0.52004909515380859
vt 0.49350202083587646 0
vt 0.49350202083587646 0.52004909515380859
vt 0.51700210571289062 0
vt 0.51700210571289062 0.52004909515380859
vt 0.54050219058990479 0
vt 0.54050219058990479 0.52004909515380859
vt 0.56400227546691895 0
vt 0.56400227546691895 0.52004909515380859
vt 0.58750241994857788 0
vt 0.58750241994857788 0.52004909515380859
vt 0.61100250482559204 0
vt 0.61100250482559204 0.52004909515380859
vt 0.6345025897026062 0
vt 0.6345025897026062 0.52004909515380859
vt 0.65800267457962036 0
vt 0.65800267457962036 0.52004909515380859
vt 0.68150275945663452 0
vt 0.68150275945663452 0.52004909515380859
vt 0.70500290393829346 0
vt 0.70500290393829346 0.52004909515380859
vt 0.72850298881530762 0
vt 0.72850298881530762 0.52004909515380859
vt 0.72850298881530762 0
vt 0.72850298881530762 0.52004909515380859
vt 0.73726093769073486 0
vt 0.73726093769073486 0.52004909515380859
vt 0.74601888656616211 0
vt 0.74601888656616211 0.52004909515380859
vt 0.75477689504623413 0
vt 0.75477689504623413 0.52004909515380859
vt 0.76353484392166138 0
vt 0.76353484392166138 0.52004909515380859
vt 0.77229279279708862 0
vt 0.77229279279708862 0.52004909515380859
vt 0.78105080127716064 0
vt 0.78105080127716064 0.52004909515380859
vt 0.78980875015258789 0
vt 0.78980875015258789 0.52004909515380859
vt 0.79856669902801514 0
vt 0.79856669902801514 0.52004909515380859
vt 0.80732470750808716 0
vt 0.80732470750808716 0.52004909515380859
vt 0.8160826563835144 0
vt 0.8160826563835144 0.52004909515380859
vt 0.82484060525894165 0
vt 0.82484060525894165 0.52004909515380859
vt 0.83359861373901367 0
vt 0.83359861373901367 0.52004909515380859
vt 0.84235656261444092 0
vt 0.84235656261444092 0.52004909515380859
vt 0.85111451148986816 0
vt 0.85111451148986816 0.52004909515380859
vt 0.85987251996994019 0
vt 0.85987251996994019 0.52004909515380859
vt 0.86863046884536743 0
vt 0.86863046884536743 0.52004909515380859
vt 0.87738841772079468 0
vt 0.87738841772079468 0.52004909515380859
vt 0.8861464262008667 0
vt 0.8861464262008667 0.52004909515380859
vt 0.89490437507629395 0
vt 0.89490437507629395 0.52004909515380859
vt 0.90366232395172119 0
vt 0.90366232395172119 0.52004909515380859
vt 0.91242033243179321 0
vt 0.91242033243179321 0.52004909515380859
vt 0.92117828130722046 0
vt 0.92117828130722046 0.52004909515380859
vt 0.92993623018264771 0
vt 0.92993623018264771 0.52004909515380859
vt 0.93869423866271973 0
vt 0.93869423866271973 0.52004909515380859
vt 0.94745218753814697 0
vt 0.94745218753814697 0.52004909515380859
vt 0.95621013641357422 0
vt 0.95621013641357422 0.52004909515380859
vt 0.96496814489364624 0
vt 0.96496814489364624 0.52004909515380859
vt 0.97372609376907349 0
vt 0.97372609376907349 0.52004909515380859
vt 0.98248404264450073 0
vt 0.98248404264450073 0.52004909515380859
vt 0.99124205112457275 0
vt 0.99124205112457275 0.52004909515380859
vt 1 0
vt 1 0.52004909515380859
vt 0.11599447578191757 0.52004963159561157
vt 0.092614956200122833 0.52497458457946777
vt 0.070192590355873108 0.53954774141311646
vt 0.049645360559225082 0.56317257881164551
vt 0.031814474612474442 0.59488183259963989
vt 0.017429923638701439 0.6333773136138916
vt 0.0070806187577545643 0.67708301544189453
vt 0.0011902602855116129 0.72420966625213623
vt 0 0.77282780408859253
vt 0.0035585672594606876 0.82094711065292358
vt 0.011720273643732071 0.86659747362136841
vt 0.024150978773832321 0.9079100489616394
vt 0.04034176841378212 0.94319343566894531
vt 0.059629786759614944 0.97100317478179932
vt 0.081225380301475525 0.99020063877105713
vt 0.10424443334341049 1
vt 0.12774452567100525 1
vt 0.15076357126235962 0.99020063877105713
vt 0.1723591685295105 0.97100317478179932
vt 0.19164718687534332 0.94319343566894531
vt 0.20783798396587372 0.9079100489616394
vt 0.22026868164539337 0.86659747362136841
vt 0.22843039035797119 0.82094711065292358
vt 0.23198895156383514 0.77282780408859253
vt 0.23079869151115417 0.72420966625213623
vt 0.22490833699703217 0.67708301544189453
vt 0.21455903351306915 0.6333773136138916
vt 0.200174480676651 0.59488183259963989
vt 0.18234360218048096 0.56317257881164551
vt 0.16179636120796204 0.53954774141311646
vt 0.13937400281429291 0.52497458457946777
vt 0.11599447578191757 0.67097854614257812
vt 0.12470751255750656 0.67281395196914673
vt 0.13306383788585663 0.67824506759643555
vt 0.14072133600711823 0.6870495080947876
vt 0.14736650884151459 0.69886684417724609
vt 0.15272732079029083 0.71321326494216919
vt 0.15658427774906158 0.72950142621994019
vt 0.15877948701381683 0.74706447124481201
vt 0.15922306478023529 0.76518338918685913
vt 0.15789687633514404 0.78311640024185181
vt 0.15485517680644989 0.80012929439544678
vt 0.1502225250005722 0.8155255913734436
vt 0.14418858289718628 0.82867491245269775
vt 0.13700036704540253 0.83903896808624268
vt 0.12895216047763824 0.84619349241256714
vt 0.12037346512079239 0.84984546899795532
vt 0.11161549389362335 0.84984546899795532
vt 0.10303680598735809 0.84619349241256714
vt 0.094988599419593811 0.83903896808624268
vt 0.087800376117229462 0.82867491245269775
vt 0.081766426563262939 0.8155255913734436
vt 0.077133774757385254 0.80012929439544678
vt 0.074092090129852295 0.78311640024185181
vt 0.072765886783599854 0.76518338918685913
vt 0.073209472000598907 0.74706447124481201
vt 0.075404681265354156 0.72950142621994019
vt 0.079261638224124908 0.71321326494216919
vt 0.084622442722320557 0.69886684417724609
vt 0.091267623007297516 0.6870495080947876
vt 0.098925121128559113 0.67824506759643555
vt 0.10728144645690918 0.67281395196914673
vt 0.11599447578191757 1
vt 0.092614956200122833 0.9950750470161438
vt 0.070192590355873108 0.98050189018249512
vt 0.049645360559225082 0.95687705278396606
vt 0.031814474612474442 0.92516779899597168
vt 0.017429923638701439 0.88667231798171997
vt 0.0070806187577545643 0.84296661615371704
vt 0.0011902602855116129 0.79583996534347534
vt 0 0.74722182750701904
vt 0.0035585672594606876 0.69910252094268799
vt 0.011720273643732071 0.65345215797424316
vt 0.024150978773832321 0.61213958263397217
vt 0.04034176841378212 0.57685619592666626
vt 0.059629786759614944 0.54904645681381226
vt 0.081225380301475525 0.52984899282455444
vt 0.10424443334341049 0.52004963159561157
vt 0.12774452567100525 0.52004963159561157
vt 0.15076357126235962 0.52984899282455444
vt 0.1723591685295105 0.54904645681381226
vt 0.19164718687534332 0.57685619592666626
vt 0.20783798396587372 0.61213958263397217
vt 0.22026868164539337 0.65345215797424316
vt 0.22843039035797119 0.69910252094268799
vt 0.23198895156383514 0.74722182750701904
vt 0.23079869151115417 0.79583996534347534
vt 0.22490833699703217 0.84296661615371704
vt 0.21455903351306915 0.88667231798171997
vt 0.200174480676651 0.92516779899597168
vt 0.18234360218048096 0.95687705278396606
vt 0.16179636120796204 0.98050189018249512
vt 0.13937400281429291 0.9950750470161438
vt 0.11599447578191757 0.84907108545303345
vt 0.12470751255750656 0.84723567962646484
vt 0.13306383788585663 0.84180456399917603
vt 0.14072133600711823 0.83300012350082397
vt 0.14736650884151459 0.82118278741836548
vt 0.15272732079029083 0.80683636665344238
vt 0.15658427774906158 0.79054820537567139
vt 0.15877948701381683 0.77298516035079956
vt 0.15922306478023529 0.75486624240875244
vt 0.15789687633514404 0.73693323135375977
vt 0.15485517680644989 0.71992033720016479
vt 0.1502225250005722 0.70452404022216797
vt 0.14418858289718628 0.69137471914291382
vt 0.13700036704540253 0.6810106635093689
vt 0.12895216047763824 0.67385613918304443
vt 0.12037346512079239 0.67020416259765625
vt 0.11161549389362335 0.67020416259765625
vt 0.10303680598735809 0.67385613918304443
vt 0.094988599419593811 0.6810106635093689
vt 0.087800376117229462 0.69137471914291382
vt 0.081766426563262939 0.70452404022216797
vt 0.077133774757385254 0.71992033720016479
vt 0.074092090129852295 0.73693323135375977
vt 0.072765886783599854 0.75486624240875244
vt 0.073209472000598907 0.77298516035079956
vt 0.075404681265354156 0.79054820537567139
vt 0.079261638224124908 0.80683636665344238
vt 0.084622442722320557 0.82118278741836548
vt 0.091267623007297516 0.83300012350082397
vt 0.098925121128559113 0.84180456399917603
vt 0.10728144645690918 0.84723567962646484
vn -1 0 0
vn -1 0 0
vn -0.97952991724014282 0 -0.20129851996898651
vn -0.97952991724014282 0 -0.20129851996898651
vn -0.91895782947540283 0 -0.39435586333274841
vn -0.91895782947540283 0 -0.39435586333274841
vn -0.82076346874237061 0 -0.57126820087432861
vn -0.82076346874237061 0 -0.57126820087432861
vn -0.68896692991256714 0 -0.72479277849197388
vn -0.68896692991256714 0 -0.72479277849197388
vn -0.52896398305892944 0 -0.84864425659179688
vn -0.52896398305892944 0 -0.84864425659179688
vn -0.34730523824691772 0 -0.9377521276473999
vn -0.34730523824691772 0 -0.9377521276473999
vn -0.15142777562141418 0 -0.98846834897994995
vn -0.15142777562141418 0 -0.98846834897994995
vn 0.050649169832468033 0 -0.99871653318405151
vn 0.050649169832468033 0 -0.99871653318405151
vn 0.25065252184867859 0 -0.96807712316513062
vn 0.25065252184867859 0 -0.96807712316513062
vn 0.44039416313171387 0 -0.89780455827713013
vn 0.44039416313171387 0 -0.89780455827713013
vn 0.61210596561431885 0 -0.79077571630477905
vn 0.61210596561431885 0 -0.79077571630477905
vn 0.75875812768936157 0 -0.65137249231338501
vn 0.75875812768936157 0 -0.65137249231338501
vn 0.87434661388397217 0 -0.48530197143554688
vn 0.87434661388397217 0 -0.48530197143554688
vn 0.95413923263549805 0 -0.29936313629150391
vn 0.95413923263549805 0 -0.29936313629150391
vn 0.99486935138702393 0 -0.10116831958293915
vn 0.99486935138702393 0 -0.10116831958293915
vn 0.99486935138702393 0 0.10116831958293915
vn 0.99486935138702393 0 0.10116831958293915
vn 0.95413923263549805 0 0.29936313629150391
vn 0.95413923263549805 0 0.29936313629150391
vn 0.87434661388397217 0 0.48530197143554688
vn 0.87434661388397217 0 0.48530197143554688
vn 0.75875812768936157 0 0.65137249231338501
vn 0.75875812768936157 0 0.65137249231338501
vn 0.61210596561431885 0 0.79077571630477905
vn 0.61210596561431885 0 0.79077571630477905
vn 0.44039416313171387 0 0.89780455827713013
vn 0.44039416313171387 0 0.89780455827713013
vn 0.25065252184867859 0 0.96807712316513062
vn 0.25065252184867859 0 0.96807712316513062
vn 0.050649169832468033 0 0.99871653318405151
vn 0.050649169832468033 0 0.99871653318405151
vn -0.15142777562141418 0 0.98846834897994995
vn -0.15142777562141418 0 0.98846834897994995
vn -0.34730523824691772 0 0.9377521276473999
vn -0.34730523824691772 0 0.9377521276473999
vn -0.52896398305892944 0 0.84864425659179688
vn -0.52896398305892944 0 0.84864425659179688
vn -0.68896692991256714 0 0.72479277849197388
vn -0.68896692991256714 0 0.72479277849197388
vn -0.82076346874237061 0 0.57126820087432861
vn -0.82076346874237061 0 0.57126820087432861
vn -0.91895782947540283 0 0.39435586333274841
vn -0.91895782947540283 0 0.39435586333274841
vn -0.97952991724014282 0 0.20129851996898651
vn -0.97952991724014282 0 0.20129851996898651
vn -1 0 0
vn -1 0 0
vn 1 0 0
vn 1 0 0
vn 0.97952991724014282 0 -0.20129851996898651
vn 0.97952991724014282 0 -0.20129851996898651
vn 0.91895782947540283 0 -0.39435586333274841
vn 0.91895782947540283 0 -0.39435586333274841
vn 0.82076346874237061 0 -0.57126820087432861
vn 0.82076346874237061 0 -0.57126820087432861
vn 0.68896692991256714 0 -0.72479277849197388
vn 0.68896692991256714 0 -0.72479277849197388
vn 0.52896398305892944 0 -0.84864425659179688
vn 0.52896398305892944 0 -0.84864425659179688
vn 0.34730523824691772 0 -0.9377521276473999
vn 0.34730523824691772 0 -0.9377521276473999
vn 0.15142777562141418 0 -0.98846834897994995
vn 0.15142777562141418 0 -0.98846834897994995
vn -0.050649169832468033 0 -0.99871653318405151
vn -0.050649169832468033 0 -0.99871653318405151
vn -0.25065252184867859 0 -0.96807712316513062
vn -0.25065252184867859 0 -0.96807712316513062
vn -0.44039416313171387 0 -0.89780455827713013
vn -0.44039416313171387 0 -0.89780455827713013
vn -0.61210596561431885 0 -0.79077571630477905
vn -0.61210596561431885 0 -0.79077571630477905
vn -0.75875812768936157 0 -0.65137249231338501
vn -0.75875812768936157 0 -0.65137249231338501
vn -0.87434661388397217 0 -0.48530197143554688
vn -0.87434661388397217 0 -0.48530197143554688
vn -0.95413923263549805 0 -0.29936313629150391
vn -0.95413923263549805 0 -0.29936313629150391
vn -0.99486935138702393 0 -0.10116831958293915
vn -0.99486935138702393 0 -0.10116831958293915
vn -0.99486935138702393 0 0.10116831958293915
vn -0.99486935138702393 0 0.10116831958293915
vn -0.95413923263549805 0 0.29936313629150391
vn -0.95413923263549805 0 0.29936313629150391
vn -0.87434661388397217 0 0.48530197143554688
vn -0.87434661388397217 0 0.48530197143554688
vn -0.75875812768936157 0 0.65137249231338501
vn -0.75875812768936157 0 0.65137249231338501
vn -0.61210596561431885 0 0.79077571630477905
vn -0.61210596561431885 0 0.79077571630477905
vn -0.44039416313171387 0 0.89780455827713013
vn -0.44039416313171387 0 0.89780455827713013
vn -0.25065252184867859 0 0.96807712316513062
vn -0.25065252184867859 0 0.96807712316513062
vn -0.050649169832468033 0 0.99871653318405151
vn -0.050649169832468033 0 0.99871653318405151
vn 0.15142777562141418 0 0.98846834897994995
vn 0.15142777562141418 0 0.98846834897994995
vn 0.34730523824691772 0 0.9377521276473999
vn 0.34730523824691772 0 0.9377521276473999
vn 0.52896398305892944 0 0.84864425659179688
vn 0.52896398305892944 0 0.84864425659179688
vn 0.68896692991256714 0 0.72479277849197388
vn 0.68896692991256714 0 0.72479277849197388
vn 0.82076346874237061 0 0.57126820087432861
vn 0.82076346874237061 0 0.57126820087432861
vn 0.91895782947540283 0 0.39435586333274841
vn 0.91895782947540283 0 0.39435586333274841
vn 0.97952991724014282 0 0.20129851996898651
vn 0.97952991724014282 0 0.20129851996898651
vn 1 0 0
vn 1 0 0
vn 0 1 0
vn 0 1 0
vn 0 1 0
vn 0 1 0
vn 0 1 0
vn 0 1 0
vn 0 1 0
vn 0 1 0
vn 0 1 0
vn 0 1 0
vn 0 1 0
vn 0 1 0
vn 0 1 0
vn 0 1 0
vn 0 1 0
vn 0 1 0
vn 0 1 0
vn 0 1 0
vn 0 1 0
vn 0 1 0
vn 0 1 0
vn 0 1 0
vn 0 1 0
vn 0 1 0
vn 0 1 0
vn 0 1 0
vn 0 1 0
vn 0 1 0
vn 0 1 0
vn 0 1 0
vn 0 1 0
vn 0 1 0
vn 0 1 0
vn 0 1 0
vn 0 1 0
vn 0 1 0
vn 0 1 0
vn 0 1 0
vn 0 1 0
vn 0 1 0
vn 0 1 0
vn 0 1 0
vn 0 1 0
vn 0 1 0
vn 0 1 0
vn 0 1 0
vn 0 1 0
vn 0 1 0
vn 0 1 0
vn 0 1 0
vn 0 1 0
vn 0 1 0
vn 0 1 0
vn 0 1 0
vn 0 1 0
vn 0 1 0
vn 0 1 0
vn 0 1 0
vn 0 1 0
vn 0 1 0
vn 0 1 0
vn 0 1 0
vn 0 -1 0
vn 0 -1 0
vn 0 -1 0
vn 0 -1 0
vn 0 -1 0
vn 0 -1 0
vn 0 -1 0
vn 0 -1 0
vn 0 -1 0
vn 0 -1 0
vn 0 -1 0
vn 0 -1 0
vn 0 -1 0
vn 0 -1 0
vn 0 -1 0
vn 0 -1 0
vn 0 -1 0
vn 0 -1 0
vn 0 -1 0
vn 0 -1 0
vn 0 -1 0
vn 0 -1 0
vn 0 -1 0
vn 0 -1 0
vn 0 -1 0
vn 0 -1 0
vn 0 -1 0
vn 0 -1 0
vn 0 -1 0
vn 0 -1 0
vn 0 -1 0
vn 0 -1 0
vn 0 -1 0
vn 0 -1 0
vn 0 -1 0
vn 0 -1 0
vn 0 -1 0
vn 0 -1 0
vn 0 -1 0
vn 0 -1 0
vn 0 -1 0
vn 0 -1 0
vn 0 -1 0
vn 0 -1 0
vn 0 -1 0
vn 0 -1 0
vn 0 -1 0
vn 0 -1 0
vn 0 -1 0
vn 0 -1 0
vn 0 -1 0
vn 0 -1 0
vn 0 -1 0
vn 0 -1 0
vn 0 -1 0
vn 0 -1 0
vn 0 -1 0
vn 0 -1 0
vn 0 -1 0
vn 0 -1 0
vn 0 -1 0
vn 0 -1 0
f 505/505/505 507/507/507 508/508/508 506/506/506
f 507/507/507 509/509/509 510/510/510 508/508/508
f 509/509/509 511/511/511 512/512/512 510/510/510
f 511/511/511 513/513/513 514/514/514 512/512/512
f 513/513/513 515/515/515 516/516/516 514/514/514
f 515/515/515 517/517/517 518/518/518 516/516/516
f 517/517/517 519/519/519 520/520/520 518/518/518
f 519/519/519 521/521/521 522/522/522 520/520/520
f 521/521/521 523/523/523 524/524/524 522/522/522
f 523/523/523 525/525/525 526/526/526 524/524/524
f 525/525/525 527/527/527 528/528/528 526/526/526
f 527/527/527 529/529/529 530/530/530 528/528/528
f 529/529/529 531/531/531 532/532/532 530/530/530
f 531/531/531 533/533/533 534/534/534 532/532/532
f 533/533/533 535/535/535 536/536/536 534/534/534
f 535/535/535 537/537/537 538/538/538 536/536/536
f 537/537/537 539/539/539 540/540/540 538/538/538
f 539/539/539 541/541/541 542/542/542 540/540/540
f 541/541/541 543/543/543 544/544/544 542/542/542
f 543/543/543 545/545/545 546/546/546 544/544/544
f 545/545/545 547/547/547 548/548/548 546/546/546
f 547/547/547 549/549/549 550/550/550 548/548/548
f 549/549/549 551/551/551 552/552/552 550/550/550
f 551/551/551 553/553/553 554/554/554 552/552/552
f 553/553/553 555/555/555 556/556/556 554/554/554
f 555/555/555 557/557/557 558/558/558 556/556/556
f 557/557/557 559/559/559 560/560/560 558/558/558
f 559/559/559 561/561/561 562/562/562 560/560/560
f 561/561/561 563/563/563 564/564/564 562/562/562
f 563/563/563 565/565/565 566/566/566 564/564/564
f 565/565/565 567/567/567 568/568/568 566/566/566
f 569/569/569 571/571/571 572/572/572 570/570/570
f 571/571/571 573/573/573 574/574/574 572/572/572
f 573/573/573 575/575/575 576/576/576 574/574/574
f 575/575/575 577/577/577 578/578/578 576/576/576
f 577/577/577 579/579/579 580/580/580 578/578/578
f 579/579/579 581/581/581 582/582/582 580/580/580
f 581/581/581 583/583/583 584/584/584 582/582/582
f 583/583/583 585/585/585 586/586/586 584/584/584
f 585/585/585 587/587/587 588/588/588 586/586/586
f 587/587/587 589/589/589 590/590/590 588/588/588
f 589/589/589 591/591/591 592/592/592 590/590/590
f 591/591/591 593/593/593 594/594/594 592/592/592
f 593/593/593 595/595/595 596/596/596 594/594/594
f 595/595/595 597/597/597 598/598/598 596/596/596
f 597/597/597 599/599/599 600/600/600 598/598/598
f 599/599/599 601/601/601 602/602/602 600/600/600
f 601/601/601 603/603/603 604/604/604 602/602/602
f 603/603/603 605/605/605 606/606/606 604/604/604
f 605/605/605 607/607/607 608/608/608 606/606/606
f 607/607/607 609/609/609 610/610/610 608/608/608
f 609/609/609 611/611/611 612/612/612 610/610/610
f 611/611/611 613/613/613 614/614/614 612/612/612
f 613/613/613 615/615/615 616/616/616 614/614/614
f 615/615/615 617/617/617 618/618/618 616/616/616
f 617/617/617 619/619/619 620/620/620 618/618/618
f 619/619/619 621/621/621 622/622/622 620/620/620
f 621/621/621 623/623/623 624/624/624 622/622/622
f 623/623/623 625/625/625 626/626/626 624/624/624
f 625/625/625 627/627/627 628/628/628 626/626/626
f 627/627/627 629/629/629 630/630/630 628/628/628
f 629/629/629 631/631/631 632/632/632 630/630/630
f 651/651/651 676/676/676 652/652/652
f 652/652/652 676/676/676 653/653/653
f 650/650/650 649/649/649 679/679/679
f 678/678/678 677/677/677 650/650/650
f 650/650/650 677/677/677 651/651/651
f 678/678/678 650/650/650 679/679/679
f 675/675/675 654/654/654 653/653/653
f 674/674/674 673/673/673 655/655/655
f 672/672/672 655/655/655 673/673/673
f 655/655/655 672/672/672 656/656/656
f 671/671/671 656/656/656 672/672/672
f 676/676/676 651/651/651 677/677/677
f 674/674/674 654/654/654 675/675/675
f 676/676/676 675/675/675 653/653/653
f 654/654/654 674/674/674 655/655/655
f 648/648/648 647/647/647 681/681/681
f 649/649/649 648/648/648 680/680/680
f 680/680/680 679/679/679 649/649/649
f 682/682/682 647/647/647 646/646/646
f 683/683/683 646/646/646 645/645/645
f 683/683/683 645/645/645 644/644/644
f 643/643/643 684/684/684 644/644/644
f 680/680/680 648/648/648 681/681/681
f 682/682/682 646/646/646 683/683/683
f 684/684/684 643/643/643 685/685/685
f 683/683/683 644/644/644 684/684/684
f 686/686/686 685/685/685 642/642/642
f 685/685/685 643/643/643 642/642/642
f 641/641/641 687/687/687 642/642/642
f 642/642/642 687/687/687 686/686/686
f 681/681/681 647/647/647 682/682/682
f 658/658/658 671/671/671 670/670/670
f 656/656/656 671/671/671 657/657/657
f 659/659/659 670/670/670 669/669/669
f 669/669/669 668/668/668 660/660/660
f 667/667/667 666/666/666 661/661/661
f 660/660/660 668/668/668 667/667/667
f 657/657/657 671/671/671 658/658/658
f 669/669/669 660/660/660 659/659/659
f 660/660/660 667/667/667 661/661/661
f 662/662/662 661/661/661 666/666/666
f 665/665/665 664/664/664 633/633/633
f 665/665/665 663/663/663 662/662/662
f 665/665/665 662/662/662 666/666/666
f 663/663/663 665/665/665 633/633/633
f 658/658/658 670/670/670 659/659/659
f 690/690/690 689/689/689 638/638/638
f 692/692/692 691/691/691 636/636/636
f 691/691/691 690/690/690 638/638/638
f 641/641/641 640/640/640 688/688/688
f 640/640/640 639/639/639 688/688/688
f 688/688/688 639/639/639 689/689/689
f 687/687/687 641/641/641 688/688/688
f 636/636/636 693/693/693 692/692/692
f 693/693/693 636/636/636 635/635/635
f 635/635/635 634/634/634 693/693/693
f 694/694/694 634/634/634 633/633/633
f 633/633/633 664/664/664 694/694/694
f 639/639/639 638/638/638 689/689/689
f 637/637/637 691/691/691 638/638/638
f 636/636/636 691/691/691 637/637/637
f 634/634/634 694/694/694 693/693/693
f 713/713/713 714/714/714 738/738/738
f 714/714/714 715/715/715 738/738/738
f 712/712/712 741/741/741 711/711/711
f 740/740/740 712/712/712 739/739/739
f 712/712/712 713/713/713 739/739/739
f 740/740/740 741/741/741 712/712/712
f 737/737/737 715/715/715 716/716/716
f 736/736/736 717/717/717 735/735/735
f 734/734/734 735/735/735 717/717/717
f 717/717/717 718/718/718 734/734/734
f 733/733/733 734/734/734 718/718/718
f 738/738/738 739/739/739 713/713/713
f 736/736/736 737/737/737 716/716/716
f 738/738/738 715/715/715 737/737/737
f 716/716/716 717/717/717 736/736/736
f 710/710/710 743/743/743 709/709/709
f 711/711/711 742/742/742 710/710/710
f 742/742/742 711/711/711 741/741/741
f 744/744/744 708/708/708 709/709/709
f 745/745/745 707/707/707 708/708/708
f 745/745/745 706/706/706 707/707/707
f 705/705/705 706/706/706 746/746/746
f 742/742/742 743/743/743 710/710/710
f 744/744/744 745/745/745 708/708/708
f 746/746/746 747/747/747 705/705/705
f 745/745/745 746/746/746 706/706/706
f 748/748/748 704/704/704 747/747/747
f 747/747/747 704/704/704 705/705/705
f 703/703/703 704/704/704 749/749/749
f 704/704/704 748/748/748 749/749/749
f 743/743/743 744/744/744 709/709/709
f 720/720/720 732/732/732 733/733/733
f 718/718/718 719/719/719 733/733/733
f 721/721/721 731/731/731 732/732/732
f 731/731/731 722/722/722 730/730/730
f 729/729/729 723/723/723 728/728/728
f 722/722/722 729/729/729 730/730/730
f 719/719/719 720/720/720 733/733/733
f 731/731/731 721/721/721 722/722/722
f 722/722/722 723/723/723 729/729/729
f 724/724/724 728/728/728 723/723/723
f 727/727/727 695/695/695 726/726/726
f 727/727/727 724/724/724 725/725/725
f 727/727/727 728/728/728 724/724/724
f 725/725/725 695/695/695 727/727/727
f 720/720/720 721/721/721 732/732/732
f 752/752/752 700/700/700 751/751/751
f 754/754/754 698/698/698 753/753/753
f 753/753/753 700/700/700 752/752/752
f 703/703/703 750/750/750 702/702/702
f 702/702/702 750/750/750 701/701/701
f 750/750/750 751/751/751 701/701/701
f 749/749/749 750/750/750 703/703/703
f 698/698/698 754/754/754 755/755/755
f 755/755/755 697/697/697 698/698/698
f 697/697/697 755/755/755 696/696/696
f 756/756/756 695/695/695 696/696/696
f 695/695/695 756/756/756 726/726/726
f 701/701/701 751/751/751 700/700/700
f 699/699/699 700/700/700 753/753/753
f 698/698/698 699/699/699 753/753/753
f 696/696/696 755/755/755 756/756/756
usemtl Default
v -366 141 109
v -366 140 109
v -365.87716674804688 141 107.79220581054688
v -365.87716674804688 140 107.79220581054688
v -365.51373291015625 141 106.63386535644531
v -365.51373291015625 140 106.63386535644531
v -364.92459106445312 141 105.5723876953125
v -364.92459106445312 140 105.5723876953125
v -364.1337890625 141 104.6512451171875
v -364.1337890625 140 104.6512451171875
v -363.17379760742188 141 103.90813446044922
v -363.17379760742188 140 103.90813446044922
v -362.08383178710938 141 103.37348937988281
v -362.08383178710938 140 103.37348937988281
v -360.9085693359375 141 103.06919097900391
v -360.9085693359375 140 103.06919097900391
v -359.69610595703125 141 103.00769805908203
v -359.69610595703125 140 103.00769805908203
v -358.49609375 141 103.19153594970703
v -358.49609375 140 103.19153594970703
v -357.35763549804688 141 103.61317443847656
v -357.35763549804688 140 103.61317443847656
v -356.32736206054688 141 104.25534820556641
v -356.32736206054688 140 104.25534820556641
v -355.44744873046875 141 105.09176635742188
v -355.44744873046875 140 105.09176635742188
v -354.75390625 141 106.08818817138672
v -354.75390625 140 106.08818817138672
v -354.27517700195312 141 107.20381927490234
v -354.27517700195312 140 107.20381927490234
v -354.03079223632812 141 108.39299011230469
v -354.03079223632812 140 108.39299011230469
v -354.03079223632812 141 109.60700988769531
v -354.03079223632812 140 109.60700988769531
v -354.27517700195312 141 110.79618072509766
v -354.27517700195312 140 110.79618072509766
v -354.75390625 141 111.91181182861328
v -354.75390625 140 111.91181182861328
v -355.44744873046875 141 112.90823364257812
v -355.44744873046875 140 112.90823364257812
v -356.32736206054688 141 113.74465179443359
v -356.32736206054688 140 113.74465179443359
v -357.35763549804688 141 114.38682556152344
v -357.35763549804688 140 114.38682556152344
v -358.49609375 141 114.80846405029297
v -358.49609375 140 114.80846405029297
v -359.69610595703125 141 114.99230194091797
v -359.69610595703125 140 114.99230194091797
v -360.9085693359375 141 114.93080902099609
v -360.9085693359375 140 114.93080902099609
v -362.08383178710938 141 114.62651062011719
v -362.08383178710938 140 114.62651062011719
v -363.17379760742188 141 114.09186553955078
v -363.17379760742188 140 114.09186553955078
v -364.1337890625 141 113.3487548828125
v -364.1337890625 140 113.3487548828125
v -364.92459106445312 141 112.4276123046875
v -364.92459106445312 140 112.4276123046875
v -365.51373291015625 141 111.36613464355469
v -365.51373291015625 140 111.36613464355469
v -365.87716674804688 141 110.20779418945312
v -365.87716674804688 140 110.20779418945312
v -366 141 109
v -366 140 109
v -362.23605346679688 141 109
v -362.23605346679688 140 109
v -362.1903076171875 141 109.45011901855469
v -362.1903076171875 140 109.45011901855469
v -362.05484008789062 141 109.88180541992188
v -362.05484008789062 140 109.88180541992188
v -361.83529663085938 141 110.27739715576172
v -361.83529663085938 140 110.27739715576172
v -361.54058837890625 141 110.62068939208984
v -361.54058837890625 140 110.62068939208984
v -361.18280029296875 141 110.89762878417969
v -361.18280029296875 140 110.89762878417969
v -360.776611328125 141 111.09687805175781
v -360.776611328125 140 111.09687805175781
v -360.33859252929688 141 111.21028137207031
v -360.33859252929688 140 111.21028137207031
v -359.88674926757812 141 111.23320007324219
v -359.88674926757812 140 111.23320007324219
v -359.43951416015625 141 111.16468811035156
v -359.43951416015625 140 111.16468811035156
v -359.0152587890625 141 111.00755310058594
v -359.0152587890625 140 111.00755310058594
v -358.63128662109375 141 110.76822662353516
v -358.63128662109375 140 110.76822662353516
v -358.30337524414062 141 110.45651245117188
v -358.30337524414062 140 110.45651245117188
v -358.04489135742188 141 110.08516693115234
v -358.04489135742188 140 110.08516693115234
v -357.86648559570312 141 109.66939544677734
v -357.86648559570312 140 109.66939544677734
v -357.775390625 141 109.22621917724609
v -357.775390625 140 109.22621917724609
v -357.775390625 141 108.77378082275391
v -357.775390625 140 108.77378082275391
v -357.86648559570312 141 108.33060455322266
v -357.86648559570312 140 108.33060455322266
v -358.04489135742188 141 107.91483306884766
v -358.04489135742188 140 107.91483306884766
v -358.30337524414062 141 107.54348754882812
v -358.30337524414062 140 107.54348754882812
v -358.63128662109375 141 107.23177337646484
v -358.63128662109375 140 107.23177337646484
v -359.0152587890625 141 106.99244689941406
v -359.0152587890625 140 106.99244689941406
v -359.43951416015625 141 106.83531188964844
v -359.43951416015625 140 106.83531188964844
v -359.88674926757812 141 106.76679992675781
v -359.88674926757812 140 106.76679992675781
v -360.33859252929688 141 106.78971862792969
v -360.33859252929688 140 106.78971862792969
v -360.776611328125 141 106.90312194824219
v -360.776611328125 140 106.90312194824219
v -361.18280029296875 141 107.10237121582031
v -361.18280029296875 140 107.10237121582031
v -361.54058837890625 141 107.37931060791016
v -361.54058837890625 140 107.37931060791016
v -361.83529663085938 141 107.72260284423828
v -361.83529663085938 140 107.72260284423828
v -362.05484008789062 141 108.11819458007812
v -362.05484008789062 140 108.11819458007812
v -362.1903076171875 141 108.54988098144531
v -362.1903076171875 140 108.54988098144531
v -362.23605346679688 141 109
v -362.23605346679688 140 109
v -366 141 109
v -365.87716674804688 141 107.79220581054688
v -365.51373291015625 141 106.63386535644531
v -364.92459106445312 141 105.5723876953125
v -364.1337890625 141 104.6512451171875
v -363.17379760742188 141 103.90813446044922
v -362.08383178710938 141 103.37348937988281
v -360.9085693359375 141 103.06919097900391
v -359.69610595703125 141 103.00769805908203
v -358.49609375 141 103.19153594970703
v -357.35763549804688 141 103.61317443847656
v -356.32736206054688 141 104.25534820556641
v -355.44744873046875 141 105.09176635742188
v -354.75390625 141 106.08818817138672
v -354.27517700195312 141 107.20381927490234
v -354.03079223632812 141 108.39299011230469
v -354.03079223632812 141 109.60700988769531
v -354.27517700195312 141 110.79618072509766
v -354.75390625 141 111.91181182861328
v -355.44744873046875 141 112.90823364257812
v -356.32736206054688 141 113.74465179443359
v -357.35763549804688 141 114.38682556152344
v -358.49609375 141 114.80846405029297
v -359.69610595703125 141 114.99230194091797
v -360.9085693359375 141 114.93080902099609
v -362.08383178710938 141 114.62651062011719
v -363.17379760742188 141 114.09186553955078
v -364.1337890625 141 113.3487548828125
v -364.92459106445312 141 112.4276123046875
v -365.51373291015625 141 111.36613464355469
v -365.87716674804688 141 110.20779418945312
v -362.23605346679688 141 109
v -362.1903076171875 141 109.45011901855469
v -362.05484008789062 141 109.88180541992188
v -361.83529663085938 141 110.27739715576172
v -361.54058837890625 141 110.62068939208984
v -361.18280029296875 141 110.89762878417969
v -360.776611328125 141 111.09687805175781
v -360.33859252929688 141 111.21028137207031
v -359.88674926757812 141 111.23320007324219
v -359.43951416015625 141 111.16468811035156
v -359.0152587890625 141 111.00755310058594
v -358.63128662109375 141 110.76822662353516
v -358.30337524414062 141 110.45651245117188
v -358.04489135742188 141 110.08516693115234
v -357.86648559570312 141 109.66939544677734
v -357.775390625 141 109.22621917724609
v -357.775390625 141 108.77378082275391
v -357.86648559570312 141 108.33060455322266
v -358.04489135742188 141 107.91483306884766
v -358.30337524414062 141 107.54348754882812
v -358.63128662109375 141 107.23177337646484
v -359.0152587890625 141 106.99244689941406
v -359.43951416015625 141 106.83531188964844
v -359.88674926757812 141 106.76679992675781
v -360.33859252929688 141 106.78971862792969
v -360.776611328125 141 106.90312194824219
v -361.18280029296875 141 107.10237121582031
v -361.54058837890625 141 107.37931060791016
v -361.83529663085938 141 107.72260284423828
v -362.05484008789062 141 108.11819458007812
v -362.1903076171875 141 108.54988098144531
v -366 140 109
v -365.87716674804688 140 107.79220581054688
v -365.51373291015625 140 106.63386535644531
v -364.92459106445312 140 105.5723876953125
v -364.1337890625 140 104.6512451171875
v -363.17379760742188 140 103.90813446044922
v -362.08383178710938 140 103.37348937988281
v -360.9085693359375 140 103.06919097900391
v -359.69610595703125 140 103.00769805908203
v -358.49609375 140 103.19153594970703
v -357.35763549804688 140 103.61317443847656
v -356.32736206054688 140 104.25534820556641
v -355.44744873046875 140 105.09176635742188
v -354.75390625 140 106.08818817138672
v -354.27517700195312 140 107.20381927490234
v -354.03079223632812 140 108.39299011230469
v -354.03079223632812 140 109.60700988769531
v -354.27517700195312 140 110.79618072509766
v -354.75390625 140 111.91181182861328
v -355.44744873046875 140 112.90823364257812
v -356.32736206054688 140 113.74465179443359
v -357.35763549804688 140 114.38682556152344
v -358.49609375 140 114.80846405029297
v -359.69610595703125 140 114.99230194091797
v -360.9085693359375 140 114.93080902099609
v -362.08383178710938 140 114.62651062011719
v -363.17379760742188 140 114.09186553955078
v -364.1337890625 140 113.3487548828125
v -364.92459106445312 140 112.4276123046875
v -365.51373291015625 140 111.36613464355469
v -365.87716674804688 140 110.20779418945312
v -362.23605346679688 140 109
v -362.1903076171875 140 109.45011901855469
v -362.05484008789062 140 109.88180541992188
v -361.83529663085938 140 110.27739715576172
v -361.54058837890625 140 110.62068939208984
v -361.18280029296875 140 110.89762878417969
v -360.776611328125 140 111.09687805175781
v -360.33859252929688 140 111.21028137207031
v -359.88674926757812 140 111.23320007324219
v -359.43951416015625 140 111.16468811035156
v -359.0152587890625 140 111.00755310058594
v -358.63128662109375 140 110.76822662353516
v -358.30337524414062 140 110.45651245117188
v -358.04489135742188 140 110.08516693115234
v -357.86648559570312 140 109.66939544677734
v -357.775390625 140 109.22621917724609
v -357.775390625 140 108.77378082275391
v -357.86648559570312 140 108.33060455322266
v -358.04489135742188 140 107.91483306884766
v -358.30337524414062 140 107.54348754882812
v -358.63128662109375 140 107.23177337646484
v -359.0152587890625 140 106.99244689941406
v -359.43951416015625 140 106.83531188964844
v -359.88674926757812 140 106.76679992675781
v -360.33859252929688 140 106.78971862792969
v -360.776611328125 140 106.90312194824219
v -361.18280029296875 140 107.10237121582031
v -361.54058837890625 140 107.37931060791016
v -361.83529663085938 140 107.72260284423828
v -362.05484008789062 140 108.11819458007812
v -362.1903076171875 140 108.54988098144531
vt 0 0
vt 0 0.52004909515380859
vt 0.023500096052885056 0
vt 0.023500096052885056 0.52004909515380859
vt 0.047000192105770111 0
vt 0.047000192105770111 0.52004909515380859
vt 0.070500284433364868 0
vt 0.070500284433364868 0.52004909515380859
vt 0.094000384211540222 0
vt 0.094000384211540222 0.52004909515380859
vt 0.11750047653913498 0
vt 0.11750047653913498 0.52004909515380859
vt 0.14100056886672974 0
vt 0.14100056886672974 0.52004909515380859
vt 0.16450066864490509 0
vt 0.16450066864490509 0.52004909515380859
vt 0.18800076842308044 0
vt 0.18800076842308044 0.52004909515380859
vt 0.2115008682012558 0
vt 0.2115008682012558 0.52004909515380859
vt 0.23500095307826996 0
vt 0.23500095307826996 0.52004909515380859
vt 0.25850105285644531 0
vt 0.25850105285644531 0.52004909515380859
vt 0.28200113773345947 0
vt 0.28200113773345947 0.52004909515380859
vt 0.30550125241279602 0
vt 0.30550125241279602 0.52004909515380859
vt 0.32900133728981018 0
vt 0.32900133728981018 0.52004909515380859
vt 0.35250145196914673 0
vt 0.35250145196914673 0.52004909515380859
vt 0.37600153684616089 0
vt 0.37600153684616089 0.52004909515380859
vt 0.39950162172317505 0
vt 0.39950162172317505 0.52004909515380859
vt 0.4230017364025116 0
vt 0.4230017364025116 0.52004909515380859
vt 0.44650182127952576 0
vt 0.44650182127952576 0.52004909515380859
vt 0.47000190615653992 0
vt 0.47000190615653992 0.52004909515380859
vt 0.49350202083587646 0
vt 0.49350202083587646 0.52004909515380859
vt 0.51700210571289062 0
vt 0.51700210571289062 0.52004909515380859
vt 0.54050219058990479 0
vt 0.54050219058990479 0.52004909515380859
vt 0.56400227546691895 0
vt 0.56400227546691895 0.52004909515380859
vt 0.58750241994857788 0
vt 0.58750241994857788 0.52004909515380859
vt 0.61100250482559204 0
vt 0.61100250482559204 0.52004909515380859
vt 0.6345025897026062 0
vt 0.6345025897026062 0.52004909515380859
vt 0.65800267457962036 0
vt 0.65800267457962036 0.52004909515380859
vt 0.68150275945663452 0
vt 0.68150275945663452 0.52004909515380859
vt 0.70500290393829346 0
vt 0.70500290393829346 0.52004909515380859
vt 0.72850298881530762 0
vt 0.72850298881530762 0.52004909515380859
vt 0.72850298881530762 0
vt 0.72850298881530762 0.52004909515380859
vt 0.73726093769073486 0
vt 0.73726093769073486 0.52004909515380859
vt 0.74601888656616211 0
vt 0.74601888656616211 0.52004909515380859
vt 0.75477689504623413 0
vt 0.75477689504623413 0.52004909515380859
vt 0.76353484392166138 0
vt 0.76353484392166138 0.52004909515380859
vt 0.77229279279708862 0
vt 0.77229279279708862 0.52004909515380859
vt 0.78105080127716064 0
vt 0.78105080127716064 0.52004909515380859
vt 0.78980875015258789 0
vt 0.78980875015258789 0.52004909515380859
vt 0.79856669902801514 0
vt 0.79856669902801514 0.52004909515380859
vt 0.80732470750808716 0
vt 0.80732470750808716 0.52004909515380859
vt 0.8160826563835144 0
vt 0.8160826563835144 0.52004909515380859
vt 0.82484060525894165 0
vt 0.82484060525894165 0.52004909515380859
vt 0.83359861373901367 0
vt 0.83359861373901367 0.52004909515380859
vt 0.84235656261444092 0
vt 0.84235656261444092 0.52004909515380859
vt 0.85111451148986816 0
vt 0.85111451148986816 0.52004909515380859
vt 0.85987251996994019 0
vt 0.85987251996994019 0.52004909515380859
vt 0.86863046884536743 0
vt 0.86863046884536743 0.52004909515380859
vt 0.87738841772079468 0
vt 0.87738841772079468 0.52004909515380859
vt 0.8861464262008667 0
vt 0.8861464262008667 0.52004909515380859
vt 0.89490437507629395 0
vt 0.89490437507629395 0.52004909515380859
vt 0.90366232395172119 0
vt 0.90366232395172119 0.52004909515380859
vt 0.91242033243179321 0
vt 0.91242033243179321 0.52004909515380859
vt 0.92117828130722046 0
vt 0.92117828130722046 0.52004909515380859
vt 0.92993623018264771 0
vt 0.92993623018264771 0.52004909515380859
vt 0.93869423866271973 0
vt 0.93869423866271973 0.52004909515380859
vt 0.94745218753814697 0
vt 0.94745218753814697 0.52004909515380859
vt 0.95621013641357422 0
vt 0.95621013641357422 0.52004909515380859
vt 0.96496814489364624 0
vt 0.96496814489364624 0.52004909515380859
vt 0.97372609376907349 0
vt 0.97372609376907349 0.52004909515380859
vt 0.98248404264450073 0
vt 0.98248404264450073 0.52004909515380859
vt 0.99124205112457275 0
vt 0.99124205112457275 0.52004909515380859
vt 1 0
vt 1 0.52004909515380859
vt 0.11599447578191757 0.52004963159561157
vt 0.092614956200122833 0.52497458457946777
vt 0.070192590355873108 0.53954774141311646
vt 0.049645360559225082 0.56317257881164551
vt 0.031814474612474442 0.59488183259963989
vt 0.017429923638701439 0.6333773136138916
vt 0.0070806187577545643 0.67708301544189453
vt 0.0011902602855116129 0.72420966625213623
vt 0 0.77282780408859253
vt 0.0035585672594606876 0.82094711065292358
vt 0.011720273643732071 0.86659747362136841
vt 0.024150978773832321 0.9079100489616394
vt 0.04034176841378212 0.94319343566894531
vt 0.059629786759614944 0.97100317478179932
vt 0.081225380301475525 0.99020063877105713
vt 0.10424443334341049 1
vt 0.12774452567100525 1
vt 0.15076357126235962 0.99020063877105713
vt 0.1723591685295105 0.97100317478179932
vt 0.19164718687534332 0.94319343566894531
vt 0.20783798396587372 0.9079100489616394
vt 0.22026868164539337 0.86659747362136841
vt 0.22843039035797119 0.82094711065292358
vt 0.23198895156383514 0.77282780408859253
vt 0.23079869151115417 0.72420966625213623
vt 0.22490833699703217 0.67708301544189453
vt 0.21455903351306915 0.6333773136138916
vt 0.200174480676651 0.59488183259963989
vt 0.18234360218048096 0.56317257881164551
vt 0.16179636120796204 0.53954774141311646
vt 0.13937400281429291 0.52497458457946777
vt 0.11599447578191757 0.67097854614257812
vt 0.12470751255750656 0.67281395196914673
vt 0.13306383788585663 0.67824506759643555
vt 0.14072133600711823 0.6870495080947876
vt 0.14736650884151459 0.69886684417724609
vt 0.15272732079029083 0.71321326494216919
vt 0.15658427774906158 0.72950142621994019
vt 0.15877948701381683 0.74706447124481201
vt 0.15922306478023529 0.76518338918685913
vt 0.15789687633514404 0.78311640024185181
vt 0.15485517680644989 0.80012929439544678
vt 0.1502225250005722 0.8155255913734436
vt 0.14418858289718628 0.82867491245269775
vt 0.13700036704540253 0.83903896808624268
vt 0.12895216047763824 0.84619349241256714
vt 0.12037346512079239 0.84984546899795532
vt 0.11161549389362335 0.84984546899795532
vt 0.10303680598735809 0.84619349241256714
vt 0.094988599419593811 0.83903896808624268
vt 0.087800376117229462 0.82867491245269775
vt 0.081766426563262939 0.8155255913734436
vt 0.077133774757385254 0.80012929439544678
vt 0.074092090129852295 0.78311640024185181
vt 0.072765886783599854 0.76518338918685913
vt 0.073209472000598907 0.74706447124481201
vt 0.075404681265354156 0.72950142621994019
vt 0.079261638224124908 0.71321326494216919
vt 0.084622442722320557 0.69886684417724609
vt 0.091267623007297516 0.6870495080947876
vt 0.098925121128559113 0.67824506759643555
vt 0.10728144645690918 0.67281395196914673
vt 0.11599447578191757 1
vt 0.092614956200122833 0.9950750470161438
vt 0.070192590355873108 0.98050189018249512
vt 0.049645360559225082 0.95687705278396606
vt 0.031814474612474442 0.92516779899597168
vt 0.017429923638701439 0.88667231798171997
vt 0.0070806187577545643 0.84296661615371704
vt 0.0011902602855116129 0.79583996534347534
vt 0 0.74722182750701904
vt 0.0035585672594606876 0.69910252094268799
vt 0.011720273643732071 0.65345215797424316
vt 0.024150978773832321 0.61213958263397217
vt 0.04034176841378212 0.57685619592666626
vt 0.059629786759614944 0.54904645681381226
vt 0.081225380301475525 0.52984899282455444
vt 0.10424443334341049 0.52004963159561157
vt 0.12774452567100525 0.52004963159561157
vt 0.15076357126235962 0.52984899282455444
vt 0.1723591685295105 0.54904645681381226
vt 0.19164718687534332 0.57685619592666626
vt 0.20783798396587372 0.61213958263397217
vt 0.22026868164539337 0.65345215797424316
vt 0.22843039035797119 0.69910252094268799
vt 0.23198895156383514 0.74722182750701904
vt 0.23079869151115417 0.79583996534347534
vt 0.22490833699703217 0.84296661615371704
vt 0.21455903351306915 0.88667231798171997
vt 0.200174480676651 0.92516779899597168
vt 0.18234360218048096 0.95687705278396606
vt 0.16179636120796204 0.98050189018249512
vt 0.13937400281429291 0.9950750470161438
vt 0.11599447578191757 0.84907108545303345
vt 0.12470751255750656 0.84723567962646484
vt 0.13306383788585663 0.84180456399917603
vt 0.14072133600711823 0.83300012350082397
vt 0.14736650884151459 0.82118278741836548
vt 0.15272732079029083 0.80683636665344238
vt 0.15658427774906158 0.79054820537567139
vt 0.15877948701381683 0.77298516035079956
vt 0.15922306478023529 0.75486624240875244
vt 0.15789687633514404 0.73693323135375977
vt 0.15485517680644989 0.71992033720016479
vt 0.1502225250005722 0.70452404022216797
vt 0.14418858289718628 0.69137471914291382
vt 0.13700036704540253 0.6810106635093689
vt 0.12895216047763824 0.67385613918304443
vt 0.12037346512079239 0.67020416259765625
vt 0.11161549389362335 0.67020416259765625
vt 0.10303680598735809 0.67385613918304443
vt 0.094988599419593811 0.6810106635093689
vt 0.087800376117229462 0.69137471914291382
vt 0.081766426563262939 0.70452404022216797
vt 0.077133774757385254 0.71992033720016479
vt 0.074092090129852295 0.73693323135375977
vt 0.072765886783599854 0.75486624240875244
vt 0.073209472000598907 0.77298516035079956
vt 0.075404681265354156 0.79054820537567139
vt 0.079261638224124908 0.80683636665344238
vt 0.084622442722320557 0.82118278741836548
vt 0.091267623007297516 0.83300012350082397
vt 0.098925121128559113 0.84180456399917603
vt 0.10728144645690918 0.84723567962646484
vn -1 0 0
vn -1 0 0
vn -0.97952991724014282 0 -0.20129851996898651
vn -0.97952991724014282 0 -0.20129851996898651
vn -0.91895782947540283 0 -0.39435586333274841
vn -0.91895782947540283 0 -0.39435586333274841
vn -0.82076346874237061 0 -0.57126820087432861
vn -0.82076346874237061 0 -0.57126820087432861
vn -0.68896692991256714 0 -0.72479277849197388
vn -0.68896692991256714 0 -0.72479277849197388
vn -0.52896398305892944 0 -0.84864425659179688
vn -0.52896398305892944 0 -0.84864425659179688
vn -0.34730523824691772 0 -0.9377521276473999
vn -0.34730523824691772 0 -0.9377521276473999
vn -0.15142777562141418 0 -0.98846834897994995
vn -0.15142777562141418 0 -0.98846834897994995
vn 0.050649169832468033 0 -0.99871653318405151
vn 0.050649169832468033 0 -0.99871653318405151
vn 0.25065252184867859 0 -0.96807712316513062
vn 0.25065252184867859 0 -0.96807712316513062
vn 0.44039416313171387 0 -0.89780455827713013
vn 0.44039416313171387 0 -0.89780455827713013
vn 0.61210596561431885 0 -0.79077571630477905
vn 0.61210596561431885 0 -0.79077571630477905
vn 0.75875812768936157 0 -0.65137249231338501
vn 0.75875812768936157 0 -0.65137249231338501
vn 0.87434661388397217 0 -0.48530197143554688
vn 0.87434661388397217 0 -0.48530197143554688
vn 0.95413923263549805 0 -0.29936313629150391
vn 0.95413923263549805 0 -0.29936313629150391
vn 0.99486935138702393 0 -0.10116831958293915
vn 0.99486935138702393 0 -0.10116831958293915
vn 0.99486935138702393 0 0.10116831958293915
vn 0.99486935138702393 0 0.10116831958293915
vn 0.95413923263549805 0 0.29936313629150391
vn 0.95413923263549805 0 0.29936313629150391
vn 0.87434661388397217 0 0.48530197143554688
vn 0.87434661388397217 0 0.48530197143554688
vn 0.75875812768936157 0 0.65137249231338501
vn 0.75875812768936157 0 0.65137249231338501
vn 0.61210596561431885 0 0.79077571630477905
vn 0.61210596561431885 0 0.79077571630477905
vn 0.44039416313171387 0 0.89780455827713013
vn 0.44039416313171387 0 0.89780455827713013
vn 0.25065252184867859 0 0.96807712316513062
vn 0.25065252184867859 0 0.96807712316513062
vn 0.050649169832468033 0 0.99871653318405151
vn 0.050649169832468033 0 0.99871653318405151
vn -0.15142777562141418 0 0.98846834897994995
vn -0.15142777562141418 0 0.98846834897994995
vn -0.34730523824691772 0 0.9377521276473999
vn -0.34730523824691772 0 0.9377521276473999
vn -0.52896398305892944 0 0.84864425659179688
vn -0.52896398305892944 0 0.84864425659179688
vn -0.68896692991256714 0 0.72479277849197388
vn -0.68896692991256714 0 0.72479277849197388
vn -0.82076346874237061 0 0.57126820087432861
vn -0.82076346874237061 0 0.57126820087432861
vn -0.91895782947540283 0 0.39435586333274841
vn -0.91895782947540283 0 0.39435586333274841
vn -0.97952991724014282 0 0.20129851996898651
vn -0.97952991724014282 0 0.20129851996898651
vn -1 0 0
vn -1 0 0
vn 1 0 0
vn 1 0 0
vn 0.97952991724014282 0 -0.20129851996898651
vn 0.97952991724014282 0 -0.20129851996898651
vn 0.91895782947540283 0 -0.39435586333274841
vn 0.91895782947540283 0 -0.39435586333274841
vn 0.82076346874237061 0 -0.57126820087432861
vn 0.82076346874237061 0 -0.57126820087432861
vn 0.68896692991256714 0 -0.72479277849197388
vn 0.68896692991256714 0 -0.72479277849197388
vn 0.52896398305892944 0 -0.84864425659179688
vn 0.52896398305892944 0 -0.84864425659179688
vn 0.34730523824691772 0 -0.9377521276473999
vn 0.34730523824691772 0 -0.9377521276473999
vn 0.15142777562141418 0 -0.98846834897994995
vn 0.15142777562141418 0 -0.98846834897994995
vn -0.050649169832468033 0 -0.99871653318405151
vn -0.050649169832468033 0 -0.99871653318405151
vn -0.25065252184867859 0 -0.96807712316513062
vn -0.25065252184867859 0 -0.96807712316513062
vn -0.44039416313171387 0 -0.89780455827713013
vn -0.44039416313171387 0 -0.89780455827713013
vn -0.61210596561431885 0 -0.79077571630477905
vn -0.61210596561431885 0 -0.79077571630477905
vn -0.75875812768936157 0 -0.65137249231338501
vn -0.75875812768936157 0 -0.65137249231338501
vn -0.87434661388397217 0 -0.48530197143554688
vn -0.87434661388397217 0 -0.48530197143554688
vn -0.95413923263549805 0 -0.29936313629150391
vn -0.95413923263549805 0 -0.29936313629150391
vn -0.99486935138702393 0 -0.10116831958293915
vn -0.99486935138702393 0 -0.10116831958293915
vn -0.99486935138702393 0 0.10116831958293915
vn -0.99486935138702393 0 0.10116831958293915
vn -0.95413923263549805 0 0.29936313629150391
vn -0.95413923263549805 0 0.29936313629150391
vn -0.87434661388397217 0 0.48530197143554688
vn -0.87434661388397217 0 0.48530197143554688
vn -0.75875812768936157 0 0.65137249231338501
vn -0.75875812768936157 0 0.65137249231338501
vn -0.61210596561431885 0 0.79077571630477905
vn -0.61210596561431885 0 0.79077571630477905
vn -0.44039416313171387 0 0.89780455827713013
vn -0.44039416313171387 0 0.89780455827713013
vn -0.25065252184867859 0 0.96807712316513062
vn -0.25065252184867859 0 0.96807712316513062
vn -0.050649169832468033 0 0.99871653318405151
vn -0.050649169832468033 0 0.99871653318405151
vn 0.15142777562141418 0 0.98846834897994995
vn 0.15142777562141418 0 0.98846834897994995
vn 0.34730523824691772 0 0.9377521276473999
vn 0.34730523824691772 0 0.9377521276473999
vn 0.52896398305892944 0 0.84864425659179688
vn 0.52896398305892944 0 0.84864425659179688
vn 0.68896692991256714 0 0.72479277849197388
vn 0.68896692991256714 0 0.72479277849197388
vn 0.82076346874237061 0 0.57126820087432861
vn 0.82076346874237061 0 0.57126820087432861
vn 0.91895782947540283 0 0.39435586333274841
vn 0.91895782947540283 0 0.39435586333274841
vn 0.97952991724014282 0 0.20129851996898651
vn 0.97952991724014282 0 0.20129851996898651
vn 1 0 0
vn 1 0 0
vn 0 1 0
vn 0 1 0
vn 0 1 0
vn 0 1 0
vn 0 1 0
vn 0 1 0
vn 0 1 0
vn 0 1 0
vn 0 1 0
vn 0 1 0
vn 0 1 0
vn 0 1 0
vn 0 1 0
vn 0 1 0
vn 0 1 0
vn 0 1 0
vn 0 1 0
vn 0 1 0
vn 0 1 0
vn 0 1 0
vn 0 1 0
vn 0 1 0
vn 0 1 0
vn 0 1 0
vn 0 1 0
vn 0 1 0
vn 0 1 0
vn 0 1 0
vn 0 1 0
vn 0 1 0
vn 0 1 0
vn 0 1 0
vn 0 1 0
vn 0 1 0
vn 0 1 0
vn 0 1 0
vn 0 1 0
vn 0 1 0
vn 0 1 0
vn 0 1 0
vn 0 1 0
vn 0 1 0
vn 0 1 0
vn 0 1 0
vn 0 1 0
vn 0 1 0
vn 0 1 0
vn 0 1 0
vn 0 1 0
vn 0 1 0
vn 0 1 0
vn 0 1 0
vn 0 1 0
vn 0 1 0
vn 0 1 0
vn 0 1 0
vn 0 1 0
vn 0 1 0
vn 0 1 0
vn 0 1 0
vn 0 1 0
vn 0 1 0
vn 0 -1 0
vn 0 -1 0
vn 0 -1 0
vn 0 -1 0
vn 0 -1 0
vn 0 -1 0
vn 0 -1 0
vn 0 -1 0
vn 0 -1 0
vn 0 -1 0
vn 0 -1 0
vn 0 -1 0
vn 0 -1 0
vn 0 -1 0
vn 0 -1 0
vn 0 -1 0
vn 0 -1 0
vn 0 -1 0
vn 0 -1 0
vn 0 -1 0
vn 0 -1 0
vn 0 -1 0
vn 0 -1 0
vn 0 -1 0
vn 0 -1 0
vn 0 -1 0
vn 0 -1 0
vn 0 -1 0
vn 0 -1 0
vn 0 -1 0
vn 0 -1 0
vn 0 -1 0
vn 0 -1 0
vn 0 -1 0
vn 0 -1 0
vn 0 -1 0
vn 0 -1 0
vn 0 -1 0
vn 0 -1 0
vn 0 -1 0
vn 0 -1 0
vn 0 -1 0
vn 0 -1 0
vn 0 -1 0
vn 0 -1 0
vn 0 -1 0
vn 0 -1 0
vn 0 -1 0
vn 0 -1 0
vn 0 -1 0
vn 0 -1 0
vn 0 -1 0
vn 0 -1 0
vn 0 -1 0
vn 0 -1 0
vn 0 -1 0
vn 0 -1 0
vn 0 -1 0
vn 0 -1 0
vn 0 -1 0
vn 0 -1 0
vn 0 -1 0
f 757/757/757 759/759/759 760/760/760 758/758/758
f 759/759/759 761/761/761 762/762/762 760/760/760
f 761/761/761 763/763/763 764/764/764 762/762/762
f 763/763/763 765/765/765 766/766/766 764/764/764
f 765/765/765 767/767/767 768/768/768 766/766/766
f 767/767/767 769/769/769 770/770/770 768/768/768
f 769/769/769 771/771/771 772/772/772 770/770/770
f 771/771/771 773/773/773 774/774/774 772/772/772
f 773/773/773 775/775/775 776/776/776 774/774/774
f 775/775/775 777/777/777 778/778/778 776/776/776
f 777/777/777 779/779/779 780/780/780 778/778/778
f 779/779/779 781/781/781 782/782/782 780/780/780
f 781/781/781 783/783/783 784/784/784 782/782/782
f 783/783/783 785/785/785 786/786/786 784/784/784
f 785/785/785 787/787/787 788/788/788 786/786/786
f 787/787/787 789/789/789 790/790/790 788/788/788
f 789/789/789 791/791/791 792/792/792 790/790/790
f 791/791/791 793/793/793 794/794/794 792/792/792
f 793/793/793 795/795/795 796/796/796 794/794/794
f 795/795/795 797/797/797 798/798/798 796/796/796
f 797/797/797 799/799/799 800/800/800 798/798/798
f 799/799/799 801/801/801 802/802/802 800/800/800
f 801/801/801 803/803/803 804/804/804 802/802/802
f 803/803/803 805/805/805 806/806/806 804/804/804
f 805/805/805 807/807/807 808/808/808 806/806/806
f 807/807/807 809/809/809 810/810/810 808/808/808
f 809/809/809 811/811/811 812/812/812 810/810/810
f 811/811/811 813/813/813 814/814/814 812/812/812
f 813/813/813 815/815/815 816/816/816 814/814/814
f 815/815/815 817/817/817 818/818/818 816/816/816
f 817/817/817 819/819/819 820/820/820 818/818/818
f 821/821/821 823/823/823 824/824/824 822/822/822
f 823/823/823 825/825/825 826/826/826 824/824/824
f 825/825/825 827/827/827 828/828/828 826/826/826
f 827/827/827 829/829/829 830/830/830 828/828/828
f 829/829/829 831/831/831 832/832/832 830/830/830
f 831/831/831 833/833/833 834/834/834 832/832/832
f 833/833/833 835/835/835 836/836/836 834/834/834
f 835/835/835 837/837/837 838/838/838 836/836/836
f 837/837/837 839/839/839 840/840/840 838/838/838
f 839/839/839 841/841/841 842/842/842 840/840/840
f 841/841/841 843/843/843 844/844/844 842/842/842
f 843/843/843 845/845/845 846/846/846 844/844/844
f 845/845/845 847/847/847 848/848/848 846/846/846
f 847/847/847 849/849/849 850/850/850 848/848/848
f 849/849/849 851/851/851 852/852/852 850/850/850
f 851/851/851 853/853/853 854/854/854 852/852/852
f 853/853/853 855/855/855 856/856/856 854/854/854
f 855/855/855 857/857/857 858/858/858 856/856/856
f 857/857/857 859/859/859 860/860/860 858/858/858
f 859/859/859 861/861/861 862/862/862 860/860/860
f 861/861/861 863/863/863 864/864/864 862/862/862
f 863/863/863 865/865/865 866/866/866 864/864/864
f 865/865/865 867/867/867 868/868/868 866/866/866
f 867/867/867 869/869/869 870/870/870 868/868/868
f 869/869/869 871/871/871 872/872/872 870/870/870
f 871/871/871 873/873/873 874/874/874 872/872/872
f 873/873/873 875/875/875 876/876/876 874/874/874
f 875/875/875 877/877/877 878/878/878 876/876/876
f 877/877/877 879/879/879 880/880/880 878/878/878
f 879/879/879 881/881/881 882/882/882 880/880/880
f 881/881/881 883/883/883 884/884/884 882/882/882
f 903/903/903 928/928/928 904/904/904
f 904/904/904 928/928/928 905/905/905
f 902/902/902 901/901/901 931/931/931
f 930/930/930 929/929/929 902/902/902
f 902/902/902 929/929/929 903/903/903
f 930/930/930 902/902/902 931/931/931
f 927/927/927 906/906/906 905/905/905
f 926/926/926 925/925/925 907/907/907
f 924/924/924 907/907/907 925/925/925
f 907/907/907 924/924/924 908/908/908
f 923/923/923 908/908/908 924/924/924
f 928/928/928 903/903/903 929/929/929
f 926/926/926 906/906/906 927/927/927
f 928/928/928 927/927/927 905/905/905
f 906/906/906 926/926/926 907/907/907
f 900/900/900 899/899/899 933/933/933
f 901/901/901 900/900/900 932/932/932
f 932/932/932 931/931/931 901/901/901
f 934/934/934 899/899/899 898/898/898
f 935/935/935 898/898/898 897/897/897
f 935/935/935 897/897/897 896/896/896
f 895/895/895 936/936/936 896/896/896
f 932/932/932 900/900/900 933/933/933
f 934/934/934 898/898/898 935/935/935
f 936/936/936 895/895/895 937/937/937
f 935/935/935 896/896/896 936/936/936
f 938/938/938 937/937/937 894/894/894
f 937/937/937 895/895/895 894/894/894
f 893/893/893 939/939/939 894/894/894
f 894/894/894 939/939/939 938/938/938
f 933/933/933 899/899/899 934/934/934
f 910/910/910 923/923/923 922/922/922
f 908/908/908 923/923/923 909/909/909
f 911/911/911 922/922/922 921/921/921
f 921/921/921 920/920/920 912/912/912
f 919/919/919 918/918/918 913/913/913
f 912/912/912 920/920/920 919/919/919
f 909/909/909 923/923/923 910/910/910
f 921/921/921 912/912/912 911/911/911
f 912/912/912 919/919/919 913/913/913
f 914/914/914 913/913/913 918/918/918
f 917/917/917 916/916/916 885/885/885
f 917/917/917 915/915/915 914/914/914
f 917/917/917 914/914/914 918/918/918
f 915/915/915 917/917/917 885/885/885
f 910/910/910 922/922/922 911/911/911
f 942/942/942 941/941/941 890/890/890
f 944/944/944 943/943/943 888/888/888
f 943/943/943 942/942/942 890/890/890
f 893/893/893 892/892/892 940/940/940
f 892/892/892 891/891/891 940/940/940
f 940/940/940 891/891/891 941/941/941
f 939/939/939 893/893/893 940/940/940
f 888/888/888 945/945/945 944/944/944
f 945/945/945 888/888/888 887/887/887
f 887/887/887 886/886/886 945/945/945
f 946/946/946 886/886/886 885/885/885
f 885/885/885 916/916/916 946/946/946
f 891/891/891 890/890/890 941/941/941
f 889/889/889 943/943/943 890/890/890
f 888/888/888 943/943/943 889/889/889
f 886/886/886 946/946/946 945/945/945
f 965/965/965 966/966/966 990/990/990
f 966/966/966 967/967/967 990/990/990
f 964/964/964 993/993/993 963/963/963
f 992/992/992 964/964/964 991/991/991
f 964/964/964 965/965/965 991/991/991
f 992/992/992 993/993/993 964/964/964
f 989/989/989 967/967/967 968/968/968
f 988/988/988 969/969/969 987/987/987
f 986/986/986 987/987/987 969/969/969
f 969/969/969 970/970/970 986/986/986
f 985/985/985 986/986/986 970/970/970
f 990/990/990 991/991/991 965/965/965
f 988/988/988 989/989/989 968/968/968
f 990/990/990 967/967/967 989/989/989
f 968/968/968 969/969/969 988/988/988
f 962/962/962 995/995/995 961/961/961
f 963/963/963 994/994/994 962/962/962
f 994/994/994 963/963/963 993/993/993
f 996/996/996 960/960/960 961/961/961
f 997/997/997 959/959/959 960/960/960
f 997/997/997 958/958/958 959/959/959
f 957/957/957 958/958/958 998/998/998
f 994/994/994 995/995/995 962/962/962
f 996/996/996 997/997/997 960/960/960
f 998/998/998 999/999/999 957/957/957
f 997/997/997 998/998/998 958/958/958
f 1000/1000/1000 956/956/956 999/999/999
f 999/999/999 956/956/956 957/957/957
f 955/955/955 956/956/956 1001/1001/1001
f 956/956/956 1000/1000/1000 1001/1001/1001
f 995/995/995 996/996/996 961/961/961
f 972/972/972 984/984/984 985/985/985
f 970/970/970 971/971/971 985/985/985
f 973/973/973 983/983/983 984/984/984
f 983/983/983 974/974/974 982/982/982
f 981/981/981 975/975/975 980/980/980
f 974/974/974 981/981/981 982/982/982
f 971/971/971 972/972/972 985/985/985
f 983/983/983 973/973/973 974/974/974
f 974/974/974 975/975/975 981/981/981
f 976/976/976 980/980/980 975/975/975
f 979/979/979 947/947/947 978/978/978
f 979/979/979 976/976/976 977/977/977
f 979/979/979 980/980/980 976/976/976
f 977/977/977 947/947/947 979/979/979
f 972/972/972 973/973/973 984/984/984
f 1004/1004/1004 952/952/952 1003/1003/1003
f 1006/1006/1006 950/950/950 1005/1005/1005
f 1005/1005/1005 952/952/952 1004/1004/1004
f 955/955/955 1002/1002/1002 954/954/954
f 954/954/954 1002/1002/1002 953/953/953
f 1002/1002/1002 1003/1003/1003 953/953/953
f 1001/1001/1001 1002/1002/1002 955/955/955
f 950/950/950 1006/1006/1006 1007/1007/1007
f 1007/1007/1007 949/949/949 950/950/950
f 949/949/949 1007/1007/1007 948/948/948
f 1008/1008/1008 947/947/947 948/948/948
f 947/947/947 1008/1008/1008 978/978/978
f 953/953/953 1003/1003/1003 952/952/952
f 951/951/951 952/952/952 1005/1005/1005
f 950/950/950 951/951/951 1005/1005/1005
f 948/948/948 1007/1007/1007 1008/1008/1008
usemtl Default
v -270.68594360351562 211 80
v -270.68594360351562 219.18182373046875 80
v -270.83566284179688 211 78.527694702148438
v -270.83566284179688 219.18182373046875 78.527694702148438
v -271.2786865234375 211 77.11566162109375
v -271.2786865234375 219.18182373046875 77.11566162109375
v -271.99688720703125 211 75.82171630859375
v -271.99688720703125 219.18182373046875 75.82171630859375
v -272.96087646484375 211 74.698829650878906
v -272.96087646484375 219.18182373046875 74.698829650878906
v -274.13113403320312 211 73.792976379394531
v -274.13113403320312 219.18182373046875 73.792976379394531
v -275.45977783203125 211 73.1412353515625
v -275.45977783203125 219.18182373046875 73.1412353515625
v -276.8924560546875 211 72.770294189453125
v -276.8924560546875 219.18182373046875 72.770294189453125
v -278.37045288085938 211 72.695335388183594
v -278.37045288085938 219.18182373046875 72.695335388183594
v -279.83328247070312 211 72.91943359375
v -279.83328247070312 219.18182373046875 72.91943359375
v -281.2210693359375 211 73.43341064453125
v -281.2210693359375 219.18182373046875 73.43341064453125
v -282.47695922851562 211 74.216224670410156
v -282.47695922851562 219.18182373046875 74.216224670410156
v -283.54959106445312 211 75.235832214355469
v -283.54959106445312 219.18182373046875 75.235832214355469
v -284.39501953125 211 76.450477600097656
v -284.39501953125 219.18182373046875 76.450477600097656
v -284.97860717773438 211 77.810440063476562
v -284.97860717773438 219.18182373046875 77.810440063476562
v -285.27651977539062 211 79.260047912597656
v -285.27651977539062 219.18182373046875 79.260047912597656
v -285.27651977539062 211 80.739952087402344
v -285.27651977539062 219.18182373046875 80.739952087402344
v -284.97860717773438 211 82.189559936523438
v -284.97860717773438 219.18182373046875 82.189559936523438
v -284.39501953125 211 83.549522399902344
v -284.39501953125 219.18182373046875 83.549522399902344
v -283.54959106445312 211 84.764167785644531
v -283.54959106445312 219.18182373046875 84.764167785644531
v -282.47695922851562 211 85.783775329589844
v -282.47695922851562 219.18182373046875 85.783775329589844
v -281.2210693359375 211 86.56658935546875
v -281.2210693359375 219.18182373046875 86.56658935546875
v -279.83328247070312 211 87.08056640625
v -279.83328247070312 219.18182373046875 87.08056640625
v -278.37045288085938 211 87.304664611816406
v -278.37045288085938 219.18182373046875 87.304664611816406
v -276.8924560546875 211 87.229705810546875
v -276.8924560546875 219.18182373046875 87.229705810546875
v -275.45977783203125 211 86.8587646484375
v -275.45977783203125 219.18182373046875 86.8587646484375
v -274.13113403320312 211 86.207023620605469
v -274.13113403320312 219.18182373046875 86.207023620605469
v -272.96087646484375 211 85.301170349121094
v -272.96087646484375 219.18182373046875 85.301170349121094
v -271.99688720703125 211 84.17828369140625
v -271.99688720703125 219.18182373046875 84.17828369140625
v -271.2786865234375 211 82.88433837890625
v -271.2786865234375 219.18182373046875 82.88433837890625
v -270.83566284179688 211 81.472305297851562
v -270.83566284179688 219.18182373046875 81.472305297851562
v -270.68594360351562 211 80
v -270.68594360351562 219.18182373046875 80
v -270.68594360351562 211 80
v -270.83566284179688 211 78.527694702148438
v -271.2786865234375 211 77.11566162109375
v -271.99688720703125 211 75.82171630859375
v -272.96087646484375 211 74.698829650878906
v -274.13113403320312 211 73.792976379394531
v -275.45977783203125 211 73.1412353515625
v -276.8924560546875 211 72.770294189453125
v -278.37045288085938 211 72.695335388183594
v -279.83328247070312 211 72.91943359375
v -281.2210693359375 211 73.43341064453125
v -282.47695922851562 211 74.216224670410156
v -283.54959106445312 211 75.235832214355469
v -284.39501953125 211 76.450477600097656
v -284.97860717773438 211 77.810440063476562
v -285.27651977539062 211 79.260047912597656
v -285.27651977539062 211 80.739952087402344
v -284.97860717773438 211 82.189559936523438
v -284.39501953125 211 83.549522399902344
v -283.54959106445312 211 84.764167785644531
v -282.47695922851562 211 85.783775329589844
v -281.2210693359375 211 86.56658935546875
v -279.83328247070312 211 87.08056640625
v -278.37045288085938 211 87.304664611816406
v -276.8924560546875 211 87.229705810546875
v -275.45977783203125 211 86.8587646484375
v -274.13113403320312 211 86.207023620605469
v -272.96087646484375 211 85.301170349121094
v -271.99688720703125 211 84.17828369140625
v -271.2786865234375 211 82.88433837890625
v -270.83566284179688 211 81.472305297851562
v -270.68594360351562 219.18182373046875 80
v -270.83566284179688 219.18182373046875 78.527694702148438
v -271.2786865234375 219.18182373046875 77.11566162109375
v -271.99688720703125 219.18182373046875 75.82171630859375
v -272.96087646484375 219.18182373046875 74.698829650878906
v -274.13113403320312 219.18182373046875 73.792976379394531
v -275.45977783203125 219.18182373046875 73.1412353515625
v -276.8924560546875 219.18182373046875 72.770294189453125
v -278.37045288085938 219.18182373046875 72.695335388183594
v -279.83328247070312 219.18182373046875 72.91943359375
v -281.2210693359375 219.18182373046875 73.43341064453125
v -282.47695922851562 219.18182373046875 74.216224670410156
v -283.54959106445312 219.18182373046875 75.235832214355469
v -284.39501953125 219.18182373046875 76.450477600097656
v -284.97860717773438 219.18182373046875 77.810440063476562
v -285.27651977539062 219.18182373046875 79.260047912597656
v -285.27651977539062 219.18182373046875 80.739952087402344
v -284.97860717773438 219.18182373046875 82.189559936523438
v -284.39501953125 219.18182373046875 83.549522399902344
v -283.54959106445312 219.18182373046875 84.764167785644531
v -282.47695922851562 219.18182373046875 85.783775329589844
v -281.2210693359375 219.18182373046875 86.56658935546875
v -279.83328247070312 219.18182373046875 87.08056640625
v -278.37045288085938 219.18182373046875 87.304664611816406
v -276.8924560546875 219.18182373046875 87.229705810546875
v -275.45977783203125 219.18182373046875 86.8587646484375
v -274.13113403320312 219.18182373046875 86.207023620605469
v -272.96087646484375 219.18182373046875 85.301170349121094
v -271.99688720703125 219.18182373046875 84.17828369140625
v -271.2786865234375 219.18182373046875 82.88433837890625
v -270.83566284179688 219.18182373046875 81.472305297851562
vt 0 0
vt 0 0.60949063301086426
vt 0.032258063554763794 0
vt 0.032258063554763794 0.60949063301086426
vt 0.064516127109527588 0
vt 0.064516127109527588 0.60949063301086426
vt 0.096774190664291382 0
vt 0.096774190664291382 0.60949063301086426
vt 0.12903225421905518 0
vt 0.12903225421905518 0.60949063301086426
vt 0.16129031777381897 0
vt 0.16129031777381897 0.60949063301086426
vt 0.19354838132858276 0
vt 0.19354838132858276 0.60949063301086426
vt 0.22580644488334656 0
vt 0.22580644488334656 0.60949063301086426
vt 0.25806450843811035 0
vt 0.25806450843811035 0.60949063301086426
vt 0.29032257199287415 0
vt 0.29032257199287415 0.60949063301086426
vt 0.32258063554763794 0
vt 0.32258063554763794 0.60949063301086426
vt 0.35483869910240173 0
vt 0.35483869910240173 0.60949063301086426
vt 0.38709676265716553 0
vt 0.38709676265716553 0.60949063301086426
vt 0.41935482621192932 0
vt 0.41935482621192932 0.60949063301086426
vt 0.45161288976669312 0
vt 0.45161288976669312 0.60949063301086426
vt 0.48387095332145691 0
vt 0.48387095332145691 0.60949063301086426
vt 0.5161290168762207 0
vt 0.5161290168762207 0.60949063301086426
vt 0.54838711023330688 0
vt 0.54838711023330688 0.60949063301086426
vt 0.58064514398574829 0
vt 0.58064514398574829 0.60949063301086426
vt 0.61290323734283447 0
vt 0.61290323734283447 0.60949063301086426
vt 0.64516127109527588 0
vt 0.64516127109527588 0.60949063301086426
vt 0.67741936445236206 0
vt 0.67741936445236206 0.60949063301086426
vt 0.70967739820480347 0
vt 0.70967739820480347 0.60949063301086426
vt 0.74193549156188965 0
vt 0.74193549156188965 0.60949063301086426
vt 0.77419352531433105 0
vt 0.77419352531433105 0.60949063301086426
vt 0.80645161867141724 0
vt 0.80645161867141724 0.60949063301086426
vt 0.83870965242385864 0
vt 0.83870965242385864 0.60949063301086426
vt 0.87096774578094482 0
vt 0.87096774578094482 0.60949063301086426
vt 0.90322577953338623 0
vt 0.90322577953338623 0.60949063301086426
vt 0.93548387289047241 0
vt 0.93548387289047241 0.60949063301086426
vt 0.96774190664291382 0
vt 0.96774190664291382 0.60949063301086426
vt 1 0
vt 1 0.60949063301086426
vt 0.15922306478023529 0.60949122905731201
vt 0.12713050842285156 0.61349838972091675
vt 0.096351824700832367 0.62535578012466431
vt 0.068147093057632446 0.64457798004150391
vt 0.043671026825904846 0.67037802934646606
vt 0.023925673216581345 0.70169961452484131
vt 0.0097194099798798561 0.73726052045822144
vt 0.0016338441055268049 0.77560484409332275
vt 0 0.81516271829605103
vt 0.0048847668804228306 0.85431468486785889
vt 0.016088161617517471 0.89145785570144653
vt 0.033151518553495407 0.9250715970993042
vt 0.055376257747411728 0.95377969741821289
vt 0.081852495670318604 0.97640687227249146
vt 0.11149629950523376 0.99202680587768555
vt 0.14309403300285339 1
vt 0.17535209655761719 1
vt 0.20694984495639801 0.99202680587768555
vt 0.23659364879131317 0.97640687227249146
vt 0.26306986808776855 0.95377969741821289
vt 0.28529462218284607 0.9250715970993042
vt 0.30235797166824341 0.89145785570144653
vt 0.31356137990951538 0.85431468486785889
vt 0.31844612956047058 0.81516271829605103
vt 0.31681230664253235 0.77560484409332275
vt 0.3087267279624939 0.73726052045822144
vt 0.29452046751976013 0.70169961452484131
vt 0.27477511763572693 0.67037802934646606
vt 0.25029903650283813 0.64457798004150391
vt 0.22209431231021881 0.62535578012466431
vt 0.19131562113761902 0.61349838972091675
vt 0.15922306478023529 1
vt 0.12713050842285156 0.99599283933639526
vt 0.096351824700832367 0.98413544893264771
vt 0.068147093057632446 0.96491324901580811
vt 0.043671026825904846 0.93911325931549072
vt 0.023925673216581345 0.9077916145324707
vt 0.0097194099798798561 0.87223070859909058
vt 0.0016338441055268049 0.83388644456863403
vt 0 0.79432851076126099
vt 0.0048847668804228306 0.75517654418945312
vt 0.016088161617517471 0.71803343296051025
vt 0.033151518553495407 0.68441969156265259
vt 0.055376257747411728 0.6557115912437439
vt 0.081852495670318604 0.63308435678482056
vt 0.11149629950523376 0.61746442317962646
vt 0.14309403300285339 0.60949122905731201
vt 0.17535209655761719 0.60949122905731201
vt 0.20694984495639801 0.61746442317962646
vt 0.23659364879131317 0.63308435678482056
vt 0.26306986808776855 0.6557115912437439
vt 0.28529462218284607 0.68441969156265259
vt 0.30235797166824341 0.71803343296051025
vt 0.31356137990951538 0.75517654418945312
vt 0.31844612956047058 0.79432851076126099
vt 0.31681230664253235 0.83388644456863403
vt 0.3087267279624939 0.87223070859909058
vt 0.29452046751976013 0.9077916145324707
vt 0.27477511763572693 0.93911325931549072
vt 0.25029903650283813 0.96491324901580811
vt 0.22209431231021881 0.98413544893264771
vt 0.19131562113761902 0.99599283933639526
vn 1 0 0
vn 1 0 0
vn 0.97952991724014282 0 -0.20129851996898651
vn 0.97952991724014282 0 -0.20129851996898651
vn 0.91895782947540283 0 -0.39435586333274841
vn 0.91895782947540283 0 -0.39435586333274841
vn 0.82076346874237061 0 -0.57126820087432861
vn 0.82076346874237061 0 -0.57126820087432861
vn 0.68896692991256714 0 -0.72479277849197388
vn 0.68896692991256714 0 -0.72479277849197388
vn 0.52896398305892944 0 -0.84864425659179688
vn 0.52896398305892944 0 -0.84864425659179688
vn 0.34730523824691772 0 -0.9377521276473999
vn 0.34730523824691772 0 -0.9377521276473999
vn 0.15142777562141418 0 -0.98846834897994995
vn 0.15142777562141418 0 -0.98846834897994995
vn -0.050649169832468033 0 -0.99871653318405151
vn -0.050649169832468033 0 -0.99871653318405151
vn -0.25065252184867859 0 -0.96807712316513062
vn -0.25065252184867859 0 -0.96807712316513062
vn -0.44039416313171387 0 -0.89780455827713013
vn -0.44039416313171387 0 -0.89780455827713013
vn -0.61210596561431885 0 -0.79077571630477905
vn -0.61210596561431885 0 -0.79077571630477905
vn -0.75875812768936157 0 -0.65137249231338501
vn -0.75875812768936157 0 -0.65137249231338501
vn -0.87434661388397217 0 -0.48530197143554688
vn -0.87434661388397217 0 -0.48530197143554688
vn -0.95413923263549805 0 -0.29936313629150391
vn -0.95413923263549805 0 -0.29936313629150391
vn -0.99486935138702393 0 -0.10116831958293915
vn -0.99486935138702393 0 -0.10116831958293915
vn -0.99486935138702393 0 0.10116831958293915
vn -0.99486935138702393 0 0.10116831958293915
vn -0.95413923263549805 0 0.29936313629150391
vn -0.95413923263549805 0 0.29936313629150391
vn -0.87434661388397217 0 0.48530197143554688
vn -0.87434661388397217 0 0.48530197143554688
vn -0.75875812768936157 0 0.65137249231338501
vn -0.75875812768936157 0 0.65137249231338501
vn -0.61210596561431885 0 0.79077571630477905
vn -0.61210596561431885 0 0.79077571630477905
vn -0.44039416313171387 0 0.89780455827713013
vn -0.44039416313171387 0 0.89780455827713013
vn -0.25065252184867859 0 0.96807712316513062
vn -0.25065252184867859 0 0.96807712316513062
vn -0.050649169832468033 0 0.99871653318405151
vn -0.050649169832468033 0 0.99871653318405151
vn 0.15142777562141418 0 0.98846834897994995
vn 0.15142777562141418 0 0.98846834897994995
vn 0.34730523824691772 0 0.9377521276473999
vn 0.34730523824691772 0 0.9377521276473999
vn 0.52896398305892944 0 0.84864425659179688
vn 0.52896398305892944 0 0.84864425659179688
vn 0.68896692991256714 0 0.72479277849197388
vn 0.68896692991256714 0 0.72479277849197388
vn 0.82076346874237061 0 0.57126820087432861
vn 0.82076346874237061 0 0.57126820087432861
vn 0.91895782947540283 0 0.39435586333274841
vn 0.91895782947540283 0 0.39435586333274841
vn 0.97952991724014282 0 0.20129851996898651
vn 0.97952991724014282 0 0.20129851996898651
vn 1 0 0
vn 1 0 0
vn 0 -1 0
vn 0 -1 0
vn 0 -1 0
vn 0 -1 0
vn 0 -1 0
vn 0 -1 0
vn 0 -1 0
vn 0 -1 0
vn 0 -1 0
vn 0 -1 0
vn 0 -1 0
vn 0 -1 0
vn 0 -1 0
vn 0 -1 0
vn 0 -1 0
vn 0 -1 0
vn 0 -1 0
vn 0 -1 0
vn 0 -1 0
vn 0 -1 0
vn 0 -1 0
vn 0 -1 0
vn 0 -1 0
vn 0 -1 0
vn 0 -1 0
vn 0 -1 0
vn 0 -1 0
vn 0 -1 0
vn 0 -1 0
vn 0 -1 0
vn 0 -1 0
vn 0 1 0
vn 0 1 0
vn 0 1 0
vn 0 1 0
vn 0 1 0
vn 0 1 0
vn 0 1 0
vn 0 1 0
vn 0 1 0
vn 0 1 0
vn 0 1 0
vn 0 1 0
vn 0 1 0
vn 0 1 0
vn 0 1 0
vn 0 1 0
vn 0 1 0
vn 0 1 0
vn 0 1 0
vn 0 1 0
vn 0 1 0
vn 0 1 0
vn 0 1 0
vn 0 1 0
vn 0 1 0
vn 0 1 0
vn 0 1 0
vn 0 1 0
vn 0 1 0
vn 0 1 0
vn 0 1 0
f 1009/1009/1009 1011/1011/1011 1012/1012/1012 1010/1010/1010
f 1011/1011/1011 1013/1013/1013 1014/1014/1014 1012/1012/1012
f 1013/1013/1013 1015/1015/1015 1016/1016/1016 1014/1014/1014
f 1015/1015/1015 1017/1017/1017 1018/1018/1018 1016/1016/1016
f 1017/1017/1017 1019/1019/1019 1020/1020/1020 1018/1018/1018
f 1019/1019/1019 1021/1021/1021 1022/1022/1022 1020/1020/1020
f 1021/1021/1021 1023/1023/1023 1024/1024/1024 1022/1022/1022
f 1023/1023/1023 1025/1025/1025 1026/1026/1026 1024/1024/1024
f 1025/1025/1025 1027/1027/1027 1028/1028/1028 1026/1026/1026
f 1027/1027/1027 1029/1029/1029 1030/1030/1030 1028/1028/1028
f 1029/1029/1029 1031/1031/1031 1032/1032/1032 1030/1030/1030
f 1031/1031/1031 1033/1033/1033 1034/1034/1034 1032/1032/1032
f 1033/1033/1033 1035/1035/1035 1036/1036/1036 1034/1034/1034
f 1035/1035/1035 1037/1037/1037 1038/1038/1038 1036/1036/1036
f 1037/1037/1037 1039/1039/1039 1040/1040/1040 1038/1038/1038
f 1039/1039/1039 1041/1041/1041 1042/1042/1042 1040/1040/1040
f 1041/1041/1041 1043/1043/1043 1044/1044/1044 1042/1042/1042
f 1043/1043/1043 1045/1045/1045 1046/1046/1046 1044/1044/1044
f 1045/1045/1045 1047/1047/1047 1048/1048/1048 1046/1046/1046
f 1047/1047/1047 1049/1049/1049 1050/1050/1050 1048/1048/1048
f 1049/1049/1049 1051/1051/1051 1052/1052/1052 1050/1050/1050
f 1051/1051/1051 1053/1053/1053 1054/1054/1054 1052/1052/1052
f 1053/1053/1053 1055/1055/1055 1056/1056/1056 1054/1054/1054
f 1055/1055/1055 1057/1057/1057 1058/1058/1058 1056/1056/1056
f 1057/1057/1057 1059/1059/1059 1060/1060/1060 1058/1058/1058
f 1059/1059/1059 1061/1061/1061 1062/1062/1062 1060/1060/1060
f 1061/1061/1061 1063/1063/1063 1064/1064/1064 1062/1062/1062
f 1063/1063/1063 1065/1065/1065 1066/1066/1066 1064/1064/1064
f 1065/1065/1065 1067/1067/1067 1068/1068/1068 1066/1066/1066
f 1067/1067/1067 1069/1069/1069 1070/1070/1070 1068/1068/1068
f 1069/1069/1069 1071/1071/1071 1072/1072/1072 1070/1070/1070
f 1090/1090/1090 1087/1087/1087 1091/1091/1091
f 1092/1092/1092 1091/1091/1091 1093/1093/1093
f 1094/1094/1094 1096/1096/1096 1095/1095/1095
f 1091/1091/1091 1096/1096/1096 1094/1094/1094
f 1094/1094/1094 1093/1093/1093 1091/1091/1091
f 1096/1096/1096 1091/1091/1091 1083/1083/1083
f 1087/1087/1087 1089/1089/1089 1088/1088/1088
f 1087/1087/1087 1086/1086/1086 1084/1084/1084
f 1087/1087/1087 1090/1090/1090 1089/1089/1089
f 1084/1084/1084 1086/1086/1086 1085/1085/1085
f 1087/1087/1087 1084/1084/1084 1083/1083/1083
f 1083/1083/1083 1091/1091/1091 1087/1087/1087
f 1082/1082/1082 1081/1081/1081 1083/1083/1083
f 1081/1081/1081 1096/1096/1096 1083/1083/1083
f 1098/1098/1098 1096/1096/1096 1099/1099/1099
f 1099/1099/1099 1096/1096/1096 1100/1100/1100
f 1100/1100/1100 1096/1096/1096 1102/1102/1102
f 1102/1102/1102 1096/1096/1096 1074/1074/1074
f 1074/1074/1074 1103/1103/1103 1102/1102/1102
f 1101/1101/1101 1100/1100/1100 1102/1102/1102
f 1103/1103/1103 1074/1074/1074 1073/1073/1073
f 1081/1081/1081 1079/1079/1079 1078/1078/1078
f 1079/1079/1079 1081/1081/1081 1080/1080/1080
f 1078/1078/1078 1096/1096/1096 1081/1081/1081
f 1078/1078/1078 1076/1076/1076 1075/1075/1075
f 1076/1076/1076 1078/1078/1078 1077/1077/1077
f 1075/1075/1075 1074/1074/1074 1078/1078/1078
f 1096/1096/1096 1078/1078/1078 1074/1074/1074
f 1097/1097/1097 1096/1096/1096 1098/1098/1098
f 1121/1121/1121 1122/1122/1122 1118/1118/1118
f 1123/1123/1123 1124/1124/1124 1122/1122/1122
f 1125/1125/1125 1126/1126/1126 1127/1127/1127
f 1122/1122/1122 1125/1125/1125 1127/1127/1127
f 1125/1125/1125 1122/1122/1122 1124/1124/1124
f 1127/1127/1127 1114/1114/1114 1122/1122/1122
f 1118/1118/1118 1119/1119/1119 1120/1120/1120
f 1118/1118/1118 1115/1115/1115 1117/1117/1117
f 1118/1118/1118 1120/1120/1120 1121/1121/1121
f 1115/1115/1115 1116/1116/1116 1117/1117/1117
f 1118/1118/1118 1114/1114/1114 1115/1115/1115
f 1114/1114/1114 1118/1118/1118 1122/1122/1122
f 1113/1113/1113 1114/1114/1114 1112/1112/1112
f 1112/1112/1112 1114/1114/1114 1127/1127/1127
f 1129/1129/1129 1130/1130/1130 1127/1127/1127
f 1130/1130/1130 1131/1131/1131 1127/1127/1127
f 1131/1131/1131 1133/1133/1133 1127/1127/1127
f 1133/1133/1133 1105/1105/1105 1127/1127/1127
f 1105/1105/1105 1133/1133/1133 1134/1134/1134
f 1132/1132/1132 1133/1133/1133 1131/1131/1131
f 1134/1134/1134 1104/1104/1104 1105/1105/1105
f 1112/1112/1112 1109/1109/1109 1110/1110/1110
f 1110/1110/1110 1111/1111/1111 1112/1112/1112
f 1109/1109/1109 1112/1112/1112 1127/1127/1127
f 1109/1109/1109 1106/1106/1106 1107/1107/1107
f 1107/1107/1107 1108/1108/1108 1109/1109/1109
f 1106/1106/1106 1109/1109/1109 1105/1105/1105
f 1127/1127/1127 1105/1105/1105 1109/1109/1109
f 1128/1128/1128 1129/1129/1129 1127/1127/1127
usemtl Default
v -265.20040893554688 219.10389709472656 80
v -265.20040893554688 223 80
v -265.46243286132812 219.10389709472656 77.4234619140625
v -265.46243286132812 223 77.4234619140625
v -266.23773193359375 219.10389709472656 74.952407836914062
v -266.23773193359375 223 74.952407836914062
v -267.49456787109375 219.10389709472656 72.688003540039062
v -267.49456787109375 223 72.688003540039062
v -269.1815185546875 219.10389709472656 70.722953796386719
v -269.1815185546875 223 70.722953796386719
v -271.2294921875 219.10389709472656 69.137702941894531
v -271.2294921875 223 69.137702941894531
v -273.55462646484375 219.10389709472656 67.997161865234375
v -273.55462646484375 223 67.997161865234375
v -276.06179809570312 219.10389709472656 67.348014831542969
v -276.06179809570312 223 67.348014831542969
v -278.64828491210938 219.10389709472656 67.216842651367188
v -278.64828491210938 223 67.216842651367188
v -281.208251953125 219.10389709472656 67.609016418457031
v -281.208251953125 223 67.609016418457031
v -283.63687133789062 219.10389709472656 68.508476257324219
v -283.63687133789062 223 68.508476257324219
v -285.834716796875 219.10389709472656 69.878395080566406
v -285.834716796875 223 69.878395080566406
v -287.7117919921875 219.10389709472656 71.662704467773438
v -287.7117919921875 223 71.662704467773438
v -289.1912841796875 219.10389709472656 73.788337707519531
v -289.1912841796875 223 73.788337707519531
v -290.21258544921875 219.10389709472656 76.16827392578125
v -290.21258544921875 223 76.16827392578125
v -290.73391723632812 219.10389709472656 78.705085754394531
v -290.73391723632812 223 78.705085754394531
v -290.73391723632812 219.10389709472656 81.294914245605469
v -290.73391723632812 223 81.294914245605469
v -290.21258544921875 219.10389709472656 83.83172607421875
v -290.21258544921875 223 83.83172607421875
v -289.1912841796875 219.10389709472656 86.211662292480469
v -289.1912841796875 223 86.211662292480469
v -287.7117919921875 219.10389709472656 88.337295532226562
v -287.7117919921875 223 88.337295532226562
v -285.834716796875 219.10389709472656 90.121604919433594
v -285.834716796875 223 90.121604919433594
v -283.63687133789062 219.10389709472656 91.491523742675781
v -283.63687133789062 223 91.491523742675781
v -281.208251953125 219.10389709472656 92.390983581542969
v -281.208251953125 223 92.390983581542969
v -278.64828491210938 219.10389709472656 92.783157348632812
v -278.64828491210938 223 92.783157348632812
v -276.06179809570312 219.10389709472656 92.651985168457031
v -276.06179809570312 223 92.651985168457031
v -273.55462646484375 219.10389709472656 92.002838134765625
v -273.55462646484375 223 92.002838134765625
v -271.2294921875 219.10389709472656 90.862297058105469
v -271.2294921875 223 90.862297058105469
v -269.1815185546875 219.10389709472656 89.277046203613281
v -269.1815185546875 223 89.277046203613281
v -267.49456787109375 219.10389709472656 87.311996459960938
v -267.49456787109375 223 87.311996459960938
v -266.23773193359375 219.10389709472656 85.047592163085938
v -266.23773193359375 223 85.047592163085938
v -265.46243286132812 219.10389709472656 82.5765380859375
v -265.46243286132812 223 82.5765380859375
v -265.20040893554688 219.10389709472656 80
v -265.20040893554688 223 80
v -265.20040893554688 219.10389709472656 80
v -265.46243286132812 219.10389709472656 77.4234619140625
v -266.23773193359375 219.10389709472656 74.952407836914062
v -267.49456787109375 219.10389709472656 72.688003540039062
v -269.1815185546875 219.10389709472656 70.722953796386719
v -271.2294921875 219.10389709472656 69.137702941894531
v -273.55462646484375 219.10389709472656 67.997161865234375
v -276.06179809570312 219.10389709472656 67.348014831542969
v -278.64828491210938 219.10389709472656 67.216842651367188
v -281.208251953125 219.10389709472656 67.609016418457031
v -283.63687133789062 219.10389709472656 68.508476257324219
v -285.834716796875 219.10389709472656 69.878395080566406
v -287.7117919921875 219.10389709472656 71.662704467773438
v -289.1912841796875 219.10389709472656 73.788337707519531
v -290.21258544921875 219.10389709472656 76.16827392578125
v -290.73391723632812 219.10389709472656 78.705085754394531
v -290.73391723632812 219.10389709472656 81.294914245605469
v -290.21258544921875 219.10389709472656 83.83172607421875
v -289.1912841796875 219.10389709472656 86.211662292480469
v -287.7117919921875 219.10389709472656 88.337295532226562
v -285.834716796875 219.10389709472656 90.121604919433594
v -283.63687133789062 219.10389709472656 91.491523742675781
v -281.208251953125 219.10389709472656 92.390983581542969
v -278.64828491210938 219.10389709472656 92.783157348632812
v -276.06179809570312 219.10389709472656 92.651985168457031
v -273.55462646484375 219.10389709472656 92.002838134765625
v -271.2294921875 219.10389709472656 90.862297058105469
v -269.1815185546875 219.10389709472656 89.277046203613281
v -267.49456787109375 219.10389709472656 87.311996459960938
v -266.23773193359375 219.10389709472656 85.047592163085938
v -265.46243286132812 219.10389709472656 82.5765380859375
v -265.20040893554688 223 80
v -265.46243286132812 223 77.4234619140625
v -266.23773193359375 223 74.952407836914062
v -267.49456787109375 223 72.688003540039062
v -269.1815185546875 223 70.722953796386719
v -271.2294921875 223 69.137702941894531
v -273.55462646484375 223 67.997161865234375
v -276.06179809570312 223 67.348014831542969
v -278.64828491210938 223 67.216842651367188
v -281.208251953125 223 67.609016418457031
v -283.63687133789062 223 68.508476257324219
v -285.834716796875 223 69.878395080566406
v -287.7117919921875 223 71.662704467773438
v -289.1912841796875 223 73.788337707519531
v -290.21258544921875 223 76.16827392578125
v -290.73391723632812 223 78.705085754394531
v -290.73391723632812 223 81.294914245605469
v -290.21258544921875 223 83.83172607421875
v -289.1912841796875 223 86.211662292480469
v -287.7117919921875 223 88.337295532226562
v -285.834716796875 223 90.121604919433594
v -283.63687133789062 223 91.491523742675781
v -281.208251953125 223 92.390983581542969
v -278.64828491210938 223 92.783157348632812
v -276.06179809570312 223 92.651985168457031
v -273.55462646484375 223 92.002838134765625
v -271.2294921875 223 90.862297058105469
v -269.1815185546875 223 89.277046203613281
v -267.49456787109375 223 87.311996459960938
v -266.23773193359375 223 85.047592163085938
v -265.46243286132812 223 82.5765380859375
vt 0 0
vt 0 0.53544259071350098
vt 0.032258063554763794 0
vt 0.032258063554763794 0.53544259071350098
vt 0.064516127109527588 0
vt 0.064516127109527588 0.53544259071350098
vt 0.096774190664291382 0
vt 0.096774190664291382 0.53544259071350098
vt 0.12903225421905518 0
vt 0.12903225421905518 0.53544259071350098
vt 0.16129031777381897 0
vt 0.16129031777381897 0.53544259071350098
vt 0.19354838132858276 0
vt 0.19354838132858276 0.53544259071350098
vt 0.22580644488334656 0
vt 0.22580644488334656 0.53544259071350098
vt 0.25806450843811035 0
vt 0.25806450843811035 0.53544259071350098
vt 0.29032257199287415 0
vt 0.29032257199287415 0.53544259071350098
vt 0.32258063554763794 0
vt 0.32258063554763794 0.53544259071350098
vt 0.35483869910240173 0
vt 0.35483869910240173 0.53544259071350098
vt 0.38709676265716553 0
vt 0.38709676265716553 0.53544259071350098
vt 0.41935482621192932 0
vt 0.41935482621192932 0.53544259071350098
vt 0.45161288976669312 0
vt 0.45161288976669312 0.53544259071350098
vt 0.48387095332145691 0
vt 0.48387095332145691 0.53544259071350098
vt 0.5161290168762207 0
vt 0.5161290168762207 0.53544259071350098
vt 0.54838711023330688 0
vt 0.54838711023330688 0.53544259071350098
vt 0.58064514398574829 0
vt 0.58064514398574829 0.53544259071350098
vt 0.61290323734283447 0
vt 0.61290323734283447 0.53544259071350098
vt 0.64516127109527588 0
vt 0.64516127109527588 0.53544259071350098
vt 0.67741936445236206 0
vt 0.67741936445236206 0.53544259071350098
vt 0.70967739820480347 0
vt 0.70967739820480347 0.53544259071350098
vt 0.74193549156188965 0
vt 0.74193549156188965 0.53544259071350098
vt 0.77419352531433105 0
vt 0.77419352531433105 0.53544259071350098
vt 0.80645161867141724 0
vt 0.80645161867141724 0.53544259071350098
vt 0.83870965242385864 0
vt 0.83870965242385864 0.53544259071350098
vt 0.87096774578094482 0
vt 0.87096774578094482 0.53544259071350098
vt 0.90322577953338623 0
vt 0.90322577953338623 0.53544259071350098
vt 0.93548387289047241 0
vt 0.93548387289047241 0.53544259071350098
vt 0.96774190664291382 0
vt 0.96774190664291382 0.53544259071350098
vt 1 0
vt 1 0.53544259071350098
vt 0.15922306478023529 0.53544312715530396
vt 0.12713050842285156 0.54021012783050537
vt 0.096351824700832367 0.55431592464447021
vt 0.068147093057632446 0.57718300819396973
vt 0.043671026825904846 0.60787522792816162
vt 0.023925673216581345 0.64513605833053589
vt 0.0097194099798798561 0.68743997812271118
vt 0.0016338441055268049 0.73305511474609375
vt 0 0.78011393547058105
vt 0.0048847668804228306 0.82668989896774292
vt 0.016088161617517471 0.87087613344192505
vt 0.033151518553495407 0.91086369752883911
vt 0.055376257747411728 0.94501543045043945
vt 0.081852495670318604 0.97193318605422974
vt 0.11149629950523376 0.99051493406295776
vt 0.14309403300285339 1
vt 0.17535209655761719 1
vt 0.20694984495639801 0.99051493406295776
vt 0.23659364879131317 0.97193318605422974
vt 0.26306986808776855 0.94501543045043945
vt 0.28529462218284607 0.91086369752883911
vt 0.30235797166824341 0.87087613344192505
vt 0.31356137990951538 0.82668989896774292
vt 0.31844612956047058 0.78011393547058105
vt 0.31681230664253235 0.73305511474609375
vt 0.3087267279624939 0.68743997812271118
vt 0.29452046751976013 0.64513605833053589
vt 0.27477511763572693 0.60787522792816162
vt 0.25029903650283813 0.57718300819396973
vt 0.22209431231021881 0.55431592464447021
vt 0.19131562113761902 0.54021012783050537
vt 0.15922306478023529 1
vt 0.12713050842285156 0.99523299932479858
vt 0.096351824700832367 0.98112726211547852
vt 0.068147093057632446 0.95826011896133423
vt 0.043671026825904846 0.92756789922714233
vt 0.023925673216581345 0.89030712842941284
vt 0.0097194099798798561 0.84800314903259277
vt 0.0016338441055268049 0.80238801240921021
vt 0 0.7553291916847229
vt 0.0048847668804228306 0.70875322818756104
vt 0.016088161617517471 0.66456699371337891
vt 0.033151518553495407 0.62457948923110962
vt 0.055376257747411728 0.59042775630950928
vt 0.081852495670318604 0.56351000070571899
vt 0.11149629950523376 0.54492819309234619
vt 0.14309403300285339 0.53544312715530396
vt 0.17535209655761719 0.53544312715530396
vt 0.20694984495639801 0.54492819309234619
vt 0.23659364879131317 0.56351000070571899
vt 0.26306986808776855 0.59042775630950928
vt 0.28529462218284607 0.62457948923110962
vt 0.30235797166824341 0.66456699371337891
vt 0.31356137990951538 0.70875322818756104
vt 0.31844612956047058 0.7553291916847229
vt 0.31681230664253235 0.80238801240921021
vt 0.3087267279624939 0.84800314903259277
vt 0.29452046751976013 0.89030712842941284
vt 0.27477511763572693 0.92756789922714233
vt 0.25029903650283813 0.95826011896133423
vt 0.22209431231021881 0.98112726211547852
vt 0.19131562113761902 0.99523299932479858
vn 1 0 0
vn 1 0 0
vn 0.97952991724014282 0 -0.20129851996898651
vn 0.97952991724014282 0 -0.20129851996898651
vn 0.91895782947540283 0 -0.39435586333274841
vn 0.91895782947540283 0 -0.39435586333274841
vn 0.82076346874237061 0 -0.57126820087432861
vn 0.82076346874237061 0 -0.57126820087432861
vn 0.68896692991256714 0 -0.72479277849197388
vn 0.68896692991256714 0 -0.72479277849197388
vn 0.52896398305892944 0 -0.84864425659179688
vn 0.52896398305892944 0 -0.84864425659179688
vn 0.34730523824691772 0 -0.9377521276473999
vn 0.34730523824691772 0 -0.9377521276473999
vn 0.15142777562141418 0 -0.98846834897994995
vn 0.15142777562141418 0 -0.98846834897994995
vn -0.050649169832468033 0 -0.99871653318405151
vn -0.050649169832468033 0 -0.99871653318405151
vn -0.25065252184867859 0 -0.96807712316513062
vn -0.25065252184867859 0 -0.96807712316513062
vn -0.44039416313171387 0 -0.89780455827713013
vn -0.44039416313171387 0 -0.89780455827713013
vn -0.61210596561431885 0 -0.79077571630477905
vn -0.61210596561431885 0 -0.79077571630477905
vn -0.75875812768936157 0 -0.65137249231338501
vn -0.75875812768936157 0 -0.65137249231338501
vn -0.87434661388397217 0 -0.48530197143554688
vn -0.87434661388397217 0 -0.48530197143554688
vn -0.95413923263549805 0 -0.29936313629150391
vn -0.95413923263549805 0 -0.29936313629150391
vn -0.99486935138702393 0 -0.10116831958293915
vn -0.99486935138702393 0 -0.10116831958293915
vn -0.99486935138702393 0 0.10116831958293915
vn -0.99486935138702393 0 0.10116831958293915
vn -0.95413923263549805 0 0.29936313629150391
vn -0.95413923263549805 0 0.29936313629150391
vn -0.87434661388397217 0 0.48530197143554688
vn -0.87434661388397217 0 0.48530197143554688
vn -0.75875812768936157 0 0.65137249231338501
vn -0.75875812768936157 0 0.65137249231338501
vn -0.61210596561431885 0 0.79077571630477905
vn -0.61210596561431885 0 0.79077571630477905
vn -0.44039416313171387 0 0.89780455827713013
vn -0.44039416313171387 0 0.89780455827713013
vn -0.25065252184867859 0 0.96807712316513062
vn -0.25065252184867859 0 0.96807712316513062
vn -0.050649169832468033 0 0.99871653318405151
vn -0.050649169832468033 0 0.99871653318405151
vn 0.15142777562141418 0 0.98846834897994995
vn 0.15142777562141418 0 0.98846834897994995
vn 0.34730523824691772 0 0.9377521276473999
vn 0.34730523824691772 0 0.9377521276473999
vn 0.52896398305892944 0 0.84864425659179688
vn 0.52896398305892944 0 0.84864425659179688
vn 0.68896692991256714 0 0.72479277849197388
vn 0.68896692991256714 0 0.72479277849197388
vn 0.82076346874237061 0 0.57126820087432861
vn 0.82076346874237061 0 0.57126820087432861
vn 0.91895782947540283 0 0.39435586333274841
vn 0.91895782947540283 0 0.39435586333274841
vn 0.97952991724014282 0 0.20129851996898651
vn 0.97952991724014282 0 0.20129851996898651
vn 1 0 0
vn 1 0 0
vn 0 -1 0
vn 0 -1 0
vn 0 -1 0
vn 0 -1 0
vn 0 -1 0
vn 0 -1 0
vn 0 -1 0
vn 0 -1 0
vn 0 -1 0
vn 0 -1 0
vn 0 -1 0
vn 0 -1 0
vn 0 -1 0
vn 0 -1 0
vn 0 -1 0
vn 0 -1 0
vn 0 -1 0
vn 0 -1 0
vn 0 -1 0
vn 0 -1 0
vn 0 -1 0
vn 0 -1 0
vn 0 -1 0
vn 0 -1 0
vn 0 -1 0
vn 0 -1 0
vn 0 -1 0
vn 0 -1 0
vn 0 -1 0
vn 0 -1 0
vn 0 -1 0
vn 0 1 0
vn 0 1 0
vn 0 1 0
vn 0 1 0
vn 0 1 0
vn 0 1 0
vn 0 1 0
vn 0 1 0
vn 0 1 0
vn 0 1 0
vn 0 1 0
vn 0 1 0
vn 0 1 0
vn 0 1 0
vn 0 1 0
vn 0 1 0
vn 0 1 0
vn 0 1 0
vn 0 1 0
vn 0 1 0
vn 0 1 0
vn 0 1 0
vn 0 1 0
vn 0 1 0
vn 0 1 0
vn 0 1 0
vn 0 1 0
vn 0 1 0
vn 0 1 0
vn 0 1 0
vn 0 1 0
f 1135/1135/1135 1137/1137/1137 1138/1138/1138 1136/1136/1136
f 1137/1137/1137 1139/1139/1139 1140/1140/1140 1138/1138/1138
f 1139/1139/1139 1141/1141/1141 1142/1142/1142 1140/1140/1140
f 1141/1141/1141 1143/1143/1143 1144/1144/1144 1142/1142/1142
f 1143/1143/1143 1145/1145/1145 1146/1146/1146 1144/1144/1144
f 1145/1145/1145 1147/1147/1147 1148/1148/1148 1146/1146/1146
f 1147/1147/1147 1149/1149/1149 1150/1150/1150 1148/1148/1148
f 1149/1149/1149 1151/1151/1151 1152/1152/1152 1150/1150/1150
f 1151/1151/1151 1153/1153/1153 1154/1154/1154 1152/1152/1152
f 1153/1153/1153 1155/1155/1155 1156/1156/1156 1154/1154/1154
f 1155/1155/1155 1157/1157/1157 1158/1158/1158 1156/1156/1156
f 1157/1157/1157 1159/1159/1159 1160/1160/1160 1158/1158/1158
f 1159/1159/1159 1161/1161/1161 1162/1162/1162 1160/1160/1160
f 1161/1161/1161 1163/1163/1163 1164/1164/1164 1162/1162/1162
f 1163/1163/1163 1165/1165/1165 1166/1166/1166 1164/1164/1164
f 1165/1165/1165 1167/1167/1167 1168/1168/1168 1166/1166/1166
f 1167/1167/1167 1169/1169/1169 1170/1170/1170 1168/1168/1168
f 1169/1169/1169 1171/1171/1171 1172/1172/1172 1170/1170/1170
f 1171/1171/1171 1173/1173/1173 1174/1174/1174 1172/1172/1172
f 1173/1173/1173 1175/1175/1175 1176/1176/1176 1174/1174/1174
f 1175/1175/1175 1177/1177/1177 1178/1178/1178 1176/1176/1176
f 1177/1177/1177 1179/1179/1179 1180/1180/1180 1178/1178/1178
f 1179/1179/1179 1181/1181/1181 1182/1182/1182 1180/1180/1180
f 1181/1181/1181 1183/1183/1183 1184/1184/1184 1182/1182/1182
f 1183/1183/1183 1185/1185/1185 1186/1186/1186 1184/1184/1184
f 1185/1185/1185 1187/1187/1187 1188/1188/1188 1186/1186/1186
f 1187/1187/1187 1189/1189/1189 1190/1190/1190 1188/1188/1188
f 1189/1189/1189 1191/1191/1191 1192/1192/1192 1190/1190/1190
f 1191/1191/1191 1193/1193/1193 1194/1194/1194 1192/1192/1192
f 1193/1193/1193 1195/1195/1195 1196/1196/1196 1194/1194/1194
f 1195/1195/1195 1197/1197/1197 1198/1198/1198 1196/1196/1196
f 1216/1216/1216 1215/1215/1215 1217/1217/1217
f 1218/1218/1218 1217/1217/1217 1219/1219/1219
f 1219/1219/1219 1209/1209/1209 1223/1223/1223
f 1221/1221/1221 1220/1220/1220 1219/1219/1219
f 1219/1219/1219 1217/1217/1217 1213/1213/1213
f 1219/1219/1219 1223/1223/1223 1221/1221/1221
f 1213/1213/1213 1215/1215/1215 1214/1214/1214
f 1219/1219/1219 1213/1213/1213 1212/1212/1212
f 1213/1213/1213 1217/1217/1217 1215/1215/1215
f 1210/1210/1210 1212/1212/1212 1211/1211/1211
f 1209/1209/1209 1212/1212/1212 1210/1210/1210
f 1209/1209/1209 1219/1219/1219 1212/1212/1212
f 1208/1208/1208 1207/1207/1207 1209/1209/1209
f 1222/1222/1222 1221/1221/1221 1223/1223/1223
f 1225/1225/1225 1224/1224/1224 1223/1223/1223
f 1223/1223/1223 1226/1226/1226 1225/1225/1225
f 1228/1228/1228 1226/1226/1226 1223/1223/1223
f 1201/1201/1201 1228/1228/1228 1223/1223/1223
f 1228/1228/1228 1199/1199/1199 1229/1229/1229
f 1227/1227/1227 1226/1226/1226 1228/1228/1228
f 1199/1199/1199 1228/1228/1228 1201/1201/1201
f 1205/1205/1205 1204/1204/1204 1201/1201/1201
f 1209/1209/1209 1206/1206/1206 1205/1205/1205
f 1206/1206/1206 1209/1209/1209 1207/1207/1207
f 1201/1201/1201 1204/1204/1204 1202/1202/1202
f 1202/1202/1202 1204/1204/1204 1203/1203/1203
f 1201/1201/1201 1209/1209/1209 1205/1205/1205
f 1201/1201/1201 1200/1200/1200 1199/1199/1199
f 1201/1201/1201 1223/1223/1223 1209/1209/1209
f 1247/1247/1247 1248/1248/1248 1246/1246/1246
f 1249/1249/1249 1250/1250/1250 1248/1248/1248
f 1250/1250/1250 1254/1254/1254 1240/1240/1240
f 1252/1252/1252 1250/1250/1250 1251/1251/1251
f 1250/1250/1250 1244/1244/1244 1248/1248/1248
f 1250/1250/1250 1252/1252/1252 1254/1254/1254
f 1244/1244/1244 1245/1245/1245 1246/1246/1246
f 1250/1250/1250 1243/1243/1243 1244/1244/1244
f 1244/1244/1244 1246/1246/1246 1248/1248/1248
f 1241/1241/1241 1242/1242/1242 1243/1243/1243
f 1240/1240/1240 1241/1241/1241 1243/1243/1243
f 1240/1240/1240 1243/1243/1243 1250/1250/1250
f 1239/1239/1239 1240/1240/1240 1238/1238/1238
f 1253/1253/1253 1254/1254/1254 1252/1252/1252
f 1256/1256/1256 1254/1254/1254 1255/1255/1255
f 1254/1254/1254 1256/1256/1256 1257/1257/1257
f 1259/1259/1259 1254/1254/1254 1257/1257/1257
f 1232/1232/1232 1254/1254/1254 1259/1259/1259
f 1259/1259/1259 1260/1260/1260 1230/1230/1230
f 1258/1258/1258 1259/1259/1259 1257/1257/1257
f 1230/1230/1230 1232/1232/1232 1259/1259/1259
f 1236/1236/1236 1232/1232/1232 1235/1235/1235
f 1240/1240/1240 1236/1236/1236 1237/1237/1237
f 1237/1237/1237 1238/1238/1238 1240/1240/1240
f 1232/1232/1232 1233/1233/1233 1235/1235/1235
f 1233/1233/1233 1234/1234/1234 1235/1235/1235
f 1232/1232/1232 1236/1236/1236 1240/1240/1240
f 1232/1232/1232 1230/1230/1230 1231/1231/1231
f 1232/1232/1232 1240/1240/1240 1254/1254/1254
usemtl Default
v -333.90908813476562 147 80
v -333.90908813476562 152 80
v -333.71694946289062 147 81.889457702636719
v -333.71694946289062 152 81.889457702636719
v -333.14840698242188 147 83.701568603515625
v -333.14840698242188 152 83.701568603515625
v -332.22671508789062 147 85.362129211425781
v -332.22671508789062 152 85.362129211425781
v -330.9896240234375 147 86.803169250488281
v -330.9896240234375 152 86.803169250488281
v -329.48776245117188 147 87.965682983398438
v -329.48776245117188 152 87.965682983398438
v -327.78265380859375 147 88.802085876464844
v -327.78265380859375 152 88.802085876464844
v -325.944091796875 147 89.278121948242188
v -325.944091796875 152 89.278121948242188
v -324.04730224609375 147 89.374313354492188
v -324.04730224609375 152 89.374313354492188
v -322.17001342773438 147 89.086723327636719
v -322.17001342773438 152 89.086723327636719
v -320.3890380859375 147 88.427116394042969
v -320.3890380859375 152 88.427116394042969
v -318.77728271484375 147 87.422508239746094
v -318.77728271484375 152 87.422508239746094
v -317.4007568359375 147 86.114021301269531
v -317.4007568359375 152 86.114021301269531
v -316.3157958984375 147 84.555221557617188
v -316.3157958984375 152 84.555221557617188
v -315.56683349609375 147 82.809928894042969
v -315.56683349609375 152 82.809928894042969
v -315.18450927734375 147 80.949600219726562
v -315.18450927734375 152 80.949600219726562
v -315.18450927734375 147 79.050399780273438
v -315.18450927734375 152 79.050399780273438
v -315.56683349609375 147 77.190071105957031
v -315.56683349609375 152 77.190071105957031
v -316.3157958984375 147 75.444778442382812
v -316.3157958984375 152 75.444778442382812
v -317.4007568359375 147 73.885978698730469
v -317.4007568359375 152 73.885978698730469
v -318.77728271484375 147 72.577491760253906
v -318.77728271484375 152 72.577491760253906
v -320.3890380859375 147 71.572883605957031
v -320.3890380859375 152 71.572883605957031
v -322.17001342773438 147 70.913276672363281
v -322.17001342773438 152 70.913276672363281
v -324.04730224609375 147 70.625686645507812
v -324.04730224609375 152 70.625686645507812
v -325.944091796875 147 70.721878051757812
v -325.944091796875 152 70.721878051757812
v -327.78265380859375 147 71.197914123535156
v -327.78265380859375 152 71.197914123535156
v -329.48776245117188 147 72.034317016601562
v -329.48776245117188 152 72.034317016601562
v -330.9896240234375 147 73.196830749511719
v -330.9896240234375 152 73.196830749511719
v -332.22671508789062 147 74.637870788574219
v -332.22671508789062 152 74.637870788574219
v -333.14840698242188 147 76.298431396484375
v -333.14840698242188 152 76.298431396484375
v -333.71694946289062 147 78.110542297363281
v -333.71694946289062 152 78.110542297363281
v -333.90908813476562 147 80
v -333.90908813476562 152 80
v -333.90908813476562 147 80
v -333.71694946289062 147 81.889457702636719
v -333.14840698242188 147 83.701568603515625
v -332.22671508789062 147 85.362129211425781
v -330.9896240234375 147 86.803169250488281
v -329.48776245117188 147 87.965682983398438
v -327.78265380859375 147 88.802085876464844
v -325.944091796875 147 89.278121948242188
v -324.04730224609375 147 89.374313354492188
v -322.17001342773438 147 89.086723327636719
v -320.3890380859375 147 88.427116394042969
v -318.77728271484375 147 87.422508239746094
v -317.4007568359375 147 86.114021301269531
v -316.3157958984375 147 84.555221557617188
v -315.56683349609375 147 82.809928894042969
v -315.18450927734375 147 80.949600219726562
v -315.18450927734375 147 79.050399780273438
v -315.56683349609375 147 77.190071105957031
v -316.3157958984375 147 75.444778442382812
v -317.4007568359375 147 73.885978698730469
v -318.77728271484375 147 72.577491760253906
v -320.3890380859375 147 71.572883605957031
v -322.17001342773438 147 70.913276672363281
v -324.04730224609375 147 70.625686645507812
v -325.944091796875 147 70.721878051757812
v -327.78265380859375 147 71.197914123535156
v -329.48776245117188 147 72.034317016601562
v -330.9896240234375 147 73.196830749511719
v -332.22671508789062 147 74.637870788574219
v -333.14840698242188 147 76.298431396484375
v -333.71694946289062 147 78.110542297363281
v -333.90908813476562 152 80
v -333.71694946289062 152 81.889457702636719
v -333.14840698242188 152 83.701568603515625
v -332.22671508789062 152 85.362129211425781
v -330.9896240234375 152 86.803169250488281
v -329.48776245117188 152 87.965682983398438
v -327.78265380859375 152 88.802085876464844
v -325.944091796875 152 89.278121948242188
v -324.04730224609375 152 89.374313354492188
v -322.17001342773438 152 89.086723327636719
v -320.3890380859375 152 88.427116394042969
v -318.77728271484375 152 87.422508239746094
v -317.4007568359375 152 86.114021301269531
v -316.3157958984375 152 84.555221557617188
v -315.56683349609375 152 82.809928894042969
v -315.18450927734375 152 80.949600219726562
v -315.18450927734375 152 79.050399780273438
v -315.56683349609375 152 77.190071105957031
v -316.3157958984375 152 75.444778442382812
v -317.4007568359375 152 73.885978698730469
v -318.77728271484375 152 72.577491760253906
v -320.3890380859375 152 71.572883605957031
v -322.17001342773438 152 70.913276672363281
v -324.04730224609375 152 70.625686645507812
v -325.944091796875 152 70.721878051757812
v -327.78265380859375 152 71.197914123535156
v -329.48776245117188 152 72.034317016601562
v -330.9896240234375 152 73.196830749511719
v -332.22671508789062 152 74.637870788574219
v -333.14840698242188 152 76.298431396484375
v -333.71694946289062 152 78.110542297363281
vt 0 0
vt 0 0.55889368057250977
vt 0.032258063554763794 0
vt 0.032258063554763794 0.55889368057250977
vt 0.064516127109527588 0
vt 0.064516127109527588 0.55889368057250977
vt 0.096774190664291382 0
vt 0.096774190664291382 0.55889368057250977
vt 0.12903225421905518 0
vt 0.12903225421905518 0.55889368057250977
vt 0.16129031777381897 0
vt 0.16129031777381897 0.55889368057250977
vt 0.19354838132858276 0
vt 0.19354838132858276 0.55889368057250977
vt 0.22580644488334656 0
vt 0.22580644488334656 0.55889368057250977
vt 0.25806450843811035 0
vt 0.25806450843811035 0.55889368057250977
vt 0.29032257199287415 0
vt 0.29032257199287415 0.55889368057250977
vt 0.32258063554763794 0
vt 0.32258063554763794 0.55889368057250977
vt 0.35483869910240173 0
vt 0.35483869910240173 0.55889368057250977
vt 0.38709676265716553 0
vt 0.38709676265716553 0.55889368057250977
vt 0.41935482621192932 0
vt 0.41935482621192932 0.55889368057250977
vt 0.45161288976669312 0
vt 0.45161288976669312 0.55889368057250977
vt 0.48387095332145691 0
vt 0.48387095332145691 0.55889368057250977
vt 0.5161290168762207 0
vt 0.5161290168762207 0.55889368057250977
vt 0.54838711023330688 0
vt 0.54838711023330688 0.55889368057250977
vt 0.58064514398574829 0
vt 0.58064514398574829 0.55889368057250977
vt 0.61290323734283447 0
vt 0.61290323734283447 0.55889368057250977
vt 0.64516127109527588 0
vt 0.64516127109527588 0.55889368057250977
vt 0.67741936445236206 0
vt 0.67741936445236206 0.55889368057250977
vt 0.70967739820480347 0
vt 0.70967739820480347 0.55889368057250977
vt 0.74193549156188965 0
vt 0.74193549156188965 0.55889368057250977
vt 0.77419352531433105 0
vt 0.77419352531433105 0.55889368057250977
vt 0.80645161867141724 0
vt 0.80645161867141724 0.55889368057250977
vt 0.83870965242385864 0
vt 0.83870965242385864 0.55889368057250977
vt 0.87096774578094482 0
vt 0.87096774578094482 0.55889368057250977
vt 0.90322577953338623 0
vt 0.90322577953338623 0.55889368057250977
vt 0.93548387289047241 0
vt 0.93548387289047241 0.55889368057250977
vt 0.96774190664291382 0
vt 0.96774190664291382 0.55889368057250977
vt 1 0
vt 1 0.55889368057250977
vt 0.15922306478023529 1
vt 0.19131562113761902 0.99547368288040161
vt 0.22209431231021881 0.98207992315292358
vt 0.25029903650283813 0.96036720275878906
vt 0.27477511763572693 0.93122434616088867
vt 0.29452046751976013 0.89584445953369141
vt 0.3087267279624939 0.85567605495452881
vt 0.31681230664253235 0.81236362457275391
vt 0.31844612956047058 0.76768034696578979
vt 0.31356137990951538 0.72345554828643799
vt 0.30235797166824341 0.6814998984336853
vt 0.28529462218284607 0.64353090524673462
vt 0.26306986808776855 0.61110317707061768
vt 0.23659364879131317 0.58554422855377197
vt 0.20694984495639801 0.56790047883987427
vt 0.17535209655761719 0.55889427661895752
vt 0.14309403300285339 0.55889427661895752
vt 0.11149629950523376 0.56790047883987427
vt 0.081852495670318604 0.58554422855377197
vt 0.055376257747411728 0.61110317707061768
vt 0.033151518553495407 0.64353090524673462
vt 0.016088161617517471 0.6814998984336853
vt 0.0048847668804228306 0.72345554828643799
vt 0 0.76768034696578979
vt 0.0016338441055268049 0.81236362457275391
vt 0.0097194099798798561 0.85567605495452881
vt 0.023925673216581345 0.89584445953369141
vt 0.043671026825904846 0.93122434616088867
vt 0.068147093057632446 0.96036720275878906
vt 0.096351824700832367 0.98207992315292358
vt 0.12713050842285156 0.99547368288040161
vt 0.15922306478023529 0.55889427661895752
vt 0.19131562113761902 0.56342059373855591
vt 0.22209431231021881 0.57681429386138916
vt 0.25029903650283813 0.59852707386016846
vt 0.27477511763572693 0.62766993045806885
vt 0.29452046751976013 0.66304981708526611
vt 0.3087267279624939 0.70321822166442871
vt 0.31681230664253235 0.74653065204620361
vt 0.31844612956047058 0.79121392965316772
vt 0.31356137990951538 0.83543866872787476
vt 0.30235797166824341 0.87739437818527222
vt 0.28529462218284607 0.91536331176757812
vt 0.26306986808776855 0.94779103994369507
vt 0.23659364879131317 0.97334998846054077
vt 0.20694984495639801 0.99099373817443848
vt 0.17535209655761719 1
vt 0.14309403300285339 1
vt 0.11149629950523376 0.99099373817443848
vt 0.081852495670318604 0.97334998846054077
vt 0.055376257747411728 0.94779103994369507
vt 0.033151518553495407 0.91536331176757812
vt 0.016088161617517471 0.87739437818527222
vt 0.0048847668804228306 0.83543866872787476
vt 0 0.79121392965316772
vt 0.0016338441055268049 0.74653065204620361
vt 0.0097194099798798561 0.70321822166442871
vt 0.023925673216581345 0.66304981708526611
vt 0.043671026825904846 0.62766993045806885
vt 0.068147093057632446 0.59852707386016846
vt 0.096351824700832367 0.57681429386138916
vt 0.12713050842285156 0.56342059373855591
vn -1 0 0
vn -1 0 0
vn -0.97952991724014282 0 0.20129851996898651
vn -0.97952991724014282 0 0.20129851996898651
vn -0.91895782947540283 0 0.39435586333274841
vn -0.91895782947540283 0 0.39435586333274841
vn -0.82076346874237061 0 0.57126820087432861
vn -0.82076346874237061 0 0.57126820087432861
vn -0.68896692991256714 0 0.72479277849197388
vn -0.68896692991256714 0 0.72479277849197388
vn -0.52896398305892944 0 0.84864425659179688
vn -0.52896398305892944 0 0.84864425659179688
vn -0.34730523824691772 0 0.9377521276473999
vn -0.34730523824691772 0 0.9377521276473999
vn -0.15142777562141418 0 0.98846834897994995
vn -0.15142777562141418 0 0.98846834897994995
vn 0.050649169832468033 0 0.99871653318405151
vn 0.050649169832468033 0 0.99871653318405151
vn 0.25065252184867859 0 0.96807712316513062
vn 0.25065252184867859 0 0.96807712316513062
vn 0.44039416313171387 0 0.89780455827713013
vn 0.44039416313171387 0 0.89780455827713013
vn 0.61210596561431885 0 0.79077571630477905
vn 0.61210596561431885 0 0.79077571630477905
vn 0.75875812768936157 0 0.65137249231338501
vn 0.75875812768936157 0 0.65137249231338501
vn 0.87434661388397217 0 0.48530197143554688
vn 0.87434661388397217 0 0.48530197143554688
vn 0.95413923263549805 0 0.29936313629150391
vn 0.95413923263549805 0 0.29936313629150391
vn 0.99486935138702393 0 0.10116831958293915
vn 0.99486935138702393 0 0.10116831958293915
vn 0.99486935138702393 0 -0.10116831958293915
vn 0.99486935138702393 0 -0.10116831958293915
vn 0.95413923263549805 0 -0.29936313629150391
vn 0.95413923263549805 0 -0.29936313629150391
vn 0.87434661388397217 0 -0.48530197143554688
vn 0.87434661388397217 0 -0.48530197143554688
vn 0.75875812768936157 0 -0.65137249231338501
vn 0.75875812768936157 0 -0.65137249231338501
vn 0.61210596561431885 0 -0.79077571630477905
vn 0.61210596561431885 0 -0.79077571630477905
vn 0.44039416313171387 0 -0.89780455827713013
vn 0.44039416313171387 0 -0.89780455827713013
vn 0.25065252184867859 0 -0.96807712316513062
vn 0.25065252184867859 0 -0.96807712316513062
vn 0.050649169832468033 0 -0.99871653318405151
vn 0.050649169832468033 0 -0.99871653318405151
vn -0.15142777562141418 0 -0.98846834897994995
vn -0.15142777562141418 0 -0.98846834897994995
vn -0.34730523824691772 0 -0.9377521276473999
vn -0.34730523824691772 0 -0.9377521276473999
vn -0.52896398305892944 0 -0.84864425659179688
vn -0.52896398305892944 0 -0.84864425659179688
vn -0.68896692991256714 0 -0.72479277849197388
vn -0.68896692991256714 0 -0.72479277849197388
vn -0.82076346874237061 0 -0.57126820087432861
vn -0.82076346874237061 0 -0.57126820087432861
vn -0.91895782947540283 0 -0.39435586333274841
vn -0.91895782947540283 0 -0.39435586333274841
vn -0.97952991724014282 0 -0.20129851996898651
vn -0.97952991724014282 0 -0.20129851996898651
vn -1 0 0
vn -1 0 0
vn 0 -1 0
vn 0 -1 0
vn 0 -1 0
vn 0 -1 0
vn 0 -1 0
vn 0 -1 0
vn 0 -1 0
vn 0 -1 0
vn 0 -1 0
vn 0 -1 0
vn 0 -1 0
vn 0 -1 0
vn 0 -1 0
vn 0 -1 0
vn 0 -1 0
vn 0 -1 0
vn 0 -1 0
vn 0 -1 0
vn 0 -1 0
vn 0 -1 0
vn 0 -1 0
vn 0 -1 0
vn 0 -1 0
vn 0 -1 0
vn 0 -1 0
vn 0 -1 0
vn 0 -1 0
vn 0 -1 0
vn 0 -1 0
vn 0 -1 0
vn 0 -1 0
vn 0 1 0
vn 0 1 0
vn 0 1 0
vn 0 1 0
vn 0 1 0
vn 0 1 0
vn 0 1 0
vn 0 1 0
vn 0 1 0
vn 0 1 0
vn 0 1 0
vn 0 1 0
vn 0 1 0
vn 0 1 0
vn 0 1 0
vn 0 1 0
vn 0 1 0
vn 0 1 0
vn 0 1 0
vn 0 1 0
vn 0 1 0
vn 0 1 0
vn 0 1 0
vn 0 1 0
vn 0 1 0
vn 0 1 0
vn 0 1 0
vn 0 1 0
vn 0 1 0
vn 0 1 0
vn 0 1 0
f 1261/1261/1261 1263/1263/1263 1264/1264/1264 1262/1262/1262
f 1263/1263/1263 1265/1265/1265 1266/1266/1266 1264/1264/1264
f 1265/1265/1265 1267/1267/1267 1268/1268/1268 1266/1266/1266
f 1267/1267/1267 1269/1269/1269 1270/1270/1270 1268/1268/1268
f 1269/1269/1269 1271/1271/1271 1272/1272/1272 1270/1270/1270
f 1271/1271/1271 1273/1273/1273 1274/1274/1274 1272/1272/1272
f 1273/1273/1273 1275/1275/1275 1276/1276/1276 1274/1274/1274
f 1275/1275/1275 1277/1277/1277 1278/1278/1278 1276/1276/1276
f 1277/1277/1277 1279/1279/1279 1280/1280/1280 1278/1278/1278
f 1279/1279/1279 1281/1281/1281 1282/1282/1282 1280/1280/1280
f 1281/1281/1281 1283/1283/1283 1284/1284/1284 1282/1282/1282
f 1283/1283/1283 1285/1285/1285 1286/1286/1286 1284/1284/1284
f 1285/1285/1285 1287/1287/1287 1288/1288/1288 1286/1286/1286
f 1287/1287/1287 1289/1289/1289 1290/1290/1290 1288/1288/1288
f 1289/1289/1289 1291/1291/1291 1292/1292/1292 1290/1290/1290
f 1291/1291/1291 1293/1293/1293 1294/1294/1294 1292/1292/1292
f 1293/1293/1293 1295/1295/1295 1296/1296/1296 1294/1294/1294
f 1295/1295/1295 1297/1297/1297 1298/1298/1298 1296/1296/1296
f 1297/1297/1297 1299/1299/1299 1300/1300/1300 1298/1298/1298
f 1299/1299/1299 1301/1301/1301 1302/1302/1302 1300/1300/1300
f 1301/1301/1301 1303/1303/1303 1304/1304/1304 1302/1302/1302
f 1303/1303/1303 1305/1305/1305 1306/1306/1306 1304/1304/1304
f 1305/1305/1305 1307/1307/1307 1308/1308/1308 1306/1306/1306
f 1307/1307/1307 1309/1309/1309 1310/1310/1310 1308/1308/1308
f 1309/1309/1309 1311/1311/1311 1312/1312/1312 1310/1310/1310
f 1311/1311/1311 1313/1313/1313 1314/1314/1314 1312/1312/1312
f 1313/1313/1313 1315/1315/1315 1316/1316/1316 1314/1314/1314
f 1315/1315/1315 1317/1317/1317 1318/1318/1318 1316/1316/1316
f 1317/1317/1317 1319/1319/1319 1320/1320/1320 1318/1318/1318
f 1319/1319/1319 1321/1321/1321 1322/1322/1322 1320/1320/1320
f 1321/1321/1321 1323/1323/1323 1324/1324/1324 1322/1322/1322
f 1328/1328/1328 1327/1327/1327 1326/1326/1326
f 1330/1330/1330 1328/1328/1328 1326/1326/1326
f 1333/1333/1333 1331/1331/1331 1330/1330/1330
f 1355/1355/1355 1330/1330/1330 1326/1326/1326
f 1330/1330/1330 1329/1329/1329 1328/1328/1328
f 1355/1355/1355 1333/1333/1333 1330/1330/1330
f 1348/1348/1348 1353/1353/1353 1351/1351/1351
f 1355/1355/1355 1354/1354/1354 1353/1353/1353
f 1355/1355/1355 1326/1326/1326 1325/1325/1325
f 1351/1351/1351 1353/1353/1353 1352/1352/1352
f 1351/1351/1351 1350/1350/1350 1349/1349/1349
f 1349/1349/1349 1348/1348/1348 1351/1351/1351
f 1355/1355/1355 1353/1353/1353 1348/1348/1348
f 1332/1332/1332 1331/1331/1331 1333/1333/1333
f 1334/1334/1334 1333/1333/1333 1337/1337/1337
f 1334/1334/1334 1336/1336/1336 1335/1335/1335
f 1336/1336/1336 1334/1334/1334 1337/1337/1337
f 1338/1338/1338 1337/1337/1337 1342/1342/1342
f 1338/1338/1338 1340/1340/1340 1339/1339/1339
f 1333/1333/1333 1348/1348/1348 1337/1337/1337
f 1340/1340/1340 1338/1338/1338 1342/1342/1342
f 1346/1346/1346 1345/1345/1345 1344/1344/1344
f 1346/1346/1346 1348/1348/1348 1347/1347/1347
f 1348/1348/1348 1346/1346/1346 1342/1342/1342
f 1342/1342/1342 1346/1346/1346 1343/1343/1343
f 1343/1343/1343 1346/1346/1346 1344/1344/1344
f 1342/1342/1342 1337/1337/1337 1348/1348/1348
f 1342/1342/1342 1341/1341/1341 1340/1340/1340
f 1355/1355/1355 1348/1348/1348 1333/1333/1333
f 1359/1359/1359 1357/1357/1357 1358/1358/1358
f 1361/1361/1361 1357/1357/1357 1359/1359/1359
f 1364/1364/1364 1361/1361/1361 1362/1362/1362
f 1386/1386/1386 1357/1357/1357 1361/1361/1361
f 1361/1361/1361 1359/1359/1359 1360/1360/1360
f 1386/1386/1386 1361/1361/1361 1364/1364/1364
f 1379/1379/1379 1382/1382/1382 1384/1384/1384
f 1386/1386/1386 1384/1384/1384 1385/1385/1385
f 1386/1386/1386 1356/1356/1356 1357/1357/1357
f 1382/1382/1382 1383/1383/1383 1384/1384/1384
f 1382/1382/1382 1380/1380/1380 1381/1381/1381
f 1380/1380/1380 1382/1382/1382 1379/1379/1379
f 1386/1386/1386 1379/1379/1379 1384/1384/1384
f 1363/1363/1363 1364/1364/1364 1362/1362/1362
f 1365/1365/1365 1368/1368/1368 1364/1364/1364
f 1365/1365/1365 1366/1366/1366 1367/1367/1367
f 1367/1367/1367 1368/1368/1368 1365/1365/1365
f 1369/1369/1369 1373/1373/1373 1368/1368/1368
f 1369/1369/1369 1370/1370/1370 1371/1371/1371
f 1364/1364/1364 1368/1368/1368 1379/1379/1379
f 1371/1371/1371 1373/1373/1373 1369/1369/1369
f 1377/1377/1377 1375/1375/1375 1376/1376/1376
f 1377/1377/1377 1378/1378/1378 1379/1379/1379
f 1379/1379/1379 1373/1373/1373 1377/1377/1377
f 1373/1373/1373 1374/1374/1374 1377/1377/1377
f 1374/1374/1374 1375/1375/1375 1377/1377/1377
f 1373/1373/1373 1379/1379/1379 1368/1368/1368
f 1373/1373/1373 1371/1371/1371 1372/1372/1372
f 1386/1386/1386 1364/1364/1364 1379/1379/1379
usemtl Default
v -222.09091186523438 147 80
v -222.09091186523438 152 80
v -222.28305053710938 147 78.110542297363281
v -222.28305053710938 152 78.110542297363281
v -222.85159301757812 147 76.298431396484375
v -222.85159301757812 152 76.298431396484375
v -223.77328491210938 147 74.637870788574219
v -223.77328491210938 152 74.637870788574219
v -225.0103759765625 147 73.196830749511719
v -225.0103759765625 152 73.196830749511719
v -226.51222229003906 147 72.034317016601562
v -226.51222229003906 152 72.034317016601562
v -228.21734619140625 147 71.197914123535156
v -228.21734619140625 152 71.197914123535156
v -230.05592346191406 147 70.721878051757812
v -230.05592346191406 152 70.721878051757812
v -231.95268249511719 147 70.625686645507812
v -231.95268249511719 152 70.625686645507812
v -233.82998657226562 147 70.913276672363281
v -233.82998657226562 152 70.913276672363281
v -235.61097717285156 147 71.572883605957031
v -235.61097717285156 152 71.572883605957031
v -237.22271728515625 147 72.577491760253906
v -237.22271728515625 152 72.577491760253906
v -238.59925842285156 147 73.885978698730469
v -238.59925842285156 152 73.885978698730469
v -239.6842041015625 147 75.444778442382812
v -239.6842041015625 152 75.444778442382812
v -240.43316650390625 147 77.190071105957031
v -240.43316650390625 152 77.190071105957031
v -240.81547546386719 147 79.050399780273438
v -240.81547546386719 152 79.050399780273438
v -240.81547546386719 147 80.949600219726562
v -240.81547546386719 152 80.949600219726562
v -240.43316650390625 147 82.809928894042969
v -240.43316650390625 152 82.809928894042969
v -239.6842041015625 147 84.555221557617188
v -239.6842041015625 152 84.555221557617188
v -238.59925842285156 147 86.114021301269531
v -238.59925842285156 152 86.114021301269531
v -237.22271728515625 147 87.422508239746094
v -237.22271728515625 152 87.422508239746094
v -235.61097717285156 147 88.427116394042969
v -235.61097717285156 152 88.427116394042969
v -233.82998657226562 147 89.086723327636719
v -233.82998657226562 152 89.086723327636719
v -231.95268249511719 147 89.374313354492188
v -231.95268249511719 152 89.374313354492188
v -230.05592346191406 147 89.278121948242188
v -230.05592346191406 152 89.278121948242188
v -228.21734619140625 147 88.802085876464844
v -228.21734619140625 152 88.802085876464844
v -226.51222229003906 147 87.965682983398438
v -226.51222229003906 152 87.965682983398438
v -225.0103759765625 147 86.803169250488281
v -225.0103759765625 152 86.803169250488281
v -223.77328491210938 147 85.362129211425781
v -223.77328491210938 152 85.362129211425781
v -222.85159301757812 147 83.701568603515625
v -222.85159301757812 152 83.701568603515625
v -222.28305053710938 147 81.889457702636719
v -222.28305053710938 152 81.889457702636719
v -222.09091186523438 147 80
v -222.09091186523438 152 80
v -222.09091186523438 147 80
v -222.28305053710938 147 78.110542297363281
v -222.85159301757812 147 76.298431396484375
v -223.77328491210938 147 74.637870788574219
v -225.0103759765625 147 73.196830749511719
v -226.51222229003906 147 72.034317016601562
v -228.21734619140625 147 71.197914123535156
v -230.05592346191406 147 70.721878051757812
v -231.95268249511719 147 70.625686645507812
v -233.82998657226562 147 70.913276672363281
v -235.61097717285156 147 71.572883605957031
v -237.22271728515625 147 72.577491760253906
v -238.59925842285156 147 73.885978698730469
v -239.6842041015625 147 75.444778442382812
v -240.43316650390625 147 77.190071105957031
v -240.81547546386719 147 79.050399780273438
v -240.81547546386719 147 80.949600219726562
v -240.43316650390625 147 82.809928894042969
v -239.6842041015625 147 84.555221557617188
v -238.59925842285156 147 86.114021301269531
v -237.22271728515625 147 87.422508239746094
v -235.61097717285156 147 88.427116394042969
v -233.82998657226562 147 89.086723327636719
v -231.95268249511719 147 89.374313354492188
v -230.05592346191406 147 89.278121948242188
v -228.21734619140625 147 88.802085876464844
v -226.51222229003906 147 87.965682983398438
v -225.0103759765625 147 86.803169250488281
v -223.77328491210938 147 85.362129211425781
v -222.85159301757812 147 83.701568603515625
v -222.28305053710938 147 81.889457702636719
v -222.09091186523438 152 80
v -222.28305053710938 152 78.110542297363281
v -222.85159301757812 152 76.298431396484375
v -223.77328491210938 152 74.637870788574219
v -225.0103759765625 152 73.196830749511719
v -226.51222229003906 152 72.034317016601562
v -228.21734619140625 152 71.197914123535156
v -230.05592346191406 152 70.721878051757812
v -231.95268249511719 152 70.625686645507812
v -233.82998657226562 152 70.913276672363281
v -235.61097717285156 152 71.572883605957031
v -237.22271728515625 152 72.577491760253906
v -238.59925842285156 152 73.885978698730469
v -239.6842041015625 152 75.444778442382812
v -240.43316650390625 152 77.190071105957031
v -240.81547546386719 152 79.050399780273438
v -240.81547546386719 152 80.949600219726562
v -240.43316650390625 152 82.809928894042969
v -239.6842041015625 152 84.555221557617188
v -238.59925842285156 152 86.114021301269531
v -237.22271728515625 152 87.422508239746094
v -235.61097717285156 152 88.427116394042969
v -233.82998657226562 152 89.086723327636719
v -231.95268249511719 152 89.374313354492188
v -230.05592346191406 152 89.278121948242188
v -228.21734619140625 152 88.802085876464844
v -226.51222229003906 152 87.965682983398438
v -225.0103759765625 152 86.803169250488281
v -223.77328491210938 152 85.362129211425781
v -222.85159301757812 152 83.701568603515625
v -222.28305053710938 152 81.889457702636719
vt 0 0
vt 0 0.55889368057250977
vt 0.032258063554763794 0
vt 0.032258063554763794 0.55889368057250977
vt 0.064516127109527588 0
vt 0.064516127109527588 0.55889368057250977
vt 0.096774190664291382 0
vt 0.096774190664291382 0.55889368057250977
vt 0.12903225421905518 0
vt 0.12903225421905518 0.55889368057250977
vt 0.16129031777381897 0
vt 0.16129031777381897 0.55889368057250977
vt 0.19354838132858276 0
vt 0.19354838132858276 0.55889368057250977
vt 0.22580644488334656 0
vt 0.22580644488334656 0.55889368057250977
vt 0.25806450843811035 0
vt 0.25806450843811035 0.55889368057250977
vt 0.29032257199287415 0
vt 0.29032257199287415 0.55889368057250977
vt 0.32258063554763794 0
vt 0.32258063554763794 0.55889368057250977
vt 0.35483869910240173 0
vt 0.35483869910240173 0.55889368057250977
vt 0.38709676265716553 0
vt 0.38709676265716553 0.55889368057250977
vt 0.41935482621192932 0
vt 0.41935482621192932 0.55889368057250977
vt 0.45161288976669312 0
vt 0.45161288976669312 0.55889368057250977
vt 0.48387095332145691 0
vt 0.48387095332145691 0.55889368057250977
vt 0.5161290168762207 0
vt 0.5161290168762207 0.55889368057250977
vt 0.54838711023330688 0
vt 0.54838711023330688 0.55889368057250977
vt 0.58064514398574829 0
vt 0.58064514398574829 0.55889368057250977
vt 0.61290323734283447 0
vt 0.61290323734283447 0.55889368057250977
vt 0.64516127109527588 0
vt 0.64516127109527588 0.55889368057250977
vt 0.67741936445236206 0
vt 0.67741936445236206 0.55889368057250977
vt 0.70967739820480347 0
vt 0.70967739820480347 0.55889368057250977
vt 0.74193549156188965 0
vt 0.74193549156188965 0.55889368057250977
vt 0.77419352531433105 0
vt 0.77419352531433105 0.55889368057250977
vt 0.80645161867141724 0
vt 0.80645161867141724 0.55889368057250977
vt 0.83870965242385864 0
vt 0.83870965242385864 0.55889368057250977
vt 0.87096774578094482 0
vt 0.87096774578094482 0.55889368057250977
vt 0.90322577953338623 0
vt 0.90322577953338623 0.55889368057250977
vt 0.93548387289047241 0
vt 0.93548387289047241 0.55889368057250977
vt 0.96774190664291382 0
vt 0.96774190664291382 0.55889368057250977
vt 1 0
vt 1 0.55889368057250977
vt 0.15922306478023529 0.55889427661895752
vt 0.12713050842285156 0.56342059373855591
vt 0.096351824700832367 0.57681429386138916
vt 0.068147093057632446 0.59852707386016846
vt 0.043671026825904846 0.62766993045806885
vt 0.023925673216581345 0.66304981708526611
vt 0.0097194099798798561 0.70321822166442871
vt 0.0016338441055268049 0.74653065204620361
vt 0 0.79121392965316772
vt 0.0048847668804228306 0.83543866872787476
vt 0.016088161617517471 0.87739437818527222
vt 0.033151518553495407 0.91536331176757812
vt 0.055376257747411728 0.94779103994369507
vt 0.081852495670318604 0.97334998846054077
vt 0.11149629950523376 0.99099373817443848
vt 0.14309403300285339 1
vt 0.17535209655761719 1
vt 0.20694984495639801 0.99099373817443848
vt 0.23659364879131317 0.97334998846054077
vt 0.26306986808776855 0.94779103994369507
vt 0.28529462218284607 0.91536331176757812
vt 0.30235797166824341 0.87739437818527222
vt 0.31356137990951538 0.83543866872787476
vt 0.31844612956047058 0.79121392965316772
vt 0.31681230664253235 0.74653065204620361
vt 0.3087267279624939 0.70321822166442871
vt 0.29452046751976013 0.66304981708526611
vt 0.27477511763572693 0.62766993045806885
vt 0.25029903650283813 0.59852707386016846
vt 0.22209431231021881 0.57681429386138916
vt 0.19131562113761902 0.56342059373855591
vt 0.15922306478023529 1
vt 0.12713050842285156 0.99547368288040161
vt 0.096351824700832367 0.98207992315292358
vt 0.068147093057632446 0.96036720275878906
vt 0.043671026825904846 0.93122434616088867
vt 0.023925673216581345 0.89584445953369141
vt 0.0097194099798798561 0.85567605495452881
vt 0.0016338441055268049 0.81236362457275391
vt 0 0.76768034696578979
vt 0.0048847668804228306 0.72345554828643799
vt 0.016088161617517471 0.6814998984336853
vt 0.033151518553495407 0.64353090524673462
vt 0.055376257747411728 0.61110317707061768
vt 0.081852495670318604 0.58554422855377197
vt 0.11149629950523376 0.56790047883987427
vt 0.14309403300285339 0.55889427661895752
vt 0.17535209655761719 0.55889427661895752
vt 0.20694984495639801 0.56790047883987427
vt 0.23659364879131317 0.58554422855377197
vt 0.26306986808776855 0.61110317707061768
vt 0.28529462218284607 0.64353090524673462
vt 0.30235797166824341 0.6814998984336853
vt 0.31356137990951538 0.72345554828643799
vt 0.31844612956047058 0.76768034696578979
vt 0.31681230664253235 0.81236362457275391
vt 0.3087267279624939 0.85567605495452881
vt 0.29452046751976013 0.89584445953369141
vt 0.27477511763572693 0.93122434616088867
vt 0.25029903650283813 0.96036720275878906
vt 0.22209431231021881 0.98207992315292358
vt 0.19131562113761902 0.99547368288040161
vn 1 0 0
vn 1 0 0
vn 0.97952991724014282 0 -0.20129851996898651
vn 0.97952991724014282 0 -0.20129851996898651
vn 0.91895782947540283 0 -0.39435586333274841
vn 0.91895782947540283 0 -0.39435586333274841
vn 0.82076346874237061 0 -0.57126820087432861
vn 0.82076346874237061 0 -0.57126820087432861
vn 0.68896692991256714 0 -0.72479277849197388
vn 0.68896692991256714 0 -0.72479277849197388
vn 0.52896398305892944 0 -0.84864425659179688
vn 0.52896398305892944 0 -0.84864425659179688
vn 0.34730523824691772 0 -0.9377521276473999
vn 0.34730523824691772 0 -0.9377521276473999
vn 0.15142777562141418 0 -0.98846834897994995
vn 0.15142777562141418 0 -0.98846834897994995
vn -0.050649169832468033 0 -0.99871653318405151
vn -0.050649169832468033 0 -0.99871653318405151
vn -0.25065252184867859 0 -0.96807712316513062
vn -0.25065252184867859 0 -0.96807712316513062
vn -0.44039416313171387 0 -0.89780455827713013
vn -0.44039416313171387 0 -0.89780455827713013
vn -0.61210596561431885 0 -0.79077571630477905
vn -0.61210596561431885 0 -0.79077571630477905
vn -0.75875812768936157 0 -0.65137249231338501
vn -0.75875812768936157 0 -0.65137249231338501
vn -0.87434661388397217 0 -0.48530197143554688
vn -0.87434661388397217 0 -0.48530197143554688
vn -0.95413923263549805 0 -0.29936313629150391
vn -0.95413923263549805 0 -0.29936313629150391
vn -0.99486935138702393 0 -0.10116831958293915
vn -0.99486935138702393 0 -0.10116831958293915
vn -0.99486935138702393 0 0.10116831958293915
vn -0.99486935138702393 0 0.10116831958293915
vn -0.95413923263549805 0 0.29936313629150391
vn -0.95413923263549805 0 0.29936313629150391
vn -0.87434661388397217 0 0.48530197143554688
vn -0.87434661388397217 0 0.48530197143554688
vn -0.75875812768936157 0 0.65137249231338501
vn -0.75875812768936157 0 0.65137249231338501
vn -0.61210596561431885 0 0.79077571630477905
vn -0.61210596561431885 0 0.79077571630477905
vn -0.44039416313171387 0 0.89780455827713013
vn -0.44039416313171387 0 0.89780455827713013
vn -0.25065252184867859 0 0.96807712316513062
vn -0.25065252184867859 0 0.96807712316513062
vn -0.050649169832468033 0 0.99871653318405151
vn -0.050649169832468033 0 0.99871653318405151
vn 0.15142777562141418 0 0.98846834897994995
vn 0.15142777562141418 0 0.98846834897994995
vn 0.34730523824691772 0 0.9377521276473999
vn 0.34730523824691772 0 0.9377521276473999
vn 0.52896398305892944 0 0.84864425659179688
vn 0.52896398305892944 0 0.84864425659179688
vn 0.68896692991256714 0 0.72479277849197388
vn 0.68896692991256714 0 0.72479277849197388
vn 0.82076346874237061 0 0.57126820087432861
vn 0.82076346874237061 0 0.57126820087432861
vn 0.91895782947540283 0 0.39435586333274841
vn 0.91895782947540283 0 0.39435586333274841
vn 0.97952991724014282 0 0.20129851996898651
vn 0.97952991724014282 0 0.20129851996898651
vn 1 0 0
vn 1 0 0
vn 0 -1 0
vn 0 -1 0
vn 0 -1 0
vn 0 -1 0
vn 0 -1 0
vn 0 -1 0
vn 0 -1 0
vn 0 -1 0
vn 0 -1 0
vn 0 -1 0
vn 0 -1 0
vn 0 -1 0
vn 0 -1 0
vn 0 -1 0
vn 0 -1 0
vn 0 -1 0
vn 0 -1 0
vn 0 -1 0
vn 0 -1 0
vn 0 -1 0
vn 0 -1 0
vn 0 -1 0
vn 0 -1 0
vn 0 -1 0
vn 0 -1 0
vn 0 -1 0
vn 0 -1 0
vn 0 -1 0
vn 0 -1 0
vn 0 -1 0
vn 0 -1 0
vn 0 1 0
vn 0 1 0
vn 0 1 0
vn 0 1 0
vn 0 1 0
vn 0 1 0
vn 0 1 0
vn 0 1 0
vn 0 1 0
vn 0 1 0
vn 0 1 0
vn 0 1 0
vn 0 1 0
vn 0 1 0
vn 0 1 0
vn 0 1 0
vn 0 1 0
vn 0 1 0
vn 0 1 0
vn 0 1 0
vn 0 1 0
vn 0 1 0
vn 0 1 0
vn 0 1 0
vn 0 1 0
vn 0 1 0
vn 0 1 0
vn 0 1 0
vn 0 1 0
vn 0 1 0
vn 0 1 0
f 1387/1387/1387 1389/1389/1389 1390/1390/1390 1388/1388/1388
f 1389/1389/1389 1391/1391/1391 1392/1392/1392 1390/1390/1390
f 1391/1391/1391 1393/1393/1393 1394/1394/1394 1392/1392/1392
f 1393/1393/1393 1395/1395/1395 1396/1396/1396 1394/1394/1394
f 1395/1395/1395 1397/1397/1397 1398/1398/1398 1396/1396/1396
f 1397/1397/1397 1399/1399/1399 1400/1400/1400 1398/1398/1398
f 1399/1399/1399 1401/1401/1401 1402/1402/1402 1400/1400/1400
f 1401/1401/1401 1403/1403/1403 1404/1404/1404 1402/1402/1402
f 1403/1403/1403 1405/1405/1405 1406/1406/1406 1404/1404/1404
f 1405/1405/1405 1407/1407/1407 1408/1408/1408 1406/1406/1406
f 1407/1407/1407 1409/1409/1409 1410/1410/1410 1408/1408/1408
f 1409/1409/1409 1411/1411/1411 1412/1412/1412 1410/1410/1410
f 1411/1411/1411 1413/1413/1413 1414/1414/1414 1412/1412/1412
f 1413/1413/1413 1415/1415/1415 1416/1416/1416 1414/1414/1414
f 1415/1415/1415 1417/1417/1417 1418/1418/1418 1416/1416/1416
f 1417/1417/1417 1419/1419/1419 1420/1420/1420 1418/1418/1418
f 1419/1419/1419 1421/1421/1421 1422/1422/1422 1420/1420/1420
f 1421/1421/1421 1423/1423/1423 1424/1424/1424 1422/1422/1422
f 1423/1423/1423 1425/1425/1425 1426/1426/1426 1424/1424/1424
f 1425/1425/1425 1427/1427/1427 1428/1428/1428 1426/1426/1426
f 1427/1427/1427 1429/1429/1429 1430/1430/1430 1428/1428/1428
f 1429/1429/1429 1431/1431/1431 1432/1432/1432 1430/1430/1430
f 1431/1431/1431 1433/1433/1433 1434/1434/1434 1432/1432/1432
f 1433/1433/1433 1435/1435/1435 1436/1436/1436 1434/1434/1434
f 1435/1435/1435 1437/1437/1437 1438/1438/1438 1436/1436/1436
f 1437/1437/1437 1439/1439/1439 1440/1440/1440 1438/1438/1438
f 1439/1439/1439 1441/1441/1441 1442/1442/1442 1440/1440/1440
f 1441/1441/1441 1443/1443/1443 1444/1444/1444 1442/1442/1442
f 1443/1443/1443 1445/1445/1445 1446/1446/1446 1444/1444/1444
f 1445/1445/1445 1447/1447/1447 1448/1448/1448 1446/1446/1446
f 1447/1447/1447 1449/1449/1449 1450/1450/1450 1448/1448/1448
f 1468/1468/1468 1467/1467/1467 1469/1469/1469
f 1470/1470/1470 1469/1469/1469 1471/1471/1471
f 1473/1473/1473 1469/1469/1469 1474/1474/1474
f 1473/1473/1473 1472/1472/1472 1471/1471/1471
f 1473/1473/1473 1471/1471/1471 1469/1469/1469
f 1474/1474/1474 1469/1469/1469 1464/1464/1464
f 1465/1465/1465 1467/1467/1467 1466/1466/1466
f 1469/1469/1469 1465/1465/1465 1464/1464/1464
f 1465/1465/1465 1469/1469/1469 1467/1467/1467
f 1462/1462/1462 1464/1464/1464 1463/1463/1463
f 1461/1461/1461 1464/1464/1464 1462/1462/1462
f 1459/1459/1459 1464/1464/1464 1461/1461/1461
f 1460/1460/1460 1459/1459/1459 1461/1461/1461
f 1474/1474/1474 1464/1464/1464 1459/1459/1459
f 1474/1474/1474 1477/1477/1477 1476/1476/1476
f 1474/1474/1474 1479/1479/1479 1477/1477/1477
f 1478/1478/1478 1477/1477/1477 1479/1479/1479
f 1481/1481/1481 1480/1480/1480 1479/1479/1479
f 1474/1474/1474 1452/1452/1452 1481/1481/1481
f 1481/1481/1481 1479/1479/1479 1474/1474/1474
f 1481/1481/1481 1452/1452/1452 1451/1451/1451
f 1459/1459/1459 1457/1457/1457 1456/1456/1456
f 1457/1457/1457 1459/1459/1459 1458/1458/1458
f 1452/1452/1452 1459/1459/1459 1456/1456/1456
f 1454/1454/1454 1453/1453/1453 1452/1452/1452
f 1454/1454/1454 1456/1456/1456 1455/1455/1455
f 1452/1452/1452 1456/1456/1456 1454/1454/1454
f 1459/1459/1459 1452/1452/1452 1474/1474/1474
f 1475/1475/1475 1474/1474/1474 1476/1476/1476
f 1499/1499/1499 1500/1500/1500 1498/1498/1498
f 1501/1501/1501 1502/1502/1502 1500/1500/1500
f 1504/1504/1504 1505/1505/1505 1500/1500/1500
f 1504/1504/1504 1502/1502/1502 1503/1503/1503
f 1504/1504/1504 1500/1500/1500 1502/1502/1502
f 1505/1505/1505 1495/1495/1495 1500/1500/1500
f 1496/1496/1496 1497/1497/1497 1498/1498/1498
f 1500/1500/1500 1495/1495/1495 1496/1496/1496
f 1496/1496/1496 1498/1498/1498 1500/1500/1500
f 1493/1493/1493 1494/1494/1494 1495/1495/1495
f 1492/1492/1492 1493/1493/1493 1495/1495/1495
f 1490/1490/1490 1492/1492/1492 1495/1495/1495
f 1491/1491/1491 1492/1492/1492 1490/1490/1490
f 1505/1505/1505 1490/1490/1490 1495/1495/1495
f 1505/1505/1505 1507/1507/1507 1508/1508/1508
f 1505/1505/1505 1508/1508/1508 1510/1510/1510
f 1509/1509/1509 1510/1510/1510 1508/1508/1508
f 1512/1512/1512 1510/1510/1510 1511/1511/1511
f 1505/1505/1505 1512/1512/1512 1483/1483/1483
f 1512/1512/1512 1505/1505/1505 1510/1510/1510
f 1512/1512/1512 1482/1482/1482 1483/1483/1483
f 1490/1490/1490 1487/1487/1487 1488/1488/1488
f 1488/1488/1488 1489/1489/1489 1490/1490/1490
f 1483/1483/1483 1487/1487/1487 1490/1490/1490
f 1485/1485/1485 1483/1483/1483 1484/1484/1484
f 1485/1485/1485 1486/1486/1486 1487/1487/1487
f 1483/1483/1483 1485/1485/1485 1487/1487/1487
f 1490/1490/1490 1505/1505/1505 1483/1483/1483
f 1506/1506/1506 1507/1507/1507 1505/1505/1505
