# Rhino

mtllib PCaja_07.mtl
usemtl Default
v -109.90000152587891 164 -64
v -118 164 -64
v -118 160.94319152832031 -64.294715881347656
v -118 157.92143249511719 -65.199630737304688
v -118 155.07275390625 -66.722038269042969
v -118 152.56906127929688 -68.804740905761719
v -118 150.54083251953125 -71.348365783691406
v -118 149.09417724609375 -74.184806823730469
v -118 148.26025390625 -77.125946044921875
v -118 148 -80
v -118 148.29472351074219 -83.056808471679688
v -118 149.19963073730469 -86.078567504882812
v -118 150.72203063964844 -88.92724609375
v -118 152.80474853515625 -91.430931091308594
v -118 155.34837341308594 -93.45916748046875
v -118 158.184814453125 -94.90582275390625
v -118 161.12594604492188 -95.739753723144531
v -118 164 -96
v -118 167.05680847167969 -95.705284118652344
v -118 170.07856750488281 -94.800369262695312
v -118 172.92724609375 -93.277961730957031
v -118 175.43093872070312 -91.195259094238281
v -118 177.45916748046875 -88.651634216308594
v -118 178.90582275390625 -85.815193176269531
v -118 179.73974609375 -82.874053955078125
v -118 180 -80
v -118 179.70527648925781 -76.943191528320312
v -118 178.80036926269531 -73.921432495117188
v -118 177.27796936035156 -71.07275390625
v -118 175.19525146484375 -68.569068908691406
v -118 172.65162658691406 -66.54083251953125
v -118 169.815185546875 -65.09417724609375
v -118 166.87405395507812 -64.260246276855469
v -109.90000152587891 164 -64
v -118 164 -64
v -109.90000152587891 161.67037963867188 -64.170509338378906
v -109.90000152587891 159.39041137695312 -64.678390502929688
v -109.90000152587891 157.20869445800781 -65.512825012207031
v -109.90000152587891 155.17172241210938 -66.656036376953125
v -109.90000152587891 153.32290649414062 -68.083648681640625
v -109.90000152587891 151.70164489746094 -69.765228271484375
v -109.90000152587891 150.34251403808594 -71.664955139160156
v -109.90000152587891 149.27445983886719 -73.742324829101562
v -109.90000152587891 148.520263671875 -75.95306396484375
v -109.90000152587891 148.09597778320312 -78.25006103515625
v -109.90000152587891 148.01068115234375 -80.5843505859375
v -109.90000152587891 148.26614379882812 -82.90618896484375
v -109.90000152587891 148.85696411132812 -85.166084289550781
v -109.90000152587891 149.77052307128906 -87.315879821777344
v -109.90000152587891 150.98736572265625 -89.309745788574219
v -109.90000152587891 152.48153686523438 -91.105186462402344
v -109.90000152587891 154.22122192382812 -92.6639404296875
v -109.90000152587891 156.1693115234375 -93.952789306640625
v -109.90000152587891 158.2843017578125 -94.944259643554688
v -109.90000152587891 160.5211181640625 -95.617210388183594
v -109.90000152587891 162.83207702636719 -95.957313537597656
v -109.90000152587891 165.16792297363281 -95.957313537597656
v -109.90000152587891 167.4788818359375 -95.617210388183594
v -109.90000152587891 169.7156982421875 -94.944259643554688
v -109.90000152587891 171.8306884765625 -93.952789306640625
v -109.90000152587891 173.77877807617188 -92.6639404296875
v -109.90000152587891 175.51846313476562 -91.105186462402344
v -109.90000152587891 177.01263427734375 -89.309745788574219
v -109.90000152587891 178.22947692871094 -87.315879821777344
v -109.90000152587891 179.14303588867188 -85.166084289550781
v -109.90000152587891 179.73385620117188 -82.90618896484375
v -109.90000152587891 179.98931884765625 -80.5843505859375
v -109.90000152587891 179.90402221679688 -78.25006103515625
v -109.90000152587891 179.479736328125 -75.95306396484375
v -109.90000152587891 178.72554016113281 -73.742324829101562
v -109.90000152587891 177.65748596191406 -71.664955139160156
v -109.90000152587891 176.29835510253906 -69.765228271484375
v -109.90000152587891 174.67709350585938 -68.083648681640625
v -109.90000152587891 172.82827758789062 -66.656036376953125
v -109.90000152587891 170.79130554199219 -65.512825012207031
v -109.90000152587891 168.60958862304688 -64.678390502929688
v -109.90000152587891 166.32962036132812 -64.170509338378906
v -108 164 -66
v -118 164 -66
v -108 166.67471313476562 -66.25787353515625
v -118 166.67471313476562 -66.25787353515625
v -108 169.31874084472656 -67.049674987792969
v -118 169.31874084472656 -67.049674987792969
v -108 171.81134033203125 -68.381782531738281
v -118 171.81134033203125 -68.381782531738281
v -108 174.00205993652344 -70.204147338867188
v -118 174.00205993652344 -70.204147338867188
v -108 175.77677917480469 -72.429824829101562
v -118 175.77677917480469 -72.429824829101562
v -108 177.04258728027344 -74.911705017089844
v -118 177.04258728027344 -74.911705017089844
v -108 177.77227783203125 -77.485206604003906
v -118 177.77227783203125 -77.485206604003906
v -108 178 -80
v -118 178 -80
v -108 177.74212646484375 -82.674705505371094
v -118 177.74212646484375 -82.674705505371094
v -108 176.95033264160156 -85.318748474121094
v -118 176.95033264160156 -85.318748474121094
v -108 175.61820983886719 -87.81134033203125
v -118 175.61820983886719 -87.81134033203125
v -108 173.79585266113281 -90.002067565917969
v -118 173.79585266113281 -90.002067565917969
v -108 171.57017517089844 -91.776771545410156
v -118 171.57017517089844 -91.776771545410156
v -108 169.08828735351562 -93.042594909667969
v -118 169.08828735351562 -93.042594909667969
v -108 166.51480102539062 -93.772285461425781
v -118 166.51480102539062 -93.772285461425781
v -108 164 -94
v -118 164 -94
v -108 161.32528686523438 -93.74212646484375
v -118 161.32528686523438 -93.74212646484375
v -108 158.68125915527344 -92.950325012207031
v -118 158.68125915527344 -92.950325012207031
v -108 156.18865966796875 -91.618217468261719
v -118 156.18865966796875 -91.618217468261719
v -108 153.99794006347656 -89.795852661132812
v -118 153.99794006347656 -89.795852661132812
v -108 152.22322082519531 -87.570175170898438
v -118 152.22322082519531 -87.570175170898438
v -108 150.95741271972656 -85.088294982910156
v -118 150.95741271972656 -85.088294982910156
v -108 150.22772216796875 -82.514793395996094
v -118 150.22772216796875 -82.514793395996094
v -108 150 -80
v -118 150 -80
v -108 150.25787353515625 -77.325294494628906
v -118 150.25787353515625 -77.325294494628906
v -108 151.04966735839844 -74.681251525878906
v -118 151.04966735839844 -74.681251525878906
v -108 152.38179016113281 -72.18865966796875
v -118 152.38179016113281 -72.18865966796875
v -108 154.20414733886719 -69.997932434082031
v -118 154.20414733886719 -69.997932434082031
v -108 156.42982482910156 -68.223228454589844
v -118 156.42982482910156 -68.223228454589844
v -108 158.91171264648438 -66.957405090332031
v -118 158.91171264648438 -66.957405090332031
v -108 161.48519897460938 -66.227714538574219
v -118 161.48519897460938 -66.227714538574219
v -108 164 -66
v -118 164 -66
v -108 164 -66
v -108 166.67471313476562 -66.25787353515625
v -108 169.31874084472656 -67.049674987792969
v -108 171.81134033203125 -68.381782531738281
v -108 174.00205993652344 -70.204147338867188
v -108 175.77677917480469 -72.429824829101562
v -108 177.04258728027344 -74.911705017089844
v -108 177.77227783203125 -77.485206604003906
v -108 178 -80
v -108 177.74212646484375 -82.674705505371094
v -108 176.95033264160156 -85.318748474121094
v -108 175.61820983886719 -87.81134033203125
v -108 173.79585266113281 -90.002067565917969
v -108 171.57017517089844 -91.776771545410156
v -108 169.08828735351562 -93.042594909667969
v -108 166.51480102539062 -93.772285461425781
v -108 164 -94
v -108 161.32528686523438 -93.74212646484375
v -108 158.68125915527344 -92.950325012207031
v -108 156.18865966796875 -91.618217468261719
v -108 153.99794006347656 -89.795852661132812
v -108 152.22322082519531 -87.570175170898438
v -108 150.95741271972656 -85.088294982910156
v -108 150.22772216796875 -82.514793395996094
v -108 150 -80
v -108 150.25787353515625 -77.325294494628906
v -108 151.04966735839844 -74.681251525878906
v -108 152.38179016113281 -72.18865966796875
v -108 154.20414733886719 -69.997932434082031
v -108 156.42982482910156 -68.223228454589844
v -108 158.91171264648438 -66.957405090332031
v -108 161.48519897460938 -66.227714538574219
v -108 164 -65.900001525878906
v -108 161.1165771484375 -66.197975158691406
v -108 158.44071960449219 -67.042205810546875
v -108 156.02235412597656 -68.373863220214844
v -108 153.93182373046875 -70.128730773925781
v -108 152.21858215332031 -72.253501892089844
v -108 150.94682312011719 -74.668548583984375
v -108 150.1641845703125 -77.283370971679688
v -108 149.89999389648438 -80
v -108 150.19798278808594 -82.883430480957031
v -108 151.04220581054688 -85.559288024902344
v -108 152.37385559082031 -87.977653503417969
v -108 154.12873840332031 -90.068168640136719
v -108 156.25349426269531 -91.781417846679688
v -108 158.66854858398438 -93.053184509277344
v -108 161.28337097167969 -93.835823059082031
v -108 164 -94.099998474121094
v -108 166.8834228515625 -93.802024841308594
v -108 169.55928039550781 -92.957794189453125
v -108 171.97764587402344 -91.626136779785156
v -108 174.06817626953125 -89.871269226074219
v -108 175.78141784667969 -87.746498107910156
v -108 177.05317687988281 -85.331451416015625
v -108 177.8358154296875 -82.716629028320312
v -108 178.10000610351562 -80
v -108 177.80201721191406 -77.116569519042969
v -108 176.95779418945312 -74.440711975097656
v -108 175.62614440917969 -72.022346496582031
v -108 173.87126159667969 -69.931831359863281
v -108 171.74650573730469 -68.218582153320312
v -108 169.33145141601562 -66.946815490722656
v -108 166.71662902832031 -66.164176940917969
v -118 164 -64
v -118 160.94319152832031 -64.294715881347656
v -118 157.92143249511719 -65.199630737304688
v -118 155.07275390625 -66.722038269042969
v -118 152.56906127929688 -68.804740905761719
v -118 150.54083251953125 -71.348365783691406
v -118 149.09417724609375 -74.184806823730469
v -118 148.26025390625 -77.125946044921875
v -118 148 -80
v -118 148.29472351074219 -83.056808471679688
v -118 149.19963073730469 -86.078567504882812
v -118 150.72203063964844 -88.92724609375
v -118 152.80474853515625 -91.430931091308594
v -118 155.34837341308594 -93.45916748046875
v -118 158.184814453125 -94.90582275390625
v -118 161.12594604492188 -95.739753723144531
v -118 164 -96
v -118 167.05680847167969 -95.705284118652344
v -118 170.07856750488281 -94.800369262695312
v -118 172.92724609375 -93.277961730957031
v -118 175.43093872070312 -91.195259094238281
v -118 177.45916748046875 -88.651634216308594
v -118 178.90582275390625 -85.815193176269531
v -118 179.73974609375 -82.874053955078125
v -118 180 -80
v -118 179.70527648925781 -76.943191528320312
v -118 178.80036926269531 -73.921432495117188
v -118 177.27796936035156 -71.07275390625
v -118 175.19525146484375 -68.569068908691406
v -118 172.65162658691406 -66.54083251953125
v -118 169.815185546875 -65.09417724609375
v -118 166.87405395507812 -64.260246276855469
v -118 164 -66
v -118 166.67471313476562 -66.25787353515625
v -118 169.31874084472656 -67.049674987792969
v -118 171.81134033203125 -68.381782531738281
v -118 174.00205993652344 -70.204147338867188
v -118 175.77677917480469 -72.429824829101562
v -118 177.04258728027344 -74.911705017089844
v -118 177.77227783203125 -77.485206604003906
v -118 178 -80
v -118 177.74212646484375 -82.674705505371094
v -118 176.95033264160156 -85.318748474121094
v -118 175.61820983886719 -87.81134033203125
v -118 173.79585266113281 -90.002067565917969
v -118 171.57017517089844 -91.776771545410156
v -118 169.08828735351562 -93.042594909667969
v -118 166.51480102539062 -93.772285461425781
v -118 164 -94
v -118 161.32528686523438 -93.74212646484375
v -118 158.68125915527344 -92.950325012207031
v -118 156.18865966796875 -91.618217468261719
v -118 153.99794006347656 -89.795852661132812
v -118 152.22322082519531 -87.570175170898438
v -118 150.95741271972656 -85.088294982910156
v -118 150.22772216796875 -82.514793395996094
v -118 150 -80
v -118 150.25787353515625 -77.325294494628906
v -118 151.04966735839844 -74.681251525878906
v -118 152.38179016113281 -72.18865966796875
v -118 154.20414733886719 -69.997932434082031
v -118 156.42982482910156 -68.223228454589844
v -118 158.91171264648438 -66.957405090332031
v -118 161.48519897460938 -66.227714538574219
v -109.90000152587891 164 -64
v -109.17816925048828 164 -64.1424560546875
v -108.54257965087891 164 -64.570564270019531
v -108.12993621826172 164 -65.209449768066406
v -108 164 -65.900001525878906
v -109.17816925048828 160.75715637207031 -64.477577209472656
v -108.54257965087891 160.84469604492188 -64.896636962890625
v -108.12993621826172 160.97535705566406 -65.522018432617188
v -108 161.1165771484375 -66.197975158691406
v -109.17816925048828 157.74775695800781 -65.427040100097656
v -108.54257965087891 157.91654968261719 -65.820465087890625
v -108.12993621826172 158.16844177246094 -66.4075927734375
v -108 158.44071960449219 -67.042205810546875
v -109.17816925048828 155.0279541015625 -66.9246826171875
v -108.54257965087891 155.27017211914062 -67.277679443359375
v -108.12993621826172 155.63163757324219 -67.804466247558594
v -108 156.02235412597656 -68.373863220214844
v -109.17816925048828 152.67684936523438 -68.898292541503906
v -108.54257965087891 152.9825439453125 -69.198005676269531
v -108.12993621826172 153.43873596191406 -69.645278930664062
v -108 153.93182373046875 -70.128730773925781
v -109.17816925048828 150.75004577636719 -71.287910461425781
v -108.54257965087891 151.10775756835938 -71.523109436035156
v -108.12993621826172 151.64158630371094 -71.874114990234375
v -108 152.21858215332031 -72.253501892089844
v -109.17816925048828 149.31976318359375 -74.003990173339844
v -108.54257965087891 149.71607971191406 -74.165863037109375
v -108.12993621826172 150.30752563476562 -74.407432556152344
v -108 150.94682312011719 -74.668548583984375
v -109.17816925048828 148.43955993652344 -76.944747924804688
v -108.54257965087891 148.85964965820312 -77.027236938476562
v -108.12993621826172 149.48655700683594 -77.15032958984375
v -108 150.1641845703125 -77.283370971679688
v -109.17816925048828 148.1424560546875 -80
v -108.54257965087891 148.570556640625 -80
v -108.12993621826172 149.20944213867188 -80
v -108 149.89999389648438 -80
v -109.17816925048828 148.47756958007812 -83.242843627929688
v -108.54257965087891 148.89663696289062 -83.155296325683594
v -108.12993621826172 149.52201843261719 -83.024650573730469
v -108 150.19798278808594 -82.883430480957031
v -109.17816925048828 149.42703247070312 -86.252243041992188
v -108.54257965087891 149.82046508789062 -86.083450317382812
v -108.12993621826172 150.4075927734375 -85.831550598144531
v -108 151.04220581054688 -85.559288024902344
v -109.17816925048828 150.9246826171875 -88.972053527832031
v -108.54257965087891 151.27767944335938 -88.729835510253906
v -108.12993621826172 151.80447387695312 -88.368362426757812
v -108 152.37385559082031 -87.977653503417969
v -109.17816925048828 152.89830017089844 -91.323150634765625
v -108.54257965087891 153.19801330566406 -91.017463684082031
v -108.12993621826172 153.64527893066406 -90.561264038085938
v -108 154.12873840332031 -90.068168640136719
v -109.17816925048828 155.28791809082031 -93.249954223632812
v -108.54257965087891 155.52311706542969 -92.892242431640625
v -108.12993621826172 155.87411499023438 -92.358413696289062
v -108 156.25349426269531 -91.781417846679688
v -109.17816925048828 158.00398254394531 -94.680244445800781
v -108.54257965087891 158.16586303710938 -94.283920288085938
v -108.12993621826172 158.40744018554688 -93.692466735839844
v -108 158.66854858398438 -93.053184509277344
v -109.17816925048828 160.94474792480469 -95.560432434082031
v -108.54257965087891 161.02723693847656 -95.140350341796875
v -108.12993621826172 161.15032958984375 -94.513435363769531
v -108 161.28337097167969 -93.835823059082031
v -109.17816925048828 164 -95.8575439453125
v -108.54257965087891 164 -95.429435729980469
v -108.12993621826172 164 -94.790550231933594
v -108 164 -94.099998474121094
v -109.17816925048828 167.24284362792969 -95.522422790527344
v -108.54257965087891 167.15530395507812 -95.103363037109375
v -108.12993621826172 167.02464294433594 -94.477981567382812
v -108 166.8834228515625 -93.802024841308594
v -109.17816925048828 170.25224304199219 -94.572959899902344
v -108.54257965087891 170.08345031738281 -94.179534912109375
v -108.12993621826172 169.83155822753906 -93.5924072265625
v -108 169.55928039550781 -92.957794189453125
v -109.17816925048828 172.9720458984375 -93.0753173828125
v -108.54257965087891 172.72982788085938 -92.722320556640625
v -108.12993621826172 172.36836242675781 -92.195533752441406
v -108 171.97764587402344 -91.626136779785156
v -109.17816925048828 175.32315063476562 -91.101707458496094
v -108.54257965087891 175.0174560546875 -90.801994323730469
v -108.12993621826172 174.56126403808594 -90.354721069335938
v -108 174.06817626953125 -89.871269226074219
v -109.17816925048828 177.24995422363281 -88.712089538574219
v -108.54257965087891 176.89224243164062 -88.476890563964844
v -108.12993621826172 176.35841369628906 -88.125885009765625
v -108 175.78141784667969 -87.746498107910156
v -109.17816925048828 178.68023681640625 -85.996009826660156
v -108.54257965087891 178.28392028808594 -85.834136962890625
v -108.12993621826172 177.69247436523438 -85.592567443847656
v -108 177.05317687988281 -85.331451416015625
v -109.17816925048828 179.56044006347656 -83.055252075195312
v -108.54257965087891 179.14035034179688 -82.972763061523438
v -108.12993621826172 178.51344299316406 -82.84967041015625
v -108 177.8358154296875 -82.716629028320312
v -109.17816925048828 179.8575439453125 -80
v -108.54257965087891 179.429443359375 -80
v -108.12993621826172 178.79055786132812 -80
v -108 178.10000610351562 -80
v -109.17816925048828 179.52243041992188 -76.757156372070312
v -108.54257965087891 179.10336303710938 -76.844703674316406
v -108.12993621826172 178.47798156738281 -76.975349426269531
v -108 177.80201721191406 -77.116569519042969
v -109.17816925048828 178.57296752929688 -73.747756958007812
v -108.54257965087891 178.17953491210938 -73.916549682617188
v -108.12993621826172 177.5924072265625 -74.168449401855469
v -108 176.95779418945312 -74.440711975097656
v -109.17816925048828 177.0753173828125 -71.027946472167969
v -108.54257965087891 176.72232055664062 -71.270164489746094
v -108.12993621826172 176.19552612304688 -71.631637573242188
v -108 175.62614440917969 -72.022346496582031
v -109.17816925048828 175.10169982910156 -68.676849365234375
v -108.54257965087891 174.80198669433594 -68.982536315917969
v -108.12993621826172 174.35472106933594 -69.438735961914062
v -108 173.87126159667969 -69.931831359863281
v -109.17816925048828 172.71208190917969 -66.750045776367188
v -108.54257965087891 172.47688293457031 -67.107757568359375
v -108.12993621826172 172.12588500976562 -67.641586303710938
v -108 171.74650573730469 -68.218582153320312
v -109.17816925048828 169.99601745605469 -65.319755554199219
v -108.54257965087891 169.83413696289062 -65.716079711914062
v -108.12993621826172 169.59255981445312 -66.307533264160156
v -108 169.33145141601562 -66.946815490722656
v -109.17816925048828 167.05525207519531 -64.439567565917969
v -108.54257965087891 166.97276306152344 -64.859649658203125
v -108.12993621826172 166.84967041015625 -65.486564636230469
v -108 166.71662902832031 -66.164176940917969
v -109.90000152587891 164 -64
v -109.17816925048828 164 -64.1424560546875
v -108.54257965087891 164 -64.570564270019531
v -108.12993621826172 164 -65.209449768066406
v -108 164 -65.900001525878906
v -109.90000152587891 161.67037963867188 -64.170509338378906
v -109.90000152587891 159.39041137695312 -64.678390502929688
v -109.90000152587891 157.20869445800781 -65.512825012207031
v -109.90000152587891 155.17172241210938 -66.656036376953125
v -109.90000152587891 153.32290649414062 -68.083648681640625
v -109.90000152587891 151.70164489746094 -69.765228271484375
v -109.90000152587891 150.34251403808594 -71.664955139160156
v -109.90000152587891 149.27445983886719 -73.742324829101562
v -109.90000152587891 148.520263671875 -75.95306396484375
v -109.90000152587891 148.09597778320312 -78.25006103515625
v -109.90000152587891 148.01068115234375 -80.5843505859375
v -109.90000152587891 148.26614379882812 -82.90618896484375
v -109.90000152587891 148.85696411132812 -85.166084289550781
v -109.90000152587891 149.77052307128906 -87.315879821777344
v -109.90000152587891 150.98736572265625 -89.309745788574219
v -109.90000152587891 152.48153686523438 -91.105186462402344
v -109.90000152587891 154.22122192382812 -92.6639404296875
v -109.90000152587891 156.1693115234375 -93.952789306640625
v -109.90000152587891 158.2843017578125 -94.944259643554688
v -109.90000152587891 160.5211181640625 -95.617210388183594
v -109.90000152587891 162.83207702636719 -95.957313537597656
v -109.90000152587891 165.16792297363281 -95.957313537597656
v -109.90000152587891 167.4788818359375 -95.617210388183594
v -109.90000152587891 169.7156982421875 -94.944259643554688
v -109.90000152587891 171.8306884765625 -93.952789306640625
v -109.90000152587891 173.77877807617188 -92.6639404296875
v -109.90000152587891 175.51846313476562 -91.105186462402344
v -109.90000152587891 177.01263427734375 -89.309745788574219
v -109.90000152587891 178.22947692871094 -87.315879821777344
v -109.90000152587891 179.14303588867188 -85.166084289550781
v -109.90000152587891 179.73385620117188 -82.90618896484375
v -109.90000152587891 179.98931884765625 -80.5843505859375
v -109.90000152587891 179.90402221679688 -78.25006103515625
v -109.90000152587891 179.479736328125 -75.95306396484375
v -109.90000152587891 178.72554016113281 -73.742324829101562
v -109.90000152587891 177.65748596191406 -71.664955139160156
v -109.90000152587891 176.29835510253906 -69.765228271484375
v -109.90000152587891 174.67709350585938 -68.083648681640625
v -109.90000152587891 172.82827758789062 -66.656036376953125
v -109.90000152587891 170.79130554199219 -65.512825012207031
v -109.90000152587891 168.60958862304688 -64.678390502929688
v -109.90000152587891 166.32962036132812 -64.170509338378906
vt 0.028831563889980316 0.74667102098464966
vt 0.028831563889980316 0.82491832971572876
vt 0.060616698116064072 0.82491832971572876
vt 0.091379605233669281 0.82491832971572876
vt 0.12164627760648727 0.82491832971572876
vt 0.15156850218772888 0.82491832971572876
vt 0.18149074912071228 0.82491832971572876
vt 0.21141299605369568 0.82491832971572876
vt 0.24133521318435669 0.82491832971572876
vt 0.27125746011734009 0.82491832971572876
vt 0.30304259061813354 0.82491832971572876
vt 0.33380550146102905 0.82491832971572876
vt 0.36407217383384705 0.82491832971572876
vt 0.39399442076683044 0.82491832971572876
vt 0.42391663789749146 0.82491832971572876
vt 0.45383888483047485 0.82491832971572876
vt 0.48376113176345825 0.82491832971572876
vt 0.51368337869644165 0.82491832971572876
vt 0.54546850919723511 0.82491832971572876
vt 0.57623142004013062 0.82491832971572876
vt 0.60649806261062622 0.82491832971572876
vt 0.63642030954360962 0.82491832971572876
vt 0.66634249687194824 0.82491832971572876
vt 0.69626480340957642 0.82491832971572876
vt 0.72618705034255981 0.82491832971572876
vt 0.75610923767089844 0.82491832971572876
vt 0.78789442777633667 0.82491832971572876
vt 0.81865733861923218 0.82491832971572876
vt 0.84892398118972778 0.82491832971572876
vt 0.87884616851806641 0.82491832971572876
vt 0.9087684154510498 0.82491832971572876
vt 0.93869072198867798 0.82491832971572876
vt 0.9686129093170166 0.82491832971572876
vt 0.99853515625 0.74667102098464966
vt 0.99853515625 0.82491832971572876
vt 0.053186021745204926 0.74667102098464966
vt 0.0763884037733078 0.74667102098464966
vt 0.098751373589038849 0.74667102098464966
vt 0.1205478310585022 0.74667102098464966
vt 0.14202503859996796 0.74667102098464966
vt 0.16341625154018402 0.74667102098464966
vt 0.184951052069664 0.74667102098464966
vt 0.20686516165733337 0.74667102098464966
vt 0.22941111028194427 0.74667102098464966
vt 0.25287029147148132 0.74667102098464966
vt 0.27747315168380737 0.74667102098464966
vt 0.30150747299194336 0.74667102098464966
vt 0.32447251677513123 0.74667102098464966
vt 0.34666949510574341 0.74667102098464966
vt 0.36836370825767517 0.74667102098464966
vt 0.38979783654212952 0.74667102098464966
vt 0.41120335459709167 0.74667102098464966
vt 0.43281042575836182 0.74667102098464966
vt 0.45485791563987732 0.74667102098464966
vt 0.47760435938835144 0.74667102098464966
vt 0.50134056806564331 0.74667102098464966
vt 0.52602612972259521 0.74667102098464966
vt 0.54976236820220947 0.74667102098464966
vt 0.57250881195068359 0.74667102098464966
vt 0.59455633163452148 0.74667102098464966
vt 0.61616337299346924 0.74667102098464966
vt 0.6375688910484314 0.74667102098464966
vt 0.65900301933288574 0.74667102098464966
vt 0.68069720268249512 0.74667102098464966
vt 0.70289421081542969 0.74667102098464966
vt 0.72585922479629517 0.74667102098464966
vt 0.74989354610443115 0.74667102098464966
vt 0.77449643611907959 0.74667102098464966
vt 0.79795563220977783 0.74667102098464966
vt 0.82050156593322754 0.74667102098464966
vt 0.84241569042205811 0.74667102098464966
vt 0.86395043134689331 0.74667102098464966
vt 0.88534170389175415 0.74667102098464966
vt 0.9068189263343811 0.74667102098464966
vt 0.92861533164978027 0.74667102098464966
vt 0.95097833871841431 0.74667102098464966
vt 0.97418069839477539 0.74667102098464966
vt 0.028831563889980316 0.8471367359161377
vt 0.028831563889980316 0.94373834133148193
vt 0.056685566902160645 0.8471367359161377
vt 0.056685566902160645 0.94373834133148193
vt 0.083643771708011627 0.8471367359161377
vt 0.083643771708011627 0.94373834133148193
vt 0.11016711592674255 0.8471367359161377
vt 0.11016711592674255 0.94373834133148193
vt 0.13638861477375031 0.8471367359161377
vt 0.13638861477375031 0.94373834133148193
vt 0.16261012852191925 0.8471367359161377
vt 0.16261012852191925 0.94373834133148193
vt 0.1888316422700882 0.8471367359161377
vt 0.1888316422700882 0.94373834133148193
vt 0.21505314111709595 0.8471367359161377
vt 0.21505314111709595 0.94373834133148193
vt 0.24127465486526489 0.8471367359161377
vt 0.24127465486526489 0.94373834133148193
vt 0.26912868022918701 0.8471367359161377
vt 0.26912868022918701 0.94373834133148193
vt 0.2960868775844574 0.8471367359161377
vt 0.2960868775844574 0.94373834133148193
vt 0.32261019945144653 0.8471367359161377
vt 0.32261019945144653 0.94373834133148193
vt 0.34883174300193787 0.8471367359161377
vt 0.34883174300193787 0.94373834133148193
vt 0.37505322694778442 0.8471367359161377
vt 0.37505322694778442 0.94373834133148193
vt 0.40127474069595337 0.8471367359161377
vt 0.40127474069595337 0.94373834133148193
vt 0.42749625444412231 0.8471367359161377
vt 0.42749625444412231 0.94373834133148193
vt 0.45371776819229126 0.8471367359161377
vt 0.45371776819229126 0.94373834133148193
vt 0.48157176375389099 0.8471367359161377
vt 0.48157176375389099 0.94373834133148193
vt 0.50852996110916138 0.8471367359161377
vt 0.50852996110916138 0.94373834133148193
vt 0.5350533127784729 0.8471367359161377
vt 0.5350533127784729 0.94373834133148193
vt 0.56127482652664185 0.8471367359161377
vt 0.56127482652664185 0.94373834133148193
vt 0.58749628067016602 0.8471367359161377
vt 0.58749628067016602 0.94373834133148193
vt 0.61371785402297974 0.8471367359161377
vt 0.61371785402297974 0.94373834133148193
vt 0.63993936777114868 0.8471367359161377
vt 0.63993936777114868 0.94373834133148193
vt 0.66616082191467285 0.8471367359161377
vt 0.66616082191467285 0.94373834133148193
vt 0.69401484727859497 0.8471367359161377
vt 0.69401484727859497 0.94373834133148193
vt 0.72097307443618774 0.8471367359161377
vt 0.72097307443618774 0.94373834133148193
vt 0.74749642610549927 0.8471367359161377
vt 0.74749642610549927 0.94373834133148193
vt 0.77371788024902344 0.8471367359161377
vt 0.77371788024902344 0.94373834133148193
vt 0.79993939399719238 0.8471367359161377
vt 0.79993939399719238 0.94373834133148193
vt 0.8261609673500061 0.8471367359161377
vt 0.8261609673500061 0.94373834133148193
vt 0.85238242149353027 0.8471367359161377
vt 0.85238242149353027 0.94373834133148193
vt 0.87860393524169922 0.8471367359161377
vt 0.87860393524169922 0.94373834133148193
vt 0.16503982245922089 0.27145048975944519
vt 0.19087792932987213 0.26895937323570251
vt 0.2164197713136673 0.26131048798561096
vt 0.2404986172914505 0.24844209849834442
vt 0.26166138052940369 0.23083774745464325
vt 0.27880534529685974 0.20933739840984344
vt 0.29103338718414307 0.18536198139190674
vt 0.29808229207992554 0.16050159931182861
vt 0.3002820611000061 0.13620826601982117
vt 0.29779094457626343 0.11037015914916992
vt 0.29014205932617188 0.084828317165374756
vt 0.27727365493774414 0.060749467462301254
vt 0.25966930389404297 0.039586704224348068
vt 0.23816896975040436 0.022442739456892014
vt 0.21419355273246765 0.01021470595151186
vt 0.18933315575122833 0.0031657915096729994
vt 0.16503982245922089 0.00096601602854207158
vt 0.13920173048973083 0.0034571497235447168
vt 0.11365988850593567 0.011106035672128201
vt 0.089581027626991272 0.023974420502781868
vt 0.068418271839618683 0.041578777134418488
vt 0.051274307072162628 0.063079126179218292
vt 0.039046265184879303 0.087054535746574402
vt 0.031997349113225937 0.11191493272781372
vt 0.029797583818435669 0.13620826601982117
vt 0.032288707792758942 0.16204635798931122
vt 0.039937593042850494 0.18758819997310638
vt 0.052805986255407333 0.21166706085205078
vt 0.070410341024398804 0.23282980918884277
vt 0.091910690069198608 0.24997377395629883
vt 0.11588610708713531 0.26220181584358215
vt 0.14074648916721344 0.26925075054168701
vt 0.16503982245922089 0.27241653203964233
vt 0.13718542456626892 0.26953801512718201
vt 0.11133623868227005 0.26138260960578918
vt 0.087974444031715393 0.24851863086223602
vt 0.067779675126075745 0.23156629502773285
vt 0.051229458302259445 0.2110406905412674
vt 0.038943968713283539 0.1877109557390213
vt 0.031383577734231949 0.16245129704475403
vt 0.028831563889980316 0.13620826601982117
vt 0.031710077077150345 0.1083538681268692
vt 0.039865482598543167 0.082504674792289734
vt 0.052729461342096329 0.059142876416444778
vt 0.069681793451309204 0.038948114961385727
vt 0.090207397937774658 0.022397901862859726
vt 0.11353714019060135 0.010112413205206394
vt 0.13879679143428802 0.0025520105846226215
vt 0.16503982245922089 0
vt 0.19289422035217285 0.0028785092290490866
vt 0.21874341368675232 0.011033923365175724
vt 0.24210521578788757 0.023897901177406311
vt 0.26229998469352722 0.040850229561328888
vt 0.27885019779205322 0.061375834047794342
vt 0.29113566875457764 0.084705568850040436
vt 0.29869607090950012 0.10996522009372711
vt 0.30124807357788086 0.13620826601982117
vt 0.29836958646774292 0.16406266391277313
vt 0.29021415114402771 0.18991184234619141
vt 0.27735018730163574 0.21327364444732666
vt 0.26039785146713257 0.23346841335296631
vt 0.23987226188182831 0.25001862645149231
vt 0.21654252707958221 0.26230412721633911
vt 0.19128286838531494 0.26986449956893921
vt 0.18339413404464722 0.65889459848403931
vt 0.15386487543582916 0.65604758262634277
vt 0.12467419356107712 0.64730602502822876
vt 0.097155503928661346 0.63259929418563843
vt 0.072969481348991394 0.6124800443649292
vt 0.053376395255327225 0.58790820837020874
vt 0.039401490241289139 0.56050771474838257
vt 0.031345583498477936 0.53209584951400757
vt 0.028831563889980316 0.50433206558227539
vt 0.031678564846515656 0.47480279207229614
vt 0.040420152246952057 0.4456121027469635
vt 0.055126890540122986 0.41809341311454773
vt 0.075246147811412811 0.39390739798545837
vt 0.099817976355552673 0.37431430816650391
vt 0.12721845507621765 0.36033940315246582
vt 0.15563032031059265 0.35228350758552551
vt 0.18339413404464722 0.3497694730758667
vt 0.21292337775230408 0.35261648893356323
vt 0.24211405217647552 0.36135807633399963
vt 0.26963275671005249 0.37606480717658997
vt 0.29381877183914185 0.39618405699729919
vt 0.31341186165809631 0.42075589299201965
vt 0.3273867666721344 0.44815635681152344
vt 0.33544266223907471 0.47656822204589844
vt 0.33795669674873352 0.50433206558227539
vt 0.33510968089103699 0.53386127948760986
vt 0.32636809349060059 0.56305199861526489
vt 0.31166139245033264 0.59057068824768066
vt 0.29154211282730103 0.61475670337677002
vt 0.26697027683258057 0.6343497633934021
vt 0.23956981301307678 0.64832466840744019
vt 0.21115794777870178 0.65638059377670288
vt 0.18339413404464722 0.63957428932189941
vt 0.20923222601413727 0.63708317279815674
vt 0.23477406799793243 0.62943428754806519
vt 0.25885292887687683 0.61656588315963745
vt 0.28001567721366882 0.59896153211593628
vt 0.29715964198112488 0.57746118307113647
vt 0.3093876838684082 0.55348575115203857
vt 0.31643658876419067 0.52862536907196045
vt 0.31863638758659363 0.50433206558227539
vt 0.31614524126052856 0.47849395871162415
vt 0.30849635601043701 0.45295211672782898
vt 0.29562798142433167 0.42887324094772339
vt 0.27802360057830811 0.4077104926109314
vt 0.2565232515335083 0.39056652784347534
vt 0.23254786431789398 0.37833848595619202
vt 0.20768746733665466 0.37128958106040955
vt 0.18339413404464722 0.36908978223800659
vt 0.15755602717399597 0.37158092856407166
vt 0.13201418519020081 0.37922981381416321
vt 0.10793533176183701 0.39209818840026855
vt 0.08677256852388382 0.40970256924629211
vt 0.069628611207008362 0.43120291829109192
vt 0.057400569319725037 0.45517832040786743
vt 0.050351660698652267 0.48003870248794556
vt 0.048151884227991104 0.50433206558227539
vt 0.050643019378185272 0.53017014265060425
vt 0.058291912078857422 0.55571198463439941
vt 0.071160286664962769 0.57979083061218262
vt 0.08876463770866394 0.60095357894897461
vt 0.11026498675346375 0.61809754371643066
vt 0.13424040377140045 0.63032561540603638
vt 0.15910080075263977 0.63737452030181885
vt 0.027366720139980316 0
vt 0.02030586265027523 0
vt 0.013511320576071739 0
vt 0.006755659356713295 0
vt 0 0
vt 0.02030586265027523 0.031785134226083755
vt 0.013511320576071739 0.031785134226083755
vt 0.006755659356713295 0.031785134226083755
vt 0 0.031785134226083755
vt 0.02030586265027523 0.062548041343688965
vt 0.013511320576071739 0.062548041343688965
vt 0.006755659356713295 0.062548041343688965
vt 0 0.062548041343688965
vt 0.02030586265027523 0.092814713716506958
vt 0.013511320576071739 0.092814713716506958
vt 0.006755659356713295 0.092814713716506958
vt 0 0.092814713716506958
vt 0.02030586265027523 0.12273694574832916
vt 0.013511320576071739 0.12273694574832916
vt 0.006755659356713295 0.12273694574832916
vt 0 0.12273694574832916
vt 0.02030586265027523 0.15265919268131256
vt 0.013511320576071739 0.15265919268131256
vt 0.006755659356713295 0.15265919268131256
vt 0 0.15265919268131256
vt 0.02030586265027523 0.18258142471313477
vt 0.013511320576071739 0.18258142471313477
vt 0.006755659356713295 0.18258142471313477
vt 0 0.18258142471313477
vt 0.02030586265027523 0.21250365674495697
vt 0.013511320576071739 0.21250365674495697
vt 0.006755659356713295 0.21250365674495697
vt 0 0.21250365674495697
vt 0.02030586265027523 0.24242590367794037
vt 0.013511320576071739 0.24242590367794037
vt 0.006755659356713295 0.24242590367794037
vt 0 0.24242590367794037
vt 0.02030586265027523 0.27421104907989502
vt 0.013511320576071739 0.27421104907989502
vt 0.006755659356713295 0.27421104907989502
vt 0 0.27421104907989502
vt 0.02030586265027523 0.30497395992279053
vt 0.013511320576071739 0.30497395992279053
vt 0.006755659356713295 0.30497395992279053
vt 0 0.30497395992279053
vt 0.02030586265027523 0.33524060249328613
vt 0.013511320576071739 0.33524060249328613
vt 0.006755659356713295 0.33524060249328613
vt 0 0.33524060249328613
vt 0.02030586265027523 0.36516284942626953
vt 0.013511320576071739 0.36516284942626953
vt 0.006755659356713295 0.36516284942626953
vt 0 0.36516284942626953
vt 0.02030586265027523 0.39508509635925293
vt 0.013511320576071739 0.39508509635925293
vt 0.006755659356713295 0.39508509635925293
vt 0 0.39508509635925293
vt 0.02030586265027523 0.42500731348991394
vt 0.013511320576071739 0.42500731348991394
vt 0.006755659356713295 0.42500731348991394
vt 0 0.42500731348991394
vt 0.02030586265027523 0.45492956042289734
vt 0.013511320576071739 0.45492956042289734
vt 0.006755659356713295 0.45492956042289734
vt 0 0.45492956042289734
vt 0.02030586265027523 0.48485180735588074
vt 0.013511320576071739 0.48485180735588074
vt 0.006755659356713295 0.48485180735588074
vt 0 0.48485180735588074
vt 0.02030586265027523 0.51663696765899658
vt 0.013511320576071739 0.51663696765899658
vt 0.006755659356713295 0.51663696765899658
vt 0 0.51663696765899658
vt 0.02030586265027523 0.54739987850189209
vt 0.013511320576071739 0.54739987850189209
vt 0.006755659356713295 0.54739987850189209
vt 0 0.54739987850189209
vt 0.02030586265027523 0.5776665210723877
vt 0.013511320576071739 0.5776665210723877
vt 0.006755659356713295 0.5776665210723877
vt 0 0.5776665210723877
vt 0.02030586265027523 0.60758870840072632
vt 0.013511320576071739 0.60758870840072632
vt 0.006755659356713295 0.60758870840072632
vt 0 0.60758870840072632
vt 0.02030586265027523 0.63751095533370972
vt 0.013511320576071739 0.63751095533370972
vt 0.006755659356713295 0.63751095533370972
vt 0 0.63751095533370972
vt 0.02030586265027523 0.66743326187133789
vt 0.013511320576071739 0.66743326187133789
vt 0.006755659356713295 0.66743326187133789
vt 0 0.66743326187133789
vt 0.02030586265027523 0.69735544919967651
vt 0.013511320576071739 0.69735544919967651
vt 0.006755659356713295 0.69735544919967651
vt 0 0.69735544919967651
vt 0.02030586265027523 0.72727769613265991
vt 0.013511320576071739 0.72727769613265991
vt 0.006755659356713295 0.72727769613265991
vt 0 0.72727769613265991
vt 0.02030586265027523 0.75906282663345337
vt 0.013511320576071739 0.75906282663345337
vt 0.006755659356713295 0.75906282663345337
vt 0 0.75906282663345337
vt 0.02030586265027523 0.78982573747634888
vt 0.013511320576071739 0.78982573747634888
vt 0.006755659356713295 0.78982573747634888
vt 0 0.78982573747634888
vt 0.02030586265027523 0.82009238004684448
vt 0.013511320576071739 0.82009238004684448
vt 0.006755659356713295 0.82009238004684448
vt 0 0.82009238004684448
vt 0.02030586265027523 0.85001462697982788
vt 0.013511320576071739 0.85001462697982788
vt 0.006755659356713295 0.85001462697982788
vt 0 0.85001462697982788
vt 0.02030586265027523 0.87993687391281128
vt 0.013511320576071739 0.87993687391281128
vt 0.006755659356713295 0.87993687391281128
vt 0 0.87993687391281128
vt 0.02030586265027523 0.90985912084579468
vt 0.013511320576071739 0.90985912084579468
vt 0.006755659356713295 0.90985912084579468
vt 0 0.90985912084579468
vt 0.02030586265027523 0.93978136777877808
vt 0.013511320576071739 0.93978136777877808
vt 0.006755659356713295 0.93978136777877808
vt 0 0.93978136777877808
vt 0.027366720139980316 0.96970361471176147
vt 0.02030586265027523 0.96970361471176147
vt 0.013511320576071739 0.96970361471176147
vt 0.006755659356713295 0.96970361471176147
vt 0 0.96970361471176147
vt 0.027366720139980316 0.022551245987415314
vt 0.027366720139980316 0.045102491974830627
vt 0.027366720139980316 0.067653745412826538
vt 0.027366720139980316 0.090204983949661255
vt 0.027366720139980316 0.11275623738765717
vt 0.027366720139980316 0.13530749082565308
vt 0.027366720139980316 0.15785872936248779
vt 0.027366720139980316 0.18040996789932251
vt 0.027366720139980316 0.20296120643615723
vt 0.027366720139980316 0.22551247477531433
vt 0.027366720139980316 0.24806371331214905
vt 0.027366720139980316 0.27061498165130615
vt 0.027366720139980316 0.29316619038581848
vt 0.027366720139980316 0.31571745872497559
vt 0.027366720139980316 0.3382686972618103
vt 0.027366720139980316 0.36081993579864502
vt 0.027366720139980316 0.38337120413780212
vt 0.027366720139980316 0.40592241287231445
vt 0.027366720139980316 0.42847368121147156
vt 0.027366720139980316 0.45102494955062866
vt 0.027366720139980316 0.47357615828514099
vt 0.027366720139980316 0.4961274266242981
vt 0.027366720139980316 0.51867866516113281
vt 0.027366720139980316 0.5412299633026123
vt 0.027366720139980316 0.56378114223480225
vt 0.027366720139980316 0.58633238077163696
vt 0.027366720139980316 0.60888367891311646
vt 0.027366720139980316 0.63143491744995117
vt 0.027366720139980316 0.65398615598678589
vt 0.027366720139980316 0.67653739452362061
vt 0.027366720139980316 0.69908863306045532
vt 0.027366720139980316 0.72163987159729004
vt 0.027366720139980316 0.74419111013412476
vt 0.027366720139980316 0.76674240827560425
vt 0.027366720139980316 0.78929358720779419
vt 0.027366720139980316 0.81184482574462891
vt 0.027366720139980316 0.8343961238861084
vt 0.027366720139980316 0.85694736242294312
vt 0.027366720139980316 0.87949860095977783
vt 0.027366720139980316 0.90204989910125732
vt 0.027366720139980316 0.92460107803344727
vt 0.027366720139980316 0.94715231657028198
vn 0 0 1
vn 0 0 1
vn 0 -0.19105048477649689 0.98158019781112671
vn 0 -0.37991040945053101 0.92502325773239136
vn 0 -0.55795282125473022 0.82987266778945923
vn 0 -0.71443325281143188 0.69970357418060303
vn 0 -0.8411981463432312 0.54072701930999756
vn 0 -0.93161392211914062 0.36344948410987854
vn 0 -0.98373454809188843 0.17962829768657684
vn 0 -1 0
vn 0 -0.98158019781112671 -0.19105048477649689
vn 0 -0.92502325773239136 -0.37991040945053101
vn 0 -0.82987266778945923 -0.55795282125473022
vn 0 -0.69970357418060303 -0.71443325281143188
vn 0 -0.54072701930999756 -0.8411981463432312
vn 0 -0.36344948410987854 -0.93161392211914062
vn 0 -0.17962829768657684 -0.98373454809188843
vn 0 0 -1
vn 0 0.19105048477649689 -0.98158019781112671
vn 0 0.37991040945053101 -0.92502325773239136
vn 0 0.55795282125473022 -0.82987266778945923
vn 0 0.71443325281143188 -0.69970357418060303
vn 0 0.8411981463432312 -0.54072701930999756
vn 0 0.93161392211914062 -0.36344948410987854
vn 0 0.98373454809188843 -0.17962829768657684
vn 0 1 0
vn 0 0.98158019781112671 0.19105048477649689
vn 0 0.92502325773239136 0.37991040945053101
vn 0 0.82987266778945923 0.55795282125473022
vn 0 0.69970357418060303 0.71443325281143188
vn 0 0.54072701930999756 0.8411981463432312
vn 0 0.36344948410987854 0.93161392211914062
vn 0 0.17962829768657684 0.98373454809188843
vn 0 0 1
vn 0 0 1
vn 0 -0.14560116827487946 0.98934334516525269
vn 0 -0.28809911012649536 0.95760059356689453
vn 0 -0.42445668578147888 0.90544825792312622
vn 0 -0.55176776647567749 0.83399778604507446
vn 0 -0.66731882095336914 0.74477219581604004
vn 0 -0.76864713430404663 0.63967299461364746
vn 0 -0.85359311103820801 0.52094036340713501
vn 0 -0.92034620046615601 0.39110472798347473
vn 0 -0.96748369932174683 0.25293338298797607
vn 0 -0.99400097131729126 0.10937120765447617
vn 0 -0.99933284521102905 -0.036522023379802704
vn 0 -0.98336565494537354 -0.18163685500621796
vn 0 -0.94643974304199219 -0.32288041710853577
vn 0 -0.88934212923049927 -0.45724231004714966
vn 0 -0.81328976154327393 -0.58185893297195435
vn 0 -0.71990346908569336 -0.69407421350479126
vn 0 -0.61117368936538696 -0.79149651527404785
vn 0 -0.48941785097122192 -0.87204939126968384
vn 0 -0.35723090171813965 -0.93401610851287842
vn 0 -0.21743017435073853 -0.97607588768005371
vn 0 -0.072995312511920929 -0.99733227491378784
vn 0 0.072995312511920929 -0.99733227491378784
vn 0 0.21743017435073853 -0.97607588768005371
vn 0 0.35723090171813965 -0.93401610851287842
vn 0 0.48941785097122192 -0.87204939126968384
vn 0 0.61117368936538696 -0.79149651527404785
vn 0 0.71990346908569336 -0.69407421350479126
vn 0 0.81328976154327393 -0.58185893297195435
vn 0 0.88934212923049927 -0.45724231004714966
vn 0 0.94643974304199219 -0.32288041710853577
vn 0 0.98336565494537354 -0.18163685500621796
vn 0 0.99933284521102905 -0.036522023379802704
vn 0 0.99400097131729126 0.10937120765447617
vn 0 0.96748369932174683 0.25293338298797607
vn 0 0.92034620046615601 0.39110472798347473
vn 0 0.85359311103820801 0.52094036340713501
vn 0 0.76864713430404663 0.63967299461364746
vn 0 0.66731882095336914 0.74477219581604004
vn 0 0.55176776647567749 0.83399778604507446
vn 0 0.42445668578147888 0.90544825792312622
vn 0 0.28809911012649536 0.95760059356689453
vn 0 0.14560116827487946 0.98934334516525269
vn 0 0 -1
vn 0 0 -1
vn 0 -0.19105048477649689 -0.98158019781112671
vn 0 -0.19105048477649689 -0.98158019781112671
vn 0 -0.37991040945053101 -0.92502325773239136
vn 0 -0.37991040945053101 -0.92502325773239136
vn 0 -0.55795282125473022 -0.82987266778945923
vn 0 -0.55795282125473022 -0.82987266778945923
vn 0 -0.71443325281143188 -0.69970357418060303
vn 0 -0.71443325281143188 -0.69970357418060303
vn 0 -0.8411981463432312 -0.54072701930999756
vn 0 -0.8411981463432312 -0.54072701930999756
vn 0 -0.93161392211914062 -0.36344948410987854
vn 0 -0.93161392211914062 -0.36344948410987854
vn 0 -0.98373454809188843 -0.17962829768657684
vn 0 -0.98373454809188843 -0.17962829768657684
vn 0 -1 0
vn 0 -1 0
vn 0 -0.98158019781112671 0.19105048477649689
vn 0 -0.98158019781112671 0.19105048477649689
vn 0 -0.92502325773239136 0.37991040945053101
vn 0 -0.92502325773239136 0.37991040945053101
vn 0 -0.82987266778945923 0.55795282125473022
vn 0 -0.82987266778945923 0.55795282125473022
vn 0 -0.69970357418060303 0.71443325281143188
vn 0 -0.69970357418060303 0.71443325281143188
vn 0 -0.54072701930999756 0.8411981463432312
vn 0 -0.54072701930999756 0.8411981463432312
vn 0 -0.36344948410987854 0.93161392211914062
vn 0 -0.36344948410987854 0.93161392211914062
vn 0 -0.17962829768657684 0.98373454809188843
vn 0 -0.17962829768657684 0.98373454809188843
vn 0 0 1
vn 0 0 1
vn 0 0.19105048477649689 0.98158019781112671
vn 0 0.19105048477649689 0.98158019781112671
vn 0 0.37991040945053101 0.92502325773239136
vn 0 0.37991040945053101 0.92502325773239136
vn 0 0.55795282125473022 0.82987266778945923
vn 0 0.55795282125473022 0.82987266778945923
vn 0 0.71443325281143188 0.69970357418060303
vn 0 0.71443325281143188 0.69970357418060303
vn 0 0.8411981463432312 0.54072701930999756
vn 0 0.8411981463432312 0.54072701930999756
vn 0 0.93161392211914062 0.36344948410987854
vn 0 0.93161392211914062 0.36344948410987854
vn 0 0.98373454809188843 0.17962829768657684
vn 0 0.98373454809188843 0.17962829768657684
vn 0 1 0
vn 0 1 0
vn 0 0.98158019781112671 -0.19105048477649689
vn 0 0.98158019781112671 -0.19105048477649689
vn 0 0.92502325773239136 -0.37991040945053101
vn 0 0.92502325773239136 -0.37991040945053101
vn 0 0.82987266778945923 -0.55795282125473022
vn 0 0.82987266778945923 -0.55795282125473022
vn 0 0.69970357418060303 -0.71443325281143188
vn 0 0.69970357418060303 -0.71443325281143188
vn 0 0.54072701930999756 -0.8411981463432312
vn 0 0.54072701930999756 -0.8411981463432312
vn 0 0.36344948410987854 -0.93161392211914062
vn 0 0.36344948410987854 -0.93161392211914062
vn 0 0.17962829768657684 -0.98373454809188843
vn 0 0.17962829768657684 -0.98373454809188843
vn 0 0 -1
vn 0 0 -1
vn 1 0 0
vn 1 0 0
vn 1 0 0
vn 1 0 0
vn 1 0 0
vn 1 0 0
vn 1 0 0
vn 1 0 0
vn 1 0 0
vn 1 0 0
vn 1 0 0
vn 1 0 0
vn 1 0 0
vn 1 0 0
vn 1 0 0
vn 1 0 0
vn 1 0 0
vn 1 0 0
vn 1 0 0
vn 1 0 0
vn 1 0 0
vn 1 0 0
vn 1 0 0
vn 1 0 0
vn 1 0 0
vn 1 0 0
vn 1 0 0
vn 1 0 0
vn 1 0 0
vn 1 0 0
vn 1 0 0
vn 1 0 0
vn 1 0 0
vn 1 0 0
vn 1 0 0
vn 1 0 0
vn 1 0 0
vn 1 0 0
vn 1 0 0
vn 1 0 0
vn 1 0 0
vn 1 0 0
vn 1 0 0
vn 1 0 0
vn 1 0 0
vn 1 0 0
vn 1 0 0
vn 1 0 0
vn 1 0 0
vn 1 0 0
vn 1 0 0
vn 1 0 0
vn 1 0 0
vn 1 0 0
vn 1 0 0
vn 1 0 0
vn 1 0 0
vn 1 0 0
vn 1 0 0
vn 1 0 0
vn 1 0 0
vn 1 0 0
vn 1 0 0
vn 1 0 0
vn -1 0 0
vn -1 0 0
vn -1 0 0
vn -1 0 0
vn -1 0 0
vn -1 0 0
vn -1 0 0
vn -1 0 0
vn -1 0 0
vn -1 0 0
vn -1 0 0
vn -1 0 0
vn -1 0 0
vn -1 0 0
vn -1 0 0
vn -1 0 0
vn -1 0 0
vn -1 0 0
vn -1 0 0
vn -1 0 0
vn -1 0 0
vn -1 0 0
vn -1 0 0
vn -1 0 0
vn -1 0 0
vn -1 0 0
vn -1 0 0
vn -1 0 0
vn -1 0 0
vn -1 0 0
vn -1 0 0
vn -1 0 0
vn -1 0 0
vn -1 0 0
vn -1 0 0
vn -1 0 0
vn -1 0 0
vn -1 0 0
vn -1 0 0
vn -1 0 0
vn -1 0 0
vn -1 0 0
vn -1 0 0
vn -1 0 0
vn -1 0 0
vn -1 0 0
vn -1 0 0
vn -1 0 0
vn -1 0 0
vn -1 0 0
vn -1 0 0
vn -1 0 0
vn -1 0 0
vn -1 0 0
vn -1 0 0
vn -1 0 0
vn -1 0 0
vn -1 0 0
vn -1 0 0
vn -1 0 0
vn -1 0 0
vn -1 0 0
vn -1 0 0
vn -1 0 0
vn 0 0 1
vn 0.37991040945053101 0 0.92502325773239136
vn 0.71443325281143188 0 0.69970357418060303
vn 0.93161392211914062 0 0.36344948410987854
vn 1 0 0
vn 0.37991040945053101 -0.18916597962379456 0.90547460317611694
vn 0.71443325281143188 -0.14308841526508331 0.68491667509078979
vn 0.93161392211914062 -0.074324920773506165 0.35576865077018738
vn 1 0 0
vn 0.37991040945053101 -0.36471408605575562 0.85008925199508667
vn 0.71443325281143188 -0.27587604522705078 0.64302217960357666
vn 0.93161392211914062 -0.14329925179481506 0.33400726318359375
vn 1 0 0
vn 0.37991040945053101 -0.52336966991424561 0.76272684335708618
vn 0.71443325281143188 -0.3958858847618103 0.57693976163864136
vn 0.93161392211914062 -0.2056363970041275 0.29968184232711792
vn 1 0 0
vn 0.37991040945053101 -0.66051721572875977 0.64759945869445801
vn 0.71443325281143188 -0.49962663650512695 0.48985543847084045
vn 0.93161392211914062 -0.25952282547950745 0.254447340965271
vn 1 0 0
vn 0.37991040945053101 -0.77291369438171387 0.50820517539978027
vn 0.71443325281143188 -0.58464527130126953 0.3844151496887207
vn 0.93161392211914062 -0.30368435382843018 0.19967810809612274
vn 1 0 0
vn 0.37991040945053101 -0.85634744167327881 0.34976726770401001
vn 0.71443325281143188 -0.64775598049163818 0.26456999778747559
vn 0.93161392211914062 -0.33646616339683533 0.13742652535438538
vn 1 0 0
vn 0.37991040945053101 -0.90769195556640625 0.17822283506393433
vn 0.71443325281143188 -0.68659389019012451 0.13481082022190094
vn 0.93161392211914062 -0.35663986206054688 0.070025265216827393
vn 1 0 0
vn 0.37991040945053101 -0.92502325773239136 0
vn 0.71443325281143188 -0.69970357418060303 0
vn 0.93161392211914062 -0.36344948410987854 0
vn 1 0 0
vn 0.37991040945053101 -0.90547460317611694 -0.18916597962379456
vn 0.71443325281143188 -0.68491667509078979 -0.14308841526508331
vn 0.93161392211914062 -0.35576865077018738 -0.074324920773506165
vn 1 0 0
vn 0.37991040945053101 -0.85008925199508667 -0.36471408605575562
vn 0.71443325281143188 -0.64302217960357666 -0.27587604522705078
vn 0.93161392211914062 -0.33400726318359375 -0.14329925179481506
vn 1 0 0
vn 0.37991040945053101 -0.76272684335708618 -0.52336966991424561
vn 0.71443325281143188 -0.57693976163864136 -0.3958858847618103
vn 0.93161392211914062 -0.29968184232711792 -0.2056363970041275
vn 1 0 0
vn 0.37991040945053101 -0.64759945869445801 -0.66051721572875977
vn 0.71443325281143188 -0.48985543847084045 -0.49962663650512695
vn 0.93161392211914062 -0.254447340965271 -0.25952282547950745
vn 1 0 0
vn 0.37991040945053101 -0.50820517539978027 -0.77291369438171387
vn 0.71443325281143188 -0.3844151496887207 -0.58464527130126953
vn 0.93161392211914062 -0.19967810809612274 -0.30368435382843018
vn 1 0 0
vn 0.37991040945053101 -0.34976726770401001 -0.85634744167327881
vn 0.71443325281143188 -0.26456999778747559 -0.64775598049163818
vn 0.93161392211914062 -0.13742652535438538 -0.33646616339683533
vn 1 0 0
vn 0.37991040945053101 -0.17822283506393433 -0.90769195556640625
vn 0.71443325281143188 -0.13481082022190094 -0.68659389019012451
vn 0.93161392211914062 -0.070025265216827393 -0.35663986206054688
vn 1 0 0
vn 0.37991040945053101 0 -0.92502325773239136
vn 0.71443325281143188 0 -0.69970357418060303
vn 0.93161392211914062 0 -0.36344948410987854
vn 1 0 0
vn 0.37991040945053101 0.18916597962379456 -0.90547460317611694
vn 0.71443325281143188 0.14308841526508331 -0.68491667509078979
vn 0.93161392211914062 0.074324920773506165 -0.35576865077018738
vn 1 0 0
vn 0.37991040945053101 0.36471408605575562 -0.85008925199508667
vn 0.71443325281143188 0.27587604522705078 -0.64302217960357666
vn 0.93161392211914062 0.14329925179481506 -0.33400726318359375
vn 1 0 0
vn 0.37991040945053101 0.52336966991424561 -0.76272684335708618
vn 0.71443325281143188 0.3958858847618103 -0.57693976163864136
vn 0.93161392211914062 0.2056363970041275 -0.29968184232711792
vn 1 0 0
vn 0.37991040945053101 0.66051721572875977 -0.64759945869445801
vn 0.71443325281143188 0.49962663650512695 -0.48985543847084045
vn 0.93161392211914062 0.25952282547950745 -0.254447340965271
vn 1 0 0
vn 0.37991040945053101 0.77291369438171387 -0.50820517539978027
vn 0.71443325281143188 0.58464527130126953 -0.3844151496887207
vn 0.93161392211914062 0.30368435382843018 -0.19967810809612274
vn 1 0 0
vn 0.37991040945053101 0.85634744167327881 -0.34976726770401001
vn 0.71443325281143188 0.64775598049163818 -0.26456999778747559
vn 0.93161392211914062 0.33646616339683533 -0.13742652535438538
vn 1 0 0
vn 0.37991040945053101 0.90769195556640625 -0.17822283506393433
vn 0.71443325281143188 0.68659389019012451 -0.13481082022190094
vn 0.93161392211914062 0.35663986206054688 -0.070025265216827393
vn 1 0 0
vn 0.37991040945053101 0.92502325773239136 0
vn 0.71443325281143188 0.69970357418060303 0
vn 0.93161392211914062 0.36344948410987854 0
vn 1 0 0
vn 0.37991040945053101 0.90547460317611694 0.18916597962379456
vn 0.71443325281143188 0.68491667509078979 0.14308841526508331
vn 0.93161392211914062 0.35576865077018738 0.074324920773506165
vn 1 0 0
vn 0.37991040945053101 0.85008925199508667 0.36471408605575562
vn 0.71443325281143188 0.64302217960357666 0.27587604522705078
vn 0.93161392211914062 0.33400726318359375 0.14329925179481506
vn 1 0 0
vn 0.37991040945053101 0.76272684335708618 0.52336966991424561
vn 0.71443325281143188 0.57693976163864136 0.3958858847618103
vn 0.93161392211914062 0.29968184232711792 0.2056363970041275
vn 1 0 0
vn 0.37991040945053101 0.64759945869445801 0.66051721572875977
vn 0.71443325281143188 0.48985543847084045 0.49962663650512695
vn 0.93161392211914062 0.254447340965271 0.25952282547950745
vn 1 0 0
vn 0.37991040945053101 0.50820517539978027 0.77291369438171387
vn 0.71443325281143188 0.3844151496887207 0.58464527130126953
vn 0.93161392211914062 0.19967810809612274 0.30368435382843018
vn 1 0 0
vn 0.37991040945053101 0.34976726770401001 0.85634744167327881
vn 0.71443325281143188 0.26456999778747559 0.64775598049163818
vn 0.93161392211914062 0.13742652535438538 0.33646616339683533
vn 1 0 0
vn 0.37991040945053101 0.17822283506393433 0.90769195556640625
vn 0.71443325281143188 0.13481082022190094 0.68659389019012451
vn 0.93161392211914062 0.070025265216827393 0.35663986206054688
vn 1 0 0
vn 0 0 1
vn 0.37991040945053101 0 0.92502325773239136
vn 0.71443325281143188 0 0.69970357418060303
vn 0.93161392211914062 0 0.36344948410987854
vn 1 0 0
vn 0 -0.14560116827487946 0.98934334516525269
vn 0 -0.28809911012649536 0.95760059356689453
vn 0 -0.42445668578147888 0.90544825792312622
vn 0 -0.55176776647567749 0.83399778604507446
vn 0 -0.66731882095336914 0.74477219581604004
vn 0 -0.76864713430404663 0.63967299461364746
vn 0 -0.85359311103820801 0.52094036340713501
vn 0 -0.92034620046615601 0.39110472798347473
vn 0 -0.96748369932174683 0.25293338298797607
vn 0 -0.99400097131729126 0.10937120765447617
vn 0 -0.99933284521102905 -0.036522023379802704
vn 0 -0.98336565494537354 -0.18163685500621796
vn 0 -0.94643974304199219 -0.32288041710853577
vn 0 -0.88934212923049927 -0.45724231004714966
vn 0 -0.81328976154327393 -0.58185893297195435
vn 0 -0.71990346908569336 -0.69407421350479126
vn 0 -0.61117368936538696 -0.79149651527404785
vn 0 -0.48941785097122192 -0.87204939126968384
vn 0 -0.35723090171813965 -0.93401610851287842
vn 0 -0.21743017435073853 -0.97607588768005371
vn 0 -0.072995312511920929 -0.99733227491378784
vn 0 0.072995312511920929 -0.99733227491378784
vn 0 0.21743017435073853 -0.97607588768005371
vn 0 0.35723090171813965 -0.93401610851287842
vn 0 0.48941785097122192 -0.87204939126968384
vn 0 0.61117368936538696 -0.79149651527404785
vn 0 0.71990346908569336 -0.69407421350479126
vn 0 0.81328976154327393 -0.58185893297195435
vn 0 0.88934212923049927 -0.45724231004714966
vn 0 0.94643974304199219 -0.32288041710853577
vn 0 0.98336565494537354 -0.18163685500621796
vn 0 0.99933284521102905 -0.036522023379802704
vn 0 0.99400097131729126 0.10937120765447617
vn 0 0.96748369932174683 0.25293338298797607
vn 0 0.92034620046615601 0.39110472798347473
vn 0 0.85359311103820801 0.52094036340713501
vn 0 0.76864713430404663 0.63967299461364746
vn 0 0.66731882095336914 0.74477219581604004
vn 0 0.55176776647567749 0.83399778604507446
vn 0 0.42445668578147888 0.90544825792312622
vn 0 0.28809911012649536 0.95760059356689453
vn 0 0.14560116827487946 0.98934334516525269
f 1/1/1 2/2/2 3/3/3 36/36/36
f 4/4/4 38/38/38 37/37/37
f 3/3/3 37/37/37 36/36/36
f 39/39/39 5/5/5 6/6/6 40/40/40
f 7/7/7 42/42/42 41/41/41
f 42/42/42 7/7/7 8/8/8 43/43/43
f 6/6/6 41/41/41 40/40/40
f 38/38/38 4/4/4 5/5/5 39/39/39
f 9/9/9 45/45/45 44/44/44
f 46/46/46 10/10/10 11/11/11 47/47/47
f 47/47/47 11/11/11 12/12/12 48/48/48
f 45/45/45 9/9/9 10/10/10 46/46/46
f 13/13/13 50/50/50 49/49/49
f 14/14/14 52/52/52 51/51/51
f 15/15/15 53/53/53 52/52/52
f 50/50/50 13/13/13 14/14/14 51/51/51
f 12/12/12 49/49/49 48/48/48
f 8/8/8 44/44/44 43/43/43
f 3/3/3 4/4/4 37/37/37
f 7/7/7 41/41/41 6/6/6
f 9/9/9 44/44/44 8/8/8
f 12/12/12 13/13/13 49/49/49
f 54/54/54 16/16/16 17/17/17 55/55/55
f 56/56/56 55/55/55 17/17/17
f 16/16/16 54/54/54 53/53/53 15/15/15
f 14/14/14 15/15/15 52/52/52
f 17/17/17 18/18/18 56/56/56
f 19/19/19 58/58/58 57/57/57
f 20/20/20 60/60/60 59/59/59
f 58/58/58 19/19/19 20/20/20 59/59/59
f 61/61/61 21/21/21 22/22/22 62/62/62
f 23/23/23 64/64/64 63/63/63
f 24/24/24 65/65/65 64/64/64
f 62/62/62 22/22/22 23/23/23 63/63/63
f 21/21/21 61/61/61 60/60/60
f 66/66/66 25/25/25 26/26/26 67/67/67
f 27/27/27 69/69/69 68/68/68
f 69/69/69 27/27/27 28/28/28 70/70/70
f 26/26/26 68/68/68 67/67/67
f 29/29/29 72/72/72 71/71/71
f 73/73/73 30/30/30 31/31/31 74/74/74
f 74/74/74 31/31/31 32/32/32 75/75/75
f 30/30/30 73/73/73 72/72/72
f 70/70/70 28/28/28 29/29/29 71/71/71
f 65/65/65 24/24/24 25/25/25 66/66/66
f 19/19/19 57/57/57 18/18/18
f 21/21/21 60/60/60 20/20/20
f 24/24/24 64/64/64 23/23/23
f 27/27/27 68/68/68 26/26/26
f 29/29/29 30/30/30 72/72/72
f 77/77/77 76/76/76 33/33/33
f 77/77/77 33/33/33 35/35/35 34/34/34
f 76/76/76 32/32/32 33/33/33
f 75/75/75 32/32/32 76/76/76
f 56/56/56 18/18/18 57/57/57
f 80/80/80 78/78/78 79/79/79 81/81/81
f 84/84/84 82/82/82 83/83/83 85/85/85
f 82/82/82 80/80/80 81/81/81 83/83/83
f 88/88/88 86/86/86 87/87/87 89/89/89
f 92/92/92 90/90/90 91/91/91 93/93/93
f 90/90/90 88/88/88 89/89/89 91/91/91
f 86/86/86 84/84/84 85/85/85 87/87/87
f 96/96/96 94/94/94 95/95/95 97/97/97
f 100/100/100 98/98/98 99/99/99 101/101/101
f 98/98/98 96/96/96 97/97/97 99/99/99
f 104/104/104 102/102/102 103/103/103 105/105/105
f 108/108/108 106/106/106 107/107/107 109/109/109
f 106/106/106 104/104/104 105/105/105 107/107/107
f 102/102/102 100/100/100 101/101/101 103/103/103
f 94/94/94 92/92/92 93/93/93 95/95/95
f 110/110/110 108/108/108 109/109/109 111/111/111
f 114/114/114 112/112/112 113/113/113 115/115/115
f 118/118/118 116/116/116 117/117/117 119/119/119
f 116/116/116 114/114/114 115/115/115 117/117/117
f 122/122/122 120/120/120 121/121/121 123/123/123
f 126/126/126 124/124/124 125/125/125 127/127/127
f 124/124/124 122/122/122 123/123/123 125/125/125
f 120/120/120 118/118/118 119/119/119 121/121/121
f 130/130/130 128/128/128 129/129/129 131/131/131
f 134/134/134 132/132/132 133/133/133 135/135/135
f 132/132/132 130/130/130 131/131/131 133/133/133
f 138/138/138 136/136/136 137/137/137 139/139/139
f 142/142/142 140/140/140 141/141/141 143/143/143
f 140/140/140 138/138/138 139/139/139 141/141/141
f 136/136/136 134/134/134 135/135/135 137/137/137
f 128/128/128 126/126/126 127/127/127 129/129/129
f 112/112/112 110/110/110 111/111/111 113/113/113
f 156/156/156 157/157/157 195/195/195
f 194/194/194 195/195/195 157/157/157
f 155/155/155 156/156/156 196/196/196
f 195/195/195 196/196/196 156/156/156
f 192/192/192 193/193/193 159/159/159
f 158/158/158 159/159/159 193/193/193
f 157/157/157 158/158/158 194/194/194
f 193/193/193 194/194/194 158/158/158
f 198/198/198 199/199/199 153/153/153
f 200/200/200 153/153/153 199/199/199
f 153/153/153 200/200/200 152/152/152
f 151/151/151 152/152/152 200/200/200
f 154/154/154 155/155/155 197/197/197
f 196/196/196 197/197/197 155/155/155
f 197/197/197 198/198/198 154/154/154
f 153/153/153 154/154/154 198/198/198
f 161/161/161 192/192/192 160/160/160
f 159/159/159 160/160/160 192/192/192
f 190/190/190 191/191/191 161/161/161
f 192/192/192 161/161/161 191/191/191
f 189/189/189 190/190/190 162/162/162
f 161/161/161 162/162/162 190/190/190
f 188/188/188 189/189/189 163/163/163
f 162/162/162 163/163/163 189/189/189
f 187/187/187 188/188/188 164/164/164
f 163/163/163 164/164/164 188/188/188
f 186/186/186 187/187/187 165/165/165
f 164/164/164 165/165/165 187/187/187
f 185/185/185 186/186/186 166/166/166
f 165/165/165 166/166/166 186/186/186
f 184/184/184 185/185/185 167/167/167
f 166/166/166 167/167/167 185/185/185
f 150/150/150 151/151/151 201/201/201
f 200/200/200 201/201/201 151/151/151
f 149/149/149 150/150/150 202/202/202
f 201/201/201 202/202/202 150/150/150
f 148/148/148 149/149/149 203/203/203
f 202/202/202 203/203/203 149/149/149
f 147/147/147 148/148/148 204/204/204
f 203/203/203 204/204/204 148/148/148
f 146/146/146 147/147/147 205/205/205
f 204/204/204 205/205/205 147/147/147
f 145/145/145 146/146/146 206/206/206
f 205/205/205 206/206/206 146/146/146
f 176/176/176 145/145/145 207/207/207
f 206/206/206 207/207/207 145/145/145
f 175/175/175 144/144/144 176/176/176
f 145/145/145 176/176/176 144/144/144
f 169/169/169 170/170/170 182/182/182
f 181/181/181 182/182/182 170/170/170
f 180/180/180 181/181/181 171/171/171
f 170/170/170 171/171/171 181/181/181
f 167/167/167 168/168/168 184/184/184
f 169/169/169 184/184/184 168/168/168
f 184/184/184 169/169/169 183/183/183
f 182/182/182 183/183/183 169/169/169
f 177/177/177 178/178/178 174/174/174
f 173/173/173 174/174/174 178/178/178
f 174/174/174 175/175/175 177/177/177
f 176/176/176 177/177/177 175/175/175
f 179/179/179 180/180/180 172/172/172
f 171/171/171 172/172/172 180/180/180
f 178/178/178 179/179/179 173/173/173
f 172/172/172 173/173/173 179/179/179
f 226/226/226 253/253/253 227/227/227
f 252/252/252 227/227/227 253/253/253
f 227/227/227 252/252/252 228/228/228
f 251/251/251 228/228/228 252/252/252
f 254/254/254 226/226/226 225/225/225
f 225/225/225 255/255/255 254/254/254
f 254/254/254 253/253/253 226/226/226
f 224/224/224 255/255/255 225/225/225
f 231/231/231 230/230/230 249/249/249
f 231/231/231 248/248/248 232/232/232
f 247/247/247 232/232/232 248/248/248
f 248/248/248 231/231/231 249/249/249
f 228/228/228 251/251/251 229/229/229
f 250/250/250 229/229/229 251/251/251
f 230/230/230 229/229/229 250/250/250
f 250/250/250 249/249/249 230/230/230
f 256/256/256 224/224/224 223/223/223
f 223/223/223 257/257/257 256/256/256
f 256/256/256 255/255/255 224/224/224
f 222/222/222 257/257/257 223/223/223
f 258/258/258 222/222/222 221/221/221
f 221/221/221 259/259/259 258/258/258
f 258/258/258 257/257/257 222/222/222
f 220/220/220 259/259/259 221/221/221
f 260/260/260 220/220/220 219/219/219
f 259/259/259 220/220/220 260/260/260
f 261/261/261 260/260/260 219/219/219
f 262/262/262 261/261/261 218/218/218
f 218/218/218 261/261/261 219/219/219
f 216/216/216 263/263/263 217/217/217
f 262/262/262 218/218/218 217/217/217
f 262/262/262 217/217/217 263/263/263
f 233/233/233 247/247/247 246/246/246
f 232/232/232 247/247/247 233/233/233
f 234/234/234 233/233/233 246/246/246
f 235/235/235 234/234/234 245/245/245
f 245/245/245 234/234/234 246/246/246
f 243/243/243 236/236/236 244/244/244
f 235/235/235 245/245/245 244/244/244
f 235/235/235 244/244/244 236/236/236
f 237/237/237 243/243/243 242/242/242
f 242/242/242 238/238/238 237/237/237
f 237/237/237 236/236/236 243/243/243
f 241/241/241 238/238/238 242/242/242
f 239/239/239 241/241/241 240/240/240
f 240/240/240 208/208/208 239/239/239
f 239/239/239 238/238/238 241/241/241
f 271/271/271 208/208/208 240/240/240
f 266/266/266 265/265/265 214/214/214
f 266/266/266 213/213/213 267/267/267
f 212/212/212 267/267/267 213/213/213
f 213/213/213 266/266/266 214/214/214
f 263/263/263 216/216/216 264/264/264
f 215/215/215 264/264/264 216/216/216
f 265/265/265 264/264/264 215/215/215
f 215/215/215 214/214/214 265/265/265
f 209/209/209 271/271/271 270/270/270
f 270/270/270 210/210/210 209/209/209
f 209/209/209 208/208/208 271/271/271
f 269/269/269 210/210/210 270/270/270
f 267/267/267 212/212/212 268/268/268
f 211/211/211 268/268/268 212/212/212
f 268/268/268 211/211/211 269/269/269
f 210/210/210 269/269/269 211/211/211
f 278/278/278 274/274/274 273/273/273 277/277/277
f 279/279/279 275/275/275 274/274/274 278/278/278
f 282/282/282 278/278/278 277/277/277 281/281/281
f 283/283/283 279/279/279 278/278/278 282/282/282
f 286/286/286 282/282/282 281/281/281 285/285/285
f 287/287/287 283/283/283 282/282/282 286/286/286
f 290/290/290 286/286/286 285/285/285 289/289/289
f 291/291/291 287/287/287 286/286/286 290/290/290
f 294/294/294 290/290/290 289/289/289 293/293/293
f 295/295/295 291/291/291 290/290/290 294/294/294
f 298/298/298 294/294/294 293/293/293 297/297/297
f 299/299/299 295/295/295 294/294/294 298/298/298
f 302/302/302 298/298/298 297/297/297 301/301/301
f 303/303/303 299/299/299 298/298/298 302/302/302
f 306/306/306 302/302/302 301/301/301 305/305/305
f 307/307/307 303/303/303 302/302/302 306/306/306
f 310/310/310 306/306/306 305/305/305 309/309/309
f 311/311/311 307/307/307 306/306/306 310/310/310
f 314/314/314 310/310/310 309/309/309 313/313/313
f 315/315/315 311/311/311 310/310/310 314/314/314
f 318/318/318 314/314/314 313/313/313 317/317/317
f 319/319/319 315/315/315 314/314/314 318/318/318
f 322/322/322 318/318/318 317/317/317 321/321/321
f 323/323/323 319/319/319 318/318/318 322/322/322
f 326/326/326 322/322/322 321/321/321 325/325/325
f 327/327/327 323/323/323 322/322/322 326/326/326
f 330/330/330 326/326/326 325/325/325 329/329/329
f 331/331/331 327/327/327 326/326/326 330/330/330
f 334/334/334 330/330/330 329/329/329 333/333/333
f 335/335/335 331/331/331 330/330/330 334/334/334
f 338/338/338 334/334/334 333/333/333 337/337/337
f 339/339/339 335/335/335 334/334/334 338/338/338
f 342/342/342 338/338/338 337/337/337 341/341/341
f 343/343/343 339/339/339 338/338/338 342/342/342
f 346/346/346 342/342/342 341/341/341 345/345/345
f 347/347/347 343/343/343 342/342/342 346/346/346
f 350/350/350 346/346/346 345/345/345 349/349/349
f 351/351/351 347/347/347 346/346/346 350/350/350
f 354/354/354 350/350/350 349/349/349 353/353/353
f 355/355/355 351/351/351 350/350/350 354/354/354
f 358/358/358 354/354/354 353/353/353 357/357/357
f 359/359/359 355/355/355 354/354/354 358/358/358
f 362/362/362 358/358/358 357/357/357 361/361/361
f 363/363/363 359/359/359 358/358/358 362/362/362
f 366/366/366 362/362/362 361/361/361 365/365/365
f 367/367/367 363/363/363 362/362/362 366/366/366
f 370/370/370 366/366/366 365/365/365 369/369/369
f 371/371/371 367/367/367 366/366/366 370/370/370
f 374/374/374 370/370/370 369/369/369 373/373/373
f 375/375/375 371/371/371 370/370/370 374/374/374
f 378/378/378 374/374/374 373/373/373 377/377/377
f 379/379/379 375/375/375 374/374/374 378/378/378
f 382/382/382 378/378/378 377/377/377 381/381/381
f 383/383/383 379/379/379 378/378/378 382/382/382
f 386/386/386 382/382/382 381/381/381 385/385/385
f 387/387/387 383/383/383 382/382/382 386/386/386
f 390/390/390 386/386/386 385/385/385 389/389/389
f 391/391/391 387/387/387 386/386/386 390/390/390
f 394/394/394 390/390/390 389/389/389 393/393/393
f 395/395/395 391/391/391 390/390/390 394/394/394
f 398/398/398 394/394/394 393/393/393 397/397/397
f 399/399/399 395/395/395 394/394/394 398/398/398
f 403/403/403 398/398/398 397/397/397 402/402/402
f 404/404/404 399/399/399 398/398/398 403/403/403
f 272/272/272 406/406/406 277/277/277 273/273/273
f 281/281/281 407/407/407 408/408/408
f 277/277/277 406/406/406 407/407/407
f 409/409/409 410/410/410 289/289/289 285/285/285
f 293/293/293 411/411/411 412/412/412
f 289/289/289 410/410/410 411/411/411
f 408/408/408 409/409/409 285/285/285 281/281/281
f 277/277/277 407/407/407 281/281/281
f 413/413/413 414/414/414 301/301/301 297/297/297
f 293/293/293 289/289/289 411/411/411
f 297/297/297 293/293/293 412/412/412 413/413/413
f 305/305/305 415/415/415 416/416/416
f 309/309/309 417/417/417 418/418/418
f 416/416/416 417/417/417 309/309/309 305/305/305
f 419/419/419 420/420/420 317/317/317 313/313/313
f 321/321/321 421/421/421 422/422/422
f 325/325/325 321/321/321 422/422/422
f 420/420/420 421/421/421 321/321/321 317/317/317
f 313/313/313 418/418/418 419/419/419
f 305/305/305 301/301/301 415/415/415
f 313/313/313 309/309/309 418/418/418
f 423/423/423 424/424/424 329/329/329 325/325/325
f 424/424/424 425/425/425 333/333/333 329/329/329
f 425/425/425 426/426/426 337/337/337 333/333/333
f 325/325/325 422/422/422 423/423/423
f 414/414/414 415/415/415 301/301/301
f 279/279/279 280/280/280 276/276/276 275/275/275
f 287/287/287 288/288/288 284/284/284 283/283/283
f 283/283/283 284/284/284 280/280/280 279/279/279
f 295/295/295 296/296/296 292/292/292 291/291/291
f 303/303/303 304/304/304 300/300/300 299/299/299
f 307/307/307 308/308/308 304/304/304 303/303/303
f 299/299/299 300/300/300 296/296/296 295/295/295
f 291/291/291 292/292/292 288/288/288 287/287/287
f 308/308/308 307/307/307 311/311/311 312/312/312
f 315/315/315 316/316/316 312/312/312 311/311/311
f 323/323/323 324/324/324 320/320/320 319/319/319
f 319/319/319 320/320/320 316/316/316 315/315/315
f 327/327/327 328/328/328 324/324/324 323/323/323
f 335/335/335 336/336/336 332/332/332 331/331/331
f 331/331/331 332/332/332 328/328/328 327/327/327
f 336/336/336 335/335/335 339/339/339 340/340/340
f 337/337/337 426/426/426 427/427/427
f 427/427/427 428/428/428 341/341/341 337/337/337
f 345/345/345 429/429/429 430/430/430
f 428/428/428 429/429/429 345/345/345 341/341/341
f 431/431/431 432/432/432 353/353/353 349/349/349
f 357/357/357 433/433/433 434/434/434
f 361/361/361 434/434/434 435/435/435
f 432/432/432 433/433/433 357/357/357 353/353/353
f 349/349/349 430/430/430 431/431/431
f 345/345/345 430/430/430 349/349/349
f 436/436/436 437/437/437 369/369/369 365/365/365
f 361/361/361 357/357/357 434/434/434
f 365/365/365 361/361/361 435/435/435 436/436/436
f 373/373/373 438/438/438 439/439/439
f 440/440/440 441/441/441 381/381/381 377/377/377
f 439/439/439 440/440/440 377/377/377 373/373/373
f 385/385/385 442/442/442 443/443/443
f 444/444/444 445/445/445 393/393/393 389/389/389
f 393/393/393 445/445/445 446/446/446
f 443/443/443 444/444/444 389/389/389 385/385/385
f 381/381/381 441/441/441 442/442/442
f 373/373/373 369/369/369 437/437/437 438/438/438
f 447/447/447 397/397/397 446/446/446
f 447/447/447 401/401/401 402/402/402 397/397/397
f 442/442/442 385/385/385 381/381/381
f 446/446/446 397/397/397 393/393/393
f 343/343/343 344/344/344 340/340/340 339/339/339
f 351/351/351 352/352/352 348/348/348 347/347/347
f 347/347/347 348/348/348 344/344/344 343/343/343
f 359/359/359 360/360/360 356/356/356 355/355/355
f 367/367/367 368/368/368 364/364/364 363/363/363
f 371/371/371 372/372/372 368/368/368 367/367/367
f 363/363/363 364/364/364 360/360/360 359/359/359
f 355/355/355 356/356/356 352/352/352 351/351/351
f 372/372/372 371/371/371 375/375/375 376/376/376
f 379/379/379 380/380/380 376/376/376 375/375/375
f 387/387/387 388/388/388 384/384/384 383/383/383
f 383/383/383 384/384/384 380/380/380 379/379/379
f 395/395/395 396/396/396 392/392/392 391/391/391
f 399/399/399 400/400/400 396/396/396 395/395/395
f 391/391/391 392/392/392 388/388/388 387/387/387
f 404/404/404 405/405/405 400/400/400 399/399/399
usemtl Default
v -109.90000152587891 164 64
v -118 164 64
v -118 160.94319152832031 64.294715881347656
v -118 157.92143249511719 65.199630737304688
v -118 155.07275390625 66.722038269042969
v -118 152.56906127929688 68.804740905761719
v -118 150.54083251953125 71.348365783691406
v -118 149.09417724609375 74.184806823730469
v -118 148.26025390625 77.125946044921875
v -118 148 80
v -118 148.29472351074219 83.056808471679688
v -118 149.19963073730469 86.078567504882812
v -118 150.72203063964844 88.92724609375
v -118 152.80474853515625 91.430931091308594
v -118 155.34837341308594 93.45916748046875
v -118 158.184814453125 94.90582275390625
v -118 161.12594604492188 95.739753723144531
v -118 164 96
v -118 167.05680847167969 95.705284118652344
v -118 170.07856750488281 94.800369262695312
v -118 172.92724609375 93.277961730957031
v -118 175.43093872070312 91.195259094238281
v -118 177.45916748046875 88.651634216308594
v -118 178.90582275390625 85.815193176269531
v -118 179.73974609375 82.874053955078125
v -118 180 80
v -118 179.70527648925781 76.943191528320312
v -118 178.80036926269531 73.921432495117188
v -118 177.27796936035156 71.07275390625
v -118 175.19525146484375 68.569068908691406
v -118 172.65162658691406 66.54083251953125
v -118 169.815185546875 65.09417724609375
v -118 166.87405395507812 64.260246276855469
v -109.90000152587891 164 64
v -118 164 64
v -109.90000152587891 161.67037963867188 64.170509338378906
v -109.90000152587891 159.39041137695312 64.678390502929688
v -109.90000152587891 157.20869445800781 65.512825012207031
v -109.90000152587891 155.17172241210938 66.656036376953125
v -109.90000152587891 153.32290649414062 68.083648681640625
v -109.90000152587891 151.70164489746094 69.765228271484375
v -109.90000152587891 150.34251403808594 71.664955139160156
v -109.90000152587891 149.27445983886719 73.742324829101562
v -109.90000152587891 148.520263671875 75.95306396484375
v -109.90000152587891 148.09597778320312 78.25006103515625
v -109.90000152587891 148.01068115234375 80.5843505859375
v -109.90000152587891 148.26614379882812 82.90618896484375
v -109.90000152587891 148.85696411132812 85.166084289550781
v -109.90000152587891 149.77052307128906 87.315879821777344
v -109.90000152587891 150.98736572265625 89.309745788574219
v -109.90000152587891 152.48153686523438 91.105186462402344
v -109.90000152587891 154.22122192382812 92.6639404296875
v -109.90000152587891 156.1693115234375 93.952789306640625
v -109.90000152587891 158.2843017578125 94.944259643554688
v -109.90000152587891 160.5211181640625 95.617210388183594
v -109.90000152587891 162.83207702636719 95.957313537597656
v -109.90000152587891 165.16792297363281 95.957313537597656
v -109.90000152587891 167.4788818359375 95.617210388183594
v -109.90000152587891 169.7156982421875 94.944259643554688
v -109.90000152587891 171.8306884765625 93.952789306640625
v -109.90000152587891 173.77877807617188 92.6639404296875
v -109.90000152587891 175.51846313476562 91.105186462402344
v -109.90000152587891 177.01263427734375 89.309745788574219
v -109.90000152587891 178.22947692871094 87.315879821777344
v -109.90000152587891 179.14303588867188 85.166084289550781
v -109.90000152587891 179.73385620117188 82.90618896484375
v -109.90000152587891 179.98931884765625 80.5843505859375
v -109.90000152587891 179.90402221679688 78.25006103515625
v -109.90000152587891 179.479736328125 75.95306396484375
v -109.90000152587891 178.72554016113281 73.742324829101562
v -109.90000152587891 177.65748596191406 71.664955139160156
v -109.90000152587891 176.29835510253906 69.765228271484375
v -109.90000152587891 174.67709350585938 68.083648681640625
v -109.90000152587891 172.82827758789062 66.656036376953125
v -109.90000152587891 170.79130554199219 65.512825012207031
v -109.90000152587891 168.60958862304688 64.678390502929688
v -109.90000152587891 166.32962036132812 64.170509338378906
v -108 164 66
v -118 164 66
v -108 166.67471313476562 66.25787353515625
v -118 166.67471313476562 66.25787353515625
v -108 169.31874084472656 67.049674987792969
v -118 169.31874084472656 67.049674987792969
v -108 171.81134033203125 68.381782531738281
v -118 171.81134033203125 68.381782531738281
v -108 174.00205993652344 70.204147338867188
v -118 174.00205993652344 70.204147338867188
v -108 175.77677917480469 72.429824829101562
v -118 175.77677917480469 72.429824829101562
v -108 177.04258728027344 74.911705017089844
v -118 177.04258728027344 74.911705017089844
v -108 177.77227783203125 77.485206604003906
v -118 177.77227783203125 77.485206604003906
v -108 178 80
v -118 178 80
v -108 177.74212646484375 82.674705505371094
v -118 177.74212646484375 82.674705505371094
v -108 176.95033264160156 85.318748474121094
v -118 176.95033264160156 85.318748474121094
v -108 175.61820983886719 87.81134033203125
v -118 175.61820983886719 87.81134033203125
v -108 173.79585266113281 90.002067565917969
v -118 173.79585266113281 90.002067565917969
v -108 171.57017517089844 91.776771545410156
v -118 171.57017517089844 91.776771545410156
v -108 169.08828735351562 93.042594909667969
v -118 169.08828735351562 93.042594909667969
v -108 166.51480102539062 93.772285461425781
v -118 166.51480102539062 93.772285461425781
v -108 164 94
v -118 164 94
v -108 161.32528686523438 93.74212646484375
v -118 161.32528686523438 93.74212646484375
v -108 158.68125915527344 92.950325012207031
v -118 158.68125915527344 92.950325012207031
v -108 156.18865966796875 91.618217468261719
v -118 156.18865966796875 91.618217468261719
v -108 153.99794006347656 89.795852661132812
v -118 153.99794006347656 89.795852661132812
v -108 152.22322082519531 87.570175170898438
v -118 152.22322082519531 87.570175170898438
v -108 150.95741271972656 85.088294982910156
v -118 150.95741271972656 85.088294982910156
v -108 150.22772216796875 82.514793395996094
v -118 150.22772216796875 82.514793395996094
v -108 150 80
v -118 150 80
v -108 150.25787353515625 77.325294494628906
v -118 150.25787353515625 77.325294494628906
v -108 151.04966735839844 74.681251525878906
v -118 151.04966735839844 74.681251525878906
v -108 152.38179016113281 72.18865966796875
v -118 152.38179016113281 72.18865966796875
v -108 154.20414733886719 69.997932434082031
v -118 154.20414733886719 69.997932434082031
v -108 156.42982482910156 68.223228454589844
v -118 156.42982482910156 68.223228454589844
v -108 158.91171264648438 66.957405090332031
v -118 158.91171264648438 66.957405090332031
v -108 161.48519897460938 66.227714538574219
v -118 161.48519897460938 66.227714538574219
v -108 164 66
v -118 164 66
v -108 164 66
v -108 166.67471313476562 66.25787353515625
v -108 169.31874084472656 67.049674987792969
v -108 171.81134033203125 68.381782531738281
v -108 174.00205993652344 70.204147338867188
v -108 175.77677917480469 72.429824829101562
v -108 177.04258728027344 74.911705017089844
v -108 177.77227783203125 77.485206604003906
v -108 178 80
v -108 177.74212646484375 82.674705505371094
v -108 176.95033264160156 85.318748474121094
v -108 175.61820983886719 87.81134033203125
v -108 173.79585266113281 90.002067565917969
v -108 171.57017517089844 91.776771545410156
v -108 169.08828735351562 93.042594909667969
v -108 166.51480102539062 93.772285461425781
v -108 164 94
v -108 161.32528686523438 93.74212646484375
v -108 158.68125915527344 92.950325012207031
v -108 156.18865966796875 91.618217468261719
v -108 153.99794006347656 89.795852661132812
v -108 152.22322082519531 87.570175170898438
v -108 150.95741271972656 85.088294982910156
v -108 150.22772216796875 82.514793395996094
v -108 150 80
v -108 150.25787353515625 77.325294494628906
v -108 151.04966735839844 74.681251525878906
v -108 152.38179016113281 72.18865966796875
v -108 154.20414733886719 69.997932434082031
v -108 156.42982482910156 68.223228454589844
v -108 158.91171264648438 66.957405090332031
v -108 161.48519897460938 66.227714538574219
v -108 164 65.900001525878906
v -108 161.1165771484375 66.197975158691406
v -108 158.44071960449219 67.042205810546875
v -108 156.02235412597656 68.373863220214844
v -108 153.93182373046875 70.128730773925781
v -108 152.21858215332031 72.253501892089844
v -108 150.94682312011719 74.668548583984375
v -108 150.1641845703125 77.283370971679688
v -108 149.89999389648438 80
v -108 150.19798278808594 82.883430480957031
v -108 151.04220581054688 85.559288024902344
v -108 152.37385559082031 87.977653503417969
v -108 154.12873840332031 90.068168640136719
v -108 156.25349426269531 91.781417846679688
v -108 158.66854858398438 93.053184509277344
v -108 161.28337097167969 93.835823059082031
v -108 164 94.099998474121094
v -108 166.8834228515625 93.802024841308594
v -108 169.55928039550781 92.957794189453125
v -108 171.97764587402344 91.626136779785156
v -108 174.06817626953125 89.871269226074219
v -108 175.78141784667969 87.746498107910156
v -108 177.05317687988281 85.331451416015625
v -108 177.8358154296875 82.716629028320312
v -108 178.10000610351562 80
v -108 177.80201721191406 77.116569519042969
v -108 176.95779418945312 74.440711975097656
v -108 175.62614440917969 72.022346496582031
v -108 173.87126159667969 69.931831359863281
v -108 171.74650573730469 68.218582153320312
v -108 169.33145141601562 66.946815490722656
v -108 166.71662902832031 66.164176940917969
v -118 164 64
v -118 160.94319152832031 64.294715881347656
v -118 157.92143249511719 65.199630737304688
v -118 155.07275390625 66.722038269042969
v -118 152.56906127929688 68.804740905761719
v -118 150.54083251953125 71.348365783691406
v -118 149.09417724609375 74.184806823730469
v -118 148.26025390625 77.125946044921875
v -118 148 80
v -118 148.29472351074219 83.056808471679688
v -118 149.19963073730469 86.078567504882812
v -118 150.72203063964844 88.92724609375
v -118 152.80474853515625 91.430931091308594
v -118 155.34837341308594 93.45916748046875
v -118 158.184814453125 94.90582275390625
v -118 161.12594604492188 95.739753723144531
v -118 164 96
v -118 167.05680847167969 95.705284118652344
v -118 170.07856750488281 94.800369262695312
v -118 172.92724609375 93.277961730957031
v -118 175.43093872070312 91.195259094238281
v -118 177.45916748046875 88.651634216308594
v -118 178.90582275390625 85.815193176269531
v -118 179.73974609375 82.874053955078125
v -118 180 80
v -118 179.70527648925781 76.943191528320312
v -118 178.80036926269531 73.921432495117188
v -118 177.27796936035156 71.07275390625
v -118 175.19525146484375 68.569068908691406
v -118 172.65162658691406 66.54083251953125
v -118 169.815185546875 65.09417724609375
v -118 166.87405395507812 64.260246276855469
v -118 164 66
v -118 166.67471313476562 66.25787353515625
v -118 169.31874084472656 67.049674987792969
v -118 171.81134033203125 68.381782531738281
v -118 174.00205993652344 70.204147338867188
v -118 175.77677917480469 72.429824829101562
v -118 177.04258728027344 74.911705017089844
v -118 177.77227783203125 77.485206604003906
v -118 178 80
v -118 177.74212646484375 82.674705505371094
v -118 176.95033264160156 85.318748474121094
v -118 175.61820983886719 87.81134033203125
v -118 173.79585266113281 90.002067565917969
v -118 171.57017517089844 91.776771545410156
v -118 169.08828735351562 93.042594909667969
v -118 166.51480102539062 93.772285461425781
v -118 164 94
v -118 161.32528686523438 93.74212646484375
v -118 158.68125915527344 92.950325012207031
v -118 156.18865966796875 91.618217468261719
v -118 153.99794006347656 89.795852661132812
v -118 152.22322082519531 87.570175170898438
v -118 150.95741271972656 85.088294982910156
v -118 150.22772216796875 82.514793395996094
v -118 150 80
v -118 150.25787353515625 77.325294494628906
v -118 151.04966735839844 74.681251525878906
v -118 152.38179016113281 72.18865966796875
v -118 154.20414733886719 69.997932434082031
v -118 156.42982482910156 68.223228454589844
v -118 158.91171264648438 66.957405090332031
v -118 161.48519897460938 66.227714538574219
v -109.90000152587891 164 64
v -109.17816925048828 164 64.1424560546875
v -108.54257965087891 164 64.570564270019531
v -108.12993621826172 164 65.209449768066406
v -108 164 65.900001525878906
v -109.17816925048828 160.75715637207031 64.477577209472656
v -108.54257965087891 160.84469604492188 64.896636962890625
v -108.12993621826172 160.97535705566406 65.522018432617188
v -108 161.1165771484375 66.197975158691406
v -109.17816925048828 157.74775695800781 65.427040100097656
v -108.54257965087891 157.91654968261719 65.820465087890625
v -108.12993621826172 158.16844177246094 66.4075927734375
v -108 158.44071960449219 67.042205810546875
v -109.17816925048828 155.0279541015625 66.9246826171875
v -108.54257965087891 155.27017211914062 67.277679443359375
v -108.12993621826172 155.63163757324219 67.804466247558594
v -108 156.02235412597656 68.373863220214844
v -109.17816925048828 152.67684936523438 68.898292541503906
v -108.54257965087891 152.9825439453125 69.198005676269531
v -108.12993621826172 153.43873596191406 69.645278930664062
v -108 153.93182373046875 70.128730773925781
v -109.17816925048828 150.75004577636719 71.287910461425781
v -108.54257965087891 151.10775756835938 71.523109436035156
v -108.12993621826172 151.64158630371094 71.874114990234375
v -108 152.21858215332031 72.253501892089844
v -109.17816925048828 149.31976318359375 74.003990173339844
v -108.54257965087891 149.71607971191406 74.165863037109375
v -108.12993621826172 150.30752563476562 74.407432556152344
v -108 150.94682312011719 74.668548583984375
v -109.17816925048828 148.43955993652344 76.944747924804688
v -108.54257965087891 148.85964965820312 77.027236938476562
v -108.12993621826172 149.48655700683594 77.15032958984375
v -108 150.1641845703125 77.283370971679688
v -109.17816925048828 148.1424560546875 80
v -108.54257965087891 148.570556640625 80
v -108.12993621826172 149.20944213867188 80
v -108 149.89999389648438 80
v -109.17816925048828 148.47756958007812 83.242843627929688
v -108.54257965087891 148.89663696289062 83.155296325683594
v -108.12993621826172 149.52201843261719 83.024650573730469
v -108 150.19798278808594 82.883430480957031
v -109.17816925048828 149.42703247070312 86.252243041992188
v -108.54257965087891 149.82046508789062 86.083450317382812
v -108.12993621826172 150.4075927734375 85.831550598144531
v -108 151.04220581054688 85.559288024902344
v -109.17816925048828 150.9246826171875 88.972053527832031
v -108.54257965087891 151.27767944335938 88.729835510253906
v -108.12993621826172 151.80447387695312 88.368362426757812
v -108 152.37385559082031 87.977653503417969
v -109.17816925048828 152.89830017089844 91.323150634765625
v -108.54257965087891 153.19801330566406 91.017463684082031
v -108.12993621826172 153.64527893066406 90.561264038085938
v -108 154.12873840332031 90.068168640136719
v -109.17816925048828 155.28791809082031 93.249954223632812
v -108.54257965087891 155.52311706542969 92.892242431640625
v -108.12993621826172 155.87411499023438 92.358413696289062
v -108 156.25349426269531 91.781417846679688
v -109.17816925048828 158.00398254394531 94.680244445800781
v -108.54257965087891 158.16586303710938 94.283920288085938
v -108.12993621826172 158.40744018554688 93.692466735839844
v -108 158.66854858398438 93.053184509277344
v -109.17816925048828 160.94474792480469 95.560432434082031
v -108.54257965087891 161.02723693847656 95.140350341796875
v -108.12993621826172 161.15032958984375 94.513435363769531
v -108 161.28337097167969 93.835823059082031
v -109.17816925048828 164 95.8575439453125
v -108.54257965087891 164 95.429435729980469
v -108.12993621826172 164 94.790550231933594
v -108 164 94.099998474121094
v -109.17816925048828 167.24284362792969 95.522422790527344
v -108.54257965087891 167.15530395507812 95.103363037109375
v -108.12993621826172 167.02464294433594 94.477981567382812
v -108 166.8834228515625 93.802024841308594
v -109.17816925048828 170.25224304199219 94.572959899902344
v -108.54257965087891 170.08345031738281 94.179534912109375
v -108.12993621826172 169.83155822753906 93.5924072265625
v -108 169.55928039550781 92.957794189453125
v -109.17816925048828 172.9720458984375 93.0753173828125
v -108.54257965087891 172.72982788085938 92.722320556640625
v -108.12993621826172 172.36836242675781 92.195533752441406
v -108 171.97764587402344 91.626136779785156
v -109.17816925048828 175.32315063476562 91.101707458496094
v -108.54257965087891 175.0174560546875 90.801994323730469
v -108.12993621826172 174.56126403808594 90.354721069335938
v -108 174.06817626953125 89.871269226074219
v -109.17816925048828 177.24995422363281 88.712089538574219
v -108.54257965087891 176.89224243164062 88.476890563964844
v -108.12993621826172 176.35841369628906 88.125885009765625
v -108 175.78141784667969 87.746498107910156
v -109.17816925048828 178.68023681640625 85.996009826660156
v -108.54257965087891 178.28392028808594 85.834136962890625
v -108.12993621826172 177.69247436523438 85.592567443847656
v -108 177.05317687988281 85.331451416015625
v -109.17816925048828 179.56044006347656 83.055252075195312
v -108.54257965087891 179.14035034179688 82.972763061523438
v -108.12993621826172 178.51344299316406 82.84967041015625
v -108 177.8358154296875 82.716629028320312
v -109.17816925048828 179.8575439453125 80
v -108.54257965087891 179.429443359375 80
v -108.12993621826172 178.79055786132812 80
v -108 178.10000610351562 80
v -109.17816925048828 179.52243041992188 76.757156372070312
v -108.54257965087891 179.10336303710938 76.844703674316406
v -108.12993621826172 178.47798156738281 76.975349426269531
v -108 177.80201721191406 77.116569519042969
v -109.17816925048828 178.57296752929688 73.747756958007812
v -108.54257965087891 178.17953491210938 73.916549682617188
v -108.12993621826172 177.5924072265625 74.168449401855469
v -108 176.95779418945312 74.440711975097656
v -109.17816925048828 177.0753173828125 71.027946472167969
v -108.54257965087891 176.72232055664062 71.270164489746094
v -108.12993621826172 176.19552612304688 71.631637573242188
v -108 175.62614440917969 72.022346496582031
v -109.17816925048828 175.10169982910156 68.676849365234375
v -108.54257965087891 174.80198669433594 68.982536315917969
v -108.12993621826172 174.35472106933594 69.438735961914062
v -108 173.87126159667969 69.931831359863281
v -109.17816925048828 172.71208190917969 66.750045776367188
v -108.54257965087891 172.47688293457031 67.107757568359375
v -108.12993621826172 172.12588500976562 67.641586303710938
v -108 171.74650573730469 68.218582153320312
v -109.17816925048828 169.99601745605469 65.319755554199219
v -108.54257965087891 169.83413696289062 65.716079711914062
v -108.12993621826172 169.59255981445312 66.307533264160156
v -108 169.33145141601562 66.946815490722656
v -109.17816925048828 167.05525207519531 64.439567565917969
v -108.54257965087891 166.97276306152344 64.859649658203125
v -108.12993621826172 166.84967041015625 65.486564636230469
v -108 166.71662902832031 66.164176940917969
v -109.90000152587891 164 64
v -109.17816925048828 164 64.1424560546875
v -108.54257965087891 164 64.570564270019531
v -108.12993621826172 164 65.209449768066406
v -108 164 65.900001525878906
v -109.90000152587891 161.67037963867188 64.170509338378906
v -109.90000152587891 159.39041137695312 64.678390502929688
v -109.90000152587891 157.20869445800781 65.512825012207031
v -109.90000152587891 155.17172241210938 66.656036376953125
v -109.90000152587891 153.32290649414062 68.083648681640625
v -109.90000152587891 151.70164489746094 69.765228271484375
v -109.90000152587891 150.34251403808594 71.664955139160156
v -109.90000152587891 149.27445983886719 73.742324829101562
v -109.90000152587891 148.520263671875 75.95306396484375
v -109.90000152587891 148.09597778320312 78.25006103515625
v -109.90000152587891 148.01068115234375 80.5843505859375
v -109.90000152587891 148.26614379882812 82.90618896484375
v -109.90000152587891 148.85696411132812 85.166084289550781
v -109.90000152587891 149.77052307128906 87.315879821777344
v -109.90000152587891 150.98736572265625 89.309745788574219
v -109.90000152587891 152.48153686523438 91.105186462402344
v -109.90000152587891 154.22122192382812 92.6639404296875
v -109.90000152587891 156.1693115234375 93.952789306640625
v -109.90000152587891 158.2843017578125 94.944259643554688
v -109.90000152587891 160.5211181640625 95.617210388183594
v -109.90000152587891 162.83207702636719 95.957313537597656
v -109.90000152587891 165.16792297363281 95.957313537597656
v -109.90000152587891 167.4788818359375 95.617210388183594
v -109.90000152587891 169.7156982421875 94.944259643554688
v -109.90000152587891 171.8306884765625 93.952789306640625
v -109.90000152587891 173.77877807617188 92.6639404296875
v -109.90000152587891 175.51846313476562 91.105186462402344
v -109.90000152587891 177.01263427734375 89.309745788574219
v -109.90000152587891 178.22947692871094 87.315879821777344
v -109.90000152587891 179.14303588867188 85.166084289550781
v -109.90000152587891 179.73385620117188 82.90618896484375
v -109.90000152587891 179.98931884765625 80.5843505859375
v -109.90000152587891 179.90402221679688 78.25006103515625
v -109.90000152587891 179.479736328125 75.95306396484375
v -109.90000152587891 178.72554016113281 73.742324829101562
v -109.90000152587891 177.65748596191406 71.664955139160156
v -109.90000152587891 176.29835510253906 69.765228271484375
v -109.90000152587891 174.67709350585938 68.083648681640625
v -109.90000152587891 172.82827758789062 66.656036376953125
v -109.90000152587891 170.79130554199219 65.512825012207031
v -109.90000152587891 168.60958862304688 64.678390502929688
v -109.90000152587891 166.32962036132812 64.170509338378906
vt 0.028831563889980316 0.74667102098464966
vt 0.028831563889980316 0.82491832971572876
vt 0.060616698116064072 0.82491832971572876
vt 0.091379605233669281 0.82491832971572876
vt 0.12164627760648727 0.82491832971572876
vt 0.15156850218772888 0.82491832971572876
vt 0.18149074912071228 0.82491832971572876
vt 0.21141299605369568 0.82491832971572876
vt 0.24133521318435669 0.82491832971572876
vt 0.27125746011734009 0.82491832971572876
vt 0.30304259061813354 0.82491832971572876
vt 0.33380550146102905 0.82491832971572876
vt 0.36407217383384705 0.82491832971572876
vt 0.39399442076683044 0.82491832971572876
vt 0.42391663789749146 0.82491832971572876
vt 0.45383888483047485 0.82491832971572876
vt 0.48376113176345825 0.82491832971572876
vt 0.51368337869644165 0.82491832971572876
vt 0.54546850919723511 0.82491832971572876
vt 0.57623142004013062 0.82491832971572876
vt 0.60649806261062622 0.82491832971572876
vt 0.63642030954360962 0.82491832971572876
vt 0.66634249687194824 0.82491832971572876
vt 0.69626480340957642 0.82491832971572876
vt 0.72618705034255981 0.82491832971572876
vt 0.75610923767089844 0.82491832971572876
vt 0.78789442777633667 0.82491832971572876
vt 0.81865733861923218 0.82491832971572876
vt 0.84892398118972778 0.82491832971572876
vt 0.87884616851806641 0.82491832971572876
vt 0.9087684154510498 0.82491832971572876
vt 0.93869072198867798 0.82491832971572876
vt 0.9686129093170166 0.82491832971572876
vt 0.99853515625 0.74667102098464966
vt 0.99853515625 0.82491832971572876
vt 0.053186021745204926 0.74667102098464966
vt 0.0763884037733078 0.74667102098464966
vt 0.098751373589038849 0.74667102098464966
vt 0.1205478310585022 0.74667102098464966
vt 0.14202503859996796 0.74667102098464966
vt 0.16341625154018402 0.74667102098464966
vt 0.184951052069664 0.74667102098464966
vt 0.20686516165733337 0.74667102098464966
vt 0.22941111028194427 0.74667102098464966
vt 0.25287029147148132 0.74667102098464966
vt 0.27747315168380737 0.74667102098464966
vt 0.30150747299194336 0.74667102098464966
vt 0.32447251677513123 0.74667102098464966
vt 0.34666949510574341 0.74667102098464966
vt 0.36836370825767517 0.74667102098464966
vt 0.38979783654212952 0.74667102098464966
vt 0.41120335459709167 0.74667102098464966
vt 0.43281042575836182 0.74667102098464966
vt 0.45485791563987732 0.74667102098464966
vt 0.47760435938835144 0.74667102098464966
vt 0.50134056806564331 0.74667102098464966
vt 0.52602612972259521 0.74667102098464966
vt 0.54976236820220947 0.74667102098464966
vt 0.57250881195068359 0.74667102098464966
vt 0.59455633163452148 0.74667102098464966
vt 0.61616337299346924 0.74667102098464966
vt 0.6375688910484314 0.74667102098464966
vt 0.65900301933288574 0.74667102098464966
vt 0.68069720268249512 0.74667102098464966
vt 0.70289421081542969 0.74667102098464966
vt 0.72585922479629517 0.74667102098464966
vt 0.74989354610443115 0.74667102098464966
vt 0.77449643611907959 0.74667102098464966
vt 0.79795563220977783 0.74667102098464966
vt 0.82050156593322754 0.74667102098464966
vt 0.84241569042205811 0.74667102098464966
vt 0.86395043134689331 0.74667102098464966
vt 0.88534170389175415 0.74667102098464966
vt 0.9068189263343811 0.74667102098464966
vt 0.92861533164978027 0.74667102098464966
vt 0.95097833871841431 0.74667102098464966
vt 0.97418069839477539 0.74667102098464966
vt 0.028831563889980316 0.8471367359161377
vt 0.028831563889980316 0.94373834133148193
vt 0.056685566902160645 0.8471367359161377
vt 0.056685566902160645 0.94373834133148193
vt 0.083643771708011627 0.8471367359161377
vt 0.083643771708011627 0.94373834133148193
vt 0.11016711592674255 0.8471367359161377
vt 0.11016711592674255 0.94373834133148193
vt 0.13638861477375031 0.8471367359161377
vt 0.13638861477375031 0.94373834133148193
vt 0.16261012852191925 0.8471367359161377
vt 0.16261012852191925 0.94373834133148193
vt 0.1888316422700882 0.8471367359161377
vt 0.1888316422700882 0.94373834133148193
vt 0.21505314111709595 0.8471367359161377
vt 0.21505314111709595 0.94373834133148193
vt 0.24127465486526489 0.8471367359161377
vt 0.24127465486526489 0.94373834133148193
vt 0.26912868022918701 0.8471367359161377
vt 0.26912868022918701 0.94373834133148193
vt 0.2960868775844574 0.8471367359161377
vt 0.2960868775844574 0.94373834133148193
vt 0.32261019945144653 0.8471367359161377
vt 0.32261019945144653 0.94373834133148193
vt 0.34883174300193787 0.8471367359161377
vt 0.34883174300193787 0.94373834133148193
vt 0.37505322694778442 0.8471367359161377
vt 0.37505322694778442 0.94373834133148193
vt 0.40127474069595337 0.8471367359161377
vt 0.40127474069595337 0.94373834133148193
vt 0.42749625444412231 0.8471367359161377
vt 0.42749625444412231 0.94373834133148193
vt 0.45371776819229126 0.8471367359161377
vt 0.45371776819229126 0.94373834133148193
vt 0.48157176375389099 0.8471367359161377
vt 0.48157176375389099 0.94373834133148193
vt 0.50852996110916138 0.8471367359161377
vt 0.50852996110916138 0.94373834133148193
vt 0.5350533127784729 0.8471367359161377
vt 0.5350533127784729 0.94373834133148193
vt 0.56127482652664185 0.8471367359161377
vt 0.56127482652664185 0.94373834133148193
vt 0.58749628067016602 0.8471367359161377
vt 0.58749628067016602 0.94373834133148193
vt 0.61371785402297974 0.8471367359161377
vt 0.61371785402297974 0.94373834133148193
vt 0.63993936777114868 0.8471367359161377
vt 0.63993936777114868 0.94373834133148193
vt 0.66616082191467285 0.8471367359161377
vt 0.66616082191467285 0.94373834133148193
vt 0.69401484727859497 0.8471367359161377
vt 0.69401484727859497 0.94373834133148193
vt 0.72097307443618774 0.8471367359161377
vt 0.72097307443618774 0.94373834133148193
vt 0.74749642610549927 0.8471367359161377
vt 0.74749642610549927 0.94373834133148193
vt 0.77371788024902344 0.8471367359161377
vt 0.77371788024902344 0.94373834133148193
vt 0.79993939399719238 0.8471367359161377
vt 0.79993939399719238 0.94373834133148193
vt 0.8261609673500061 0.8471367359161377
vt 0.8261609673500061 0.94373834133148193
vt 0.85238242149353027 0.8471367359161377
vt 0.85238242149353027 0.94373834133148193
vt 0.87860393524169922 0.8471367359161377
vt 0.87860393524169922 0.94373834133148193
vt 0.16503982245922089 0.27145048975944519
vt 0.19087792932987213 0.26895937323570251
vt 0.2164197713136673 0.26131048798561096
vt 0.2404986172914505 0.24844209849834442
vt 0.26166138052940369 0.23083774745464325
vt 0.27880534529685974 0.20933739840984344
vt 0.29103338718414307 0.18536198139190674
vt 0.29808229207992554 0.16050159931182861
vt 0.3002820611000061 0.13620826601982117
vt 0.29779094457626343 0.11037015914916992
vt 0.29014205932617188 0.084828317165374756
vt 0.27727365493774414 0.060749467462301254
vt 0.25966930389404297 0.039586704224348068
vt 0.23816896975040436 0.022442739456892014
vt 0.21419355273246765 0.01021470595151186
vt 0.18933315575122833 0.0031657915096729994
vt 0.16503982245922089 0.00096601602854207158
vt 0.13920173048973083 0.0034571497235447168
vt 0.11365988850593567 0.011106035672128201
vt 0.089581027626991272 0.023974420502781868
vt 0.068418271839618683 0.041578777134418488
vt 0.051274307072162628 0.063079126179218292
vt 0.039046265184879303 0.087054535746574402
vt 0.031997349113225937 0.11191493272781372
vt 0.029797583818435669 0.13620826601982117
vt 0.032288707792758942 0.16204635798931122
vt 0.039937593042850494 0.18758819997310638
vt 0.052805986255407333 0.21166706085205078
vt 0.070410341024398804 0.23282980918884277
vt 0.091910690069198608 0.24997377395629883
vt 0.11588610708713531 0.26220181584358215
vt 0.14074648916721344 0.26925075054168701
vt 0.16503982245922089 0.27241653203964233
vt 0.13718542456626892 0.26953801512718201
vt 0.11133623868227005 0.26138260960578918
vt 0.087974444031715393 0.24851863086223602
vt 0.067779675126075745 0.23156629502773285
vt 0.051229458302259445 0.2110406905412674
vt 0.038943968713283539 0.1877109557390213
vt 0.031383577734231949 0.16245129704475403
vt 0.028831563889980316 0.13620826601982117
vt 0.031710077077150345 0.1083538681268692
vt 0.039865482598543167 0.082504674792289734
vt 0.052729461342096329 0.059142876416444778
vt 0.069681793451309204 0.038948114961385727
vt 0.090207397937774658 0.022397901862859726
vt 0.11353714019060135 0.010112413205206394
vt 0.13879679143428802 0.0025520105846226215
vt 0.16503982245922089 0
vt 0.19289422035217285 0.0028785092290490866
vt 0.21874341368675232 0.011033923365175724
vt 0.24210521578788757 0.023897901177406311
vt 0.26229998469352722 0.040850229561328888
vt 0.27885019779205322 0.061375834047794342
vt 0.29113566875457764 0.084705568850040436
vt 0.29869607090950012 0.10996522009372711
vt 0.30124807357788086 0.13620826601982117
vt 0.29836958646774292 0.16406266391277313
vt 0.29021415114402771 0.18991184234619141
vt 0.27735018730163574 0.21327364444732666
vt 0.26039785146713257 0.23346841335296631
vt 0.23987226188182831 0.25001862645149231
vt 0.21654252707958221 0.26230412721633911
vt 0.19128286838531494 0.26986449956893921
vt 0.18339413404464722 0.65889459848403931
vt 0.15386487543582916 0.65604758262634277
vt 0.12467419356107712 0.64730602502822876
vt 0.097155503928661346 0.63259929418563843
vt 0.072969481348991394 0.6124800443649292
vt 0.053376395255327225 0.58790820837020874
vt 0.039401490241289139 0.56050771474838257
vt 0.031345583498477936 0.53209584951400757
vt 0.028831563889980316 0.50433206558227539
vt 0.031678564846515656 0.47480279207229614
vt 0.040420152246952057 0.4456121027469635
vt 0.055126890540122986 0.41809341311454773
vt 0.075246147811412811 0.39390739798545837
vt 0.099817976355552673 0.37431430816650391
vt 0.12721845507621765 0.36033940315246582
vt 0.15563032031059265 0.35228350758552551
vt 0.18339413404464722 0.3497694730758667
vt 0.21292337775230408 0.35261648893356323
vt 0.24211405217647552 0.36135807633399963
vt 0.26963275671005249 0.37606480717658997
vt 0.29381877183914185 0.39618405699729919
vt 0.31341186165809631 0.42075589299201965
vt 0.3273867666721344 0.44815635681152344
vt 0.33544266223907471 0.47656822204589844
vt 0.33795669674873352 0.50433206558227539
vt 0.33510968089103699 0.53386127948760986
vt 0.32636809349060059 0.56305199861526489
vt 0.31166139245033264 0.59057068824768066
vt 0.29154211282730103 0.61475670337677002
vt 0.26697027683258057 0.6343497633934021
vt 0.23956981301307678 0.64832466840744019
vt 0.21115794777870178 0.65638059377670288
vt 0.18339413404464722 0.63957428932189941
vt 0.20923222601413727 0.63708317279815674
vt 0.23477406799793243 0.62943428754806519
vt 0.25885292887687683 0.61656588315963745
vt 0.28001567721366882 0.59896153211593628
vt 0.29715964198112488 0.57746118307113647
vt 0.3093876838684082 0.55348575115203857
vt 0.31643658876419067 0.52862536907196045
vt 0.31863638758659363 0.50433206558227539
vt 0.31614524126052856 0.47849395871162415
vt 0.30849635601043701 0.45295211672782898
vt 0.29562798142433167 0.42887324094772339
vt 0.27802360057830811 0.4077104926109314
vt 0.2565232515335083 0.39056652784347534
vt 0.23254786431789398 0.37833848595619202
vt 0.20768746733665466 0.37128958106040955
vt 0.18339413404464722 0.36908978223800659
vt 0.15755602717399597 0.37158092856407166
vt 0.13201418519020081 0.37922981381416321
vt 0.10793533176183701 0.39209818840026855
vt 0.08677256852388382 0.40970256924629211
vt 0.069628611207008362 0.43120291829109192
vt 0.057400569319725037 0.45517832040786743
vt 0.050351660698652267 0.48003870248794556
vt 0.048151884227991104 0.50433206558227539
vt 0.050643019378185272 0.53017014265060425
vt 0.058291912078857422 0.55571198463439941
vt 0.071160286664962769 0.57979083061218262
vt 0.08876463770866394 0.60095357894897461
vt 0.11026498675346375 0.61809754371643066
vt 0.13424040377140045 0.63032561540603638
vt 0.15910080075263977 0.63737452030181885
vt 0.027366720139980316 0
vt 0.02030586265027523 0
vt 0.013511320576071739 0
vt 0.006755659356713295 0
vt 0 0
vt 0.02030586265027523 0.031785134226083755
vt 0.013511320576071739 0.031785134226083755
vt 0.006755659356713295 0.031785134226083755
vt 0 0.031785134226083755
vt 0.02030586265027523 0.062548041343688965
vt 0.013511320576071739 0.062548041343688965
vt 0.006755659356713295 0.062548041343688965
vt 0 0.062548041343688965
vt 0.02030586265027523 0.092814713716506958
vt 0.013511320576071739 0.092814713716506958
vt 0.006755659356713295 0.092814713716506958
vt 0 0.092814713716506958
vt 0.02030586265027523 0.12273694574832916
vt 0.013511320576071739 0.12273694574832916
vt 0.006755659356713295 0.12273694574832916
vt 0 0.12273694574832916
vt 0.02030586265027523 0.15265919268131256
vt 0.013511320576071739 0.15265919268131256
vt 0.006755659356713295 0.15265919268131256
vt 0 0.15265919268131256
vt 0.02030586265027523 0.18258142471313477
vt 0.013511320576071739 0.18258142471313477
vt 0.006755659356713295 0.18258142471313477
vt 0 0.18258142471313477
vt 0.02030586265027523 0.21250365674495697
vt 0.013511320576071739 0.21250365674495697
vt 0.006755659356713295 0.21250365674495697
vt 0 0.21250365674495697
vt 0.02030586265027523 0.24242590367794037
vt 0.013511320576071739 0.24242590367794037
vt 0.006755659356713295 0.24242590367794037
vt 0 0.24242590367794037
vt 0.02030586265027523 0.27421104907989502
vt 0.013511320576071739 0.27421104907989502
vt 0.006755659356713295 0.27421104907989502
vt 0 0.27421104907989502
vt 0.02030586265027523 0.30497395992279053
vt 0.013511320576071739 0.30497395992279053
vt 0.006755659356713295 0.30497395992279053
vt 0 0.30497395992279053
vt 0.02030586265027523 0.33524060249328613
vt 0.013511320576071739 0.33524060249328613
vt 0.006755659356713295 0.33524060249328613
vt 0 0.33524060249328613
vt 0.02030586265027523 0.36516284942626953
vt 0.013511320576071739 0.36516284942626953
vt 0.006755659356713295 0.36516284942626953
vt 0 0.36516284942626953
vt 0.02030586265027523 0.39508509635925293
vt 0.013511320576071739 0.39508509635925293
vt 0.006755659356713295 0.39508509635925293
vt 0 0.39508509635925293
vt 0.02030586265027523 0.42500731348991394
vt 0.013511320576071739 0.42500731348991394
vt 0.006755659356713295 0.42500731348991394
vt 0 0.42500731348991394
vt 0.02030586265027523 0.45492956042289734
vt 0.013511320576071739 0.45492956042289734
vt 0.006755659356713295 0.45492956042289734
vt 0 0.45492956042289734
vt 0.02030586265027523 0.48485180735588074
vt 0.013511320576071739 0.48485180735588074
vt 0.006755659356713295 0.48485180735588074
vt 0 0.48485180735588074
vt 0.02030586265027523 0.51663696765899658
vt 0.013511320576071739 0.51663696765899658
vt 0.006755659356713295 0.51663696765899658
vt 0 0.51663696765899658
vt 0.02030586265027523 0.54739987850189209
vt 0.013511320576071739 0.54739987850189209
vt 0.006755659356713295 0.54739987850189209
vt 0 0.54739987850189209
vt 0.02030586265027523 0.5776665210723877
vt 0.013511320576071739 0.5776665210723877
vt 0.006755659356713295 0.5776665210723877
vt 0 0.5776665210723877
vt 0.02030586265027523 0.60758870840072632
vt 0.013511320576071739 0.60758870840072632
vt 0.006755659356713295 0.60758870840072632
vt 0 0.60758870840072632
vt 0.02030586265027523 0.63751095533370972
vt 0.013511320576071739 0.63751095533370972
vt 0.006755659356713295 0.63751095533370972
vt 0 0.63751095533370972
vt 0.02030586265027523 0.66743326187133789
vt 0.013511320576071739 0.66743326187133789
vt 0.006755659356713295 0.66743326187133789
vt 0 0.66743326187133789
vt 0.02030586265027523 0.69735544919967651
vt 0.013511320576071739 0.69735544919967651
vt 0.006755659356713295 0.69735544919967651
vt 0 0.69735544919967651
vt 0.02030586265027523 0.72727769613265991
vt 0.013511320576071739 0.72727769613265991
vt 0.006755659356713295 0.72727769613265991
vt 0 0.72727769613265991
vt 0.02030586265027523 0.75906282663345337
vt 0.013511320576071739 0.75906282663345337
vt 0.006755659356713295 0.75906282663345337
vt 0 0.75906282663345337
vt 0.02030586265027523 0.78982573747634888
vt 0.013511320576071739 0.78982573747634888
vt 0.006755659356713295 0.78982573747634888
vt 0 0.78982573747634888
vt 0.02030586265027523 0.82009238004684448
vt 0.013511320576071739 0.82009238004684448
vt 0.006755659356713295 0.82009238004684448
vt 0 0.82009238004684448
vt 0.02030586265027523 0.85001462697982788
vt 0.013511320576071739 0.85001462697982788
vt 0.006755659356713295 0.85001462697982788
vt 0 0.85001462697982788
vt 0.02030586265027523 0.87993687391281128
vt 0.013511320576071739 0.87993687391281128
vt 0.006755659356713295 0.87993687391281128
vt 0 0.87993687391281128
vt 0.02030586265027523 0.90985912084579468
vt 0.013511320576071739 0.90985912084579468
vt 0.006755659356713295 0.90985912084579468
vt 0 0.90985912084579468
vt 0.02030586265027523 0.93978136777877808
vt 0.013511320576071739 0.93978136777877808
vt 0.006755659356713295 0.93978136777877808
vt 0 0.93978136777877808
vt 0.027366720139980316 0.96970361471176147
vt 0.02030586265027523 0.96970361471176147
vt 0.013511320576071739 0.96970361471176147
vt 0.006755659356713295 0.96970361471176147
vt 0 0.96970361471176147
vt 0.027366720139980316 0.022551245987415314
vt 0.027366720139980316 0.045102491974830627
vt 0.027366720139980316 0.067653745412826538
vt 0.027366720139980316 0.090204983949661255
vt 0.027366720139980316 0.11275623738765717
vt 0.027366720139980316 0.13530749082565308
vt 0.027366720139980316 0.15785872936248779
vt 0.027366720139980316 0.18040996789932251
vt 0.027366720139980316 0.20296120643615723
vt 0.027366720139980316 0.22551247477531433
vt 0.027366720139980316 0.24806371331214905
vt 0.027366720139980316 0.27061498165130615
vt 0.027366720139980316 0.29316619038581848
vt 0.027366720139980316 0.31571745872497559
vt 0.027366720139980316 0.3382686972618103
vt 0.027366720139980316 0.36081993579864502
vt 0.027366720139980316 0.38337120413780212
vt 0.027366720139980316 0.40592241287231445
vt 0.027366720139980316 0.42847368121147156
vt 0.027366720139980316 0.45102494955062866
vt 0.027366720139980316 0.47357615828514099
vt 0.027366720139980316 0.4961274266242981
vt 0.027366720139980316 0.51867866516113281
vt 0.027366720139980316 0.5412299633026123
vt 0.027366720139980316 0.56378114223480225
vt 0.027366720139980316 0.58633238077163696
vt 0.027366720139980316 0.60888367891311646
vt 0.027366720139980316 0.63143491744995117
vt 0.027366720139980316 0.65398615598678589
vt 0.027366720139980316 0.67653739452362061
vt 0.027366720139980316 0.69908863306045532
vt 0.027366720139980316 0.72163987159729004
vt 0.027366720139980316 0.74419111013412476
vt 0.027366720139980316 0.76674240827560425
vt 0.027366720139980316 0.78929358720779419
vt 0.027366720139980316 0.81184482574462891
vt 0.027366720139980316 0.8343961238861084
vt 0.027366720139980316 0.85694736242294312
vt 0.027366720139980316 0.87949860095977783
vt 0.027366720139980316 0.90204989910125732
vt 0.027366720139980316 0.92460107803344727
vt 0.027366720139980316 0.94715231657028198
vn 0 0 -1
vn 0 0 -1
vn 0 -0.19105048477649689 -0.98158019781112671
vn 0 -0.37991040945053101 -0.92502325773239136
vn 0 -0.55795282125473022 -0.82987266778945923
vn 0 -0.71443325281143188 -0.69970357418060303
vn 0 -0.8411981463432312 -0.54072701930999756
vn 0 -0.93161392211914062 -0.36344948410987854
vn 0 -0.98373454809188843 -0.17962829768657684
vn 0 -1 0
vn 0 -0.98158019781112671 0.19105048477649689
vn 0 -0.92502325773239136 0.37991040945053101
vn 0 -0.82987266778945923 0.55795282125473022
vn 0 -0.69970357418060303 0.71443325281143188
vn 0 -0.54072701930999756 0.8411981463432312
vn 0 -0.36344948410987854 0.93161392211914062
vn 0 -0.17962829768657684 0.98373454809188843
vn 0 0 1
vn 0 0.19105048477649689 0.98158019781112671
vn 0 0.37991040945053101 0.92502325773239136
vn 0 0.55795282125473022 0.82987266778945923
vn 0 0.71443325281143188 0.69970357418060303
vn 0 0.8411981463432312 0.54072701930999756
vn 0 0.93161392211914062 0.36344948410987854
vn 0 0.98373454809188843 0.17962829768657684
vn 0 1 0
vn 0 0.98158019781112671 -0.19105048477649689
vn 0 0.92502325773239136 -0.37991040945053101
vn 0 0.82987266778945923 -0.55795282125473022
vn 0 0.69970357418060303 -0.71443325281143188
vn 0 0.54072701930999756 -0.8411981463432312
vn 0 0.36344948410987854 -0.93161392211914062
vn 0 0.17962829768657684 -0.98373454809188843
vn 0 0 -1
vn 0 0 -1
vn 0 -0.14560116827487946 -0.98934334516525269
vn 0 -0.28809911012649536 -0.95760059356689453
vn 0 -0.42445668578147888 -0.90544825792312622
vn 0 -0.55176776647567749 -0.83399778604507446
vn 0 -0.66731882095336914 -0.74477219581604004
vn 0 -0.76864713430404663 -0.63967299461364746
vn 0 -0.85359311103820801 -0.52094036340713501
vn 0 -0.92034620046615601 -0.39110472798347473
vn 0 -0.96748369932174683 -0.25293338298797607
vn 0 -0.99400097131729126 -0.10937120765447617
vn 0 -0.99933284521102905 0.036522023379802704
vn 0 -0.98336565494537354 0.18163685500621796
vn 0 -0.94643974304199219 0.32288041710853577
vn 0 -0.88934212923049927 0.45724231004714966
vn 0 -0.81328976154327393 0.58185893297195435
vn 0 -0.71990346908569336 0.69407421350479126
vn 0 -0.61117368936538696 0.79149651527404785
vn 0 -0.48941785097122192 0.87204939126968384
vn 0 -0.35723090171813965 0.93401610851287842
vn 0 -0.21743017435073853 0.97607588768005371
vn 0 -0.072995312511920929 0.99733227491378784
vn 0 0.072995312511920929 0.99733227491378784
vn 0 0.21743017435073853 0.97607588768005371
vn 0 0.35723090171813965 0.93401610851287842
vn 0 0.48941785097122192 0.87204939126968384
vn 0 0.61117368936538696 0.79149651527404785
vn 0 0.71990346908569336 0.69407421350479126
vn 0 0.81328976154327393 0.58185893297195435
vn 0 0.88934212923049927 0.45724231004714966
vn 0 0.94643974304199219 0.32288041710853577
vn 0 0.98336565494537354 0.18163685500621796
vn 0 0.99933284521102905 0.036522023379802704
vn 0 0.99400097131729126 -0.10937120765447617
vn 0 0.96748369932174683 -0.25293338298797607
vn 0 0.92034620046615601 -0.39110472798347473
vn 0 0.85359311103820801 -0.52094036340713501
vn 0 0.76864713430404663 -0.63967299461364746
vn 0 0.66731882095336914 -0.74477219581604004
vn 0 0.55176776647567749 -0.83399778604507446
vn 0 0.42445668578147888 -0.90544825792312622
vn 0 0.28809911012649536 -0.95760059356689453
vn 0 0.14560116827487946 -0.98934334516525269
vn 0 0 1
vn 0 0 1
vn 0 -0.19105048477649689 0.98158019781112671
vn 0 -0.19105048477649689 0.98158019781112671
vn 0 -0.37991040945053101 0.92502325773239136
vn 0 -0.37991040945053101 0.92502325773239136
vn 0 -0.55795282125473022 0.82987266778945923
vn 0 -0.55795282125473022 0.82987266778945923
vn 0 -0.71443325281143188 0.69970357418060303
vn 0 -0.71443325281143188 0.69970357418060303
vn 0 -0.8411981463432312 0.54072701930999756
vn 0 -0.8411981463432312 0.54072701930999756
vn 0 -0.93161392211914062 0.36344948410987854
vn 0 -0.93161392211914062 0.36344948410987854
vn 0 -0.98373454809188843 0.17962829768657684
vn 0 -0.98373454809188843 0.17962829768657684
vn 0 -1 0
vn 0 -1 0
vn 0 -0.98158019781112671 -0.19105048477649689
vn 0 -0.98158019781112671 -0.19105048477649689
vn 0 -0.92502325773239136 -0.37991040945053101
vn 0 -0.92502325773239136 -0.37991040945053101
vn 0 -0.82987266778945923 -0.55795282125473022
vn 0 -0.82987266778945923 -0.55795282125473022
vn 0 -0.69970357418060303 -0.71443325281143188
vn 0 -0.69970357418060303 -0.71443325281143188
vn 0 -0.54072701930999756 -0.8411981463432312
vn 0 -0.54072701930999756 -0.8411981463432312
vn 0 -0.36344948410987854 -0.93161392211914062
vn 0 -0.36344948410987854 -0.93161392211914062
vn 0 -0.17962829768657684 -0.98373454809188843
vn 0 -0.17962829768657684 -0.98373454809188843
vn 0 0 -1
vn 0 0 -1
vn 0 0.19105048477649689 -0.98158019781112671
vn 0 0.19105048477649689 -0.98158019781112671
vn 0 0.37991040945053101 -0.92502325773239136
vn 0 0.37991040945053101 -0.92502325773239136
vn 0 0.55795282125473022 -0.82987266778945923
vn 0 0.55795282125473022 -0.82987266778945923
vn 0 0.71443325281143188 -0.69970357418060303
vn 0 0.71443325281143188 -0.69970357418060303
vn 0 0.8411981463432312 -0.54072701930999756
vn 0 0.8411981463432312 -0.54072701930999756
vn 0 0.93161392211914062 -0.36344948410987854
vn 0 0.93161392211914062 -0.36344948410987854
vn 0 0.98373454809188843 -0.17962829768657684
vn 0 0.98373454809188843 -0.17962829768657684
vn 0 1 0
vn 0 1 0
vn 0 0.98158019781112671 0.19105048477649689
vn 0 0.98158019781112671 0.19105048477649689
vn 0 0.92502325773239136 0.37991040945053101
vn 0 0.92502325773239136 0.37991040945053101
vn 0 0.82987266778945923 0.55795282125473022
vn 0 0.82987266778945923 0.55795282125473022
vn 0 0.69970357418060303 0.71443325281143188
vn 0 0.69970357418060303 0.71443325281143188
vn 0 0.54072701930999756 0.8411981463432312
vn 0 0.54072701930999756 0.8411981463432312
vn 0 0.36344948410987854 0.93161392211914062
vn 0 0.36344948410987854 0.93161392211914062
vn 0 0.17962829768657684 0.98373454809188843
vn 0 0.17962829768657684 0.98373454809188843
vn 0 0 1
vn 0 0 1
vn 1 0 0
vn 1 0 0
vn 1 0 0
vn 1 0 0
vn 1 0 0
vn 1 0 0
vn 1 0 0
vn 1 0 0
vn 1 0 0
vn 1 0 0
vn 1 0 0
vn 1 0 0
vn 1 0 0
vn 1 0 0
vn 1 0 0
vn 1 0 0
vn 1 0 0
vn 1 0 0
vn 1 0 0
vn 1 0 0
vn 1 0 0
vn 1 0 0
vn 1 0 0
vn 1 0 0
vn 1 0 0
vn 1 0 0
vn 1 0 0
vn 1 0 0
vn 1 0 0
vn 1 0 0
vn 1 0 0
vn 1 0 0
vn 1 0 0
vn 1 0 0
vn 1 0 0
vn 1 0 0
vn 1 0 0
vn 1 0 0
vn 1 0 0
vn 1 0 0
vn 1 0 0
vn 1 0 0
vn 1 0 0
vn 1 0 0
vn 1 0 0
vn 1 0 0
vn 1 0 0
vn 1 0 0
vn 1 0 0
vn 1 0 0
vn 1 0 0
vn 1 0 0
vn 1 0 0
vn 1 0 0
vn 1 0 0
vn 1 0 0
vn 1 0 0
vn 1 0 0
vn 1 0 0
vn 1 0 0
vn 1 0 0
vn 1 0 0
vn 1 0 0
vn 1 0 0
vn -1 0 0
vn -1 0 0
vn -1 0 0
vn -1 0 0
vn -1 0 0
vn -1 0 0
vn -1 0 0
vn -1 0 0
vn -1 0 0
vn -1 0 0
vn -1 0 0
vn -1 0 0
vn -1 0 0
vn -1 0 0
vn -1 0 0
vn -1 0 0
vn -1 0 0
vn -1 0 0
vn -1 0 0
vn -1 0 0
vn -1 0 0
vn -1 0 0
vn -1 0 0
vn -1 0 0
vn -1 0 0
vn -1 0 0
vn -1 0 0
vn -1 0 0
vn -1 0 0
vn -1 0 0
vn -1 0 0
vn -1 0 0
vn -1 0 0
vn -1 0 0
vn -1 0 0
vn -1 0 0
vn -1 0 0
vn -1 0 0
vn -1 0 0
vn -1 0 0
vn -1 0 0
vn -1 0 0
vn -1 0 0
vn -1 0 0
vn -1 0 0
vn -1 0 0
vn -1 0 0
vn -1 0 0
vn -1 0 0
vn -1 0 0
vn -1 0 0
vn -1 0 0
vn -1 0 0
vn -1 0 0
vn -1 0 0
vn -1 0 0
vn -1 0 0
vn -1 0 0
vn -1 0 0
vn -1 0 0
vn -1 0 0
vn -1 0 0
vn -1 0 0
vn -1 0 0
vn 0 0 -1
vn 0.37991040945053101 0 -0.92502325773239136
vn 0.71443325281143188 0 -0.69970357418060303
vn 0.93161392211914062 0 -0.36344948410987854
vn 1 0 0
vn 0.37991040945053101 -0.18916597962379456 -0.90547460317611694
vn 0.71443325281143188 -0.14308841526508331 -0.68491667509078979
vn 0.93161392211914062 -0.074324920773506165 -0.35576865077018738
vn 1 0 0
vn 0.37991040945053101 -0.36471408605575562 -0.85008925199508667
vn 0.71443325281143188 -0.27587604522705078 -0.64302217960357666
vn 0.93161392211914062 -0.14329925179481506 -0.33400726318359375
vn 1 0 0
vn 0.37991040945053101 -0.52336966991424561 -0.76272684335708618
vn 0.71443325281143188 -0.3958858847618103 -0.57693976163864136
vn 0.93161392211914062 -0.2056363970041275 -0.29968184232711792
vn 1 0 0
vn 0.37991040945053101 -0.66051721572875977 -0.64759945869445801
vn 0.71443325281143188 -0.49962663650512695 -0.48985543847084045
vn 0.93161392211914062 -0.25952282547950745 -0.254447340965271
vn 1 0 0
vn 0.37991040945053101 -0.77291369438171387 -0.50820517539978027
vn 0.71443325281143188 -0.58464527130126953 -0.3844151496887207
vn 0.93161392211914062 -0.30368435382843018 -0.19967810809612274
vn 1 0 0
vn 0.37991040945053101 -0.85634744167327881 -0.34976726770401001
vn 0.71443325281143188 -0.64775598049163818 -0.26456999778747559
vn 0.93161392211914062 -0.33646616339683533 -0.13742652535438538
vn 1 0 0
vn 0.37991040945053101 -0.90769195556640625 -0.17822283506393433
vn 0.71443325281143188 -0.68659389019012451 -0.13481082022190094
vn 0.93161392211914062 -0.35663986206054688 -0.070025265216827393
vn 1 0 0
vn 0.37991040945053101 -0.92502325773239136 0
vn 0.71443325281143188 -0.69970357418060303 0
vn 0.93161392211914062 -0.36344948410987854 0
vn 1 0 0
vn 0.37991040945053101 -0.90547460317611694 0.18916597962379456
vn 0.71443325281143188 -0.68491667509078979 0.14308841526508331
vn 0.93161392211914062 -0.35576865077018738 0.074324920773506165
vn 1 0 0
vn 0.37991040945053101 -0.85008925199508667 0.36471408605575562
vn 0.71443325281143188 -0.64302217960357666 0.27587604522705078
vn 0.93161392211914062 -0.33400726318359375 0.14329925179481506
vn 1 0 0
vn 0.37991040945053101 -0.76272684335708618 0.52336966991424561
vn 0.71443325281143188 -0.57693976163864136 0.3958858847618103
vn 0.93161392211914062 -0.29968184232711792 0.2056363970041275
vn 1 0 0
vn 0.37991040945053101 -0.64759945869445801 0.66051721572875977
vn 0.71443325281143188 -0.48985543847084045 0.49962663650512695
vn 0.93161392211914062 -0.254447340965271 0.25952282547950745
vn 1 0 0
vn 0.37991040945053101 -0.50820517539978027 0.77291369438171387
vn 0.71443325281143188 -0.3844151496887207 0.58464527130126953
vn 0.93161392211914062 -0.19967810809612274 0.30368435382843018
vn 1 0 0
vn 0.37991040945053101 -0.34976726770401001 0.85634744167327881
vn 0.71443325281143188 -0.26456999778747559 0.64775598049163818
vn 0.93161392211914062 -0.13742652535438538 0.33646616339683533
vn 1 0 0
vn 0.37991040945053101 -0.17822283506393433 0.90769195556640625
vn 0.71443325281143188 -0.13481082022190094 0.68659389019012451
vn 0.93161392211914062 -0.070025265216827393 0.35663986206054688
vn 1 0 0
vn 0.37991040945053101 0 0.92502325773239136
vn 0.71443325281143188 0 0.69970357418060303
vn 0.93161392211914062 0 0.36344948410987854
vn 1 0 0
vn 0.37991040945053101 0.18916597962379456 0.90547460317611694
vn 0.71443325281143188 0.14308841526508331 0.68491667509078979
vn 0.93161392211914062 0.074324920773506165 0.35576865077018738
vn 1 0 0
vn 0.37991040945053101 0.36471408605575562 0.85008925199508667
vn 0.71443325281143188 0.27587604522705078 0.64302217960357666
vn 0.93161392211914062 0.14329925179481506 0.33400726318359375
vn 1 0 0
vn 0.37991040945053101 0.52336966991424561 0.76272684335708618
vn 0.71443325281143188 0.3958858847618103 0.57693976163864136
vn 0.93161392211914062 0.2056363970041275 0.29968184232711792
vn 1 0 0
vn 0.37991040945053101 0.66051721572875977 0.64759945869445801
vn 0.71443325281143188 0.49962663650512695 0.48985543847084045
vn 0.93161392211914062 0.25952282547950745 0.254447340965271
vn 1 0 0
vn 0.37991040945053101 0.77291369438171387 0.50820517539978027
vn 0.71443325281143188 0.58464527130126953 0.3844151496887207
vn 0.93161392211914062 0.30368435382843018 0.19967810809612274
vn 1 0 0
vn 0.37991040945053101 0.85634744167327881 0.34976726770401001
vn 0.71443325281143188 0.64775598049163818 0.26456999778747559
vn 0.93161392211914062 0.33646616339683533 0.13742652535438538
vn 1 0 0
vn 0.37991040945053101 0.90769195556640625 0.17822283506393433
vn 0.71443325281143188 0.68659389019012451 0.13481082022190094
vn 0.93161392211914062 0.35663986206054688 0.070025265216827393
vn 1 0 0
vn 0.37991040945053101 0.92502325773239136 0
vn 0.71443325281143188 0.69970357418060303 0
vn 0.93161392211914062 0.36344948410987854 0
vn 1 0 0
vn 0.37991040945053101 0.90547460317611694 -0.18916597962379456
vn 0.71443325281143188 0.68491667509078979 -0.14308841526508331
vn 0.93161392211914062 0.35576865077018738 -0.074324920773506165
vn 1 0 0
vn 0.37991040945053101 0.85008925199508667 -0.36471408605575562
vn 0.71443325281143188 0.64302217960357666 -0.27587604522705078
vn 0.93161392211914062 0.33400726318359375 -0.14329925179481506
vn 1 0 0
vn 0.37991040945053101 0.76272684335708618 -0.52336966991424561
vn 0.71443325281143188 0.57693976163864136 -0.3958858847618103
vn 0.93161392211914062 0.29968184232711792 -0.2056363970041275
vn 1 0 0
vn 0.37991040945053101 0.64759945869445801 -0.66051721572875977
vn 0.71443325281143188 0.48985543847084045 -0.49962663650512695
vn 0.93161392211914062 0.254447340965271 -0.25952282547950745
vn 1 0 0
vn 0.37991040945053101 0.50820517539978027 -0.77291369438171387
vn 0.71443325281143188 0.3844151496887207 -0.58464527130126953
vn 0.93161392211914062 0.19967810809612274 -0.30368435382843018
vn 1 0 0
vn 0.37991040945053101 0.34976726770401001 -0.85634744167327881
vn 0.71443325281143188 0.26456999778747559 -0.64775598049163818
vn 0.93161392211914062 0.13742652535438538 -0.33646616339683533
vn 1 0 0
vn 0.37991040945053101 0.17822283506393433 -0.90769195556640625
vn 0.71443325281143188 0.13481082022190094 -0.68659389019012451
vn 0.93161392211914062 0.070025265216827393 -0.35663986206054688
vn 1 0 0
vn 0 0 -1
vn 0.37991040945053101 0 -0.92502325773239136
vn 0.71443325281143188 0 -0.69970357418060303
vn 0.93161392211914062 0 -0.36344948410987854
vn 1 0 0
vn 0 -0.14560116827487946 -0.98934334516525269
vn 0 -0.28809911012649536 -0.95760059356689453
vn 0 -0.42445668578147888 -0.90544825792312622
vn 0 -0.55176776647567749 -0.83399778604507446
vn 0 -0.66731882095336914 -0.74477219581604004
vn 0 -0.76864713430404663 -0.63967299461364746
vn 0 -0.85359311103820801 -0.52094036340713501
vn 0 -0.92034620046615601 -0.39110472798347473
vn 0 -0.96748369932174683 -0.25293338298797607
vn 0 -0.99400097131729126 -0.10937120765447617
vn 0 -0.99933284521102905 0.036522023379802704
vn 0 -0.98336565494537354 0.18163685500621796
vn 0 -0.94643974304199219 0.32288041710853577
vn 0 -0.88934212923049927 0.45724231004714966
vn 0 -0.81328976154327393 0.58185893297195435
vn 0 -0.71990346908569336 0.69407421350479126
vn 0 -0.61117368936538696 0.79149651527404785
vn 0 -0.48941785097122192 0.87204939126968384
vn 0 -0.35723090171813965 0.93401610851287842
vn 0 -0.21743017435073853 0.97607588768005371
vn 0 -0.072995312511920929 0.99733227491378784
vn 0 0.072995312511920929 0.99733227491378784
vn 0 0.21743017435073853 0.97607588768005371
vn 0 0.35723090171813965 0.93401610851287842
vn 0 0.48941785097122192 0.87204939126968384
vn 0 0.61117368936538696 0.79149651527404785
vn 0 0.71990346908569336 0.69407421350479126
vn 0 0.81328976154327393 0.58185893297195435
vn 0 0.88934212923049927 0.45724231004714966
vn 0 0.94643974304199219 0.32288041710853577
vn 0 0.98336565494537354 0.18163685500621796
vn 0 0.99933284521102905 0.036522023379802704
vn 0 0.99400097131729126 -0.10937120765447617
vn 0 0.96748369932174683 -0.25293338298797607
vn 0 0.92034620046615601 -0.39110472798347473
vn 0 0.85359311103820801 -0.52094036340713501
vn 0 0.76864713430404663 -0.63967299461364746
vn 0 0.66731882095336914 -0.74477219581604004
vn 0 0.55176776647567749 -0.83399778604507446
vn 0 0.42445668578147888 -0.90544825792312622
vn 0 0.28809911012649536 -0.95760059356689453
vn 0 0.14560116827487946 -0.98934334516525269
f 448/448/448 483/483/483 450/450/450 449/449/449
f 451/451/451 484/484/484 485/485/485
f 450/450/450 483/483/483 484/484/484
f 486/486/486 487/487/487 453/453/453 452/452/452
f 454/454/454 488/488/488 489/489/489
f 489/489/489 490/490/490 455/455/455 454/454/454
f 453/453/453 487/487/487 488/488/488
f 485/485/485 486/486/486 452/452/452 451/451/451
f 456/456/456 491/491/491 492/492/492
f 493/493/493 494/494/494 458/458/458 457/457/457
f 494/494/494 495/495/495 459/459/459 458/458/458
f 492/492/492 493/493/493 457/457/457 456/456/456
f 460/460/460 496/496/496 497/497/497
f 461/461/461 498/498/498 499/499/499
f 462/462/462 499/499/499 500/500/500
f 497/497/497 498/498/498 461/461/461 460/460/460
f 459/459/459 495/495/495 496/496/496
f 455/455/455 490/490/490 491/491/491
f 450/450/450 484/484/484 451/451/451
f 454/454/454 453/453/453 488/488/488
f 456/456/456 455/455/455 491/491/491
f 459/459/459 496/496/496 460/460/460
f 501/501/501 502/502/502 464/464/464 463/463/463
f 503/503/503 464/464/464 502/502/502
f 463/463/463 462/462/462 500/500/500 501/501/501
f 461/461/461 499/499/499 462/462/462
f 464/464/464 503/503/503 465/465/465
f 466/466/466 504/504/504 505/505/505
f 467/467/467 506/506/506 507/507/507
f 505/505/505 506/506/506 467/467/467 466/466/466
f 508/508/508 509/509/509 469/469/469 468/468/468
f 470/470/470 510/510/510 511/511/511
f 471/471/471 511/511/511 512/512/512
f 509/509/509 510/510/510 470/470/470 469/469/469
f 468/468/468 507/507/507 508/508/508
f 513/513/513 514/514/514 473/473/473 472/472/472
f 474/474/474 515/515/515 516/516/516
f 516/516/516 517/517/517 475/475/475 474/474/474
f 473/473/473 514/514/514 515/515/515
f 476/476/476 518/518/518 519/519/519
f 520/520/520 521/521/521 478/478/478 477/477/477
f 521/521/521 522/522/522 479/479/479 478/478/478
f 477/477/477 519/519/519 520/520/520
f 517/517/517 518/518/518 476/476/476 475/475/475
f 512/512/512 513/513/513 472/472/472 471/471/471
f 466/466/466 465/465/465 504/504/504
f 468/468/468 467/467/467 507/507/507
f 471/471/471 470/470/470 511/511/511
f 474/474/474 473/473/473 515/515/515
f 476/476/476 519/519/519 477/477/477
f 524/524/524 480/480/480 523/523/523
f 524/524/524 481/481/481 482/482/482 480/480/480
f 523/523/523 480/480/480 479/479/479
f 522/522/522 523/523/523 479/479/479
f 503/503/503 504/504/504 465/465/465
f 527/527/527 528/528/528 526/526/526 525/525/525
f 531/531/531 532/532/532 530/530/530 529/529/529
f 529/529/529 530/530/530 528/528/528 527/527/527
f 535/535/535 536/536/536 534/534/534 533/533/533
f 539/539/539 540/540/540 538/538/538 537/537/537
f 537/537/537 538/538/538 536/536/536 535/535/535
f 533/533/533 534/534/534 532/532/532 531/531/531
f 543/543/543 544/544/544 542/542/542 541/541/541
f 547/547/547 548/548/548 546/546/546 545/545/545
f 545/545/545 546/546/546 544/544/544 543/543/543
f 551/551/551 552/552/552 550/550/550 549/549/549
f 555/555/555 556/556/556 554/554/554 553/553/553
f 553/553/553 554/554/554 552/552/552 551/551/551
f 549/549/549 550/550/550 548/548/548 547/547/547
f 541/541/541 542/542/542 540/540/540 539/539/539
f 557/557/557 558/558/558 556/556/556 555/555/555
f 561/561/561 562/562/562 560/560/560 559/559/559
f 565/565/565 566/566/566 564/564/564 563/563/563
f 563/563/563 564/564/564 562/562/562 561/561/561
f 569/569/569 570/570/570 568/568/568 567/567/567
f 573/573/573 574/574/574 572/572/572 571/571/571
f 571/571/571 572/572/572 570/570/570 569/569/569
f 567/567/567 568/568/568 566/566/566 565/565/565
f 577/577/577 578/578/578 576/576/576 575/575/575
f 581/581/581 582/582/582 580/580/580 579/579/579
f 579/579/579 580/580/580 578/578/578 577/577/577
f 585/585/585 586/586/586 584/584/584 583/583/583
f 589/589/589 590/590/590 588/588/588 587/587/587
f 587/587/587 588/588/588 586/586/586 585/585/585
f 583/583/583 584/584/584 582/582/582 581/581/581
f 575/575/575 576/576/576 574/574/574 573/573/573
f 559/559/559 560/560/560 558/558/558 557/557/557
f 603/603/603 642/642/642 604/604/604
f 641/641/641 604/604/604 642/642/642
f 602/602/602 643/643/643 603/603/603
f 642/642/642 603/603/603 643/643/643
f 639/639/639 606/606/606 640/640/640
f 605/605/605 640/640/640 606/606/606
f 604/604/604 641/641/641 605/605/605
f 640/640/640 605/605/605 641/641/641
f 645/645/645 600/600/600 646/646/646
f 647/647/647 646/646/646 600/600/600
f 600/600/600 599/599/599 647/647/647
f 598/598/598 647/647/647 599/599/599
f 601/601/601 644/644/644 602/602/602
f 643/643/643 602/602/602 644/644/644
f 644/644/644 601/601/601 645/645/645
f 600/600/600 645/645/645 601/601/601
f 608/608/608 607/607/607 639/639/639
f 606/606/606 639/639/639 607/607/607
f 637/637/637 608/608/608 638/638/638
f 639/639/639 638/638/638 608/608/608
f 636/636/636 609/609/609 637/637/637
f 608/608/608 637/637/637 609/609/609
f 635/635/635 610/610/610 636/636/636
f 609/609/609 636/636/636 610/610/610
f 634/634/634 611/611/611 635/635/635
f 610/610/610 635/635/635 611/611/611
f 633/633/633 612/612/612 634/634/634
f 611/611/611 634/634/634 612/612/612
f 632/632/632 613/613/613 633/633/633
f 612/612/612 633/633/633 613/613/613
f 631/631/631 614/614/614 632/632/632
f 613/613/613 632/632/632 614/614/614
f 597/597/597 648/648/648 598/598/598
f 647/647/647 598/598/598 648/648/648
f 596/596/596 649/649/649 597/597/597
f 648/648/648 597/597/597 649/649/649
f 595/595/595 650/650/650 596/596/596
f 649/649/649 596/596/596 650/650/650
f 594/594/594 651/651/651 595/595/595
f 650/650/650 595/595/595 651/651/651
f 593/593/593 652/652/652 594/594/594
f 651/651/651 594/594/594 652/652/652
f 592/592/592 653/653/653 593/593/593
f 652/652/652 593/593/593 653/653/653
f 623/623/623 654/654/654 592/592/592
f 653/653/653 592/592/592 654/654/654
f 622/622/622 623/623/623 591/591/591
f 592/592/592 591/591/591 623/623/623
f 616/616/616 629/629/629 617/617/617
f 628/628/628 617/617/617 629/629/629
f 627/627/627 618/618/618 628/628/628
f 617/617/617 628/628/628 618/618/618
f 614/614/614 631/631/631 615/615/615
f 616/616/616 615/615/615 631/631/631
f 631/631/631 630/630/630 616/616/616
f 629/629/629 616/616/616 630/630/630
f 624/624/624 621/621/621 625/625/625
f 620/620/620 625/625/625 621/621/621
f 621/621/621 624/624/624 622/622/622
f 623/623/623 622/622/622 624/624/624
f 626/626/626 619/619/619 627/627/627
f 618/618/618 627/627/627 619/619/619
f 625/625/625 620/620/620 626/626/626
f 619/619/619 626/626/626 620/620/620
f 673/673/673 674/674/674 700/700/700
f 699/699/699 700/700/700 674/674/674
f 674/674/674 675/675/675 699/699/699
f 698/698/698 699/699/699 675/675/675
f 701/701/701 672/672/672 673/673/673
f 672/672/672 701/701/701 702/702/702
f 701/701/701 673/673/673 700/700/700
f 671/671/671 672/672/672 702/702/702
f 678/678/678 696/696/696 677/677/677
f 678/678/678 679/679/679 695/695/695
f 694/694/694 695/695/695 679/679/679
f 695/695/695 696/696/696 678/678/678
f 675/675/675 676/676/676 698/698/698
f 697/697/697 698/698/698 676/676/676
f 677/677/677 697/697/697 676/676/676
f 697/697/697 677/677/677 696/696/696
f 703/703/703 670/670/670 671/671/671
f 670/670/670 703/703/703 704/704/704
f 703/703/703 671/671/671 702/702/702
f 669/669/669 670/670/670 704/704/704
f 705/705/705 668/668/668 669/669/669
f 668/668/668 705/705/705 706/706/706
f 705/705/705 669/669/669 704/704/704
f 667/667/667 668/668/668 706/706/706
f 707/707/707 666/666/666 667/667/667
f 706/706/706 707/707/707 667/667/667
f 708/708/708 666/666/666 707/707/707
f 709/709/709 665/665/665 708/708/708
f 665/665/665 666/666/666 708/708/708
f 663/663/663 664/664/664 710/710/710
f 709/709/709 664/664/664 665/665/665
f 709/709/709 710/710/710 664/664/664
f 680/680/680 693/693/693 694/694/694
f 679/679/679 680/680/680 694/694/694
f 681/681/681 693/693/693 680/680/680
f 682/682/682 692/692/692 681/681/681
f 692/692/692 693/693/693 681/681/681
f 690/690/690 691/691/691 683/683/683
f 682/682/682 691/691/691 692/692/692
f 682/682/682 683/683/683 691/691/691
f 684/684/684 689/689/689 690/690/690
f 689/689/689 684/684/684 685/685/685
f 684/684/684 690/690/690 683/683/683
f 688/688/688 689/689/689 685/685/685
f 686/686/686 687/687/687 688/688/688
f 687/687/687 686/686/686 655/655/655
f 686/686/686 688/688/688 685/685/685
f 718/718/718 687/687/687 655/655/655
f 713/713/713 661/661/661 712/712/712
f 713/713/713 714/714/714 660/660/660
f 659/659/659 660/660/660 714/714/714
f 660/660/660 661/661/661 713/713/713
f 710/710/710 711/711/711 663/663/663
f 662/662/662 663/663/663 711/711/711
f 712/712/712 662/662/662 711/711/711
f 662/662/662 712/712/712 661/661/661
f 656/656/656 717/717/717 718/718/718
f 717/717/717 656/656/656 657/657/657
f 656/656/656 718/718/718 655/655/655
f 716/716/716 717/717/717 657/657/657
f 714/714/714 715/715/715 659/659/659
f 658/658/658 659/659/659 715/715/715
f 715/715/715 716/716/716 658/658/658
f 657/657/657 658/658/658 716/716/716
f 725/725/725 724/724/724 720/720/720 721/721/721
f 726/726/726 725/725/725 721/721/721 722/722/722
f 729/729/729 728/728/728 724/724/724 725/725/725
f 730/730/730 729/729/729 725/725/725 726/726/726
f 733/733/733 732/732/732 728/728/728 729/729/729
f 734/734/734 733/733/733 729/729/729 730/730/730
f 737/737/737 736/736/736 732/732/732 733/733/733
f 738/738/738 737/737/737 733/733/733 734/734/734
f 741/741/741 740/740/740 736/736/736 737/737/737
f 742/742/742 741/741/741 737/737/737 738/738/738
f 745/745/745 744/744/744 740/740/740 741/741/741
f 746/746/746 745/745/745 741/741/741 742/742/742
f 749/749/749 748/748/748 744/744/744 745/745/745
f 750/750/750 749/749/749 745/745/745 746/746/746
f 753/753/753 752/752/752 748/748/748 749/749/749
f 754/754/754 753/753/753 749/749/749 750/750/750
f 757/757/757 756/756/756 752/752/752 753/753/753
f 758/758/758 757/757/757 753/753/753 754/754/754
f 761/761/761 760/760/760 756/756/756 757/757/757
f 762/762/762 761/761/761 757/757/757 758/758/758
f 765/765/765 764/764/764 760/760/760 761/761/761
f 766/766/766 765/765/765 761/761/761 762/762/762
f 769/769/769 768/768/768 764/764/764 765/765/765
f 770/770/770 769/769/769 765/765/765 766/766/766
f 773/773/773 772/772/772 768/768/768 769/769/769
f 774/774/774 773/773/773 769/769/769 770/770/770
f 777/777/777 776/776/776 772/772/772 773/773/773
f 778/778/778 777/777/777 773/773/773 774/774/774
f 781/781/781 780/780/780 776/776/776 777/777/777
f 782/782/782 781/781/781 777/777/777 778/778/778
f 785/785/785 784/784/784 780/780/780 781/781/781
f 786/786/786 785/785/785 781/781/781 782/782/782
f 789/789/789 788/788/788 784/784/784 785/785/785
f 790/790/790 789/789/789 785/785/785 786/786/786
f 793/793/793 792/792/792 788/788/788 789/789/789
f 794/794/794 793/793/793 789/789/789 790/790/790
f 797/797/797 796/796/796 792/792/792 793/793/793
f 798/798/798 797/797/797 793/793/793 794/794/794
f 801/801/801 800/800/800 796/796/796 797/797/797
f 802/802/802 801/801/801 797/797/797 798/798/798
f 805/805/805 804/804/804 800/800/800 801/801/801
f 806/806/806 805/805/805 801/801/801 802/802/802
f 809/809/809 808/808/808 804/804/804 805/805/805
f 810/810/810 809/809/809 805/805/805 806/806/806
f 813/813/813 812/812/812 808/808/808 809/809/809
f 814/814/814 813/813/813 809/809/809 810/810/810
f 817/817/817 816/816/816 812/812/812 813/813/813
f 818/818/818 817/817/817 813/813/813 814/814/814
f 821/821/821 820/820/820 816/816/816 817/817/817
f 822/822/822 821/821/821 817/817/817 818/818/818
f 825/825/825 824/824/824 820/820/820 821/821/821
f 826/826/826 825/825/825 821/821/821 822/822/822
f 829/829/829 828/828/828 824/824/824 825/825/825
f 830/830/830 829/829/829 825/825/825 826/826/826
f 833/833/833 832/832/832 828/828/828 829/829/829
f 834/834/834 833/833/833 829/829/829 830/830/830
f 837/837/837 836/836/836 832/832/832 833/833/833
f 838/838/838 837/837/837 833/833/833 834/834/834
f 841/841/841 840/840/840 836/836/836 837/837/837
f 842/842/842 841/841/841 837/837/837 838/838/838
f 845/845/845 844/844/844 840/840/840 841/841/841
f 846/846/846 845/845/845 841/841/841 842/842/842
f 850/850/850 849/849/849 844/844/844 845/845/845
f 851/851/851 850/850/850 845/845/845 846/846/846
f 719/719/719 720/720/720 724/724/724 853/853/853
f 728/728/728 855/855/855 854/854/854
f 724/724/724 854/854/854 853/853/853
f 856/856/856 732/732/732 736/736/736 857/857/857
f 740/740/740 859/859/859 858/858/858
f 736/736/736 858/858/858 857/857/857
f 855/855/855 728/728/728 732/732/732 856/856/856
f 724/724/724 728/728/728 854/854/854
f 860/860/860 744/744/744 748/748/748 861/861/861
f 740/740/740 858/858/858 736/736/736
f 744/744/744 860/860/860 859/859/859 740/740/740
f 752/752/752 863/863/863 862/862/862
f 756/756/756 865/865/865 864/864/864
f 863/863/863 752/752/752 756/756/756 864/864/864
f 866/866/866 760/760/760 764/764/764 867/867/867
f 768/768/768 869/869/869 868/868/868
f 772/772/772 869/869/869 768/768/768
f 867/867/867 764/764/764 768/768/768 868/868/868
f 760/760/760 866/866/866 865/865/865
f 752/752/752 862/862/862 748/748/748
f 760/760/760 865/865/865 756/756/756
f 870/870/870 772/772/772 776/776/776 871/871/871
f 871/871/871 776/776/776 780/780/780 872/872/872
f 872/872/872 780/780/780 784/784/784 873/873/873
f 772/772/772 870/870/870 869/869/869
f 861/861/861 748/748/748 862/862/862
f 726/726/726 722/722/722 723/723/723 727/727/727
f 734/734/734 730/730/730 731/731/731 735/735/735
f 730/730/730 726/726/726 727/727/727 731/731/731
f 742/742/742 738/738/738 739/739/739 743/743/743
f 750/750/750 746/746/746 747/747/747 751/751/751
f 754/754/754 750/750/750 751/751/751 755/755/755
f 746/746/746 742/742/742 743/743/743 747/747/747
f 738/738/738 734/734/734 735/735/735 739/739/739
f 755/755/755 759/759/759 758/758/758 754/754/754
f 762/762/762 758/758/758 759/759/759 763/763/763
f 770/770/770 766/766/766 767/767/767 771/771/771
f 766/766/766 762/762/762 763/763/763 767/767/767
f 774/774/774 770/770/770 771/771/771 775/775/775
f 782/782/782 778/778/778 779/779/779 783/783/783
f 778/778/778 774/774/774 775/775/775 779/779/779
f 783/783/783 787/787/787 786/786/786 782/782/782
f 784/784/784 874/874/874 873/873/873
f 874/874/874 784/784/784 788/788/788 875/875/875
f 792/792/792 877/877/877 876/876/876
f 875/875/875 788/788/788 792/792/792 876/876/876
f 878/878/878 796/796/796 800/800/800 879/879/879
f 804/804/804 881/881/881 880/880/880
f 808/808/808 882/882/882 881/881/881
f 879/879/879 800/800/800 804/804/804 880/880/880
f 796/796/796 878/878/878 877/877/877
f 792/792/792 796/796/796 877/877/877
f 883/883/883 812/812/812 816/816/816 884/884/884
f 808/808/808 881/881/881 804/804/804
f 812/812/812 883/883/883 882/882/882 808/808/808
f 820/820/820 886/886/886 885/885/885
f 887/887/887 824/824/824 828/828/828 888/888/888
f 886/886/886 820/820/820 824/824/824 887/887/887
f 832/832/832 890/890/890 889/889/889
f 891/891/891 836/836/836 840/840/840 892/892/892
f 840/840/840 893/893/893 892/892/892
f 890/890/890 832/832/832 836/836/836 891/891/891
f 828/828/828 889/889/889 888/888/888
f 820/820/820 885/885/885 884/884/884 816/816/816
f 894/894/894 893/893/893 844/844/844
f 894/894/894 844/844/844 849/849/849 848/848/848
f 889/889/889 828/828/828 832/832/832
f 893/893/893 840/840/840 844/844/844
f 790/790/790 786/786/786 787/787/787 791/791/791
f 798/798/798 794/794/794 795/795/795 799/799/799
f 794/794/794 790/790/790 791/791/791 795/795/795
f 806/806/806 802/802/802 803/803/803 807/807/807
f 814/814/814 810/810/810 811/811/811 815/815/815
f 818/818/818 814/814/814 815/815/815 819/819/819
f 810/810/810 806/806/806 807/807/807 811/811/811
f 802/802/802 798/798/798 799/799/799 803/803/803
f 819/819/819 823/823/823 822/822/822 818/818/818
f 826/826/826 822/822/822 823/823/823 827/827/827
f 834/834/834 830/830/830 831/831/831 835/835/835
f 830/830/830 826/826/826 827/827/827 831/831/831
f 842/842/842 838/838/838 839/839/839 843/843/843
f 846/846/846 842/842/842 843/843/843 847/847/847
f 838/838/838 834/834/834 835/835/835 839/839/839
f 851/851/851 846/846/846 847/847/847 852/852/852
