# Rhino

mtllib PCaja_9.mtl
usemtl Default
v -84 258 0
v -82 258 0
v -80 258 0
v -81.957733154296875 258 -0.40899723768234253
v -80 258 0
v -81.837982177734375 258 -0.78855115175247192
v -80 258 0
v -81.649101257324219 258 -1.1315816640853882
v -80 258 0
v -81.400177001953125 258 -1.4281094074249268
v -80 258 0
v -81.098793029785156 258 -1.671122670173645
v -80 258 0
v -80.756233215332031 258 -1.8515154123306274
v -80 258 0
v -80.385337829589844 258 -1.962527871131897
v -80 258 0
v -80 258 -4
v -80 258 -2
v -80 258 0
v -79.59100341796875 258 -1.9577337503433228
v -80 258 0
v -79.211448669433594 258 -1.837984561920166
v -80 258 0
v -78.868415832519531 258 -1.6490975618362427
v -80 258 0
v -78.571891784667969 258 -1.4001798629760742
v -80 258 0
v -78.328880310058594 258 -1.0987943410873413
v -80 258 0
v -78.148483276367188 258 -0.75623452663421631
v -80 258 0
v -78.0374755859375 258 -0.38533696532249451
v -80 258 0
v -76 258 0
v -78 258 0
v -80 258 0
v -81 258 0
v -83 258 0
v -77 258 0
v -79 258 0
v -83.899711608886719 258 -0.89008373022079468
v -83.603874206542969 258 -1.7355349063873291
v -83.127326965332031 258 -2.4939591884613037
v -82.49395751953125 258 -3.1273260116577148
v -81.73553466796875 258 -3.6038753986358643
v -80.890083312988281 258 -3.8997116088867188
v -79.109916687011719 258 -3.8997116088867188
v -78.26446533203125 258 -3.6038753986358643
v -77.50604248046875 258 -3.1273260116577148
v -76.872673034667969 258 -2.4939591884613037
v -76.396125793457031 258 -1.7355349063873291
v -76.100288391113281 258 -0.89008373022079468
v -80 242 0
v -86.08026123046875 245.93263244628906 0
v -84.987075805664062 253.09086608886719 0
v -80 242 0
v -80.92327880859375 242.06706237792969 -0.19288483262062073
v -81.840003967285156 242.27049255371094 -0.38440254330635071
v -82.730018615722656 242.61140441894531 -0.57033848762512207
v -83.565414428710938 243.08299255371094 -0.74486434459686279
v -84.3243408203125 243.67384338378906 -0.90341383218765259
v -84.984115600585938 244.36331176757812 -1.0412493944168091
v -85.52911376953125 245.1256103515625 -1.1551064252853394
v -85.951759338378906 245.93263244628906 -1.2434042692184448
v -86.270530700683594 246.82038879394531 -1.3099997043609619
v -86.464874267578125 247.75794982910156 -1.3505997657775879
v -86.5255126953125 248.72702026367188 -1.363268256187439
v -86.447097778320312 249.69877624511719 -1.3468866348266602
v -86.230850219726562 250.648193359375 -1.3017098903656006
v -85.885887145996094 251.54568481445312 -1.2296419143676758
v -85.428848266601562 252.3660888671875 -1.1341596841812134
v -80 242 0
v -80.866798400878906 242.06706237792969 -0.37188407778739929
v -81.727462768554688 242.27049255371094 -0.74113231897354126
v -82.563034057617188 242.61140441894531 -1.0996187925338745
v -83.347328186035156 243.08299255371094 -1.4361066818237305
v -84.059829711914062 243.67384338378906 -1.741791844367981
v -84.679252624511719 244.36331176757812 -2.007540225982666
v -85.190910339355469 245.1256103515625 -2.2270576953887939
v -85.58770751953125 245.93263244628906 -2.3972971439361572
v -85.886978149414062 246.82038879394531 -2.5256938934326172
v -86.069435119628906 247.75794982910156 -2.6039712429046631
v -86.126365661621094 248.72702026367188 -2.6283960342407227
v -86.052749633789062 249.69877624511719 -2.5968122482299805
v -85.8497314453125 250.648193359375 -2.5097110271453857
v -85.525863647460938 251.54568481445312 -2.3707630634307861
v -85.096778869628906 252.3660888671875 -2.1866722106933594
v -80 242 0
v -80.777725219726562 242.06706237792969 -0.53365874290466309
v -81.549934387207031 242.27049255371094 -1.0635349750518799
v -82.299636840820312 242.61140441894531 -1.5779680013656616
v -83.003334045410156 243.08299255371094 -2.0608327388763428
v -83.642608642578125 243.67384338378906 -2.4994950294494629
v -84.198371887207031 244.36331176757812 -2.880847692489624
v -84.657447814941406 245.1256103515625 -3.1958582401275635
v -85.013465881347656 245.93263244628906 -3.4401540756225586
v -85.281982421875 246.82038879394531 -3.6244051456451416
v -85.445686340332031 247.75794982910156 -3.7367343902587891
v -85.49676513671875 248.72702026367188 -3.7717843055725098
v -85.430717468261719 249.69877624511719 -3.7264611721038818
v -85.248558044433594 250.648193359375 -3.6014695167541504
v -84.957977294921875 251.54568481445312 -3.4020771980285645
v -84.572990417480469 252.3660888671875 -3.1379044055938721
v -80 242 0
v -80.660331726074219 242.06706237792969 -0.67350244522094727
v -81.31597900390625 242.27049255371094 -1.342231273651123
v -81.952522277832031 242.61140441894531 -1.9914699792861938
v -82.550003051757812 243.08299255371094 -2.6008679866790771
v -83.092788696289062 243.67384338378906 -3.1544804573059082
v -83.564659118652344 244.36331176757812 -3.635765552520752
v -83.954444885253906 245.1256103515625 -4.0333237648010254
v -84.256729125976562 245.93263244628906 -4.3416366577148438
v -84.484710693359375 246.82038879394531 -4.5741701126098633
v -84.623703002929688 247.75794982910156 -4.7159347534179688
v -84.667076110839844 248.72702026367188 -4.760169506072998
v -84.610992431640625 249.69877624511719 -4.7029695510864258
v -84.456336975097656 250.648193359375 -4.5452241897583008
v -84.209609985351562 251.54568481445312 -4.2935819625854492
v -83.882736206054688 252.3660888671875 -3.9601833820343018
v -80 242 0
v -80.518196105957031 242.06706237792969 -0.78810858726501465
v -81.032722473144531 242.27049255371094 -1.5706312656402588
v -81.532249450683594 242.61140441894531 -2.3303472995758057
v -82.001121520996094 243.08299255371094 -3.043442964553833
v -82.427070617675781 243.67384338378906 -3.6912605762481689
v -82.797378540039062 244.36331176757812 -4.2544436454772949
v -83.103256225585938 245.1256103515625 -4.7196516990661621
v -83.340476989746094 245.93263244628906 -5.0804286003112793
v -83.519386291503906 246.82038879394531 -5.3525309562683105
v -83.628463745117188 247.75794982910156 -5.5184187889099121
v -83.662498474121094 248.72702026367188 -5.5701808929443359
v -83.618484497070312 249.69877624511719 -5.5032472610473633
v -83.497116088867188 250.648193359375 -5.3186593055725098
v -83.303504943847656 251.54568481445312 -5.0241966247558594
v -83.046981811523438 252.3660888671875 -4.6340651512145996
v -80 242 0
v -80.356643676757812 242.06706237792969 -0.87318259477615356
v -80.710762023925781 242.27049255371094 -1.7401762008666992
v -81.054550170898438 242.61140441894531 -2.5819013118743896
v -81.377250671386719 243.08299255371094 -3.3719735145568848
v -81.67041015625 243.67384338378906 -4.0897212028503418
v -81.925270080566406 244.36331176757812 -4.7136979103088379
v -82.135787963867188 245.1256103515625 -5.2291240692138672
v -82.299049377441406 245.93263244628906 -5.6288456916809082
v -82.422187805175781 246.82038879394531 -5.9303202629089355
v -82.49725341796875 247.75794982910156 -6.1141157150268555
v -82.520675659179688 248.72702026367188 -6.1714653968811035
v -82.490386962890625 249.69877624511719 -6.0973062515258789
v -82.4068603515625 250.648193359375 -5.8927927017211914
v -82.273605346679688 251.54568481445312 -5.5665435791015625
v -82.097053527832031 252.3660888671875 -5.1342988014221191
v -80 242 0
v -80.181724548339844 242.06706237792969 -0.92553651332855225
v -80.362167358398438 242.27049255371094 -1.844512939453125
v -80.537345886230469 242.61140441894531 -2.7367057800292969
v -80.701774597167969 243.08299255371094 -3.5741488933563232
v -80.851150512695312 243.67384338378906 -4.3349308967590332
v -80.981010437011719 244.36331176757812 -4.9963197708129883
v -81.088287353515625 245.1256103515625 -5.5426497459411621
v -81.171470642089844 245.93263244628906 -5.9663376808166504
v -81.234214782714844 246.82038879394531 -6.2858881950378418
v -81.272468566894531 247.75794982910156 -6.4807033538818359
v -81.284400939941406 248.72702026367188 -6.5414915084838867
v -81.268966674804688 249.69877624511719 -6.4628863334655762
v -81.226409912109375 250.648193359375 -6.2461104393005371
v -81.15850830078125 251.54568481445312 -5.9003000259399414
v -81.068550109863281 252.3660888671875 -5.4421391487121582
v -80 242 0
v -80 242.06706237792969 -0.94320851564407349
v -80 242.27049255371094 -1.8797317743301392
v -80 242.61140441894531 -2.7889599800109863
v -80 243.08299255371094 -3.6423931121826172
v -80 243.67384338378906 -4.4177017211914062
v -80 244.36331176757812 -5.0917186737060547
v -80 245.1256103515625 -5.6484804153442383
v -80 245.93263244628906 -6.0802578926086426
v -80 246.82038879394531 -6.4059100151062012
v -80 247.75794982910156 -6.6044445037841797
v -80 248.72702026367188 -6.6663932800292969
v -80 249.69877624511719 -6.5862874984741211
v -80 250.648193359375 -6.3653726577758789
v -80 251.54568481445312 -6.0129594802856445
v -80 252.3660888671875 -5.5460505485534668
v -80 242 0
v -79.807113647460938 242.06706237792969 -0.92327558994293213
v -79.6156005859375 242.27049255371094 -1.8400071859359741
v -79.429664611816406 242.61140441894531 -2.7300205230712891
v -79.255134582519531 243.08299255371094 -3.565418004989624
v -79.096588134765625 243.67384338378906 -4.3243417739868164
v -78.958747863769531 244.36331176757812 -4.9841146469116211
v -78.844894409179688 245.1256103515625 -5.5291099548339844
v -78.756599426269531 245.93263244628906 -5.9517626762390137
v -78.69000244140625 246.82038879394531 -6.2705326080322266
v -78.649398803710938 247.75794982910156 -6.464871883392334
v -78.636734008789062 248.72702026367188 -6.5255117416381836
v -78.653114318847656 249.69877624511719 -6.4470982551574707
v -78.698287963867188 250.648193359375 -6.2308521270751953
v -78.770355224609375 251.54568481445312 -5.8858866691589355
v -78.865837097167969 252.3660888671875 -5.4288449287414551
v -80 242 0
v -79.62811279296875 242.06706237792969 -0.86680132150650024
v -79.258865356445312 242.27049255371094 -1.7274589538574219
v -78.900382995605469 242.61140441894531 -2.5630326271057129
v -78.563896179199219 243.08299255371094 -3.3473310470581055
v -78.258209228515625 243.67384338378906 -4.0598335266113281
v -77.992462158203125 244.36331176757812 -4.6792502403259277
v -77.772941589355469 245.1256103515625 -5.1909093856811523
v -77.602699279785156 245.93263244628906 -5.587709903717041
v -77.47430419921875 246.82038879394531 -5.8869814872741699
v -77.396026611328125 247.75794982910156 -6.0694336891174316
v -77.371604919433594 248.72702026367188 -6.1263642311096191
v -77.403190612792969 249.69877624511719 -6.0527472496032715
v -77.490287780761719 250.648193359375 -5.8497281074523926
v -77.629234313964844 251.54568481445312 -5.5258631706237793
v -77.813331604003906 252.3660888671875 -5.0967774391174316
v -80 242 0
v -79.466339111328125 242.06706237792969 -0.77772146463394165
v -78.93646240234375 242.27049255371094 -1.5499305725097656
v -78.422035217285156 242.61140441894531 -2.2996337413787842
v -77.939170837402344 243.08299255371094 -3.0033309459686279
v -77.500503540039062 243.67384338378906 -3.6426105499267578
v -77.119155883789062 244.36331176757812 -4.1983704566955566
v -76.80413818359375 245.1256103515625 -4.6574478149414062
v -76.559844970703125 245.93263244628906 -5.0134692192077637
v -76.375595092773438 246.82038879394531 -5.2819852828979492
v -76.263267517089844 247.75794982910156 -5.4456868171691895
v -76.228218078613281 248.72702026367188 -5.4967665672302246
v -76.273536682128906 249.69877624511719 -5.4307155609130859
v -76.398529052734375 250.648193359375 -5.2485604286193848
v -76.597923278808594 251.54568481445312 -4.9579782485961914
v -76.862098693847656 252.3660888671875 -4.5729894638061523
v -80 242 0
v -79.326499938964844 242.06706237792969 -0.66033077239990234
v -78.657768249511719 242.27049255371094 -1.3159812688827515
v -78.008529663085938 242.61140441894531 -1.952522873878479
v -77.399131774902344 243.08299255371094 -2.5500028133392334
v -76.84552001953125 243.67384338378906 -3.0927882194519043
v -76.364234924316406 244.36331176757812 -3.5646610260009766
v -75.9666748046875 245.1256103515625 -3.9544441699981689
v -75.658363342285156 245.93263244628906 -4.2567272186279297
v -75.425827026367188 246.82038879394531 -4.484713077545166
v -75.284065246582031 247.75794982910156 -4.6237053871154785
v -75.239830017089844 248.72702026367188 -4.6670746803283691
v -75.297027587890625 249.69877624511719 -4.6109933853149414
v -75.45477294921875 250.648193359375 -4.4563331604003906
v -75.7064208984375 251.54568481445312 -4.2096123695373535
v -76.039817810058594 252.3660888671875 -3.8827340602874756
v -80 242 0
v -79.211891174316406 242.06706237792969 -0.51819604635238647
v -78.429367065429688 242.27049255371094 -1.0327192544937134
v -77.669654846191406 242.61140441894531 -1.5322467088699341
v -76.956558227539062 243.08299255371094 -2.0011203289031982
v -76.308738708496094 243.67384338378906 -2.4270725250244141
v -75.745559692382812 244.36331176757812 -2.7973756790161133
v -75.280349731445312 245.1256103515625 -3.1032588481903076
v -74.919570922851562 245.93263244628906 -3.3404762744903564
v -74.647468566894531 246.82038879394531 -3.5193886756896973
v -74.481582641601562 247.75794982910156 -3.6284630298614502
v -74.429817199707031 248.72702026367188 -3.6624975204467773
v -74.496749877929688 249.69877624511719 -3.6184875965118408
v -74.681343078613281 250.648193359375 -3.4971175193786621
v -74.975807189941406 251.54568481445312 -3.3035027980804443
v -75.365936279296875 252.3660888671875 -3.0469841957092285
v -80 242 0
v -79.126815795898438 242.06706237792969 -0.35664340853691101
v -78.25982666015625 242.27049255371094 -0.71075904369354248
v -77.418098449707031 242.61140441894531 -1.0545538663864136
v -76.628028869628906 243.08299255371094 -1.3772517442703247
v -75.9102783203125 243.67384338378906 -1.6704092025756836
v -75.286300659179688 244.36331176757812 -1.9252667427062988
v -74.7708740234375 245.1256103515625 -2.1357877254486084
v -74.37115478515625 245.93263244628906 -2.2990503311157227
v -74.069679260253906 246.82038879394531 -2.422184944152832
v -73.885887145996094 247.75794982910156 -2.4972546100616455
v -73.828536987304688 248.72702026367188 -2.5206782817840576
v -73.902694702148438 249.69877624511719 -2.4903888702392578
v -74.107208251953125 250.648193359375 -2.4068572521209717
v -74.433456420898438 251.54568481445312 -2.2736036777496338
v -74.865699768066406 252.3660888671875 -2.0970573425292969
v -80 242 0
v -79.074462890625 242.06706237792969 -0.18172655999660492
v -78.155487060546875 242.27049255371094 -0.36216506361961365
v -77.263290405273438 242.61140441894531 -0.53734469413757324
v -76.425849914550781 243.08299255371094 -0.70177435874938965
v -75.665069580078125 243.67384338378906 -0.85115182399749756
v -75.003677368164062 244.36331176757812 -0.9810137152671814
v -74.457351684570312 245.1256103515625 -1.0882841348648071
v -74.033660888671875 245.93263244628906 -1.1714739799499512
v -73.714111328125 246.82038879394531 -1.2342169284820557
v -73.519294738769531 247.75794982910156 -1.2724683284759521
v -73.458511352539062 248.72702026367188 -1.284403920173645
v -73.537117004394531 249.69877624511719 -1.2689700126647949
v -73.753890991210938 250.648193359375 -1.2264066934585571
v -74.099700927734375 251.54568481445312 -1.1585077047348022
v -74.557861328125 252.3660888671875 -1.0685491561889648
v -80 242 0
v -75.012924194335938 253.09086608886719 0
v -79.08074951171875 242.06367492675781 0
v -78.151092529296875 242.26150512695312 0
v -77.240409851074219 242.59796142578125 0
v -76.801811218261719 242.81721496582031 0
v -76.37939453125 243.06884765625 0
v -75.976669311523438 243.35090637207031 0
v -75.596832275390625 243.6610107421875 0
v -74.916496276855469 244.35360717773438 0
v -74.354812622070312 245.120361328125 0
v -73.91973876953125 245.93263244628906 0
v -73.600830078125 246.79714965820312 0
v -73.400009155273438 247.72616577148438 0
v -73.333389282226562 248.69471740722656 0
v -73.353485107421875 249.18466186523438 0
v -73.409744262695312 249.67311096191406 0
v -73.501838684082031 250.15608215332031 0
v -73.628898620605469 250.62968444824219 0
v -73.981559753417969 251.53422546386719 0
v -74.450515747070312 252.36094665527344 0
v -85.549484252929688 252.36094665527344 0
v -86.018440246582031 251.53422546386719 0
v -86.371101379394531 250.62968444824219 0
v -86.498161315917969 250.15608215332031 0
v -86.590255737304688 249.67311096191406 0
v -86.646514892578125 249.18466186523438 0
v -86.666610717773438 248.69471740722656 0
v -86.599990844726562 247.72616577148438 0
v -86.399169921875 246.79714965820312 0
v -85.645187377929688 245.120361328125 0
v -85.083503723144531 244.35360717773438 0
v -84.403167724609375 243.6610107421875 0
v -84.023330688476562 243.35090637207031 0
v -83.62060546875 243.06884765625 0
v -83.198188781738281 242.81721496582031 0
v -82.759590148925781 242.59796142578125 0
v -81.848907470703125 242.26150512695312 0
v -80.91925048828125 242.06367492675781 0
v -75.09783935546875 253.09086608886719 -0.91637331247329712
v -75.349685668945312 253.09086608886719 -1.8015406131744385
v -75.759902954101562 253.09086608886719 -2.6253585815429688
v -76.314506530761719 253.09086608886719 -3.3597731590270996
v -76.994613647460938 253.09086608886719 -3.9797747135162354
v -77.777069091796875 253.09086608886719 -4.4642496109008789
v -78.635223388671875 253.09086608886719 -4.7967000007629395
v -79.539848327636719 253.09086608886719 -4.9658045768737793
v -80.460151672363281 253.09086608886719 -4.9658045768737793
v -81.364776611328125 253.09086608886719 -4.7967000007629395
v -82.222930908203125 253.09086608886719 -4.4642496109008789
v -83.005386352539062 253.09086608886719 -3.9797747135162354
v -83.685493469238281 253.09086608886719 -3.3597731590270996
v -84.240097045898438 253.09086608886719 -2.6253585815429688
v -84.650314331054688 253.09086608886719 -1.8015406131744385
v -84.90216064453125 253.09086608886719 -0.91637331247329712
v -84.987075805664062 253.09086608886719 0
v -84 258 0
v -84.375480651855469 254.19041442871094 -0.91409820318222046
v -84.087478637695312 255.44715881347656 -0.85393065214157104
v -83.9539794921875 256.70443725585938 -0.82604050636291504
v -84.10784912109375 254.19041442871094 -1.7623913288116455
v -83.83746337890625 255.44715881347656 -1.6463876962661743
v -83.712127685546875 256.70443725585938 -1.5926152467727661
v -83.685691833496094 254.19041442871094 -2.5290555953979492
v -83.443092346191406 255.44715881347656 -2.3625888824462891
v -83.330635070800781 256.70443725585938 -2.2854244709014893
v -83.129364013671875 254.19041442871094 -3.1917874813079834
v -82.923385620117188 255.44715881347656 -2.9816985130310059
v -82.827903747558594 256.70443725585938 -2.8843135833740234
v -82.455780029296875 254.19041442871094 -3.7349159717559814
v -82.294136047363281 255.44715881347656 -3.4890773296356201
v -82.219207763671875 256.70443725585938 -3.3751208782196045
v -81.690162658691406 254.19041442871094 -4.1380891799926758
v -81.57891845703125 255.44715881347656 -3.8657128810882568
v -81.52734375 256.70443725585938 -3.7394552230834961
v -80.861221313476562 254.19041442871094 -4.3861989974975586
v -80.804534912109375 255.44715881347656 -4.0974917411804199
v -80.778251647949219 256.70443725585938 -3.9636638164520264
v -80 254.19041442871094 -4.4699482917785645
v -80 255.44715881347656 -4.1757283210754395
v -80 256.70443725585938 -4.0393452644348145
v -80 258 -4
v -79.085899353027344 254.19041442871094 -4.3754839897155762
v -79.146072387695312 255.44715881347656 -4.0874819755554199
v -79.173957824707031 256.70443725585938 -3.9539811611175537
v -78.23760986328125 254.19041442871094 -4.1078476905822754
v -78.353614807128906 255.44715881347656 -3.8374621868133545
v -78.407386779785156 256.70443725585938 -3.7121272087097168
v -77.470947265625 254.19041442871094 -3.6856904029846191
v -77.637413024902344 255.44715881347656 -3.443091869354248
v -77.714576721191406 256.70443725585938 -3.3306374549865723
v -76.808212280273438 254.19041442871094 -3.1293656826019287
v -77.018302917480469 255.44715881347656 -2.9233853816986084
v -77.115684509277344 256.70443725585938 -2.8279049396514893
v -76.265083312988281 254.19041442871094 -2.4557766914367676
v -76.51092529296875 255.44715881347656 -2.294133186340332
v -76.6248779296875 256.70443725585938 -2.2192049026489258
v -75.861907958984375 254.19041442871094 -1.6901644468307495
v -76.134284973144531 255.44715881347656 -1.578914999961853
v -76.260543823242188 256.70443725585938 -1.527346134185791
v -75.613800048828125 254.19041442871094 -0.86121809482574463
v -75.902511596679688 255.44715881347656 -0.80453121662139893
v -76.036338806152344 256.70443725585938 -0.77825450897216797
v -75.012924194335938 253.09086608886719 0
v -76 258 0
v -75.244270324707031 253.48858642578125 0
v -75.444770812988281 253.947998046875 0
v -75.614425659179688 254.46910095214844 0
v -75.753227233886719 255.05189514160156 0
v -75.861190795898438 255.69638061523438 0
v -75.938308715820312 256.40255737304688 0
v -75.984573364257812 257.17044067382812 0
v -84.015426635742188 257.17044067382812 0
v -84.061691284179688 256.40255737304688 0
v -84.138809204101562 255.69638061523438 0
v -84.246772766113281 255.05189514160156 0
v -84.385574340820312 254.46910095214844 0
v -84.555229187011719 253.947998046875 0
v -84.755729675292969 253.48858642578125 0
v -84.90216064453125 253.09086608886719 -0.91637331247329712
v -84.650314331054688 253.09086608886719 -1.8015406131744385
v -84.240097045898438 253.09086608886719 -2.6253585815429688
v -83.685493469238281 253.09086608886719 -3.3597731590270996
v -83.005386352539062 253.09086608886719 -3.9797747135162354
v -82.222930908203125 253.09086608886719 -4.4642496109008789
v -81.364776611328125 253.09086608886719 -4.7967000007629395
v -80.460151672363281 253.09086608886719 -4.9658045768737793
v -79.539848327636719 253.09086608886719 -4.9658045768737793
v -78.635223388671875 253.09086608886719 -4.7967000007629395
v -77.777069091796875 253.09086608886719 -4.4642496109008789
v -76.994613647460938 253.09086608886719 -3.9797747135162354
v -76.314506530761719 253.09086608886719 -3.3597731590270996
v -75.759902954101562 253.09086608886719 -2.6253585815429688
v -75.349685668945312 253.09086608886719 -1.8015406131744385
v -75.09783935546875 253.09086608886719 -0.91637331247329712
v -76.100288391113281 258 -0.89008373022079468
v -76.396125793457031 258 -1.7355349063873291
v -76.872673034667969 258 -2.4939591884613037
v -77.50604248046875 258 -3.1273260116577148
v -78.26446533203125 258 -3.6038753986358643
v -79.109916687011719 258 -3.8997116088867188
v -80.890083312988281 258 -3.8997116088867188
v -81.73553466796875 258 -3.6038753986358643
v -82.49395751953125 258 -3.1273260116577148
v -83.127326965332031 258 -2.4939591884613037
v -83.603874206542969 258 -1.7355349063873291
v -83.899711608886719 258 -0.89008373022079468
v -84 258 0
v -82 258 0
v -80 258 0
v -81.957733154296875 258 0.40899723768234253
v -80 258 0
v -81.837982177734375 258 0.78855115175247192
v -80 258 0
v -81.649101257324219 258 1.1315816640853882
v -80 258 0
v -81.400177001953125 258 1.4281094074249268
v -80 258 0
v -81.098793029785156 258 1.671122670173645
v -80 258 0
v -80.756233215332031 258 1.8515154123306274
v -80 258 0
v -80.385337829589844 258 1.962527871131897
v -80 258 0
v -80 258 4
v -80 258 2
v -80 258 0
v -79.59100341796875 258 1.9577337503433228
v -80 258 0
v -79.211448669433594 258 1.837984561920166
v -80 258 0
v -78.868415832519531 258 1.6490975618362427
v -80 258 0
v -78.571891784667969 258 1.4001798629760742
v -80 258 0
v -78.328880310058594 258 1.0987943410873413
v -80 258 0
v -78.148483276367188 258 0.75623452663421631
v -80 258 0
v -78.0374755859375 258 0.38533696532249451
v -80 258 0
v -76 258 0
v -78 258 0
v -80 258 0
v -81 258 0
v -83 258 0
v -77 258 0
v -79 258 0
v -83.899711608886719 258 0.89008373022079468
v -83.603874206542969 258 1.7355349063873291
v -83.127326965332031 258 2.4939591884613037
v -82.49395751953125 258 3.1273260116577148
v -81.73553466796875 258 3.6038753986358643
v -80.890083312988281 258 3.8997116088867188
v -79.109916687011719 258 3.8997116088867188
v -78.26446533203125 258 3.6038753986358643
v -77.50604248046875 258 3.1273260116577148
v -76.872673034667969 258 2.4939591884613037
v -76.396125793457031 258 1.7355349063873291
v -76.100288391113281 258 0.89008373022079468
v -80 242 0
v -86.08026123046875 245.93263244628906 0
v -84.987075805664062 253.09086608886719 0
v -80 242 0
v -80.92327880859375 242.06706237792969 0.19288483262062073
v -81.840003967285156 242.27049255371094 0.38440254330635071
v -82.730018615722656 242.61140441894531 0.57033848762512207
v -83.565414428710938 243.08299255371094 0.74486434459686279
v -84.3243408203125 243.67384338378906 0.90341383218765259
v -84.984115600585938 244.36331176757812 1.0412493944168091
v -85.52911376953125 245.1256103515625 1.1551064252853394
v -85.951759338378906 245.93263244628906 1.2434042692184448
v -86.270530700683594 246.82038879394531 1.3099997043609619
v -86.464874267578125 247.75794982910156 1.3505997657775879
v -86.5255126953125 248.72702026367188 1.363268256187439
v -86.447097778320312 249.69877624511719 1.3468866348266602
v -86.230850219726562 250.648193359375 1.3017098903656006
v -85.885887145996094 251.54568481445312 1.2296419143676758
v -85.428848266601562 252.3660888671875 1.1341596841812134
v -80 242 0
v -80.866798400878906 242.06706237792969 0.37188407778739929
v -81.727462768554688 242.27049255371094 0.74113231897354126
v -82.563034057617188 242.61140441894531 1.0996187925338745
v -83.347328186035156 243.08299255371094 1.4361066818237305
v -84.059829711914062 243.67384338378906 1.741791844367981
v -84.679252624511719 244.36331176757812 2.007540225982666
v -85.190910339355469 245.1256103515625 2.2270576953887939
v -85.58770751953125 245.93263244628906 2.3972971439361572
v -85.886978149414062 246.82038879394531 2.5256938934326172
v -86.069435119628906 247.75794982910156 2.6039712429046631
v -86.126365661621094 248.72702026367188 2.6283960342407227
v -86.052749633789062 249.69877624511719 2.5968122482299805
v -85.8497314453125 250.648193359375 2.5097110271453857
v -85.525863647460938 251.54568481445312 2.3707630634307861
v -85.096778869628906 252.3660888671875 2.1866722106933594
v -80 242 0
v -80.777725219726562 242.06706237792969 0.53365874290466309
v -81.549934387207031 242.27049255371094 1.0635349750518799
v -82.299636840820312 242.61140441894531 1.5779680013656616
v -83.003334045410156 243.08299255371094 2.0608327388763428
v -83.642608642578125 243.67384338378906 2.4994950294494629
v -84.198371887207031 244.36331176757812 2.880847692489624
v -84.657447814941406 245.1256103515625 3.1958582401275635
v -85.013465881347656 245.93263244628906 3.4401540756225586
v -85.281982421875 246.82038879394531 3.6244051456451416
v -85.445686340332031 247.75794982910156 3.7367343902587891
v -85.49676513671875 248.72702026367188 3.7717843055725098
v -85.430717468261719 249.69877624511719 3.7264611721038818
v -85.248558044433594 250.648193359375 3.6014695167541504
v -84.957977294921875 251.54568481445312 3.4020771980285645
v -84.572990417480469 252.3660888671875 3.1379044055938721
v -80 242 0
v -80.660331726074219 242.06706237792969 0.67350244522094727
v -81.31597900390625 242.27049255371094 1.342231273651123
v -81.952522277832031 242.61140441894531 1.9914699792861938
v -82.550003051757812 243.08299255371094 2.6008679866790771
v -83.092788696289062 243.67384338378906 3.1544804573059082
v -83.564659118652344 244.36331176757812 3.635765552520752
v -83.954444885253906 245.1256103515625 4.0333237648010254
v -84.256729125976562 245.93263244628906 4.3416366577148438
v -84.484710693359375 246.82038879394531 4.5741701126098633
v -84.623703002929688 247.75794982910156 4.7159347534179688
v -84.667076110839844 248.72702026367188 4.760169506072998
v -84.610992431640625 249.69877624511719 4.7029695510864258
v -84.456336975097656 250.648193359375 4.5452241897583008
v -84.209609985351562 251.54568481445312 4.2935819625854492
v -83.882736206054688 252.3660888671875 3.9601833820343018
v -80 242 0
v -80.518196105957031 242.06706237792969 0.78810858726501465
v -81.032722473144531 242.27049255371094 1.5706312656402588
v -81.532249450683594 242.61140441894531 2.3303472995758057
v -82.001121520996094 243.08299255371094 3.043442964553833
v -82.427070617675781 243.67384338378906 3.6912605762481689
v -82.797378540039062 244.36331176757812 4.2544436454772949
v -83.103256225585938 245.1256103515625 4.7196516990661621
v -83.340476989746094 245.93263244628906 5.0804286003112793
v -83.519386291503906 246.82038879394531 5.3525309562683105
v -83.628463745117188 247.75794982910156 5.5184187889099121
v -83.662498474121094 248.72702026367188 5.5701808929443359
v -83.618484497070312 249.69877624511719 5.5032472610473633
v -83.497116088867188 250.648193359375 5.3186593055725098
v -83.303504943847656 251.54568481445312 5.0241966247558594
v -83.046981811523438 252.3660888671875 4.6340651512145996
v -80 242 0
v -80.356643676757812 242.06706237792969 0.87318259477615356
v -80.710762023925781 242.27049255371094 1.7401762008666992
v -81.054550170898438 242.61140441894531 2.5819013118743896
v -81.377250671386719 243.08299255371094 3.3719735145568848
v -81.67041015625 243.67384338378906 4.0897212028503418
v -81.925270080566406 244.36331176757812 4.7136979103088379
v -82.135787963867188 245.1256103515625 5.2291240692138672
v -82.299049377441406 245.93263244628906 5.6288456916809082
v -82.422187805175781 246.82038879394531 5.9303202629089355
v -82.49725341796875 247.75794982910156 6.1141157150268555
v -82.520675659179688 248.72702026367188 6.1714653968811035
v -82.490386962890625 249.69877624511719 6.0973062515258789
v -82.4068603515625 250.648193359375 5.8927927017211914
v -82.273605346679688 251.54568481445312 5.5665435791015625
v -82.097053527832031 252.3660888671875 5.1342988014221191
v -80 242 0
v -80.181724548339844 242.06706237792969 0.92553651332855225
v -80.362167358398438 242.27049255371094 1.844512939453125
v -80.537345886230469 242.61140441894531 2.7367057800292969
v -80.701774597167969 243.08299255371094 3.5741488933563232
v -80.851150512695312 243.67384338378906 4.3349308967590332
v -80.981010437011719 244.36331176757812 4.9963197708129883
v -81.088287353515625 245.1256103515625 5.5426497459411621
v -81.171470642089844 245.93263244628906 5.9663376808166504
v -81.234214782714844 246.82038879394531 6.2858881950378418
v -81.272468566894531 247.75794982910156 6.4807033538818359
v -81.284400939941406 248.72702026367188 6.5414915084838867
v -81.268966674804688 249.69877624511719 6.4628863334655762
v -81.226409912109375 250.648193359375 6.2461104393005371
v -81.15850830078125 251.54568481445312 5.9003000259399414
v -81.068550109863281 252.3660888671875 5.4421391487121582
v -80 242 0
v -80 242.06706237792969 0.94320851564407349
v -80 242.27049255371094 1.8797317743301392
v -80 242.61140441894531 2.7889599800109863
v -80 243.08299255371094 3.6423931121826172
v -80 243.67384338378906 4.4177017211914062
v -80 244.36331176757812 5.0917186737060547
v -80 245.1256103515625 5.6484804153442383
v -80 245.93263244628906 6.0802578926086426
v -80 246.82038879394531 6.4059100151062012
v -80 247.75794982910156 6.6044445037841797
v -80 248.72702026367188 6.6663932800292969
v -80 249.69877624511719 6.5862874984741211
v -80 250.648193359375 6.3653726577758789
v -80 251.54568481445312 6.0129594802856445
v -80 252.3660888671875 5.5460505485534668
v -80 242 0
v -79.807113647460938 242.06706237792969 0.92327558994293213
v -79.6156005859375 242.27049255371094 1.8400071859359741
v -79.429664611816406 242.61140441894531 2.7300205230712891
v -79.255134582519531 243.08299255371094 3.565418004989624
v -79.096588134765625 243.67384338378906 4.3243417739868164
v -78.958747863769531 244.36331176757812 4.9841146469116211
v -78.844894409179688 245.1256103515625 5.5291099548339844
v -78.756599426269531 245.93263244628906 5.9517626762390137
v -78.69000244140625 246.82038879394531 6.2705326080322266
v -78.649398803710938 247.75794982910156 6.464871883392334
v -78.636734008789062 248.72702026367188 6.5255117416381836
v -78.653114318847656 249.69877624511719 6.4470982551574707
v -78.698287963867188 250.648193359375 6.2308521270751953
v -78.770355224609375 251.54568481445312 5.8858866691589355
v -78.865837097167969 252.3660888671875 5.4288449287414551
v -80 242 0
v -79.62811279296875 242.06706237792969 0.86680132150650024
v -79.258865356445312 242.27049255371094 1.7274589538574219
v -78.900382995605469 242.61140441894531 2.5630326271057129
v -78.563896179199219 243.08299255371094 3.3473310470581055
v -78.258209228515625 243.67384338378906 4.0598335266113281
v -77.992462158203125 244.36331176757812 4.6792502403259277
v -77.772941589355469 245.1256103515625 5.1909093856811523
v -77.602699279785156 245.93263244628906 5.587709903717041
v -77.47430419921875 246.82038879394531 5.8869814872741699
v -77.396026611328125 247.75794982910156 6.0694336891174316
v -77.371604919433594 248.72702026367188 6.1263642311096191
v -77.403190612792969 249.69877624511719 6.0527472496032715
v -77.490287780761719 250.648193359375 5.8497281074523926
v -77.629234313964844 251.54568481445312 5.5258631706237793
v -77.813331604003906 252.3660888671875 5.0967774391174316
v -80 242 0
v -79.466339111328125 242.06706237792969 0.77772146463394165
v -78.93646240234375 242.27049255371094 1.5499305725097656
v -78.422035217285156 242.61140441894531 2.2996337413787842
v -77.939170837402344 243.08299255371094 3.0033309459686279
v -77.500503540039062 243.67384338378906 3.6426105499267578
v -77.119155883789062 244.36331176757812 4.1983704566955566
v -76.80413818359375 245.1256103515625 4.6574478149414062
v -76.559844970703125 245.93263244628906 5.0134692192077637
v -76.375595092773438 246.82038879394531 5.2819852828979492
v -76.263267517089844 247.75794982910156 5.4456868171691895
v -76.228218078613281 248.72702026367188 5.4967665672302246
v -76.273536682128906 249.69877624511719 5.4307155609130859
v -76.398529052734375 250.648193359375 5.2485604286193848
v -76.597923278808594 251.54568481445312 4.9579782485961914
v -76.862098693847656 252.3660888671875 4.5729894638061523
v -80 242 0
v -79.326499938964844 242.06706237792969 0.66033077239990234
v -78.657768249511719 242.27049255371094 1.3159812688827515
v -78.008529663085938 242.61140441894531 1.952522873878479
v -77.399131774902344 243.08299255371094 2.5500028133392334
v -76.84552001953125 243.67384338378906 3.0927882194519043
v -76.364234924316406 244.36331176757812 3.5646610260009766
v -75.9666748046875 245.1256103515625 3.9544441699981689
v -75.658363342285156 245.93263244628906 4.2567272186279297
v -75.425827026367188 246.82038879394531 4.484713077545166
v -75.284065246582031 247.75794982910156 4.6237053871154785
v -75.239830017089844 248.72702026367188 4.6670746803283691
v -75.297027587890625 249.69877624511719 4.6109933853149414
v -75.45477294921875 250.648193359375 4.4563331604003906
v -75.7064208984375 251.54568481445312 4.2096123695373535
v -76.039817810058594 252.3660888671875 3.8827340602874756
v -80 242 0
v -79.211891174316406 242.06706237792969 0.51819604635238647
v -78.429367065429688 242.27049255371094 1.0327192544937134
v -77.669654846191406 242.61140441894531 1.5322467088699341
v -76.956558227539062 243.08299255371094 2.0011203289031982
v -76.308738708496094 243.67384338378906 2.4270725250244141
v -75.745559692382812 244.36331176757812 2.7973756790161133
v -75.280349731445312 245.1256103515625 3.1032588481903076
v -74.919570922851562 245.93263244628906 3.3404762744903564
v -74.647468566894531 246.82038879394531 3.5193886756896973
v -74.481582641601562 247.75794982910156 3.6284630298614502
v -74.429817199707031 248.72702026367188 3.6624975204467773
v -74.496749877929688 249.69877624511719 3.6184875965118408
v -74.681343078613281 250.648193359375 3.4971175193786621
v -74.975807189941406 251.54568481445312 3.3035027980804443
v -75.365936279296875 252.3660888671875 3.0469841957092285
v -80 242 0
v -79.126815795898438 242.06706237792969 0.35664340853691101
v -78.25982666015625 242.27049255371094 0.71075904369354248
v -77.418098449707031 242.61140441894531 1.0545538663864136
v -76.628028869628906 243.08299255371094 1.3772517442703247
v -75.9102783203125 243.67384338378906 1.6704092025756836
v -75.286300659179688 244.36331176757812 1.9252667427062988
v -74.7708740234375 245.1256103515625 2.1357877254486084
v -74.37115478515625 245.93263244628906 2.2990503311157227
v -74.069679260253906 246.82038879394531 2.422184944152832
v -73.885887145996094 247.75794982910156 2.4972546100616455
v -73.828536987304688 248.72702026367188 2.5206782817840576
v -73.902694702148438 249.69877624511719 2.4903888702392578
v -74.107208251953125 250.648193359375 2.4068572521209717
v -74.433456420898438 251.54568481445312 2.2736036777496338
v -74.865699768066406 252.3660888671875 2.0970573425292969
v -80 242 0
v -79.074462890625 242.06706237792969 0.18172655999660492
v -78.155487060546875 242.27049255371094 0.36216506361961365
v -77.263290405273438 242.61140441894531 0.53734469413757324
v -76.425849914550781 243.08299255371094 0.70177435874938965
v -75.665069580078125 243.67384338378906 0.85115182399749756
v -75.003677368164062 244.36331176757812 0.9810137152671814
v -74.457351684570312 245.1256103515625 1.0882841348648071
v -74.033660888671875 245.93263244628906 1.1714739799499512
v -73.714111328125 246.82038879394531 1.2342169284820557
v -73.519294738769531 247.75794982910156 1.2724683284759521
v -73.458511352539062 248.72702026367188 1.284403920173645
v -73.537117004394531 249.69877624511719 1.2689700126647949
v -73.753890991210938 250.648193359375 1.2264066934585571
v -74.099700927734375 251.54568481445312 1.1585077047348022
v -74.557861328125 252.3660888671875 1.0685491561889648
v -80 242 0
v -75.012924194335938 253.09086608886719 0
v -79.08074951171875 242.06367492675781 0
v -78.151092529296875 242.26150512695312 0
v -77.240409851074219 242.59796142578125 0
v -76.801811218261719 242.81721496582031 0
v -76.37939453125 243.06884765625 0
v -75.976669311523438 243.35090637207031 0
v -75.596832275390625 243.6610107421875 0
v -74.916496276855469 244.35360717773438 0
v -74.354812622070312 245.120361328125 0
v -73.91973876953125 245.93263244628906 0
v -73.600830078125 246.79714965820312 0
v -73.400009155273438 247.72616577148438 0
v -73.333389282226562 248.69471740722656 0
v -73.353485107421875 249.18466186523438 0
v -73.409744262695312 249.67311096191406 0
v -73.501838684082031 250.15608215332031 0
v -73.628898620605469 250.62968444824219 0
v -73.981559753417969 251.53422546386719 0
v -74.450515747070312 252.36094665527344 0
v -85.549484252929688 252.36094665527344 0
v -86.018440246582031 251.53422546386719 0
v -86.371101379394531 250.62968444824219 0
v -86.498161315917969 250.15608215332031 0
v -86.590255737304688 249.67311096191406 0
v -86.646514892578125 249.18466186523438 0
v -86.666610717773438 248.69471740722656 0
v -86.599990844726562 247.72616577148438 0
v -86.399169921875 246.79714965820312 0
v -85.645187377929688 245.120361328125 0
v -85.083503723144531 244.35360717773438 0
v -84.403167724609375 243.6610107421875 0
v -84.023330688476562 243.35090637207031 0
v -83.62060546875 243.06884765625 0
v -83.198188781738281 242.81721496582031 0
v -82.759590148925781 242.59796142578125 0
v -81.848907470703125 242.26150512695312 0
v -80.91925048828125 242.06367492675781 0
v -75.09783935546875 253.09086608886719 0.91637331247329712
v -75.349685668945312 253.09086608886719 1.8015406131744385
v -75.759902954101562 253.09086608886719 2.6253585815429688
v -76.314506530761719 253.09086608886719 3.3597731590270996
v -76.994613647460938 253.09086608886719 3.9797747135162354
v -77.777069091796875 253.09086608886719 4.4642496109008789
v -78.635223388671875 253.09086608886719 4.7967000007629395
v -79.539848327636719 253.09086608886719 4.9658045768737793
v -80.460151672363281 253.09086608886719 4.9658045768737793
v -81.364776611328125 253.09086608886719 4.7967000007629395
v -82.222930908203125 253.09086608886719 4.4642496109008789
v -83.005386352539062 253.09086608886719 3.9797747135162354
v -83.685493469238281 253.09086608886719 3.3597731590270996
v -84.240097045898438 253.09086608886719 2.6253585815429688
v -84.650314331054688 253.09086608886719 1.8015406131744385
v -84.90216064453125 253.09086608886719 0.91637331247329712
v -84.987075805664062 253.09086608886719 0
v -84 258 0
v -84.375480651855469 254.19041442871094 0.91409820318222046
v -84.087478637695312 255.44715881347656 0.85393065214157104
v -83.9539794921875 256.70443725585938 0.82604050636291504
v -84.10784912109375 254.19041442871094 1.7623913288116455
v -83.83746337890625 255.44715881347656 1.6463876962661743
v -83.712127685546875 256.70443725585938 1.5926152467727661
v -83.685691833496094 254.19041442871094 2.5290555953979492
v -83.443092346191406 255.44715881347656 2.3625888824462891
v -83.330635070800781 256.70443725585938 2.2854244709014893
v -83.129364013671875 254.19041442871094 3.1917874813079834
v -82.923385620117188 255.44715881347656 2.9816985130310059
v -82.827903747558594 256.70443725585938 2.8843135833740234
v -82.455780029296875 254.19041442871094 3.7349159717559814
v -82.294136047363281 255.44715881347656 3.4890773296356201
v -82.219207763671875 256.70443725585938 3.3751208782196045
v -81.690162658691406 254.19041442871094 4.1380891799926758
v -81.57891845703125 255.44715881347656 3.8657128810882568
v -81.52734375 256.70443725585938 3.7394552230834961
v -80.861221313476562 254.19041442871094 4.3861989974975586
v -80.804534912109375 255.44715881347656 4.0974917411804199
v -80.778251647949219 256.70443725585938 3.9636638164520264
v -80 254.19041442871094 4.4699482917785645
v -80 255.44715881347656 4.1757283210754395
v -80 256.70443725585938 4.0393452644348145
v -80 258 4
v -79.085899353027344 254.19041442871094 4.3754839897155762
v -79.146072387695312 255.44715881347656 4.0874819755554199
v -79.173957824707031 256.70443725585938 3.9539811611175537
v -78.23760986328125 254.19041442871094 4.1078476905822754
v -78.353614807128906 255.44715881347656 3.8374621868133545
v -78.407386779785156 256.70443725585938 3.7121272087097168
v -77.470947265625 254.19041442871094 3.6856904029846191
v -77.637413024902344 255.44715881347656 3.443091869354248
v -77.714576721191406 256.70443725585938 3.3306374549865723
v -76.808212280273438 254.19041442871094 3.1293656826019287
v -77.018302917480469 255.44715881347656 2.9233853816986084
v -77.115684509277344 256.70443725585938 2.8279049396514893
v -76.265083312988281 254.19041442871094 2.4557766914367676
v -76.51092529296875 255.44715881347656 2.294133186340332
v -76.6248779296875 256.70443725585938 2.2192049026489258
v -75.861907958984375 254.19041442871094 1.6901644468307495
v -76.134284973144531 255.44715881347656 1.578914999961853
v -76.260543823242188 256.70443725585938 1.527346134185791
v -75.613800048828125 254.19041442871094 0.86121809482574463
v -75.902511596679688 255.44715881347656 0.80453121662139893
v -76.036338806152344 256.70443725585938 0.77825450897216797
v -75.012924194335938 253.09086608886719 0
v -76 258 0
v -75.244270324707031 253.48858642578125 0
v -75.444770812988281 253.947998046875 0
v -75.614425659179688 254.46910095214844 0
v -75.753227233886719 255.05189514160156 0
v -75.861190795898438 255.69638061523438 0
v -75.938308715820312 256.40255737304688 0
v -75.984573364257812 257.17044067382812 0
v -84.015426635742188 257.17044067382812 0
v -84.061691284179688 256.40255737304688 0
v -84.138809204101562 255.69638061523438 0
v -84.246772766113281 255.05189514160156 0
v -84.385574340820312 254.46910095214844 0
v -84.555229187011719 253.947998046875 0
v -84.755729675292969 253.48858642578125 0
v -84.90216064453125 253.09086608886719 0.91637331247329712
v -84.650314331054688 253.09086608886719 1.8015406131744385
v -84.240097045898438 253.09086608886719 2.6253585815429688
v -83.685493469238281 253.09086608886719 3.3597731590270996
v -83.005386352539062 253.09086608886719 3.9797747135162354
v -82.222930908203125 253.09086608886719 4.4642496109008789
v -81.364776611328125 253.09086608886719 4.7967000007629395
v -80.460151672363281 253.09086608886719 4.9658045768737793
v -79.539848327636719 253.09086608886719 4.9658045768737793
v -78.635223388671875 253.09086608886719 4.7967000007629395
v -77.777069091796875 253.09086608886719 4.4642496109008789
v -76.994613647460938 253.09086608886719 3.9797747135162354
v -76.314506530761719 253.09086608886719 3.3597731590270996
v -75.759902954101562 253.09086608886719 2.6253585815429688
v -75.349685668945312 253.09086608886719 1.8015406131744385
v -75.09783935546875 253.09086608886719 0.91637331247329712
v -76.100288391113281 258 0.89008373022079468
v -76.396125793457031 258 1.7355349063873291
v -76.872673034667969 258 2.4939591884613037
v -77.50604248046875 258 3.1273260116577148
v -78.26446533203125 258 3.6038753986358643
v -79.109916687011719 258 3.8997116088867188
v -80.890083312988281 258 3.8997116088867188
v -81.73553466796875 258 3.6038753986358643
v -82.49395751953125 258 3.1273260116577148
v -83.127326965332031 258 2.4939591884613037
v -83.603874206542969 258 1.7355349063873291
v -83.899711608886719 258 0.89008373022079468
vt 0.42474326491355896 0.11097319424152374
vt 0.42474326491355896 0.16572736203670502
vt 0.42474326491355896 0.22048154473304749
vt 0.4475989043712616 0.16572736203670502
vt 0.4475989043712616 0.22048154473304749
vt 0.46971949934959412 0.16572736203670502
vt 0.46971949934959412 0.22048154473304749
vt 0.49148324131965637 0.16572736203670502
vt 0.49148324131965637 0.22048154473304749
vt 0.51299935579299927 0.16572736203670502
vt 0.51299935579299927 0.22048154473304749
vt 0.53451544046401978 0.16572736203670502
vt 0.53451544046401978 0.22048154473304749
vt 0.55603152513504028 0.16572736203670502
vt 0.55603152513504028 0.22048154473304749
vt 0.57754760980606079 0.16572736203670502
vt 0.57754760980606079 0.22048154473304749
vt 0.5990636944770813 0.11097319424152374
vt 0.5990636944770813 0.16572736203670502
vt 0.5990636944770813 0.22048154473304749
vt 0.62191933393478394 0.16572736203670502
vt 0.62191933393478394 0.22048154473304749
vt 0.64403992891311646 0.16572736203670502
vt 0.64403992891311646 0.22048154473304749
vt 0.66580367088317871 0.16572736203670502
vt 0.66580367088317871 0.22048154473304749
vt 0.68731981515884399 0.16572736203670502
vt 0.68731981515884399 0.22048154473304749
vt 0.7088358998298645 0.16572736203670502
vt 0.7088358998298645 0.22048154473304749
vt 0.73035198450088501 0.16572736203670502
vt 0.73035198450088501 0.22048154473304749
vt 0.75186806917190552 0.16572736203670502
vt 0.75186806917190552 0.22048154473304749
vt 0.77338415384292603 0.11097319424152374
vt 0.77338415384292603 0.16572736203670502
vt 0.77338415384292603 0.22048154473304749
vt 0.42474326491355896 0.19310446083545685
vt 0.42474326491355896 0.13835027813911438
vt 0.77338415384292603 0.13835027813911438
vt 0.77338415384292603 0.19310446083545685
vt 0.44964617490768433 0.11097319424152374
vt 0.47454911470413208 0.11097319424152374
vt 0.49945202469825745 0.11097319424152374
vt 0.52435493469238281 0.11097319424152374
vt 0.54925787448883057 0.11097319424152374
vt 0.57416081428527832 0.11097319424152374
vt 0.62396663427352905 0.11097319424152374
vt 0.64886957406997681 0.11097319424152374
vt 0.67377245426177979 0.11097319424152374
vt 0.69867539405822754 0.11097319424152374
vt 0.72357833385467529 0.11097319424152374
vt 0.74848121404647827 0.11097319424152374
vt 0.42474326491355896 0.50340104103088379
vt 0.42474326491355896 0.71504026651382446
vt 0.42474326491355896 0.92667943239212036
vt 0.4623589813709259 0.50340104103088379
vt 0.4623589813709259 0.53053802251815796
vt 0.4623589813709259 0.55719256401062012
vt 0.4623589813709259 0.58363878726959229
vt 0.4623589813709259 0.60991907119750977
vt 0.4623589813709259 0.63619935512542725
vt 0.4623589813709259 0.66247963905334473
vt 0.4623589813709259 0.68875992298126221
vt 0.4623589813709259 0.71504026651382446
vt 0.4623589813709259 0.74217718839645386
vt 0.4623589813709259 0.76883178949356079
vt 0.4623589813709259 0.79527795314788818
vt 0.4623589813709259 0.82155829668045044
vt 0.4623589813709259 0.84783858060836792
vt 0.4623589813709259 0.8741188645362854
vt 0.4623589813709259 0.90039914846420288
vt 0.49876496195793152 0.50340104103088379
vt 0.49876496195793152 0.53053802251815796
vt 0.49876496195793152 0.55719256401062012
vt 0.49876496195793152 0.58363878726959229
vt 0.49876496195793152 0.60991907119750977
vt 0.49876496195793152 0.63619935512542725
vt 0.49876496195793152 0.66247963905334473
vt 0.49876496195793152 0.68875992298126221
vt 0.49876496195793152 0.71504026651382446
vt 0.49876496195793152 0.74217718839645386
vt 0.49876496195793152 0.76883178949356079
vt 0.49876496195793152 0.79527795314788818
vt 0.49876496195793152 0.82155829668045044
vt 0.49876496195793152 0.84783858060836792
vt 0.49876496195793152 0.8741188645362854
vt 0.49876496195793152 0.90039914846420288
vt 0.5345836877822876 0.50340104103088379
vt 0.5345836877822876 0.53053802251815796
vt 0.5345836877822876 0.55719256401062012
vt 0.5345836877822876 0.58363878726959229
vt 0.5345836877822876 0.60991907119750977
vt 0.5345836877822876 0.63619935512542725
vt 0.5345836877822876 0.66247963905334473
vt 0.5345836877822876 0.68875992298126221
vt 0.5345836877822876 0.71504026651382446
vt 0.5345836877822876 0.74217718839645386
vt 0.5345836877822876 0.76883178949356079
vt 0.5345836877822876 0.79527795314788818
vt 0.5345836877822876 0.82155829668045044
vt 0.5345836877822876 0.84783858060836792
vt 0.5345836877822876 0.8741188645362854
vt 0.5345836877822876 0.90039914846420288
vt 0.56999480724334717 0.50340104103088379
vt 0.56999480724334717 0.53053802251815796
vt 0.56999480724334717 0.55719256401062012
vt 0.56999480724334717 0.58363878726959229
vt 0.56999480724334717 0.60991907119750977
vt 0.56999480724334717 0.63619935512542725
vt 0.56999480724334717 0.66247963905334473
vt 0.56999480724334717 0.68875992298126221
vt 0.56999480724334717 0.71504026651382446
vt 0.56999480724334717 0.74217718839645386
vt 0.56999480724334717 0.76883178949356079
vt 0.56999480724334717 0.79527795314788818
vt 0.56999480724334717 0.82155829668045044
vt 0.56999480724334717 0.84783858060836792
vt 0.56999480724334717 0.8741188645362854
vt 0.56999480724334717 0.90039914846420288
vt 0.60540592670440674 0.50340104103088379
vt 0.60540592670440674 0.53053802251815796
vt 0.60540592670440674 0.55719256401062012
vt 0.60540592670440674 0.58363878726959229
vt 0.60540592670440674 0.60991907119750977
vt 0.60540592670440674 0.63619935512542725
vt 0.60540592670440674 0.66247963905334473
vt 0.60540592670440674 0.68875992298126221
vt 0.60540592670440674 0.71504026651382446
vt 0.60540592670440674 0.74217718839645386
vt 0.60540592670440674 0.76883178949356079
vt 0.60540592670440674 0.79527795314788818
vt 0.60540592670440674 0.82155829668045044
vt 0.60540592670440674 0.84783858060836792
vt 0.60540592670440674 0.8741188645362854
vt 0.60540592670440674 0.90039914846420288
vt 0.64081698656082153 0.50340104103088379
vt 0.64081698656082153 0.53053802251815796
vt 0.64081698656082153 0.55719256401062012
vt 0.64081698656082153 0.58363878726959229
vt 0.64081698656082153 0.60991907119750977
vt 0.64081698656082153 0.63619935512542725
vt 0.64081698656082153 0.66247963905334473
vt 0.64081698656082153 0.68875992298126221
vt 0.64081698656082153 0.71504026651382446
vt 0.64081698656082153 0.74217718839645386
vt 0.64081698656082153 0.76883178949356079
vt 0.64081698656082153 0.79527795314788818
vt 0.64081698656082153 0.82155829668045044
vt 0.64081698656082153 0.84783858060836792
vt 0.64081698656082153 0.8741188645362854
vt 0.64081698656082153 0.90039914846420288
vt 0.6762281060218811 0.50340104103088379
vt 0.6762281060218811 0.53053802251815796
vt 0.6762281060218811 0.55719256401062012
vt 0.6762281060218811 0.58363878726959229
vt 0.6762281060218811 0.60991907119750977
vt 0.6762281060218811 0.63619935512542725
vt 0.6762281060218811 0.66247963905334473
vt 0.6762281060218811 0.68875992298126221
vt 0.6762281060218811 0.71504026651382446
vt 0.6762281060218811 0.74217718839645386
vt 0.6762281060218811 0.76883178949356079
vt 0.6762281060218811 0.79527795314788818
vt 0.6762281060218811 0.82155829668045044
vt 0.6762281060218811 0.84783858060836792
vt 0.6762281060218811 0.8741188645362854
vt 0.6762281060218811 0.90039914846420288
vt 0.71163922548294067 0.50340104103088379
vt 0.71163922548294067 0.53053802251815796
vt 0.71163922548294067 0.55719256401062012
vt 0.71163922548294067 0.58363878726959229
vt 0.71163922548294067 0.60991907119750977
vt 0.71163922548294067 0.63619935512542725
vt 0.71163922548294067 0.66247963905334473
vt 0.71163922548294067 0.68875992298126221
vt 0.71163922548294067 0.71504026651382446
vt 0.71163922548294067 0.74217718839645386
vt 0.71163922548294067 0.76883178949356079
vt 0.71163922548294067 0.79527795314788818
vt 0.71163922548294067 0.82155829668045044
vt 0.71163922548294067 0.84783858060836792
vt 0.71163922548294067 0.8741188645362854
vt 0.71163922548294067 0.90039914846420288
vt 0.74925494194030762 0.50340104103088379
vt 0.74925494194030762 0.53053802251815796
vt 0.74925494194030762 0.55719256401062012
vt 0.74925494194030762 0.58363878726959229
vt 0.74925494194030762 0.60991907119750977
vt 0.74925494194030762 0.63619935512542725
vt 0.74925494194030762 0.66247963905334473
vt 0.74925494194030762 0.68875992298126221
vt 0.74925494194030762 0.71504026651382446
vt 0.74925494194030762 0.74217718839645386
vt 0.74925494194030762 0.76883178949356079
vt 0.74925494194030762 0.79527795314788818
vt 0.74925494194030762 0.82155829668045044
vt 0.74925494194030762 0.84783858060836792
vt 0.74925494194030762 0.8741188645362854
vt 0.74925494194030762 0.90039914846420288
vt 0.78566092252731323 0.50340104103088379
vt 0.78566092252731323 0.53053802251815796
vt 0.78566092252731323 0.55719256401062012
vt 0.78566092252731323 0.58363878726959229
vt 0.78566092252731323 0.60991907119750977
vt 0.78566092252731323 0.63619935512542725
vt 0.78566092252731323 0.66247963905334473
vt 0.78566092252731323 0.68875992298126221
vt 0.78566092252731323 0.71504026651382446
vt 0.78566092252731323 0.74217718839645386
vt 0.78566092252731323 0.76883178949356079
vt 0.78566092252731323 0.79527795314788818
vt 0.78566092252731323 0.82155829668045044
vt 0.78566092252731323 0.84783858060836792
vt 0.78566092252731323 0.8741188645362854
vt 0.78566092252731323 0.90039914846420288
vt 0.82147961854934692 0.50340104103088379
vt 0.82147961854934692 0.53053802251815796
vt 0.82147961854934692 0.55719256401062012
vt 0.82147961854934692 0.58363878726959229
vt 0.82147961854934692 0.60991907119750977
vt 0.82147961854934692 0.63619935512542725
vt 0.82147961854934692 0.66247963905334473
vt 0.82147961854934692 0.68875992298126221
vt 0.82147961854934692 0.71504026651382446
vt 0.82147961854934692 0.74217718839645386
vt 0.82147961854934692 0.76883178949356079
vt 0.82147961854934692 0.79527795314788818
vt 0.82147961854934692 0.82155829668045044
vt 0.82147961854934692 0.84783858060836792
vt 0.82147961854934692 0.8741188645362854
vt 0.82147961854934692 0.90039914846420288
vt 0.85689073801040649 0.50340104103088379
vt 0.85689073801040649 0.53053802251815796
vt 0.85689073801040649 0.55719256401062012
vt 0.85689073801040649 0.58363878726959229
vt 0.85689073801040649 0.60991907119750977
vt 0.85689073801040649 0.63619935512542725
vt 0.85689073801040649 0.66247963905334473
vt 0.85689073801040649 0.68875992298126221
vt 0.85689073801040649 0.71504026651382446
vt 0.85689073801040649 0.74217718839645386
vt 0.85689073801040649 0.76883178949356079
vt 0.85689073801040649 0.79527795314788818
vt 0.85689073801040649 0.82155829668045044
vt 0.85689073801040649 0.84783858060836792
vt 0.85689073801040649 0.8741188645362854
vt 0.85689073801040649 0.90039914846420288
vt 0.89230185747146606 0.50340104103088379
vt 0.89230185747146606 0.53053802251815796
vt 0.89230185747146606 0.55719256401062012
vt 0.89230185747146606 0.58363878726959229
vt 0.89230185747146606 0.60991907119750977
vt 0.89230185747146606 0.63619935512542725
vt 0.89230185747146606 0.66247963905334473
vt 0.89230185747146606 0.68875992298126221
vt 0.89230185747146606 0.71504026651382446
vt 0.89230185747146606 0.74217718839645386
vt 0.89230185747146606 0.76883178949356079
vt 0.89230185747146606 0.79527795314788818
vt 0.89230185747146606 0.82155829668045044
vt 0.89230185747146606 0.84783858060836792
vt 0.89230185747146606 0.8741188645362854
vt 0.89230185747146606 0.90039914846420288
vt 0.92771291732788086 0.50340104103088379
vt 0.92771291732788086 0.53053802251815796
vt 0.92771291732788086 0.55719256401062012
vt 0.92771291732788086 0.58363878726959229
vt 0.92771291732788086 0.60991907119750977
vt 0.92771291732788086 0.63619935512542725
vt 0.92771291732788086 0.66247963905334473
vt 0.92771291732788086 0.68875992298126221
vt 0.92771291732788086 0.71504026651382446
vt 0.92771291732788086 0.74217718839645386
vt 0.92771291732788086 0.76883178949356079
vt 0.92771291732788086 0.79527795314788818
vt 0.92771291732788086 0.82155829668045044
vt 0.92771291732788086 0.84783858060836792
vt 0.92771291732788086 0.8741188645362854
vt 0.92771291732788086 0.90039914846420288
vt 0.96312403678894043 0.50340104103088379
vt 0.96312403678894043 0.53053802251815796
vt 0.96312403678894043 0.55719256401062012
vt 0.96312403678894043 0.58363878726959229
vt 0.96312403678894043 0.60991907119750977
vt 0.96312403678894043 0.63619935512542725
vt 0.96312403678894043 0.66247963905334473
vt 0.96312403678894043 0.68875992298126221
vt 0.96312403678894043 0.71504026651382446
vt 0.96312403678894043 0.74217718839645386
vt 0.96312403678894043 0.76883178949356079
vt 0.96312403678894043 0.79527795314788818
vt 0.96312403678894043 0.82155829668045044
vt 0.96312403678894043 0.84783858060836792
vt 0.96312403678894043 0.8741188645362854
vt 0.96312403678894043 0.90039914846420288
vt 0.99853515625 0.50340104103088379
vt 0.99853515625 0.92667943239212036
vt 0.99853515625 0.52985596656799316
vt 0.99853515625 0.55631083250045776
vt 0.99853515625 0.58276575803756714
vt 0.99853515625 0.59599322080612183
vt 0.99853515625 0.60922062397003174
vt 0.99853515625 0.62244808673858643
vt 0.99853515625 0.63567554950714111
vt 0.99853515625 0.66213047504425049
vt 0.99853515625 0.68858534097671509
vt 0.99853515625 0.71504026651382446
vt 0.99853515625 0.74149513244628906
vt 0.99853515625 0.76795005798339844
vt 0.99853515625 0.79440498352050781
vt 0.99853515625 0.80763238668441772
vt 0.99853515625 0.82085984945297241
vt 0.99853515625 0.8340873122215271
vt 0.99853515625 0.84731477499008179
vt 0.99853515625 0.87376964092254639
vt 0.99853515625 0.90022456645965576
vt 0.42474326491355896 0.90022456645965576
vt 0.42474326491355896 0.87376964092254639
vt 0.42474326491355896 0.84731477499008179
vt 0.42474326491355896 0.8340873122215271
vt 0.42474326491355896 0.82085984945297241
vt 0.42474326491355896 0.80763238668441772
vt 0.42474326491355896 0.79440498352050781
vt 0.42474326491355896 0.76795005798339844
vt 0.42474326491355896 0.74149513244628906
vt 0.42474326491355896 0.68858534097671509
vt 0.42474326491355896 0.66213047504425049
vt 0.42474326491355896 0.63567554950714111
vt 0.42474326491355896 0.62244808673858643
vt 0.42474326491355896 0.60922062397003174
vt 0.42474326491355896 0.59599322080612183
vt 0.42474326491355896 0.58276575803756714
vt 0.42474326491355896 0.55631083250045776
vt 0.42474326491355896 0.52985596656799316
vt 0.96478271484375 0.92667943239212036
vt 0.93103021383285522 0.92667943239212036
vt 0.89727777242660522 0.92667943239212036
vt 0.86352533102035522 0.92667943239212036
vt 0.82977283000946045 0.92667943239212036
vt 0.79602038860321045 0.92667943239212036
vt 0.76226794719696045 0.92667943239212036
vt 0.72851544618606567 0.92667943239212036
vt 0.69476300477981567 0.92667943239212036
vt 0.6610105037689209 0.92667943239212036
vt 0.6272580623626709 0.92667943239212036
vt 0.59350556135177612 0.92667943239212036
vt 0.55975311994552612 0.92667943239212036
vt 0.52600067853927612 0.92667943239212036
vt 0.49224817752838135 0.92667943239212036
vt 0.45849573612213135 0.92667943239212036
vt 0.42474326491355896 0.36267372965812683
vt 0.42474326491355896 0.50193619728088379
vt 0.45323896408081055 0.40584507584571838
vt 0.45323896408081055 0.44317653775215149
vt 0.45323896408081055 0.47413235902786255
vt 0.4808182418346405 0.40584507584571838
vt 0.4808182418346405 0.44317653775215149
vt 0.4808182418346405 0.47413235902786255
vt 0.50795263051986694 0.40584507584571838
vt 0.50795263051986694 0.44317653775215149
vt 0.50795263051986694 0.47413235902786255
vt 0.53477823734283447 0.40584507584571838
vt 0.53477823734283447 0.44317653775215149
vt 0.53477823734283447 0.47413235902786255
vt 0.56160390377044678 0.40584507584571838
vt 0.56160390377044678 0.44317653775215149
vt 0.56160390377044678 0.47413235902786255
vt 0.58842951059341431 0.40584507584571838
vt 0.58842951059341431 0.44317653775215149
vt 0.58842951059341431 0.47413235902786255
vt 0.61525511741638184 0.40584507584571838
vt 0.61525511741638184 0.44317653775215149
vt 0.61525511741638184 0.47413235902786255
vt 0.64208072423934937 0.40584507584571838
vt 0.64208072423934937 0.44317653775215149
vt 0.64208072423934937 0.47413235902786255
vt 0.64208072423934937 0.50193619728088379
vt 0.67057645320892334 0.40584507584571838
vt 0.67057645320892334 0.44317653775215149
vt 0.67057645320892334 0.47413235902786255
vt 0.69815570116043091 0.40584507584571838
vt 0.69815570116043091 0.44317653775215149
vt 0.69815570116043091 0.47413235902786255
vt 0.72529011964797974 0.40584507584571838
vt 0.72529011964797974 0.44317653775215149
vt 0.72529011964797974 0.47413235902786255
vt 0.75211572647094727 0.40584507584571838
vt 0.75211572647094727 0.44317653775215149
vt 0.75211572647094727 0.47413235902786255
vt 0.77894133329391479 0.40584507584571838
vt 0.77894133329391479 0.44317653775215149
vt 0.77894133329391479 0.47413235902786255
vt 0.80576694011688232 0.40584507584571838
vt 0.80576694011688232 0.44317653775215149
vt 0.80576694011688232 0.47413235902786255
vt 0.83259254693984985 0.40584507584571838
vt 0.83259254693984985 0.44317653775215149
vt 0.83259254693984985 0.47413235902786255
vt 0.85941815376281738 0.36267372965812683
vt 0.85941815376281738 0.50193619728088379
vt 0.85941815376281738 0.38008153438568115
vt 0.85941815376281738 0.39748933911323547
vt 0.85941815376281738 0.41489714384078979
vt 0.85941815376281738 0.43230494856834412
vt 0.85941815376281738 0.44971275329589844
vt 0.85941815376281738 0.46712058782577515
vt 0.85941815376281738 0.48452839255332947
vt 0.42474326491355896 0.48452839255332947
vt 0.42474326491355896 0.46712058782577515
vt 0.42474326491355896 0.44971275329589844
vt 0.42474326491355896 0.43230494856834412
vt 0.42474326491355896 0.41489714384078979
vt 0.42474326491355896 0.39748933911323547
vt 0.42474326491355896 0.38008153438568115
vt 0.45031237602233887 0.36267372965812683
vt 0.47588148713111877 0.36267372965812683
vt 0.50145059823989868 0.36267372965812683
vt 0.5270196795463562 0.36267372965812683
vt 0.5525888204574585 0.36267372965812683
vt 0.57815790176391602 0.36267372965812683
vt 0.60372704267501831 0.36267372965812683
vt 0.62929612398147583 0.36267372965812683
vt 0.65486526489257812 0.36267372965812683
vt 0.68043440580368042 0.36267372965812683
vt 0.70600348711013794 0.36267372965812683
vt 0.73157262802124023 0.36267372965812683
vt 0.75714170932769775 0.36267372965812683
vt 0.78271079063415527 0.36267372965812683
vt 0.80827993154525757 0.36267372965812683
vt 0.83384901285171509 0.36267372965812683
vt 0.82836991548538208 0.50193619728088379
vt 0.79732173681259155 0.50193619728088379
vt 0.76627349853515625 0.50193619728088379
vt 0.73522531986236572 0.50193619728088379
vt 0.7041771411895752 0.50193619728088379
vt 0.67312890291213989 0.50193619728088379
vt 0.61103248596191406 0.50193619728088379
vt 0.57998430728912354 0.50193619728088379
vt 0.54893606901168823 0.50193619728088379
vt 0.51788789033889771 0.50193619728088379
vt 0.48683968186378479 0.50193619728088379
vt 0.45579147338867188 0.50193619728088379
vt 0.42474326491355896 0
vt 0.42474326491355896 0.054754175245761871
vt 0.42474326491355896 0.10950835049152374
vt 0.4475989043712616 0.054754175245761871
vt 0.4475989043712616 0.10950835049152374
vt 0.46971949934959412 0.054754175245761871
vt 0.46971949934959412 0.10950835049152374
vt 0.49148324131965637 0.054754175245761871
vt 0.49148324131965637 0.10950835049152374
vt 0.51299935579299927 0.054754175245761871
vt 0.51299935579299927 0.10950835049152374
vt 0.53451544046401978 0.054754175245761871
vt 0.53451544046401978 0.10950835049152374
vt 0.55603152513504028 0.054754175245761871
vt 0.55603152513504028 0.10950835049152374
vt 0.57754760980606079 0.054754175245761871
vt 0.57754760980606079 0.10950835049152374
vt 0.5990636944770813 0
vt 0.5990636944770813 0.054754175245761871
vt 0.5990636944770813 0.10950835049152374
vt 0.62191933393478394 0.054754175245761871
vt 0.62191933393478394 0.10950835049152374
vt 0.64403992891311646 0.054754175245761871
vt 0.64403992891311646 0.10950835049152374
vt 0.66580367088317871 0.054754175245761871
vt 0.66580367088317871 0.10950835049152374
vt 0.68731981515884399 0.054754175245761871
vt 0.68731981515884399 0.10950835049152374
vt 0.7088358998298645 0.054754175245761871
vt 0.7088358998298645 0.10950835049152374
vt 0.73035198450088501 0.054754175245761871
vt 0.73035198450088501 0.10950835049152374
vt 0.75186806917190552 0.054754175245761871
vt 0.75186806917190552 0.10950835049152374
vt 0.77338415384292603 0
vt 0.77338415384292603 0.054754175245761871
vt 0.77338415384292603 0.10950835049152374
vt 0.42474326491355896 0.082131259143352509
vt 0.42474326491355896 0.027377087622880936
vt 0.77338415384292603 0.027377087622880936
vt 0.77338415384292603 0.082131259143352509
vt 0.44964617490768433 0
vt 0.47454911470413208 0
vt 0.49945202469825745 0
vt 0.52435493469238281 0
vt 0.54925787448883057 0
vt 0.57416081428527832 0
vt 0.62396663427352905 0
vt 0.64886957406997681 0
vt 0.67377245426177979 0
vt 0.69867539405822754 0
vt 0.72357833385467529 0
vt 0.74848121404647827 0
vt 0.42327842116355896 0
vt 0.21163921058177948 0
vt 0 0
vt 0.42327842116355896 0.03771175816655159
vt 0.39614146947860718 0.03771175816655159
vt 0.36948689818382263 0.03771175816655159
vt 0.34304070472717285 0.03771175816655159
vt 0.31676039099693298 0.03771175816655159
vt 0.2904801070690155 0.03771175816655159
vt 0.26419979333877563 0.03771175816655159
vt 0.23791950941085815 0.03771175816655159
vt 0.21163921058177948 0.03771175816655159
vt 0.1845022588968277 0.03771175816655159
vt 0.15784768760204315 0.03771175816655159
vt 0.13140149414539337 0.03771175816655159
vt 0.1051211804151535 0.03771175816655159
vt 0.078840889036655426 0.03771175816655159
vt 0.052560601383447647 0.03771175816655159
vt 0.026280289515852928 0.03771175816655159
vt 0.42327842116355896 0.074210681021213531
vt 0.39614146947860718 0.074210681021213531
vt 0.36948689818382263 0.074210681021213531
vt 0.34304070472717285 0.074210681021213531
vt 0.31676039099693298 0.074210681021213531
vt 0.2904801070690155 0.074210681021213531
vt 0.26419979333877563 0.074210681021213531
vt 0.23791950941085815 0.074210681021213531
vt 0.21163921058177948 0.074210681021213531
vt 0.1845022588968277 0.074210681021213531
vt 0.15784768760204315 0.074210681021213531
vt 0.13140149414539337 0.074210681021213531
vt 0.1051211804151535 0.074210681021213531
vt 0.078840889036655426 0.074210681021213531
vt 0.052560601383447647 0.074210681021213531
vt 0.026280289515852928 0.074210681021213531
vt 0.42327842116355896 0.11012084037065506
vt 0.39614146947860718 0.11012084037065506
vt 0.36948689818382263 0.11012084037065506
vt 0.34304070472717285 0.11012084037065506
vt 0.31676039099693298 0.11012084037065506
vt 0.2904801070690155 0.11012084037065506
vt 0.26419979333877563 0.11012084037065506
vt 0.23791950941085815 0.11012084037065506
vt 0.21163921058177948 0.11012084037065506
vt 0.1845022588968277 0.11012084037065506
vt 0.15784768760204315 0.11012084037065506
vt 0.13140149414539337 0.11012084037065506
vt 0.1051211804151535 0.11012084037065506
vt 0.078840889036655426 0.11012084037065506
vt 0.052560601383447647 0.11012084037065506
vt 0.026280289515852928 0.11012084037065506
vt 0.42327842116355896 0.14562234282493591
vt 0.39614146947860718 0.14562234282493591
vt 0.36948689818382263 0.14562234282493591
vt 0.34304070472717285 0.14562234282493591
vt 0.31676039099693298 0.14562234282493591
vt 0.2904801070690155 0.14562234282493591
vt 0.26419979333877563 0.14562234282493591
vt 0.23791950941085815 0.14562234282493591
vt 0.21163921058177948 0.14562234282493591
vt 0.1845022588968277 0.14562234282493591
vt 0.15784768760204315 0.14562234282493591
vt 0.13140149414539337 0.14562234282493591
vt 0.1051211804151535 0.14562234282493591
vt 0.078840889036655426 0.14562234282493591
vt 0.052560601383447647 0.14562234282493591
vt 0.026280289515852928 0.14562234282493591
vt 0.42327842116355896 0.18112385272979736
vt 0.39614146947860718 0.18112385272979736
vt 0.36948689818382263 0.18112385272979736
vt 0.34304070472717285 0.18112385272979736
vt 0.31676039099693298 0.18112385272979736
vt 0.2904801070690155 0.18112385272979736
vt 0.26419979333877563 0.18112385272979736
vt 0.23791950941085815 0.18112385272979736
vt 0.21163921058177948 0.18112385272979736
vt 0.1845022588968277 0.18112385272979736
vt 0.15784768760204315 0.18112385272979736
vt 0.13140149414539337 0.18112385272979736
vt 0.1051211804151535 0.18112385272979736
vt 0.078840889036655426 0.18112385272979736
vt 0.052560601383447647 0.18112385272979736
vt 0.026280289515852928 0.18112385272979736
vt 0.42327842116355896 0.21662536263465881
vt 0.39614146947860718 0.21662536263465881
vt 0.36948689818382263 0.21662536263465881
vt 0.34304070472717285 0.21662536263465881
vt 0.31676039099693298 0.21662536263465881
vt 0.2904801070690155 0.21662536263465881
vt 0.26419979333877563 0.21662536263465881
vt 0.23791950941085815 0.21662536263465881
vt 0.21163921058177948 0.21662536263465881
vt 0.1845022588968277 0.21662536263465881
vt 0.15784768760204315 0.21662536263465881
vt 0.13140149414539337 0.21662536263465881
vt 0.1051211804151535 0.21662536263465881
vt 0.078840889036655426 0.21662536263465881
vt 0.052560601383447647 0.21662536263465881
vt 0.026280289515852928 0.21662536263465881
vt 0.42327842116355896 0.25212687253952026
vt 0.39614146947860718 0.25212687253952026
vt 0.36948689818382263 0.25212687253952026
vt 0.34304070472717285 0.25212687253952026
vt 0.31676039099693298 0.25212687253952026
vt 0.2904801070690155 0.25212687253952026
vt 0.26419979333877563 0.25212687253952026
vt 0.23791950941085815 0.25212687253952026
vt 0.21163921058177948 0.25212687253952026
vt 0.1845022588968277 0.25212687253952026
vt 0.15784768760204315 0.25212687253952026
vt 0.13140149414539337 0.25212687253952026
vt 0.1051211804151535 0.25212687253952026
vt 0.078840889036655426 0.25212687253952026
vt 0.052560601383447647 0.25212687253952026
vt 0.026280289515852928 0.25212687253952026
vt 0.42327842116355896 0.28762838244438171
vt 0.39614146947860718 0.28762838244438171
vt 0.36948689818382263 0.28762838244438171
vt 0.34304070472717285 0.28762838244438171
vt 0.31676039099693298 0.28762838244438171
vt 0.2904801070690155 0.28762838244438171
vt 0.26419979333877563 0.28762838244438171
vt 0.23791950941085815 0.28762838244438171
vt 0.21163921058177948 0.28762838244438171
vt 0.1845022588968277 0.28762838244438171
vt 0.15784768760204315 0.28762838244438171
vt 0.13140149414539337 0.28762838244438171
vt 0.1051211804151535 0.28762838244438171
vt 0.078840889036655426 0.28762838244438171
vt 0.052560601383447647 0.28762838244438171
vt 0.026280289515852928 0.28762838244438171
vt 0.42327842116355896 0.32534012198448181
vt 0.39614146947860718 0.32534012198448181
vt 0.36948689818382263 0.32534012198448181
vt 0.34304070472717285 0.32534012198448181
vt 0.31676039099693298 0.32534012198448181
vt 0.2904801070690155 0.32534012198448181
vt 0.26419979333877563 0.32534012198448181
vt 0.23791950941085815 0.32534012198448181
vt 0.21163921058177948 0.32534012198448181
vt 0.1845022588968277 0.32534012198448181
vt 0.15784768760204315 0.32534012198448181
vt 0.13140149414539337 0.32534012198448181
vt 0.1051211804151535 0.32534012198448181
vt 0.078840889036655426 0.32534012198448181
vt 0.052560601383447647 0.32534012198448181
vt 0.026280289515852928 0.32534012198448181
vt 0.42327842116355896 0.36183905601501465
vt 0.39614146947860718 0.36183905601501465
vt 0.36948689818382263 0.36183905601501465
vt 0.34304070472717285 0.36183905601501465
vt 0.31676039099693298 0.36183905601501465
vt 0.2904801070690155 0.36183905601501465
vt 0.26419979333877563 0.36183905601501465
vt 0.23791950941085815 0.36183905601501465
vt 0.21163921058177948 0.36183905601501465
vt 0.1845022588968277 0.36183905601501465
vt 0.15784768760204315 0.36183905601501465
vt 0.13140149414539337 0.36183905601501465
vt 0.1051211804151535 0.36183905601501465
vt 0.078840889036655426 0.36183905601501465
vt 0.052560601383447647 0.36183905601501465
vt 0.026280289515852928 0.36183905601501465
vt 0.42327842116355896 0.39774921536445618
vt 0.39614146947860718 0.39774921536445618
vt 0.36948689818382263 0.39774921536445618
vt 0.34304070472717285 0.39774921536445618
vt 0.31676039099693298 0.39774921536445618
vt 0.2904801070690155 0.39774921536445618
vt 0.26419979333877563 0.39774921536445618
vt 0.23791950941085815 0.39774921536445618
vt 0.21163921058177948 0.39774921536445618
vt 0.1845022588968277 0.39774921536445618
vt 0.15784768760204315 0.39774921536445618
vt 0.13140149414539337 0.39774921536445618
vt 0.1051211804151535 0.39774921536445618
vt 0.078840889036655426 0.39774921536445618
vt 0.052560601383447647 0.39774921536445618
vt 0.026280289515852928 0.39774921536445618
vt 0.42327842116355896 0.43325072526931763
vt 0.39614146947860718 0.43325072526931763
vt 0.36948689818382263 0.43325072526931763
vt 0.34304070472717285 0.43325072526931763
vt 0.31676039099693298 0.43325072526931763
vt 0.2904801070690155 0.43325072526931763
vt 0.26419979333877563 0.43325072526931763
vt 0.23791950941085815 0.43325072526931763
vt 0.21163921058177948 0.43325072526931763
vt 0.1845022588968277 0.43325072526931763
vt 0.15784768760204315 0.43325072526931763
vt 0.13140149414539337 0.43325072526931763
vt 0.1051211804151535 0.43325072526931763
vt 0.078840889036655426 0.43325072526931763
vt 0.052560601383447647 0.43325072526931763
vt 0.026280289515852928 0.43325072526931763
vt 0.42327842116355896 0.46875223517417908
vt 0.39614146947860718 0.46875223517417908
vt 0.36948689818382263 0.46875223517417908
vt 0.34304070472717285 0.46875223517417908
vt 0.31676039099693298 0.46875223517417908
vt 0.2904801070690155 0.46875223517417908
vt 0.26419979333877563 0.46875223517417908
vt 0.23791950941085815 0.46875223517417908
vt 0.21163921058177948 0.46875223517417908
vt 0.1845022588968277 0.46875223517417908
vt 0.15784768760204315 0.46875223517417908
vt 0.13140149414539337 0.46875223517417908
vt 0.1051211804151535 0.46875223517417908
vt 0.078840889036655426 0.46875223517417908
vt 0.052560601383447647 0.46875223517417908
vt 0.026280289515852928 0.46875223517417908
vt 0.42327842116355896 0.50425374507904053
vt 0.39614146947860718 0.50425374507904053
vt 0.36948689818382263 0.50425374507904053
vt 0.34304070472717285 0.50425374507904053
vt 0.31676039099693298 0.50425374507904053
vt 0.2904801070690155 0.50425374507904053
vt 0.26419979333877563 0.50425374507904053
vt 0.23791950941085815 0.50425374507904053
vt 0.21163921058177948 0.50425374507904053
vt 0.1845022588968277 0.50425374507904053
vt 0.15784768760204315 0.50425374507904053
vt 0.13140149414539337 0.50425374507904053
vt 0.1051211804151535 0.50425374507904053
vt 0.078840889036655426 0.50425374507904053
vt 0.052560601383447647 0.50425374507904053
vt 0.026280289515852928 0.50425374507904053
vt 0.42327842116355896 0.53975522518157959
vt 0.39614146947860718 0.53975522518157959
vt 0.36948689818382263 0.53975522518157959
vt 0.34304070472717285 0.53975522518157959
vt 0.31676039099693298 0.53975522518157959
vt 0.2904801070690155 0.53975522518157959
vt 0.26419979333877563 0.53975522518157959
vt 0.23791950941085815 0.53975522518157959
vt 0.21163921058177948 0.53975522518157959
vt 0.1845022588968277 0.53975522518157959
vt 0.15784768760204315 0.53975522518157959
vt 0.13140149414539337 0.53975522518157959
vt 0.1051211804151535 0.53975522518157959
vt 0.078840889036655426 0.53975522518157959
vt 0.052560601383447647 0.53975522518157959
vt 0.026280289515852928 0.53975522518157959
vt 0.42327842116355896 0.57525676488876343
vt 0 0.57525676488876343
vt 0.39682352542877197 0.57525676488876343
vt 0.37036862969398499 0.57525676488876343
vt 0.34391370415687561 0.57525676488876343
vt 0.33068627119064331 0.57525676488876343
vt 0.31745880842208862 0.57525676488876343
vt 0.30423137545585632 0.57525676488876343
vt 0.29100391268730164 0.57525676488876343
vt 0.26454901695251465 0.57525676488876343
vt 0.23809410631656647 0.57525676488876343
vt 0.21163921058177948 0.57525676488876343
vt 0.18518431484699249 0.57525676488876343
vt 0.15872940421104431 0.57525676488876343
vt 0.13227450847625732 0.57525676488876343
vt 0.11904705315828323 0.57525676488876343
vt 0.10581960529088974 0.57525676488876343
vt 0.092592157423496246 0.57525676488876343
vt 0.079364702105522156 0.57525676488876343
vt 0.05290980264544487 0.57525676488876343
vt 0.026454901322722435 0.57525676488876343
vt 0.026454901322722435 0
vt 0.05290980264544487 0
vt 0.079364702105522156 0
vt 0.092592157423496246 0
vt 0.10581960529088974 0
vt 0.11904705315828323 0
vt 0.13227450847625732 0
vt 0.15872940421104431 0
vt 0.18518431484699249 0
vt 0.23809410631656647 0
vt 0.26454901695251465 0
vt 0.29100391268730164 0
vt 0.30423137545585632 0
vt 0.31745880842208862 0
vt 0.33068627119064331 0
vt 0.34391370415687561 0
vt 0.37036862969398499 0
vt 0.39682352542877197 0
vt 0 0.54141813516616821
vt 0 0.507579505443573
vt 0 0.4737408459186554
vt 0 0.43990221619606018
vt 0 0.40606358647346497
vt 0 0.37222495675086975
vt 0 0.33838632702827454
vt 0 0.30454769730567932
vt 0 0.27070906758308411
vt 0 0.2368704229593277
vt 0 0.20303179323673248
vt 0 0.16919316351413727
vt 0 0.13535453379154205
vt 0 0.10151589661836624
vt 0 0.067677266895771027
vt 0 0.033838633447885513
vt 0.42474326491355896 0.22194638848304749
vt 0.42474326491355896 0.36120888590812683
vt 0.45323896408081055 0.26511776447296143
vt 0.45323896408081055 0.30244922637939453
vt 0.45323896408081055 0.3334050178527832
vt 0.4808182418346405 0.26511776447296143
vt 0.4808182418346405 0.30244922637939453
vt 0.4808182418346405 0.3334050178527832
vt 0.50795263051986694 0.26511776447296143
vt 0.50795263051986694 0.30244922637939453
vt 0.50795263051986694 0.3334050178527832
vt 0.53477823734283447 0.26511776447296143
vt 0.53477823734283447 0.30244922637939453
vt 0.53477823734283447 0.3334050178527832
vt 0.56160390377044678 0.26511776447296143
vt 0.56160390377044678 0.30244922637939453
vt 0.56160390377044678 0.3334050178527832
vt 0.58842951059341431 0.26511776447296143
vt 0.58842951059341431 0.30244922637939453
vt 0.58842951059341431 0.3334050178527832
vt 0.61525511741638184 0.26511776447296143
vt 0.61525511741638184 0.30244922637939453
vt 0.61525511741638184 0.3334050178527832
vt 0.64208072423934937 0.26511776447296143
vt 0.64208072423934937 0.30244922637939453
vt 0.64208072423934937 0.3334050178527832
vt 0.64208072423934937 0.36120888590812683
vt 0.67057645320892334 0.26511776447296143
vt 0.67057645320892334 0.30244922637939453
vt 0.67057645320892334 0.3334050178527832
vt 0.69815570116043091 0.26511776447296143
vt 0.69815570116043091 0.30244922637939453
vt 0.69815570116043091 0.3334050178527832
vt 0.72529011964797974 0.26511776447296143
vt 0.72529011964797974 0.30244922637939453
vt 0.72529011964797974 0.3334050178527832
vt 0.75211572647094727 0.26511776447296143
vt 0.75211572647094727 0.30244922637939453
vt 0.75211572647094727 0.3334050178527832
vt 0.77894133329391479 0.26511776447296143
vt 0.77894133329391479 0.30244922637939453
vt 0.77894133329391479 0.3334050178527832
vt 0.80576694011688232 0.26511776447296143
vt 0.80576694011688232 0.30244922637939453
vt 0.80576694011688232 0.3334050178527832
vt 0.83259254693984985 0.26511776447296143
vt 0.83259254693984985 0.30244922637939453
vt 0.83259254693984985 0.3334050178527832
vt 0.85941815376281738 0.22194638848304749
vt 0.85941815376281738 0.36120888590812683
vt 0.85941815376281738 0.23935419321060181
vt 0.85941815376281738 0.25676199793815613
vt 0.85941815376281738 0.27416983246803284
vt 0.85941815376281738 0.29157763719558716
vt 0.85941815376281738 0.30898544192314148
vt 0.85941815376281738 0.3263932466506958
vt 0.85941815376281738 0.34380105137825012
vt 0.42474326491355896 0.34380105137825012
vt 0.42474326491355896 0.3263932466506958
vt 0.42474326491355896 0.30898544192314148
vt 0.42474326491355896 0.29157763719558716
vt 0.42474326491355896 0.27416983246803284
vt 0.42474326491355896 0.25676199793815613
vt 0.42474326491355896 0.23935419321060181
vt 0.45031237602233887 0.22194638848304749
vt 0.47588148713111877 0.22194638848304749
vt 0.50145059823989868 0.22194638848304749
vt 0.5270196795463562 0.22194638848304749
vt 0.5525888204574585 0.22194638848304749
vt 0.57815790176391602 0.22194638848304749
vt 0.60372704267501831 0.22194638848304749
vt 0.62929612398147583 0.22194638848304749
vt 0.65486526489257812 0.22194638848304749
vt 0.68043440580368042 0.22194638848304749
vt 0.70600348711013794 0.22194638848304749
vt 0.73157262802124023 0.22194638848304749
vt 0.75714170932769775 0.22194638848304749
vt 0.78271079063415527 0.22194638848304749
vt 0.80827993154525757 0.22194638848304749
vt 0.83384901285171509 0.22194638848304749
vt 0.82836991548538208 0.36120888590812683
vt 0.79732173681259155 0.36120888590812683
vt 0.76627349853515625 0.36120888590812683
vt 0.73522531986236572 0.36120888590812683
vt 0.7041771411895752 0.36120888590812683
vt 0.67312890291213989 0.36120888590812683
vt 0.61103248596191406 0.36120888590812683
vt 0.57998430728912354 0.36120888590812683
vt 0.54893606901168823 0.36120888590812683
vt 0.51788789033889771 0.36120888590812683
vt 0.48683968186378479 0.36120888590812683
vt 0.45579147338867188 0.36120888590812683
vn 0 1 0
vn 0 1 0
vn 0 1 0
vn 0 1 0
vn 0 1 0
vn 0 1 0
vn 0 1 0
vn 0 1 0
vn 0 1 0
vn 0 1 0
vn 0 1 0
vn 0 1 0
vn 0 1 0
vn 0 1 0
vn 0 1 0
vn 0 1 0
vn 0 1 0
vn 0 1 0
vn 0 1 0
vn 0 1 0
vn 0 1 0
vn 0 1 0
vn 0 1 0
vn 0 1 0
vn 0 1 0
vn 0 1 0
vn 0 1 0
vn 0 1 0
vn 0 1 0
vn 0 1 0
vn 0 1 0
vn 0 1 0
vn 0 1 0
vn 0 1 0
vn 0 1 0
vn 0 1 0
vn 0 1 0
vn 0 1 0
vn 0 1 0
vn 0 1 0
vn 0 1 0
vn 0 1 0
vn 0 1 0
vn 0 1 0
vn 0 1 0
vn 0 1 0
vn 0 1 0
vn 0 1 0
vn 0 1 0
vn 0 1 0
vn 0 1 0
vn 0 1 0
vn 0 1 0
vn 0 -1 0
vn -0.91203868389129639 -0.41010421514511108 0
vn -0.74806177616119385 0.66362905502319336 0
vn 0 -1 0
vn -0.13849133253097534 -0.98994094133377075 -0.028932726010680199
vn -0.27600106596946716 -0.95942622423171997 -0.057660382241010666
vn -0.40950310230255127 -0.90828865766525269 -0.085550770163536072
vn -0.53481268882751465 -0.83755111694335938 -0.11172965168952942
vn -0.64865124225616455 -0.7489246129989624 -0.1355120837688446
vn -0.74761718511581421 -0.64550292491912842 -0.15618741512298584
vn -0.82936650514602661 -0.53115922212600708 -0.1732659637928009
vn -0.89276444911956787 -0.41010421514511108 -0.18651065230369568
vn -0.94057995080947876 -0.27694255113601685 -0.19649995863437653
vn -0.96973079442977905 -0.1363065242767334 -0.2025899738073349
vn -0.97882676124572754 0.0090529201552271843 -0.20449022948741913
vn -0.96706479787826538 0.15481728315353394 -0.20203299820423126
vn -0.93462783098220825 0.297230064868927 -0.19525648653507233
vn -0.88288301229476929 0.43185320496559143 -0.18444627523422241
vn -0.81432676315307617 0.55491423606872559 -0.17012394964694977
vn 0 -1 0
vn -0.13002020120620728 -0.98994094133377075 -0.055782612413167953
vn -0.25911885499954224 -0.95942622423171997 -0.11116985231637955
vn -0.38445490598678589 -0.90828865766525269 -0.16494283080101013
vn -0.50209969282150269 -0.83755111694335938 -0.21541599929332733
vn -0.60897505283355713 -0.7489246129989624 -0.26126876473426819
vn -0.70188754796981812 -0.64550292491912842 -0.30113103985786438
vn -0.77863645553588867 -0.53115922212600708 -0.33405867218971252
vn -0.83815646171569824 -0.41010421514511108 -0.35959458351135254
vn -0.88304722309112549 -0.27694255113601685 -0.37885406613349915
vn -0.91041505336761475 -0.1363065242767334 -0.39059567451477051
vn -0.91895461082458496 0.0090529201552271843 -0.39425942301750183
vn -0.90791207551956177 0.15481728315353394 -0.38952183723449707
vn -0.87745922803878784 0.297230064868927 -0.37645664811134338
vn -0.82887947559356689 0.43185320496559143 -0.35561445355415344
vn -0.76451659202575684 0.55491423606872559 -0.32800084352493286
vn 0 -1 0
vn -0.11665821820497513 -0.98994094133377075 -0.080048806965351105
vn -0.23248958587646484 -0.95942622423171997 -0.15953025221824646
vn -0.34494504332542419 -0.90828865766525269 -0.23669520020484924
vn -0.45049965381622314 -0.83755111694335938 -0.30912488698959351
vn -0.54639160633087158 -0.7489246129989624 -0.37492424249649048
vn -0.62975561618804932 -0.64550292491912842 -0.43212717771530151
vn -0.69861716032028198 -0.53115922212600708 -0.47937875986099243
vn -0.75202041864395142 -0.41010421514511108 -0.51602309942245483
vn -0.79229778051376343 -0.27694255113601685 -0.54366075992584229
vn -0.81685304641723633 -0.1363065242767334 -0.56051015853881836
vn -0.82451504468917847 0.0090529201552271843 -0.56576764583587646
vn -0.81460732221603394 0.15481728315353394 -0.55896914005279541
vn -0.78728407621383667 0.297230064868927 -0.54022043943405151
vn -0.74369674921035767 0.43185320496559143 -0.51031160354614258
vn -0.68594837188720703 0.55491423606872559 -0.47068566083908081
vn 0 -1 0
vn -0.09904962033033371 -0.98994094133377075 -0.10102537274360657
vn -0.19739718735218048 -0.95942622423171997 -0.20133469998836517
vn -0.2928784191608429 -0.90828865766525269 -0.29872050881385803
vn -0.38250041007995605 -0.83755111694335938 -0.39013019204139709
vn -0.46391823887825012 -0.7489246129989624 -0.47317206859588623
vn -0.53469914197921753 -0.64550292491912842 -0.5453648567199707
vn -0.59316658973693848 -0.53115922212600708 -0.60499858856201172
vn -0.63850909471511841 -0.41010421514511108 -0.65124547481536865
vn -0.6727069616317749 -0.27694255113601685 -0.68612551689147949
vn -0.69355577230453491 -0.1363065242767334 -0.7073901891708374
vn -0.70006126165390015 0.0090529201552271843 -0.71402543783187866
vn -0.69164901971817017 0.15481728315353394 -0.70544540882110596
vn -0.6684499979019165 0.297230064868927 -0.68178361654281616
vn -0.63144183158874512 0.43185320496559143 -0.64403724670410156
vn -0.58241009712219238 0.55491423606872559 -0.59402751922607422
vn 0 -1 0
vn -0.077729411423206329 -0.98994094133377075 -0.11821629106998444
vn -0.15490789711475372 -0.95942622423171997 -0.23559468984603882
vn -0.22983700037002563 -0.90828865766525269 -0.34955209493637085
vn -0.30016806721687317 -0.83755111694335938 -0.45651644468307495
vn -0.36406087875366211 -0.7489246129989624 -0.55368912220001221
vn -0.41960635781288147 -0.64550292491912842 -0.63816648721694946
vn -0.46548885107040405 -0.53115922212600708 -0.70794779062271118
vn -0.50107145309448242 -0.41010421514511108 -0.76206427812576294
vn -0.52790826559066772 -0.27694255113601685 -0.80287963151931763
vn -0.54426944255828857 -0.1363065242767334 -0.82776284217834473
vn -0.54937463998794556 0.0090529201552271843 -0.83552712202072144
vn -0.54277312755584717 0.15481728315353394 -0.82548707723617554
vn -0.52456760406494141 0.297230064868927 -0.79779893159866333
vn -0.49552538990974426 0.43185320496559143 -0.75362944602966309
vn -0.45704764127731323 0.55491423606872559 -0.6951097846031189
vn 0 -1 0
vn -0.053496513515710831 -0.98994094133377075 -0.13097739219665527
vn -0.10661385208368301 -0.95942622423171997 -0.26102644205093384
vn -0.15818308293819427 -0.90828865766525269 -0.38728520274162292
vn -0.20658776164054871 -0.83755111694335938 -0.50579601526260376
vn -0.25056138634681702 -0.7489246129989624 -0.61345821619033813
vn -0.2887900173664093 -0.64550292491912842 -0.70705467462539673
vn -0.32036817073822021 -0.53115922212600708 -0.78436863422393799
vn -0.34485754370689392 -0.41010421514511108 -0.84432685375213623
vn -0.3633277416229248 -0.27694255113601685 -0.88954806327819824
vn -0.37458816170692444 -0.1363065242767334 -0.91711735725402832
vn -0.37810176610946655 0.0090529201552271843 -0.92571979761123657
vn -0.37355834245681763 0.15481728315353394 -0.91459596157073975
vn -0.36102858185768127 0.297230064868927 -0.88391894102096558
vn -0.34104055166244507 0.43185320496559143 -0.83498150110244751
vn -0.31455859541893005 0.55491423606872559 -0.77014482021331787
vn 0 -1 0
vn -0.027258982881903648 -0.98994094133377075 -0.13883046805858612
vn -0.054324761033058167 -0.95942622423171997 -0.27667695283889771
vn -0.080601707100868225 -0.90828865766525269 -0.41050589084625244
vn -0.10526615381240845 -0.83755111694335938 -0.53612232208251953
vn -0.12767277657985687 -0.7489246129989624 -0.65023964643478394
vn -0.14715205132961273 -0.64550292491912842 -0.74944800138473511
vn -0.16324260830879211 -0.53115922212600708 -0.83139747381210327
vn -0.17572110891342163 -0.41010421514511108 -0.89495062828063965
vn -0.18513253331184387 -0.27694255113601685 -0.9428831934928894
vn -0.1908702552318573 -0.1363065242767334 -0.97210550308227539
vn -0.19266058504581451 0.0090529201552271843 -0.9812237024307251
vn -0.19034549593925476 0.15481728315353394 -0.96943295001983643
vn -0.18396100401878357 0.297230064868927 -0.9369165301322937
vn -0.17377616465091705 0.43185320496559143 -0.88504499197006226
vn -0.16028235852718353 0.55491423606872559 -0.81632083654403687
vn 0 -1 0
vn 0 -0.98994094133377075 -0.14148128032684326
vn 0 -0.95942622423171997 -0.28195977210998535
vn 0 -0.90828865766525269 -0.41834402084350586
vn 0 -0.83755111694335938 -0.54635900259017944
vn 0 -0.7489246129989624 -0.66265523433685303
vn 0 -0.64550292491912842 -0.76375782489776611
vn 0 -0.53115922212600708 -0.84727203845977783
vn 0 -0.41010421514511108 -0.91203868389129639
vn 0 -0.27694255113601685 -0.96088647842407227
vn 0 -0.1363065242767334 -0.99066668748855591
vn 0 0.0090529201552271843 -0.99995899200439453
vn 0 0.15481728315353394 -0.98794311285018921
vn 0 0.297230064868927 -0.95480591058731079
vn 0 0.43185320496559143 -0.90194392204284668
vn 0 0.55491423606872559 -0.83190757036209106
vn 0 -1 0
vn 0.028932726010680199 -0.98994094133377075 -0.13849133253097534
vn 0.057660382241010666 -0.95942622423171997 -0.27600106596946716
vn 0.085550770163536072 -0.90828865766525269 -0.40950310230255127
vn 0.11172965168952942 -0.83755111694335938 -0.53481268882751465
vn 0.1355120837688446 -0.7489246129989624 -0.64865124225616455
vn 0.15618741512298584 -0.64550292491912842 -0.74761718511581421
vn 0.1732659637928009 -0.53115922212600708 -0.82936650514602661
vn 0.18651065230369568 -0.41010421514511108 -0.89276444911956787
vn 0.19649995863437653 -0.27694255113601685 -0.94057995080947876
vn 0.2025899738073349 -0.1363065242767334 -0.96973079442977905
vn 0.20449022948741913 0.0090529201552271843 -0.97882676124572754
vn 0.20203299820423126 0.15481728315353394 -0.96706479787826538
vn 0.19525648653507233 0.297230064868927 -0.93462783098220825
vn 0.18444627523422241 0.43185320496559143 -0.88288301229476929
vn 0.17012394964694977 0.55491423606872559 -0.81432676315307617
vn 0 -1 0
vn 0.055782612413167953 -0.98994094133377075 -0.13002020120620728
vn 0.11116985231637955 -0.95942622423171997 -0.25911885499954224
vn 0.16494283080101013 -0.90828865766525269 -0.38445490598678589
vn 0.21541599929332733 -0.83755111694335938 -0.50209969282150269
vn 0.26126876473426819 -0.7489246129989624 -0.60897505283355713
vn 0.30113103985786438 -0.64550292491912842 -0.70188754796981812
vn 0.33405867218971252 -0.53115922212600708 -0.77863645553588867
vn 0.35959458351135254 -0.41010421514511108 -0.83815646171569824
vn 0.37885406613349915 -0.27694255113601685 -0.88304722309112549
vn 0.39059567451477051 -0.1363065242767334 -0.91041505336761475
vn 0.39425942301750183 0.0090529201552271843 -0.91895461082458496
vn 0.38952183723449707 0.15481728315353394 -0.90791207551956177
vn 0.37645664811134338 0.297230064868927 -0.87745922803878784
vn 0.35561445355415344 0.43185320496559143 -0.82887947559356689
vn 0.32800084352493286 0.55491423606872559 -0.76451659202575684
vn 0 -1 0
vn 0.080048806965351105 -0.98994094133377075 -0.11665821820497513
vn 0.15953025221824646 -0.95942622423171997 -0.23248958587646484
vn 0.23669520020484924 -0.90828865766525269 -0.34494504332542419
vn 0.30912488698959351 -0.83755111694335938 -0.45049965381622314
vn 0.37492424249649048 -0.7489246129989624 -0.54639160633087158
vn 0.43212717771530151 -0.64550292491912842 -0.62975561618804932
vn 0.47937875986099243 -0.53115922212600708 -0.69861716032028198
vn 0.51602309942245483 -0.41010421514511108 -0.75202041864395142
vn 0.54366075992584229 -0.27694255113601685 -0.79229778051376343
vn 0.56051015853881836 -0.1363065242767334 -0.81685304641723633
vn 0.56576764583587646 0.0090529201552271843 -0.82451504468917847
vn 0.55896914005279541 0.15481728315353394 -0.81460732221603394
vn 0.54022043943405151 0.297230064868927 -0.78728407621383667
vn 0.51031160354614258 0.43185320496559143 -0.74369674921035767
vn 0.47068566083908081 0.55491423606872559 -0.68594837188720703
vn 0 -1 0
vn 0.10102537274360657 -0.98994094133377075 -0.09904962033033371
vn 0.20133469998836517 -0.95942622423171997 -0.19739718735218048
vn 0.29872050881385803 -0.90828865766525269 -0.2928784191608429
vn 0.39013019204139709 -0.83755111694335938 -0.38250041007995605
vn 0.47317206859588623 -0.7489246129989624 -0.46391823887825012
vn 0.5453648567199707 -0.64550292491912842 -0.53469914197921753
vn 0.60499858856201172 -0.53115922212600708 -0.59316658973693848
vn 0.65124547481536865 -0.41010421514511108 -0.63850909471511841
vn 0.68612551689147949 -0.27694255113601685 -0.6727069616317749
vn 0.7073901891708374 -0.1363065242767334 -0.69355577230453491
vn 0.71402543783187866 0.0090529201552271843 -0.70006126165390015
vn 0.70544540882110596 0.15481728315353394 -0.69164901971817017
vn 0.68178361654281616 0.297230064868927 -0.6684499979019165
vn 0.64403724670410156 0.43185320496559143 -0.63144183158874512
vn 0.59402751922607422 0.55491423606872559 -0.58241009712219238
vn 0 -1 0
vn 0.11821629106998444 -0.98994094133377075 -0.077729411423206329
vn 0.23559468984603882 -0.95942622423171997 -0.15490789711475372
vn 0.34955209493637085 -0.90828865766525269 -0.22983700037002563
vn 0.45651644468307495 -0.83755111694335938 -0.30016806721687317
vn 0.55368912220001221 -0.7489246129989624 -0.36406087875366211
vn 0.63816648721694946 -0.64550292491912842 -0.41960635781288147
vn 0.70794779062271118 -0.53115922212600708 -0.46548885107040405
vn 0.76206427812576294 -0.41010421514511108 -0.50107145309448242
vn 0.80287963151931763 -0.27694255113601685 -0.52790826559066772
vn 0.82776284217834473 -0.1363065242767334 -0.54426944255828857
vn 0.83552712202072144 0.0090529201552271843 -0.54937463998794556
vn 0.82548707723617554 0.15481728315353394 -0.54277312755584717
vn 0.79779893159866333 0.297230064868927 -0.52456760406494141
vn 0.75362944602966309 0.43185320496559143 -0.49552538990974426
vn 0.6951097846031189 0.55491423606872559 -0.45704764127731323
vn 0 -1 0
vn 0.13097739219665527 -0.98994094133377075 -0.053496513515710831
vn 0.26102644205093384 -0.95942622423171997 -0.10661385208368301
vn 0.38728520274162292 -0.90828865766525269 -0.15818308293819427
vn 0.50579601526260376 -0.83755111694335938 -0.20658776164054871
vn 0.61345821619033813 -0.7489246129989624 -0.25056138634681702
vn 0.70705467462539673 -0.64550292491912842 -0.2887900173664093
vn 0.78436863422393799 -0.53115922212600708 -0.32036817073822021
vn 0.84432685375213623 -0.41010421514511108 -0.34485754370689392
vn 0.88954806327819824 -0.27694255113601685 -0.3633277416229248
vn 0.91711735725402832 -0.1363065242767334 -0.37458816170692444
vn 0.92571979761123657 0.0090529201552271843 -0.37810176610946655
vn 0.91459596157073975 0.15481728315353394 -0.37355834245681763
vn 0.88391894102096558 0.297230064868927 -0.36102858185768127
vn 0.83498150110244751 0.43185320496559143 -0.34104055166244507
vn 0.77014482021331787 0.55491423606872559 -0.31455859541893005
vn 0 -1 0
vn 0.13883046805858612 -0.98994094133377075 -0.027258982881903648
vn 0.27667695283889771 -0.95942622423171997 -0.054324761033058167
vn 0.41050589084625244 -0.90828865766525269 -0.080601707100868225
vn 0.53612232208251953 -0.83755111694335938 -0.10526615381240845
vn 0.65023964643478394 -0.7489246129989624 -0.12767277657985687
vn 0.74944800138473511 -0.64550292491912842 -0.14715205132961273
vn 0.83139747381210327 -0.53115922212600708 -0.16324260830879211
vn 0.89495062828063965 -0.41010421514511108 -0.17572110891342163
vn 0.9428831934928894 -0.27694255113601685 -0.18513253331184387
vn 0.97210550308227539 -0.1363065242767334 -0.1908702552318573
vn 0.9812237024307251 0.0090529201552271843 -0.19266058504581451
vn 0.96943295001983643 0.15481728315353394 -0.19034549593925476
vn 0.9369165301322937 0.297230064868927 -0.18396100401878357
vn 0.88504499197006226 0.43185320496559143 -0.17377616465091705
vn 0.81632083654403687 0.55491423606872559 -0.16028235852718353
vn 0 -1 0
vn 0.74806177616119385 0.66362905502319336 0
vn 0.13788768649101257 -0.99044787883758545 0
vn 0.27733561396598816 -0.96077311038970947 0
vn 0.4139380156993866 -0.91030508279800415 0
vn 0.47972813248634338 -0.87741720676422119 0
vn 0.5430910587310791 -0.83967381715774536 0
vn 0.6034998893737793 -0.79736310243606567 0
vn 0.66047573089599609 -0.75084739923477173 0
vn 0.76252573728561401 -0.64695793390274048 0
vn 0.84677845239639282 -0.53194576501846313 0
vn 0.91203868389129639 -0.41010421514511108 0
vn 0.95987510681152344 -0.28042793273925781 0
vn 0.98999875783920288 -0.14107626676559448 0
vn 0.99999111890792847 0.0042075403034687042 0
vn 0.99697691202163696 0.07769814133644104 0
vn 0.98853892087936401 0.15096628665924072 0
vn 0.97472381591796875 0.22341325879096985 0
vn 0.95566576719284058 0.29445371031761169 0
vn 0.90276563167572021 0.43013277649879456 0
vn 0.83242249488830566 0.55414152145385742 0
vn -0.83242249488830566 0.55414152145385742 0
vn -0.90276563167572021 0.43013277649879456 0
vn -0.95566576719284058 0.29445371031761169 0
vn -0.97472381591796875 0.22341325879096985 0
vn -0.98853892087936401 0.15096628665924072 0
vn -0.99697691202163696 0.07769814133644104 0
vn -0.99999111890792847 0.0042075403034687042 0
vn -0.98999875783920288 -0.14107626676559448 0
vn -0.95987510681152344 -0.28042793273925781 0
vn -0.84677845239639282 -0.53194576501846313 0
vn -0.76252573728561401 -0.64695793390274048 0
vn -0.66047573089599609 -0.75084739923477173 0
vn -0.6034998893737793 -0.79736310243606567 0
vn -0.5430910587310791 -0.83967381715774536 0
vn -0.47972813248634338 -0.87741720676422119 0
vn -0.4139380156993866 -0.91030508279800415 0
vn -0.27733561396598816 -0.96077311038970947 0
vn -0.13788768649101257 -0.99044787883758545 0
vn 0.73532462120056152 0.66362905502319336 -0.13745599985122681
vn 0.69754683971405029 0.66362905502319336 -0.27023109793663025
vn 0.63601493835449219 0.66362905502319336 -0.39380377531051636
vn 0.55282431840896606 0.66362905502319336 -0.50396597385406494
vn 0.45080795884132385 0.66362905502319336 -0.5969662070274353
vn 0.33343982696533203 0.66362905502319336 -0.66963744163513184
vn 0.20471683144569397 0.66362905502319336 -0.71950501203536987
vn 0.069022431969642639 0.66362905502319336 -0.74487066268920898
vn -0.069022431969642639 0.66362905502319336 -0.74487066268920898
vn -0.20471683144569397 0.66362905502319336 -0.71950501203536987
vn -0.33343982696533203 0.66362905502319336 -0.66963744163513184
vn -0.45080795884132385 0.66362905502319336 -0.5969662070274353
vn -0.55282431840896606 0.66362905502319336 -0.50396597385406494
vn -0.63601493835449219 0.66362905502319336 -0.39380377531051636
vn -0.69754683971405029 0.66362905502319336 -0.27023109793663025
vn -0.73532462120056152 0.66362905502319336 -0.13745599985122681
vn -0.82975947856903076 0.55812114477157593 0
vn -1 0 0
vn -0.93024247884750366 0.31125667691230774 -0.19434033334255219
vn -0.96662527322769165 0.15765582025051117 -0.20194117724895477
vn -0.97682654857635498 0.064531497657299042 -0.20407237112522125
vn -0.87334215641021729 0.31125667691230774 -0.37469029426574707
vn -0.90749943256378174 0.15765582025051117 -0.38934481143951416
vn -0.91707676649093628 0.064531497657299042 -0.39345377683639526
vn -0.78359007835388184 0.31125667691230774 -0.53768569231033325
vn -0.81423711776733398 0.15765582025051117 -0.5587151050567627
vn -0.8228302001953125 0.064531497657299042 -0.56461155414581299
vn -0.66531360149383545 0.31125667691230774 -0.67858463525772095
vn -0.69133466482162476 0.15765582025051117 -0.70512479543685913
vn -0.698630690574646 0.064531497657299042 -0.71256637573242188
vn -0.5221063494682312 0.31125667691230774 -0.79405558109283447
vn -0.54252642393112183 0.15765582025051117 -0.82511192560195923
vn -0.54825204610824585 0.064531497657299042 -0.83381974697113037
vn -0.35933461785316467 0.31125667691230774 -0.87977153062820435
vn -0.37338855862617493 0.15765582025051117 -0.91418027877807617
vn -0.37732914090156555 0.064531497657299042 -0.923828125
vn -0.18309783935546875 0.31125667691230774 -0.93252050876617432
vn -0.19025899469852448 0.15765582025051117 -0.96899235248565674
vn -0.19226689636707306 0.064531497657299042 -0.97921860218048096
vn 0 0.31125667691230774 -0.95032590627670288
vn 0 0.15765582025051117 -0.98749411106109619
vn 0 0.064531497657299042 -0.99791568517684937
vn 0 0 -1
vn 0.19434033334255219 0.31125667691230774 -0.93024247884750366
vn 0.20194117724895477 0.15765582025051117 -0.96662527322769165
vn 0.20407237112522125 0.064531497657299042 -0.97682654857635498
vn 0.37469029426574707 0.31125667691230774 -0.87334215641021729
vn 0.38934481143951416 0.15765582025051117 -0.90749943256378174
vn 0.39345377683639526 0.064531497657299042 -0.91707676649093628
vn 0.53768569231033325 0.31125667691230774 -0.78359007835388184
vn 0.5587151050567627 0.15765582025051117 -0.81423711776733398
vn 0.56461155414581299 0.064531497657299042 -0.8228302001953125
vn 0.67858463525772095 0.31125667691230774 -0.66531360149383545
vn 0.70512479543685913 0.15765582025051117 -0.69133466482162476
vn 0.71256637573242188 0.064531497657299042 -0.698630690574646
vn 0.79405558109283447 0.31125667691230774 -0.5221063494682312
vn 0.82511192560195923 0.15765582025051117 -0.54252642393112183
vn 0.83381974697113037 0.064531497657299042 -0.54825204610824585
vn 0.87977153062820435 0.31125667691230774 -0.35933461785316467
vn 0.91418027877807617 0.15765582025051117 -0.37338855862617493
vn 0.923828125 0.064531497657299042 -0.37732914090156555
vn 0.93252050876617432 0.31125667691230774 -0.18309783935546875
vn 0.96899235248565674 0.15765582025051117 -0.19025899469852448
vn 0.97921860218048096 0.064531497657299042 -0.19226689636707306
vn 0.82975947856903076 0.55812114477157593 0
vn 1 0 0
vn 0.89305531978607178 0.44994691014289856 0
vn 0.9355548620223999 0.35318148136138916 0
vn 0.96310657262802124 0.26912024617195129 0
vn 0.98037850856781006 0.19712428748607635 0
vn 0.99074208736419678 0.1357576996088028 0
vn 0.99651509523391724 0.083412684500217438 0
vn 0.99925512075424194 0.038590796291828156 0
vn -0.99925512075424194 0.038590796291828156 0
vn -0.99651509523391724 0.083412684500217438 0
vn -0.99074208736419678 0.1357576996088028 0
vn -0.98037850856781006 0.19712428748607635 0
vn -0.96310657262802124 0.26912024617195129 0
vn -0.9355548620223999 0.35318148136138916 0
vn -0.89305531978607178 0.44994691014289856 0
vn -0.81563127040863037 0.55812114477157593 -0.15246790647506714
vn -0.7737276554107666 0.55812114477157593 -0.29974368214607239
vn -0.70547574758529663 0.55812114477157593 -0.43681207299232483
vn -0.61319965124130249 0.55812114477157593 -0.55900532007217407
vn -0.50004178285598755 0.55812114477157593 -0.66216236352920532
vn -0.3698556125164032 0.55812114477157593 -0.74277019500732422
vn -0.22707445919513702 0.55812114477157593 -0.79808396100997925
vn -0.076560541987419128 0.55812114477157593 -0.82621985673904419
vn 0.076560541987419128 0.55812114477157593 -0.82621985673904419
vn 0.22707445919513702 0.55812114477157593 -0.79808396100997925
vn 0.3698556125164032 0.55812114477157593 -0.74277019500732422
vn 0.50004178285598755 0.55812114477157593 -0.66216236352920532
vn 0.61319965124130249 0.55812114477157593 -0.55900532007217407
vn 0.70547574758529663 0.55812114477157593 -0.43681207299232483
vn 0.7737276554107666 0.55812114477157593 -0.29974368214607239
vn 0.81563127040863037 0.55812114477157593 -0.15246790647506714
vn 0.97492790222167969 0 -0.22252093255519867
vn 0.90096884965896606 0 -0.43388372659683228
vn 0.78183150291442871 0 -0.62348979711532593
vn 0.62348979711532593 0 -0.78183150291442871
vn 0.43388372659683228 0 -0.90096884965896606
vn 0.22252093255519867 0 -0.97492790222167969
vn -0.22252093255519867 0 -0.97492790222167969
vn -0.43388372659683228 0 -0.90096884965896606
vn -0.62348979711532593 0 -0.78183150291442871
vn -0.78183150291442871 0 -0.62348979711532593
vn -0.90096884965896606 0 -0.43388372659683228
vn -0.97492790222167969 0 -0.22252093255519867
vn 0 1 0
vn 0 1 0
vn 0 1 0
vn 0 1 0
vn 0 1 0
vn 0 1 0
vn 0 1 0
vn 0 1 0
vn 0 1 0
vn 0 1 0
vn 0 1 0
vn 0 1 0
vn 0 1 0
vn 0 1 0
vn 0 1 0
vn 0 1 0
vn 0 1 0
vn 0 1 0
vn 0 1 0
vn 0 1 0
vn 0 1 0
vn 0 1 0
vn 0 1 0
vn 0 1 0
vn 0 1 0
vn 0 1 0
vn 0 1 0
vn 0 1 0
vn 0 1 0
vn 0 1 0
vn 0 1 0
vn 0 1 0
vn 0 1 0
vn 0 1 0
vn 0 1 0
vn 0 1 0
vn 0 1 0
vn 0 1 0
vn 0 1 0
vn 0 1 0
vn 0 1 0
vn 0 1 0
vn 0 1 0
vn 0 1 0
vn 0 1 0
vn 0 1 0
vn 0 1 0
vn 0 1 0
vn 0 1 0
vn 0 1 0
vn 0 1 0
vn 0 1 0
vn 0 1 0
vn 0 -1 0
vn -0.91203868389129639 -0.41010421514511108 0
vn -0.74806177616119385 0.66362905502319336 0
vn 0 -1 0
vn -0.13849133253097534 -0.98994094133377075 0.028932726010680199
vn -0.27600106596946716 -0.95942622423171997 0.057660382241010666
vn -0.40950310230255127 -0.90828865766525269 0.085550770163536072
vn -0.53481268882751465 -0.83755111694335938 0.11172965168952942
vn -0.64865124225616455 -0.7489246129989624 0.1355120837688446
vn -0.74761718511581421 -0.64550292491912842 0.15618741512298584
vn -0.82936650514602661 -0.53115922212600708 0.1732659637928009
vn -0.89276444911956787 -0.41010421514511108 0.18651065230369568
vn -0.94057995080947876 -0.27694255113601685 0.19649995863437653
vn -0.96973079442977905 -0.1363065242767334 0.2025899738073349
vn -0.97882676124572754 0.0090529201552271843 0.20449022948741913
vn -0.96706479787826538 0.15481728315353394 0.20203299820423126
vn -0.93462783098220825 0.297230064868927 0.19525648653507233
vn -0.88288301229476929 0.43185320496559143 0.18444627523422241
vn -0.81432676315307617 0.55491423606872559 0.17012394964694977
vn 0 -1 0
vn -0.13002020120620728 -0.98994094133377075 0.055782612413167953
vn -0.25911885499954224 -0.95942622423171997 0.11116985231637955
vn -0.38445490598678589 -0.90828865766525269 0.16494283080101013
vn -0.50209969282150269 -0.83755111694335938 0.21541599929332733
vn -0.60897505283355713 -0.7489246129989624 0.26126876473426819
vn -0.70188754796981812 -0.64550292491912842 0.30113103985786438
vn -0.77863645553588867 -0.53115922212600708 0.33405867218971252
vn -0.83815646171569824 -0.41010421514511108 0.35959458351135254
vn -0.88304722309112549 -0.27694255113601685 0.37885406613349915
vn -0.91041505336761475 -0.1363065242767334 0.39059567451477051
vn -0.91895461082458496 0.0090529201552271843 0.39425942301750183
vn -0.90791207551956177 0.15481728315353394 0.38952183723449707
vn -0.87745922803878784 0.297230064868927 0.37645664811134338
vn -0.82887947559356689 0.43185320496559143 0.35561445355415344
vn -0.76451659202575684 0.55491423606872559 0.32800084352493286
vn 0 -1 0
vn -0.11665821820497513 -0.98994094133377075 0.080048806965351105
vn -0.23248958587646484 -0.95942622423171997 0.15953025221824646
vn -0.34494504332542419 -0.90828865766525269 0.23669520020484924
vn -0.45049965381622314 -0.83755111694335938 0.30912488698959351
vn -0.54639160633087158 -0.7489246129989624 0.37492424249649048
vn -0.62975561618804932 -0.64550292491912842 0.43212717771530151
vn -0.69861716032028198 -0.53115922212600708 0.47937875986099243
vn -0.75202041864395142 -0.41010421514511108 0.51602309942245483
vn -0.79229778051376343 -0.27694255113601685 0.54366075992584229
vn -0.81685304641723633 -0.1363065242767334 0.56051015853881836
vn -0.82451504468917847 0.0090529201552271843 0.56576764583587646
vn -0.81460732221603394 0.15481728315353394 0.55896914005279541
vn -0.78728407621383667 0.297230064868927 0.54022043943405151
vn -0.74369674921035767 0.43185320496559143 0.51031160354614258
vn -0.68594837188720703 0.55491423606872559 0.47068566083908081
vn 0 -1 0
vn -0.09904962033033371 -0.98994094133377075 0.10102537274360657
vn -0.19739718735218048 -0.95942622423171997 0.20133469998836517
vn -0.2928784191608429 -0.90828865766525269 0.29872050881385803
vn -0.38250041007995605 -0.83755111694335938 0.39013019204139709
vn -0.46391823887825012 -0.7489246129989624 0.47317206859588623
vn -0.53469914197921753 -0.64550292491912842 0.5453648567199707
vn -0.59316658973693848 -0.53115922212600708 0.60499858856201172
vn -0.63850909471511841 -0.41010421514511108 0.65124547481536865
vn -0.6727069616317749 -0.27694255113601685 0.68612551689147949
vn -0.69355577230453491 -0.1363065242767334 0.7073901891708374
vn -0.70006126165390015 0.0090529201552271843 0.71402543783187866
vn -0.69164901971817017 0.15481728315353394 0.70544540882110596
vn -0.6684499979019165 0.297230064868927 0.68178361654281616
vn -0.63144183158874512 0.43185320496559143 0.64403724670410156
vn -0.58241009712219238 0.55491423606872559 0.59402751922607422
vn 0 -1 0
vn -0.077729411423206329 -0.98994094133377075 0.11821629106998444
vn -0.15490789711475372 -0.95942622423171997 0.23559468984603882
vn -0.22983700037002563 -0.90828865766525269 0.34955209493637085
vn -0.30016806721687317 -0.83755111694335938 0.45651644468307495
vn -0.36406087875366211 -0.7489246129989624 0.55368912220001221
vn -0.41960635781288147 -0.64550292491912842 0.63816648721694946
vn -0.46548885107040405 -0.53115922212600708 0.70794779062271118
vn -0.50107145309448242 -0.41010421514511108 0.76206427812576294
vn -0.52790826559066772 -0.27694255113601685 0.80287963151931763
vn -0.54426944255828857 -0.1363065242767334 0.82776284217834473
vn -0.54937463998794556 0.0090529201552271843 0.83552712202072144
vn -0.54277312755584717 0.15481728315353394 0.82548707723617554
vn -0.52456760406494141 0.297230064868927 0.79779893159866333
vn -0.49552538990974426 0.43185320496559143 0.75362944602966309
vn -0.45704764127731323 0.55491423606872559 0.6951097846031189
vn 0 -1 0
vn -0.053496513515710831 -0.98994094133377075 0.13097739219665527
vn -0.10661385208368301 -0.95942622423171997 0.26102644205093384
vn -0.15818308293819427 -0.90828865766525269 0.38728520274162292
vn -0.20658776164054871 -0.83755111694335938 0.50579601526260376
vn -0.25056138634681702 -0.7489246129989624 0.61345821619033813
vn -0.2887900173664093 -0.64550292491912842 0.70705467462539673
vn -0.32036817073822021 -0.53115922212600708 0.78436863422393799
vn -0.34485754370689392 -0.41010421514511108 0.84432685375213623
vn -0.3633277416229248 -0.27694255113601685 0.88954806327819824
vn -0.37458816170692444 -0.1363065242767334 0.91711735725402832
vn -0.37810176610946655 0.0090529201552271843 0.92571979761123657
vn -0.37355834245681763 0.15481728315353394 0.91459596157073975
vn -0.36102858185768127 0.297230064868927 0.88391894102096558
vn -0.34104055166244507 0.43185320496559143 0.83498150110244751
vn -0.31455859541893005 0.55491423606872559 0.77014482021331787
vn 0 -1 0
vn -0.027258982881903648 -0.98994094133377075 0.13883046805858612
vn -0.054324761033058167 -0.95942622423171997 0.27667695283889771
vn -0.080601707100868225 -0.90828865766525269 0.41050589084625244
vn -0.10526615381240845 -0.83755111694335938 0.53612232208251953
vn -0.12767277657985687 -0.7489246129989624 0.65023964643478394
vn -0.14715205132961273 -0.64550292491912842 0.74944800138473511
vn -0.16324260830879211 -0.53115922212600708 0.83139747381210327
vn -0.17572110891342163 -0.41010421514511108 0.89495062828063965
vn -0.18513253331184387 -0.27694255113601685 0.9428831934928894
vn -0.1908702552318573 -0.1363065242767334 0.97210550308227539
vn -0.19266058504581451 0.0090529201552271843 0.9812237024307251
vn -0.19034549593925476 0.15481728315353394 0.96943295001983643
vn -0.18396100401878357 0.297230064868927 0.9369165301322937
vn -0.17377616465091705 0.43185320496559143 0.88504499197006226
vn -0.16028235852718353 0.55491423606872559 0.81632083654403687
vn 0 -1 0
vn 0 -0.98994094133377075 0.14148128032684326
vn 0 -0.95942622423171997 0.28195977210998535
vn 0 -0.90828865766525269 0.41834402084350586
vn 0 -0.83755111694335938 0.54635900259017944
vn 0 -0.7489246129989624 0.66265523433685303
vn 0 -0.64550292491912842 0.76375782489776611
vn 0 -0.53115922212600708 0.84727203845977783
vn 0 -0.41010421514511108 0.91203868389129639
vn 0 -0.27694255113601685 0.96088647842407227
vn 0 -0.1363065242767334 0.99066668748855591
vn 0 0.0090529201552271843 0.99995899200439453
vn 0 0.15481728315353394 0.98794311285018921
vn 0 0.297230064868927 0.95480591058731079
vn 0 0.43185320496559143 0.90194392204284668
vn 0 0.55491423606872559 0.83190757036209106
vn 0 -1 0
vn 0.028932726010680199 -0.98994094133377075 0.13849133253097534
vn 0.057660382241010666 -0.95942622423171997 0.27600106596946716
vn 0.085550770163536072 -0.90828865766525269 0.40950310230255127
vn 0.11172965168952942 -0.83755111694335938 0.53481268882751465
vn 0.1355120837688446 -0.7489246129989624 0.64865124225616455
vn 0.15618741512298584 -0.64550292491912842 0.74761718511581421
vn 0.1732659637928009 -0.53115922212600708 0.82936650514602661
vn 0.18651065230369568 -0.41010421514511108 0.89276444911956787
vn 0.19649995863437653 -0.27694255113601685 0.94057995080947876
vn 0.2025899738073349 -0.1363065242767334 0.96973079442977905
vn 0.20449022948741913 0.0090529201552271843 0.97882676124572754
vn 0.20203299820423126 0.15481728315353394 0.96706479787826538
vn 0.19525648653507233 0.297230064868927 0.93462783098220825
vn 0.18444627523422241 0.43185320496559143 0.88288301229476929
vn 0.17012394964694977 0.55491423606872559 0.81432676315307617
vn 0 -1 0
vn 0.055782612413167953 -0.98994094133377075 0.13002020120620728
vn 0.11116985231637955 -0.95942622423171997 0.25911885499954224
vn 0.16494283080101013 -0.90828865766525269 0.38445490598678589
vn 0.21541599929332733 -0.83755111694335938 0.50209969282150269
vn 0.26126876473426819 -0.7489246129989624 0.60897505283355713
vn 0.30113103985786438 -0.64550292491912842 0.70188754796981812
vn 0.33405867218971252 -0.53115922212600708 0.77863645553588867
vn 0.35959458351135254 -0.41010421514511108 0.83815646171569824
vn 0.37885406613349915 -0.27694255113601685 0.88304722309112549
vn 0.39059567451477051 -0.1363065242767334 0.91041505336761475
vn 0.39425942301750183 0.0090529201552271843 0.91895461082458496
vn 0.38952183723449707 0.15481728315353394 0.90791207551956177
vn 0.37645664811134338 0.297230064868927 0.87745922803878784
vn 0.35561445355415344 0.43185320496559143 0.82887947559356689
vn 0.32800084352493286 0.55491423606872559 0.76451659202575684
vn 0 -1 0
vn 0.080048806965351105 -0.98994094133377075 0.11665821820497513
vn 0.15953025221824646 -0.95942622423171997 0.23248958587646484
vn 0.23669520020484924 -0.90828865766525269 0.34494504332542419
vn 0.30912488698959351 -0.83755111694335938 0.45049965381622314
vn 0.37492424249649048 -0.7489246129989624 0.54639160633087158
vn 0.43212717771530151 -0.64550292491912842 0.62975561618804932
vn 0.47937875986099243 -0.53115922212600708 0.69861716032028198
vn 0.51602309942245483 -0.41010421514511108 0.75202041864395142
vn 0.54366075992584229 -0.27694255113601685 0.79229778051376343
vn 0.56051015853881836 -0.1363065242767334 0.81685304641723633
vn 0.56576764583587646 0.0090529201552271843 0.82451504468917847
vn 0.55896914005279541 0.15481728315353394 0.81460732221603394
vn 0.54022043943405151 0.297230064868927 0.78728407621383667
vn 0.51031160354614258 0.43185320496559143 0.74369674921035767
vn 0.47068566083908081 0.55491423606872559 0.68594837188720703
vn 0 -1 0
vn 0.10102537274360657 -0.98994094133377075 0.09904962033033371
vn 0.20133469998836517 -0.95942622423171997 0.19739718735218048
vn 0.29872050881385803 -0.90828865766525269 0.2928784191608429
vn 0.39013019204139709 -0.83755111694335938 0.38250041007995605
vn 0.47317206859588623 -0.7489246129989624 0.46391823887825012
vn 0.5453648567199707 -0.64550292491912842 0.53469914197921753
vn 0.60499858856201172 -0.53115922212600708 0.59316658973693848
vn 0.65124547481536865 -0.41010421514511108 0.63850909471511841
vn 0.68612551689147949 -0.27694255113601685 0.6727069616317749
vn 0.7073901891708374 -0.1363065242767334 0.69355577230453491
vn 0.71402543783187866 0.0090529201552271843 0.70006126165390015
vn 0.70544540882110596 0.15481728315353394 0.69164901971817017
vn 0.68178361654281616 0.297230064868927 0.6684499979019165
vn 0.64403724670410156 0.43185320496559143 0.63144183158874512
vn 0.59402751922607422 0.55491423606872559 0.58241009712219238
vn 0 -1 0
vn 0.11821629106998444 -0.98994094133377075 0.077729411423206329
vn 0.23559468984603882 -0.95942622423171997 0.15490789711475372
vn 0.34955209493637085 -0.90828865766525269 0.22983700037002563
vn 0.45651644468307495 -0.83755111694335938 0.30016806721687317
vn 0.55368912220001221 -0.7489246129989624 0.36406087875366211
vn 0.63816648721694946 -0.64550292491912842 0.41960635781288147
vn 0.70794779062271118 -0.53115922212600708 0.46548885107040405
vn 0.76206427812576294 -0.41010421514511108 0.50107145309448242
vn 0.80287963151931763 -0.27694255113601685 0.52790826559066772
vn 0.82776284217834473 -0.1363065242767334 0.54426944255828857
vn 0.83552712202072144 0.0090529201552271843 0.54937463998794556
vn 0.82548707723617554 0.15481728315353394 0.54277312755584717
vn 0.79779893159866333 0.297230064868927 0.52456760406494141
vn 0.75362944602966309 0.43185320496559143 0.49552538990974426
vn 0.6951097846031189 0.55491423606872559 0.45704764127731323
vn 0 -1 0
vn 0.13097739219665527 -0.98994094133377075 0.053496513515710831
vn 0.26102644205093384 -0.95942622423171997 0.10661385208368301
vn 0.38728520274162292 -0.90828865766525269 0.15818308293819427
vn 0.50579601526260376 -0.83755111694335938 0.20658776164054871
vn 0.61345821619033813 -0.7489246129989624 0.25056138634681702
vn 0.70705467462539673 -0.64550292491912842 0.2887900173664093
vn 0.78436863422393799 -0.53115922212600708 0.32036817073822021
vn 0.84432685375213623 -0.41010421514511108 0.34485754370689392
vn 0.88954806327819824 -0.27694255113601685 0.3633277416229248
vn 0.91711735725402832 -0.1363065242767334 0.37458816170692444
vn 0.92571979761123657 0.0090529201552271843 0.37810176610946655
vn 0.91459596157073975 0.15481728315353394 0.37355834245681763
vn 0.88391894102096558 0.297230064868927 0.36102858185768127
vn 0.83498150110244751 0.43185320496559143 0.34104055166244507
vn 0.77014482021331787 0.55491423606872559 0.31455859541893005
vn 0 -1 0
vn 0.13883046805858612 -0.98994094133377075 0.027258982881903648
vn 0.27667695283889771 -0.95942622423171997 0.054324761033058167
vn 0.41050589084625244 -0.90828865766525269 0.080601707100868225
vn 0.53612232208251953 -0.83755111694335938 0.10526615381240845
vn 0.65023964643478394 -0.7489246129989624 0.12767277657985687
vn 0.74944800138473511 -0.64550292491912842 0.14715205132961273
vn 0.83139747381210327 -0.53115922212600708 0.16324260830879211
vn 0.89495062828063965 -0.41010421514511108 0.17572110891342163
vn 0.9428831934928894 -0.27694255113601685 0.18513253331184387
vn 0.97210550308227539 -0.1363065242767334 0.1908702552318573
vn 0.9812237024307251 0.0090529201552271843 0.19266058504581451
vn 0.96943295001983643 0.15481728315353394 0.19034549593925476
vn 0.9369165301322937 0.297230064868927 0.18396100401878357
vn 0.88504499197006226 0.43185320496559143 0.17377616465091705
vn 0.81632083654403687 0.55491423606872559 0.16028235852718353
vn 0 -1 0
vn 0.74806177616119385 0.66362905502319336 0
vn 0.13788768649101257 -0.99044787883758545 0
vn 0.27733561396598816 -0.96077311038970947 0
vn 0.4139380156993866 -0.91030508279800415 0
vn 0.47972813248634338 -0.87741720676422119 0
vn 0.5430910587310791 -0.83967381715774536 0
vn 0.6034998893737793 -0.79736310243606567 0
vn 0.66047573089599609 -0.75084739923477173 0
vn 0.76252573728561401 -0.64695793390274048 0
vn 0.84677845239639282 -0.53194576501846313 0
vn 0.91203868389129639 -0.41010421514511108 0
vn 0.95987510681152344 -0.28042793273925781 0
vn 0.98999875783920288 -0.14107626676559448 0
vn 0.99999111890792847 0.0042075403034687042 0
vn 0.99697691202163696 0.07769814133644104 0
vn 0.98853892087936401 0.15096628665924072 0
vn 0.97472381591796875 0.22341325879096985 0
vn 0.95566576719284058 0.29445371031761169 0
vn 0.90276563167572021 0.43013277649879456 0
vn 0.83242249488830566 0.55414152145385742 0
vn -0.83242249488830566 0.55414152145385742 0
vn -0.90276563167572021 0.43013277649879456 0
vn -0.95566576719284058 0.29445371031761169 0
vn -0.97472381591796875 0.22341325879096985 0
vn -0.98853892087936401 0.15096628665924072 0
vn -0.99697691202163696 0.07769814133644104 0
vn -0.99999111890792847 0.0042075403034687042 0
vn -0.98999875783920288 -0.14107626676559448 0
vn -0.95987510681152344 -0.28042793273925781 0
vn -0.84677845239639282 -0.53194576501846313 0
vn -0.76252573728561401 -0.64695793390274048 0
vn -0.66047573089599609 -0.75084739923477173 0
vn -0.6034998893737793 -0.79736310243606567 0
vn -0.5430910587310791 -0.83967381715774536 0
vn -0.47972813248634338 -0.87741720676422119 0
vn -0.4139380156993866 -0.91030508279800415 0
vn -0.27733561396598816 -0.96077311038970947 0
vn -0.13788768649101257 -0.99044787883758545 0
vn 0.73532462120056152 0.66362905502319336 0.13745599985122681
vn 0.69754683971405029 0.66362905502319336 0.27023109793663025
vn 0.63601493835449219 0.66362905502319336 0.39380377531051636
vn 0.55282431840896606 0.66362905502319336 0.50396597385406494
vn 0.45080795884132385 0.66362905502319336 0.5969662070274353
vn 0.33343982696533203 0.66362905502319336 0.66963744163513184
vn 0.20471683144569397 0.66362905502319336 0.71950501203536987
vn 0.069022431969642639 0.66362905502319336 0.74487066268920898
vn -0.069022431969642639 0.66362905502319336 0.74487066268920898
vn -0.20471683144569397 0.66362905502319336 0.71950501203536987
vn -0.33343982696533203 0.66362905502319336 0.66963744163513184
vn -0.45080795884132385 0.66362905502319336 0.5969662070274353
vn -0.55282431840896606 0.66362905502319336 0.50396597385406494
vn -0.63601493835449219 0.66362905502319336 0.39380377531051636
vn -0.69754683971405029 0.66362905502319336 0.27023109793663025
vn -0.73532462120056152 0.66362905502319336 0.13745599985122681
vn -0.82975947856903076 0.55812114477157593 0
vn -1 0 0
vn -0.93024247884750366 0.31125667691230774 0.19434033334255219
vn -0.96662527322769165 0.15765582025051117 0.20194117724895477
vn -0.97682654857635498 0.064531497657299042 0.20407237112522125
vn -0.87334215641021729 0.31125667691230774 0.37469029426574707
vn -0.90749943256378174 0.15765582025051117 0.38934481143951416
vn -0.91707676649093628 0.064531497657299042 0.39345377683639526
vn -0.78359007835388184 0.31125667691230774 0.53768569231033325
vn -0.81423711776733398 0.15765582025051117 0.5587151050567627
vn -0.8228302001953125 0.064531497657299042 0.56461155414581299
vn -0.66531360149383545 0.31125667691230774 0.67858463525772095
vn -0.69133466482162476 0.15765582025051117 0.70512479543685913
vn -0.698630690574646 0.064531497657299042 0.71256637573242188
vn -0.5221063494682312 0.31125667691230774 0.79405558109283447
vn -0.54252642393112183 0.15765582025051117 0.82511192560195923
vn -0.54825204610824585 0.064531497657299042 0.83381974697113037
vn -0.35933461785316467 0.31125667691230774 0.87977153062820435
vn -0.37338855862617493 0.15765582025051117 0.91418027877807617
vn -0.37732914090156555 0.064531497657299042 0.923828125
vn -0.18309783935546875 0.31125667691230774 0.93252050876617432
vn -0.19025899469852448 0.15765582025051117 0.96899235248565674
vn -0.19226689636707306 0.064531497657299042 0.97921860218048096
vn 0 0.31125667691230774 0.95032590627670288
vn 0 0.15765582025051117 0.98749411106109619
vn 0 0.064531497657299042 0.99791568517684937
vn 0 0 1
vn 0.19434033334255219 0.31125667691230774 0.93024247884750366
vn 0.20194117724895477 0.15765582025051117 0.96662527322769165
vn 0.20407237112522125 0.064531497657299042 0.97682654857635498
vn 0.37469029426574707 0.31125667691230774 0.87334215641021729
vn 0.38934481143951416 0.15765582025051117 0.90749943256378174
vn 0.39345377683639526 0.064531497657299042 0.91707676649093628
vn 0.53768569231033325 0.31125667691230774 0.78359007835388184
vn 0.5587151050567627 0.15765582025051117 0.81423711776733398
vn 0.56461155414581299 0.064531497657299042 0.8228302001953125
vn 0.67858463525772095 0.31125667691230774 0.66531360149383545
vn 0.70512479543685913 0.15765582025051117 0.69133466482162476
vn 0.71256637573242188 0.064531497657299042 0.698630690574646
vn 0.79405558109283447 0.31125667691230774 0.5221063494682312
vn 0.82511192560195923 0.15765582025051117 0.54252642393112183
vn 0.83381974697113037 0.064531497657299042 0.54825204610824585
vn 0.87977153062820435 0.31125667691230774 0.35933461785316467
vn 0.91418027877807617 0.15765582025051117 0.37338855862617493
vn 0.923828125 0.064531497657299042 0.37732914090156555
vn 0.93252050876617432 0.31125667691230774 0.18309783935546875
vn 0.96899235248565674 0.15765582025051117 0.19025899469852448
vn 0.97921860218048096 0.064531497657299042 0.19226689636707306
vn 0.82975947856903076 0.55812114477157593 0
vn 1 0 0
vn 0.89305531978607178 0.44994691014289856 0
vn 0.9355548620223999 0.35318148136138916 0
vn 0.96310657262802124 0.26912024617195129 0
vn 0.98037850856781006 0.19712428748607635 0
vn 0.99074208736419678 0.1357576996088028 0
vn 0.99651509523391724 0.083412684500217438 0
vn 0.99925512075424194 0.038590796291828156 0
vn -0.99925512075424194 0.038590796291828156 0
vn -0.99651509523391724 0.083412684500217438 0
vn -0.99074208736419678 0.1357576996088028 0
vn -0.98037850856781006 0.19712428748607635 0
vn -0.96310657262802124 0.26912024617195129 0
vn -0.9355548620223999 0.35318148136138916 0
vn -0.89305531978607178 0.44994691014289856 0
vn -0.81563127040863037 0.55812114477157593 0.15246790647506714
vn -0.7737276554107666 0.55812114477157593 0.29974368214607239
vn -0.70547574758529663 0.55812114477157593 0.43681207299232483
vn -0.61319965124130249 0.55812114477157593 0.55900532007217407
vn -0.50004178285598755 0.55812114477157593 0.66216236352920532
vn -0.3698556125164032 0.55812114477157593 0.74277019500732422
vn -0.22707445919513702 0.55812114477157593 0.79808396100997925
vn -0.076560541987419128 0.55812114477157593 0.82621985673904419
vn 0.076560541987419128 0.55812114477157593 0.82621985673904419
vn 0.22707445919513702 0.55812114477157593 0.79808396100997925
vn 0.3698556125164032 0.55812114477157593 0.74277019500732422
vn 0.50004178285598755 0.55812114477157593 0.66216236352920532
vn 0.61319965124130249 0.55812114477157593 0.55900532007217407
vn 0.70547574758529663 0.55812114477157593 0.43681207299232483
vn 0.7737276554107666 0.55812114477157593 0.29974368214607239
vn 0.81563127040863037 0.55812114477157593 0.15246790647506714
vn 0.97492790222167969 0 0.22252093255519867
vn 0.90096884965896606 0 0.43388372659683228
vn 0.78183150291442871 0 0.62348979711532593
vn 0.62348979711532593 0 0.78183150291442871
vn 0.43388372659683228 0 0.90096884965896606
vn 0.22252093255519867 0 0.97492790222167969
vn -0.22252093255519867 0 0.97492790222167969
vn -0.43388372659683228 0 0.90096884965896606
vn -0.62348979711532593 0 0.78183150291442871
vn -0.78183150291442871 0 0.62348979711532593
vn -0.90096884965896606 0 0.43388372659683228
vn -0.97492790222167969 0 0.22252093255519867
f 7/7/7 6/6/6 4/4/4
f 9/9/9 8/8/8 6/6/6
f 11/11/11 10/10/10 8/8/8
f 13/13/13 12/12/12 10/10/10
f 15/15/15 14/14/14 12/12/12
f 17/17/17 16/16/16 14/14/14
f 20/20/20 19/19/19 16/16/16
f 22/22/22 21/21/21 19/19/19
f 24/24/24 23/23/23 21/21/21
f 26/26/26 25/25/25 23/23/23
f 28/28/28 27/27/27 25/25/25
f 30/30/30 29/29/29 27/27/27
f 32/32/32 31/31/31 29/29/29
f 34/34/34 33/33/33 31/31/31
f 39/39/39 42/42/42 1/1/1
f 2/2/2 4/4/4 39/39/39
f 39/39/39 4/4/4 42/42/42
f 42/42/42 4/4/4 6/6/6 43/43/43
f 43/43/43 6/6/6 8/8/8 44/44/44
f 45/45/45 12/12/12 14/14/14 46/46/46
f 46/46/46 14/14/14 16/16/16 47/47/47
f 44/44/44 8/8/8 10/10/10 45/45/45
f 47/47/47 16/16/16 19/19/19 18/18/18
f 4/4/4 38/38/38 5/5/5
f 2/2/2 38/38/38 4/4/4
f 12/12/12 45/45/45 10/10/10
f 23/23/23 49/49/49 48/48/48 21/21/21
f 21/21/21 48/48/48 18/18/18 19/19/19
f 49/49/49 23/23/23 25/25/25 50/50/50
f 51/51/51 29/29/29 31/31/31 52/52/52
f 40/40/40 35/35/35 53/53/53
f 52/52/52 31/31/31 33/33/33 53/53/53
f 50/50/50 25/25/25 27/27/27 51/51/51
f 33/33/33 40/40/40 53/53/53
f 51/51/51 27/27/27 29/29/29
f 41/41/41 36/36/36 33/33/33
f 40/40/40 33/33/33 36/36/36
f 33/33/33 34/34/34 41/41/41
f 74/74/74 57/57/57 58/58/58
f 75/75/75 74/74/74 58/58/58 59/59/59
f 76/76/76 75/75/75 59/59/59 60/60/60
f 77/77/77 76/76/76 60/60/60 61/61/61
f 78/78/78 77/77/77 61/61/61 62/62/62
f 79/79/79 78/78/78 62/62/62 63/63/63
f 80/80/80 79/79/79 63/63/63 64/64/64
f 81/81/81 80/80/80 64/64/64 65/65/65
f 82/82/82 81/81/81 65/65/65 66/66/66
f 83/83/83 82/82/82 66/66/66 67/67/67
f 84/84/84 83/83/83 67/67/67 68/68/68
f 85/85/85 84/84/84 68/68/68 69/69/69
f 86/86/86 85/85/85 69/69/69 70/70/70
f 87/87/87 86/86/86 70/70/70 71/71/71
f 88/88/88 87/87/87 71/71/71 72/72/72
f 90/90/90 73/73/73 74/74/74
f 91/91/91 90/90/90 74/74/74 75/75/75
f 92/92/92 91/91/91 75/75/75 76/76/76
f 93/93/93 92/92/92 76/76/76 77/77/77
f 94/94/94 93/93/93 77/77/77 78/78/78
f 95/95/95 94/94/94 78/78/78 79/79/79
f 96/96/96 95/95/95 79/79/79 80/80/80
f 97/97/97 96/96/96 80/80/80 81/81/81
f 98/98/98 97/97/97 81/81/81 82/82/82
f 99/99/99 98/98/98 82/82/82 83/83/83
f 100/100/100 99/99/99 83/83/83 84/84/84
f 101/101/101 100/100/100 84/84/84 85/85/85
f 102/102/102 101/101/101 85/85/85 86/86/86
f 103/103/103 102/102/102 86/86/86 87/87/87
f 104/104/104 103/103/103 87/87/87 88/88/88
f 106/106/106 89/89/89 90/90/90
f 107/107/107 106/106/106 90/90/90 91/91/91
f 108/108/108 107/107/107 91/91/91 92/92/92
f 109/109/109 108/108/108 92/92/92 93/93/93
f 110/110/110 109/109/109 93/93/93 94/94/94
f 111/111/111 110/110/110 94/94/94 95/95/95
f 112/112/112 111/111/111 95/95/95 96/96/96
f 113/113/113 112/112/112 96/96/96 97/97/97
f 114/114/114 113/113/113 97/97/97 98/98/98
f 115/115/115 114/114/114 98/98/98 99/99/99
f 116/116/116 115/115/115 99/99/99 100/100/100
f 117/117/117 116/116/116 100/100/100 101/101/101
f 118/118/118 117/117/117 101/101/101 102/102/102
f 119/119/119 118/118/118 102/102/102 103/103/103
f 120/120/120 119/119/119 103/103/103 104/104/104
f 122/122/122 105/105/105 106/106/106
f 123/123/123 122/122/122 106/106/106 107/107/107
f 124/124/124 123/123/123 107/107/107 108/108/108
f 125/125/125 124/124/124 108/108/108 109/109/109
f 126/126/126 125/125/125 109/109/109 110/110/110
f 127/127/127 126/126/126 110/110/110 111/111/111
f 128/128/128 127/127/127 111/111/111 112/112/112
f 129/129/129 128/128/128 112/112/112 113/113/113
f 130/130/130 129/129/129 113/113/113 114/114/114
f 131/131/131 130/130/130 114/114/114 115/115/115
f 132/132/132 131/131/131 115/115/115 116/116/116
f 133/133/133 132/132/132 116/116/116 117/117/117
f 134/134/134 133/133/133 117/117/117 118/118/118
f 135/135/135 134/134/134 118/118/118 119/119/119
f 136/136/136 135/135/135 119/119/119 120/120/120
f 138/138/138 121/121/121 122/122/122
f 139/139/139 138/138/138 122/122/122 123/123/123
f 140/140/140 139/139/139 123/123/123 124/124/124
f 141/141/141 140/140/140 124/124/124 125/125/125
f 142/142/142 141/141/141 125/125/125 126/126/126
f 143/143/143 142/142/142 126/126/126 127/127/127
f 144/144/144 143/143/143 127/127/127 128/128/128
f 145/145/145 144/144/144 128/128/128 129/129/129
f 146/146/146 145/145/145 129/129/129 130/130/130
f 147/147/147 146/146/146 130/130/130 131/131/131
f 148/148/148 147/147/147 131/131/131 132/132/132
f 149/149/149 148/148/148 132/132/132 133/133/133
f 150/150/150 149/149/149 133/133/133 134/134/134
f 151/151/151 150/150/150 134/134/134 135/135/135
f 152/152/152 151/151/151 135/135/135 136/136/136
f 154/154/154 137/137/137 138/138/138
f 155/155/155 154/154/154 138/138/138 139/139/139
f 156/156/156 155/155/155 139/139/139 140/140/140
f 157/157/157 156/156/156 140/140/140 141/141/141
f 158/158/158 157/157/157 141/141/141 142/142/142
f 159/159/159 158/158/158 142/142/142 143/143/143
f 160/160/160 159/159/159 143/143/143 144/144/144
f 161/161/161 160/160/160 144/144/144 145/145/145
f 162/162/162 161/161/161 145/145/145 146/146/146
f 163/163/163 162/162/162 146/146/146 147/147/147
f 164/164/164 163/163/163 147/147/147 148/148/148
f 165/165/165 164/164/164 148/148/148 149/149/149
f 166/166/166 165/165/165 149/149/149 150/150/150
f 167/167/167 166/166/166 150/150/150 151/151/151
f 168/168/168 167/167/167 151/151/151 152/152/152
f 170/170/170 153/153/153 154/154/154
f 171/171/171 170/170/170 154/154/154 155/155/155
f 172/172/172 171/171/171 155/155/155 156/156/156
f 173/173/173 172/172/172 156/156/156 157/157/157
f 174/174/174 173/173/173 157/157/157 158/158/158
f 175/175/175 174/174/174 158/158/158 159/159/159
f 176/176/176 175/175/175 159/159/159 160/160/160
f 177/177/177 176/176/176 160/160/160 161/161/161
f 178/178/178 177/177/177 161/161/161 162/162/162
f 179/179/179 178/178/178 162/162/162 163/163/163
f 180/180/180 179/179/179 163/163/163 164/164/164
f 181/181/181 180/180/180 164/164/164 165/165/165
f 182/182/182 181/181/181 165/165/165 166/166/166
f 183/183/183 182/182/182 166/166/166 167/167/167
f 184/184/184 183/183/183 167/167/167 168/168/168
f 186/186/186 169/169/169 170/170/170
f 187/187/187 186/186/186 170/170/170 171/171/171
f 188/188/188 187/187/187 171/171/171 172/172/172
f 189/189/189 188/188/188 172/172/172 173/173/173
f 190/190/190 189/189/189 173/173/173 174/174/174
f 191/191/191 190/190/190 174/174/174 175/175/175
f 192/192/192 191/191/191 175/175/175 176/176/176
f 193/193/193 192/192/192 176/176/176 177/177/177
f 194/194/194 193/193/193 177/177/177 178/178/178
f 195/195/195 194/194/194 178/178/178 179/179/179
f 196/196/196 195/195/195 179/179/179 180/180/180
f 197/197/197 196/196/196 180/180/180 181/181/181
f 198/198/198 197/197/197 181/181/181 182/182/182
f 199/199/199 198/198/198 182/182/182 183/183/183
f 200/200/200 199/199/199 183/183/183 184/184/184
f 202/202/202 185/185/185 186/186/186
f 203/203/203 202/202/202 186/186/186 187/187/187
f 204/204/204 203/203/203 187/187/187 188/188/188
f 205/205/205 204/204/204 188/188/188 189/189/189
f 206/206/206 205/205/205 189/189/189 190/190/190
f 207/207/207 206/206/206 190/190/190 191/191/191
f 208/208/208 207/207/207 191/191/191 192/192/192
f 209/209/209 208/208/208 192/192/192 193/193/193
f 210/210/210 209/209/209 193/193/193 194/194/194
f 211/211/211 210/210/210 194/194/194 195/195/195
f 212/212/212 211/211/211 195/195/195 196/196/196
f 213/213/213 212/212/212 196/196/196 197/197/197
f 214/214/214 213/213/213 197/197/197 198/198/198
f 215/215/215 214/214/214 198/198/198 199/199/199
f 216/216/216 215/215/215 199/199/199 200/200/200
f 218/218/218 201/201/201 202/202/202
f 219/219/219 218/218/218 202/202/202 203/203/203
f 220/220/220 219/219/219 203/203/203 204/204/204
f 221/221/221 220/220/220 204/204/204 205/205/205
f 222/222/222 221/221/221 205/205/205 206/206/206
f 223/223/223 222/222/222 206/206/206 207/207/207
f 224/224/224 223/223/223 207/207/207 208/208/208
f 225/225/225 224/224/224 208/208/208 209/209/209
f 226/226/226 225/225/225 209/209/209 210/210/210
f 227/227/227 226/226/226 210/210/210 211/211/211
f 228/228/228 227/227/227 211/211/211 212/212/212
f 229/229/229 228/228/228 212/212/212 213/213/213
f 230/230/230 229/229/229 213/213/213 214/214/214
f 231/231/231 230/230/230 214/214/214 215/215/215
f 232/232/232 231/231/231 215/215/215 216/216/216
f 234/234/234 217/217/217 218/218/218
f 235/235/235 234/234/234 218/218/218 219/219/219
f 236/236/236 235/235/235 219/219/219 220/220/220
f 237/237/237 236/236/236 220/220/220 221/221/221
f 238/238/238 237/237/237 221/221/221 222/222/222
f 239/239/239 238/238/238 222/222/222 223/223/223
f 240/240/240 239/239/239 223/223/223 224/224/224
f 241/241/241 240/240/240 224/224/224 225/225/225
f 242/242/242 241/241/241 225/225/225 226/226/226
f 243/243/243 242/242/242 226/226/226 227/227/227
f 244/244/244 243/243/243 227/227/227 228/228/228
f 245/245/245 244/244/244 228/228/228 229/229/229
f 246/246/246 245/245/245 229/229/229 230/230/230
f 247/247/247 246/246/246 230/230/230 231/231/231
f 248/248/248 247/247/247 231/231/231 232/232/232
f 250/250/250 233/233/233 234/234/234
f 251/251/251 250/250/250 234/234/234 235/235/235
f 252/252/252 251/251/251 235/235/235 236/236/236
f 253/253/253 252/252/252 236/236/236 237/237/237
f 254/254/254 253/253/253 237/237/237 238/238/238
f 255/255/255 254/254/254 238/238/238 239/239/239
f 256/256/256 255/255/255 239/239/239 240/240/240
f 257/257/257 256/256/256 240/240/240 241/241/241
f 258/258/258 257/257/257 241/241/241 242/242/242
f 259/259/259 258/258/258 242/242/242 243/243/243
f 260/260/260 259/259/259 243/243/243 244/244/244
f 261/261/261 260/260/260 244/244/244 245/245/245
f 262/262/262 261/261/261 245/245/245 246/246/246
f 263/263/263 262/262/262 246/246/246 247/247/247
f 264/264/264 263/263/263 247/247/247 248/248/248
f 266/266/266 249/249/249 250/250/250
f 267/267/267 266/266/266 250/250/250 251/251/251
f 268/268/268 267/267/267 251/251/251 252/252/252
f 269/269/269 268/268/268 252/252/252 253/253/253
f 270/270/270 269/269/269 253/253/253 254/254/254
f 271/271/271 270/270/270 254/254/254 255/255/255
f 272/272/272 271/271/271 255/255/255 256/256/256
f 273/273/273 272/272/272 256/256/256 257/257/257
f 274/274/274 273/273/273 257/257/257 258/258/258
f 275/275/275 274/274/274 258/258/258 259/259/259
f 276/276/276 275/275/275 259/259/259 260/260/260
f 277/277/277 276/276/276 260/260/260 261/261/261
f 278/278/278 277/277/277 261/261/261 262/262/262
f 279/279/279 278/278/278 262/262/262 263/263/263
f 280/280/280 279/279/279 263/263/263 264/264/264
f 282/282/282 265/265/265 266/266/266
f 283/283/283 282/282/282 266/266/266 267/267/267
f 284/284/284 283/283/283 267/267/267 268/268/268
f 285/285/285 284/284/284 268/268/268 269/269/269
f 286/286/286 285/285/285 269/269/269 270/270/270
f 287/287/287 286/286/286 270/270/270 271/271/271
f 288/288/288 287/287/287 271/271/271 272/272/272
f 289/289/289 288/288/288 272/272/272 273/273/273
f 290/290/290 289/289/289 273/273/273 274/274/274
f 291/291/291 290/290/290 274/274/274 275/275/275
f 292/292/292 291/291/291 275/275/275 276/276/276
f 293/293/293 292/292/292 276/276/276 277/277/277
f 294/294/294 293/293/293 277/277/277 278/278/278
f 295/295/295 294/294/294 278/278/278 279/279/279
f 296/296/296 295/295/295 279/279/279 280/280/280
f 335/335/335 58/58/58 57/57/57
f 334/334/334 59/59/59 58/58/58 335/335/335
f 60/60/60 333/333/333 332/332/332
f 61/61/61 332/332/332 331/331/331
f 333/333/333 60/60/60 59/59/59 334/334/334
f 62/62/62 330/330/330 329/329/329
f 328/328/328 63/63/63 62/62/62 329/329/329
f 55/55/55 65/65/65 64/64/64 327/327/327
f 326/326/326 66/66/66 65/65/65 55/55/55
f 327/327/327 64/64/64 63/63/63 328/328/328
f 330/330/330 61/61/61 331/331/331
f 61/61/61 330/330/330 62/62/62
f 60/60/60 332/332/332 61/61/61
f 324/324/324 68/68/68 67/67/67 325/325/325
f 66/66/66 326/326/326 325/325/325 67/67/67
f 69/69/69 323/323/323 322/322/322
f 69/69/69 322/322/322 321/321/321
f 70/70/70 321/321/321 320/320/320
f 68/68/68 323/323/323 69/69/69
f 69/69/69 321/321/321 70/70/70
f 68/68/68 324/324/324 323/323/323
f 318/318/318 72/72/72 71/71/71 319/319/319
f 351/351/351 318/318/318 56/56/56
f 350/350/350 88/88/88 72/72/72 351/351/351
f 72/72/72 318/318/318 351/351/351
f 70/70/70 320/320/320 319/319/319 71/71/71
f 88/88/88 350/350/350 349/349/349 104/104/104
f 104/104/104 349/349/349 348/348/348 120/120/120
f 136/136/136 347/347/347 346/346/346 152/152/152
f 152/152/152 346/346/346 345/345/345 168/168/168
f 120/120/120 348/348/348 347/347/347 136/136/136
f 344/344/344 184/184/184 168/168/168 345/345/345
f 282/282/282 299/299/299 297/297/297
f 283/283/283 300/300/300 299/299/299 282/282/282
f 285/285/285 303/303/303 302/302/302 284/284/284
f 284/284/284 301/301/301 300/300/300 283/283/283
f 286/286/286 305/305/305 304/304/304 285/285/285
f 287/287/287 306/306/306 305/305/305 286/286/286
f 288/288/288 307/307/307 306/306/306 287/287/287
f 290/290/290 309/309/309 308/308/308 289/289/289
f 292/292/292 311/311/311 310/310/310 291/291/291
f 291/291/291 310/310/310 309/309/309 290/290/290
f 289/289/289 308/308/308 307/307/307 288/288/288
f 285/285/285 304/304/304 303/303/303
f 284/284/284 302/302/302 301/301/301
f 312/312/312 311/311/311 292/292/292
f 184/184/184 343/343/343 342/342/342 200/200/200
f 200/200/200 342/342/342 341/341/341 216/216/216
f 232/232/232 340/340/340 339/339/339 248/248/248
f 248/248/248 339/339/339 338/338/338 264/264/264
f 216/216/216 341/341/341 340/340/340 232/232/232
f 337/337/337 280/280/280 264/264/264 338/338/338
f 344/344/344 343/343/343 184/184/184
f 294/294/294 315/315/315 314/314/314 293/293/293
f 312/312/312 293/293/293 313/313/313
f 293/293/293 314/314/314 313/313/313
f 315/315/315 294/294/294 295/295/295 316/316/316
f 280/280/280 337/337/337 336/336/336 296/296/296
f 296/296/296 317/317/317 316/316/316 295/295/295
f 296/296/296 336/336/336 317/317/317
f 317/317/317 336/336/336 298/298/298
f 293/293/293 312/312/312 292/292/292
f 358/358/358 357/357/357 354/354/354 355/355/355
f 359/359/359 358/358/358 355/355/355 356/356/356
f 361/361/361 360/360/360 357/357/357 358/358/358
f 362/362/362 361/361/361 358/358/358 359/359/359
f 364/364/364 363/363/363 360/360/360 361/361/361
f 365/365/365 364/364/364 361/361/361 362/362/362
f 367/367/367 366/366/366 363/363/363 364/364/364
f 368/368/368 367/367/367 364/364/364 365/365/365
f 370/370/370 369/369/369 366/366/366 367/367/367
f 371/371/371 370/370/370 367/367/367 368/368/368
f 373/373/373 372/372/372 369/369/369 370/370/370
f 374/374/374 373/373/373 370/370/370 371/371/371
f 376/376/376 375/375/375 372/372/372 373/373/373
f 377/377/377 376/376/376 373/373/373 374/374/374
f 380/380/380 379/379/379 375/375/375 376/376/376
f 381/381/381 380/380/380 376/376/376 377/377/377
f 383/383/383 382/382/382 379/379/379 380/380/380
f 384/384/384 383/383/383 380/380/380 381/381/381
f 386/386/386 385/385/385 382/382/382 383/383/383
f 387/387/387 386/386/386 383/383/383 384/384/384
f 389/389/389 388/388/388 385/385/385 386/386/386
f 390/390/390 389/389/389 386/386/386 387/387/387
f 392/392/392 391/391/391 388/388/388 389/389/389
f 393/393/393 392/392/392 389/389/389 390/390/390
f 395/395/395 394/394/394 391/391/391 392/392/392
f 396/396/396 395/395/395 392/392/392 393/393/393
f 398/398/398 397/397/397 394/394/394 395/395/395
f 399/399/399 398/398/398 395/395/395 396/396/396
f 415/415/415 416/416/416 352/352/352
f 417/417/417 357/357/357 360/360/360 418/418/418
f 416/416/416 354/354/354 357/357/357 417/417/417
f 354/354/354 415/415/415 414/414/414
f 416/416/416 415/415/415 354/354/354
f 413/413/413 354/354/354 414/414/414
f 418/418/418 360/360/360 363/363/363 419/419/419
f 419/419/419 363/363/363 366/366/366 420/420/420
f 421/421/421 369/369/369 372/372/372 422/422/422
f 422/422/422 372/372/372 375/375/375 423/423/423
f 420/420/420 366/366/366 369/369/369 421/421/421
f 375/375/375 424/424/424 423/423/423
f 412/412/412 354/354/354 413/413/413
f 410/410/410 356/356/356 355/355/355 411/411/411
f 412/412/412 411/411/411 355/355/355
f 354/354/354 412/412/412 355/355/355
f 443/443/443 409/409/409 353/353/353
f 356/356/356 443/443/443 442/442/442 359/359/359
f 409/409/409 443/443/443 356/356/356
f 356/356/356 410/410/410 409/409/409
f 441/441/441 365/365/365 362/362/362
f 368/368/368 440/440/440 439/439/439 371/371/371
f 371/371/371 439/439/439 438/438/438 374/374/374
f 440/440/440 368/368/368 365/365/365
f 441/441/441 362/362/362 359/359/359 442/442/442
f 440/440/440 365/365/365 441/441/441
f 378/378/378 377/377/377 374/374/374 438/438/438
f 379/379/379 425/425/425 424/424/424
f 426/426/426 382/382/382 385/385/385 427/427/427
f 427/427/427 385/385/385 388/388/388 428/428/428
f 425/425/425 379/379/379 382/382/382 426/426/426
f 391/391/391 429/429/429 428/428/428 388/388/388
f 429/429/429 391/391/391 394/394/394 430/430/430
f 402/402/402 400/400/400 431/431/431
f 430/430/430 394/394/394 397/397/397 431/431/431
f 431/431/431 397/397/397 402/402/402
f 397/397/397 404/404/404 403/403/403
f 397/397/397 405/405/405 404/404/404
f 397/397/397 403/403/403 402/402/402
f 398/398/398 405/405/405 397/397/397
f 377/377/377 378/378/378 437/437/437 381/381/381
f 384/384/384 436/436/436 435/435/435 387/387/387
f 435/435/435 390/390/390 387/387/387
f 381/381/381 437/437/437 436/436/436 384/384/384
f 390/390/390 435/435/435 434/434/434
f 434/434/434 393/393/393 390/390/390
f 393/393/393 434/434/434 433/433/433 396/396/396
f 406/406/406 398/398/398 399/399/399 407/407/407
f 405/405/405 398/398/398 406/406/406
f 432/432/432 399/399/399 396/396/396 433/433/433
f 432/432/432 401/401/401 408/408/408
f 407/407/407 399/399/399 408/408/408
f 399/399/399 432/432/432 408/408/408
f 424/424/424 375/375/375 379/379/379
f 450/450/450 447/447/447 449/449/449
f 452/452/452 449/449/449 451/451/451
f 454/454/454 451/451/451 453/453/453
f 456/456/456 453/453/453 455/455/455
f 458/458/458 455/455/455 457/457/457
f 460/460/460 457/457/457 459/459/459
f 463/463/463 459/459/459 462/462/462
f 465/465/465 462/462/462 464/464/464
f 467/467/467 464/464/464 466/466/466
f 469/469/469 466/466/466 468/468/468
f 471/471/471 468/468/468 470/470/470
f 473/473/473 470/470/470 472/472/472
f 475/475/475 472/472/472 474/474/474
f 477/477/477 474/474/474 476/476/476
f 482/482/482 444/444/444 485/485/485
f 445/445/445 482/482/482 447/447/447
f 482/482/482 485/485/485 447/447/447
f 485/485/485 486/486/486 449/449/449 447/447/447
f 486/486/486 487/487/487 451/451/451 449/449/449
f 488/488/488 489/489/489 457/457/457 455/455/455
f 489/489/489 490/490/490 459/459/459 457/457/457
f 487/487/487 488/488/488 453/453/453 451/451/451
f 490/490/490 461/461/461 462/462/462 459/459/459
f 447/447/447 448/448/448 481/481/481
f 445/445/445 447/447/447 481/481/481
f 455/455/455 453/453/453 488/488/488
f 466/466/466 464/464/464 491/491/491 492/492/492
f 464/464/464 462/462/462 461/461/461 491/491/491
f 492/492/492 493/493/493 468/468/468 466/466/466
f 494/494/494 495/495/495 474/474/474 472/472/472
f 483/483/483 496/496/496 478/478/478
f 495/495/495 496/496/496 476/476/476 474/474/474
f 493/493/493 494/494/494 470/470/470 468/468/468
f 476/476/476 496/496/496 483/483/483
f 494/494/494 472/472/472 470/470/470
f 484/484/484 476/476/476 479/479/479
f 483/483/483 479/479/479 476/476/476
f 476/476/476 484/484/484 477/477/477
f 517/517/517 501/501/501 500/500/500
f 518/518/518 502/502/502 501/501/501 517/517/517
f 519/519/519 503/503/503 502/502/502 518/518/518
f 520/520/520 504/504/504 503/503/503 519/519/519
f 521/521/521 505/505/505 504/504/504 520/520/520
f 522/522/522 506/506/506 505/505/505 521/521/521
f 523/523/523 507/507/507 506/506/506 522/522/522
f 524/524/524 508/508/508 507/507/507 523/523/523
f 525/525/525 509/509/509 508/508/508 524/524/524
f 526/526/526 510/510/510 509/509/509 525/525/525
f 527/527/527 511/511/511 510/510/510 526/526/526
f 528/528/528 512/512/512 511/511/511 527/527/527
f 529/529/529 513/513/513 512/512/512 528/528/528
f 530/530/530 514/514/514 513/513/513 529/529/529
f 531/531/531 515/515/515 514/514/514 530/530/530
f 533/533/533 517/517/517 516/516/516
f 534/534/534 518/518/518 517/517/517 533/533/533
f 535/535/535 519/519/519 518/518/518 534/534/534
f 536/536/536 520/520/520 519/519/519 535/535/535
f 537/537/537 521/521/521 520/520/520 536/536/536
f 538/538/538 522/522/522 521/521/521 537/537/537
f 539/539/539 523/523/523 522/522/522 538/538/538
f 540/540/540 524/524/524 523/523/523 539/539/539
f 541/541/541 525/525/525 524/524/524 540/540/540
f 542/542/542 526/526/526 525/525/525 541/541/541
f 543/543/543 527/527/527 526/526/526 542/542/542
f 544/544/544 528/528/528 527/527/527 543/543/543
f 545/545/545 529/529/529 528/528/528 544/544/544
f 546/546/546 530/530/530 529/529/529 545/545/545
f 547/547/547 531/531/531 530/530/530 546/546/546
f 549/549/549 533/533/533 532/532/532
f 550/550/550 534/534/534 533/533/533 549/549/549
f 551/551/551 535/535/535 534/534/534 550/550/550
f 552/552/552 536/536/536 535/535/535 551/551/551
f 553/553/553 537/537/537 536/536/536 552/552/552
f 554/554/554 538/538/538 537/537/537 553/553/553
f 555/555/555 539/539/539 538/538/538 554/554/554
f 556/556/556 540/540/540 539/539/539 555/555/555
f 557/557/557 541/541/541 540/540/540 556/556/556
f 558/558/558 542/542/542 541/541/541 557/557/557
f 559/559/559 543/543/543 542/542/542 558/558/558
f 560/560/560 544/544/544 543/543/543 559/559/559
f 561/561/561 545/545/545 544/544/544 560/560/560
f 562/562/562 546/546/546 545/545/545 561/561/561
f 563/563/563 547/547/547 546/546/546 562/562/562
f 565/565/565 549/549/549 548/548/548
f 566/566/566 550/550/550 549/549/549 565/565/565
f 567/567/567 551/551/551 550/550/550 566/566/566
f 568/568/568 552/552/552 551/551/551 567/567/567
f 569/569/569 553/553/553 552/552/552 568/568/568
f 570/570/570 554/554/554 553/553/553 569/569/569
f 571/571/571 555/555/555 554/554/554 570/570/570
f 572/572/572 556/556/556 555/555/555 571/571/571
f 573/573/573 557/557/557 556/556/556 572/572/572
f 574/574/574 558/558/558 557/557/557 573/573/573
f 575/575/575 559/559/559 558/558/558 574/574/574
f 576/576/576 560/560/560 559/559/559 575/575/575
f 577/577/577 561/561/561 560/560/560 576/576/576
f 578/578/578 562/562/562 561/561/561 577/577/577
f 579/579/579 563/563/563 562/562/562 578/578/578
f 581/581/581 565/565/565 564/564/564
f 582/582/582 566/566/566 565/565/565 581/581/581
f 583/583/583 567/567/567 566/566/566 582/582/582
f 584/584/584 568/568/568 567/567/567 583/583/583
f 585/585/585 569/569/569 568/568/568 584/584/584
f 586/586/586 570/570/570 569/569/569 585/585/585
f 587/587/587 571/571/571 570/570/570 586/586/586
f 588/588/588 572/572/572 571/571/571 587/587/587
f 589/589/589 573/573/573 572/572/572 588/588/588
f 590/590/590 574/574/574 573/573/573 589/589/589
f 591/591/591 575/575/575 574/574/574 590/590/590
f 592/592/592 576/576/576 575/575/575 591/591/591
f 593/593/593 577/577/577 576/576/576 592/592/592
f 594/594/594 578/578/578 577/577/577 593/593/593
f 595/595/595 579/579/579 578/578/578 594/594/594
f 597/597/597 581/581/581 580/580/580
f 598/598/598 582/582/582 581/581/581 597/597/597
f 599/599/599 583/583/583 582/582/582 598/598/598
f 600/600/600 584/584/584 583/583/583 599/599/599
f 601/601/601 585/585/585 584/584/584 600/600/600
f 602/602/602 586/586/586 585/585/585 601/601/601
f 603/603/603 587/587/587 586/586/586 602/602/602
f 604/604/604 588/588/588 587/587/587 603/603/603
f 605/605/605 589/589/589 588/588/588 604/604/604
f 606/606/606 590/590/590 589/589/589 605/605/605
f 607/607/607 591/591/591 590/590/590 606/606/606
f 608/608/608 592/592/592 591/591/591 607/607/607
f 609/609/609 593/593/593 592/592/592 608/608/608
f 610/610/610 594/594/594 593/593/593 609/609/609
f 611/611/611 595/595/595 594/594/594 610/610/610
f 613/613/613 597/597/597 596/596/596
f 614/614/614 598/598/598 597/597/597 613/613/613
f 615/615/615 599/599/599 598/598/598 614/614/614
f 616/616/616 600/600/600 599/599/599 615/615/615
f 617/617/617 601/601/601 600/600/600 616/616/616
f 618/618/618 602/602/602 601/601/601 617/617/617
f 619/619/619 603/603/603 602/602/602 618/618/618
f 620/620/620 604/604/604 603/603/603 619/619/619
f 621/621/621 605/605/605 604/604/604 620/620/620
f 622/622/622 606/606/606 605/605/605 621/621/621
f 623/623/623 607/607/607 606/606/606 622/622/622
f 624/624/624 608/608/608 607/607/607 623/623/623
f 625/625/625 609/609/609 608/608/608 624/624/624
f 626/626/626 610/610/610 609/609/609 625/625/625
f 627/627/627 611/611/611 610/610/610 626/626/626
f 629/629/629 613/613/613 612/612/612
f 630/630/630 614/614/614 613/613/613 629/629/629
f 631/631/631 615/615/615 614/614/614 630/630/630
f 632/632/632 616/616/616 615/615/615 631/631/631
f 633/633/633 617/617/617 616/616/616 632/632/632
f 634/634/634 618/618/618 617/617/617 633/633/633
f 635/635/635 619/619/619 618/618/618 634/634/634
f 636/636/636 620/620/620 619/619/619 635/635/635
f 637/637/637 621/621/621 620/620/620 636/636/636
f 638/638/638 622/622/622 621/621/621 637/637/637
f 639/639/639 623/623/623 622/622/622 638/638/638
f 640/640/640 624/624/624 623/623/623 639/639/639
f 641/641/641 625/625/625 624/624/624 640/640/640
f 642/642/642 626/626/626 625/625/625 641/641/641
f 643/643/643 627/627/627 626/626/626 642/642/642
f 645/645/645 629/629/629 628/628/628
f 646/646/646 630/630/630 629/629/629 645/645/645
f 647/647/647 631/631/631 630/630/630 646/646/646
f 648/648/648 632/632/632 631/631/631 647/647/647
f 649/649/649 633/633/633 632/632/632 648/648/648
f 650/650/650 634/634/634 633/633/633 649/649/649
f 651/651/651 635/635/635 634/634/634 650/650/650
f 652/652/652 636/636/636 635/635/635 651/651/651
f 653/653/653 637/637/637 636/636/636 652/652/652
f 654/654/654 638/638/638 637/637/637 653/653/653
f 655/655/655 639/639/639 638/638/638 654/654/654
f 656/656/656 640/640/640 639/639/639 655/655/655
f 657/657/657 641/641/641 640/640/640 656/656/656
f 658/658/658 642/642/642 641/641/641 657/657/657
f 659/659/659 643/643/643 642/642/642 658/658/658
f 661/661/661 645/645/645 644/644/644
f 662/662/662 646/646/646 645/645/645 661/661/661
f 663/663/663 647/647/647 646/646/646 662/662/662
f 664/664/664 648/648/648 647/647/647 663/663/663
f 665/665/665 649/649/649 648/648/648 664/664/664
f 666/666/666 650/650/650 649/649/649 665/665/665
f 667/667/667 651/651/651 650/650/650 666/666/666
f 668/668/668 652/652/652 651/651/651 667/667/667
f 669/669/669 653/653/653 652/652/652 668/668/668
f 670/670/670 654/654/654 653/653/653 669/669/669
f 671/671/671 655/655/655 654/654/654 670/670/670
f 672/672/672 656/656/656 655/655/655 671/671/671
f 673/673/673 657/657/657 656/656/656 672/672/672
f 674/674/674 658/658/658 657/657/657 673/673/673
f 675/675/675 659/659/659 658/658/658 674/674/674
f 677/677/677 661/661/661 660/660/660
f 678/678/678 662/662/662 661/661/661 677/677/677
f 679/679/679 663/663/663 662/662/662 678/678/678
f 680/680/680 664/664/664 663/663/663 679/679/679
f 681/681/681 665/665/665 664/664/664 680/680/680
f 682/682/682 666/666/666 665/665/665 681/681/681
f 683/683/683 667/667/667 666/666/666 682/682/682
f 684/684/684 668/668/668 667/667/667 683/683/683
f 685/685/685 669/669/669 668/668/668 684/684/684
f 686/686/686 670/670/670 669/669/669 685/685/685
f 687/687/687 671/671/671 670/670/670 686/686/686
f 688/688/688 672/672/672 671/671/671 687/687/687
f 689/689/689 673/673/673 672/672/672 688/688/688
f 690/690/690 674/674/674 673/673/673 689/689/689
f 691/691/691 675/675/675 674/674/674 690/690/690
f 693/693/693 677/677/677 676/676/676
f 694/694/694 678/678/678 677/677/677 693/693/693
f 695/695/695 679/679/679 678/678/678 694/694/694
f 696/696/696 680/680/680 679/679/679 695/695/695
f 697/697/697 681/681/681 680/680/680 696/696/696
f 698/698/698 682/682/682 681/681/681 697/697/697
f 699/699/699 683/683/683 682/682/682 698/698/698
f 700/700/700 684/684/684 683/683/683 699/699/699
f 701/701/701 685/685/685 684/684/684 700/700/700
f 702/702/702 686/686/686 685/685/685 701/701/701
f 703/703/703 687/687/687 686/686/686 702/702/702
f 704/704/704 688/688/688 687/687/687 703/703/703
f 705/705/705 689/689/689 688/688/688 704/704/704
f 706/706/706 690/690/690 689/689/689 705/705/705
f 707/707/707 691/691/691 690/690/690 706/706/706
f 709/709/709 693/693/693 692/692/692
f 710/710/710 694/694/694 693/693/693 709/709/709
f 711/711/711 695/695/695 694/694/694 710/710/710
f 712/712/712 696/696/696 695/695/695 711/711/711
f 713/713/713 697/697/697 696/696/696 712/712/712
f 714/714/714 698/698/698 697/697/697 713/713/713
f 715/715/715 699/699/699 698/698/698 714/714/714
f 716/716/716 700/700/700 699/699/699 715/715/715
f 717/717/717 701/701/701 700/700/700 716/716/716
f 718/718/718 702/702/702 701/701/701 717/717/717
f 719/719/719 703/703/703 702/702/702 718/718/718
f 720/720/720 704/704/704 703/703/703 719/719/719
f 721/721/721 705/705/705 704/704/704 720/720/720
f 722/722/722 706/706/706 705/705/705 721/721/721
f 723/723/723 707/707/707 706/706/706 722/722/722
f 725/725/725 709/709/709 708/708/708
f 726/726/726 710/710/710 709/709/709 725/725/725
f 727/727/727 711/711/711 710/710/710 726/726/726
f 728/728/728 712/712/712 711/711/711 727/727/727
f 729/729/729 713/713/713 712/712/712 728/728/728
f 730/730/730 714/714/714 713/713/713 729/729/729
f 731/731/731 715/715/715 714/714/714 730/730/730
f 732/732/732 716/716/716 715/715/715 731/731/731
f 733/733/733 717/717/717 716/716/716 732/732/732
f 734/734/734 718/718/718 717/717/717 733/733/733
f 735/735/735 719/719/719 718/718/718 734/734/734
f 736/736/736 720/720/720 719/719/719 735/735/735
f 737/737/737 721/721/721 720/720/720 736/736/736
f 738/738/738 722/722/722 721/721/721 737/737/737
f 739/739/739 723/723/723 722/722/722 738/738/738
f 778/778/778 500/500/500 501/501/501
f 777/777/777 778/778/778 501/501/501 502/502/502
f 503/503/503 775/775/775 776/776/776
f 504/504/504 774/774/774 775/775/775
f 776/776/776 777/777/777 502/502/502 503/503/503
f 505/505/505 772/772/772 773/773/773
f 771/771/771 772/772/772 505/505/505 506/506/506
f 498/498/498 770/770/770 507/507/507 508/508/508
f 769/769/769 498/498/498 508/508/508 509/509/509
f 770/770/770 771/771/771 506/506/506 507/507/507
f 773/773/773 774/774/774 504/504/504
f 504/504/504 505/505/505 773/773/773
f 503/503/503 504/504/504 775/775/775
f 767/767/767 768/768/768 510/510/510 511/511/511
f 509/509/509 510/510/510 768/768/768 769/769/769
f 512/512/512 765/765/765 766/766/766
f 512/512/512 764/764/764 765/765/765
f 513/513/513 763/763/763 764/764/764
f 511/511/511 512/512/512 766/766/766
f 512/512/512 513/513/513 764/764/764
f 511/511/511 766/766/766 767/767/767
f 761/761/761 762/762/762 514/514/514 515/515/515
f 794/794/794 499/499/499 761/761/761
f 793/793/793 794/794/794 515/515/515 531/531/531
f 515/515/515 794/794/794 761/761/761
f 513/513/513 514/514/514 762/762/762 763/763/763
f 531/531/531 547/547/547 792/792/792 793/793/793
f 547/547/547 563/563/563 791/791/791 792/792/792
f 579/579/579 595/595/595 789/789/789 790/790/790
f 595/595/595 611/611/611 788/788/788 789/789/789
f 563/563/563 579/579/579 790/790/790 791/791/791
f 787/787/787 788/788/788 611/611/611 627/627/627
f 725/725/725 740/740/740 742/742/742
f 726/726/726 725/725/725 742/742/742 743/743/743
f 728/728/728 727/727/727 745/745/745 746/746/746
f 727/727/727 726/726/726 743/743/743 744/744/744
f 729/729/729 728/728/728 747/747/747 748/748/748
f 730/730/730 729/729/729 748/748/748 749/749/749
f 731/731/731 730/730/730 749/749/749 750/750/750
f 733/733/733 732/732/732 751/751/751 752/752/752
f 735/735/735 734/734/734 753/753/753 754/754/754
f 734/734/734 733/733/733 752/752/752 753/753/753
f 732/732/732 731/731/731 750/750/750 751/751/751
f 728/728/728 746/746/746 747/747/747
f 727/727/727 744/744/744 745/745/745
f 755/755/755 735/735/735 754/754/754
f 627/627/627 643/643/643 785/785/785 786/786/786
f 643/643/643 659/659/659 784/784/784 785/785/785
f 675/675/675 691/691/691 782/782/782 783/783/783
f 691/691/691 707/707/707 781/781/781 782/782/782
f 659/659/659 675/675/675 783/783/783 784/784/784
f 780/780/780 781/781/781 707/707/707 723/723/723
f 787/787/787 627/627/627 786/786/786
f 737/737/737 736/736/736 757/757/757 758/758/758
f 755/755/755 756/756/756 736/736/736
f 736/736/736 756/756/756 757/757/757
f 758/758/758 759/759/759 738/738/738 737/737/737
f 723/723/723 739/739/739 779/779/779 780/780/780
f 739/739/739 738/738/738 759/759/759 760/760/760
f 739/739/739 760/760/760 779/779/779
f 760/760/760 741/741/741 779/779/779
f 736/736/736 735/735/735 755/755/755
f 801/801/801 798/798/798 797/797/797 800/800/800
f 802/802/802 799/799/799 798/798/798 801/801/801
f 804/804/804 801/801/801 800/800/800 803/803/803
f 805/805/805 802/802/802 801/801/801 804/804/804
f 807/807/807 804/804/804 803/803/803 806/806/806
f 808/808/808 805/805/805 804/804/804 807/807/807
f 810/810/810 807/807/807 806/806/806 809/809/809
f 811/811/811 808/808/808 807/807/807 810/810/810
f 813/813/813 810/810/810 809/809/809 812/812/812
f 814/814/814 811/811/811 810/810/810 813/813/813
f 816/816/816 813/813/813 812/812/812 815/815/815
f 817/817/817 814/814/814 813/813/813 816/816/816
f 819/819/819 816/816/816 815/815/815 818/818/818
f 820/820/820 817/817/817 816/816/816 819/819/819
f 823/823/823 819/819/819 818/818/818 822/822/822
f 824/824/824 820/820/820 819/819/819 823/823/823
f 826/826/826 823/823/823 822/822/822 825/825/825
f 827/827/827 824/824/824 823/823/823 826/826/826
f 829/829/829 826/826/826 825/825/825 828/828/828
f 830/830/830 827/827/827 826/826/826 829/829/829
f 832/832/832 829/829/829 828/828/828 831/831/831
f 833/833/833 830/830/830 829/829/829 832/832/832
f 835/835/835 832/832/832 831/831/831 834/834/834
f 836/836/836 833/833/833 832/832/832 835/835/835
f 838/838/838 835/835/835 834/834/834 837/837/837
f 839/839/839 836/836/836 835/835/835 838/838/838
f 841/841/841 838/838/838 837/837/837 840/840/840
f 842/842/842 839/839/839 838/838/838 841/841/841
f 858/858/858 795/795/795 859/859/859
f 860/860/860 861/861/861 803/803/803 800/800/800
f 859/859/859 860/860/860 800/800/800 797/797/797
f 797/797/797 857/857/857 858/858/858
f 859/859/859 797/797/797 858/858/858
f 856/856/856 857/857/857 797/797/797
f 861/861/861 862/862/862 806/806/806 803/803/803
f 862/862/862 863/863/863 809/809/809 806/806/806
f 864/864/864 865/865/865 815/815/815 812/812/812
f 865/865/865 866/866/866 818/818/818 815/815/815
f 863/863/863 864/864/864 812/812/812 809/809/809
f 818/818/818 866/866/866 867/867/867
f 855/855/855 856/856/856 797/797/797
f 853/853/853 854/854/854 798/798/798 799/799/799
f 855/855/855 798/798/798 854/854/854
f 797/797/797 798/798/798 855/855/855
f 886/886/886 796/796/796 852/852/852
f 799/799/799 802/802/802 885/885/885 886/886/886
f 852/852/852 799/799/799 886/886/886
f 799/799/799 852/852/852 853/853/853
f 884/884/884 805/805/805 808/808/808
f 811/811/811 814/814/814 882/882/882 883/883/883
f 814/814/814 817/817/817 881/881/881 882/882/882
f 883/883/883 808/808/808 811/811/811
f 884/884/884 885/885/885 802/802/802 805/805/805
f 883/883/883 884/884/884 808/808/808
f 821/821/821 881/881/881 817/817/817 820/820/820
f 822/822/822 867/867/867 868/868/868
f 869/869/869 870/870/870 828/828/828 825/825/825
f 870/870/870 871/871/871 831/831/831 828/828/828
f 868/868/868 869/869/869 825/825/825 822/822/822
f 834/834/834 831/831/831 871/871/871 872/872/872
f 872/872/872 873/873/873 837/837/837 834/834/834
f 845/845/845 874/874/874 843/843/843
f 873/873/873 874/874/874 840/840/840 837/837/837
f 874/874/874 845/845/845 840/840/840
f 840/840/840 846/846/846 847/847/847
f 840/840/840 847/847/847 848/848/848
f 840/840/840 845/845/845 846/846/846
f 841/841/841 840/840/840 848/848/848
f 820/820/820 824/824/824 880/880/880 821/821/821
f 827/827/827 830/830/830 878/878/878 879/879/879
f 878/878/878 830/830/830 833/833/833
f 824/824/824 827/827/827 879/879/879 880/880/880
f 833/833/833 877/877/877 878/878/878
f 877/877/877 833/833/833 836/836/836
f 836/836/836 839/839/839 876/876/876 877/877/877
f 849/849/849 850/850/850 842/842/842 841/841/841
f 848/848/848 849/849/849 841/841/841
f 875/875/875 876/876/876 839/839/839 842/842/842
f 875/875/875 851/851/851 844/844/844
f 850/850/850 851/851/851 842/842/842
f 842/842/842 851/851/851 875/875/875
f 867/867/867 822/822/822 818/818/818
