# Rhino

mtllib PCaja_06.mtl
usemtl Default
v 122 259 121
v 122 259 -121
v 121.97953033447266 258.7987060546875 121
v 121.97953033447266 258.7987060546875 -121
v 121.91896057128906 258.60565185546875 121
v 121.91896057128906 258.60565185546875 -121
v 121.82076263427734 258.42874145507812 121
v 121.82076263427734 258.42874145507812 -121
v 121.68896484375 258.27520751953125 121
v 121.68896484375 258.27520751953125 -121
v 121.52896118164062 258.1513671875 121
v 121.52896118164062 258.1513671875 -121
v 121.34730529785156 258.062255859375 121
v 121.34730529785156 258.062255859375 -121
v 121.15142822265625 258.01153564453125 121
v 121.15142822265625 258.01153564453125 -121
v 120.94934844970703 258.00128173828125 121
v 120.94934844970703 258.00128173828125 -121
v 120.74934387207031 258.03192138671875 121
v 120.74934387207031 258.03192138671875 -121
v 120.55960845947266 258.10220336914062 121
v 120.55960845947266 258.10220336914062 -121
v 120.38789367675781 258.209228515625 121
v 120.38789367675781 258.209228515625 -121
v 120.24124145507812 258.3486328125 121
v 120.24124145507812 258.3486328125 -121
v 120.12565612792969 258.51470947265625 121
v 120.12565612792969 258.51470947265625 -121
v 120.04586029052734 258.70062255859375 121
v 120.04586029052734 258.70062255859375 -121
v 120.005126953125 258.89883422851562 121
v 120.005126953125 258.89883422851562 -121
v 120.005126953125 259.10116577148438 121
v 120.005126953125 259.10116577148438 -121
v 120.04586029052734 259.29937744140625 121
v 120.04586029052734 259.29937744140625 -121
v 120.12565612792969 259.48529052734375 121
v 120.12565612792969 259.48529052734375 -121
v 120.24124145507812 259.6513671875 121
v 120.24124145507812 259.6513671875 -121
v 120.38789367675781 259.790771484375 121
v 120.38789367675781 259.790771484375 -121
v 120.55960845947266 259.89779663085938 121
v 120.55960845947266 259.89779663085938 -121
v 120.74934387207031 259.96807861328125 121
v 120.74934387207031 259.96807861328125 -121
v 120.94934844970703 259.99871826171875 121
v 120.94934844970703 259.99871826171875 -121
v 121.15142822265625 259.98846435546875 121
v 121.15142822265625 259.98846435546875 -121
v 121.34730529785156 259.937744140625 121
v 121.34730529785156 259.937744140625 -121
v 121.52896118164062 259.8486328125 121
v 121.52896118164062 259.8486328125 -121
v 121.68896484375 259.72479248046875 121
v 121.68896484375 259.72479248046875 -121
v 121.82076263427734 259.57125854492188 121
v 121.82076263427734 259.57125854492188 -121
v 121.91896057128906 259.39434814453125 121
v 121.91896057128906 259.39434814453125 -121
v 121.97953033447266 259.2012939453125 121
v 121.97953033447266 259.2012939453125 -121
v 122 259 121
v 122 259 -121
v 122 259 121
v 121.97953033447266 258.7987060546875 121
v 121.91896057128906 258.60565185546875 121
v 121.82076263427734 258.42874145507812 121
v 121.68896484375 258.27520751953125 121
v 121.52896118164062 258.1513671875 121
v 121.34730529785156 258.062255859375 121
v 121.15142822265625 258.01153564453125 121
v 120.94934844970703 258.00128173828125 121
v 120.74934387207031 258.03192138671875 121
v 120.55960845947266 258.10220336914062 121
v 120.38789367675781 258.209228515625 121
v 120.24124145507812 258.3486328125 121
v 120.12565612792969 258.51470947265625 121
v 120.04586029052734 258.70062255859375 121
v 120.005126953125 258.89883422851562 121
v 120.005126953125 259.10116577148438 121
v 120.04586029052734 259.29937744140625 121
v 120.12565612792969 259.48529052734375 121
v 120.24124145507812 259.6513671875 121
v 120.38789367675781 259.790771484375 121
v 120.55960845947266 259.89779663085938 121
v 120.74934387207031 259.96807861328125 121
v 120.94934844970703 259.99871826171875 121
v 121.15142822265625 259.98846435546875 121
v 121.34730529785156 259.937744140625 121
v 121.52896118164062 259.8486328125 121
v 121.68896484375 259.72479248046875 121
v 121.82076263427734 259.57125854492188 121
v 121.91896057128906 259.39434814453125 121
v 121.97953033447266 259.2012939453125 121
v 122 259 -121
v 121.97953033447266 258.7987060546875 -121
v 121.91896057128906 258.60565185546875 -121
v 121.82076263427734 258.42874145507812 -121
v 121.68896484375 258.27520751953125 -121
v 121.52896118164062 258.1513671875 -121
v 121.34730529785156 258.062255859375 -121
v 121.15142822265625 258.01153564453125 -121
v 120.94934844970703 258.00128173828125 -121
v 120.74934387207031 258.03192138671875 -121
v 120.55960845947266 258.10220336914062 -121
v 120.38789367675781 258.209228515625 -121
v 120.24124145507812 258.3486328125 -121
v 120.12565612792969 258.51470947265625 -121
v 120.04586029052734 258.70062255859375 -121
v 120.005126953125 258.89883422851562 -121
v 120.005126953125 259.10116577148438 -121
v 120.04586029052734 259.29937744140625 -121
v 120.12565612792969 259.48529052734375 -121
v 120.24124145507812 259.6513671875 -121
v 120.38789367675781 259.790771484375 -121
v 120.55960845947266 259.89779663085938 -121
v 120.74934387207031 259.96807861328125 -121
v 120.94934844970703 259.99871826171875 -121
v 121.15142822265625 259.98846435546875 -121
v 121.34730529785156 259.937744140625 -121
v 121.52896118164062 259.8486328125 -121
v 121.68896484375 259.72479248046875 -121
v 121.82076263427734 259.57125854492188 -121
v 121.91896057128906 259.39434814453125 -121
v 121.97953033447266 259.2012939453125 -121
vt 0 0
vt 0 1
vt 0.025987382978200912 0
vt 0.025987382978200912 1
vt 0.051974765956401825 0
vt 0.051974765956401825 1
vt 0.077962145209312439 0
vt 0.077962145209312439 1
vt 0.10394953191280365 0
vt 0.10394953191280365 1
vt 0.12993690371513367 0
vt 0.12993690371513367 1
vt 0.15592429041862488 0
vt 0.15592429041862488 1
vt 0.18191167712211609 0
vt 0.18191167712211609 1
vt 0.2078990638256073 0
vt 0.2078990638256073 1
vt 0.23388643562793732 0
vt 0.23388643562793732 1
vt 0.25987380743026733 0
vt 0.25987380743026733 1
vt 0.28586119413375854 0
vt 0.28586119413375854 1
vt 0.31184858083724976 0
vt 0.31184858083724976 1
vt 0.33783596754074097 0
vt 0.33783596754074097 1
vt 0.36382335424423218 0
vt 0.36382335424423218 1
vt 0.38981074094772339 0
vt 0.38981074094772339 1
vt 0.4157981276512146 0
vt 0.4157981276512146 1
vt 0.44178548455238342 0
vt 0.44178548455238342 1
vt 0.46777287125587463 0
vt 0.46777287125587463 1
vt 0.49376025795936584 0
vt 0.49376025795936584 1
vt 0.51974761486053467 0
vt 0.51974761486053467 1
vt 0.54573500156402588 0
vt 0.54573500156402588 1
vt 0.57172238826751709 0
vt 0.57172238826751709 1
vt 0.5977097749710083 0
vt 0.5977097749710083 1
vt 0.62369716167449951 0
vt 0.62369716167449951 1
vt 0.64968454837799072 0
vt 0.64968454837799072 1
vt 0.67567193508148193 0
vt 0.67567193508148193 1
vt 0.70165932178497314 0
vt 0.70165932178497314 1
vt 0.72764670848846436 0
vt 0.72764670848846436 1
vt 0.75363409519195557 0
vt 0.75363409519195557 1
vt 0.77962148189544678 0
vt 0.77962148189544678 1
vt 0.80560886859893799 0
vt 0.80560886859893799 1
vt 1 0.0041269278153777122
vt 0.99800527095794678 0.0032951156608760357
vt 0.99210280179977417 0.0024973580148071051
vt 0.98253428936004639 0.0017663153121247888
vt 0.96969133615493774 0.0011319161858409643
vt 0.95409983396530151 0.00062013324350118637
vt 0.93639808893203735 0.00025191891472786665
vt 0.91731077432632446 4.2347863200120628E-05
vt 0.89761930704116821 0
vt 0.87812995910644531 0.00012660904030781239
vt 0.85964059829711914 0.00041699159191921353
vt 0.84290808439254761 0.00085925939492881298
vt 0.82861751317977905 0.0014353059232234955
vt 0.81735402345657349 0.0021215477026998997
vt 0.80957859754562378 0.0028898899909108877
vt 0.80560964345932007 0.0037088769022375345
vt 0.80560964345932007 0.0045449784956872463
vt 0.80957859754562378 0.0053639654070138931
vt 0.81735402345657349 0.0061323079280555248
vt 0.82861751317977905 0.006818549707531929
vt 0.84290808439254761 0.0073945960029959679
vt 0.85964059829711914 0.0078368633985519409
vt 0.87812995910644531 0.0081272460520267487
vt 0.89761930704116821 0.0082538556307554245
vt 0.91731077432632446 0.0082115074619650841
vt 0.93639808893203735 0.008001936599612236
vt 0.95409983396530151 0.0076337223872542381
vt 0.96969133615493774 0.0071219392120838165
vt 0.98253428936004639 0.0064875399693846703
vt 0.99210280179977417 0.0057564973831176758
vt 0.99800527095794678 0.0049587399698793888
vt 1 0.0041269278153777122
vt 0.99800527095794678 0.0049587399698793888
vt 0.99210280179977417 0.0057564973831176758
vt 0.98253428936004639 0.0064875399693846703
vt 0.96969133615493774 0.0071219392120838165
vt 0.95409983396530151 0.0076337223872542381
vt 0.93639808893203735 0.008001936599612236
vt 0.91731077432632446 0.0082115074619650841
vt 0.89761930704116821 0.0082538556307554245
vt 0.87812995910644531 0.0081272460520267487
vt 0.85964059829711914 0.0078368633985519409
vt 0.84290808439254761 0.0073945960029959679
vt 0.82861751317977905 0.006818549707531929
vt 0.81735402345657349 0.0061323079280555248
vt 0.80957859754562378 0.0053639654070138931
vt 0.80560964345932007 0.0045449784956872463
vt 0.80560964345932007 0.0037088769022375345
vt 0.80957859754562378 0.0028898899909108877
vt 0.81735402345657349 0.0021215477026998997
vt 0.82861751317977905 0.0014353059232234955
vt 0.84290808439254761 0.00085925939492881298
vt 0.85964059829711914 0.00041699159191921353
vt 0.87812995910644531 0.00012660904030781239
vt 0.89761930704116821 0
vt 0.91731077432632446 4.2347863200120628E-05
vt 0.93639808893203735 0.00025191891472786665
vt 0.95409983396530151 0.00062013324350118637
vt 0.96969133615493774 0.0011319161858409643
vt 0.98253428936004639 0.0017663153121247888
vt 0.99210280179977417 0.0024973580148071051
vt 0.99800527095794678 0.0032951156608760357
vn 1 0 0
vn 1 0 0
vn 0.97952991724014282 -0.20129851996898651 0
vn 0.97952991724014282 -0.20129851996898651 0
vn 0.91895782947540283 -0.39435586333274841 0
vn 0.91895782947540283 -0.39435586333274841 0
vn 0.82076346874237061 -0.57126820087432861 0
vn 0.82076346874237061 -0.57126820087432861 0
vn 0.68896692991256714 -0.72479277849197388 0
vn 0.68896692991256714 -0.72479277849197388 0
vn 0.52896398305892944 -0.84864425659179688 0
vn 0.52896398305892944 -0.84864425659179688 0
vn 0.34730523824691772 -0.9377521276473999 0
vn 0.34730523824691772 -0.9377521276473999 0
vn 0.15142777562141418 -0.98846834897994995 0
vn 0.15142777562141418 -0.98846834897994995 0
vn -0.050649169832468033 -0.99871653318405151 0
vn -0.050649169832468033 -0.99871653318405151 0
vn -0.25065252184867859 -0.96807712316513062 0
vn -0.25065252184867859 -0.96807712316513062 0
vn -0.44039416313171387 -0.89780455827713013 0
vn -0.44039416313171387 -0.89780455827713013 0
vn -0.61210596561431885 -0.79077571630477905 0
vn -0.61210596561431885 -0.79077571630477905 0
vn -0.75875812768936157 -0.65137249231338501 0
vn -0.75875812768936157 -0.65137249231338501 0
vn -0.87434661388397217 -0.48530197143554688 0
vn -0.87434661388397217 -0.48530197143554688 0
vn -0.95413923263549805 -0.29936313629150391 0
vn -0.95413923263549805 -0.29936313629150391 0
vn -0.99486935138702393 -0.10116831958293915 0
vn -0.99486935138702393 -0.10116831958293915 0
vn -0.99486935138702393 0.10116831958293915 0
vn -0.99486935138702393 0.10116831958293915 0
vn -0.95413923263549805 0.29936313629150391 0
vn -0.95413923263549805 0.29936313629150391 0
vn -0.87434661388397217 0.48530197143554688 0
vn -0.87434661388397217 0.48530197143554688 0
vn -0.75875812768936157 0.65137249231338501 0
vn -0.75875812768936157 0.65137249231338501 0
vn -0.61210596561431885 0.79077571630477905 0
vn -0.61210596561431885 0.79077571630477905 0
vn -0.44039416313171387 0.89780455827713013 0
vn -0.44039416313171387 0.89780455827713013 0
vn -0.25065252184867859 0.96807712316513062 0
vn -0.25065252184867859 0.96807712316513062 0
vn -0.050649169832468033 0.99871653318405151 0
vn -0.050649169832468033 0.99871653318405151 0
vn 0.15142777562141418 0.98846834897994995 0
vn 0.15142777562141418 0.98846834897994995 0
vn 0.34730523824691772 0.9377521276473999 0
vn 0.34730523824691772 0.9377521276473999 0
vn 0.52896398305892944 0.84864425659179688 0
vn 0.52896398305892944 0.84864425659179688 0
vn 0.68896692991256714 0.72479277849197388 0
vn 0.68896692991256714 0.72479277849197388 0
vn 0.82076346874237061 0.57126820087432861 0
vn 0.82076346874237061 0.57126820087432861 0
vn 0.91895782947540283 0.39435586333274841 0
vn 0.91895782947540283 0.39435586333274841 0
vn 0.97952991724014282 0.20129851996898651 0
vn 0.97952991724014282 0.20129851996898651 0
vn 1 0 0
vn 1 0 0
vn 0 0 1
vn 0 0 1
vn 0 0 1
vn 0 0 1
vn 0 0 1
vn 0 0 1
vn 0 0 1
vn 0 0 1
vn 0 0 1
vn 0 0 1
vn 0 0 1
vn 0 0 1
vn 0 0 1
vn 0 0 1
vn 0 0 1
vn 0 0 1
vn 0 0 1
vn 0 0 1
vn 0 0 1
vn 0 0 1
vn 0 0 1
vn 0 0 1
vn 0 0 1
vn 0 0 1
vn 0 0 1
vn 0 0 1
vn 0 0 1
vn 0 0 1
vn 0 0 1
vn 0 0 1
vn 0 0 1
vn 0 0 -1
vn 0 0 -1
vn 0 0 -1
vn 0 0 -1
vn 0 0 -1
vn 0 0 -1
vn 0 0 -1
vn 0 0 -1
vn 0 0 -1
vn 0 0 -1
vn 0 0 -1
vn 0 0 -1
vn 0 0 -1
vn 0 0 -1
vn 0 0 -1
vn 0 0 -1
vn 0 0 -1
vn 0 0 -1
vn 0 0 -1
vn 0 0 -1
vn 0 0 -1
vn 0 0 -1
vn 0 0 -1
vn 0 0 -1
vn 0 0 -1
vn 0 0 -1
vn 0 0 -1
vn 0 0 -1
vn 0 0 -1
vn 0 0 -1
vn 0 0 -1
f 1/1/1 3/3/3 4/4/4 2/2/2
f 3/3/3 5/5/5 6/6/6 4/4/4
f 5/5/5 7/7/7 8/8/8 6/6/6
f 7/7/7 9/9/9 10/10/10 8/8/8
f 9/9/9 11/11/11 12/12/12 10/10/10
f 11/11/11 13/13/13 14/14/14 12/12/12
f 13/13/13 15/15/15 16/16/16 14/14/14
f 15/15/15 17/17/17 18/18/18 16/16/16
f 17/17/17 19/19/19 20/20/20 18/18/18
f 19/19/19 21/21/21 22/22/22 20/20/20
f 21/21/21 23/23/23 24/24/24 22/22/22
f 23/23/23 25/25/25 26/26/26 24/24/24
f 25/25/25 27/27/27 28/28/28 26/26/26
f 27/27/27 29/29/29 30/30/30 28/28/28
f 29/29/29 31/31/31 32/32/32 30/30/30
f 31/31/31 33/33/33 34/34/34 32/32/32
f 33/33/33 35/35/35 36/36/36 34/34/34
f 35/35/35 37/37/37 38/38/38 36/36/36
f 37/37/37 39/39/39 40/40/40 38/38/38
f 39/39/39 41/41/41 42/42/42 40/40/40
f 41/41/41 43/43/43 44/44/44 42/42/42
f 43/43/43 45/45/45 46/46/46 44/44/44
f 45/45/45 47/47/47 48/48/48 46/46/46
f 47/47/47 49/49/49 50/50/50 48/48/48
f 49/49/49 51/51/51 52/52/52 50/50/50
f 51/51/51 53/53/53 54/54/54 52/52/52
f 53/53/53 55/55/55 56/56/56 54/54/54
f 55/55/55 57/57/57 58/58/58 56/56/56
f 57/57/57 59/59/59 60/60/60 58/58/58
f 59/59/59 61/61/61 62/62/62 60/60/60
f 61/61/61 63/63/63 64/64/64 62/62/62
f 82/82/82 81/81/81 83/83/83
f 84/84/84 83/83/83 85/85/85
f 85/85/85 88/88/88 87/87/87
f 87/87/87 86/86/86 85/85/85
f 83/83/83 78/78/78 85/85/85
f 73/73/73 85/85/85 78/78/78
f 79/79/79 81/81/81 80/80/80
f 81/81/81 79/79/79 78/78/78
f 81/81/81 78/78/78 83/83/83
f 76/76/76 78/78/78 77/77/77
f 75/75/75 78/78/78 76/76/76
f 78/78/78 75/75/75 73/73/73
f 74/74/74 73/73/73 75/75/75
f 88/88/88 85/85/85 70/70/70
f 88/88/88 92/92/92 90/90/90
f 90/90/90 92/92/92 91/91/91
f 92/92/92 88/88/88 67/67/67
f 92/92/92 65/65/65 94/94/94
f 94/94/94 65/65/65 95/95/95
f 93/93/93 92/92/92 94/94/94
f 92/92/92 67/67/67 65/65/65
f 73/73/73 71/71/71 70/70/70
f 71/71/71 73/73/73 72/72/72
f 73/73/73 70/70/70 85/85/85
f 70/70/70 68/68/68 67/67/67
f 68/68/68 70/70/70 69/69/69
f 67/67/67 88/88/88 70/70/70
f 67/67/67 66/66/66 65/65/65
f 90/90/90 89/89/89 88/88/88
f 113/113/113 114/114/114 112/112/112
f 115/115/115 116/116/116 114/114/114
f 116/116/116 118/118/118 119/119/119
f 118/118/118 116/116/116 117/117/117
f 114/114/114 116/116/116 109/109/109
f 104/104/104 109/109/109 116/116/116
f 110/110/110 111/111/111 112/112/112
f 112/112/112 109/109/109 110/110/110
f 112/112/112 114/114/114 109/109/109
f 107/107/107 108/108/108 109/109/109
f 106/106/106 107/107/107 109/109/109
f 109/109/109 104/104/104 106/106/106
f 105/105/105 106/106/106 104/104/104
f 119/119/119 101/101/101 116/116/116
f 119/119/119 121/121/121 123/123/123
f 121/121/121 122/122/122 123/123/123
f 123/123/123 98/98/98 119/119/119
f 123/123/123 125/125/125 96/96/96
f 125/125/125 126/126/126 96/96/96
f 124/124/124 125/125/125 123/123/123
f 123/123/123 96/96/96 98/98/98
f 104/104/104 101/101/101 102/102/102
f 102/102/102 103/103/103 104/104/104
f 104/104/104 116/116/116 101/101/101
f 101/101/101 98/98/98 99/99/99
f 99/99/99 100/100/100 101/101/101
f 98/98/98 101/101/101 119/119/119
f 98/98/98 96/96/96 97/97/97
f 121/121/121 119/119/119 120/120/120
usemtl Default
v 120 258 -121
v 122 258 -121
v 120 258 121
v 122 258 121
v 120 258 121
v 122 258 121
v 120 246 121
v 122 246 121
v 120 246 121
v 122 246 121
v 120 246 -121
v 122 246 -121
v 120 246 -121
v 122 246 -121
v 120 258 -121
v 122 258 -121
v 120 258 -121
v 120 258 121
v 120 246 121
v 120 246 -121
v 122 258 -121
v 122 258 121
v 122 246 121
v 122 246 -121
vt 0 0
vt 0 0.53846126794815063
vt 0.47637796401977539 0
vt 0.47637796401977539 0.53846126794815063
vt 0.47637796401977539 0
vt 0.47637796401977539 0.53846126794815063
vt 0.5 0
vt 0.5 0.53846126794815063
vt 0.5 0
vt 0.5 0.53846126794815063
vt 0.97637796401977539 0
vt 0.97637796401977539 0.53846126794815063
vt 0.97637796401977539 0
vt 0.97637796401977539 0.53846126794815063
vt 1 0
vt 1 0.53846126794815063
vt 0 1
vt 0.47637796401977539 1
vt 0.47637796401977539 0.53846180438995361
vt 0 0.53846180438995361
vt 0.52362203598022461 0.53846180438995361
vt 1 0.53846180438995361
vt 1 1
vt 0.52362203598022461 1
vn 0 1 0
vn 0 1 0
vn 0 1 0
vn 0 1 0
vn 0 0 1
vn 0 0 1
vn 0 0 1
vn 0 0 1
vn 0 -1 0
vn 0 -1 0
vn 0 -1 0
vn 0 -1 0
vn 0 0 -1
vn 0 0 -1
vn 0 0 -1
vn 0 0 -1
vn -1 0 0
vn -1 0 0
vn -1 0 0
vn -1 0 0
vn 1 0 0
vn 1 0 0
vn 1 0 0
vn 1 0 0
f 127/127/127 129/129/129 130/130/130 128/128/128
f 131/131/131 133/133/133 134/134/134 132/132/132
f 135/135/135 137/137/137 138/138/138 136/136/136
f 139/139/139 141/141/141 142/142/142 140/140/140
f 144/144/144 143/143/143 146/146/146
f 146/146/146 145/145/145 144/144/144
f 148/148/148 150/150/150 147/147/147
f 150/150/150 148/148/148 149/149/149
usemtl Default
v 122 258 -121
v 122 260 -121
v 122 258 -51.857143402099609
v 122 260 -51.857143402099609
v 122 258 -17.285715103149414
v 122 258 17.285715103149414
v 122 260 17.285715103149414
v 122 258 51.857143402099609
v 122 260 51.857143402099609
v 122 258 86.428573608398438
v 122 260 86.428573608398438
v 122 258 121
v 122 260 121
v 122 258 -112.35713958740234
v 122 258 -103.71428680419922
v 122 258 -95.071426391601562
v 122 258 -86.428573608398438
v 122 258 -77.785713195800781
v 122 258 -69.142860412597656
v 122 258 -60.5
v 122 258 -43.214286804199219
v 122 258 -34.571430206298828
v 122 258 -25.928571701049805
v 122 258 -8.642857551574707
v 122 258 0
v 122 258 8.642857551574707
v 122 258 25.928571701049805
v 122 258 34.571430206298828
v 122 258 43.214286804199219
v 122 258 60.5
v 122 258 69.142860412597656
v 122 258 77.785713195800781
v 122 258 95.071426391601562
v 122 258 103.71428680419922
v 122 258 112.35713958740234
v 122 260 112.35713958740234
v 122 260 103.71428680419922
v 122 260 95.071426391601562
v 122 260 77.785713195800781
v 122 260 69.142860412597656
v 122 260 60.5
v 122 260 43.214286804199219
v 122 260 34.571430206298828
v 122 260 25.928571701049805
v 122 260 8.642857551574707
v 122 260 0
v 122 260 -8.642857551574707
v 122 260 -17.285715103149414
v 122 260 -25.928571701049805
v 122 260 -34.571430206298828
v 122 260 -43.214286804199219
v 122 260 -60.5
v 122 260 -69.142860412597656
v 122 260 -77.785713195800781
v 122 260 -86.428573608398438
v 122 260 -95.071426391601562
v 122 260 -103.71428680419922
v 122 260 -112.35713958740234
v 122 258 121
v 122 260 121
v 133 258 121
v 133 260 121
v 127.5 260 121
v 127.5 258 121
v 133 258 -121
v 133 260 -121
v 122 258 -121
v 122 260 -121
v 127.5 260 -121
v 127.5 258 -121
v 122 258 -121
v 122 258 -60.5
v 122 258 0
v 122 258 60.5
v 122 258 121
v 133 258 121
v 122 258 -112.35713958740234
v 122 258 -103.71428680419922
v 122 258 -95.071426391601562
v 122 258 -86.428573608398438
v 122 258 -77.785713195800781
v 122 258 -69.142860412597656
v 122 258 -51.857143402099609
v 122 258 -43.214286804199219
v 122 258 -34.571430206298828
v 122 258 -25.928571701049805
v 122 258 -17.285715103149414
v 122 258 -8.642857551574707
v 122 258 8.642857551574707
v 122 258 17.285715103149414
v 122 258 25.928571701049805
v 122 258 34.571430206298828
v 122 258 43.214286804199219
v 122 258 51.857143402099609
v 122 258 69.142860412597656
v 122 258 77.785713195800781
v 122 258 86.428573608398438
v 122 258 95.071426391601562
v 122 258 103.71428680419922
v 122 258 112.35713958740234
v 127.5 258 -90.75
v 127.5 258 90.75
v 127.5 258 121
v 127.5 258 105.875
v 124.75 258 90.75
v 124.75 258 105.875
v 130.25 258 90.75
v 130.25 258 105.875
v 133 258 112.35713958740234
v 133 258 103.71428680419922
v 133 258 95.071426391601562
v 133 258 86.428573608398438
v 133 258 77.785713195800781
v 133 258 69.142860412597656
v 133 258 60.5
v 133 258 51.857143402099609
v 133 258 43.214286804199219
v 133 258 34.571430206298828
v 133 258 25.928571701049805
v 133 258 17.285715103149414
v 133 258 8.642857551574707
v 133 258 0
v 133 258 -8.642857551574707
v 133 258 -17.285715103149414
v 133 258 -25.928571701049805
v 133 258 -34.571430206298828
v 133 258 -43.214286804199219
v 133 258 -51.857143402099609
v 133 258 -60.5
v 133 258 -69.142860412597656
v 133 258 -77.785713195800781
v 133 258 -86.428573608398438
v 133 258 -95.071426391601562
v 133 258 -103.71428680419922
v 133 258 -112.35713958740234
v 133 258 -121
v 127.5 258 -121
v 130.25 258 -90.75
v 127.5 258 -105.875
v 130.25 258 -105.875
v 124.75 258 -90.75
v 124.75 258 -105.875
v 133 258 121
v 133 258 86.428573608398438
v 133 258 51.857143402099609
v 133 260 121
v 133 260 -17.285715103149414
v 133 260 -121
v 133 258 -121
v 133 258 -112.35713958740234
v 133 258 -103.71428680419922
v 133 258 -95.071426391601562
v 133 258 -86.428573608398438
v 133 258 -77.785713195800781
v 133 258 -69.142860412597656
v 133 258 -60.5
v 133 258 -51.857143402099609
v 133 258 -43.214286804199219
v 133 258 -34.571430206298828
v 133 258 -25.928571701049805
v 133 258 -17.285715103149414
v 133 258 -8.642857551574707
v 133 258 0
v 133 258 8.642857551574707
v 133 258 17.285715103149414
v 133 258 25.928571701049805
v 133 258 34.571430206298828
v 133 258 43.214286804199219
v 133 258 60.5
v 133 258 69.142860412597656
v 133 258 77.785713195800781
v 133 258 95.071426391601562
v 133 258 103.71428680419922
v 133 258 112.35713958740234
v 133 260 112.35713958740234
v 133 260 103.71428680419922
v 133 260 95.071426391601562
v 133 260 86.428573608398438
v 133 260 77.785713195800781
v 133 260 69.142860412597656
v 133 260 60.5
v 133 260 51.857143402099609
v 133 260 43.214286804199219
v 133 260 34.571430206298828
v 133 260 25.928571701049805
v 133 260 17.285715103149414
v 133 260 8.642857551574707
v 133 260 0
v 133 260 -8.642857551574707
v 133 260 -25.928571701049805
v 133 260 -34.571430206298828
v 133 260 -43.214286804199219
v 133 260 -51.857143402099609
v 133 260 -60.5
v 133 260 -69.142860412597656
v 133 260 -77.785713195800781
v 133 260 -86.428573608398438
v 133 260 -95.071426391601562
v 133 260 -103.71428680419922
v 133 260 -112.35713958740234
v 122 260 -121
v 133 260 -121
v 122 260 -60.5
v 122 260 0
v 122 260 60.5
v 122 260 121
v 122 260 -112.35713958740234
v 122 260 -103.71428680419922
v 122 260 -95.071426391601562
v 122 260 -86.428573608398438
v 122 260 -77.785713195800781
v 122 260 -69.142860412597656
v 122 260 -51.857143402099609
v 122 260 -43.214286804199219
v 122 260 -34.571430206298828
v 122 260 -25.928571701049805
v 122 260 -17.285715103149414
v 122 260 -8.642857551574707
v 122 260 8.642857551574707
v 122 260 17.285715103149414
v 122 260 25.928571701049805
v 122 260 34.571430206298828
v 122 260 43.214286804199219
v 122 260 51.857143402099609
v 122 260 69.142860412597656
v 122 260 77.785713195800781
v 122 260 86.428573608398438
v 122 260 95.071426391601562
v 122 260 103.71428680419922
v 122 260 112.35713958740234
v 127.5 260 -90.75
v 127.5 260 90.75
v 127.5 260 121
v 127.5 260 105.875
v 124.75 260 90.75
v 124.75 260 105.875
v 130.25 260 90.75
v 130.25 260 105.875
v 133 260 121
v 133 260 112.35713958740234
v 133 260 103.71428680419922
v 133 260 95.071426391601562
v 133 260 86.428573608398438
v 133 260 77.785713195800781
v 133 260 69.142860412597656
v 133 260 60.5
v 133 260 51.857143402099609
v 133 260 43.214286804199219
v 133 260 34.571430206298828
v 133 260 25.928571701049805
v 133 260 17.285715103149414
v 133 260 8.642857551574707
v 133 260 0
v 133 260 -8.642857551574707
v 133 260 -17.285715103149414
v 133 260 -25.928571701049805
v 133 260 -34.571430206298828
v 133 260 -43.214286804199219
v 133 260 -51.857143402099609
v 133 260 -60.5
v 133 260 -69.142860412597656
v 133 260 -77.785713195800781
v 133 260 -86.428573608398438
v 133 260 -95.071426391601562
v 133 260 -103.71428680419922
v 133 260 -112.35713958740234
v 127.5 260 -121
v 130.25 260 -90.75
v 127.5 260 -105.875
v 130.25 260 -105.875
v 124.75 260 -90.75
v 124.75 260 -105.875
vt 0.014795319177210331 0
vt 0.0081300809979438782 0
vt 0.014795319177210331 0.28065001964569092
vt 0.0081300809979438782 0.28065001964569092
vt 0.014795319177210331 0.42097499966621399
vt 0.014795319177210331 0.56130003929138184
vt 0.0081300809979438782 0.56130003929138184
vt 0.014795319177210331 0.70162498950958252
vt 0.0081300809979438782 0.70162498950958252
vt 0.014795319177210331 0.84194999933242798
vt 0.0081300809979438782 0.84194999933242798
vt 0.014795319177210331 0.98227500915527344
vt 0.0081300809979438782 0.98227500915527344
vt 0.014795319177210331 0.035081252455711365
vt 0.014795319177210331 0.070162504911422729
vt 0.014795319177210331 0.1052437499165535
vt 0.014795319177210331 0.14032500982284546
vt 0.014795319177210331 0.17540624737739563
vt 0.014795319177210331 0.21048749983310699
vt 0.014795319177210331 0.24556875228881836
vt 0.014795319177210331 0.31573125720024109
vt 0.014795319177210331 0.35081249475479126
vt 0.014795319177210331 0.38589373230934143
vt 0.014795319177210331 0.45605623722076416
vt 0.014795319177210331 0.49113750457763672
vt 0.014795319177210331 0.5262187123298645
vt 0.014795319177210331 0.59638124704360962
vt 0.014795319177210331 0.63146251440048218
vt 0.014795319177210331 0.66654372215270996
vt 0.014795319177210331 0.73670625686645508
vt 0.014795319177210331 0.77178746461868286
vt 0.014795319177210331 0.8068687915802002
vt 0.014795319177210331 0.87703120708465576
vt 0.014795319177210331 0.91211247444152832
vt 0.014795319177210331 0.94719374179840088
vt 0.0081300809979438782 0.94719374179840088
vt 0.0081300809979438782 0.91211247444152832
vt 0.0081300809979438782 0.87703120708465576
vt 0.0081300809979438782 0.8068687915802002
vt 0.0081300809979438782 0.77178746461868286
vt 0.0081300809979438782 0.73670625686645508
vt 0.0081300809979438782 0.66654372215270996
vt 0.0081300809979438782 0.63146251440048218
vt 0.0081300809979438782 0.59638124704360962
vt 0.0081300809979438782 0.5262187123298645
vt 0.0081300809979438782 0.49113750457763672
vt 0.0081300809979438782 0.45605623722076416
vt 0.0081300809979438782 0.42097499966621399
vt 0.0081300809979438782 0.38589373230934143
vt 0.0081300809979438782 0.35081249475479126
vt 0.0081300809979438782 0.31573125720024109
vt 0.0081300809979438782 0.24556875228881836
vt 0.0081300809979438782 0.21048749983310699
vt 0.0081300809979438782 0.17540624737739563
vt 0.0081300809979438782 0.14032500982284546
vt 0.0081300809979438782 0.1052437499165535
vt 0.0081300809979438782 0.070162504911422729
vt 0.0081300809979438782 0.035081252455711365
vt 0.016260161995887756 0
vt 0.016260161995887756 0.0081300809979438782
vt 0.060975611209869385 0
vt 0.060975611209869385 0.0081300809979438782
vt 0.038617886602878571 0.0081300809979438782
vt 0.038617886602878571 0
vt 0.016260161995887756 0.075672298669815063
vt 0.016260161995887756 0.083802379667758942
vt 0.060975611209869385 0.075672298669815063
vt 0.060975611209869385 0.083802379667758942
vt 0.038617886602878571 0.083802379667758942
vt 0.038617886602878571 0.075672298669815063
vt 0.016260161995887756 0.56754219532012939
vt 0.26182889938354492 0.56754219532012939
vt 0.50739765167236328 0.56754219532012939
vt 0.75296640396118164 0.56754219532012939
vt 0.99853515625 0.56754219532012939
vt 0.99853515625 0.61225765943527222
vt 0.051341414451599121 0.56754219532012939
vt 0.086422666907310486 0.56754219532012939
vt 0.12150391191244125 0.56754219532012939
vt 0.15658517181873322 0.56754219532012939
vt 0.19166640937328339 0.56754219532012939
vt 0.22674766182899475 0.56754219532012939
vt 0.29691016674041748 0.56754219532012939
vt 0.33199140429496765 0.56754219532012939
vt 0.36707267165184021 0.56754219532012939
vt 0.40215390920639038 0.56754219532012939
vt 0.43723517656326294 0.56754219532012939
vt 0.47231638431549072 0.56754219532012939
vt 0.54247891902923584 0.56754219532012939
vt 0.5775601863861084 0.56754219532012939
vt 0.61264139413833618 0.56754219532012939
vt 0.64772266149520874 0.56754219532012939
vt 0.68280386924743652 0.56754219532012939
vt 0.71788519620895386 0.56754219532012939
vt 0.78804761171340942 0.56754219532012939
vt 0.82312893867492676 0.56754219532012939
vt 0.85821014642715454 0.56754219532012939
vt 0.8932914137840271 0.56754219532012939
vt 0.92837262153625488 0.56754219532012939
vt 0.96345394849777222 0.56754219532012939
vt 0.13904453814029694 0.58989995718002319
vt 0.87575078010559082 0.58989995718002319
vt 0.99853515625 0.58989995718002319
vt 0.93714296817779541 0.58989995718002319
vt 0.87575078010559082 0.57872104644775391
vt 0.93714296817779541 0.57872104644775391
vt 0.87575078010559082 0.60107880830764771
vt 0.93714296817779541 0.60107880830764771
vt 0.96345394849777222 0.61225765943527222
vt 0.92837262153625488 0.61225765943527222
vt 0.8932914137840271 0.61225765943527222
vt 0.85821014642715454 0.61225765943527222
vt 0.82312893867492676 0.61225765943527222
vt 0.78804761171340942 0.61225765943527222
vt 0.75296640396118164 0.61225765943527222
vt 0.71788519620895386 0.61225765943527222
vt 0.68280386924743652 0.61225765943527222
vt 0.64772266149520874 0.61225765943527222
vt 0.61264139413833618 0.61225765943527222
vt 0.5775601863861084 0.61225765943527222
vt 0.54247891902923584 0.61225765943527222
vt 0.50739765167236328 0.61225765943527222
vt 0.47231638431549072 0.61225765943527222
vt 0.43723517656326294 0.61225765943527222
vt 0.40215390920639038 0.61225765943527222
vt 0.36707267165184021 0.61225765943527222
vt 0.33199140429496765 0.61225765943527222
vt 0.29691016674041748 0.61225765943527222
vt 0.26182889938354492 0.61225765943527222
vt 0.22674766182899475 0.61225765943527222
vt 0.19166640937328339 0.61225765943527222
vt 0.15658517181873322 0.61225765943527222
vt 0.12150391191244125 0.61225765943527222
vt 0.086422666907310486 0.61225765943527222
vt 0.051341414451599121 0.61225765943527222
vt 0.016260161995887756 0.61225765943527222
vt 0.016260161995887756 0.58989995718002319
vt 0.13904453814029694 0.60107880830764771
vt 0.077652350068092346 0.58989995718002319
vt 0.077652350068092346 0.60107880830764771
vt 0.13904453814029694 0.57872104644775391
vt 0.077652350068092346 0.57872104644775391
vt 0 0
vt 0 0.14032500982284546
vt 0 0.28065001964569092
vt 0.0066652377136051655 0
vt 0.0066652377136051655 0.56130003929138184
vt 0.0066652377136051655 0.98227500915527344
vt 0 0.98227500915527344
vt 0 0.94719374179840088
vt 0 0.91211247444152832
vt 0 0.87703120708465576
vt 0 0.84194999933242798
vt 0 0.8068687915802002
vt 0 0.77178746461868286
vt 0 0.73670625686645508
vt 0 0.70162498950958252
vt 0 0.66654372215270996
vt 0 0.63146251440048218
vt 0 0.59638124704360962
vt 0 0.56130003929138184
vt 0 0.5262187123298645
vt 0 0.49113750457763672
vt 0 0.45605623722076416
vt 0 0.42097499966621399
vt 0 0.38589373230934143
vt 0 0.35081249475479126
vt 0 0.31573125720024109
vt 0 0.24556875228881836
vt 0 0.21048749983310699
vt 0 0.17540624737739563
vt 0 0.1052437499165535
vt 0 0.070162504911422729
vt 0 0.035081252455711365
vt 0.0066652377136051655 0.035081252455711365
vt 0.0066652377136051655 0.070162504911422729
vt 0.0066652377136051655 0.1052437499165535
vt 0.0066652377136051655 0.14032500982284546
vt 0.0066652377136051655 0.17540624737739563
vt 0.0066652377136051655 0.21048749983310699
vt 0.0066652377136051655 0.24556875228881836
vt 0.0066652377136051655 0.28065001964569092
vt 0.0066652377136051655 0.31573125720024109
vt 0.0066652377136051655 0.35081249475479126
vt 0.0066652377136051655 0.38589373230934143
vt 0.0066652377136051655 0.42097499966621399
vt 0.0066652377136051655 0.45605623722076416
vt 0.0066652377136051655 0.49113750457763672
vt 0.0066652377136051655 0.5262187123298645
vt 0.0066652377136051655 0.59638124704360962
vt 0.0066652377136051655 0.63146251440048218
vt 0.0066652377136051655 0.66654372215270996
vt 0.0066652377136051655 0.70162498950958252
vt 0.0066652377136051655 0.73670625686645508
vt 0.0066652377136051655 0.77178746461868286
vt 0.0066652377136051655 0.8068687915802002
vt 0.0066652377136051655 0.84194999933242798
vt 0.0066652377136051655 0.87703120708465576
vt 0.0066652377136051655 0.91211247444152832
vt 0.0066652377136051655 0.94719374179840088
vt 0.016260161995887756 0.15134459733963013
vt 0.016260161995887756 0.19606003165245056
vt 0.26182889938354492 0.15134459733963013
vt 0.50739765167236328 0.15134459733963013
vt 0.75296640396118164 0.15134459733963013
vt 0.99853515625 0.15134459733963013
vt 0.051341414451599121 0.15134459733963013
vt 0.086422666907310486 0.15134459733963013
vt 0.12150391191244125 0.15134459733963013
vt 0.15658517181873322 0.15134459733963013
vt 0.19166640937328339 0.15134459733963013
vt 0.22674766182899475 0.15134459733963013
vt 0.29691016674041748 0.15134459733963013
vt 0.33199140429496765 0.15134459733963013
vt 0.36707267165184021 0.15134459733963013
vt 0.40215390920639038 0.15134459733963013
vt 0.43723517656326294 0.15134459733963013
vt 0.47231638431549072 0.15134459733963013
vt 0.54247891902923584 0.15134459733963013
vt 0.5775601863861084 0.15134459733963013
vt 0.61264139413833618 0.15134459733963013
vt 0.64772266149520874 0.15134459733963013
vt 0.68280386924743652 0.15134459733963013
vt 0.71788519620895386 0.15134459733963013
vt 0.78804761171340942 0.15134459733963013
vt 0.82312893867492676 0.15134459733963013
vt 0.85821014642715454 0.15134459733963013
vt 0.8932914137840271 0.15134459733963013
vt 0.92837262153625488 0.15134459733963013
vt 0.96345394849777222 0.15134459733963013
vt 0.13904453814029694 0.17370231449604034
vt 0.87575078010559082 0.17370231449604034
vt 0.99853515625 0.17370231449604034
vt 0.93714296817779541 0.17370231449604034
vt 0.87575078010559082 0.16252344846725464
vt 0.93714296817779541 0.16252344846725464
vt 0.87575078010559082 0.18488118052482605
vt 0.93714296817779541 0.18488118052482605
vt 0.99853515625 0.19606003165245056
vt 0.96345394849777222 0.19606003165245056
vt 0.92837262153625488 0.19606003165245056
vt 0.8932914137840271 0.19606003165245056
vt 0.85821014642715454 0.19606003165245056
vt 0.82312893867492676 0.19606003165245056
vt 0.78804761171340942 0.19606003165245056
vt 0.75296640396118164 0.19606003165245056
vt 0.71788519620895386 0.19606003165245056
vt 0.68280386924743652 0.19606003165245056
vt 0.64772266149520874 0.19606003165245056
vt 0.61264139413833618 0.19606003165245056
vt 0.5775601863861084 0.19606003165245056
vt 0.54247891902923584 0.19606003165245056
vt 0.50739765167236328 0.19606003165245056
vt 0.47231638431549072 0.19606003165245056
vt 0.43723517656326294 0.19606003165245056
vt 0.40215390920639038 0.19606003165245056
vt 0.36707267165184021 0.19606003165245056
vt 0.33199140429496765 0.19606003165245056
vt 0.29691016674041748 0.19606003165245056
vt 0.26182889938354492 0.19606003165245056
vt 0.22674766182899475 0.19606003165245056
vt 0.19166640937328339 0.19606003165245056
vt 0.15658517181873322 0.19606003165245056
vt 0.12150391191244125 0.19606003165245056
vt 0.086422666907310486 0.19606003165245056
vt 0.051341414451599121 0.19606003165245056
vt 0.016260161995887756 0.17370231449604034
vt 0.13904453814029694 0.18488118052482605
vt 0.077652350068092346 0.17370231449604034
vt 0.077652350068092346 0.18488118052482605
vt 0.13904453814029694 0.16252344846725464
vt 0.077652350068092346 0.16252344846725464
vn -1 0 0
vn -1 0 0
vn -1 0 0
vn -1 0 0
vn -1 0 0
vn -1 0 0
vn -1 0 0
vn -1 0 0
vn -1 0 0
vn -1 0 0
vn -1 0 0
vn -1 0 0
vn -1 0 0
vn -1 0 0
vn -1 0 0
vn -1 0 0
vn -1 0 0
vn -1 0 0
vn -1 0 0
vn -1 0 0
vn -1 0 0
vn -1 0 0
vn -1 0 0
vn -1 0 0
vn -1 0 0
vn -1 0 0
vn -1 0 0
vn -1 0 0
vn -1 0 0
vn -1 0 0
vn -1 0 0
vn -1 0 0
vn -1 0 0
vn -1 0 0
vn -1 0 0
vn -1 0 0
vn -1 0 0
vn -1 0 0
vn -1 0 0
vn -1 0 0
vn -1 0 0
vn -1 0 0
vn -1 0 0
vn -1 0 0
vn -1 0 0
vn -1 0 0
vn -1 0 0
vn -1 0 0
vn -1 0 0
vn -1 0 0
vn -1 0 0
vn -1 0 0
vn -1 0 0
vn -1 0 0
vn -1 0 0
vn -1 0 0
vn -1 0 0
vn -1 0 0
vn 0 0 1
vn 0 0 1
vn 0 0 1
vn 0 0 1
vn 0 0 1
vn 0 0 1
vn 0 0 -1
vn 0 0 -1
vn 0 0 -1
vn 0 0 -1
vn 0 0 -1
vn 0 0 -1
vn 0 -1 0
vn 0 -1 0
vn 0 -1 0
vn 0 -1 0
vn 0 -1 0
vn 0 -1 0
vn 0 -1 0
vn 0 -1 0
vn 0 -1 0
vn 0 -1 0
vn 0 -1 0
vn 0 -1 0
vn 0 -1 0
vn 0 -1 0
vn 0 -1 0
vn 0 -1 0
vn 0 -1 0
vn 0 -1 0
vn 0 -1 0
vn 0 -1 0
vn 0 -1 0
vn 0 -1 0
vn 0 -1 0
vn 0 -1 0
vn 0 -1 0
vn 0 -1 0
vn 0 -1 0
vn 0 -1 0
vn 0 -1 0
vn 0 -1 0
vn 0 -1 0
vn 0 -1 0
vn 0 -1 0
vn 0 -1 0
vn 0 -1 0
vn 0 -1 0
vn 0 -1 0
vn 0 -1 0
vn 0 -1 0
vn 0 -1 0
vn 0 -1 0
vn 0 -1 0
vn 0 -1 0
vn 0 -1 0
vn 0 -1 0
vn 0 -1 0
vn 0 -1 0
vn 0 -1 0
vn 0 -1 0
vn 0 -1 0
vn 0 -1 0
vn 0 -1 0
vn 0 -1 0
vn 0 -1 0
vn 0 -1 0
vn 0 -1 0
vn 0 -1 0
vn 0 -1 0
vn 0 -1 0
vn 0 -1 0
vn 0 -1 0
vn 0 -1 0
vn 0 -1 0
vn 0 -1 0
vn 0 -1 0
vn 0 -1 0
vn 0 -1 0
vn 0 -1 0
vn 0 -1 0
vn 0 -1 0
vn 0 -1 0
vn 0 -1 0
vn 1 0 0
vn 1 0 0
vn 1 0 0
vn 1 0 0
vn 1 0 0
vn 1 0 0
vn 1 0 0
vn 1 0 0
vn 1 0 0
vn 1 0 0
vn 1 0 0
vn 1 0 0
vn 1 0 0
vn 1 0 0
vn 1 0 0
vn 1 0 0
vn 1 0 0
vn 1 0 0
vn 1 0 0
vn 1 0 0
vn 1 0 0
vn 1 0 0
vn 1 0 0
vn 1 0 0
vn 1 0 0
vn 1 0 0
vn 1 0 0
vn 1 0 0
vn 1 0 0
vn 1 0 0
vn 1 0 0
vn 1 0 0
vn 1 0 0
vn 1 0 0
vn 1 0 0
vn 1 0 0
vn 1 0 0
vn 1 0 0
vn 1 0 0
vn 1 0 0
vn 1 0 0
vn 1 0 0
vn 1 0 0
vn 1 0 0
vn 1 0 0
vn 1 0 0
vn 1 0 0
vn 1 0 0
vn 1 0 0
vn 1 0 0
vn 1 0 0
vn 1 0 0
vn 1 0 0
vn 1 0 0
vn 1 0 0
vn 1 0 0
vn 1 0 0
vn 1 0 0
vn 0 1 0
vn 0 1 0
vn 0 1 0
vn 0 1 0
vn 0 1 0
vn 0 1 0
vn 0 1 0
vn 0 1 0
vn 0 1 0
vn 0 1 0
vn 0 1 0
vn 0 1 0
vn 0 1 0
vn 0 1 0
vn 0 1 0
vn 0 1 0
vn 0 1 0
vn 0 1 0
vn 0 1 0
vn 0 1 0
vn 0 1 0
vn 0 1 0
vn 0 1 0
vn 0 1 0
vn 0 1 0
vn 0 1 0
vn 0 1 0
vn 0 1 0
vn 0 1 0
vn 0 1 0
vn 0 1 0
vn 0 1 0
vn 0 1 0
vn 0 1 0
vn 0 1 0
vn 0 1 0
vn 0 1 0
vn 0 1 0
vn 0 1 0
vn 0 1 0
vn 0 1 0
vn 0 1 0
vn 0 1 0
vn 0 1 0
vn 0 1 0
vn 0 1 0
vn 0 1 0
vn 0 1 0
vn 0 1 0
vn 0 1 0
vn 0 1 0
vn 0 1 0
vn 0 1 0
vn 0 1 0
vn 0 1 0
vn 0 1 0
vn 0 1 0
vn 0 1 0
vn 0 1 0
vn 0 1 0
vn 0 1 0
vn 0 1 0
vn 0 1 0
vn 0 1 0
vn 0 1 0
vn 0 1 0
vn 0 1 0
vn 0 1 0
vn 0 1 0
vn 0 1 0
vn 0 1 0
vn 0 1 0
f 164/164/164 208/208/208 152/152/152 151/151/151
f 165/165/165 207/207/207 208/208/208 164/164/164
f 167/167/167 205/205/205 206/206/206 166/166/166
f 169/169/169 203/203/203 204/204/204 168/168/168
f 168/168/168 204/204/204 205/205/205 167/167/167
f 166/166/166 206/206/206 207/207/207 165/165/165
f 153/153/153 154/154/154 202/202/202 170/170/170
f 171/171/171 201/201/201 154/154/154 153/153/153
f 173/173/173 199/199/199 200/200/200 172/172/172
f 155/155/155 174/174/174 197/197/197 198/198/198
f 173/173/173 155/155/155 198/198/198 199/199/199
f 172/172/172 200/200/200 201/201/201 171/171/171
f 170/170/170 202/202/202 203/203/203 169/169/169
f 175/175/175 196/196/196 197/197/197 174/174/174
f 156/156/156 157/157/157 195/195/195 176/176/176
f 177/177/177 194/194/194 157/157/157 156/156/156
f 179/179/179 192/192/192 193/193/193 178/178/178
f 180/180/180 191/191/191 159/159/159 158/158/158
f 158/158/158 159/159/159 192/192/192 179/179/179
f 178/178/178 193/193/193 194/194/194 177/177/177
f 182/182/182 189/189/189 190/190/190 181/181/181
f 160/160/160 161/161/161 189/189/189 182/182/182
f 184/184/184 187/187/187 188/188/188 183/183/183
f 162/162/162 163/163/163 186/186/186 185/185/185
f 185/185/185 186/186/186 187/187/187 184/184/184
f 183/183/183 188/188/188 161/161/161 160/160/160
f 181/181/181 190/190/190 191/191/191 180/180/180
f 176/176/176 195/195/195 196/196/196 175/175/175
f 210/210/210 209/209/209 214/214/214 213/213/213
f 211/211/211 212/212/212 213/213/213 214/214/214
f 216/216/216 215/215/215 220/220/220 219/219/219
f 217/217/217 218/218/218 219/219/219 220/220/220
f 288/288/288 251/251/251 289/289/289 290/290/290
f 251/251/251 291/291/291 292/292/292 289/289/289
f 258/258/258 254/254/254 252/252/252 257/257/257
f 254/254/254 256/256/256 255/255/255 252/252/252
f 292/292/292 227/227/227 221/221/221
f 292/292/292 229/229/229 228/228/228
f 292/292/292 228/228/228 227/227/227
f 289/289/289 292/292/292 287/287/287
f 221/221/221 287/287/287 292/292/292
f 291/291/291 229/229/229 292/292/292
f 231/231/231 230/230/230 291/291/291
f 291/291/291 230/230/230 229/229/229
f 290/290/290 289/289/289 287/287/287
f 291/291/291 232/232/232 231/231/231
f 222/222/222 232/232/232 251/251/251
f 251/251/251 232/232/232 291/291/291
f 233/233/233 278/278/278 277/277/277 234/234/234
f 235/235/235 276/276/276 275/275/275 236/236/236
f 236/236/236 275/275/275 274/274/274 237/237/237
f 234/234/234 277/277/277 276/276/276 235/235/235
f 222/222/222 279/279/279 278/278/278 233/233/233
f 237/237/237 274/274/274 273/273/273 238/238/238
f 290/290/290 286/286/286 285/285/285
f 287/287/287 286/286/286 290/290/290
f 280/280/280 288/288/288 281/281/281
f 290/290/290 284/284/284 283/283/283 288/288/288
f 290/290/290 285/285/285 284/284/284
f 288/288/288 283/283/283 282/282/282
f 288/288/288 282/282/282 281/281/281
f 280/280/280 251/251/251 288/288/288
f 251/251/251 280/280/280 279/279/279
f 279/279/279 222/222/222 251/251/251
f 272/272/272 223/223/223 238/238/238 273/273/273
f 223/223/223 272/272/272 271/271/271 239/239/239
f 240/240/240 270/270/270 269/269/269 241/241/241
f 239/239/239 271/271/271 270/270/270 240/240/240
f 242/242/242 268/268/268 267/267/267 243/243/243
f 244/244/244 266/266/266 265/265/265 224/224/224
f 245/245/245 224/224/224 252/252/252
f 243/243/243 267/267/267 266/266/266 244/244/244
f 241/241/241 269/269/269 268/268/268 242/242/242
f 255/255/255 247/247/247 246/246/246
f 248/248/248 255/255/255 256/256/256 249/249/249
f 255/255/255 248/248/248 247/247/247
f 256/256/256 253/253/253 225/225/225
f 250/250/250 256/256/256 225/225/225
f 256/256/256 250/250/250 249/249/249
f 255/255/255 245/245/245 252/252/252
f 245/245/245 255/255/255 246/246/246
f 254/254/254 253/253/253 256/256/256
f 252/252/252 265/265/265 264/264/264
f 257/257/257 264/264/264 263/263/263
f 263/263/263 262/262/262 257/257/257
f 258/258/258 253/253/253 254/254/254
f 257/257/257 261/261/261 260/260/260 258/258/258
f 257/257/257 262/262/262 261/261/261
f 258/258/258 260/260/260 259/259/259
f 258/258/258 259/259/259 226/226/226
f 258/258/258 226/226/226 253/253/253
f 252/252/252 264/264/264 257/257/257
f 252/252/252 224/224/224 265/265/265
f 324/324/324 325/325/325 296/296/296 293/293/293
f 323/323/323 326/326/326 325/325/325 324/324/324
f 294/294/294 328/328/328 327/327/327 322/322/322
f 320/320/320 330/330/330 329/329/329 321/321/321
f 321/321/321 329/329/329 328/328/328 294/294/294
f 322/322/322 327/327/327 326/326/326 323/323/323
f 295/295/295 332/332/332 331/331/331 319/319/319
f 318/318/318 333/333/333 332/332/332 295/295/295
f 316/316/316 335/335/335 334/334/334 317/317/317
f 314/314/314 337/337/337 336/336/336 315/315/315
f 315/315/315 336/336/336 335/335/335 316/316/316
f 317/317/317 334/334/334 333/333/333 318/318/318
f 319/319/319 331/331/331 330/330/330 320/320/320
f 312/312/312 339/339/339 338/338/338 313/313/313
f 311/311/311 297/297/297 339/339/339 312/312/312
f 309/309/309 341/341/341 340/340/340 310/310/310
f 307/307/307 343/343/343 342/342/342 308/308/308
f 308/308/308 342/342/342 341/341/341 309/309/309
f 310/310/310 340/340/340 297/297/297 311/311/311
f 305/305/305 345/345/345 344/344/344 306/306/306
f 303/303/303 347/347/347 346/346/346 304/304/304
f 304/304/304 346/346/346 345/345/345 305/305/305
f 301/301/301 349/349/349 348/348/348 302/302/302
f 299/299/299 298/298/298 350/350/350 300/300/300
f 300/300/300 350/350/350 349/349/349 301/301/301
f 302/302/302 348/348/348 347/347/347 303/303/303
f 306/306/306 344/344/344 343/343/343 307/307/307
f 313/313/313 338/338/338 337/337/337 314/314/314
f 418/418/418 420/420/420 419/419/419 381/381/381
f 381/381/381 419/419/419 422/422/422 421/421/421
f 388/388/388 387/387/387 382/382/382 384/384/384
f 384/384/384 382/382/382 385/385/385 386/386/386
f 422/422/422 351/351/351 357/357/357
f 422/422/422 358/358/358 359/359/359
f 422/422/422 357/357/357 358/358/358
f 422/422/422 419/419/419 417/417/417
f 351/351/351 422/422/422 417/417/417
f 361/361/361 421/421/421 360/360/360
f 359/359/359 421/421/421 422/422/422
f 362/362/362 421/421/421 361/361/361
f 421/421/421 359/359/359 360/360/360
f 381/381/381 421/421/421 362/362/362
f 363/363/363 409/409/409 410/410/410 353/353/353
f 353/353/353 381/381/381 362/362/362
f 365/365/365 407/407/407 408/408/408 364/364/364
f 367/367/367 405/405/405 406/406/406 366/366/366
f 368/368/368 404/404/404 405/405/405 367/367/367
f 366/366/366 406/406/406 407/407/407 365/365/365
f 364/364/364 408/408/408 409/409/409 363/363/363
f 404/404/404 368/368/368 354/354/354 403/403/403
f 352/352/352 417/417/417 419/419/419 420/420/420
f 412/412/412 413/413/413 418/418/418
f 420/420/420 418/418/418 414/414/414 415/415/415
f 420/420/420 416/416/416 352/352/352
f 418/418/418 413/413/413 414/414/414
f 415/415/415 416/416/416 420/420/420
f 411/411/411 418/418/418 381/381/381
f 418/418/418 411/411/411 412/412/412
f 353/353/353 410/410/410 381/381/381
f 410/410/410 411/411/411 381/381/381
f 370/370/370 401/401/401 402/402/402 369/369/369
f 372/372/372 399/399/399 400/400/400 371/371/371
f 371/371/371 400/400/400 401/401/401 370/370/370
f 374/374/374 397/397/397 398/398/398 373/373/373
f 382/382/382 355/355/355 375/375/375
f 385/385/385 375/375/375 376/376/376
f 355/355/355 396/396/396 397/397/397 374/374/374
f 373/373/373 398/398/398 399/399/399 372/372/372
f 385/385/385 377/377/377 378/378/378
f 386/386/386 379/379/379 380/380/380
f 378/378/378 379/379/379 386/386/386 385/385/385
f 385/385/385 382/382/382 375/375/375
f 383/383/383 386/386/386 356/356/356
f 386/386/386 380/380/380 356/356/356
f 383/383/383 384/384/384 386/386/386
f 377/377/377 385/385/385 376/376/376
f 396/396/396 355/355/355 382/382/382
f 369/369/369 402/402/402 403/403/403 354/354/354
f 395/395/395 396/396/396 382/382/382
f 387/387/387 393/393/393 394/394/394
f 395/395/395 387/387/387 394/394/394
f 388/388/388 384/384/384 383/383/383
f 387/387/387 395/395/395 382/382/382
f 387/387/387 388/388/388 391/391/391 392/392/392
f 387/387/387 392/392/392 393/393/393
f 388/388/388 390/390/390 391/391/391
f 388/388/388 389/389/389 390/390/390
f 388/388/388 383/383/383 389/389/389
usemtl Default
v -116 245.57080078125 6
v -116 245.57080078125 -6
v -105 258 -6
v -105.25 258 -6
v -105.8125 258 -6
v -106.375 258 -6
v -106.9375 258 -6
v -107.5 258 -6
v -108.0625 258 -6
v -108.625 258 -6
v -109.1875 258 -6
v -109.75 258 -6
v -110.3125 258 -6
v -110.875 258 -6
v -111.4375 258 -6
v -112 258 -6
v -112.5625 258 -6
v -113.125 258 -6
v -113.6875 258 -6
v -114.25 258 -6
v -114.8125 258 -6
v -115.375 258 -6
v -115.9375 258 -6
v -116.01332855224609 258.00173950195312 -6
v -116.01407623291016 258.0018310546875 -6
v -116.01399993896484 258.00186157226562 -6
v -115.99645233154297 257.99838256835938 -6
v -115.99452209472656 257.99652099609375 -6
v -115.99407958984375 257.99563598632812 -6
v -115.99392700195312 257.99478149414062 -6
v -115.9940185546875 257.99407958984375 -6
v -115.99433898925781 257.99349975585938 -6
v -115.99482727050781 257.99313354492188 -6
v -115.99545288085938 257.9930419921875 -6
v -115.99618530273438 257.99319458007812 -6
v -115.99697875976562 257.99371337890625 -6
v -115.99859619140625 257.99594116210938 -6
v -115.9375 258 -6
v -116.00146484375 258.0120849609375 -6
v -116.00160217285156 258.01760864257812 -6
v -116.00156402587891 258.0177001953125 -6
v -116.00151824951172 258.01748657226562 -6
v -116 257.94580078125 -6
v -116 257.38330078125 -6
v -116 256.82080078125 -6
v -116 256.25830078125 -6
v -116 255.69580078125 -6
v -116 255.13330078125 -6
v -116 254.57080078125 -6
v -116 254.00830078125 -6
v -116 253.44580078125 -6
v -116 252.88330078125 -6
v -116 252.32080078125 -6
v -116 251.75830078125 -6
v -116 251.19580078125 -6
v -116 250.63330078125 -6
v -116 250.07080078125 -6
v -116 249.50830078125 -6
v -116 248.94580078125 -6
v -116 248.38330078125 -6
v -116 247.82080078125 -6
v -116 247.25830078125 -6
v -116 246.69580078125 -6
v -116 246.13330078125 -6
v -112.73683929443359 258 0
v -105 258 0
v -108.86843872070312 258 0
v -108.86843872070312 258 -3
v -106.93421936035156 258 0
v -106.93421936035156 258 -3
v -106.93421936035156 258 -4.5
v -105.96710968017578 258 -3
v -105.96710968017578 258 -4.5
v -105.96710968017578 258 -5.25
v -105.48355102539062 258 -4.5
v -105.48355102539062 258 -5.25
v -108.86843872070312 258 -4.5
v -107.90132904052734 258 -3
v -107.90132904052734 258 -4.5
v -112.73683929443359 258 -3
v -110.80265808105469 258 0
v -110.80265808105469 258 -3
v -116 253.3782958984375 0
v -116.00093078613281 258.00485229492188 0
v -110.80265808105469 258 -4.5
v -109.83554840087891 258 -3
v -109.83554840087891 258 -4.5
v -112.73683929443359 258 -4.5
v -111.76976013183594 258 -3
v -111.76976013183594 258 -4.5
v -116.00093078613281 258.00485229492188 -3
v -115.09037780761719 258.0001220703125 0
v -115.09037780761719 258.0001220703125 -3
v -115.09037780761719 258.0001220703125 -4.5
v -113.91819000244141 258 -3
v -113.91819000244141 258 -4.5
v -116.00093078613281 258.00485229492188 -4.5
v -116.01380920410156 258.00186157226562 -3
v -116.01380920410156 258.00186157226562 -4.5
v -116 253.3782958984375 -3
v -116 255.74208068847656 0
v -116 255.74208068847656 -3
v -116 245.57080078125 0
v -116 249.47454833984375 0
v -116.01380920410156 258.00186157226562 -5.25
v -115.73219299316406 257.99951171875 -4.5
v -115.09037780761719 258.0001220703125 -5.25
v -115.73219299316406 257.99951171875 -5.25
v -116.01380920410156 258.00186157226562 -5.625
v -115.96271514892578 258.00030517578125 -5.25
v -115.73219299316406 257.99951171875 -5.625
v -115.96271514892578 258.00030517578125 -5.625
v -116.00093078613281 258.00485229492188 -5.25
v -115.99591064453125 257.99310302734375 -4.5
v -115.99591064453125 257.99310302734375 -5.25
v -116 255.74208068847656 -4.5
v -116.00003814697266 256.920166015625 -3
v -116.00003814697266 256.920166015625 -4.5
v -115.96271514892578 258.00030517578125 -5.8125
v -115.86982727050781 257.9996337890625 -5.625
v -115.73219299316406 257.99951171875 -5.8125
v -115.86982727050781 257.9996337890625 -5.8125
v -115.39886474609375 257.99996948242188 -5.25
v -115.09037780761719 258.0001220703125 -5.625
v -115.39886474609375 257.99996948242188 -5.625
v -114.51242065429688 257.99996948242188 -4.5
v -113.91819000244141 258 -5.25
v -114.51242065429688 257.99996948242188 -5.25
v -116.01380920410156 258.00186157226562 -5.8125
v -116.00550079345703 258.00131225585938 -5.625
v -116.00550079345703 258.00131225585938 -5.8125
v -115.99591064453125 257.99310302734375 -5.625
v -115.99615478515625 257.99819946289062 -5.25
v -115.99615478515625 257.99819946289062 -5.625
v -116.01380920410156 258.00186157226562 -5.90625
v -116.01287841796875 258.001708984375 -5.8125
v -116.00550079345703 258.00131225585938 -5.90625
v -116.01287841796875 258.001708984375 -5.90625
v -115.99615478515625 257.99819946289062 -5.8125
v -116.00505828857422 258.00106811523438 -5.625
v -116.00505828857422 258.00106811523438 -5.8125
v -116.01380920410156 258.00186157226562 -5.953125
v -116.01401519775391 258.0018310546875 -5.90625
v -116.01287841796875 258.001708984375 -5.953125
v -116.01401519775391 258.0018310546875 -5.953125
v -116.00505828857422 258.00106811523438 -5.90625
v -116.01048278808594 258.001708984375 -5.8125
v -116.01048278808594 258.001708984375 -5.90625
v -116.01401519775391 258.0018310546875 -5.9765625
v -116.01362609863281 258.00177001953125 -5.953125
v -116.01287841796875 258.001708984375 -5.9765625
v -116.01362609863281 258.00177001953125 -5.9765625
v -116.0101318359375 258.00152587890625 -5.90625
v -116.00550079345703 258.00131225585938 -5.953125
v -116.0101318359375 258.00152587890625 -5.953125
v -115.989501953125 258.00079345703125 -5.8125
v -115.96271514892578 258.00030517578125 -5.90625
v -115.989501953125 258.00079345703125 -5.90625
v -116.01362609863281 258.00177001953125 -5.98828125
v -116.01329803466797 258.00173950195312 -5.9765625
v -116.01287841796875 258.001708984375 -5.98828125
v -116.01329803466797 258.00173950195312 -5.98828125
v -116.01171875 258.00161743164062 -5.953125
v -116.0101318359375 258.00152587890625 -5.9765625
v -116.01171875 258.00161743164062 -5.9765625
v -116.01380920410156 258.00186157226562 -5.9765625
v -116.01406097412109 258.00186157226562 -5.953125
v -116.01406097412109 258.00186157226562 -5.9765625
v -116.01048278808594 258.001708984375 -5.953125
v -116.01254272460938 258.0018310546875 -5.90625
v -116.01254272460938 258.0018310546875 -5.953125
v -116.01406097412109 258.00186157226562 -5.98828125
v -116.01407623291016 258.0018310546875 -5.9765625
v -116.01401519775391 258.0018310546875 -5.98828125
v -116.01407623291016 258.0018310546875 -5.98828125
v -116.01407623291016 258.0018310546875 -5.994140625
v -116.01405334472656 258.0018310546875 -5.98828125
v -116.01401519775391 258.0018310546875 -5.994140625
v -116.01405334472656 258.0018310546875 -5.994140625
v -116.01386260986328 258.00180053710938 -5.9765625
v -116.01386260986328 258.00180053710938 -5.98828125
v -116.01407623291016 258.0018310546875 -5.9970703125
v -116.01406860351562 258.0018310546875 -5.994140625
v -116.01405334472656 258.0018310546875 -5.9970703125
v -116.01406860351562 258.0018310546875 -5.9970703125
v -116.01406097412109 258.00186157226562 -5.994140625
v -116.01407623291016 258.00186157226562 -5.98828125
v -116.01407623291016 258.00186157226562 -5.994140625
v -116.01380920410156 258.00186157226562 -5.98828125
v -116.01396942138672 258.00186157226562 -5.9765625
v -116.01396942138672 258.00186157226562 -5.98828125
v -116.01254272460938 258.0018310546875 -5.9765625
v -116.01329040527344 258.00186157226562 -5.953125
v -116.01329040527344 258.00186157226562 -5.9765625
v -116.01407623291016 258.0018310546875 -5.99853515625
v -116.01407623291016 258.0018310546875 -5.9970703125
v -116.01406860351562 258.0018310546875 -5.99853515625
v -116.01407623291016 258.0018310546875 -5.99853515625
v -116.01407623291016 258.00186157226562 -5.9970703125
v -116.01408386230469 258.0018310546875 -5.994140625
v -116.01408386230469 258.0018310546875 -5.9970703125
v -116.01396942138672 258.00186157226562 -5.994140625
v -116.01402282714844 258.00186157226562 -5.98828125
v -116.01402282714844 258.00186157226562 -5.994140625
v -116.01396942138672 258.00186157226562 -5.9970703125
v -116.01399993896484 258.00186157226562 -5.994140625
v -116.01402282714844 258.00186157226562 -5.9970703125
v -116.01399993896484 258.00186157226562 -5.9970703125
v -116.01380920410156 258.00186157226562 -5.994140625
v -116.01390075683594 258.00186157226562 -5.98828125
v -116.01390075683594 258.00186157226562 -5.994140625
v -116.01329040527344 258.00186157226562 -5.98828125
v -116.01358032226562 258.00186157226562 -5.9765625
v -116.01358032226562 258.00186157226562 -5.98828125
v -116.01396942138672 258.00186157226562 -5.99853515625
v -116.01398468017578 258.00186157226562 -5.9970703125
v -116.01399993896484 258.00186157226562 -5.99853515625
v -116.01398468017578 258.00186157226562 -5.99853515625
v -116.01390075683594 258.00186157226562 -5.9970703125
v -116.01393890380859 258.00186157226562 -5.994140625
v -116.01393890380859 258.00186157226562 -5.9970703125
v -116.01398468017578 258.00186157226562 -5.999267578125
v -116.01399230957031 258.00186157226562 -5.99853515625
v -116.01399993896484 258.00186157226562 -5.999267578125
v -116.01399230957031 258.00186157226562 -5.999267578125
v -116.01401519775391 258.00186157226562 -5.9970703125
v -116.01402282714844 258.00186157226562 -5.99853515625
v -116.01401519775391 258.00186157226562 -5.99853515625
v -116.01404571533203 258.00186157226562 -5.994140625
v -116.01406097412109 258.00186157226562 -5.9970703125
v -116.01404571533203 258.00186157226562 -5.9970703125
v -116.01399230957031 258.00186157226562 -5.9996337890625
v -116.01399993896484 258.00186157226562 -5.999267578125
v -116.01399993896484 258.00186157226562 -5.9996337890625
v -116.01399993896484 258.00186157226562 -5.9996337890625
v -116.01400756835938 258.00186157226562 -5.99853515625
v -116.01401519775391 258.00186157226562 -5.999267578125
v -116.01400756835938 258.00186157226562 -5.999267578125
v -115.99615478515625 257.99819946289062 -5.90625
v -115.99972534179688 257.99990844726562 -5.8125
v -115.99972534179688 257.99990844726562 -5.90625
v -115.99591064453125 257.99310302734375 -5.8125
v -115.99393463134766 257.99447631835938 -5.625
v -115.99393463134766 257.99447631835938 -5.8125
v -116.00093078613281 258.00485229492188 -5.625
v -116.00126647949219 258.00918579101562 -5.25
v -116.00126647949219 258.00918579101562 -5.625
v -116.00003814697266 256.920166015625 -5.25
v -115.99979400634766 257.53460693359375 -4.5
v -115.99979400634766 257.53460693359375 -5.25
v -115.99972534179688 257.99990844726562 -5.953125
v -116.00224304199219 258.00057983398438 -5.90625
v -116.00505828857422 258.00106811523438 -5.953125
v -116.00224304199219 258.00057983398438 -5.953125
v -115.99972534179688 257.99990844726562 -5.9765625
v -116.00093078613281 258.00027465820312 -5.953125
v -116.00224304199219 258.00057983398438 -5.9765625
v -116.00093078613281 258.00027465820312 -5.9765625
v -115.99615478515625 257.99819946289062 -5.953125
v -115.99770355224609 257.99911499023438 -5.90625
v -115.99770355224609 257.99911499023438 -5.953125
v -115.99393463134766 257.99447631835938 -5.90625
v -115.99434661865234 257.99624633789062 -5.8125
v -115.99434661865234 257.99624633789062 -5.90625
v -115.99972534179688 257.99990844726562 -5.98828125
v -116.00031280517578 258.00009155273438 -5.9765625
v -116.00093078613281 258.00027465820312 -5.98828125
v -116.00031280517578 258.00009155273438 -5.98828125
v -115.99770355224609 257.99911499023438 -5.9765625
v -115.99864959716797 257.99951171875 -5.953125
v -115.99864959716797 257.99951171875 -5.9765625
v -115.99972534179688 257.99990844726562 -5.994140625
v -116.00001525878906 258 -5.98828125
v -116.00031280517578 258.00009155273438 -5.994140625
v -116.00001525878906 258 -5.994140625
v -115.99864959716797 257.99951171875 -5.98828125
v -115.99917602539062 257.99972534179688 -5.9765625
v -115.99917602539062 257.99972534179688 -5.98828125
v -115.99615478515625 257.99819946289062 -5.9765625
v -115.99687194824219 257.9986572265625 -5.953125
v -115.99687194824219 257.9986572265625 -5.9765625
v -115.99434661865234 257.99624633789062 -5.953125
v -115.99505615234375 257.99722290039062 -5.90625
v -115.99505615234375 257.99722290039062 -5.953125
v -115.99615478515625 257.99819946289062 -5.98828125
v -115.99649810791016 257.9984130859375 -5.9765625
v -115.99687194824219 257.9986572265625 -5.98828125
v -115.99649810791016 257.9984130859375 -5.98828125
v -115.99505615234375 257.99722290039062 -5.9765625
v -115.99555206298828 257.99771118164062 -5.953125
v -115.99555206298828 257.99771118164062 -5.9765625
v -115.99615478515625 257.99819946289062 -5.994140625
v -115.99632263183594 257.998291015625 -5.98828125
v -115.99649810791016 257.9984130859375 -5.994140625
v -115.99632263183594 257.998291015625 -5.994140625
v -115.99555206298828 257.99771118164062 -5.98828125
v -115.99584197998047 257.99795532226562 -5.9765625
v -115.99584197998047 257.99795532226562 -5.98828125
v -115.99632263183594 257.998291015625 -5.9970703125
v -115.99641418457031 257.99835205078125 -5.994140625
v -115.99649810791016 257.9984130859375 -5.9970703125
v -115.99641418457031 257.99835205078125 -5.9970703125
v -115.99668121337891 257.99853515625 -5.98828125
v -115.99687194824219 257.9986572265625 -5.994140625
v -115.99668121337891 257.99853515625 -5.994140625
v -115.99726867675781 257.99887084960938 -5.9765625
v -115.99770355224609 257.99911499023438 -5.98828125
v -115.99726867675781 257.99887084960938 -5.98828125
v -115.99434661865234 257.99624633789062 -5.9765625
v -115.99465179443359 257.9967041015625 -5.953125
v -115.99465179443359 257.9967041015625 -5.9765625
v -115.99393463134766 257.99447631835938 -5.953125
v -115.99398803710938 257.99530029296875 -5.90625
v -115.99398803710938 257.99530029296875 -5.953125
v -115.99591064453125 257.99310302734375 -5.90625
v -115.99457550048828 257.9932861328125 -5.8125
v -115.99457550048828 257.9932861328125 -5.90625
v -116.00126647949219 258.00918579101562 -5.8125
v -115.99922180175781 257.99737548828125 -5.625
v -115.99922180175781 257.99737548828125 -5.8125
v -115.99434661865234 257.99624633789062 -5.98828125
v -115.99448394775391 257.9964599609375 -5.9765625
v -115.99465179443359 257.9967041015625 -5.98828125
v -115.99448394775391 257.9964599609375 -5.98828125
v -115.99398803710938 257.99530029296875 -5.9765625
v -115.99412536621094 257.99575805664062 -5.953125
v -115.99412536621094 257.99575805664062 -5.9765625
v -115.99448394775391 257.9964599609375 -5.994140625
v -115.99456787109375 257.99658203125 -5.98828125
v -115.99465179443359 257.9967041015625 -5.994140625
v -115.99456787109375 257.99658203125 -5.994140625
v -115.99484252929688 257.99697875976562 -5.9765625
v -115.99505615234375 257.99722290039062 -5.98828125
v -115.99484252929688 257.99697875976562 -5.98828125
v -115.99448394775391 257.9964599609375 -5.9970703125
v -115.99452972412109 257.99652099609375 -5.994140625
v -115.99456787109375 257.99658203125 -5.9970703125
v -115.99452972412109 257.99652099609375 -5.9970703125
v -115.99434661865234 257.99624633789062 -5.994140625
v -115.99441528320312 257.996337890625 -5.98828125
v -115.99441528320312 257.996337890625 -5.994140625
v -115.99412536621094 257.99575805664062 -5.98828125
v -115.99422454833984 257.99600219726562 -5.9765625
v -115.99422454833984 257.99600219726562 -5.98828125
v -115.99398803710938 257.99530029296875 -5.98828125
v -115.99404907226562 257.99551391601562 -5.9765625
v -115.99404907226562 257.99551391601562 -5.98828125
v -115.99393463134766 257.99447631835938 -5.9765625
v -115.99392700195312 257.994873046875 -5.953125
v -115.99392700195312 257.994873046875 -5.9765625
v -115.99457550048828 257.9932861328125 -5.953125
v -115.99414825439453 257.9937744140625 -5.90625
v -115.99414825439453 257.9937744140625 -5.953125
v -115.99404907226562 257.99551391601562 -5.994140625
v -115.99408721923828 257.99563598632812 -5.98828125
v -115.99412536621094 257.99575805664062 -5.994140625
v -115.99408721923828 257.99563598632812 -5.994140625
v -115.99404907226562 257.99551391601562 -5.9970703125
v -115.99406433105469 257.99557495117188 -5.994140625
v -115.99408721923828 257.99563598632812 -5.9970703125
v -115.99406433105469 257.99557495117188 -5.9970703125
v -115.99398803710938 257.99530029296875 -5.994140625
v -115.9940185546875 257.99542236328125 -5.98828125
v -115.9940185546875 257.99542236328125 -5.994140625
v -115.99392700195312 257.994873046875 -5.98828125
v -115.99394989013672 257.99508666992188 -5.9765625
v -115.99394989013672 257.99508666992188 -5.98828125
v -115.99393463134766 257.99447631835938 -5.98828125
v -115.99392700195312 257.99465942382812 -5.9765625
v -115.99392700195312 257.99465942382812 -5.98828125
v -115.99414825439453 257.9937744140625 -5.9765625
v -115.99401092529297 257.99411010742188 -5.953125
v -115.99401092529297 257.99411010742188 -5.9765625
v -115.99392700195312 257.99465942382812 -5.994140625
v -115.99391937255859 257.9947509765625 -5.98828125
v -115.99392700195312 257.994873046875 -5.994140625
v -115.99391937255859 257.9947509765625 -5.994140625
v -115.99391937255859 257.9947509765625 -5.9970703125
v -115.99392700195312 257.99481201171875 -5.994140625
v -115.99392700195312 257.994873046875 -5.9970703125
v -115.99392700195312 257.99481201171875 -5.9970703125
v -115.99393463134766 257.99496459960938 -5.98828125
v -115.99394989013672 257.99508666992188 -5.994140625
v -115.99393463134766 257.99496459960938 -5.994140625
v -115.99391937255859 257.9947509765625 -5.99853515625
v -115.99392700195312 257.99478149414062 -5.9970703125
v -115.99392700195312 257.99481201171875 -5.99853515625
v -115.99392700195312 257.99478149414062 -5.99853515625
v -115.99392700195312 257.99465942382812 -5.9970703125
v -115.99391937255859 257.99472045898438 -5.994140625
v -115.99391937255859 257.99472045898438 -5.9970703125
v -115.99393463134766 257.99447631835938 -5.994140625
v -115.99392700195312 257.99456787109375 -5.98828125
v -115.99392700195312 257.99456787109375 -5.994140625
v -115.99401092529297 257.99411010742188 -5.98828125
v -115.99396514892578 257.9942626953125 -5.9765625
v -115.99396514892578 257.9942626953125 -5.98828125
v -115.99414825439453 257.9937744140625 -5.98828125
v -115.99407196044922 257.99392700195312 -5.9765625
v -115.99407196044922 257.99392700195312 -5.98828125
v -115.99457550048828 257.9932861328125 -5.9765625
v -115.99433898925781 257.99349975585938 -5.953125
v -115.99433898925781 257.99349975585938 -5.9765625
v -115.99591064453125 257.99310302734375 -5.953125
v -115.99517822265625 257.9930419921875 -5.90625
v -115.99517822265625 257.9930419921875 -5.953125
v -115.99922180175781 257.99737548828125 -5.90625
v -115.99757385253906 257.99432373046875 -5.8125
v -115.99757385253906 257.99432373046875 -5.90625
v -115.99407196044922 257.99392700195312 -5.994140625
v -115.99404144287109 257.9940185546875 -5.98828125
v -115.99401092529297 257.99411010742188 -5.994140625
v -115.99404144287109 257.9940185546875 -5.994140625
v -115.99404144287109 257.9940185546875 -5.9970703125
v -115.99402618408203 257.99404907226562 -5.994140625
v -115.99401092529297 257.99411010742188 -5.9970703125
v -115.99402618408203 257.99404907226562 -5.9970703125
v -115.99398803710938 257.99417114257812 -5.98828125
v -115.99396514892578 257.9942626953125 -5.994140625
v -115.99398803710938 257.99417114257812 -5.994140625
v -115.99402618408203 257.99404907226562 -5.99853515625
v -115.9940185546875 257.99407958984375 -5.9970703125
v -115.99401092529297 257.99411010742188 -5.99853515625
v -115.9940185546875 257.99407958984375 -5.99853515625
v -115.99399566650391 257.994140625 -5.994140625
v -115.99398803710938 257.99417114257812 -5.9970703125
v -115.99399566650391 257.994140625 -5.9970703125
v -115.99433898925781 257.99349975585938 -5.98828125
v -115.99423217773438 257.99362182617188 -5.9765625
v -115.99423217773438 257.99362182617188 -5.98828125
v -115.99433898925781 257.99349975585938 -5.994140625
v -115.99428558349609 257.99356079101562 -5.98828125
v -115.99423217773438 257.99362182617188 -5.994140625
v -115.99428558349609 257.99356079101562 -5.994140625
v -115.99457550048828 257.9932861328125 -5.98828125
v -115.99445343017578 257.99337768554688 -5.9765625
v -115.99445343017578 257.99337768554688 -5.98828125
v -115.99517822265625 257.9930419921875 -5.9765625
v -115.99485778808594 257.99313354492188 -5.953125
v -115.99485778808594 257.99313354492188 -5.9765625
v -115.99433898925781 257.99349975585938 -5.9970703125
v -115.99430847167969 257.9935302734375 -5.994140625
v -115.99428558349609 257.99356079101562 -5.9970703125
v -115.99430847167969 257.9935302734375 -5.9970703125
v -115.99445343017578 257.99337768554688 -5.994140625
v -115.99439239501953 257.99343872070312 -5.98828125
v -115.99439239501953 257.99343872070312 -5.994140625
v -115.99433898925781 257.99349975585938 -5.99853515625
v -115.99432373046875 257.9935302734375 -5.9970703125
v -115.99430847167969 257.9935302734375 -5.99853515625
v -115.99432373046875 257.9935302734375 -5.99853515625
v -115.99439239501953 257.99343872070312 -5.9970703125
v -115.99436187744141 257.99346923828125 -5.994140625
v -115.99436187744141 257.99346923828125 -5.9970703125
v -115.99485778808594 257.99313354492188 -5.98828125
v -115.99471282958984 257.99319458007812 -5.9765625
v -115.99471282958984 257.99319458007812 -5.98828125
v -115.99485778808594 257.99313354492188 -5.994140625
v -115.99478149414062 257.9931640625 -5.98828125
v -115.99471282958984 257.99319458007812 -5.994140625
v -115.99478149414062 257.9931640625 -5.994140625
v -115.99517822265625 257.9930419921875 -5.98828125
v -115.99501037597656 257.99307250976562 -5.9765625
v -115.99501037597656 257.99307250976562 -5.98828125
v -115.99591064453125 257.99310302734375 -5.9765625
v -115.99552917480469 257.9930419921875 -5.953125
v -115.99552917480469 257.9930419921875 -5.9765625
v -115.99757385253906 257.99432373046875 -5.953125
v -115.99671936035156 257.9935302734375 -5.90625
v -115.99671936035156 257.9935302734375 -5.953125
v -115.99485778808594 257.99313354492188 -5.9970703125
v -115.99481964111328 257.99313354492188 -5.994140625
v -115.99478149414062 257.9931640625 -5.9970703125
v -115.99481964111328 257.99313354492188 -5.9970703125
v -115.99501037597656 257.99307250976562 -5.994140625
v -115.99493408203125 257.99310302734375 -5.98828125
v -115.99493408203125 257.99310302734375 -5.994140625
v -115.99485778808594 257.99313354492188 -5.99853515625
v -115.99484252929688 257.99313354492188 -5.9970703125
v -115.99481964111328 257.99313354492188 -5.99853515625
v -115.99484252929688 257.99313354492188 -5.99853515625
v -115.99493408203125 257.99310302734375 -5.9970703125
v -115.99489593505859 257.99310302734375 -5.994140625
v -115.99489593505859 257.99310302734375 -5.9970703125
v -115.99552917480469 257.9930419921875 -5.98828125
v -115.99534606933594 257.9930419921875 -5.9765625
v -115.99534606933594 257.9930419921875 -5.98828125
v -115.99552917480469 257.9930419921875 -5.994140625
v -115.99543762207031 257.9930419921875 -5.98828125
v -115.99534606933594 257.9930419921875 -5.994140625
v -115.99543762207031 257.9930419921875 -5.994140625
v -115.99591064453125 257.99310302734375 -5.98828125
v -115.99571228027344 257.99307250976562 -5.9765625
v -115.99571228027344 257.99307250976562 -5.98828125
v -115.99671936035156 257.9935302734375 -5.9765625
v -115.99630737304688 257.99325561523438 -5.953125
v -115.99630737304688 257.99325561523438 -5.9765625
v -115.99552917480469 257.9930419921875 -5.9970703125
v -115.9954833984375 257.9930419921875 -5.994140625
v -115.99543762207031 257.9930419921875 -5.9970703125
v -115.9954833984375 257.9930419921875 -5.9970703125
v -115.99571228027344 257.99307250976562 -5.994140625
v -115.99562072753906 257.9930419921875 -5.98828125
v -115.99562072753906 257.9930419921875 -5.994140625
v -115.99630737304688 257.99325561523438 -5.98828125
v -115.99610137939453 257.9931640625 -5.9765625
v -115.99610137939453 257.9931640625 -5.98828125
v -115.99630737304688 257.99325561523438 -5.994140625
v -115.99620819091797 257.99322509765625 -5.98828125
v -115.99610137939453 257.9931640625 -5.994140625
v -115.99620819091797 257.99322509765625 -5.994140625
v -115.99671936035156 257.9935302734375 -5.98828125
v -115.99651336669922 257.99337768554688 -5.9765625
v -115.99651336669922 257.99337768554688 -5.98828125
v -115.99757385253906 257.99432373046875 -5.9765625
v -115.99714660644531 257.99386596679688 -5.953125
v -115.99714660644531 257.99386596679688 -5.9765625
v -115.99922180175781 257.99737548828125 -5.953125
v -115.99842071533203 257.99560546875 -5.90625
v -115.99842071533203 257.99560546875 -5.953125
v -116.00126647949219 258.00918579101562 -5.90625
v -116.00050354003906 258.00259399414062 -5.8125
v -116.00050354003906 258.00259399414062 -5.90625
v -116.00093078613281 258.00485229492188 -5.8125
v -116.0015869140625 258.0177001953125 -5.625
v -116.0015869140625 258.0177001953125 -5.8125
v -115.99979400634766 257.53460693359375 -5.625
v -115.99961090087891 257.8477783203125 -5.25
v -115.99961090087891 257.8477783203125 -5.625
v -115.99620819091797 257.99322509765625 -5.9970703125
v -115.99615478515625 257.99319458007812 -5.994140625
v -115.99610137939453 257.9931640625 -5.9970703125
v -115.99615478515625 257.99319458007812 -5.9970703125
v -115.99600219726562 257.99313354492188 -5.98828125
v -115.99591064453125 257.99310302734375 -5.994140625
v -115.99600219726562 257.99313354492188 -5.994140625
v -115.99714660644531 257.99386596679688 -5.98828125
v -115.99693298339844 257.99368286132812 -5.9765625
v -115.99693298339844 257.99368286132812 -5.98828125
v -115.99714660644531 257.99386596679688 -5.994140625
v -115.99703979492188 257.9937744140625 -5.98828125
v -115.99693298339844 257.99368286132812 -5.994140625
v -115.99703979492188 257.9937744140625 -5.994140625
v -115.99757385253906 257.99432373046875 -5.98828125
v -115.99736022949219 257.99407958984375 -5.9765625
v -115.99736022949219 257.99407958984375 -5.98828125
v -115.99842071533203 257.99560546875 -5.9765625
v -115.99800109863281 257.99490356445312 -5.953125
v -115.99800109863281 257.99490356445312 -5.9765625
v -115.99922180175781 257.99737548828125 -5.9765625
v -115.99883270263672 257.99642944335938 -5.953125
v -115.99883270263672 257.99642944335938 -5.9765625
v -116.00050354003906 258.00259399414062 -5.953125
v -115.99993133544922 257.99969482421875 -5.90625
v -115.99993133544922 257.99969482421875 -5.953125
v -115.99883270263672 257.99642944335938 -5.98828125
v -115.99862670898438 257.99600219726562 -5.9765625
v -115.99842071533203 257.99560546875 -5.98828125
v -115.99862670898438 257.99600219726562 -5.98828125
v -116.0015869140625 258.0177001953125 -5.90625
v -116.00159454345703 258.01498413085938 -5.8125
v -116.00159454345703 258.01498413085938 -5.90625
v -116.00159454345703 258.01498413085938 -5.953125
v -116.00148010253906 258.0123291015625 -5.90625
v -116.00126647949219 258.00918579101562 -5.953125
v -116.00148010253906 258.0123291015625 -5.953125
v -116.00148010253906 258.0123291015625 -5.9765625
v -116.00138854980469 258.01080322265625 -5.953125
v -116.00126647949219 258.00918579101562 -5.9765625
v -116.00138854980469 258.01080322265625 -5.9765625
v -116.00094604492188 258.005859375 -5.90625
v -116.00094604492188 258.005859375 -5.953125
v -116.00148010253906 258.0123291015625 -5.98828125
v -116.00143432617188 258.0115966796875 -5.9765625
v -116.00138854980469 258.01080322265625 -5.98828125
v -116.00143432617188 258.0115966796875 -5.98828125
v -116.00159454345703 258.01498413085938 -5.9765625
v -116.00154876708984 258.01373291015625 -5.953125
v -116.00154876708984 258.01373291015625 -5.9765625
v -116.0015869140625 258.0177001953125 -5.953125
v -116.00162506103516 258.016845703125 -5.90625
v -116.00162506103516 258.016845703125 -5.953125
v -116.00093078613281 258.00485229492188 -5.90625
v -116.00133514404297 258.01507568359375 -5.8125
v -116.00133514404297 258.01507568359375 -5.90625
v -115.99961090087891 257.8477783203125 -5.8125
v -116.00006103515625 257.95263671875 -5.625
v -116.00006103515625 257.95263671875 -5.8125
v -116.0015869140625 258.0177001953125 -5.9765625
v -116.00161743164062 258.01742553710938 -5.953125
v -116.00162506103516 258.016845703125 -5.9765625
v -116.00161743164062 258.01742553710938 -5.9765625
v -116.00133514404297 258.01507568359375 -5.953125
v -116.00148773193359 258.01718139648438 -5.90625
v -116.00148773193359 258.01718139648438 -5.953125
v -116.0015869140625 258.0177001953125 -5.98828125
v -116.00160217285156 258.01760864257812 -5.9765625
v -116.00161743164062 258.01742553710938 -5.98828125
v -116.00160217285156 258.01760864257812 -5.98828125
v -116.00148773193359 258.01718139648438 -5.9765625
v -116.00154113769531 258.01760864257812 -5.953125
v -116.00154113769531 258.01760864257812 -5.9765625
v -116.0015869140625 258.0177001953125 -5.994140625
v -116.00159454345703 258.01763916015625 -5.98828125
v -116.00160217285156 258.01760864257812 -5.994140625
v -116.00159454345703 258.01763916015625 -5.994140625
v -116.00154113769531 258.01760864257812 -5.98828125
v -116.00156402587891 258.0177001953125 -5.9765625
v -116.00156402587891 258.0177001953125 -5.98828125
v -116.00159454345703 258.01763916015625 -5.9970703125
v -116.00160217285156 258.01763916015625 -5.994140625
v -116.00160217285156 258.01760864257812 -5.9970703125
v -116.00160217285156 258.01763916015625 -5.9970703125
v -116.00160980224609 258.01751708984375 -5.98828125
v -116.00161743164062 258.01742553710938 -5.994140625
v -116.00160980224609 258.01751708984375 -5.994140625
v -116.00162506103516 258.01718139648438 -5.9765625
v -116.00162506103516 258.016845703125 -5.98828125
v -116.00162506103516 258.01718139648438 -5.98828125
v -116.00162506103516 258.01602172851562 -5.953125
v -116.00162506103516 258.01602172851562 -5.9765625
v -116.00160217285156 258.01763916015625 -5.99853515625
v -116.00160217285156 258.01760864257812 -5.9970703125
v -116.00160217285156 258.01760864257812 -5.99853515625
v -116.00160217285156 258.01760864257812 -5.99853515625
v -116.00160980224609 258.01754760742188 -5.994140625
v -116.00160980224609 258.01751708984375 -5.9970703125
v -116.00160980224609 258.01754760742188 -5.9970703125
v -116.00156402587891 258.0177001953125 -5.994140625
v -116.00157928466797 258.0177001953125 -5.98828125
v -116.00157928466797 258.0177001953125 -5.994140625
v -116.00156402587891 258.0177001953125 -5.9970703125
v -116.00157165527344 258.0177001953125 -5.994140625
v -116.00157928466797 258.0177001953125 -5.9970703125
v -116.00157165527344 258.0177001953125 -5.9970703125
v -116.00154113769531 258.01760864257812 -5.994140625
v -116.00155639648438 258.01766967773438 -5.98828125
v -116.00155639648438 258.01766967773438 -5.994140625
v -116.00148773193359 258.01718139648438 -5.98828125
v -116.00151824951172 258.0174560546875 -5.9765625
v -116.00151824951172 258.0174560546875 -5.98828125
v -116.00133514404297 258.01507568359375 -5.9765625
v -116.00141143798828 258.016357421875 -5.953125
v -116.00141143798828 258.016357421875 -5.9765625
v -116.00093078613281 258.00485229492188 -5.953125
v -116.00114440917969 258.01104736328125 -5.90625
v -116.00114440917969 258.01104736328125 -5.953125
v -116.00006103515625 257.95263671875 -5.90625
v -116.00047302246094 257.98480224609375 -5.8125
v -116.00047302246094 257.98480224609375 -5.90625
v -116.00157165527344 258.0177001953125 -5.9970703125
v -116.00157165527344 258.0177001953125 -5.99853515625
v -116.00157165527344 258.0177001953125 -5.99853515625
v -116.00155639648438 258.01766967773438 -5.9970703125
v -116.00156402587891 258.0177001953125 -5.994140625
v -116.00156402587891 258.0177001953125 -5.9970703125
v -116.00156402587891 258.0177001953125 -5.99853515625
v -116.00157165527344 258.0177001953125 -5.999267578125
v -116.00156402587891 258.0177001953125 -5.999267578125
v -116.00156402587891 258.0177001953125 -5.99853515625
v -116.00156402587891 258.0177001953125 -5.9996337890625
v -116.00156402587891 258.0177001953125 -5.999267578125
v -116.00151824951172 258.0174560546875 -5.994140625
v -116.00152587890625 258.01754760742188 -5.98828125
v -116.00152587890625 258.01754760742188 -5.994140625
v -116.00151824951172 258.0174560546875 -5.9970703125
v -116.00152587890625 258.01751708984375 -5.994140625
v -116.00152587890625 258.01754760742188 -5.9970703125
v -116.00152587890625 258.01751708984375 -5.9970703125
v -116.00148773193359 258.01718139648438 -5.994140625
v -116.00150299072266 258.017333984375 -5.98828125
v -116.00150299072266 258.017333984375 -5.994140625
v -116.00141143798828 258.016357421875 -5.98828125
v -116.00144958496094 258.01681518554688 -5.9765625
v -116.00144958496094 258.01681518554688 -5.98828125
v -116.00151824951172 258.0174560546875 -5.99853515625
v -116.00151824951172 258.01748657226562 -5.9970703125
v -116.00152587890625 258.01751708984375 -5.99853515625
v -116.00151824951172 258.01748657226562 -5.99853515625
v -116.00150299072266 258.017333984375 -5.9970703125
v -116.00151062011719 258.01739501953125 -5.994140625
v -116.00151062011719 258.01739501953125 -5.9970703125
v -116.00151824951172 258.0174560546875 -5.999267578125
v -116.00151824951172 258.0174560546875 -5.99853515625
v -116.00151824951172 258.01748657226562 -5.999267578125
v -116.00151824951172 258.0174560546875 -5.999267578125
v -116.00151062011719 258.01739501953125 -5.99853515625
v -116.00151062011719 258.01742553710938 -5.9970703125
v -116.00151062011719 258.01742553710938 -5.99853515625
v -116 253.3782958984375 -4.5
v -116 254.56025695800781 -3
v -116 254.56025695800781 -4.5
v -116 249.47454833984375 -3
v -116 251.42642211914062 0
v -116 251.42642211914062 -3
v -116 251.42642211914062 -4.5
v -116 252.40235900878906 -3
v -116 252.40235900878906 -4.5
v -116 249.47454833984375 -4.5
v -116 250.45048522949219 -3
v -116 250.45048522949219 -4.5
v -116 247.52267456054688 0
v -116 247.52267456054688 -3
v -116 247.52267456054688 -4.5
v -116 248.49861145019531 -3
v -116 248.49861145019531 -4.5
v -116 246.54673767089844 -3
v -116 246.54673767089844 -4.5
v -116 246.13330078125 6
v -116 246.69580078125 6
v -116 247.25830078125 6
v -116 247.82080078125 6
v -116 248.38330078125 6
v -116 248.94580078125 6
v -116 249.50830078125 6
v -116 250.07080078125 6
v -116 250.63330078125 6
v -116 251.19580078125 6
v -116 251.75830078125 6
v -116 252.32080078125 6
v -116 252.88330078125 6
v -116 253.44580078125 6
v -116 254.00830078125 6
v -116 254.57080078125 6
v -116 255.13330078125 6
v -116 255.69580078125 6
v -116 256.25830078125 6
v -116 256.82080078125 6
v -116 257.38330078125 6
v -116 257.94580078125 6
v -116.00080871582031 258.00057983398438 6
v -116.00151824951172 258.01748657226562 6
v -116.00156402587891 258.0177001953125 6
v -116.00160217285156 258.01760864257812 6
v -116.00080871582031 258.00057983398438 6
v -115.99859619140625 257.99594116210938 6
v -115.99697875976562 257.99371337890625 6
v -115.99618530273438 257.99319458007812 6
v -115.99545288085938 257.9930419921875 6
v -115.99482727050781 257.99313354492188 6
v -115.99433898925781 257.99349975585938 6
v -115.9940185546875 257.99407958984375 6
v -115.99392700195312 257.99478149414062 6
v -115.99407958984375 257.99563598632812 6
v -115.99452209472656 257.99652099609375 6
v -115.99645233154297 257.99838256835938 6
v -116.00080871582031 258.00057983398438 6
v -116.00080871582031 258.00057983398438 6
v -116.01399993896484 258.00186157226562 6
v -116.01407623291016 258.0018310546875 6
v -115.9375 258 6
v -115.375 258 6
v -114.8125 258 6
v -114.25 258 6
v -113.6875 258 6
v -113.125 258 6
v -112.5625 258 6
v -112 258 6
v -111.4375 258 6
v -110.875 258 6
v -110.3125 258 6
v -109.75 258 6
v -109.1875 258 6
v -108.625 258 6
v -108.0625 258 6
v -107.5 258 6
v -106.9375 258 6
v -106.375 258 6
v -105.8125 258 6
v -105.25 258 6
v -116 249.47454833984375 3
v -116 247.52267456054688 3
v -116 246.54673767089844 3
v -116 247.52267456054688 4.5
v -116 246.54673767089844 4.5
v -116 248.49861145019531 3
v -116 249.47454833984375 4.5
v -116 248.49861145019531 4.5
v -116 253.3782958984375 3
v -116 251.42642211914062 3
v -116 250.45048522949219 3
v -116 251.42642211914062 4.5
v -116 250.45048522949219 4.5
v -116 252.40235900878906 3
v -116 253.3782958984375 4.5
v -116 252.40235900878906 4.5
v -116.00093078613281 258.00485229492188 3
v -116 255.74208068847656 3
v -116 254.56025695800781 3
v -116 255.74208068847656 4.5
v -116 254.56025695800781 4.5
v -116.00003814697266 256.920166015625 3
v -116.00093078613281 258.00485229492188 4.5
v -116.00003814697266 256.920166015625 4.5
v -112.73683929443359 258 3
v -115.09037780761719 258.0001220703125 3
v -115.99979400634766 257.53460693359375 4.5
v -116.00003814697266 256.920166015625 5.25
v -116.00093078613281 258.00485229492188 5.25
v -115.99979400634766 257.53460693359375 5.25
v -116.01380920410156 258.00186157226562 3
v -115.09037780761719 258.0001220703125 4.5
v -116.01380920410156 258.00186157226562 4.5
v -115.99961090087891 257.8477783203125 5.25
v -115.99979400634766 257.53460693359375 5.625
v -116.00093078613281 258.00485229492188 5.625
v -115.99961090087891 257.8477783203125 5.625
v -115.99591064453125 257.99310302734375 4.5
v -116.01380920410156 258.00186157226562 5.25
v -115.99591064453125 257.99310302734375 5.25
v -116.00006103515625 257.95263671875 5.625
v -115.99961090087891 257.8477783203125 5.8125
v -116.00093078613281 258.00485229492188 5.8125
v -116.00006103515625 257.95263671875 5.8125
v -116.00126647949219 258.00918579101562 5.25
v -115.99591064453125 257.99310302734375 5.625
v -116.00126647949219 258.00918579101562 5.625
v -116.00047302246094 257.98480224609375 5.8125
v -116.00006103515625 257.95263671875 5.90625
v -116.00093078613281 258.00485229492188 5.90625
v -116.00047302246094 257.98480224609375 5.90625
v -116.0015869140625 258.0177001953125 5.625
v -116.00126647949219 258.00918579101562 5.8125
v -116.0015869140625 258.0177001953125 5.8125
v -116.00070190429688 257.9962158203125 5.90625
v -116.00047302246094 257.98480224609375 5.953125
v -116.00093078613281 258.00485229492188 5.953125
v -116.00070190429688 257.9962158203125 5.953125
v -116.00133514404297 258.01507568359375 5.8125
v -116.0015869140625 258.0177001953125 5.90625
v -116.00133514404297 258.01507568359375 5.90625
v -116.00148773193359 258.01718139648438 5.90625
v -116.00133514404297 258.01507568359375 5.953125
v -116.0015869140625 258.0177001953125 5.953125
v -116.00148773193359 258.01718139648438 5.953125
v -116.00159454345703 258.01498413085938 5.8125
v -116.00126647949219 258.00918579101562 5.90625
v -116.00159454345703 258.01498413085938 5.90625
v -115.99922180175781 257.99737548828125 5.625
v -115.99591064453125 257.99310302734375 5.8125
v -115.99922180175781 257.99737548828125 5.8125
v -115.99615478515625 257.99819946289062 5.25
v -116.01380920410156 258.00186157226562 5.625
v -115.99615478515625 257.99819946289062 5.625
v -115.73219299316406 257.99951171875 4.5
v -115.09037780761719 258.0001220703125 5.25
v -115.73219299316406 257.99951171875 5.25
v -113.91819000244141 258 3
v -112.73683929443359 258 4.5
v -113.91819000244141 258 4.5
v -108.86843872070312 258 3
v -110.80265808105469 258 3
v -116.00154113769531 258.01760864257812 5.953125
v -116.00148773193359 258.01718139648438 5.9765625
v -116.0015869140625 258.0177001953125 5.9765625
v -116.00154113769531 258.01760864257812 5.9765625
v -116.00162506103516 258.016845703125 5.90625
v -116.00159454345703 258.01498413085938 5.953125
v -116.00162506103516 258.016845703125 5.953125
v -116.00151824951172 258.0174560546875 5.9765625
v -116.00148773193359 258.01718139648438 5.98828125
v -116.00154113769531 258.01760864257812 5.98828125
v -116.00151824951172 258.0174560546875 5.98828125
v -116.00141143798828 258.016357421875 5.953125
v -116.00133514404297 258.01507568359375 5.9765625
v -116.00141143798828 258.016357421875 5.9765625
v -116.00114440917969 258.01104736328125 5.90625
v -116.00114440917969 258.01104736328125 5.953125
v -116.00152587890625 258.01754760742188 5.98828125
v -116.00151824951172 258.0174560546875 5.994140625
v -116.00154113769531 258.01760864257812 5.994140625
v -116.00152587890625 258.01754760742188 5.994140625
v -116.00156402587891 258.0177001953125 5.9765625
v -116.0015869140625 258.0177001953125 5.98828125
v -116.00156402587891 258.0177001953125 5.98828125
v -116.00161743164062 258.01742553710938 5.953125
v -116.00162506103516 258.016845703125 5.9765625
v -116.00161743164062 258.01742553710938 5.9765625
v -116.00152587890625 258.01751708984375 5.994140625
v -116.00151824951172 258.0174560546875 5.9970703125
v -116.00152587890625 258.01754760742188 5.9970703125
v -116.00152587890625 258.01751708984375 5.9970703125
v -116.00150299072266 258.017333984375 5.98828125
v -116.00148773193359 258.01718139648438 5.994140625
v -116.00150299072266 258.017333984375 5.994140625
v -116.00144958496094 258.01681518554688 5.9765625
v -116.00141143798828 258.016357421875 5.98828125
v -116.00144958496094 258.01681518554688 5.98828125
v -116.00157928466797 258.0177001953125 5.98828125
v -116.00156402587891 258.0177001953125 5.994140625
v -116.0015869140625 258.0177001953125 5.994140625
v -116.00157928466797 258.0177001953125 5.994140625
v -116.00160217285156 258.01760864257812 5.9765625
v -116.00161743164062 258.01742553710938 5.98828125
v -116.00160217285156 258.01760864257812 5.98828125
v -116.00157165527344 258.0177001953125 5.994140625
v -116.00156402587891 258.0177001953125 5.9970703125
v -116.00157928466797 258.0177001953125 5.9970703125
v -116.00157165527344 258.0177001953125 5.9970703125
v -116.00155639648438 258.01766967773438 5.98828125
v -116.00155639648438 258.01766967773438 5.994140625
v -116.00157165527344 258.0177001953125 5.9970703125
v -116.00157165527344 258.0177001953125 5.99853515625
v -116.00157165527344 258.0177001953125 5.99853515625
v -116.00156402587891 258.0177001953125 5.994140625
v -116.00155639648438 258.01766967773438 5.9970703125
v -116.00156402587891 258.0177001953125 5.9970703125
v -116.00156402587891 258.0177001953125 5.99853515625
v -116.00157165527344 258.0177001953125 5.999267578125
v -116.00156402587891 258.0177001953125 5.999267578125
v -116.00156402587891 258.0177001953125 5.99853515625
v -116.00156402587891 258.0177001953125 5.9996337890625
v -116.00156402587891 258.0177001953125 5.999267578125
v -116.00159454345703 258.01763916015625 5.98828125
v -116.00160217285156 258.01760864257812 5.994140625
v -116.00159454345703 258.01763916015625 5.994140625
v -116.00160217285156 258.01763916015625 5.994140625
v -116.00159454345703 258.01763916015625 5.9970703125
v -116.00160217285156 258.01760864257812 5.9970703125
v -116.00160217285156 258.01763916015625 5.9970703125
v -116.00160980224609 258.01751708984375 5.98828125
v -116.00161743164062 258.01742553710938 5.994140625
v -116.00160980224609 258.01751708984375 5.994140625
v -116.00162506103516 258.01718139648438 5.9765625
v -116.00162506103516 258.016845703125 5.98828125
v -116.00162506103516 258.01718139648438 5.98828125
v -116.00162506103516 258.01602172851562 5.953125
v -116.00159454345703 258.01498413085938 5.9765625
v -116.00162506103516 258.01602172851562 5.9765625
v -116.00148010253906 258.0123291015625 5.90625
v -116.00126647949219 258.00918579101562 5.953125
v -116.00148010253906 258.0123291015625 5.953125
v -116.00050354003906 258.00259399414062 5.8125
v -115.99922180175781 257.99737548828125 5.90625
v -116.00050354003906 258.00259399414062 5.90625
v -116.00160217285156 258.01760864257812 5.9970703125
v -116.00160217285156 258.01763916015625 5.99853515625
v -116.00160217285156 258.01760864257812 5.99853515625
v -116.00160980224609 258.01754760742188 5.994140625
v -116.00160980224609 258.01751708984375 5.9970703125
v -116.00160980224609 258.01754760742188 5.9970703125
v -116.00160217285156 258.01760864257812 5.999267578125
v -116.00160217285156 258.017578125 5.9970703125
v -116.00160980224609 258.01754760742188 5.99853515625
v -116.00160217285156 258.017578125 5.99853515625
v -116.00160217285156 258.01760864257812 5.9996337890625
v -116.00160217285156 258.01760864257812 5.99853515625
v -116.00160217285156 258.01763916015625 5.999267578125
v -116.00160217285156 258.01760864257812 5.999267578125
v -116.00159454345703 258.01763916015625 5.9970703125
v -116.00159454345703 258.01763916015625 5.99853515625
v -116.00159454345703 258.01763916015625 5.99853515625
v -116.00159454345703 258.01766967773438 5.994140625
v -116.0015869140625 258.0177001953125 5.9970703125
v -116.00159454345703 258.01766967773438 5.9970703125
v -115.99993133544922 257.99969482421875 5.90625
v -116.00050354003906 258.00259399414062 5.953125
v -115.99922180175781 257.99737548828125 5.953125
v -115.99993133544922 257.99969482421875 5.953125
v -115.99757385253906 257.99432373046875 5.8125
v -115.99591064453125 257.99310302734375 5.90625
v -115.99757385253906 257.99432373046875 5.90625
v -115.99393463134766 257.99447631835938 5.625
v -115.99615478515625 257.99819946289062 5.8125
v -115.99393463134766 257.99447631835938 5.8125
v -116.00023651123047 258.0010986328125 5.953125
v -116.00050354003906 258.00259399414062 5.9765625
v -115.99993133544922 257.99969482421875 5.9765625
v -116.00023651123047 258.0010986328125 5.9765625
v -116.00094604492188 258.005859375 5.90625
v -116.00094604492188 258.005859375 5.953125
v -116.00008392333984 258.0003662109375 5.9765625
v -116.00023651123047 258.0010986328125 5.98828125
v -115.99993133544922 257.99969482421875 5.98828125
v -116.00008392333984 258.0003662109375 5.98828125
v -115.99958801269531 257.99847412109375 5.953125
v -115.99922180175781 257.99737548828125 5.9765625
v -115.99958801269531 257.99847412109375 5.9765625
v -115.99842071533203 257.99560546875 5.90625
v -115.99757385253906 257.99432373046875 5.953125
v -115.99842071533203 257.99560546875 5.953125
v -115.99883270263672 257.99642944335938 5.953125
v -115.99842071533203 257.99560546875 5.9765625
v -115.99883270263672 257.99642944335938 5.9765625
v -115.99862670898438 257.99600219726562 5.9765625
v -115.99883270263672 257.99642944335938 5.98828125
v -115.99842071533203 257.99560546875 5.98828125
v -115.99862670898438 257.99600219726562 5.98828125
v -115.99800109863281 257.99490356445312 5.953125
v -115.99757385253906 257.99432373046875 5.9765625
v -115.99800109863281 257.99490356445312 5.9765625
v -115.99671936035156 257.9935302734375 5.90625
v -115.99591064453125 257.99310302734375 5.953125
v -115.99671936035156 257.9935302734375 5.953125
v -115.99457550048828 257.9932861328125 5.8125
v -115.99393463134766 257.99447631835938 5.90625
v -115.99457550048828 257.9932861328125 5.90625
v -115.99852752685547 257.99578857421875 5.98828125
v -115.99862670898438 257.99600219726562 5.994140625
v -115.99842071533203 257.99560546875 5.994140625
v -115.99852752685547 257.99578857421875 5.994140625
v -115.99821472167969 257.9952392578125 5.9765625
v -115.99800109863281 257.99490356445312 5.98828125
v -115.99821472167969 257.9952392578125 5.98828125
v -115.99714660644531 257.99386596679688 5.953125
v -115.99671936035156 257.9935302734375 5.9765625
v -115.99714660644531 257.99386596679688 5.9765625
v -115.99693298339844 257.99368286132812 5.9765625
v -115.99714660644531 257.99386596679688 5.98828125
v -115.99671936035156 257.9935302734375 5.98828125
v -115.99693298339844 257.99368286132812 5.98828125
v -115.99630737304688 257.99325561523438 5.953125
v -115.99591064453125 257.99310302734375 5.9765625
v -115.99630737304688 257.99325561523438 5.9765625
v -115.99517822265625 257.9930419921875 5.90625
v -115.99457550048828 257.9932861328125 5.953125
v -115.99517822265625 257.9930419921875 5.953125
v -115.99703979492188 257.9937744140625 5.98828125
v -115.99714660644531 257.99386596679688 5.994140625
v -115.99693298339844 257.99368286132812 5.994140625
v -115.99703979492188 257.9937744140625 5.994140625
v -115.99736022949219 257.99407958984375 5.9765625
v -115.99757385253906 257.99432373046875 5.98828125
v -115.99736022949219 257.99407958984375 5.98828125
v -115.99698638916016 257.99371337890625 5.994140625
v -115.99703979492188 257.9937744140625 5.9970703125
v -115.99693298339844 257.99368286132812 5.9970703125
v -115.99698638916016 257.99371337890625 5.9970703125
v -115.996826171875 257.99359130859375 5.98828125
v -115.99671936035156 257.9935302734375 5.994140625
v -115.996826171875 257.99359130859375 5.994140625
v -115.99651336669922 257.99337768554688 5.9765625
v -115.99630737304688 257.99325561523438 5.98828125
v -115.99651336669922 257.99337768554688 5.98828125
v -115.99610137939453 257.9931640625 5.9765625
v -115.99591064453125 257.99310302734375 5.98828125
v -115.99610137939453 257.9931640625 5.98828125
v -115.99552917480469 257.9930419921875 5.953125
v -115.99517822265625 257.9930419921875 5.9765625
v -115.99552917480469 257.9930419921875 5.9765625
v -115.99620819091797 257.99322509765625 5.98828125
v -115.99630737304688 257.99325561523438 5.994140625
v -115.99610137939453 257.9931640625 5.994140625
v -115.99620819091797 257.99322509765625 5.994140625
v -115.99615478515625 257.99319458007812 5.994140625
v -115.99620819091797 257.99322509765625 5.9970703125
v -115.99610137939453 257.9931640625 5.9970703125
v -115.99615478515625 257.99319458007812 5.9970703125
v -115.99600219726562 257.99313354492188 5.98828125
v -115.99591064453125 257.99310302734375 5.994140625
v -115.99600219726562 257.99313354492188 5.994140625
v -115.99571228027344 257.99307250976562 5.9765625
v -115.99552917480469 257.9930419921875 5.98828125
v -115.99571228027344 257.99307250976562 5.98828125
v -115.99534606933594 257.9930419921875 5.9765625
v -115.99517822265625 257.9930419921875 5.98828125
v -115.99534606933594 257.9930419921875 5.98828125
v -115.99485778808594 257.99313354492188 5.953125
v -115.99457550048828 257.9932861328125 5.9765625
v -115.99485778808594 257.99313354492188 5.9765625
v -115.99414825439453 257.9937744140625 5.90625
v -115.99393463134766 257.99447631835938 5.953125
v -115.99414825439453 257.9937744140625 5.953125
v -115.99434661865234 257.99624633789062 5.8125
v -115.99615478515625 257.99819946289062 5.90625
v -115.99434661865234 257.99624633789062 5.90625
v -116.00505828857422 258.00106811523438 5.625
v -116.01380920410156 258.00186157226562 5.8125
v -116.00505828857422 258.00106811523438 5.8125
v -115.96271514892578 258.00030517578125 5.25
v -115.73219299316406 257.99951171875 5.625
v -115.96271514892578 258.00030517578125 5.625
v -115.99543762207031 257.9930419921875 5.98828125
v -115.99552917480469 257.9930419921875 5.994140625
v -115.99534606933594 257.9930419921875 5.994140625
v -115.99543762207031 257.9930419921875 5.994140625
v -115.9954833984375 257.9930419921875 5.994140625
v -115.99552917480469 257.9930419921875 5.9970703125
v -115.99543762207031 257.9930419921875 5.9970703125
v -115.9954833984375 257.9930419921875 5.9970703125
v -115.99562072753906 257.9930419921875 5.98828125
v -115.99571228027344 257.99307250976562 5.994140625
v -115.99562072753906 257.9930419921875 5.994140625
v -115.99546051025391 257.9930419921875 5.9970703125
v -115.9954833984375 257.9930419921875 5.99853515625
v -115.99543762207031 257.9930419921875 5.99853515625
v -115.99546051025391 257.9930419921875 5.99853515625
v -115.99539184570312 257.9930419921875 5.994140625
v -115.99534606933594 257.9930419921875 5.9970703125
v -115.99539184570312 257.9930419921875 5.9970703125
v -115.99526214599609 257.9930419921875 5.98828125
v -115.99517822265625 257.9930419921875 5.994140625
v -115.99526214599609 257.9930419921875 5.994140625
v -115.99501037597656 257.99307250976562 5.9765625
v -115.99485778808594 257.99313354492188 5.98828125
v -115.99501037597656 257.99307250976562 5.98828125
v -115.99471282958984 257.99319458007812 5.9765625
v -115.99457550048828 257.9932861328125 5.98828125
v -115.99471282958984 257.99319458007812 5.98828125
v -115.99433898925781 257.99349975585938 5.953125
v -115.99414825439453 257.9937744140625 5.9765625
v -115.99433898925781 257.99349975585938 5.9765625
v -115.99478149414062 257.9931640625 5.98828125
v -115.99485778808594 257.99313354492188 5.994140625
v -115.99471282958984 257.99319458007812 5.994140625
v -115.99478149414062 257.9931640625 5.994140625
v -115.99481964111328 257.99313354492188 5.994140625
v -115.99485778808594 257.99313354492188 5.9970703125
v -115.99478149414062 257.9931640625 5.9970703125
v -115.99481964111328 257.99313354492188 5.9970703125
v -115.99493408203125 257.99310302734375 5.98828125
v -115.99501037597656 257.99307250976562 5.994140625
v -115.99493408203125 257.99310302734375 5.994140625
v -115.99484252929688 257.99313354492188 5.9970703125
v -115.99485778808594 257.99313354492188 5.99853515625
v -115.99481964111328 257.99313354492188 5.99853515625
v -115.99484252929688 257.99313354492188 5.99853515625
v -115.99489593505859 257.99310302734375 5.994140625
v -115.99493408203125 257.99310302734375 5.9970703125
v -115.99489593505859 257.99310302734375 5.9970703125
v -115.99423217773438 257.99362182617188 5.9765625
v -115.99433898925781 257.99349975585938 5.98828125
v -115.99414825439453 257.9937744140625 5.98828125
v -115.99423217773438 257.99362182617188 5.98828125
v -115.99401092529297 257.99411010742188 5.953125
v -115.99393463134766 257.99447631835938 5.9765625
v -115.99401092529297 257.99411010742188 5.9765625
v -115.99398803710938 257.99530029296875 5.90625
v -115.99434661865234 257.99624633789062 5.953125
v -115.99398803710938 257.99530029296875 5.953125
v -115.99428558349609 257.99356079101562 5.98828125
v -115.99433898925781 257.99349975585938 5.994140625
v -115.99423217773438 257.99362182617188 5.994140625
v -115.99428558349609 257.99356079101562 5.994140625
v -115.99445343017578 257.99337768554688 5.9765625
v -115.99445343017578 257.99337768554688 5.98828125
v -115.99430847167969 257.9935302734375 5.994140625
v -115.99433898925781 257.99349975585938 5.9970703125
v -115.99428558349609 257.99356079101562 5.9970703125
v -115.99430847167969 257.9935302734375 5.9970703125
v -115.99439239501953 257.99343872070312 5.98828125
v -115.99445343017578 257.99337768554688 5.994140625
v -115.99439239501953 257.99343872070312 5.994140625
v -115.99432373046875 257.9935302734375 5.9970703125
v -115.99433898925781 257.99349975585938 5.99853515625
v -115.99430847167969 257.9935302734375 5.99853515625
v -115.99432373046875 257.9935302734375 5.99853515625
v -115.99436187744141 257.99346923828125 5.994140625
v -115.99439239501953 257.99343872070312 5.9970703125
v -115.99436187744141 257.99346923828125 5.9970703125
v -115.99407196044922 257.99392700195312 5.9765625
v -115.99401092529297 257.99411010742188 5.98828125
v -115.99407196044922 257.99392700195312 5.98828125
v -115.99404144287109 257.9940185546875 5.98828125
v -115.99407196044922 257.99392700195312 5.994140625
v -115.99401092529297 257.99411010742188 5.994140625
v -115.99404144287109 257.9940185546875 5.994140625
v -115.99396514892578 257.9942626953125 5.9765625
v -115.99393463134766 257.99447631835938 5.98828125
v -115.99396514892578 257.9942626953125 5.98828125
v -115.99392700195312 257.994873046875 5.953125
v -115.99398803710938 257.99530029296875 5.9765625
v -115.99392700195312 257.994873046875 5.9765625
v -115.99402618408203 257.99404907226562 5.994140625
v -115.99404144287109 257.9940185546875 5.9970703125
v -115.99401092529297 257.99411010742188 5.9970703125
v -115.99402618408203 257.99404907226562 5.9970703125
v -115.99398803710938 257.99417114257812 5.98828125
v -115.99396514892578 257.9942626953125 5.994140625
v -115.99398803710938 257.99417114257812 5.994140625
v -115.9940185546875 257.99407958984375 5.9970703125
v -115.99402618408203 257.99404907226562 5.99853515625
v -115.99401092529297 257.99411010742188 5.99853515625
v -115.9940185546875 257.99407958984375 5.99853515625
v -115.99399566650391 257.994140625 5.994140625
v -115.99398803710938 257.99417114257812 5.9970703125
v -115.99399566650391 257.994140625 5.9970703125
v -115.99392700195312 257.99465942382812 5.9765625
v -115.99392700195312 257.994873046875 5.98828125
v -115.99392700195312 257.99465942382812 5.98828125
v -115.99391937255859 257.9947509765625 5.98828125
v -115.99392700195312 257.99465942382812 5.994140625
v -115.99392700195312 257.994873046875 5.994140625
v -115.99391937255859 257.9947509765625 5.994140625
v -115.99394989013672 257.99508666992188 5.9765625
v -115.99398803710938 257.99530029296875 5.98828125
v -115.99394989013672 257.99508666992188 5.98828125
v -115.99412536621094 257.99575805664062 5.953125
v -115.99434661865234 257.99624633789062 5.9765625
v -115.99412536621094 257.99575805664062 5.9765625
v -115.99505615234375 257.99722290039062 5.90625
v -115.99615478515625 257.99819946289062 5.953125
v -115.99505615234375 257.99722290039062 5.953125
v -115.99972534179688 257.99990844726562 5.8125
v -116.00505828857422 258.00106811523438 5.90625
v -115.99972534179688 257.99990844726562 5.90625
v -115.99392700195312 257.99481201171875 5.994140625
v -115.99391937255859 257.9947509765625 5.9970703125
v -115.99392700195312 257.994873046875 5.9970703125
v -115.99392700195312 257.99481201171875 5.9970703125
v -115.99393463134766 257.99496459960938 5.98828125
v -115.99394989013672 257.99508666992188 5.994140625
v -115.99393463134766 257.99496459960938 5.994140625
v -115.99404907226562 257.99551391601562 5.9765625
v -115.99412536621094 257.99575805664062 5.98828125
v -115.99404907226562 257.99551391601562 5.98828125
v -115.99408721923828 257.99563598632812 5.98828125
v -115.99404907226562 257.99551391601562 5.994140625
v -115.99412536621094 257.99575805664062 5.994140625
v -115.99408721923828 257.99563598632812 5.994140625
v -115.99422454833984 257.99600219726562 5.9765625
v -115.99434661865234 257.99624633789062 5.98828125
v -115.99422454833984 257.99600219726562 5.98828125
v -115.99465179443359 257.9967041015625 5.953125
v -115.99505615234375 257.99722290039062 5.9765625
v -115.99465179443359 257.9967041015625 5.9765625
v -115.99406433105469 257.99557495117188 5.994140625
v -115.99404907226562 257.99551391601562 5.9970703125
v -115.99408721923828 257.99563598632812 5.9970703125
v -115.99406433105469 257.99557495117188 5.9970703125
v -115.9940185546875 257.99542236328125 5.98828125
v -115.99398803710938 257.99530029296875 5.994140625
v -115.9940185546875 257.99542236328125 5.994140625
v -115.99448394775391 257.9964599609375 5.9765625
v -115.99465179443359 257.9967041015625 5.98828125
v -115.99448394775391 257.9964599609375 5.98828125
v -115.99456787109375 257.99658203125 5.98828125
v -115.99448394775391 257.9964599609375 5.994140625
v -115.99465179443359 257.9967041015625 5.994140625
v -115.99456787109375 257.99658203125 5.994140625
v -115.99484252929688 257.99697875976562 5.9765625
v -115.99505615234375 257.99722290039062 5.98828125
v -115.99484252929688 257.99697875976562 5.98828125
v -115.99555206298828 257.99771118164062 5.953125
v -115.99615478515625 257.99819946289062 5.9765625
v -115.99555206298828 257.99771118164062 5.9765625
v -115.99770355224609 257.99911499023438 5.90625
v -115.99972534179688 257.99990844726562 5.953125
v -115.99770355224609 257.99911499023438 5.953125
v -115.99452972412109 257.99652099609375 5.994140625
v -115.99448394775391 257.9964599609375 5.9970703125
v -115.99456787109375 257.99658203125 5.9970703125
v -115.99452972412109 257.99652099609375 5.9970703125
v -115.99441528320312 257.996337890625 5.98828125
v -115.99434661865234 257.99624633789062 5.994140625
v -115.99441528320312 257.996337890625 5.994140625
v -115.99687194824219 257.9986572265625 5.953125
v -115.99770355224609 257.99911499023438 5.9765625
v -115.99687194824219 257.9986572265625 5.9765625
v -115.99649810791016 257.9984130859375 5.9765625
v -115.99615478515625 257.99819946289062 5.98828125
v -115.99687194824219 257.9986572265625 5.98828125
v -115.99649810791016 257.9984130859375 5.98828125
v -115.99632263183594 257.998291015625 5.98828125
v -115.99615478515625 257.99819946289062 5.994140625
v -115.99649810791016 257.9984130859375 5.994140625
v -115.99632263183594 257.998291015625 5.994140625
v -115.99584197998047 257.99795532226562 5.9765625
v -115.99555206298828 257.99771118164062 5.98828125
v -115.99584197998047 257.99795532226562 5.98828125
v -116.00224304199219 258.00057983398438 5.90625
v -116.00505828857422 258.00106811523438 5.953125
v -116.00224304199219 258.00057983398438 5.953125
v -116.01048278808594 258.001708984375 5.8125
v -116.01380920410156 258.00186157226562 5.90625
v -116.01048278808594 258.001708984375 5.90625
v -116.00550079345703 258.00131225585938 5.625
v -115.96271514892578 258.00030517578125 5.8125
v -116.00550079345703 258.00131225585938 5.8125
v -116.00093078613281 258.00027465820312 5.953125
v -115.99972534179688 257.99990844726562 5.9765625
v -116.00224304199219 258.00057983398438 5.9765625
v -116.00093078613281 258.00027465820312 5.9765625
v -116.00031280517578 258.00009155273438 5.9765625
v -115.99972534179688 257.99990844726562 5.98828125
v -116.00093078613281 258.00027465820312 5.98828125
v -116.00031280517578 258.00009155273438 5.98828125
v -115.99864959716797 257.99951171875 5.953125
v -115.99864959716797 257.99951171875 5.9765625
v -116.00789642333984 258.00146484375 5.90625
v -116.01048278808594 258.001708984375 5.953125
v -116.00789642333984 258.00146484375 5.953125
v -116.00923919677734 258.0015869140625 5.953125
v -116.00789642333984 258.00146484375 5.9765625
v -116.01048278808594 258.001708984375 5.9765625
v -116.00923919677734 258.0015869140625 5.9765625
v -116.01254272460938 258.0018310546875 5.90625
v -116.01380920410156 258.00186157226562 5.953125
v -116.01254272460938 258.0018310546875 5.953125
v -116.01287841796875 258.001708984375 5.8125
v -116.00550079345703 258.00131225585938 5.90625
v -116.01287841796875 258.001708984375 5.90625
v -116.00987243652344 258.00164794921875 5.9765625
v -116.00923919677734 258.0015869140625 5.98828125
v -116.01048278808594 258.001708984375 5.98828125
v -116.00987243652344 258.00164794921875 5.98828125
v -116.0115966796875 258.00177001953125 5.953125
v -116.01254272460938 258.0018310546875 5.9765625
v -116.0115966796875 258.00177001953125 5.9765625
v -116.01401519775391 258.0018310546875 5.90625
v -116.01287841796875 258.001708984375 5.953125
v -116.01401519775391 258.0018310546875 5.953125
v -116.01406097412109 258.00186157226562 5.953125
v -116.01380920410156 258.00186157226562 5.9765625
v -116.01401519775391 258.0018310546875 5.9765625
v -116.01406097412109 258.00186157226562 5.9765625
v -116.01396942138672 258.00186157226562 5.9765625
v -116.01380920410156 258.00186157226562 5.98828125
v -116.01406097412109 258.00186157226562 5.98828125
v -116.01396942138672 258.00186157226562 5.98828125
v -116.01329040527344 258.00186157226562 5.953125
v -116.01329040527344 258.00186157226562 5.9765625
v -116.01402282714844 258.00186157226562 5.98828125
v -116.01396942138672 258.00186157226562 5.994140625
v -116.01406097412109 258.00186157226562 5.994140625
v -116.01402282714844 258.00186157226562 5.994140625
v -116.01407623291016 258.0018310546875 5.9765625
v -116.01401519775391 258.0018310546875 5.98828125
v -116.01407623291016 258.0018310546875 5.98828125
v -116.01362609863281 258.00177001953125 5.953125
v -116.01287841796875 258.001708984375 5.9765625
v -116.01362609863281 258.00177001953125 5.9765625
v -116.0101318359375 258.00152587890625 5.90625
v -116.00550079345703 258.00131225585938 5.953125
v -116.0101318359375 258.00152587890625 5.953125
v -115.989501953125 258.00079345703125 5.8125
v -115.96271514892578 258.00030517578125 5.90625
v -115.989501953125 258.00079345703125 5.90625
v -115.86982727050781 257.9996337890625 5.625
v -115.73219299316406 257.99951171875 5.8125
v -115.86982727050781 257.9996337890625 5.8125
v -115.39886474609375 257.99996948242188 5.25
v -115.09037780761719 258.0001220703125 5.625
v -115.39886474609375 257.99996948242188 5.625
v -114.51242065429688 257.99996948242188 4.5
v -113.91819000244141 258 5.25
v -114.51242065429688 257.99996948242188 5.25
v -116.01399993896484 258.00186157226562 5.994140625
v -116.01396942138672 258.00186157226562 5.9970703125
v -116.01402282714844 258.00186157226562 5.9970703125
v -116.01399993896484 258.00186157226562 5.9970703125
v -116.01390075683594 258.00186157226562 5.98828125
v -116.01380920410156 258.00186157226562 5.994140625
v -116.01390075683594 258.00186157226562 5.994140625
v -116.01358032226562 258.00186157226562 5.9765625
v -116.01329040527344 258.00186157226562 5.98828125
v -116.01358032226562 258.00186157226562 5.98828125
v -116.01405334472656 258.0018310546875 5.98828125
v -116.01407623291016 258.0018310546875 5.994140625
v -116.01401519775391 258.0018310546875 5.994140625
v -116.01405334472656 258.0018310546875 5.994140625
v -116.01386260986328 258.00180053710938 5.9765625
v -116.01362609863281 258.00177001953125 5.98828125
v -116.01386260986328 258.00180053710938 5.98828125
v -116.01406860351562 258.0018310546875 5.994140625
v -116.01405334472656 258.0018310546875 5.9970703125
v -116.01406860351562 258.0018310546875 5.9970703125
v -116.01407623291016 258.00186157226562 5.98828125
v -116.01407623291016 258.00186157226562 5.994140625
v -116.01407623291016 258.0018310546875 5.9970703125
v -116.01406860351562 258.0018310546875 5.99853515625
v -116.01407623291016 258.0018310546875 5.99853515625
v -116.01408386230469 258.0018310546875 5.994140625
v -116.01407623291016 258.00186157226562 5.9970703125
v -116.01408386230469 258.0018310546875 5.9970703125
v -116.01407623291016 258.0018310546875 5.999267578125
v -116.01407623291016 258.0018310546875 5.999267578125
v -116.01407623291016 258.0018310546875 5.9970703125
v -116.01408386230469 258.0018310546875 5.99853515625
v -116.01407623291016 258.0018310546875 5.99853515625
v -116.01407623291016 258.0018310546875 5.9996337890625
v -116.01407623291016 258.0018310546875 5.9996337890625
v -116.01406860351562 258.0018310546875 5.99853515625
v -116.01406860351562 258.0018310546875 5.999267578125
v -116.01406860351562 258.0018310546875 5.999267578125
v -116.01406097412109 258.0018310546875 5.9970703125
v -116.01405334472656 258.0018310546875 5.99853515625
v -116.01406097412109 258.0018310546875 5.99853515625
v -116.0140380859375 258.0018310546875 5.994140625
v -116.01401519775391 258.0018310546875 5.9970703125
v -116.0140380859375 258.0018310546875 5.9970703125
v -116.01394653320312 258.00180053710938 5.98828125
v -116.01386260986328 258.00180053710938 5.994140625
v -116.01394653320312 258.00180053710938 5.994140625
v -111.76976013183594 258 3
v -110.80265808105469 258 4.5
v -111.76976013183594 258 4.5
v -109.83554840087891 258 3
v -108.86843872070312 258 4.5
v -109.83554840087891 258 4.5
v -106.93421936035156 258 3
v -107.90132904052734 258 3
v -106.93421936035156 258 4.5
v -107.90132904052734 258 4.5
v -105.96710968017578 258 3
v -105.96710968017578 258 4.5
v -105.48355102539062 258 4.5
v -105.96710968017578 258 5.25
v -105.48355102539062 258 5.25
v -116 245.57080078125 -3
v -116 245.57080078125 3
v -105 258 6
v -105 260 -6
v -105 260 6
v -118 245.57080078125 6
v -118 245.57080078125 -6
v -118 246.13330078125 -6
v -118 246.69580078125 -6
v -118 247.25830078125 -6
v -118 247.82080078125 -6
v -118 248.38330078125 -6
v -118 248.94580078125 -6
v -118 249.50830078125 -6
v -118 250.07080078125 -6
v -118 250.63330078125 -6
v -118 251.19580078125 -6
v -118 251.75830078125 -6
v -118 252.32080078125 -6
v -118 252.88330078125 -6
v -118 253.44580078125 -6
v -118 254.00830078125 -6
v -118 254.57080078125 -6
v -118 255.13330078125 -6
v -118 255.69580078125 -6
v -118 256.25830078125 -6
v -118 256.82080078125 -6
v -118 257.38330078125 -6
v -118 257.94580078125 -6
v -117.97605895996094 258.36041259765625 -6
v -117.80294036865234 258.86569213867188 -6
v -117.38544464111328 259.39993286132812 -6
v -116.848388671875 259.8111572265625 -6
v -116.34690856933594 259.97900390625 -6
v -115.9375 260 -6
v -115.375 260 -6
v -114.8125 260 -6
v -114.25 260 -6
v -113.6875 260 -6
v -113.125 260 -6
v -112.5625 260 -6
v -112 260 -6
v -111.4375 260 -6
v -110.875 260 -6
v -110.3125 260 -6
v -109.75 260 -6
v -109.1875 260 -6
v -108.625 260 -6
v -108.0625 260 -6
v -107.5 260 -6
v -106.9375 260 -6
v -106.375 260 -6
v -105.8125 260 -6
v -105.25 260 -6
v -118 245.57080078125 0
v -118 250.0032958984375 0
v -118 247.78704833984375 0
v -118 246.67892456054688 0
v -118 245.57080078125 -3
v -118 247.78704833984375 -3
v -118 246.67892456054688 -3
v -118 246.12486267089844 -3
v -118 246.67892456054688 -4.5
v -118 246.12486267089844 -4.5
v -118 247.23298645019531 -3
v -118 247.78704833984375 -4.5
v -118 247.23298645019531 -4.5
v -118 248.89517211914062 0
v -118 250.0032958984375 -3
v -118 248.89517211914062 -3
v -118 254.39640808105469 0
v -118 252.19985961914062 0
v -118 248.34111022949219 -3
v -118 248.89517211914062 -4.5
v -118 248.34111022949219 -4.5
v -118 249.44923400878906 -3
v -118 250.0032958984375 -4.5
v -118 249.44923400878906 -4.5
v -118 251.10157775878906 0
v -118 252.19985961914062 -3
v -118 251.10157775878906 -3
v -118 250.55244445800781 -3
v -118 251.10157775878906 -4.5
v -118 250.55244445800781 -4.5
v -118 251.65071105957031 -3
v -118 252.19985961914062 -4.5
v -118 251.65071105957031 -4.5
v -118 253.29814147949219 0
v -118 254.39640808105469 -3
v -118 253.29814147949219 -3
v -117.83656311035156 258.80157470703125 0
v -117.99999237060547 256.434326171875 0
v -118 252.74899291992188 -3
v -118 253.29814147949219 -4.5
v -118 252.74899291992188 -4.5
v -118 253.8472900390625 -3
v -118 254.39640808105469 -4.5
v -118 253.8472900390625 -4.5
v -118 255.41583251953125 0
v -117.99999237060547 256.434326171875 -3
v -118 255.41583251953125 -3
v -118 254.90621948242188 -3
v -118 255.41583251953125 -4.5
v -118 254.90621948242188 -4.5
v -118 255.92611694335938 -3
v -117.99999237060547 256.434326171875 -4.5
v -118 255.92611694335938 -4.5
v -117.99995422363281 257.448974609375 0
v -117.83656311035156 258.80157470703125 -3
v -117.99995422363281 257.448974609375 -3
v -113.86216735839844 260 0
v -115.47035980224609 259.99972534179688 0
v -118.00002288818359 256.94821166992188 -3
v -117.99995422363281 257.448974609375 -4.5
v -118.00002288818359 256.94821166992188 -4.5
v -118.00003051757812 257.97012329101562 -3
v -117.83656311035156 258.80157470703125 -4.5
v -118.00003051757812 257.97012329101562 -4.5
v -116.46247863769531 259.95724487304688 0
v -115.47035980224609 259.99972534179688 -3
v -116.46247863769531 259.95724487304688 -3
v -117.21932983398438 259.5521240234375 -3
v -116.46247863769531 259.95724487304688 -4.5
v -117.21932983398438 259.5521240234375 -4.5
v -115.87179565429688 259.9996337890625 -3
v -115.47035980224609 259.99972534179688 -4.5
v -115.87179565429688 259.9996337890625 -4.5
v -114.66889190673828 259.99993896484375 0
v -113.86216735839844 260 -3
v -114.66889190673828 259.99993896484375 -3
v -109.42765808105469 260 0
v -111.64476776123047 260 0
v -115.08057403564453 260.00018310546875 -3
v -114.66889190673828 259.99993896484375 -4.5
v -115.08057403564453 260.00018310546875 -4.5
v -114.26609039306641 260 -3
v -113.86216735839844 260 -4.5
v -114.26609039306641 260 -4.5
v -112.75334167480469 260 0
v -111.64476776123047 260 -3
v -112.75334167480469 260 -3
v -113.30751800537109 260 -3
v -112.75334167480469 260 -4.5
v -113.30751800537109 260 -4.5
v -112.19903564453125 260 -3
v -111.64476776123047 260 -4.5
v -112.19903564453125 260 -4.5
v -110.53620910644531 260 0
v -109.42765808105469 260 -3
v -110.53620910644531 260 -3
v -105 260 0
v -107.21382904052734 260 0
v -111.09048461914062 260 -3
v -110.53620910644531 260 -4.5
v -111.09048461914062 260 -4.5
v -109.98193359375 260 -3
v -109.42765808105469 260 -4.5
v -109.98193359375 260 -4.5
v -108.32073974609375 260 0
v -107.21382904052734 260 -3
v -108.32073974609375 260 -3
v -108.87419891357422 260 -3
v -108.32073974609375 260 -4.5
v -108.87419891357422 260 -4.5
v -107.76728820800781 260 -3
v -107.21382904052734 260 -4.5
v -107.76728820800781 260 -4.5
v -106.10691070556641 260 0
v -106.10691070556641 260 -3
v -106.66036987304688 260 -3
v -106.10691070556641 260 -4.5
v -106.66036987304688 260 -4.5
v -105.55345916748047 260 -3
v -105.55345916748047 260 -4.5
v -105.27672576904297 260 -4.5
v -105.55345916748047 260 -5.25
v -105.27672576904297 260 -5.25
v -118 245.57080078125 3
v -105.25 260 6
v -105.8125 260 6
v -106.375 260 6
v -106.9375 260 6
v -107.5 260 6
v -108.0625 260 6
v -108.625 260 6
v -109.1875 260 6
v -109.75 260 6
v -110.3125 260 6
v -110.875 260 6
v -111.4375 260 6
v -112 260 6
v -112.5625 260 6
v -113.125 260 6
v -113.6875 260 6
v -114.25 260 6
v -114.8125 260 6
v -115.375 260 6
v -115.9375 260 6
v -116.34690856933594 259.97900390625 6
v -116.848388671875 259.8111572265625 6
v -117.38544464111328 259.39993286132812 6
v -117.80294036865234 258.86569213867188 6
v -117.97605895996094 258.36041259765625 6
v -118 257.94580078125 6
v -118 257.38330078125 6
v -118 256.82080078125 6
v -118 256.25830078125 6
v -118 255.69580078125 6
v -118 255.13330078125 6
v -118 254.57080078125 6
v -118 254.00830078125 6
v -118 253.44580078125 6
v -118 252.88330078125 6
v -118 252.32080078125 6
v -118 251.75830078125 6
v -118 251.19580078125 6
v -118 250.63330078125 6
v -118 250.07080078125 6
v -118 249.50830078125 6
v -118 248.94580078125 6
v -118 248.38330078125 6
v -118 247.82080078125 6
v -118 247.25830078125 6
v -118 246.69580078125 6
v -118 246.13330078125 6
v -107.21382904052734 260 3
v -106.10691070556641 260 3
v -106.10691070556641 260 4.5
v -105.55345916748047 260 3
v -105.55345916748047 260 4.5
v -105.55345916748047 260 5.25
v -105.27672576904297 260 4.5
v -105.27672576904297 260 5.25
v -107.21382904052734 260 4.5
v -106.66036987304688 260 3
v -106.66036987304688 260 4.5
v -109.42765808105469 260 3
v -108.32073974609375 260 3
v -108.32073974609375 260 4.5
v -107.76728820800781 260 3
v -107.76728820800781 260 4.5
v -109.42765808105469 260 4.5
v -108.87419891357422 260 3
v -108.87419891357422 260 4.5
v -111.64476776123047 260 3
v -110.53620910644531 260 3
v -110.53620910644531 260 4.5
v -109.98193359375 260 3
v -109.98193359375 260 4.5
v -111.64476776123047 260 4.5
v -111.09048461914062 260 3
v -111.09048461914062 260 4.5
v -113.86216735839844 260 3
v -112.75334167480469 260 3
v -112.75334167480469 260 4.5
v -112.19903564453125 260 3
v -112.19903564453125 260 4.5
v -113.86216735839844 260 4.5
v -113.30751800537109 260 3
v -113.30751800537109 260 4.5
v -115.47035980224609 259.99972534179688 3
v -114.66889190673828 259.99993896484375 3
v -114.66889190673828 259.99993896484375 4.5
v -114.26609039306641 260 3
v -114.26609039306641 260 4.5
v -115.47035980224609 259.99972534179688 4.5
v -115.08057403564453 260.00018310546875 3
v -115.08057403564453 260.00018310546875 4.5
v -117.83656311035156 258.80157470703125 3
v -116.46247863769531 259.95724487304688 3
v -116.46247863769531 259.95724487304688 4.5
v -115.87179565429688 259.9996337890625 3
v -115.87179565429688 259.9996337890625 4.5
v -117.83656311035156 258.80157470703125 4.5
v -117.21932983398438 259.5521240234375 3
v -117.21932983398438 259.5521240234375 4.5
v -117.99999237060547 256.434326171875 3
v -117.99995422363281 257.448974609375 3
v -117.99995422363281 257.448974609375 4.5
v -118.00003051757812 257.97012329101562 3
v -118.00003051757812 257.97012329101562 4.5
v -117.99999237060547 256.434326171875 4.5
v -118.00002288818359 256.94821166992188 3
v -118.00002288818359 256.94821166992188 4.5
v -118 254.39640808105469 3
v -118 255.41583251953125 3
v -118 255.41583251953125 4.5
v -118 255.92611694335938 3
v -118 255.92611694335938 4.5
v -118 254.39640808105469 4.5
v -118 254.90621948242188 3
v -118 254.90621948242188 4.5
v -118 252.19985961914062 3
v -118 253.29814147949219 3
v -118 253.29814147949219 4.5
v -118 253.8472900390625 3
v -118 253.8472900390625 4.5
v -118 252.19985961914062 4.5
v -118 252.74899291992188 3
v -118 252.74899291992188 4.5
v -118 250.0032958984375 3
v -118 251.10157775878906 3
v -118 251.10157775878906 4.5
v -118 251.65071105957031 3
v -118 251.65071105957031 4.5
v -118 250.0032958984375 4.5
v -118 250.55244445800781 3
v -118 250.55244445800781 4.5
v -118 247.78704833984375 3
v -118 248.89517211914062 3
v -118 248.89517211914062 4.5
v -118 249.44923400878906 3
v -118 249.44923400878906 4.5
v -118 247.78704833984375 4.5
v -118 248.34111022949219 3
v -118 248.34111022949219 4.5
v -118 246.67892456054688 3
v -118 246.67892456054688 4.5
v -118 247.23298645019531 3
v -118 247.23298645019531 4.5
v -118 246.12486267089844 3
v -118 246.12486267089844 4.5
v -118 245.57080078125 6
v -118 245.57080078125 0
v -116 245.57080078125 -6
v -117 245.57080078125 -6
v -116 245.57080078125 -3
v -118 245.57080078125 -6
v -118 245.57080078125 -3
v -118 245.57080078125 3
v -117 245.57080078125 6
v -116 245.57080078125 6
v -116 245.57080078125 3
v -116 245.57080078125 0
v -105 260 -6
v -105 258 6
v -105 259 -6
v -105 258 0
v -105 259 0
v -105 259 -3
v -105 259.5 0
v -105 259.5 -3
v -105 258.5 0
v -105 258.5 -3
v -105 260 6
v -105 260 0
v -105 259 6
v -105 259 3
v -105 258.5 3
v -105 259.5 3
v -105 258 -6
v -116.60004425048828 257.11441040039062 -6
v -116.60004425048828 258.557373046875 -6
v -115.20004272460938 258.557373046875 -6
v -113.80003356933594 258.557373046875 -6
v -116.00151824951172 258.01748657226562 -6
v -116.00156402587891 258.0177001953125 -6
v -116.00160217285156 258.01760864257812 -6
v -116.00146484375 258.0120849609375 -6
v -115.99859619140625 257.99594116210938 -6
v -115.99697875976562 257.99371337890625 -6
v -115.99618530273438 257.99319458007812 -6
v -115.99545288085938 257.9930419921875 -6
v -115.99482727050781 257.99313354492188 -6
v -115.99433898925781 257.99349975585938 -6
v -115.9940185546875 257.99407958984375 -6
v -115.99392700195312 257.99478149414062 -6
v -115.99407958984375 257.99563598632812 -6
v -115.99452209472656 257.99652099609375 -6
v -115.99645233154297 257.99838256835938 -6
v -116.01399993896484 258.00186157226562 -6
v -116.01407623291016 258.0018310546875 -6
v -116.01332855224609 258.00173950195312 -6
v -115.90004730224609 258.557373046875 -6
v -116.60004425048828 257.83587646484375 -6
v -115.90004730224609 258.19662475585938 -6
v -116.25004577636719 258.557373046875 -6
v -116.60004425048828 258.19662475585938 -6
v -116.25004577636719 257.83587646484375 -6
v -116.25004577636719 258.19662475585938 -6
v -115.20004272460938 259.27883911132812 -6
v -116.60004425048828 259.27883911132812 -6
v -115.90004730224609 259.27883911132812 -6
v -117.300048828125 258.557373046875 -6
v -117.300048828125 257.11441040039062 -6
v -117.300048828125 257.83587646484375 -6
v -116.07504272460938 258.19662475585938 -6
v -116.25004577636719 258.01626586914062 -6
v -116.07504272460938 257.83587646484375 -6
v -116.07504272460938 258.01626586914062 -6
v -116.60004425048828 257.47515869140625 -6
v -116.25004577636719 257.11441040039062 -6
v -116.25004577636719 257.47515869140625 -6
v -115.20004272460938 258.19662475585938 -6
v -115.55004119873047 258.557373046875 -6
v -115.55004119873047 258.19662475585938 -6
v -114.50003814697266 258.557373046875 -6
v -115.90004730224609 258.1064453125 -6
v -115.987548828125 258.19662475585938 -6
v -116.07504272460938 258.1064453125 -6
v -115.987548828125 258.1064453125 -6
v -115.72504425048828 258.19662475585938 -6
v -115.90004730224609 258.37698364257812 -6
v -116.07504272460938 258.557373046875 -6
v -116.25004577636719 258.37698364257812 -6
v -116.07504272460938 258.37698364257812 -6
v -115.90004730224609 258.9180908203125 -6
v -116.25004577636719 259.27883911132812 -6
v -116.60004425048828 258.9180908203125 -6
v -116.25004577636719 258.9180908203125 -6
v -115.987548828125 258.06134033203125 -6
v -116.03129577636719 258.1064453125 -6
v -116.07504272460938 258.06134033203125 -6
v -116.03129577636719 258.01626586914062 -6
v -116.03129577636719 258.06134033203125 -6
v -116.16254425048828 258.19662475585938 -6
v -116.25004577636719 258.1064453125 -6
v -116.16254425048828 258.01626586914062 -6
v -116.16254425048828 258.1064453125 -6
v -116.425048828125 258.19662475585938 -6
v -116.60004425048828 258.01626586914062 -6
v -116.425048828125 257.83587646484375 -6
v -116.425048828125 258.01626586914062 -6
v -116.95005035400391 258.557373046875 -6
v -117.300048828125 258.19662475585938 -6
v -116.95005035400391 257.83587646484375 -6
v -116.95005035400391 258.19662475585938 -6
v -116.07504272460938 257.92608642578125 -6
v -116.25004577636719 257.655517578125 -6
v -116.07504272460938 257.47515869140625 -6
v -116.07504272460938 257.655517578125 -6
v -115.987548828125 258.038818359375 -6
v -116.00942230224609 258.06134033203125 -6
v -116.03129577636719 258.038818359375 -6
v -116.00942230224609 258.01626586914062 -6
v -116.00942230224609 258.038818359375 -6
v -116.07504272460938 257.97116088867188 -6
v -116.03129577636719 257.92608642578125 -6
v -116.03129577636719 257.97116088867188 -6
v -116.25004577636719 257.92608642578125 -6
v -116.16254425048828 257.83587646484375 -6
v -116.16254425048828 257.92608642578125 -6
v -115.94379425048828 258.1064453125 -6
v -115.9375 258 -6
v -115.72504425048828 258.19662475585938 -6
v -115.81254577636719 258.19662475585938 -6
v -115.90004730224609 258.1064453125 -6
v -115.55004119873047 258.37698364257812 -6
v -115.72504425048828 258.557373046875 -6
v -115.72504425048828 258.37698364257812 -6
v -115.20004272460938 258.9180908203125 -6
v -115.55004119873047 259.27883911132812 -6
v -115.55004119873047 258.9180908203125 -6
v -113.80003356933594 259.27883911132812 -6
v -114.50003814697266 259.27883911132812 -6
v -115.9375 258 -6
v -115.99848175048828 258.038818359375 -6
v -116.00942230224609 258.02752685546875 -6
v -115.99848175048828 258.02752685546875 -6
v -116.03129577636719 257.99371337890625 -6
v -116.00942230224609 257.97116088867188 -6
v -116.00942230224609 257.99371337890625 -6
v -115.96566772460938 258.06134033203125 -6
v -115.9375 258 -6
v -115.99848175048828 258.02188110351562 -6
v -116.00395202636719 258.02752685546875 -6
v -116.00942230224609 258.02188110351562 -6
v -116.00395202636719 258.01626586914062 -6
v -116.00395202636719 258.02188110351562 -6
v -116.02035522460938 258.038818359375 -6
v -116.03129577636719 258.02752685546875 -6
v -116.02035522460938 258.01626586914062 -6
v -116.02035522460938 258.02752685546875 -6
v -116.05316925048828 258.06134033203125 -6
v -116.07504272460938 258.038818359375 -6
v -116.05316925048828 258.01626586914062 -6
v -116.05316925048828 258.038818359375 -6
v -116.11879730224609 258.1064453125 -6
v -116.16254425048828 258.06134033203125 -6
v -116.11879730224609 258.01626586914062 -6
v -116.11879730224609 258.06134033203125 -6
v -116.00942230224609 258.00497436523438 -6
v -116.001220703125 258.02188110351562 -6
v -116.00395202636719 258.01907348632812 -6
v -116.001220703125 258.01907348632812 -6
v -116.00942230224609 258.0106201171875 -6
v -115.9375 258 -6
v -115.9375 258 -6
v -116.03129577636719 258.00497436523438 -6
v -116.02035522460938 257.99371337890625 -6
v -116.02035522460938 258.00497436523438 -6
v -116.07504272460938 257.99371337890625 -6
v -116.05316925048828 257.97116088867188 -6
v -116.05316925048828 257.99371337890625 -6
v -116.16254425048828 257.97116088867188 -6
v -116.11879730224609 257.92608642578125 -6
v -116.11879730224609 257.97116088867188 -6
v -115.99301147460938 258.02752685546875 -6
v -115.9375 258 -6
v -115.97660827636719 258.038818359375 -6
v -116.00258636474609 258.01907348632812 -6
v -116.00395202636719 258.01766967773438 -6
v -115.9375 258 -6
v -116.00258636474609 258.01766967773438 -6
v -116.00668334960938 258.02188110351562 -6
v -116.00942230224609 258.01907348632812 -6
v -116.00668334960938 258.01626586914062 -6
v -116.00668334960938 258.01907348632812 -6
v -116.014892578125 258.02752685546875 -6
v -116.02035522460938 258.02188110351562 -6
v -116.014892578125 258.01626586914062 -6
v -116.014892578125 258.02188110351562 -6
v -115.9375 258 -6
v -115.9375 258 -6
v -116.00189971923828 258.01907348632812 -6
v -116.00258636474609 258.01837158203125 -6
v -116.00189971923828 258.01766967773438 -6
v -115.9375 258 -6
v -115.9375 258 -6
v -115.99575042724609 258.02188110351562 -6
v -115.9375 258 -6
v -116.001220703125 258.02047729492188 -6
v -116.00258636474609 258.02188110351562 -6
v -116.00395202636719 258.02047729492188 -6
v -116.00258636474609 258.02047729492188 -6
v -115.99848175048828 258.02471923828125 -6
v -116.001220703125 258.02752685546875 -6
v -116.00395202636719 258.02471923828125 -6
v -116.001220703125 258.02471923828125 -6
v -115.99848175048828 258.03317260742188 -6
v -116.00395202636719 258.038818359375 -6
v -116.00942230224609 258.03317260742188 -6
v -116.00395202636719 258.03317260742188 -6
v -115.987548828125 258.05007934570312 -6
v -115.99848175048828 258.06134033203125 -6
v -116.00942230224609 258.05007934570312 -6
v -115.99848175048828 258.05007934570312 -6
v -115.987548828125 258.08389282226562 -6
v -116.00942230224609 258.1064453125 -6
v -116.03129577636719 258.08389282226562 -6
v -116.00942230224609 258.08389282226562 -6
v -115.987548828125 258.15151977539062 -6
v -116.03129577636719 258.19662475585938 -6
v -116.07504272460938 258.15151977539062 -6
v -116.03129577636719 258.15151977539062 -6
v -115.90004730224609 258.28680419921875 -6
v -115.987548828125 258.37698364257812 -6
v -116.07504272460938 258.28680419921875 -6
v -115.987548828125 258.28680419921875 -6
v -115.9375 258 -6
v -115.9375 258 -6
v -116.00258636474609 258.0169677734375 -6
v -115.9375 258 -6
v -116.00395202636719 258.01486206054688 -6
v -115.9375 258 -6
v -116.00942230224609 258.013427734375 -6
v -116.00668334960938 258.0106201171875 -6
v -116.00668334960938 258.013427734375 -6
v -116.02035522460938 258.0106201171875 -6
v -116.014892578125 258.00497436523438 -6
v -116.014892578125 258.0106201171875 -6
v -116.00053405761719 258.01907348632812 -6
v -115.99848175048828 258.02047729492188 -6
v -115.99984741210938 258.02188110351562 -6
v -115.99984741210938 258.02047729492188 -6
v -116.00189971923828 258.01785278320312 -6
v -115.9375 258 -6
v -116.00224304199219 258.01837158203125 -6
v -116.00258636474609 258.01800537109375 -6
v -116.00224304199219 258.01766967773438 -6
v -116.00224304199219 258.01800537109375 -6
v -116.00326538085938 258.01907348632812 -6
v -116.00395202636719 258.01837158203125 -6
v -116.00326538085938 258.01766967773438 -6
v -116.00326538085938 258.01837158203125 -6
v -116.00531768798828 258.01907348632812 -6
v -116.00668334960938 258.01766967773438 -6
v -116.00531768798828 258.01626586914062 -6
v -116.00531768798828 258.01766967773438 -6
v -116.00189971923828 258.01730346679688 -6
v -116.00155639648438 258.0169677734375 -6
v -115.9375 258 -6
v -116.00189971923828 258.01748657226562 -6
v -116.00173187255859 258.01730346679688 -6
v -115.9375 258 -6
v -116.00258636474609 258.01730346679688 -6
v -116.00224304199219 258.0169677734375 -6
v -116.00224304199219 258.01730346679688 -6
v -116.00395202636719 258.0169677734375 -6
v -116.00326538085938 258.01626586914062 -6
v -116.00326538085938 258.0169677734375 -6
v -115.9375 258 -6
v -115.9375 258 -6
v -116.00942230224609 257.98245239257812 -6
v -116.03129577636719 257.9486083984375 -6
v -116 257.94580078125 -6
v -116.07504272460938 257.8809814453125 -6
v -116.07504272460938 257.83587646484375 -6
v -116.07504272460938 257.83587646484375 -6
v -116.00942230224609 257.98806762695312 -6
v -116.00942230224609 257.98245239257812 -6
v -116.03129577636719 257.98245239257812 -6
v -116.02035522460938 257.97116088867188 -6
v -116.02035522460938 257.98245239257812 -6
v -115.9375 258 -6
v -116.02035522460938 257.99935913085938 -6
v -116.014892578125 257.99371337890625 -6
v -116.014892578125 257.99935913085938 -6
v -115.9375 258 -6
v -115.9375 258 -6
v -116.014892578125 258.00216674804688 -6
v -116.01215362548828 257.99935913085938 -6
v -116.014892578125 258.00497436523438 -6
v -116.014892578125 258.00497436523438 -6
v -116.014892578125 258.00076293945312 -6
v -116.01351928710938 257.99935913085938 -6
v -116.01351928710938 258.00076293945312 -6
v -116.01762390136719 258.00497436523438 -6
v -116.02035522460938 258.00216674804688 -6
v -116.01762390136719 257.99935913085938 -6
v -116.01762390136719 258.00216674804688 -6
v -116.02582550048828 258.00497436523438 -6
v -116.03129577636719 257.99935913085938 -6
v -116.02582550048828 257.99371337890625 -6
v -116.02582550048828 257.99935913085938 -6
v -116.042236328125 258.01626586914062 -6
v -116.05316925048828 258.00497436523438 -6
v -116.042236328125 257.99371337890625 -6
v -116.042236328125 258.00497436523438 -6
v -116.00942230224609 257.99652099609375 -6
v -116.014892578125 257.99652099609375 -6
v -116.01215362548828 257.99371337890625 -6
v -116.01215362548828 257.99652099609375 -6
v -116.02035522460938 257.98806762695312 -6
v -116.014892578125 257.98245239257812 -6
v -116.014892578125 257.98806762695312 -6
v -116.014892578125 258.00146484375 -6
v -116.01420593261719 258.00076293945312 -6
v -116.014892578125 258.00497436523438 -6
v -116.014892578125 258.00497436523438 -6
v -116.014892578125 258.00497436523438 -6
v -116.014892578125 258.00497436523438 -6
v -116.00942230224609 258.0078125 -6
v -116.01215362548828 258.0106201171875 -6
v -116.014892578125 258.0078125 -6
v -116.01215362548828 258.0078125 -6
v -116.01625823974609 258.00216674804688 -6
v -116.01762390136719 258.00076293945312 -6
v -116.01625823974609 257.99935913085938 -6
v -116.01625823974609 258.00076293945312 -6
v -116.02035522460938 257.99652099609375 -6
v -116.01762390136719 257.99371337890625 -6
v -116.01762390136719 257.99652099609375 -6
v -116.014892578125 258.00497436523438 -6
v -116.01284027099609 258.00076293945312 -6
v -116.014892578125 258.00497436523438 -6
v -116.01078796386719 258.00216674804688 -6
v -116.01078796386719 257.99935913085938 -6
v -116.014892578125 258.00497436523438 -6
v -115.9375 258 -6
v -116.00668334960938 258.00497436523438 -6
v -116.00668334960938 258.00216674804688 -6
v -116.014892578125 258.00286865234375 -6
v -116.01625823974609 258.00497436523438 -6
v -116.01762390136719 258.00357055664062 -6
v -116.01625823974609 258.00357055664062 -6
v -116.01762390136719 258.0106201171875 -6
v -116.02035522460938 258.0078125 -6
v -116.01762390136719 258.0078125 -6
v -116.02582550048828 258.01626586914062 -6
v -116.03129577636719 258.0106201171875 -6
v -116.02582550048828 258.0106201171875 -6
v -116.014892578125 258.00497436523438 -6
v -116.014892578125 258.00497436523438 -6
v -116.01215362548828 258.00286865234375 -6
v -116.00942230224609 258.00357055664062 -6
v -116.01078796386719 258.00497436523438 -6
v -116.01078796386719 258.00357055664062 -6
v -116.01454925537109 258.00216674804688 -6
v -116.014892578125 258.00180053710938 -6
v -116.01454925537109 258.00146484375 -6
v -116.01454925537109 258.00180053710938 -6
v -116.01557159423828 258.00216674804688 -6
v -116.01625823974609 258.00146484375 -6
v -116.01557159423828 258.00076293945312 -6
v -116.01557159423828 258.00146484375 -6
v -115.9375 258 -6
v -116.014892578125 258.00497436523438 -6
v -115.9375 258 -6
v -116.00138854980469 258.011474609375 -6
v -115.9375 258 -6
v -113.80003356933594 258.557373046875 6
v -115.20004272460938 258.557373046875 6
v -116.60004425048828 257.11441040039062 6
v -116.60004425048828 258.557373046875 6
v -116.01407623291016 258.0018310546875 6
v -116.01399993896484 258.00186157226562 6
v -115.99645233154297 257.99838256835938 6
v -115.99452209472656 257.99652099609375 6
v -115.99407958984375 257.99563598632812 6
v -115.99392700195312 257.99478149414062 6
v -115.9940185546875 257.99407958984375 6
v -115.99433898925781 257.99349975585938 6
v -115.99482727050781 257.99313354492188 6
v -115.99545288085938 257.9930419921875 6
v -115.99618530273438 257.99319458007812 6
v -115.99697875976562 257.99371337890625 6
v -115.99859619140625 257.99594116210938 6
v -116.00160217285156 258.01760864257812 6
v -116.00156402587891 258.0177001953125 6
v -116.00151824951172 258.01748657226562 6
v -116.60004425048828 257.83587646484375 6
v -115.90004730224609 258.557373046875 6
v -116.60004425048828 258.19662475585938 6
v -116.25004577636719 258.557373046875 6
v -115.90004730224609 258.19662475585938 6
v -116.25004577636719 257.83587646484375 6
v -116.25004577636719 258.19662475585938 6
v -117.300048828125 258.557373046875 6
v -117.300048828125 257.11441040039062 6
v -117.300048828125 257.83587646484375 6
v -116.60004425048828 259.27883911132812 6
v -115.20004272460938 259.27883911132812 6
v -115.90004730224609 259.27883911132812 6
v -116.07504272460938 258.19662475585938 6
v -115.9375 258 6
v -116.07504272460938 257.83587646484375 6
v -115.55004119873047 258.557373046875 6
v -115.20004272460938 258.19662475585938 6
v -115.55004119873047 258.19662475585938 6
v -114.50003814697266 258.557373046875 6
v -116.60004425048828 257.47515869140625 6
v -116.25004577636719 257.11441040039062 6
v -116.25004577636719 257.47515869140625 6
v -116.07504272460938 257.92608642578125 6
v -115.987548828125 258.01626586914062 6
v -115.72504425048828 258.19662475585938 6
v -115.55004119873047 258.01626586914062 6
v -115.72504425048828 258.01626586914062 6
v -116.25004577636719 257.655517578125 6
v -116.07504272460938 257.47515869140625 6
v -116.07504272460938 257.655517578125 6
v -116.07504272460938 257.97116088867188 6
v -116.07504272460938 257.97116088867188 6
v -116.03129577636719 257.97116088867188 6
v -116.16254425048828 257.83587646484375 6
v -116.07504272460938 257.97116088867188 6
v -116.60004425048828 258.01626586914062 6
v -116.425048828125 258.19662475585938 6
v -116.425048828125 257.83587646484375 6
v -117.300048828125 258.19662475585938 6
v -116.95005035400391 258.557373046875 6
v -116.95005035400391 257.83587646484375 6
v -116.95005035400391 258.19662475585938 6
v -116.07504272460938 258.1064453125 6
v -115.987548828125 258.19662475585938 6
v -115.90004730224609 258.1064453125 6
v -115.987548828125 258.1064453125 6
v -116.25004577636719 258.37698364257812 6
v -116.07504272460938 258.557373046875 6
v -115.90004730224609 258.37698364257812 6
v -116.07504272460938 258.37698364257812 6
v -116.60004425048828 258.9180908203125 6
v -116.25004577636719 259.27883911132812 6
v -115.90004730224609 258.9180908203125 6
v -116.25004577636719 258.9180908203125 6
v -116.03129577636719 257.99371337890625 6
v -116.00942230224609 257.97116088867188 6
v -116.00942230224609 257.99371337890625 6
v -116.07504272460938 257.97116088867188 6
v -116.03129577636719 258.1064453125 6
v -115.987548828125 258.06134033203125 6
v -116.03129577636719 258.06134033203125 6
v -116.25004577636719 258.19662475585938 6
v -116.16254425048828 258.19662475585938 6
v -116.16254425048828 258.1064453125 6
v -115.9375 258 6
v -115.72504425048828 258.01626586914062 6
v -115.9375 258 6
v -116.00942230224609 258.00497436523438 6
v -116.02035522460938 257.99371337890625 6
v -116.02035522460938 258.00497436523438 6
v -116.05316925048828 257.97116088867188 6
v -116.07504272460938 257.97116088867188 6
v -116.11879730224609 257.92608642578125 6
v -116.07504272460938 257.97116088867188 6
v -116.07504272460938 257.97116088867188 6
v -116.00942230224609 258.06134033203125 6
v -115.987548828125 258.038818359375 6
v -116.00942230224609 258.038818359375 6
v -115.94379425048828 258.1064453125 6
v -115.90004730224609 258.06134033203125 6
v -115.94379425048828 258.06134033203125 6
v -115.81254577636719 258.19662475585938 6
v -115.72504425048828 258.1064453125 6
v -115.81254577636719 258.1064453125 6
v -115.72504425048828 258.557373046875 6
v -115.55004119873047 258.37698364257812 6
v -115.72504425048828 258.37698364257812 6
v -115.55004119873047 259.27883911132812 6
v -115.20004272460938 258.9180908203125 6
v -115.55004119873047 258.9180908203125 6
v -113.80003356933594 259.27883911132812 6
v -114.50003814697266 259.27883911132812 6
v -116.02035522460938 257.99935913085938 6
v -115.9375 258 6
v -116.00080871582031 258.00057983398438 6
v -116.014892578125 257.99371337890625 6
v -116.014892578125 257.99935913085938 6
v -115.99848175048828 258.01626586914062 6
v -115.987548828125 258.00497436523438 6
v -116.00080871582031 258.00057983398438 6
v -115.9375 258 6
v -116.03129577636719 257.98245239257812 6
v -116.00942230224609 257.98245239257812 6
v -116.02035522460938 257.97116088867188 6
v -116.02035522460938 257.98245239257812 6
v -116.03129577636719 257.9486083984375 6
v -116.07504272460938 257.97116088867188 6
v -116 257.94580078125 6
v -116.07504272460938 257.8809814453125 6
v -116.07504272460938 257.83587646484375 6
v -116.07504272460938 257.83587646484375 6
v -115.9375 258 6
v -115.9375 258 6
v -116.00080871582031 258.00057983398438 6
v -116.01215362548828 257.99935913085938 6
v -115.9375 258 6
v -115.9375 258 6
v -115.9375 258 6
v -115.9375 258 6
v -116.02035522460938 258.038818359375 6
v -116.00942230224609 258.02752685546875 6
v -115.9375 258 6
v -116.05316925048828 258.06134033203125 6
v -116.11879730224609 258.1064453125 6
v -116.16254425048828 258.1064453125 6
v -116.00080871582031 258.00057983398438 6
v -116.00080871582031 258.00057983398438 6
v -116.014892578125 258.00076293945312 6
v -115.9375 258 6
v -116.01351928710938 257.99935913085938 6
v -116.01351928710938 258.00076293945312 6
v -116.014892578125 257.99652099609375 6
v -116.00942230224609 257.99652099609375 6
v -116.01215362548828 257.99371337890625 6
v -116.01215362548828 257.99652099609375 6
v -116.02035522460938 257.98806762695312 6
v -116.00942230224609 257.98806762695312 6
v -116.014892578125 257.98245239257812 6
v -116.014892578125 257.98806762695312 6
v -116.02035522460938 258.00216674804688 6
v -116.01762390136719 258.00497436523438 6
v -116.01762390136719 257.99935913085938 6
v -116.01762390136719 258.00216674804688 6
v -116.03129577636719 257.99935913085938 6
v -116.02582550048828 258.00497436523438 6
v -116.02582550048828 257.99371337890625 6
v -116.02582550048828 257.99935913085938 6
v -116.042236328125 257.99371337890625 6
v -116.07504272460938 257.97116088867188 6
v -115.9375 258 6
v -115.9375 258 6
v -116.01420593261719 258.00076293945312 6
v -116.01762390136719 258.00076293945312 6
v -116.01625823974609 258.00216674804688 6
v -116.01625823974609 257.99935913085938 6
v -116.01625823974609 258.00076293945312 6
v -116.02035522460938 257.99652099609375 6
v -116.01762390136719 257.99371337890625 6
v -116.01762390136719 257.99652099609375 6
v -115.9375 258 6
v -115.9375 258 6
v -115.9375 258 6
v -116.014892578125 258.0078125 6
v -115.9375 258 6
v -116.00942230224609 258.0078125 6
v -116.01215362548828 258.0078125 6
v -115.99848175048828 258.0106201171875 6
v -115.99848175048828 258.0106201171875 6
v -115.99848175048828 258.038818359375 6
v -115.987548828125 258.02752685546875 6
v -115.99848175048828 258.02752685546875 6
v -115.96566772460938 258.06134033203125 6
v -115.94379425048828 258.038818359375 6
v -115.96566772460938 258.038818359375 6
v -115.9375 258 6
v -116.014892578125 258.00286865234375 6
v -116.01762390136719 258.00357055664062 6
v -116.01625823974609 258.00497436523438 6
v -116.01625823974609 258.00357055664062 6
v -116.02035522460938 258.0078125 6
v -115.9375 258 6
v -116.01762390136719 258.0078125 6
v -115.9375 258 6
v -116.01284027099609 258.00076293945312 6
v -116.00080871582031 258.00057983398438 6
v -116.01078796386719 257.99935913085938 6
v -116.00080871582031 258.00057983398438 6
v -116.00668334960938 258.00497436523438 6
v -116.00080871582031 258.00057983398438 6
v -115.9375 258 6
v -115.9375 258 6
v -116.01625823974609 258.00146484375 6
v -116.01557159423828 258.00216674804688 6
v -116.01557159423828 258.00076293945312 6
v -116.01557159423828 258.00146484375 6
v -116.01215362548828 258.00286865234375 6
v -116.01078796386719 258.00497436523438 6
v -116.00942230224609 258.00357055664062 6
v -116.01078796386719 258.00357055664062 6
v -116.00080871582031 258.00057983398438 6
v -115.97660827636719 258.01626586914062 6
v -115.97660827636719 258.00497436523438 6
v -115.99575042724609 257.99371337890625 6
v -115.99575042724609 257.9951171875 6
v -115.994384765625 257.9951171875 6
v -115.987548828125 258.00497436523438 6
v -116.00942230224609 257.98245239257812 6
v -116.00395202636719 257.99090576171875 6
v -116.00942230224609 257.98245239257812 6
v -116.001220703125 257.99090576171875 6
v -115.9375 258 6
v -116.00395202636719 258.02752685546875 6
v -115.99848175048828 258.02188110351562 6
v -116.00395202636719 258.02188110351562 6
v -115.9375 258 6
v -116.001220703125 258.02188110351562 6
v -115.99848175048828 258.01907348632812 6
v -116.001220703125 258.01907348632812 6
v -115.99301147460938 258.02752685546875 6
v -115.987548828125 258.02188110351562 6
v -115.99301147460938 258.01626586914062 6
v -115.99301147460938 258.02188110351562 6
v -115.97660827636719 258.038818359375 6
v -115.96566772460938 258.02752685546875 6
v -115.97660827636719 258.02752685546875 6
v -116.00258636474609 258.01907348632812 6
v -115.99848175048828 258.0106201171875 6
v -115.987548828125 258.0106201171875 6
v -115.99301147460938 258.0106201171875 6
v -116.00668334960938 258.02188110351562 6
v -116.014892578125 258.02752685546875 6
v -115.99984741210938 258.01907348632812 6
v -115.99848175048828 258.01766967773438 6
v -115.99848175048828 258.0106201171875 6
v -115.99984741210938 258.01766967773438 6
v -115.99575042724609 258.02188110351562 6
v -115.99301147460938 258.01907348632812 6
v -115.99575042724609 258.01626586914062 6
v -115.99575042724609 258.01907348632812 6
v -116.00668334960938 258.0106201171875 6
v -115.99848175048828 258.0106201171875 6
v -115.99848175048828 258.0106201171875 6
v -115.99848175048828 258.0106201171875 6
v -116.00189971923828 258.01907348632812 6
v -115.99848175048828 258.0106201171875 6
v -115.99848175048828 258.0106201171875 6
v -116.00395202636719 258.02047729492188 6
v -116.00258636474609 258.02188110351562 6
v -116.001220703125 258.02047729492188 6
v -116.00258636474609 258.02047729492188 6
v -116.00395202636719 258.02471923828125 6
v -116.001220703125 258.02752685546875 6
v -115.99848175048828 258.02471923828125 6
v -116.001220703125 258.02471923828125 6
v -116.00942230224609 258.03317260742188 6
v -116.00395202636719 258.038818359375 6
v -115.99848175048828 258.03317260742188 6
v -116.00395202636719 258.03317260742188 6
v -116.00942230224609 258.05007934570312 6
v -115.99848175048828 258.06134033203125 6
v -115.987548828125 258.05007934570312 6
v -115.99848175048828 258.05007934570312 6
v -116.03129577636719 258.08389282226562 6
v -116.00942230224609 258.1064453125 6
v -115.987548828125 258.08389282226562 6
v -116.00942230224609 258.08389282226562 6
v -116.07504272460938 258.15151977539062 6
v -116.03129577636719 258.19662475585938 6
v -115.987548828125 258.15151977539062 6
v -116.03129577636719 258.15151977539062 6
v -116.07504272460938 258.28680419921875 6
v -115.987548828125 258.37698364257812 6
v -115.90004730224609 258.28680419921875 6
v -115.987548828125 258.28680419921875 6
v -116.00053405761719 258.01766967773438 6
v -115.99984741210938 258.0169677734375 6
v -116.00053405761719 258.0169677734375 6
v -115.99848175048828 258.01486206054688 6
v -115.99848175048828 258.0106201171875 6
v -115.99301147460938 258.013427734375 6
v -115.99575042724609 258.0106201171875 6
v -115.99575042724609 258.013427734375 6
v -115.99848175048828 258.0106201171875 6
v -115.99848175048828 258.0106201171875 6
v -116.00053405761719 258.01907348632812 6
v -115.99984741210938 258.01837158203125 6
v -116.00053405761719 258.01837158203125 6
v -115.99984741210938 258.02188110351562 6
v -115.99848175048828 258.02047729492188 6
v -115.99984741210938 258.02047729492188 6
v -116.00224304199219 258.01837158203125 6
v -116.00326538085938 258.01907348632812 6
v -115.9375 258 6
v -115.9375 258 6
v -116.00080871582031 258.00057983398438 6
v -115.99848175048828 258.0106201171875 6
v -116.01293182373047 258.00180053710938 6
v -116.00160980224609 258.01754760742188 5.99853515625
v -116.00160217285156 258.01760864257812 6
v -116.00160217285156 258.01760864257812 5.9996337890625
v -116.00160980224609 258.01754760742188 5.99853515625
v -116.00160217285156 258.01760864257812 5.9996337890625
v -116.00160217285156 258.01760864257812 5.999267578125
v -116.00151824951172 258.01748657226562 6
v -116.00156402587891 258.0177001953125 6
v -116.00156402587891 258.0177001953125 5.9996337890625
v -116.00151824951172 258.01748657226562 6
v -116.00156402587891 258.0177001953125 5.9996337890625
v -116.00156402587891 258.0177001953125 5.999267578125
v -116.01390075683594 258.00186157226562 -5.9970703125
v -116.01399993896484 258.00186157226562 -6
v -116.01399230957031 258.00186157226562 -5.9996337890625
v -116.01390075683594 258.00186157226562 -5.9970703125
v -116.01399230957031 258.00186157226562 -5.9996337890625
v -116.01398468017578 258.00186157226562 -5.999267578125
v -116.01390075683594 258.00186157226562 -5.9970703125
v -116.01398468017578 258.00186157226562 -5.999267578125
v -116.01396942138672 258.00186157226562 -5.99853515625
v -115.99407196044922 257.99392700195312 -5.994140625
v -115.99433898925781 257.99349975585938 -6
v -115.99428558349609 257.99356079101562 -5.9970703125
v -115.99407196044922 257.99392700195312 -5.994140625
v -115.99428558349609 257.99356079101562 -5.9970703125
v -115.99423217773438 257.99362182617188 -5.994140625
v -116.00151824951172 258.01748657226562 -6
v -116.00156402587891 258.0177001953125 -6
v -116.00156402587891 258.0177001953125 -5.9996337890625
v -116.00151824951172 258.01748657226562 -6
v -116.00156402587891 258.0177001953125 -5.9996337890625
v -116.00156402587891 258.0177001953125 -5.999267578125
v -115.9375 258 -6
v -116.00160980224609 258.01754760742188 5.99853515625
v -116.00160217285156 258.01760864257812 6
v -115.99848175048828 258.0106201171875 6
v -116.00160980224609 258.01754760742188 5.99853515625
v -115.99848175048828 258.0106201171875 6
v -116.00080871582031 258.00057983398438 6
v -116.00141143798828 258.016357421875 5.98828125
v -116.00080871582031 258.00057983398438 6
v -115.99848175048828 258.0106201171875 6
v -116.00141143798828 258.016357421875 5.98828125
v -115.99848175048828 258.0106201171875 6
v -116.00151824951172 258.01748657226562 6
v -116.00160980224609 258.01751708984375 -5.9970703125
v -116.00146484375 258.0120849609375 -6
v -115.9375 258 -6
v -116.01386260986328 258.00180053710938 5.994140625
v -116.01407623291016 258.0018310546875 6
v -116.01293182373047 258.00180053710938 6
v -116.01380920410156 258.00186157226562 5.994140625
v -116.00080871582031 258.00057983398438 6
v -116.01293182373047 258.00180053710938 6
v -116.01380920410156 258.00186157226562 5.994140625
v -116.01293182373047 258.00180053710938 6
v -116.01399993896484 258.00186157226562 6
v -116.0101318359375 258.00152587890625 -5.9765625
v -116.014892578125 258.00497436523438 -6
v -116.01332855224609 258.00173950195312 -6
v -116.00138854980469 258.01080322265625 -5.98828125
v -115.9375 258 -6
v -116.00138854980469 258.011474609375 -6
v -116.00138854980469 258.01080322265625 -5.98828125
v -116.00138854980469 258.011474609375 -6
v -116.00146484375 258.0120849609375 -6
v -116.00141143798828 258.016357421875 -5.98828125
v -116.00151824951172 258.01748657226562 -6
v -116.00138854980469 258.011474609375 -6
v -116.00141143798828 258.016357421875 -5.98828125
v -116.00138854980469 258.011474609375 -6
v -115.9375 258 -6
v -116.00160980224609 258.01751708984375 -5.9970703125
v -116.00160217285156 258.01760864257812 -6
v -115.9375 258 -6
v -116.01390075683594 258.00186157226562 -5.9970703125
v -116.01399993896484 258.00186157226562 -6
v -116.014892578125 258.00497436523438 -6
v -116.01386260986328 258.00180053710938 5.994140625
v -116.00080871582031 258.00057983398438 6
v -116.01293182373047 258.00180053710938 6
v -116.00093078613281 258.00027465820312 5.98828125
v -116.00080871582031 258.00057983398438 6
v -116.00923919677734 258.0015869140625 5.98828125
v -116.00047302246094 257.98480224609375 5.953125
v -116.00942230224609 257.98245239257812 6
v -116.001220703125 257.99090576171875 6
v -116.00047302246094 257.98480224609375 5.953125
v -116.001220703125 257.99090576171875 6
v -116.00080871582031 258.00057983398438 6
v -116.0101318359375 258.00152587890625 -5.9765625
v -116.014892578125 258.00497436523438 -6
v -116.01078796386719 258.00216674804688 -6
v -116.0101318359375 258.00152587890625 -5.9765625
v -116.01078796386719 258.00216674804688 -6
v -115.9375 258 -6
v -116.0101318359375 258.00152587890625 -5.9765625
v -115.9375 258 -6
v -116.00668334960938 258.00216674804688 -6
v -116.0101318359375 258.00152587890625 -5.9765625
v -116.00668334960938 258.00216674804688 -6
v -115.9375 258 -6
v -116.01390075683594 258.00186157226562 -5.9970703125
v -115.99645233154297 257.99838256835938 -6
v -115.9375 258 -6
v -116.01390075683594 258.00186157226562 -5.9970703125
v -115.9375 258 -6
v -116.01078796386719 258.00216674804688 -6
v -116.01390075683594 258.00186157226562 -5.9970703125
v -116.01078796386719 258.00216674804688 -6
v -116.014892578125 258.00497436523438 -6
v -115.99961090087891 257.8477783203125 5.8125
v -116.07504272460938 257.97116088867188 6
v -116 257.94580078125 6
v -115.99961090087891 257.8477783203125 -5.8125
v -116 257.94580078125 -6
v -116.03129577636719 257.92608642578125 -6
v -115.9375 258 -6
v -116.01078796386719 257.99935913085938 -6
v -115.9375 258 -6
v -116.014892578125 258.00497436523438 -6
v -116.00141143798828 258.016357421875 -5.98828125
v -115.9375 258 -6
v -116.00942230224609 257.98245239257812 -6
v -116.00141143798828 258.016357421875 -5.98828125
v -116.00942230224609 257.98245239257812 -6
v -116.00942230224609 257.97116088867188 -6
v -116.00141143798828 258.016357421875 -5.98828125
v -116.00942230224609 257.97116088867188 -6
v -116 257.94580078125 -6
v -116.00047302246094 257.98480224609375 5.953125
v -116 257.94580078125 6
v -116.00942230224609 257.97116088867188 6
v -116.00047302246094 257.98480224609375 5.953125
v -116.00942230224609 257.97116088867188 6
v -116.00942230224609 257.98245239257812 6
v -116.01386260986328 258.00180053710938 5.994140625
v -116.00080871582031 258.00057983398438 6
v -115.987548828125 258.00497436523438 6
v -116.01386260986328 258.00180053710938 5.994140625
v -115.987548828125 258.00497436523438 6
v -115.97660827636719 258.00497436523438 6
v -116.01386260986328 258.00180053710938 5.994140625
v -115.97660827636719 258.00497436523438 6
v -115.9375 258 6
v -115.73219299316406 257.99951171875 5.8125
v -115.9375 258 6
v -115.72504425048828 258.01626586914062 6
v -115.73219299316406 257.99951171875 5.8125
v -115.72504425048828 258.01626586914062 6
v -115.55004119873047 258.01626586914062 6
v -115.73219299316406 257.99951171875 5.8125
v -115.55004119873047 258.01626586914062 6
v -115.375 258 6
v -115.99961090087891 257.8477783203125 5.8125
v -116 257.38330078125 6
v -116.07504272460938 257.47515869140625 6
v -115.99961090087891 257.8477783203125 5.8125
v -116.07504272460938 257.47515869140625 6
v -116.07504272460938 257.655517578125 6
v -115.99961090087891 257.8477783203125 5.8125
v -116.07504272460938 257.655517578125 6
v -116.07504272460938 257.83587646484375 6
v -115.99961090087891 257.8477783203125 5.8125
v -116.07504272460938 257.83587646484375 6
v -116.07504272460938 257.97116088867188 6
v -115.99961090087891 257.8477783203125 -5.8125
v -116 257.38330078125 -6
v -116.07504272460938 257.47515869140625 -6
v -115.99961090087891 257.8477783203125 -5.8125
v -116.07504272460938 257.47515869140625 -6
v -116.07504272460938 257.655517578125 -6
v -115.99961090087891 257.8477783203125 -5.8125
v -116.07504272460938 257.655517578125 -6
v -116.07504272460938 257.83587646484375 -6
v -115.99961090087891 257.8477783203125 -5.8125
v -116.07504272460938 257.83587646484375 -6
v -116.03129577636719 257.92608642578125 -6
vt 0.31578946113586426 0.10526315867900848
vt 0.31578946113586426 0.41958779096603394
vt 0.93448358774185181 0.41958779096603394
vt 0.92829662561416626 0.41958779096603394
vt 0.91437602043151855 0.41958779096603394
vt 0.90045541524887085 0.41958779096603394
vt 0.88653481006622314 0.41958779096603394
vt 0.87261414527893066 0.41958779096603394
vt 0.85869354009628296 0.41958779096603394
vt 0.84477293491363525 0.41958779096603394
vt 0.83085232973098755 0.41958779096603394
vt 0.81693172454833984 0.41958779096603394
vt 0.80301105976104736 0.41958779096603394
vt 0.78909045457839966 0.41958779096603394
vt 0.77516984939575195 0.41958779096603394
vt 0.76124924421310425 0.41958779096603394
vt 0.74732857942581177 0.41958779096603394
vt 0.73340797424316406 0.41958779096603394
vt 0.71948736906051636 0.41958779096603394
vt 0.70556676387786865 0.41958779096603394
vt 0.69164615869522095 0.41958779096603394
vt 0.67772555351257324 0.41958779096603394
vt 0.66380488872528076 0.41958779096603394
vt 0.6568446159362793 0.41958779096603394
vt 0.65597456693649292 0.41958779096603394
vt 0.65553957223892212 0.41958779096603394
vt 0.64988428354263306 0.41958779096603394
vt 0.6481441855430603 0.41958779096603394
vt 0.64640414714813232 0.41958779096603394
vt 0.64553409814834595 0.41958779096603394
vt 0.64466404914855957 0.41958779096603394
vt 0.64379400014877319 0.41958779096603394
vt 0.64292401075363159 0.41958779096603394
vt 0.64205396175384521 0.41958779096603394
vt 0.64118391275405884 0.41958779096603394
vt 0.64031386375427246 0.41958779096603394
vt 0.63944381475448608 0.41958779096603394
vt 0.63770371675491333 0.41958779096603394
vt 0.63248354196548462 0.41958779096603394
vt 0.62987339496612549 0.41958779096603394
vt 0.62943840026855469 0.41958779096603394
vt 0.62900334596633911 0.41958779096603394
vt 0.62204307317733765 0.41958779096603394
vt 0.60812246799468994 0.41958779096603394
vt 0.59420180320739746 0.41958779096603394
vt 0.58028119802474976 0.41958779096603394
vt 0.56636059284210205 0.41958779096603394
vt 0.55243998765945435 0.41958779096603394
vt 0.53851938247680664 0.41958779096603394
vt 0.52459871768951416 0.41958779096603394
vt 0.51067811250686646 0.41958779096603394
vt 0.49675750732421875 0.41958779096603394
vt 0.48283687233924866 0.41958779096603394
vt 0.46891626715660095 0.41958779096603394
vt 0.45499566197395325 0.41958779096603394
vt 0.44107502698898315 0.41958779096603394
vt 0.42715442180633545 0.41958779096603394
vt 0.41323381662368774 0.41958779096603394
vt 0.39931318163871765 0.41958779096603394
vt 0.38539257645606995 0.41958779096603394
vt 0.37147194147109985 0.41958779096603394
vt 0.35755133628845215 0.41958779096603394
vt 0.34363073110580444 0.41958779096603394
vt 0.32971006631851196 0.41958779096603394
vt 0.74301320314407349 0.26242548227310181
vt 0.93448358774185181 0.26242548227310181
vt 0.83874839544296265 0.26242548227310181
vt 0.83874839544296265 0.34100663661956787
vt 0.88661599159240723 0.26242548227310181
vt 0.88661599159240723 0.34100663661956787
vt 0.88661599159240723 0.3802972137928009
vt 0.91054975986480713 0.34100663661956787
vt 0.91054975986480713 0.3802972137928009
vt 0.91054975986480713 0.39994248747825623
vt 0.92251670360565186 0.3802972137928009
vt 0.92251670360565186 0.39994248747825623
vt 0.83874839544296265 0.3802972137928009
vt 0.86268222332000732 0.34100663661956787
vt 0.86268222332000732 0.3802972137928009
vt 0.74301320314407349 0.34100663661956787
vt 0.79088079929351807 0.26242548227310181
vt 0.79088079929351807 0.34100663661956787
vt 0.50900763273239136 0.26242548227310181
vt 0.62601041793823242 0.26242548227310181
vt 0.79088079929351807 0.3802972137928009
vt 0.81481462717056274 0.34100663661956787
vt 0.81481462717056274 0.3802972137928009
vt 0.74301320314407349 0.3802972137928009
vt 0.76694703102111816 0.34100663661956787
vt 0.76694703102111816 0.3802972137928009
vt 0.62601041793823242 0.34100663661956787
vt 0.68451184034347534 0.26242548227310181
vt 0.68451184034347534 0.34100663661956787
vt 0.68451184034347534 0.3802972137928009
vt 0.71376252174377441 0.34100663661956787
vt 0.71376252174377441 0.3802972137928009
vt 0.62601041793823242 0.3802972137928009
vt 0.65526109933853149 0.34100663661956787
vt 0.65526109933853149 0.3802972137928009
vt 0.50900763273239136 0.34100663661956787
vt 0.56750905513763428 0.26242548227310181
vt 0.56750905513763428 0.34100663661956787
vt 0.31578946113586426 0.26242548227310181
vt 0.41239854693412781 0.26242548227310181
vt 0.65526109933853149 0.39994248747825623
vt 0.66988646984100342 0.3802972137928009
vt 0.68451184034347534 0.39994248747825623
vt 0.66988646984100342 0.39994248747825623
vt 0.65526109933853149 0.40976515412330627
vt 0.66257381439208984 0.39994248747825623
vt 0.66988646984100342 0.40976515412330627
vt 0.66257381439208984 0.40976515412330627
vt 0.62601041793823242 0.39994248747825623
vt 0.64063578844070435 0.3802972137928009
vt 0.64063578844070435 0.39994248747825623
vt 0.56750905513763428 0.3802972137928009
vt 0.59675973653793335 0.34100663661956787
vt 0.59675973653793335 0.3802972137928009
vt 0.66257381439208984 0.41467645764350891
vt 0.66623014211654663 0.40976515412330627
vt 0.66988646984100342 0.41467645764350891
vt 0.66623014211654663 0.41467645764350891
vt 0.67719912528991699 0.39994248747825623
vt 0.68451184034347534 0.40976515412330627
vt 0.67719912528991699 0.40976515412330627
vt 0.69913715124130249 0.3802972137928009
vt 0.71376252174377441 0.39994248747825623
vt 0.69913715124130249 0.39994248747825623
vt 0.65526109933853149 0.41467645764350891
vt 0.65891748666763306 0.40976515412330627
vt 0.65891748666763306 0.41467645764350891
vt 0.64063578844070435 0.40976515412330627
vt 0.64794844388961792 0.39994248747825623
vt 0.64794844388961792 0.40976515412330627
vt 0.65526109933853149 0.41713213920593262
vt 0.65708929300308228 0.41467645764350891
vt 0.65891748666763306 0.41713213920593262
vt 0.65708929300308228 0.41713213920593262
vt 0.64794844388961792 0.41467645764350891
vt 0.65160477161407471 0.40976515412330627
vt 0.65160477161407471 0.41467645764350891
vt 0.65526109933853149 0.41835996508598328
vt 0.65617519617080688 0.41713213920593262
vt 0.65708929300308228 0.41835996508598328
vt 0.65617519617080688 0.41835996508598328
vt 0.65160477161407471 0.41713213920593262
vt 0.65343296527862549 0.41467645764350891
vt 0.65343296527862549 0.41713213920593262
vt 0.65617519617080688 0.41897386312484741
vt 0.65663224458694458 0.41835996508598328
vt 0.65708929300308228 0.41897386312484741
vt 0.65663224458694458 0.41897386312484741
vt 0.65800338983535767 0.41713213920593262
vt 0.65891748666763306 0.41835996508598328
vt 0.65800338983535767 0.41835996508598328
vt 0.66074562072753906 0.41467645764350891
vt 0.66257381439208984 0.41713213920593262
vt 0.66074562072753906 0.41713213920593262
vt 0.65663224458694458 0.41928082704544067
vt 0.65686076879501343 0.41897386312484741
vt 0.65708929300308228 0.41928082704544067
vt 0.65686076879501343 0.41928082704544067
vt 0.65754634141921997 0.41835996508598328
vt 0.65800338983535767 0.41897386312484741
vt 0.65754634141921997 0.41897386312484741
vt 0.65526109933853149 0.41897386312484741
vt 0.65571820735931396 0.41835996508598328
vt 0.65571820735931396 0.41897386312484741
vt 0.65343296527862549 0.41835996508598328
vt 0.65434706211090088 0.41713213920593262
vt 0.65434706211090088 0.41835996508598328
vt 0.65571820735931396 0.41928082704544067
vt 0.65594667196273804 0.41897386312484741
vt 0.65617519617080688 0.41928082704544067
vt 0.65594667196273804 0.41928082704544067
vt 0.65594667196273804 0.4194343090057373
vt 0.65606093406677246 0.41928082704544067
vt 0.65617519617080688 0.4194343090057373
vt 0.65606093406677246 0.4194343090057373
vt 0.65640372037887573 0.41897386312484741
vt 0.65640372037887573 0.41928082704544067
vt 0.65594667196273804 0.41951104998588562
vt 0.65600383281707764 0.4194343090057373
vt 0.65606093406677246 0.41951104998588562
vt 0.65600383281707764 0.41951104998588562
vt 0.65571820735931396 0.4194343090057373
vt 0.65583240985870361 0.41928082704544067
vt 0.65583240985870361 0.4194343090057373
vt 0.65526109933853149 0.41928082704544067
vt 0.65548962354660034 0.41897386312484741
vt 0.65548962354660034 0.41928082704544067
vt 0.65434706211090088 0.41897386312484741
vt 0.65480411052703857 0.41835996508598328
vt 0.65480411052703857 0.41897386312484741
vt 0.65594667196273804 0.41954940557479858
vt 0.65597528219223022 0.41951104998588562
vt 0.65600383281707764 0.41954940557479858
vt 0.65597528219223022 0.41954940557479858
vt 0.65583240985870361 0.41951104998588562
vt 0.65588957071304321 0.4194343090057373
vt 0.65588957071304321 0.41951104998588562
vt 0.65548962354660034 0.4194343090057373
vt 0.65560388565063477 0.41928082704544067
vt 0.65560388565063477 0.4194343090057373
vt 0.65548962354660034 0.41951104998588562
vt 0.65554678440093994 0.4194343090057373
vt 0.65560388565063477 0.41951104998588562
vt 0.65554678440093994 0.41951104998588562
vt 0.65526109933853149 0.4194343090057373
vt 0.65537536144256592 0.41928082704544067
vt 0.65537536144256592 0.4194343090057373
vt 0.65480411052703857 0.41928082704544067
vt 0.65503263473510742 0.41897386312484741
vt 0.65503263473510742 0.41928082704544067
vt 0.65548962354660034 0.41954940557479858
vt 0.65551823377609253 0.41951104998588562
vt 0.65554678440093994 0.41954940557479858
vt 0.65551823377609253 0.41954940557479858
vt 0.65537536144256592 0.41951104998588562
vt 0.65543252229690552 0.4194343090057373
vt 0.65543252229690552 0.41951104998588562
vt 0.65551823377609253 0.41956859827041626
vt 0.65553247928619385 0.41954940557479858
vt 0.65554678440093994 0.41956859827041626
vt 0.65553247928619385 0.41956859827041626
vt 0.65557533502578735 0.41951104998588562
vt 0.65560388565063477 0.41954940557479858
vt 0.65557533502578735 0.41954940557479858
vt 0.65566104650497437 0.4194343090057373
vt 0.65571820735931396 0.41951104998588562
vt 0.65566104650497437 0.41951104998588562
vt 0.65553247928619385 0.4195781946182251
vt 0.65553963184356689 0.41956859827041626
vt 0.65554678440093994 0.4195781946182251
vt 0.65553963184356689 0.4195781946182251
vt 0.65556108951568604 0.41954940557479858
vt 0.65557533502578735 0.41956859827041626
vt 0.65556108951568604 0.41956859827041626
vt 0.64794844388961792 0.41713213920593262
vt 0.6497766375541687 0.41467645764350891
vt 0.6497766375541687 0.41713213920593262
vt 0.64063578844070435 0.41467645764350891
vt 0.64429211616516113 0.40976515412330627
vt 0.64429211616516113 0.41467645764350891
vt 0.62601041793823242 0.40976515412330627
vt 0.633323073387146 0.39994248747825623
vt 0.633323073387146 0.40976515412330627
vt 0.59675973653793335 0.39994248747825623
vt 0.61138510704040527 0.3802972137928009
vt 0.61138510704040527 0.39994248747825623
vt 0.6497766375541687 0.41835996508598328
vt 0.65069073438644409 0.41713213920593262
vt 0.65160477161407471 0.41835996508598328
vt 0.65069073438644409 0.41835996508598328
vt 0.6497766375541687 0.41897386312484741
vt 0.6502336859703064 0.41835996508598328
vt 0.65069073438644409 0.41897386312484741
vt 0.6502336859703064 0.41897386312484741
vt 0.64794844388961792 0.41835996508598328
vt 0.64886254072189331 0.41713213920593262
vt 0.64886254072189331 0.41835996508598328
vt 0.64429211616516113 0.41713213920593262
vt 0.64612030982971191 0.41467645764350891
vt 0.64612030982971191 0.41713213920593262
vt 0.6497766375541687 0.41928082704544067
vt 0.65000516176223755 0.41897386312484741
vt 0.6502336859703064 0.41928082704544067
vt 0.65000516176223755 0.41928082704544067
vt 0.64886254072189331 0.41897386312484741
vt 0.64931958913803101 0.41835996508598328
vt 0.64931958913803101 0.41897386312484741
vt 0.6497766375541687 0.4194343090057373
vt 0.64989089965820312 0.41928082704544067
vt 0.65000516176223755 0.4194343090057373
vt 0.64989089965820312 0.4194343090057373
vt 0.64931958913803101 0.41928082704544067
vt 0.64954811334609985 0.41897386312484741
vt 0.64954811334609985 0.41928082704544067
vt 0.64794844388961792 0.41897386312484741
vt 0.64840549230575562 0.41835996508598328
vt 0.64840549230575562 0.41897386312484741
vt 0.64612030982971191 0.41835996508598328
vt 0.64703434705734253 0.41713213920593262
vt 0.64703434705734253 0.41835996508598328
vt 0.64794844388961792 0.41928082704544067
vt 0.64817696809768677 0.41897386312484741
vt 0.64840549230575562 0.41928082704544067
vt 0.64817696809768677 0.41928082704544067
vt 0.64703434705734253 0.41897386312484741
vt 0.64749139547348022 0.41835996508598328
vt 0.64749139547348022 0.41897386312484741
vt 0.64794844388961792 0.4194343090057373
vt 0.64806270599365234 0.41928082704544067
vt 0.64817696809768677 0.4194343090057373
vt 0.64806270599365234 0.4194343090057373
vt 0.64749139547348022 0.41928082704544067
vt 0.64771991968154907 0.41897386312484741
vt 0.64771991968154907 0.41928082704544067
vt 0.64806270599365234 0.41951104998588562
vt 0.64811986684799194 0.4194343090057373
vt 0.64817696809768677 0.41951104998588562
vt 0.64811986684799194 0.41951104998588562
vt 0.64829123020172119 0.41928082704544067
vt 0.64840549230575562 0.4194343090057373
vt 0.64829123020172119 0.4194343090057373
vt 0.64863401651382446 0.41897386312484741
vt 0.64886254072189331 0.41928082704544067
vt 0.64863401651382446 0.41928082704544067
vt 0.64612030982971191 0.41897386312484741
vt 0.64657735824584961 0.41835996508598328
vt 0.64657735824584961 0.41897386312484741
vt 0.64429211616516113 0.41835996508598328
vt 0.64520621299743652 0.41713213920593262
vt 0.64520621299743652 0.41835996508598328
vt 0.64063578844070435 0.41713213920593262
vt 0.64246392250061035 0.41467645764350891
vt 0.64246392250061035 0.41713213920593262
vt 0.633323073387146 0.41467645764350891
vt 0.63697946071624756 0.40976515412330627
vt 0.63697946071624756 0.41467645764350891
vt 0.64612030982971191 0.41928082704544067
vt 0.64634883403778076 0.41897386312484741
vt 0.64657735824584961 0.41928082704544067
vt 0.64634883403778076 0.41928082704544067
vt 0.64520621299743652 0.41897386312484741
vt 0.64566326141357422 0.41835996508598328
vt 0.64566326141357422 0.41897386312484741
vt 0.64634883403778076 0.4194343090057373
vt 0.64646309614181519 0.41928082704544067
vt 0.64657735824584961 0.4194343090057373
vt 0.64646309614181519 0.4194343090057373
vt 0.64680582284927368 0.41897386312484741
vt 0.64703434705734253 0.41928082704544067
vt 0.64680582284927368 0.41928082704544067
vt 0.64634883403778076 0.41951104998588562
vt 0.64640593528747559 0.4194343090057373
vt 0.64646309614181519 0.41951104998588562
vt 0.64640593528747559 0.41951104998588562
vt 0.64612030982971191 0.4194343090057373
vt 0.64623457193374634 0.41928082704544067
vt 0.64623457193374634 0.4194343090057373
vt 0.64566326141357422 0.41928082704544067
vt 0.64589178562164307 0.41897386312484741
vt 0.64589178562164307 0.41928082704544067
vt 0.64520621299743652 0.41928082704544067
vt 0.64543473720550537 0.41897386312484741
vt 0.64543473720550537 0.41928082704544067
vt 0.64429211616516113 0.41897386312484741
vt 0.64474916458129883 0.41835996508598328
vt 0.64474916458129883 0.41897386312484741
vt 0.64246392250061035 0.41835996508598328
vt 0.64337801933288574 0.41713213920593262
vt 0.64337801933288574 0.41835996508598328
vt 0.64543473720550537 0.4194343090057373
vt 0.64554899930953979 0.41928082704544067
vt 0.64566326141357422 0.4194343090057373
vt 0.64554899930953979 0.4194343090057373
vt 0.64543473720550537 0.41951104998588562
vt 0.6454918384552002 0.4194343090057373
vt 0.64554899930953979 0.41951104998588562
vt 0.6454918384552002 0.41951104998588562
vt 0.64520621299743652 0.4194343090057373
vt 0.64532047510147095 0.41928082704544067
vt 0.64532047510147095 0.4194343090057373
vt 0.64474916458129883 0.41928082704544067
vt 0.64497768878936768 0.41897386312484741
vt 0.64497768878936768 0.41928082704544067
vt 0.64429211616516113 0.41928082704544067
vt 0.64452064037322998 0.41897386312484741
vt 0.64452064037322998 0.41928082704544067
vt 0.64337801933288574 0.41897386312484741
vt 0.64383506774902344 0.41835996508598328
vt 0.64383506774902344 0.41897386312484741
vt 0.64452064037322998 0.4194343090057373
vt 0.6446349024772644 0.41928082704544067
vt 0.64474916458129883 0.4194343090057373
vt 0.6446349024772644 0.4194343090057373
vt 0.6446349024772644 0.41951104998588562
vt 0.644692063331604 0.4194343090057373
vt 0.64474916458129883 0.41951104998588562
vt 0.644692063331604 0.41951104998588562
vt 0.64486342668533325 0.41928082704544067
vt 0.64497768878936768 0.4194343090057373
vt 0.64486342668533325 0.4194343090057373
vt 0.6446349024772644 0.41954940557479858
vt 0.64466345310211182 0.41951104998588562
vt 0.644692063331604 0.41954940557479858
vt 0.64466345310211182 0.41954940557479858
vt 0.64452064037322998 0.41951104998588562
vt 0.64457780122756958 0.4194343090057373
vt 0.64457780122756958 0.41951104998588562
vt 0.64429211616516113 0.4194343090057373
vt 0.64440637826919556 0.41928082704544067
vt 0.64440637826919556 0.4194343090057373
vt 0.64383506774902344 0.41928082704544067
vt 0.64406359195709229 0.41897386312484741
vt 0.64406359195709229 0.41928082704544067
vt 0.64337801933288574 0.41928082704544067
vt 0.64360654354095459 0.41897386312484741
vt 0.64360654354095459 0.41928082704544067
vt 0.64246392250061035 0.41897386312484741
vt 0.64292097091674805 0.41835996508598328
vt 0.64292097091674805 0.41897386312484741
vt 0.64063578844070435 0.41835996508598328
vt 0.64154988527297974 0.41713213920593262
vt 0.64154988527297974 0.41835996508598328
vt 0.63697946071624756 0.41713213920593262
vt 0.63880759477615356 0.41467645764350891
vt 0.63880759477615356 0.41713213920593262
vt 0.64360654354095459 0.4194343090057373
vt 0.64372080564498901 0.41928082704544067
vt 0.64383506774902344 0.4194343090057373
vt 0.64372080564498901 0.4194343090057373
vt 0.64372080564498901 0.41951104998588562
vt 0.64377796649932861 0.4194343090057373
vt 0.64383506774902344 0.41951104998588562
vt 0.64377796649932861 0.41951104998588562
vt 0.64394932985305786 0.41928082704544067
vt 0.64406359195709229 0.4194343090057373
vt 0.64394932985305786 0.4194343090057373
vt 0.64377796649932861 0.41954940557479858
vt 0.64380651712417603 0.41951104998588562
vt 0.64383506774902344 0.41954940557479858
vt 0.64380651712417603 0.41954940557479858
vt 0.64389222860336304 0.4194343090057373
vt 0.64394932985305786 0.41951104998588562
vt 0.64389222860336304 0.41951104998588562
vt 0.64292097091674805 0.41928082704544067
vt 0.64314949512481689 0.41897386312484741
vt 0.64314949512481689 0.41928082704544067
vt 0.64292097091674805 0.4194343090057373
vt 0.64303523302078247 0.41928082704544067
vt 0.64314949512481689 0.4194343090057373
vt 0.64303523302078247 0.4194343090057373
vt 0.64246392250061035 0.41928082704544067
vt 0.6426924467086792 0.41897386312484741
vt 0.6426924467086792 0.41928082704544067
vt 0.64154988527297974 0.41897386312484741
vt 0.64200693368911743 0.41835996508598328
vt 0.64200693368911743 0.41897386312484741
vt 0.64292097091674805 0.41951104998588562
vt 0.64297813177108765 0.4194343090057373
vt 0.64303523302078247 0.41951104998588562
vt 0.64297813177108765 0.41951104998588562
vt 0.6426924467086792 0.4194343090057373
vt 0.64280670881271362 0.41928082704544067
vt 0.64280670881271362 0.4194343090057373
vt 0.64292097091674805 0.41954940557479858
vt 0.64294958114624023 0.41951104998588562
vt 0.64297813177108765 0.41954940557479858
vt 0.64294958114624023 0.41954940557479858
vt 0.64280670881271362 0.41951104998588562
vt 0.64286386966705322 0.4194343090057373
vt 0.64286386966705322 0.41951104998588562
vt 0.64200693368911743 0.41928082704544067
vt 0.64223545789718628 0.41897386312484741
vt 0.64223545789718628 0.41928082704544067
vt 0.64200693368911743 0.4194343090057373
vt 0.64212119579315186 0.41928082704544067
vt 0.64223545789718628 0.4194343090057373
vt 0.64212119579315186 0.4194343090057373
vt 0.64154988527297974 0.41928082704544067
vt 0.64177840948104858 0.41897386312484741
vt 0.64177840948104858 0.41928082704544067
vt 0.64063578844070435 0.41897386312484741
vt 0.64109283685684204 0.41835996508598328
vt 0.64109283685684204 0.41897386312484741
vt 0.63880759477615356 0.41835996508598328
vt 0.63972169160842896 0.41713213920593262
vt 0.63972169160842896 0.41835996508598328
vt 0.64200693368911743 0.41951104998588562
vt 0.64206403493881226 0.4194343090057373
vt 0.64212119579315186 0.41951104998588562
vt 0.64206403493881226 0.41951104998588562
vt 0.64177840948104858 0.4194343090057373
vt 0.64189267158508301 0.41928082704544067
vt 0.64189267158508301 0.4194343090057373
vt 0.64200693368911743 0.41954940557479858
vt 0.64203548431396484 0.41951104998588562
vt 0.64206403493881226 0.41954940557479858
vt 0.64203548431396484 0.41954940557479858
vt 0.64189267158508301 0.41951104998588562
vt 0.64194977283477783 0.4194343090057373
vt 0.64194977283477783 0.41951104998588562
vt 0.64109283685684204 0.41928082704544067
vt 0.64132136106491089 0.41897386312484741
vt 0.64132136106491089 0.41928082704544067
vt 0.64109283685684204 0.4194343090057373
vt 0.64120709896087646 0.41928082704544067
vt 0.64132136106491089 0.4194343090057373
vt 0.64120709896087646 0.4194343090057373
vt 0.64063578844070435 0.41928082704544067
vt 0.64086431264877319 0.41897386312484741
vt 0.64086431264877319 0.41928082704544067
vt 0.63972169160842896 0.41897386312484741
vt 0.64017874002456665 0.41835996508598328
vt 0.64017874002456665 0.41897386312484741
vt 0.64109283685684204 0.41951104998588562
vt 0.64114993810653687 0.4194343090057373
vt 0.64120709896087646 0.41951104998588562
vt 0.64114993810653687 0.41951104998588562
vt 0.64086431264877319 0.4194343090057373
vt 0.64097857475280762 0.41928082704544067
vt 0.64097857475280762 0.4194343090057373
vt 0.64017874002456665 0.41928082704544067
vt 0.6404072642326355 0.41897386312484741
vt 0.6404072642326355 0.41928082704544067
vt 0.64017874002456665 0.4194343090057373
vt 0.64029300212860107 0.41928082704544067
vt 0.6404072642326355 0.4194343090057373
vt 0.64029300212860107 0.4194343090057373
vt 0.63972169160842896 0.41928082704544067
vt 0.6399502158164978 0.41897386312484741
vt 0.6399502158164978 0.41928082704544067
vt 0.63880759477615356 0.41897386312484741
vt 0.63926464319229126 0.41835996508598328
vt 0.63926464319229126 0.41897386312484741
vt 0.63697946071624756 0.41835996508598328
vt 0.63789355754852295 0.41713213920593262
vt 0.63789355754852295 0.41835996508598328
vt 0.633323073387146 0.41713213920593262
vt 0.63515126705169678 0.41467645764350891
vt 0.63515126705169678 0.41713213920593262
vt 0.62601041793823242 0.41467645764350891
vt 0.62966674566268921 0.40976515412330627
vt 0.62966674566268921 0.41467645764350891
vt 0.61138510704040527 0.40976515412330627
vt 0.61869776248931885 0.39994248747825623
vt 0.61869776248931885 0.40976515412330627
vt 0.64029300212860107 0.41951104998588562
vt 0.6403501033782959 0.4194343090057373
vt 0.6404072642326355 0.41951104998588562
vt 0.6403501033782959 0.41951104998588562
vt 0.64052152633666992 0.41928082704544067
vt 0.64063578844070435 0.4194343090057373
vt 0.64052152633666992 0.4194343090057373
vt 0.63926464319229126 0.41928082704544067
vt 0.63949316740036011 0.41897386312484741
vt 0.63949316740036011 0.41928082704544067
vt 0.63926464319229126 0.4194343090057373
vt 0.63937890529632568 0.41928082704544067
vt 0.63949316740036011 0.4194343090057373
vt 0.63937890529632568 0.4194343090057373
vt 0.63880759477615356 0.41928082704544067
vt 0.63903611898422241 0.41897386312484741
vt 0.63903611898422241 0.41928082704544067
vt 0.63789355754852295 0.41897386312484741
vt 0.63835054636001587 0.41835996508598328
vt 0.63835054636001587 0.41897386312484741
vt 0.63697946071624756 0.41897386312484741
vt 0.63743644952774048 0.41835996508598328
vt 0.63743644952774048 0.41897386312484741
vt 0.63515126705169678 0.41835996508598328
vt 0.63606536388397217 0.41713213920593262
vt 0.63606536388397217 0.41835996508598328
vt 0.63743644952774048 0.41928082704544067
vt 0.6376650333404541 0.41897386312484741
vt 0.63789355754852295 0.41928082704544067
vt 0.6376650333404541 0.41928082704544067
vt 0.62966674566268921 0.41713213920593262
vt 0.63149493932723999 0.41467645764350891
vt 0.63149493932723999 0.41713213920593262
vt 0.63149493932723999 0.41835996508598328
vt 0.63240903615951538 0.41713213920593262
vt 0.633323073387146 0.41835996508598328
vt 0.63240903615951538 0.41835996508598328
vt 0.63240903615951538 0.41897386312484741
vt 0.63286608457565308 0.41835996508598328
vt 0.633323073387146 0.41897386312484741
vt 0.63286608457565308 0.41897386312484741
vt 0.63423717021942139 0.41713213920593262
vt 0.63423717021942139 0.41835996508598328
vt 0.63240903615951538 0.41928082704544067
vt 0.63263756036758423 0.41897386312484741
vt 0.63286608457565308 0.41928082704544067
vt 0.63263756036758423 0.41928082704544067
vt 0.63149493932723999 0.41897386312484741
vt 0.63195198774337769 0.41835996508598328
vt 0.63195198774337769 0.41897386312484741
vt 0.62966674566268921 0.41835996508598328
vt 0.6305808424949646 0.41713213920593262
vt 0.6305808424949646 0.41835996508598328
vt 0.62601041793823242 0.41713213920593262
vt 0.6278386116027832 0.41467645764350891
vt 0.6278386116027832 0.41713213920593262
vt 0.61869776248931885 0.41467645764350891
vt 0.62235409021377563 0.40976515412330627
vt 0.62235409021377563 0.41467645764350891
vt 0.62966674566268921 0.41897386312484741
vt 0.6301237940788269 0.41835996508598328
vt 0.6305808424949646 0.41897386312484741
vt 0.6301237940788269 0.41897386312484741
vt 0.6278386116027832 0.41835996508598328
vt 0.62875270843505859 0.41713213920593262
vt 0.62875270843505859 0.41835996508598328
vt 0.62966674566268921 0.41928082704544067
vt 0.62989526987075806 0.41897386312484741
vt 0.6301237940788269 0.41928082704544067
vt 0.62989526987075806 0.41928082704544067
vt 0.62875270843505859 0.41897386312484741
vt 0.62920969724655151 0.41835996508598328
vt 0.62920969724655151 0.41897386312484741
vt 0.62966674566268921 0.4194343090057373
vt 0.62978100776672363 0.41928082704544067
vt 0.62989526987075806 0.4194343090057373
vt 0.62978100776672363 0.4194343090057373
vt 0.62920969724655151 0.41928082704544067
vt 0.62943828105926514 0.41897386312484741
vt 0.62943828105926514 0.41928082704544067
vt 0.62978100776672363 0.41951104998588562
vt 0.62983816862106323 0.4194343090057373
vt 0.62989526987075806 0.41951104998588562
vt 0.62983816862106323 0.41951104998588562
vt 0.63000953197479248 0.41928082704544067
vt 0.6301237940788269 0.4194343090057373
vt 0.63000953197479248 0.4194343090057373
vt 0.63035231828689575 0.41897386312484741
vt 0.6305808424949646 0.41928082704544067
vt 0.63035231828689575 0.41928082704544067
vt 0.63103789091110229 0.41835996508598328
vt 0.63103789091110229 0.41897386312484741
vt 0.62983816862106323 0.41954940557479858
vt 0.62986671924591064 0.41951104998588562
vt 0.62989526987075806 0.41954940557479858
vt 0.62986671924591064 0.41954940557479858
vt 0.62995243072509766 0.4194343090057373
vt 0.63000953197479248 0.41951104998588562
vt 0.62995243072509766 0.41951104998588562
vt 0.62943828105926514 0.4194343090057373
vt 0.62955254316329956 0.41928082704544067
vt 0.62955254316329956 0.4194343090057373
vt 0.62943828105926514 0.41951104998588562
vt 0.62949538230895996 0.4194343090057373
vt 0.62955254316329956 0.41951104998588562
vt 0.62949538230895996 0.41951104998588562
vt 0.62920969724655151 0.4194343090057373
vt 0.62932395935058594 0.41928082704544067
vt 0.62932395935058594 0.4194343090057373
vt 0.62875270843505859 0.41928082704544067
vt 0.62898117303848267 0.41897386312484741
vt 0.62898117303848267 0.41928082704544067
vt 0.6278386116027832 0.41897386312484741
vt 0.6282956600189209 0.41835996508598328
vt 0.6282956600189209 0.41897386312484741
vt 0.62601041793823242 0.41835996508598328
vt 0.62692451477050781 0.41713213920593262
vt 0.62692451477050781 0.41835996508598328
vt 0.62235409021377563 0.41713213920593262
vt 0.62418228387832642 0.41467645764350891
vt 0.62418228387832642 0.41713213920593262
vt 0.62946683168411255 0.41951104998588562
vt 0.62949538230895996 0.41954940557479858
vt 0.62946683168411255 0.41954940557479858
vt 0.62932395935058594 0.41951104998588562
vt 0.62938112020492554 0.4194343090057373
vt 0.62938112020492554 0.41951104998588562
vt 0.62945252656936646 0.41954940557479858
vt 0.62946683168411255 0.41956859827041626
vt 0.62945252656936646 0.41956859827041626
vt 0.62938112020492554 0.41954940557479858
vt 0.62945252656936646 0.4195781946182251
vt 0.62940967082977295 0.41956859827041626
vt 0.62898117303848267 0.4194343090057373
vt 0.62909543514251709 0.41928082704544067
vt 0.62909543514251709 0.4194343090057373
vt 0.62898117303848267 0.41951104998588562
vt 0.62903833389282227 0.4194343090057373
vt 0.62909543514251709 0.41951104998588562
vt 0.62903833389282227 0.41951104998588562
vt 0.62875270843505859 0.4194343090057373
vt 0.62886697053909302 0.41928082704544067
vt 0.62886697053909302 0.4194343090057373
vt 0.6282956600189209 0.41928082704544067
vt 0.62852418422698975 0.41897386312484741
vt 0.62852418422698975 0.41928082704544067
vt 0.62898117303848267 0.41954940557479858
vt 0.62900978326797485 0.41951104998588562
vt 0.62903833389282227 0.41954940557479858
vt 0.62900978326797485 0.41954940557479858
vt 0.62886697053909302 0.41951104998588562
vt 0.62892407178878784 0.4194343090057373
vt 0.62892407178878784 0.41951104998588562
vt 0.62898117303848267 0.41956859827041626
vt 0.62899547815322876 0.41954940557479858
vt 0.62900978326797485 0.41956859827041626
vt 0.62899547815322876 0.41956859827041626
vt 0.62892407178878784 0.41954940557479858
vt 0.62895262241363525 0.41951104998588562
vt 0.62895262241363525 0.41954940557479858
vt 0.50900763273239136 0.3802972137928009
vt 0.53825837373733521 0.34100663661956787
vt 0.53825837373733521 0.3802972137928009
vt 0.41239854693412781 0.34100663661956787
vt 0.46070307493209839 0.26242548227310181
vt 0.46070307493209839 0.34100663661956787
vt 0.46070307493209839 0.3802972137928009
vt 0.48485538363456726 0.34100663661956787
vt 0.48485538363456726 0.3802972137928009
vt 0.41239854693412781 0.3802972137928009
vt 0.43655082583427429 0.34100663661956787
vt 0.43655082583427429 0.3802972137928009
vt 0.36409401893615723 0.26242548227310181
vt 0.36409401893615723 0.34100663661956787
vt 0.36409401893615723 0.3802972137928009
vt 0.38824629783630371 0.34100663661956787
vt 0.38824629783630371 0.3802972137928009
vt 0.33994176983833313 0.34100663661956787
vt 0.33994176983833313 0.3802972137928009
vt 0.32971006631851196 0.10526315867900848
vt 0.34363073110580444 0.10526315867900848
vt 0.35755133628845215 0.10526315867900848
vt 0.37147194147109985 0.10526315867900848
vt 0.38539257645606995 0.10526315867900848
vt 0.39931318163871765 0.10526315867900848
vt 0.41323381662368774 0.10526315867900848
vt 0.42715442180633545 0.10526315867900848
vt 0.44107502698898315 0.10526315867900848
vt 0.45499566197395325 0.10526315867900848
vt 0.46891626715660095 0.10526315867900848
vt 0.48283687233924866 0.10526315867900848
vt 0.49675750732421875 0.10526315867900848
vt 0.51067811250686646 0.10526315867900848
vt 0.52459871768951416 0.10526315867900848
vt 0.53851938247680664 0.10526315867900848
vt 0.55243998765945435 0.10526315867900848
vt 0.56636059284210205 0.10526315867900848
vt 0.58028119802474976 0.10526315867900848
vt 0.59420180320739746 0.10526315867900848
vt 0.60812246799468994 0.10526315867900848
vt 0.62204307317733765 0.10526315867900848
vt 0.62552320957183838 0.10526315867900848
vt 0.62900334596633911 0.10526315867900848
vt 0.62943840026855469 0.10526315867900848
vt 0.62987339496612549 0.10526315867900848
vt 0.63596367835998535 0.10526315867900848
vt 0.63770371675491333 0.10526315867900848
vt 0.63944381475448608 0.10526315867900848
vt 0.64031386375427246 0.10526315867900848
vt 0.64118391275405884 0.10526315867900848
vt 0.64205396175384521 0.10526315867900848
vt 0.64292401075363159 0.10526315867900848
vt 0.64379400014877319 0.10526315867900848
vt 0.64466404914855957 0.10526315867900848
vt 0.64553409814834595 0.10526315867900848
vt 0.64640414714813232 0.10526315867900848
vt 0.6481441855430603 0.10526315867900848
vt 0.64988428354263306 0.10526315867900848
vt 0.65336441993713379 0.10526315867900848
vt 0.65553957223892212 0.10526315867900848
vt 0.65597456693649292 0.10526315867900848
vt 0.66380488872528076 0.10526315867900848
vt 0.67772555351257324 0.10526315867900848
vt 0.69164615869522095 0.10526315867900848
vt 0.70556676387786865 0.10526315867900848
vt 0.71948736906051636 0.10526315867900848
vt 0.73340797424316406 0.10526315867900848
vt 0.74732857942581177 0.10526315867900848
vt 0.76124924421310425 0.10526315867900848
vt 0.77516984939575195 0.10526315867900848
vt 0.78909045457839966 0.10526315867900848
vt 0.80301105976104736 0.10526315867900848
vt 0.81693172454833984 0.10526315867900848
vt 0.83085232973098755 0.10526315867900848
vt 0.84477293491363525 0.10526315867900848
vt 0.85869354009628296 0.10526315867900848
vt 0.87261414527893066 0.10526315867900848
vt 0.88653481006622314 0.10526315867900848
vt 0.90045541524887085 0.10526315867900848
vt 0.91437602043151855 0.10526315867900848
vt 0.92829662561416626 0.10526315867900848
vt 0.41239854693412781 0.18384431302547455
vt 0.36409401893615723 0.18384431302547455
vt 0.33994176983833313 0.18384431302547455
vt 0.36409401893615723 0.14455373585224152
vt 0.33994176983833313 0.14455373585224152
vt 0.38824629783630371 0.18384431302547455
vt 0.41239854693412781 0.14455373585224152
vt 0.38824629783630371 0.14455373585224152
vt 0.50900763273239136 0.18384431302547455
vt 0.46070307493209839 0.18384431302547455
vt 0.43655082583427429 0.18384431302547455
vt 0.46070307493209839 0.14455373585224152
vt 0.43655082583427429 0.14455373585224152
vt 0.48485538363456726 0.18384431302547455
vt 0.50900763273239136 0.14455373585224152
vt 0.48485538363456726 0.14455373585224152
vt 0.62601041793823242 0.18384431302547455
vt 0.56750905513763428 0.18384431302547455
vt 0.53825837373733521 0.18384431302547455
vt 0.56750905513763428 0.14455373585224152
vt 0.53825837373733521 0.14455373585224152
vt 0.59675973653793335 0.18384431302547455
vt 0.62601041793823242 0.14455373585224152
vt 0.59675973653793335 0.14455373585224152
vt 0.74301320314407349 0.18384431302547455
vt 0.68451184034347534 0.18384431302547455
vt 0.61138510704040527 0.14455373585224152
vt 0.59675973653793335 0.124908447265625
vt 0.62601041793823242 0.124908447265625
vt 0.61138510704040527 0.124908447265625
vt 0.65526109933853149 0.18384431302547455
vt 0.68451184034347534 0.14455373585224152
vt 0.65526109933853149 0.14455373585224152
vt 0.61869776248931885 0.124908447265625
vt 0.61138510704040527 0.11508580297231674
vt 0.62601041793823242 0.11508580297231674
vt 0.61869776248931885 0.11508580297231674
vt 0.64063578844070435 0.14455373585224152
vt 0.65526109933853149 0.124908447265625
vt 0.64063578844070435 0.124908447265625
vt 0.62235409021377563 0.11508580297231674
vt 0.61869776248931885 0.11017447710037231
vt 0.62601041793823242 0.11017447710037231
vt 0.62235409021377563 0.11017447710037231
vt 0.633323073387146 0.124908447265625
vt 0.64063578844070435 0.11508580297231674
vt 0.633323073387146 0.11508580297231674
vt 0.62418228387832642 0.11017447710037231
vt 0.62235409021377563 0.1077188178896904
vt 0.62601041793823242 0.1077188178896904
vt 0.62418228387832642 0.1077188178896904
vt 0.62966674566268921 0.11508580297231674
vt 0.633323073387146 0.11017447710037231
vt 0.62966674566268921 0.11017447710037231
vt 0.62509632110595703 0.1077188178896904
vt 0.62418228387832642 0.10649099200963974
vt 0.62601041793823242 0.10649099200963974
vt 0.62509632110595703 0.10649099200963974
vt 0.6278386116027832 0.11017447710037231
vt 0.62966674566268921 0.1077188178896904
vt 0.6278386116027832 0.1077188178896904
vt 0.62875270843505859 0.1077188178896904
vt 0.6278386116027832 0.10649099200963974
vt 0.62966674566268921 0.10649099200963974
vt 0.62875270843505859 0.10649099200963974
vt 0.63149493932723999 0.11017447710037231
vt 0.633323073387146 0.1077188178896904
vt 0.63149493932723999 0.1077188178896904
vt 0.63697946071624756 0.11508580297231674
vt 0.64063578844070435 0.11017447710037231
vt 0.63697946071624756 0.11017447710037231
vt 0.64794844388961792 0.124908447265625
vt 0.65526109933853149 0.11508580297231674
vt 0.64794844388961792 0.11508580297231674
vt 0.66988646984100342 0.14455373585224152
vt 0.68451184034347534 0.124908447265625
vt 0.66988646984100342 0.124908447265625
vt 0.71376252174377441 0.18384431302547455
vt 0.74301320314407349 0.14455373585224152
vt 0.71376252174377441 0.14455373585224152
vt 0.83874839544296265 0.18384431302547455
vt 0.79088079929351807 0.18384431302547455
vt 0.62920969724655151 0.10649099200963974
vt 0.62875270843505859 0.10587707161903381
vt 0.62966674566268921 0.10587707161903381
vt 0.62920969724655151 0.10587707161903381
vt 0.6305808424949646 0.1077188178896904
vt 0.63149493932723999 0.10649099200963974
vt 0.6305808424949646 0.10649099200963974
vt 0.62898117303848267 0.10587707161903381
vt 0.62875270843505859 0.10557011514902115
vt 0.62920969724655151 0.10557011514902115
vt 0.62898117303848267 0.10557011514902115
vt 0.6282956600189209 0.10649099200963974
vt 0.6278386116027832 0.10587707161903381
vt 0.6282956600189209 0.10587707161903381
vt 0.62692451477050781 0.1077188178896904
vt 0.62692451477050781 0.10649099200963974
vt 0.62909543514251709 0.10557011514902115
vt 0.62898117303848267 0.10541663318872452
vt 0.62920969724655151 0.10541663318872452
vt 0.62909543514251709 0.10541663318872452
vt 0.62943828105926514 0.10587707161903381
vt 0.62966674566268921 0.10557011514902115
vt 0.62943828105926514 0.10557011514902115
vt 0.6301237940788269 0.10649099200963974
vt 0.6305808424949646 0.10587707161903381
vt 0.6301237940788269 0.10587707161903381
vt 0.62903833389282227 0.10541663318872452
vt 0.62898117303848267 0.1053398996591568
vt 0.62909543514251709 0.1053398996591568
vt 0.62903833389282227 0.1053398996591568
vt 0.62886697053909302 0.10557011514902115
vt 0.62875270843505859 0.10541663318872452
vt 0.62886697053909302 0.10541663318872452
vt 0.62852418422698975 0.10587707161903381
vt 0.6282956600189209 0.10557011514902115
vt 0.62852418422698975 0.10557011514902115
vt 0.62955254316329956 0.10557011514902115
vt 0.62943828105926514 0.10541663318872452
vt 0.62966674566268921 0.10541663318872452
vt 0.62955254316329956 0.10541663318872452
vt 0.62989526987075806 0.10587707161903381
vt 0.6301237940788269 0.10557011514902115
vt 0.62989526987075806 0.10557011514902115
vt 0.62949538230895996 0.10541663318872452
vt 0.62943828105926514 0.1053398996591568
vt 0.62955254316329956 0.1053398996591568
vt 0.62949538230895996 0.1053398996591568
vt 0.62932395935058594 0.10557011514902115
vt 0.62932395935058594 0.10541663318872452
vt 0.62946683168411255 0.1053398996591568
vt 0.62949538230895996 0.10530152916908264
vt 0.62946683168411255 0.10530152916908264
vt 0.62938112020492554 0.10541663318872452
vt 0.62932395935058594 0.1053398996591568
vt 0.62938112020492554 0.1053398996591568
vt 0.62945252656936646 0.10530152916908264
vt 0.62946683168411255 0.10528234392404556
vt 0.62945252656936646 0.10528234392404556
vt 0.62938112020492554 0.10530152916908264
vt 0.62945252656936646 0.10527274757623672
vt 0.62940967082977295 0.10528234392404556
vt 0.62978100776672363 0.10557011514902115
vt 0.62989526987075806 0.10541663318872452
vt 0.62978100776672363 0.10541663318872452
vt 0.62983816862106323 0.10541663318872452
vt 0.62978100776672363 0.1053398996591568
vt 0.62989526987075806 0.1053398996591568
vt 0.62983816862106323 0.1053398996591568
vt 0.63000953197479248 0.10557011514902115
vt 0.6301237940788269 0.10541663318872452
vt 0.63000953197479248 0.10541663318872452
vt 0.63035231828689575 0.10587707161903381
vt 0.6305808424949646 0.10557011514902115
vt 0.63035231828689575 0.10557011514902115
vt 0.63103789091110229 0.10649099200963974
vt 0.63149493932723999 0.10587707161903381
vt 0.63103789091110229 0.10587707161903381
vt 0.63240903615951538 0.1077188178896904
vt 0.633323073387146 0.10649099200963974
vt 0.63240903615951538 0.10649099200963974
vt 0.63515126705169678 0.11017447710037231
vt 0.63697946071624756 0.1077188178896904
vt 0.63515126705169678 0.1077188178896904
vt 0.62986671924591064 0.1053398996591568
vt 0.62983816862106323 0.10530152916908264
vt 0.62989526987075806 0.10530152916908264
vt 0.62995243072509766 0.10541663318872452
vt 0.63000953197479248 0.1053398996591568
vt 0.62995243072509766 0.1053398996591568
vt 0.62989526987075806 0.10528234392404556
vt 0.62992382049560547 0.1053398996591568
vt 0.62995243072509766 0.10530152916908264
vt 0.62992382049560547 0.10530152916908264
vt 0.62986671924591064 0.10527274757623672
vt 0.62985241413116455 0.10530152916908264
vt 0.62983816862106323 0.10528234392404556
vt 0.62985241413116455 0.10528234392404556
vt 0.62980961799621582 0.1053398996591568
vt 0.62978100776672363 0.10530152916908264
vt 0.62980961799621582 0.10530152916908264
vt 0.62972390651702881 0.10541663318872452
vt 0.62966674566268921 0.1053398996591568
vt 0.62972390651702881 0.1053398996591568
vt 0.63606536388397217 0.1077188178896904
vt 0.63515126705169678 0.10649099200963974
vt 0.63697946071624756 0.10649099200963974
vt 0.63606536388397217 0.10649099200963974
vt 0.63880759477615356 0.11017447710037231
vt 0.64063578844070435 0.1077188178896904
vt 0.63880759477615356 0.1077188178896904
vt 0.64429211616516113 0.11508580297231674
vt 0.64794844388961792 0.11017447710037231
vt 0.64429211616516113 0.11017447710037231
vt 0.63560831546783447 0.10649099200963974
vt 0.63515126705169678 0.10587707161903381
vt 0.63606536388397217 0.10587707161903381
vt 0.63560831546783447 0.10587707161903381
vt 0.63423717021942139 0.1077188178896904
vt 0.63423717021942139 0.10649099200963974
vt 0.63583683967590332 0.10587707161903381
vt 0.63560831546783447 0.10557011514902115
vt 0.63606536388397217 0.10557011514902115
vt 0.63583683967590332 0.10557011514902115
vt 0.63652241230010986 0.10649099200963974
vt 0.63697946071624756 0.10587707161903381
vt 0.63652241230010986 0.10587707161903381
vt 0.63789355754852295 0.1077188178896904
vt 0.63880759477615356 0.10649099200963974
vt 0.63789355754852295 0.10649099200963974
vt 0.63743644952774048 0.10649099200963974
vt 0.63789355754852295 0.10587707161903381
vt 0.63743644952774048 0.10587707161903381
vt 0.6376650333404541 0.10587707161903381
vt 0.63743644952774048 0.10557011514902115
vt 0.63789355754852295 0.10557011514902115
vt 0.6376650333404541 0.10557011514902115
vt 0.63835054636001587 0.10649099200963974
vt 0.63880759477615356 0.10587707161903381
vt 0.63835054636001587 0.10587707161903381
vt 0.63972169160842896 0.1077188178896904
vt 0.64063578844070435 0.10649099200963974
vt 0.63972169160842896 0.10649099200963974
vt 0.64246392250061035 0.11017447710037231
vt 0.64429211616516113 0.1077188178896904
vt 0.64246392250061035 0.1077188178896904
vt 0.63777929544448853 0.10557011514902115
vt 0.6376650333404541 0.10541663318872452
vt 0.63789355754852295 0.10541663318872452
vt 0.63777929544448853 0.10541663318872452
vt 0.6381220817565918 0.10587707161903381
vt 0.63835054636001587 0.10557011514902115
vt 0.6381220817565918 0.10557011514902115
vt 0.63926464319229126 0.10649099200963974
vt 0.63972169160842896 0.10587707161903381
vt 0.63926464319229126 0.10587707161903381
vt 0.63949316740036011 0.10587707161903381
vt 0.63926464319229126 0.10557011514902115
vt 0.63972169160842896 0.10557011514902115
vt 0.63949316740036011 0.10557011514902115
vt 0.64017874002456665 0.10649099200963974
vt 0.64063578844070435 0.10587707161903381
vt 0.64017874002456665 0.10587707161903381
vt 0.64154988527297974 0.1077188178896904
vt 0.64246392250061035 0.10649099200963974
vt 0.64154988527297974 0.10649099200963974
vt 0.63937890529632568 0.10557011514902115
vt 0.63926464319229126 0.10541663318872452
vt 0.63949316740036011 0.10541663318872452
vt 0.63937890529632568 0.10541663318872452
vt 0.63903611898422241 0.10587707161903381
vt 0.63880759477615356 0.10557011514902115
vt 0.63903611898422241 0.10557011514902115
vt 0.63943606615066528 0.10541663318872452
vt 0.63937890529632568 0.1053398996591568
vt 0.63949316740036011 0.1053398996591568
vt 0.63943606615066528 0.1053398996591568
vt 0.63960742950439453 0.10557011514902115
vt 0.63972169160842896 0.10541663318872452
vt 0.63960742950439453 0.10541663318872452
vt 0.6399502158164978 0.10587707161903381
vt 0.64017874002456665 0.10557011514902115
vt 0.6399502158164978 0.10557011514902115
vt 0.6404072642326355 0.10587707161903381
vt 0.64063578844070435 0.10557011514902115
vt 0.6404072642326355 0.10557011514902115
vt 0.64109283685684204 0.10649099200963974
vt 0.64154988527297974 0.10587707161903381
vt 0.64109283685684204 0.10587707161903381
vt 0.64029300212860107 0.10557011514902115
vt 0.64017874002456665 0.10541663318872452
vt 0.6404072642326355 0.10541663318872452
vt 0.64029300212860107 0.10541663318872452
vt 0.6403501033782959 0.10541663318872452
vt 0.64029300212860107 0.1053398996591568
vt 0.6404072642326355 0.1053398996591568
vt 0.6403501033782959 0.1053398996591568
vt 0.64052152633666992 0.10557011514902115
vt 0.64063578844070435 0.10541663318872452
vt 0.64052152633666992 0.10541663318872452
vt 0.64086431264877319 0.10587707161903381
vt 0.64109283685684204 0.10557011514902115
vt 0.64086431264877319 0.10557011514902115
vt 0.64132136106491089 0.10587707161903381
vt 0.64154988527297974 0.10557011514902115
vt 0.64132136106491089 0.10557011514902115
vt 0.64200693368911743 0.10649099200963974
vt 0.64246392250061035 0.10587707161903381
vt 0.64200693368911743 0.10587707161903381
vt 0.64337801933288574 0.1077188178896904
vt 0.64429211616516113 0.10649099200963974
vt 0.64337801933288574 0.10649099200963974
vt 0.64612030982971191 0.11017447710037231
vt 0.64794844388961792 0.1077188178896904
vt 0.64612030982971191 0.1077188178896904
vt 0.65160477161407471 0.11508580297231674
vt 0.65526109933853149 0.11017447710037231
vt 0.65160477161407471 0.11017447710037231
vt 0.66257381439208984 0.124908447265625
vt 0.66988646984100342 0.11508580297231674
vt 0.66257381439208984 0.11508580297231674
vt 0.64120709896087646 0.10557011514902115
vt 0.64109283685684204 0.10541663318872452
vt 0.64132136106491089 0.10541663318872452
vt 0.64120709896087646 0.10541663318872452
vt 0.64114993810653687 0.10541663318872452
vt 0.64109283685684204 0.1053398996591568
vt 0.64120709896087646 0.1053398996591568
vt 0.64114993810653687 0.1053398996591568
vt 0.64097857475280762 0.10557011514902115
vt 0.64086431264877319 0.10541663318872452
vt 0.64097857475280762 0.10541663318872452
vt 0.64117854833602905 0.1053398996591568
vt 0.64114993810653687 0.10530152916908264
vt 0.64120709896087646 0.10530152916908264
vt 0.64117854833602905 0.10530152916908264
vt 0.64126420021057129 0.10541663318872452
vt 0.64132136106491089 0.1053398996591568
vt 0.64126420021057129 0.1053398996591568
vt 0.64143562316894531 0.10557011514902115
vt 0.64154988527297974 0.10541663318872452
vt 0.64143562316894531 0.10541663318872452
vt 0.64177840948104858 0.10587707161903381
vt 0.64200693368911743 0.10557011514902115
vt 0.64177840948104858 0.10557011514902115
vt 0.64223545789718628 0.10587707161903381
vt 0.64246392250061035 0.10557011514902115
vt 0.64223545789718628 0.10557011514902115
vt 0.64292097091674805 0.10649099200963974
vt 0.64337801933288574 0.10587707161903381
vt 0.64292097091674805 0.10587707161903381
vt 0.64212119579315186 0.10557011514902115
vt 0.64200693368911743 0.10541663318872452
vt 0.64223545789718628 0.10541663318872452
vt 0.64212119579315186 0.10541663318872452
vt 0.64206403493881226 0.10541663318872452
vt 0.64200693368911743 0.1053398996591568
vt 0.64212119579315186 0.1053398996591568
vt 0.64206403493881226 0.1053398996591568
vt 0.64189267158508301 0.10557011514902115
vt 0.64177840948104858 0.10541663318872452
vt 0.64189267158508301 0.10541663318872452
vt 0.64203548431396484 0.1053398996591568
vt 0.64200693368911743 0.10530152916908264
vt 0.64206403493881226 0.10530152916908264
vt 0.64203548431396484 0.10530152916908264
vt 0.64194977283477783 0.10541663318872452
vt 0.64189267158508301 0.1053398996591568
vt 0.64194977283477783 0.1053398996591568
vt 0.64314949512481689 0.10587707161903381
vt 0.64292097091674805 0.10557011514902115
vt 0.64337801933288574 0.10557011514902115
vt 0.64314949512481689 0.10557011514902115
vt 0.64383506774902344 0.10649099200963974
vt 0.64429211616516113 0.10587707161903381
vt 0.64383506774902344 0.10587707161903381
vt 0.64520621299743652 0.1077188178896904
vt 0.64612030982971191 0.10649099200963974
vt 0.64520621299743652 0.10649099200963974
vt 0.64303523302078247 0.10557011514902115
vt 0.64292097091674805 0.10541663318872452
vt 0.64314949512481689 0.10541663318872452
vt 0.64303523302078247 0.10541663318872452
vt 0.6426924467086792 0.10587707161903381
vt 0.6426924467086792 0.10557011514902115
vt 0.64297813177108765 0.10541663318872452
vt 0.64292097091674805 0.1053398996591568
vt 0.64303523302078247 0.1053398996591568
vt 0.64297813177108765 0.1053398996591568
vt 0.64280670881271362 0.10557011514902115
vt 0.6426924467086792 0.10541663318872452
vt 0.64280670881271362 0.10541663318872452
vt 0.64294958114624023 0.1053398996591568
vt 0.64292097091674805 0.10530152916908264
vt 0.64297813177108765 0.10530152916908264
vt 0.64294958114624023 0.10530152916908264
vt 0.64286386966705322 0.10541663318872452
vt 0.64280670881271362 0.1053398996591568
vt 0.64286386966705322 0.1053398996591568
vt 0.64360654354095459 0.10587707161903381
vt 0.64383506774902344 0.10557011514902115
vt 0.64360654354095459 0.10557011514902115
vt 0.64372080564498901 0.10557011514902115
vt 0.64360654354095459 0.10541663318872452
vt 0.64383506774902344 0.10541663318872452
vt 0.64372080564498901 0.10541663318872452
vt 0.64406359195709229 0.10587707161903381
vt 0.64429211616516113 0.10557011514902115
vt 0.64406359195709229 0.10557011514902115
vt 0.64474916458129883 0.10649099200963974
vt 0.64520621299743652 0.10587707161903381
vt 0.64474916458129883 0.10587707161903381
vt 0.64377796649932861 0.10541663318872452
vt 0.64372080564498901 0.1053398996591568
vt 0.64383506774902344 0.1053398996591568
vt 0.64377796649932861 0.1053398996591568
vt 0.64394932985305786 0.10557011514902115
vt 0.64406359195709229 0.10541663318872452
vt 0.64394932985305786 0.10541663318872452
vt 0.64380651712417603 0.1053398996591568
vt 0.64377796649932861 0.10530152916908264
vt 0.64383506774902344 0.10530152916908264
vt 0.64380651712417603 0.10530152916908264
vt 0.64389222860336304 0.10541663318872452
vt 0.64394932985305786 0.1053398996591568
vt 0.64389222860336304 0.1053398996591568
vt 0.64452064037322998 0.10587707161903381
vt 0.64474916458129883 0.10557011514902115
vt 0.64452064037322998 0.10557011514902115
vt 0.6446349024772644 0.10557011514902115
vt 0.64452064037322998 0.10541663318872452
vt 0.64474916458129883 0.10541663318872452
vt 0.6446349024772644 0.10541663318872452
vt 0.64497768878936768 0.10587707161903381
vt 0.64520621299743652 0.10557011514902115
vt 0.64497768878936768 0.10557011514902115
vt 0.64566326141357422 0.10649099200963974
vt 0.64612030982971191 0.10587707161903381
vt 0.64566326141357422 0.10587707161903381
vt 0.64703434705734253 0.1077188178896904
vt 0.64794844388961792 0.10649099200963974
vt 0.64703434705734253 0.10649099200963974
vt 0.6497766375541687 0.11017447710037231
vt 0.65160477161407471 0.1077188178896904
vt 0.6497766375541687 0.1077188178896904
vt 0.644692063331604 0.10541663318872452
vt 0.6446349024772644 0.1053398996591568
vt 0.64474916458129883 0.1053398996591568
vt 0.644692063331604 0.1053398996591568
vt 0.64486342668533325 0.10557011514902115
vt 0.64497768878936768 0.10541663318872452
vt 0.64486342668533325 0.10541663318872452
vt 0.64543473720550537 0.10587707161903381
vt 0.64566326141357422 0.10557011514902115
vt 0.64543473720550537 0.10557011514902115
vt 0.64554899930953979 0.10557011514902115
vt 0.64543473720550537 0.10541663318872452
vt 0.64566326141357422 0.10541663318872452
vt 0.64554899930953979 0.10541663318872452
vt 0.64589178562164307 0.10587707161903381
vt 0.64612030982971191 0.10557011514902115
vt 0.64589178562164307 0.10557011514902115
vt 0.64657735824584961 0.10649099200963974
vt 0.64703434705734253 0.10587707161903381
vt 0.64657735824584961 0.10587707161903381
vt 0.6454918384552002 0.10541663318872452
vt 0.64543473720550537 0.1053398996591568
vt 0.64554899930953979 0.1053398996591568
vt 0.6454918384552002 0.1053398996591568
vt 0.64532047510147095 0.10557011514902115
vt 0.64520621299743652 0.10541663318872452
vt 0.64532047510147095 0.10541663318872452
vt 0.64634883403778076 0.10587707161903381
vt 0.64657735824584961 0.10557011514902115
vt 0.64634883403778076 0.10557011514902115
vt 0.64646309614181519 0.10557011514902115
vt 0.64634883403778076 0.10541663318872452
vt 0.64657735824584961 0.10541663318872452
vt 0.64646309614181519 0.10541663318872452
vt 0.64680582284927368 0.10587707161903381
vt 0.64703434705734253 0.10557011514902115
vt 0.64680582284927368 0.10557011514902115
vt 0.64749139547348022 0.10649099200963974
vt 0.64794844388961792 0.10587707161903381
vt 0.64749139547348022 0.10587707161903381
vt 0.64886254072189331 0.1077188178896904
vt 0.6497766375541687 0.10649099200963974
vt 0.64886254072189331 0.10649099200963974
vt 0.64640593528747559 0.10541663318872452
vt 0.64634883403778076 0.1053398996591568
vt 0.64646309614181519 0.1053398996591568
vt 0.64640593528747559 0.1053398996591568
vt 0.64623457193374634 0.10557011514902115
vt 0.64612030982971191 0.10541663318872452
vt 0.64623457193374634 0.10541663318872452
vt 0.64840549230575562 0.10649099200963974
vt 0.64886254072189331 0.10587707161903381
vt 0.64840549230575562 0.10587707161903381
vt 0.64817696809768677 0.10587707161903381
vt 0.64794844388961792 0.10557011514902115
vt 0.64840549230575562 0.10557011514902115
vt 0.64817696809768677 0.10557011514902115
vt 0.64806270599365234 0.10557011514902115
vt 0.64794844388961792 0.10541663318872452
vt 0.64817696809768677 0.10541663318872452
vt 0.64806270599365234 0.10541663318872452
vt 0.64771991968154907 0.10587707161903381
vt 0.64749139547348022 0.10557011514902115
vt 0.64771991968154907 0.10557011514902115
vt 0.65069073438644409 0.1077188178896904
vt 0.65160477161407471 0.10649099200963974
vt 0.65069073438644409 0.10649099200963974
vt 0.65343296527862549 0.11017447710037231
vt 0.65526109933853149 0.1077188178896904
vt 0.65343296527862549 0.1077188178896904
vt 0.65891748666763306 0.11508580297231674
vt 0.66257381439208984 0.11017447710037231
vt 0.65891748666763306 0.11017447710037231
vt 0.6502336859703064 0.10649099200963974
vt 0.6497766375541687 0.10587707161903381
vt 0.65069073438644409 0.10587707161903381
vt 0.6502336859703064 0.10587707161903381
vt 0.65000516176223755 0.10587707161903381
vt 0.6497766375541687 0.10557011514902115
vt 0.6502336859703064 0.10557011514902115
vt 0.65000516176223755 0.10557011514902115
vt 0.64931958913803101 0.10649099200963974
vt 0.64931958913803101 0.10587707161903381
vt 0.6525188684463501 0.1077188178896904
vt 0.65343296527862549 0.10649099200963974
vt 0.6525188684463501 0.10649099200963974
vt 0.65297591686248779 0.10649099200963974
vt 0.6525188684463501 0.10587707161903381
vt 0.65343296527862549 0.10587707161903381
vt 0.65297591686248779 0.10587707161903381
vt 0.65434706211090088 0.1077188178896904
vt 0.65526109933853149 0.10649099200963974
vt 0.65434706211090088 0.10649099200963974
vt 0.65708929300308228 0.11017447710037231
vt 0.65891748666763306 0.1077188178896904
vt 0.65708929300308228 0.1077188178896904
vt 0.65320444107055664 0.10587707161903381
vt 0.65297591686248779 0.10557011514902115
vt 0.65343296527862549 0.10557011514902115
vt 0.65320444107055664 0.10557011514902115
vt 0.65389001369476318 0.10649099200963974
vt 0.65434706211090088 0.10587707161903381
vt 0.65389001369476318 0.10587707161903381
vt 0.65617519617080688 0.1077188178896904
vt 0.65708929300308228 0.10649099200963974
vt 0.65617519617080688 0.10649099200963974
vt 0.65571820735931396 0.10649099200963974
vt 0.65526109933853149 0.10587707161903381
vt 0.65617519617080688 0.10587707161903381
vt 0.65571820735931396 0.10587707161903381
vt 0.65548962354660034 0.10587707161903381
vt 0.65526109933853149 0.10557011514902115
vt 0.65571820735931396 0.10557011514902115
vt 0.65548962354660034 0.10557011514902115
vt 0.65480411052703857 0.10649099200963974
vt 0.65480411052703857 0.10587707161903381
vt 0.65560388565063477 0.10557011514902115
vt 0.65548962354660034 0.10541663318872452
vt 0.65571820735931396 0.10541663318872452
vt 0.65560388565063477 0.10541663318872452
vt 0.65594667196273804 0.10587707161903381
vt 0.65617519617080688 0.10557011514902115
vt 0.65594667196273804 0.10557011514902115
vt 0.65663224458694458 0.10649099200963974
vt 0.65708929300308228 0.10587707161903381
vt 0.65663224458694458 0.10587707161903381
vt 0.65800338983535767 0.1077188178896904
vt 0.65891748666763306 0.10649099200963974
vt 0.65800338983535767 0.10649099200963974
vt 0.66074562072753906 0.11017447710037231
vt 0.66257381439208984 0.1077188178896904
vt 0.66074562072753906 0.1077188178896904
vt 0.66623014211654663 0.11508580297231674
vt 0.66988646984100342 0.11017447710037231
vt 0.66623014211654663 0.11017447710037231
vt 0.67719912528991699 0.124908447265625
vt 0.68451184034347534 0.11508580297231674
vt 0.67719912528991699 0.11508580297231674
vt 0.69913715124130249 0.14455373585224152
vt 0.71376252174377441 0.124908447265625
vt 0.69913715124130249 0.124908447265625
vt 0.65554678440093994 0.10541663318872452
vt 0.65548962354660034 0.1053398996591568
vt 0.65560388565063477 0.1053398996591568
vt 0.65554678440093994 0.1053398996591568
vt 0.65537536144256592 0.10557011514902115
vt 0.65526109933853149 0.10541663318872452
vt 0.65537536144256592 0.10541663318872452
vt 0.65503263473510742 0.10587707161903381
vt 0.65480411052703857 0.10557011514902115
vt 0.65503263473510742 0.10557011514902115
vt 0.65606093406677246 0.10557011514902115
vt 0.65594667196273804 0.10541663318872452
vt 0.65617519617080688 0.10541663318872452
vt 0.65606093406677246 0.10541663318872452
vt 0.65640372037887573 0.10587707161903381
vt 0.65663224458694458 0.10557011514902115
vt 0.65640372037887573 0.10557011514902115
vt 0.65600383281707764 0.10541663318872452
vt 0.65606093406677246 0.1053398996591568
vt 0.65600383281707764 0.1053398996591568
vt 0.65583240985870361 0.10557011514902115
vt 0.65583240985870361 0.10541663318872452
vt 0.65597528219223022 0.1053398996591568
vt 0.65600383281707764 0.10530152916908264
vt 0.65597528219223022 0.10530152916908264
vt 0.65588957071304321 0.10541663318872452
vt 0.65583240985870361 0.1053398996591568
vt 0.65588957071304321 0.1053398996591568
vt 0.65594667196273804 0.10528234392404556
vt 0.65597528219223022 0.10528234392404556
vt 0.65591812133789062 0.1053398996591568
vt 0.65588957071304321 0.10530152916908264
vt 0.65591812133789062 0.10530152916908264
vt 0.65596097707748413 0.10527274757623672
vt 0.65597528219223022 0.10527274757623672
vt 0.65598952770233154 0.10530152916908264
vt 0.65600383281707764 0.10528234392404556
vt 0.65598952770233154 0.10528234392404556
vt 0.65603238344192505 0.1053398996591568
vt 0.65606093406677246 0.10530152916908264
vt 0.65603238344192505 0.10530152916908264
vt 0.65611809492111206 0.10541663318872452
vt 0.65617519617080688 0.1053398996591568
vt 0.65611809492111206 0.1053398996591568
vt 0.65628945827484131 0.10557011514902115
vt 0.65640372037887573 0.10541663318872452
vt 0.65628945827484131 0.10541663318872452
vt 0.76694703102111816 0.18384431302547455
vt 0.79088079929351807 0.14455373585224152
vt 0.76694703102111816 0.14455373585224152
vt 0.81481462717056274 0.18384431302547455
vt 0.83874839544296265 0.14455373585224152
vt 0.81481462717056274 0.14455373585224152
vt 0.88661599159240723 0.18384431302547455
vt 0.86268222332000732 0.18384431302547455
vt 0.88661599159240723 0.14455373585224152
vt 0.86268222332000732 0.14455373585224152
vt 0.91054975986480713 0.18384431302547455
vt 0.91054975986480713 0.14455373585224152
vt 0.92251670360565186 0.14455373585224152
vt 0.91054975986480713 0.124908447265625
vt 0.92251670360565186 0.124908447265625
vt 0.31578946113586426 0.34100663661956787
vt 0.31578946113586426 0.18384431302547455
vt 0.93448358774185181 0.10526315867900848
vt 0 0
vt 0.31432461738586426 0
vt 0.31432461738586426 0.69910359382629395
vt 0 0.69910359382629395
vt 0 0.68337374925613403
vt 0 0.66764390468597412
vt 0 0.65191406011581421
vt 0 0.63618427515029907
vt 0 0.62045443058013916
vt 0 0.60472458600997925
vt 0 0.58899474143981934
vt 0 0.57326489686965942
vt 0 0.55753511190414429
vt 0 0.54180526733398438
vt 0 0.52607542276382446
vt 0 0.51034563779830933
vt 0 0.49461576342582703
vt 0 0.4788859486579895
vt 0 0.46315613389015198
vt 0 0.44742625951766968
vt 0 0.43169644474983215
vt 0 0.41596662998199463
vt 0 0.40023678541183472
vt 0 0.38450697064399719
vt 0 0.36877712607383728
vt 0 0.35304731130599976
vt 0 0.3451823890209198
vt 0 0.33731746673583984
vt 0 0.32945254445075989
vt 0 0.32158765196800232
vt 0 0.31372272968292236
vt 0 0.30585780739784241
vt 0 0.2901279628276825
vt 0 0.27439814805984497
vt 0 0.25866833329200745
vt 0 0.24293848872184753
vt 0 0.22720864415168762
vt 0 0.2114788293838501
vt 0 0.19574899971485138
vt 0 0.18001917004585266
vt 0 0.16428934037685394
vt 0 0.14855951070785522
vt 0 0.13282968103885651
vt 0 0.11709985136985779
vt 0 0.10137001425027847
vt 0 0.085640192031860352
vt 0 0.069910354912281036
vt 0 0.054180525243282318
vt 0 0.0384506955742836
vt 0 0.022720865905284882
vt 0 0.0069910353049635887
vt 0.15716230869293213 0.69910359382629395
vt 0.15716230869293213 0.57515251636505127
vt 0.15716230869293213 0.63712805509567261
vt 0.15716230869293213 0.66811579465866089
vt 0.078581154346466064 0.69910359382629395
vt 0.078581154346466064 0.63712805509567261
vt 0.078581154346466064 0.66811579465866089
vt 0.078581154346466064 0.68360966444015503
vt 0.039290577173233032 0.66811579465866089
vt 0.039290577173233032 0.68360966444015503
vt 0.078581154346466064 0.65262192487716675
vt 0.039290577173233032 0.63712805509567261
vt 0.039290577173233032 0.65262192487716675
vt 0.15716230869293213 0.60614025592803955
vt 0.078581154346466064 0.57515251636505127
vt 0.078581154346466064 0.60614025592803955
vt 0.15716230869293213 0.45230251550674438
vt 0.15716230869293213 0.51372748613357544
vt 0.078581154346466064 0.62163418531417847
vt 0.039290577173233032 0.60614025592803955
vt 0.039290577173233032 0.62163418531417847
vt 0.078581154346466064 0.59064638614654541
vt 0.039290577173233032 0.57515251636505127
vt 0.039290577173233032 0.59064638614654541
vt 0.15716230869293213 0.54444003105163574
vt 0.078581154346466064 0.51372748613357544
vt 0.078581154346466064 0.54444003105163574
vt 0.078581154346466064 0.55979627370834351
vt 0.039290577173233032 0.54444003105163574
vt 0.039290577173233032 0.55979627370834351
vt 0.078581154346466064 0.5290837287902832
vt 0.039290577173233032 0.51372748613357544
vt 0.039290577173233032 0.5290837287902832
vt 0.15716230869293213 0.48301500082015991
vt 0.078581154346466064 0.45230251550674438
vt 0.078581154346466064 0.48301500082015991
vt 0.15716230869293213 0.33826127648353577
vt 0.15716230869293213 0.39528191089630127
vt 0.078581154346466064 0.49837124347686768
vt 0.039290577173233032 0.48301500082015991
vt 0.039290577173233032 0.49837124347686768
vt 0.078581154346466064 0.46765875816345215
vt 0.039290577173233032 0.45230251550674438
vt 0.039290577173233032 0.46765875816345215
vt 0.15716230869293213 0.42379218339920044
vt 0.078581154346466064 0.39528191089630127
vt 0.078581154346466064 0.42379218339920044
vt 0.078581154346466064 0.43804734945297241
vt 0.039290577173233032 0.42379218339920044
vt 0.039290577173233032 0.43804734945297241
vt 0.078581154346466064 0.40953707695007324
vt 0.039290577173233032 0.39528191089630127
vt 0.039290577173233032 0.40953707695007324
vt 0.15716230869293213 0.36677157878875732
vt 0.078581154346466064 0.33826127648353577
vt 0.078581154346466064 0.36677157878875732
vt 0.15716230869293213 0.24781472980976105
vt 0.15716230869293213 0.293038010597229
vt 0.078581154346466064 0.3810267448425293
vt 0.039290577173233032 0.36677157878875732
vt 0.039290577173233032 0.3810267448425293
vt 0.078581154346466064 0.35251641273498535
vt 0.039290577173233032 0.33826127648353577
vt 0.039290577173233032 0.35251641273498535
vt 0.15716230869293213 0.31564962863922119
vt 0.078581154346466064 0.293038010597229
vt 0.078581154346466064 0.31564962863922119
vt 0.078581154346466064 0.32695543766021729
vt 0.039290577173233032 0.31564962863922119
vt 0.039290577173233032 0.32695543766021729
vt 0.078581154346466064 0.3043438196182251
vt 0.039290577173233032 0.293038010597229
vt 0.039290577173233032 0.3043438196182251
vt 0.15716230869293213 0.27042636275291443
vt 0.078581154346466064 0.24781472980976105
vt 0.078581154346466064 0.27042636275291443
vt 0.15716230869293213 0.12381559610366821
vt 0.15716230869293213 0.18581517040729523
vt 0.078581154346466064 0.28173220157623291
vt 0.039290577173233032 0.27042636275291443
vt 0.039290577173233032 0.28173220157623291
vt 0.078581154346466064 0.25912055373191833
vt 0.039290577173233032 0.24781472980976105
vt 0.039290577173233032 0.25912055373191833
vt 0.15716230869293213 0.21681495010852814
vt 0.078581154346466064 0.18581517040729523
vt 0.078581154346466064 0.21681495010852814
vt 0.078581154346466064 0.23231485486030579
vt 0.039290577173233032 0.21681495010852814
vt 0.039290577173233032 0.23231485486030579
vt 0.078581154346466064 0.20131506025791168
vt 0.039290577173233032 0.18581517040729523
vt 0.039290577173233032 0.20131506025791168
vt 0.15716230869293213 0.15481537580490112
vt 0.078581154346466064 0.12381559610366821
vt 0.078581154346466064 0.15481537580490112
vt 0.15716230869293213 0
vt 0.15716230869293213 0.061907798051834106
vt 0.078581154346466064 0.17031528055667877
vt 0.039290577173233032 0.15481537580490112
vt 0.039290577173233032 0.17031528055667877
vt 0.078581154346466064 0.13931548595428467
vt 0.039290577173233032 0.12381559610366821
vt 0.039290577173233032 0.13931548595428467
vt 0.15716230869293213 0.092861704528331757
vt 0.078581154346466064 0.061907798051834106
vt 0.078581154346466064 0.092861704528331757
vt 0.078581154346466064 0.10833865404129028
vt 0.039290577173233032 0.092861704528331757
vt 0.039290577173233032 0.10833865404129028
vt 0.078581154346466064 0.07738475501537323
vt 0.039290577173233032 0.061907798051834106
vt 0.039290577173233032 0.07738475501537323
vt 0.15716230869293213 0.030953899025917053
vt 0.078581154346466064 0.030953899025917053
vt 0.078581154346466064 0.046430852264165878
vt 0.039290577173233032 0.030953899025917053
vt 0.039290577173233032 0.046430852264165878
vt 0.078581154346466064 0.015476949512958527
vt 0.039290577173233032 0.015476949512958527
vt 0.039290577173233032 0.0077384747564792633
vt 0.019645288586616516 0.015476949512958527
vt 0.019645288586616516 0.0077384747564792633
vt 0.23574347794055939 0.69910359382629395
vt 0.31432461738586426 0.0069910353049635887
vt 0.31432461738586426 0.022720865905284882
vt 0.31432461738586426 0.0384506955742836
vt 0.31432461738586426 0.054180525243282318
vt 0.31432461738586426 0.069910354912281036
vt 0.31432461738586426 0.085640192031860352
vt 0.31432461738586426 0.10137001425027847
vt 0.31432461738586426 0.11709985136985779
vt 0.31432461738586426 0.13282968103885651
vt 0.31432461738586426 0.14855951070785522
vt 0.31432461738586426 0.16428934037685394
vt 0.31432461738586426 0.18001917004585266
vt 0.31432461738586426 0.19574899971485138
vt 0.31432461738586426 0.2114788293838501
vt 0.31432461738586426 0.22720864415168762
vt 0.31432461738586426 0.24293848872184753
vt 0.31432461738586426 0.25866833329200745
vt 0.31432461738586426 0.27439814805984497
vt 0.31432461738586426 0.2901279628276825
vt 0.31432461738586426 0.30585780739784241
vt 0.31432461738586426 0.31372272968292236
vt 0.31432461738586426 0.32158765196800232
vt 0.31432461738586426 0.32945254445075989
vt 0.31432461738586426 0.33731746673583984
vt 0.31432461738586426 0.3451823890209198
vt 0.31432461738586426 0.35304731130599976
vt 0.31432461738586426 0.36877712607383728
vt 0.31432461738586426 0.38450697064399719
vt 0.31432461738586426 0.40023678541183472
vt 0.31432461738586426 0.41596662998199463
vt 0.31432461738586426 0.43169644474983215
vt 0.31432461738586426 0.44742625951766968
vt 0.31432461738586426 0.46315613389015198
vt 0.31432461738586426 0.4788859486579895
vt 0.31432461738586426 0.49461576342582703
vt 0.31432461738586426 0.51034563779830933
vt 0.31432461738586426 0.52607542276382446
vt 0.31432461738586426 0.54180526733398438
vt 0.31432461738586426 0.55753511190414429
vt 0.31432461738586426 0.57326489686965942
vt 0.31432461738586426 0.58899474143981934
vt 0.31432461738586426 0.60472458600997925
vt 0.31432461738586426 0.62045443058013916
vt 0.31432461738586426 0.63618427515029907
vt 0.31432461738586426 0.65191406011581421
vt 0.31432461738586426 0.66764390468597412
vt 0.31432461738586426 0.68337374925613403
vt 0.23574347794055939 0.061907798051834106
vt 0.23574347794055939 0.030953899025917053
vt 0.27503404021263123 0.030953899025917053
vt 0.23574347794055939 0.015476949512958527
vt 0.27503404021263123 0.015476949512958527
vt 0.29467934370040894 0.015476949512958527
vt 0.27503404021263123 0.0077384747564792633
vt 0.29467934370040894 0.0077384747564792633
vt 0.27503404021263123 0.061907798051834106
vt 0.23574347794055939 0.046430852264165878
vt 0.27503404021263123 0.046430852264165878
vt 0.23574347794055939 0.12381559610366821
vt 0.23574347794055939 0.092861704528331757
vt 0.27503404021263123 0.092861704528331757
vt 0.23574347794055939 0.07738475501537323
vt 0.27503404021263123 0.07738475501537323
vt 0.27503404021263123 0.12381559610366821
vt 0.23574347794055939 0.10833865404129028
vt 0.27503404021263123 0.10833865404129028
vt 0.23574347794055939 0.18581517040729523
vt 0.23574347794055939 0.15481537580490112
vt 0.27503404021263123 0.15481537580490112
vt 0.23574347794055939 0.13931548595428467
vt 0.27503404021263123 0.13931548595428467
vt 0.27503404021263123 0.18581517040729523
vt 0.23574347794055939 0.17031528055667877
vt 0.27503404021263123 0.17031528055667877
vt 0.23574347794055939 0.24781472980976105
vt 0.23574347794055939 0.21681495010852814
vt 0.27503404021263123 0.21681495010852814
vt 0.23574347794055939 0.20131506025791168
vt 0.27503404021263123 0.20131506025791168
vt 0.27503404021263123 0.24781472980976105
vt 0.23574347794055939 0.23231485486030579
vt 0.27503404021263123 0.23231485486030579
vt 0.23574347794055939 0.293038010597229
vt 0.23574347794055939 0.27042636275291443
vt 0.27503404021263123 0.27042636275291443
vt 0.23574347794055939 0.25912055373191833
vt 0.27503404021263123 0.25912055373191833
vt 0.27503404021263123 0.293038010597229
vt 0.23574347794055939 0.28173220157623291
vt 0.27503404021263123 0.28173220157623291
vt 0.23574347794055939 0.33826127648353577
vt 0.23574347794055939 0.31564962863922119
vt 0.27503404021263123 0.31564962863922119
vt 0.23574347794055939 0.3043438196182251
vt 0.27503404021263123 0.3043438196182251
vt 0.27503404021263123 0.33826127648353577
vt 0.23574347794055939 0.32695543766021729
vt 0.27503404021263123 0.32695543766021729
vt 0.23574347794055939 0.39528191089630127
vt 0.23574347794055939 0.36677157878875732
vt 0.27503404021263123 0.36677157878875732
vt 0.23574347794055939 0.35251641273498535
vt 0.27503404021263123 0.35251641273498535
vt 0.27503404021263123 0.39528191089630127
vt 0.23574347794055939 0.3810267448425293
vt 0.27503404021263123 0.3810267448425293
vt 0.23574347794055939 0.45230251550674438
vt 0.23574347794055939 0.42379218339920044
vt 0.27503404021263123 0.42379218339920044
vt 0.23574347794055939 0.40953707695007324
vt 0.27503404021263123 0.40953707695007324
vt 0.27503404021263123 0.45230251550674438
vt 0.23574347794055939 0.43804734945297241
vt 0.27503404021263123 0.43804734945297241
vt 0.23574347794055939 0.51372748613357544
vt 0.23574347794055939 0.48301500082015991
vt 0.27503404021263123 0.48301500082015991
vt 0.23574347794055939 0.46765875816345215
vt 0.27503404021263123 0.46765875816345215
vt 0.27503404021263123 0.51372748613357544
vt 0.23574347794055939 0.49837124347686768
vt 0.27503404021263123 0.49837124347686768
vt 0.23574347794055939 0.57515251636505127
vt 0.23574347794055939 0.54444003105163574
vt 0.27503404021263123 0.54444003105163574
vt 0.23574347794055939 0.5290837287902832
vt 0.27503404021263123 0.5290837287902832
vt 0.27503404021263123 0.57515251636505127
vt 0.23574347794055939 0.55979627370834351
vt 0.27503404021263123 0.55979627370834351
vt 0.23574347794055939 0.63712805509567261
vt 0.23574347794055939 0.60614025592803955
vt 0.27503404021263123 0.60614025592803955
vt 0.23574347794055939 0.59064638614654541
vt 0.27503404021263123 0.59064638614654541
vt 0.27503404021263123 0.63712805509567261
vt 0.23574347794055939 0.62163418531417847
vt 0.27503404021263123 0.62163418531417847
vt 0.23574347794055939 0.66811579465866089
vt 0.27503404021263123 0.66811579465866089
vt 0.23574347794055939 0.65262192487716675
vt 0.27503404021263123 0.65262192487716675
vt 0.23574347794055939 0.68360966444015503
vt 0.27503404021263123 0.68360966444015503
vt 0.31578946113586426 0.051166735589504242
vt 0.47368422150611877 0.051166735589504242
vt 0.63157892227172852 0
vt 0.63157892227172852 0.025583367794752121
vt 0.55263155698776245 0
vt 0.63157892227172852 0.051166735589504242
vt 0.55263155698776245 0.051166735589504242
vt 0.39473685622215271 0.051166735589504242
vt 0.31578946113586426 0.025583367794752121
vt 0.31578946113586426 0
vt 0.39473685622215271 0
vt 0.47368422150611877 0
vt 0.63157892227172852 0.052631579339504242
vt 0.31578946113586426 0.10379831492900848
vt 0.63157892227172852 0.078214943408966064
vt 0.47368422150611877 0.10379831492900848
vt 0.47368422150611877 0.078214943408966064
vt 0.55263155698776245 0.078214943408966064
vt 0.47368422150611877 0.065423265099525452
vt 0.55263155698776245 0.065423265099525452
vt 0.47368422150611877 0.091006629168987274
vt 0.55263155698776245 0.091006629168987274
vt 0.31578946113586426 0.052631579339504242
vt 0.47368422150611877 0.052631579339504242
vt 0.31578946113586426 0.078214943408966064
vt 0.39473685622215271 0.078214943408966064
vt 0.39473685622215271 0.091006629168987274
vt 0.39473685622215271 0.065423265099525452
vt 0.63157892227172852 0.10379831492900848
vt 0.69457781314849854 0.72366011142730713
vt 0.69457781314849854 0.76148605346679688
vt 0.73126232624053955 0.76148605346679688
vt 0.76794683933258057 0.76148605346679688
vt 0.71026116609573364 0.74733322858810425
vt 0.71025991439819336 0.74733912944793701
vt 0.71025896072387695 0.747336745262146
vt 0.71026253700256348 0.74719208478927612
vt 0.71033775806427002 0.74676835536956787
vt 0.71038013696670532 0.74671047925949097
vt 0.71040087938308716 0.7466970682144165
vt 0.71042001247406006 0.74669241905212402
vt 0.71043652296066284 0.74669533967971802
vt 0.71044939756393433 0.7467048168182373
vt 0.71045762300491333 0.74671953916549683
vt 0.71046018600463867 0.7467384934425354
vt 0.71045613288879395 0.74676042795181274
vt 0.71044439077377319 0.7467842698097229
vt 0.71039402484893799 0.74683290719985962
vt 0.70993417501449585 0.74692392349243164
vt 0.70993220806121826 0.74692332744598389
vt 0.70995175838470459 0.74692076444625854
vt 0.71292006969451904 0.76148605346679688
vt 0.69457781314849854 0.742573082447052
vt 0.71292006969451904 0.75202959775924683
vt 0.70374894142150879 0.76148605346679688
vt 0.69457781314849854 0.75202959775924683
vt 0.70374894142150879 0.742573082447052
vt 0.70374894142150879 0.75202959775924683
vt 0.73126232624053955 0.78039902448654175
vt 0.69457781314849854 0.78039902448654175
vt 0.71292006969451904 0.78039902448654175
vt 0.67623555660247803 0.76148605346679688
vt 0.67623555660247803 0.72366011142730713
vt 0.67623555660247803 0.742573082447052
vt 0.70833450555801392 0.75202959775924683
vt 0.70374894142150879 0.74730134010314941
vt 0.70833450555801392 0.742573082447052
vt 0.70833450555801392 0.74730134010314941
vt 0.69457781314849854 0.73311662673950195
vt 0.70374894142150879 0.72366011142730713
vt 0.70374894142150879 0.73311662673950195
vt 0.73126232624053955 0.75202959775924683
vt 0.7220911979675293 0.76148605346679688
vt 0.7220911979675293 0.75202959775924683
vt 0.74960458278656006 0.76148605346679688
vt 0.71292006969451904 0.74966543912887573
vt 0.71062731742858887 0.75202959775924683
vt 0.70833450555801392 0.74966543912887573
vt 0.71062731742858887 0.74966543912887573
vt 0.71750563383102417 0.75202959775924683
vt 0.71292006969451904 0.75675779581069946
vt 0.70833450555801392 0.76148605346679688
vt 0.70374894142150879 0.75675779581069946
vt 0.70833450555801392 0.75675779581069946
vt 0.71292006969451904 0.77094250917434692
vt 0.70374894142150879 0.78039902448654175
vt 0.69457781314849854 0.77094250917434692
vt 0.70374894142150879 0.77094250917434692
vt 0.71062731742858887 0.74848341941833496
vt 0.709480881690979 0.74966543912887573
vt 0.70833450555801392 0.74848341941833496
vt 0.709480881690979 0.74730134010314941
vt 0.709480881690979 0.74848341941833496
vt 0.70604175329208374 0.75202959775924683
vt 0.70374894142150879 0.74966543912887573
vt 0.70604175329208374 0.74730134010314941
vt 0.70604175329208374 0.74966543912887573
vt 0.69916337728500366 0.75202959775924683
vt 0.69457781314849854 0.74730134010314941
vt 0.69916337728500366 0.742573082447052
vt 0.69916337728500366 0.74730134010314941
vt 0.68540668487548828 0.76148605346679688
vt 0.67623555660247803 0.75202959775924683
vt 0.68540668487548828 0.742573082447052
vt 0.68540668487548828 0.75202959775924683
vt 0.70833450555801392 0.74493718147277832
vt 0.70374894142150879 0.73784482479095459
vt 0.70833450555801392 0.73311662673950195
vt 0.70833450555801392 0.73784482479095459
vt 0.71062731742858887 0.74789237976074219
vt 0.71005409955978394 0.74848341941833496
vt 0.709480881690979 0.74789237976074219
vt 0.71005409955978394 0.74730134010314941
vt 0.71005409955978394 0.74789237976074219
vt 0.70833450555801392 0.74611926078796387
vt 0.709480881690979 0.74493718147277832
vt 0.709480881690979 0.74611926078796387
vt 0.70374894142150879 0.74493718147277832
vt 0.70604175329208374 0.742573082447052
vt 0.70604175329208374 0.74493718147277832
vt 0.71177369356155396 0.74966543912887573
vt 0.71177369356155396 0.74848341941833496
vt 0.71750563383102417 0.74966543912887573
vt 0.71521288156509399 0.75202959775924683
vt 0.71521288156509399 0.74966543912887573
vt 0.7220911979675293 0.75675779581069946
vt 0.71750563383102417 0.76148605346679688
vt 0.71750563383102417 0.75675779581069946
vt 0.73126232624053955 0.77094250917434692
vt 0.7220911979675293 0.78039902448654175
vt 0.7220911979675293 0.77094250917434692
vt 0.76794683933258057 0.78039902448654175
vt 0.74960458278656006 0.78039902448654175
vt 0.71062731742858887 0.7475968599319458
vt 0.71034067869186401 0.74789237976074219
vt 0.71005409955978394 0.7475968599319458
vt 0.71034067869186401 0.7475968599319458
vt 0.709480881690979 0.74671030044555664
vt 0.71005409955978394 0.74611926078796387
vt 0.71005409955978394 0.74671030044555664
vt 0.71120047569274902 0.74848341941833496
vt 0.71120047569274902 0.74789237976074219
vt 0.71034067869186401 0.74744910001754761
vt 0.71019738912582397 0.7475968599319458
vt 0.71005409955978394 0.74744910001754761
vt 0.71019738912582397 0.74730134010314941
vt 0.71019738912582397 0.74744910001754761
vt 0.70976752042770386 0.74789237976074219
vt 0.709480881690979 0.7475968599319458
vt 0.70976752042770386 0.74730134010314941
vt 0.70976752042770386 0.7475968599319458
vt 0.70890772342681885 0.74848341941833496
vt 0.70833450555801392 0.74789237976074219
vt 0.70890772342681885 0.74730134010314941
vt 0.70890772342681885 0.74789237976074219
vt 0.70718812942504883 0.74966543912887573
vt 0.70604175329208374 0.74848341941833496
vt 0.70718812942504883 0.74730134010314941
vt 0.70718812942504883 0.74848341941833496
vt 0.71005409955978394 0.74700582027435303
vt 0.71026903390884399 0.74744910001754761
vt 0.71019738912582397 0.74737519025802612
vt 0.71026903390884399 0.74737519025802612
vt 0.71005409955978394 0.74715358018875122
vt 0.71019738912582397 0.74700582027435303
vt 0.71019738912582397 0.74715358018875122
vt 0.709480881690979 0.74700582027435303
vt 0.70976752042770386 0.74671030044555664
vt 0.70976752042770386 0.74700582027435303
vt 0.70833450555801392 0.74671030044555664
vt 0.70890772342681885 0.74611926078796387
vt 0.70890772342681885 0.74671030044555664
vt 0.70604175329208374 0.74611926078796387
vt 0.70718812942504883 0.74493718147277832
vt 0.70718812942504883 0.74611926078796387
vt 0.71048402786254883 0.7475968599319458
vt 0.71048402786254883 0.74744910001754761
vt 0.71091389656066895 0.74789237976074219
vt 0.71023321151733398 0.74737519025802612
vt 0.71019738912582397 0.74733823537826538
vt 0.71023321151733398 0.74730134010314941
vt 0.71023321151733398 0.74733823537826538
vt 0.71012574434280396 0.74744910001754761
vt 0.71005409955978394 0.74737519025802612
vt 0.71012574434280396 0.74730134010314941
vt 0.71012574434280396 0.74737519025802612
vt 0.7099108099937439 0.7475968599319458
vt 0.70976752042770386 0.74744910001754761
vt 0.7099108099937439 0.74730134010314941
vt 0.7099108099937439 0.74744910001754761
vt 0.71019738912582397 0.74722743034362793
vt 0.71026903390884399 0.74735677242279053
vt 0.71025115251541138 0.74737519025802612
vt 0.71023321151733398 0.74735677242279053
vt 0.71025115251541138 0.74733823537826538
vt 0.71025115251541138 0.74735677242279053
vt 0.710304856300354 0.74737519025802612
vt 0.71041232347488403 0.74744910001754761
vt 0.71041232347488403 0.74737519025802612
vt 0.71026903390884399 0.74741214513778687
vt 0.71023321151733398 0.74744910001754761
vt 0.71019738912582397 0.74741214513778687
vt 0.71023321151733398 0.74741214513778687
vt 0.71034067869186401 0.74752295017242432
vt 0.71026903390884399 0.7475968599319458
vt 0.71019738912582397 0.74752295017242432
vt 0.71026903390884399 0.74752295017242432
vt 0.71034067869186401 0.74774461984634399
vt 0.71019738912582397 0.74789237976074219
vt 0.71005409955978394 0.74774461984634399
vt 0.71019738912582397 0.74774461984634399
vt 0.71062731742858887 0.7481878399848938
vt 0.71034067869186401 0.74848341941833496
vt 0.71005409955978394 0.7481878399848938
vt 0.71034067869186401 0.7481878399848938
vt 0.71062731742858887 0.74907439947128296
vt 0.71005409955978394 0.74966543912887573
vt 0.709480881690979 0.74907439947128296
vt 0.71005409955978394 0.74907439947128296
vt 0.71062731742858887 0.75084751844406128
vt 0.709480881690979 0.75202959775924683
vt 0.70833450555801392 0.75084751844406128
vt 0.709480881690979 0.75084751844406128
vt 0.71292006969451904 0.75439369678497314
vt 0.71062731742858887 0.75675779581069946
vt 0.70833450555801392 0.75439369678497314
vt 0.71062731742858887 0.75439369678497314
vt 0.71026009321212769 0.74735677242279053
vt 0.71025115251541138 0.74734747409820557
vt 0.71023321151733398 0.74731981754302979
vt 0.71025115251541138 0.74731981754302979
vt 0.71019738912582397 0.74726438522338867
vt 0.71023321151733398 0.74726438522338867
vt 0.71005409955978394 0.74722743034362793
vt 0.71012574434280396 0.74715358018875122
vt 0.71012574434280396 0.74722743034362793
vt 0.70976752042770386 0.74715358018875122
vt 0.7099108099937439 0.74700582027435303
vt 0.7099108099937439 0.74715358018875122
vt 0.71028697490692139 0.74737519025802612
vt 0.71034067869186401 0.74741214513778687
vt 0.710304856300354 0.74744910001754761
vt 0.710304856300354 0.74741214513778687
vt 0.71025115251541138 0.74734288454055786
vt 0.71025562286376953 0.74733823537826538
vt 0.71024221181869507 0.74735677242279053
vt 0.71023321151733398 0.74734747409820557
vt 0.71024221181869507 0.74733823537826538
vt 0.71024221181869507 0.74734747409820557
vt 0.71021533012390137 0.74737519025802612
vt 0.71019738912582397 0.74735677242279053
vt 0.71021533012390137 0.74733823537826538
vt 0.71021533012390137 0.74735677242279053
vt 0.71016156673431396 0.74737519025802612
vt 0.71012574434280396 0.74733823537826538
vt 0.71016156673431396 0.74730134010314941
vt 0.71016156673431396 0.74733823537826538
vt 0.71025115251541138 0.74732905626296997
vt 0.71026009321212769 0.74731981754302979
vt 0.71026009321212769 0.74732905626296997
vt 0.71025115251541138 0.74733364582061768
vt 0.71025562286376953 0.74732905626296997
vt 0.71025562286376953 0.74733364582061768
vt 0.71023321151733398 0.74732905626296997
vt 0.71024221181869507 0.74731981754302979
vt 0.71024221181869507 0.74732905626296997
vt 0.71019738912582397 0.74731981754302979
vt 0.71021533012390137 0.74730134010314941
vt 0.71021533012390137 0.74731981754302979
vt 0.71005409955978394 0.74685806035995483
vt 0.71019738912582397 0.74671030044555664
vt 0.71005409955978394 0.74641478061676025
vt 0.709480881690979 0.74552822113037109
vt 0.71005409955978394 0.74552822113037109
vt 0.70833450555801392 0.74375516176223755
vt 0.709480881690979 0.74375516176223755
vt 0.70833450555801392 0.74020898342132568
vt 0.71005409955978394 0.74656254053115845
vt 0.71019738912582397 0.74656254053115845
vt 0.709480881690979 0.74641478061676025
vt 0.70976752042770386 0.74611926078796387
vt 0.70976752042770386 0.74641478061676025
vt 0.71019738912582397 0.74663639068603516
vt 0.70976752042770386 0.74685806035995483
vt 0.7099108099937439 0.74671030044555664
vt 0.7099108099937439 0.74685806035995483
vt 0.71005409955978394 0.74693197011947632
vt 0.70998245477676392 0.74700582027435303
vt 0.7099108099937439 0.74693197011947632
vt 0.70998245477676392 0.74685806035995483
vt 0.70998245477676392 0.74693197011947632
vt 0.70998245477676392 0.74689501523971558
vt 0.7099108099937439 0.74689501523971558
vt 0.70994663238525391 0.74685806035995483
vt 0.70994663238525391 0.74689501523971558
vt 0.70983916521072388 0.74700582027435303
vt 0.70976752042770386 0.74693197011947632
vt 0.70983916521072388 0.74685806035995483
vt 0.70983916521072388 0.74693197011947632
vt 0.70962423086166382 0.74700582027435303
vt 0.709480881690979 0.74685806035995483
vt 0.70962423086166382 0.74671030044555664
vt 0.70962423086166382 0.74685806035995483
vt 0.70919430255889893 0.74730134010314941
vt 0.70890772342681885 0.74700582027435303
vt 0.70919430255889893 0.74671030044555664
vt 0.70919430255889893 0.74700582027435303
vt 0.71005409955978394 0.74678421020507812
vt 0.7099108099937439 0.74678421020507812
vt 0.70998245477676392 0.74671030044555664
vt 0.70998245477676392 0.74678421020507812
vt 0.70976752042770386 0.74656254053115845
vt 0.7099108099937439 0.74641478061676025
vt 0.7099108099937439 0.74656254053115845
vt 0.7099108099937439 0.74691343307495117
vt 0.70992869138717651 0.74689501523971558
vt 0.70992869138717651 0.74691343307495117
vt 0.70998245477676392 0.74696886539459229
vt 0.70994663238525391 0.74700582027435303
vt 0.7099108099937439 0.74696886539459229
vt 0.71005409955978394 0.74707967042922974
vt 0.70998245477676392 0.74715358018875122
vt 0.7099108099937439 0.74707967042922974
vt 0.70998245477676392 0.74707967042922974
vt 0.70987498760223389 0.74693197011947632
vt 0.70983916521072388 0.74689501523971558
vt 0.70987498760223389 0.74685806035995483
vt 0.70987498760223389 0.74689501523971558
vt 0.70976752042770386 0.74678421020507812
vt 0.70983916521072388 0.74671030044555664
vt 0.70983916521072388 0.74678421020507812
vt 0.7099376916885376 0.74691343307495117
vt 0.70996451377868652 0.74689501523971558
vt 0.70996451377868652 0.74691343307495117
vt 0.71001827716827393 0.74693197011947632
vt 0.71001827716827393 0.74685806035995483
vt 0.71001827716827393 0.74689501523971558
vt 0.71019738912582397 0.74693197011947632
vt 0.71012574434280396 0.74700582027435303
vt 0.71012574434280396 0.74693197011947632
vt 0.7099108099937439 0.74695038795471191
vt 0.70987498760223389 0.74700582027435303
vt 0.70983916521072388 0.74696886539459229
vt 0.70987498760223389 0.74696886539459229
vt 0.70983916521072388 0.74715358018875122
vt 0.70976752042770386 0.74707967042922974
vt 0.70983916521072388 0.74707967042922974
vt 0.70962423086166382 0.74730134010314941
vt 0.709480881690979 0.74715358018875122
vt 0.70962423086166382 0.74715358018875122
vt 0.70992869138717651 0.74692732095718384
vt 0.70992869138717651 0.74694114923477173
vt 0.70998245477676392 0.74695038795471191
vt 0.71005409955978394 0.74696886539459229
vt 0.71001827716827393 0.74700582027435303
vt 0.71001827716827393 0.74696886539459229
vt 0.70991975069046021 0.74693197011947632
vt 0.7099108099937439 0.74692267179489136
vt 0.70991975069046021 0.74691343307495117
vt 0.70991975069046021 0.74692267179489136
vt 0.7098928689956665 0.74693197011947632
vt 0.70987498760223389 0.74691343307495117
vt 0.7098928689956665 0.74689501523971558
vt 0.7098928689956665 0.74691343307495117
vt 0.71025913953781128 0.74733000993728638
vt 0.70995926856994629 0.74692058563232422
vt 0.71025937795639038 0.74731981754302979
vt 0.71026450395584106 0.74717551469802856
vt 0.7103009819984436 0.7468751072883606
vt 0.54637783765792847 0.76148605346679688
vt 0.58306229114532471 0.76148605346679688
vt 0.61974680423736572 0.72366011142730713
vt 0.61974680423736572 0.76148605346679688
vt 0.604392409324646 0.74692332744598389
vt 0.60439044237136841 0.74692392349243164
vt 0.60393065214157104 0.74683290719985962
vt 0.60388022661209106 0.7467842698097229
vt 0.60386854410171509 0.74676042795181274
vt 0.60386443138122559 0.7467384934425354
vt 0.6038670539855957 0.74671953916549683
vt 0.60387527942657471 0.7467048168182373
vt 0.60388809442520142 0.74669533967971802
vt 0.6039046049118042 0.74669241905212402
vt 0.6039237380027771 0.7466970682144165
vt 0.60394448041915894 0.74671047925949097
vt 0.60398685932159424 0.74676835536956787
vt 0.6040656566619873 0.747336745262146
vt 0.6040647029876709 0.74733912944793701
vt 0.60406345129013062 0.74733322858810425
vt 0.61974680423736572 0.742573082447052
vt 0.60140454769134521 0.76148605346679688
vt 0.61974680423736572 0.75202959775924683
vt 0.61057567596435547 0.76148605346679688
vt 0.60140454769134521 0.75202959775924683
vt 0.61057567596435547 0.742573082447052
vt 0.61057567596435547 0.75202959775924683
vt 0.63808906078338623 0.76148605346679688
vt 0.63808906078338623 0.72366011142730713
vt 0.63808906078338623 0.742573082447052
vt 0.61974680423736572 0.78039902448654175
vt 0.58306229114532471 0.78039902448654175
vt 0.60140454769134521 0.78039902448654175
vt 0.60599011182785034 0.75202959775924683
vt 0.60140454769134521 0.74730134010314941
vt 0.60599011182785034 0.742573082447052
vt 0.59223341941833496 0.76148605346679688
vt 0.58306229114532471 0.75202959775924683
vt 0.59223341941833496 0.75202959775924683
vt 0.5647200345993042 0.76148605346679688
vt 0.61974680423736572 0.73311662673950195
vt 0.61057567596435547 0.72366011142730713
vt 0.61057567596435547 0.73311662673950195
vt 0.60599011182785034 0.74493718147277832
vt 0.60369735956192017 0.74730134010314941
vt 0.59681898355484009 0.75202959775924683
vt 0.59223341941833496 0.74730134010314941
vt 0.59681898355484009 0.74730134010314941
vt 0.61057567596435547 0.73784482479095459
vt 0.60599011182785034 0.73311662673950195
vt 0.60599011182785034 0.73784482479095459
vt 0.60599011182785034 0.74611926078796387
vt 0.60484373569488525 0.74493718147277832
vt 0.60484373569488525 0.74611926078796387
vt 0.60828292369842529 0.742573082447052
vt 0.60828292369842529 0.74493718147277832
vt 0.61974680423736572 0.74730134010314941
vt 0.6151612401008606 0.75202959775924683
vt 0.6151612401008606 0.742573082447052
vt 0.63808906078338623 0.75202959775924683
vt 0.62891793251037598 0.76148605346679688
vt 0.62891793251037598 0.742573082447052
vt 0.62891793251037598 0.75202959775924683
vt 0.60599011182785034 0.74966543912887573
vt 0.60369735956192017 0.75202959775924683
vt 0.60140454769134521 0.74966543912887573
vt 0.60369735956192017 0.74966543912887573
vt 0.61057567596435547 0.75675779581069946
vt 0.60599011182785034 0.76148605346679688
vt 0.60140454769134521 0.75675779581069946
vt 0.60599011182785034 0.75675779581069946
vt 0.61974680423736572 0.77094250917434692
vt 0.61057567596435547 0.78039902448654175
vt 0.60140454769134521 0.77094250917434692
vt 0.61057567596435547 0.77094250917434692
vt 0.60484373569488525 0.74671030044555664
vt 0.60427051782608032 0.74611926078796387
vt 0.60427051782608032 0.74671030044555664
vt 0.60599011182785034 0.74848341941833496
vt 0.60484373569488525 0.74966543912887573
vt 0.60369735956192017 0.74848341941833496
vt 0.60484373569488525 0.74848341941833496
vt 0.61057567596435547 0.74966543912887573
vt 0.60828292369842529 0.75202959775924683
vt 0.60828292369842529 0.74966543912887573
vt 0.6025509238243103 0.74730134010314941
vt 0.59911179542541504 0.74730134010314941
vt 0.60484373569488525 0.74700582027435303
vt 0.60427051782608032 0.74700582027435303
vt 0.6045570969581604 0.74671030044555664
vt 0.6045570969581604 0.74700582027435303
vt 0.60541689395904541 0.74611926078796387
vt 0.60541689395904541 0.74671030044555664
vt 0.60713648796081543 0.74493718147277832
vt 0.60713648796081543 0.74611926078796387
vt 0.60484373569488525 0.74789237976074219
vt 0.60427051782608032 0.74848341941833496
vt 0.60369735956192017 0.74789237976074219
vt 0.60427051782608032 0.74789237976074219
vt 0.6025509238243103 0.74966543912887573
vt 0.60140454769134521 0.74848341941833496
vt 0.6025509238243103 0.74848341941833496
vt 0.59911179542541504 0.75202959775924683
vt 0.59681898355484009 0.74966543912887573
vt 0.59911179542541504 0.74966543912887573
vt 0.59681898355484009 0.76148605346679688
vt 0.59223341941833496 0.75675779581069946
vt 0.59681898355484009 0.75675779581069946
vt 0.59223341941833496 0.78039902448654175
vt 0.58306229114532471 0.77094250917434692
vt 0.59223341941833496 0.77094250917434692
vt 0.54637783765792847 0.78039902448654175
vt 0.5647200345993042 0.78039902448654175
vt 0.6045570969581604 0.74685806035995483
vt 0.60441380739212036 0.74700582027435303
vt 0.60427051782608032 0.74685806035995483
vt 0.60441380739212036 0.74671030044555664
vt 0.60441380739212036 0.74685806035995483
vt 0.60398393869400024 0.74730134010314941
vt 0.60369735956192017 0.74700582027435303
vt 0.60398393869400024 0.74700582027435303
vt 0.60312414169311523 0.74730134010314941
vt 0.60484373569488525 0.74641478061676025
vt 0.60427051782608032 0.74641478061676025
vt 0.6045570969581604 0.74611926078796387
vt 0.6045570969581604 0.74641478061676025
vt 0.60484373569488525 0.74552822113037109
vt 0.60427051782608032 0.74493718147277832
vt 0.60427051782608032 0.74552822113037109
vt 0.60599011182785034 0.74375516176223755
vt 0.60484373569488525 0.74375516176223755
vt 0.60599011182785034 0.74020898342132568
vt 0.60441380739212036 0.74693197011947632
vt 0.60434216260910034 0.74700582027435303
vt 0.60427051782608032 0.74693197011947632
vt 0.60434216260910034 0.74685806035995483
vt 0.60434216260910034 0.74693197011947632
vt 0.6045570969581604 0.74715358018875122
vt 0.60427051782608032 0.74715358018875122
vt 0.60441380739212036 0.74715358018875122
vt 0.6045570969581604 0.74789237976074219
vt 0.60427051782608032 0.7475968599319458
vt 0.6045570969581604 0.7475968599319458
vt 0.60541689395904541 0.74848341941833496
vt 0.60713648796081543 0.74966543912887573
vt 0.60713648796081543 0.74848341941833496
vt 0.60412722826004028 0.74700582027435303
vt 0.60412722826004028 0.74671030044555664
vt 0.60441380739212036 0.74689501523971558
vt 0.60434216260910034 0.74689501523971558
vt 0.60437798500061035 0.74685806035995483
vt 0.60437798500061035 0.74689501523971558
vt 0.60441380739212036 0.74678421020507812
vt 0.60427051782608032 0.74678421020507812
vt 0.60434216260910034 0.74671030044555664
vt 0.60434216260910034 0.74678421020507812
vt 0.6045570969581604 0.74656254053115845
vt 0.60427051782608032 0.74656254053115845
vt 0.60441380739212036 0.74641478061676025
vt 0.60441380739212036 0.74656254053115845
vt 0.6045570969581604 0.74693197011947632
vt 0.60448545217514038 0.74700582027435303
vt 0.60448545217514038 0.74685806035995483
vt 0.60448545217514038 0.74693197011947632
vt 0.60484373569488525 0.74685806035995483
vt 0.60470044612884521 0.74700582027435303
vt 0.60470044612884521 0.74671030044555664
vt 0.60470044612884521 0.74685806035995483
vt 0.60513031482696533 0.74671030044555664
vt 0.60513031482696533 0.74700582027435303
vt 0.60441380739212036 0.74691343307495117
vt 0.60437798500061035 0.74691343307495117
vt 0.60439592599868774 0.74689501523971558
vt 0.60448545217514038 0.74689501523971558
vt 0.60444962978363037 0.74693197011947632
vt 0.60444962978363037 0.74685806035995483
vt 0.60444962978363037 0.74689501523971558
vt 0.6045570969581604 0.74678421020507812
vt 0.60448545217514038 0.74671030044555664
vt 0.60448545217514038 0.74678421020507812
vt 0.60441380739212036 0.74696886539459229
vt 0.60437798500061035 0.74700582027435303
vt 0.60434216260910034 0.74696886539459229
vt 0.60441380739212036 0.74707967042922974
vt 0.60434216260910034 0.74715358018875122
vt 0.60427051782608032 0.74707967042922974
vt 0.60434216260910034 0.74707967042922974
vt 0.60398393869400024 0.74715358018875122
vt 0.60412722826004028 0.74715358018875122
vt 0.60398393869400024 0.74789237976074219
vt 0.60369735956192017 0.7475968599319458
vt 0.60398393869400024 0.7475968599319458
vt 0.60312414169311523 0.74848341941833496
vt 0.6025509238243103 0.74789237976074219
vt 0.60312414169311523 0.74789237976074219
vt 0.60438692569732666 0.74691343307495117
vt 0.60441380739212036 0.74695038795471191
vt 0.60448545217514038 0.74696886539459229
vt 0.60444962978363037 0.74700582027435303
vt 0.60444962978363037 0.74696886539459229
vt 0.6045570969581604 0.74707967042922974
vt 0.60448545217514038 0.74715358018875122
vt 0.60448545217514038 0.74707967042922974
vt 0.60470044612884521 0.74715358018875122
vt 0.60436010360717773 0.74689501523971558
vt 0.60430634021759033 0.74693197011947632
vt 0.60430634021759033 0.74685806035995483
vt 0.60430634021759033 0.74689501523971558
vt 0.6041988730430603 0.74700582027435303
vt 0.6041988730430603 0.74693197011947632
vt 0.60441380739212036 0.74692267179489136
vt 0.60440486669540405 0.74691343307495117
vt 0.60444962978363037 0.74691343307495117
vt 0.60443174839019775 0.74693197011947632
vt 0.60443174839019775 0.74689501523971558
vt 0.60443174839019775 0.74691343307495117
vt 0.60434216260910034 0.74695038795471191
vt 0.60430634021759033 0.74700582027435303
vt 0.60427051782608032 0.74696886539459229
vt 0.60430634021759033 0.74696886539459229
vt 0.60384064912796021 0.74700582027435303
vt 0.60341072082519531 0.74730134010314941
vt 0.60341072082519531 0.74700582027435303
vt 0.60391229391098022 0.74671030044555664
vt 0.60391229391098022 0.74674725532531738
vt 0.60387647151947021 0.74674725532531738
vt 0.60355401039123535 0.74700582027435303
vt 0.60412722826004028 0.74656254053115845
vt 0.60412722826004028 0.74663639068603516
vt 0.60405558347702026 0.74656254053115845
vt 0.60405558347702026 0.74663639068603516
vt 0.60427051782608032 0.74744910001754761
vt 0.60412722826004028 0.7475968599319458
vt 0.60398393869400024 0.74744910001754761
vt 0.60412722826004028 0.74744910001754761
vt 0.60412722826004028 0.74737519025802612
vt 0.60405558347702026 0.74744910001754761
vt 0.60398393869400024 0.74737519025802612
vt 0.60405558347702026 0.74737519025802612
vt 0.60384064912796021 0.7475968599319458
vt 0.60369735956192017 0.74744910001754761
vt 0.60384064912796021 0.74730134010314941
vt 0.60384064912796021 0.74744910001754761
vt 0.60341072082519531 0.74789237976074219
vt 0.60312414169311523 0.7475968599319458
vt 0.60341072082519531 0.7475968599319458
vt 0.60409140586853027 0.74737519025802612
vt 0.60398393869400024 0.74722743034362793
vt 0.60369735956192017 0.74715358018875122
vt 0.60384064912796021 0.74715358018875122
vt 0.6041988730430603 0.74744910001754761
vt 0.60441380739212036 0.7475968599319458
vt 0.60401976108551025 0.74737519025802612
vt 0.60398393869400024 0.74733823537826538
vt 0.60401976108551025 0.74730134010314941
vt 0.60401976108551025 0.74733823537826538
vt 0.60391229391098022 0.74744910001754761
vt 0.60384064912796021 0.74737519025802612
vt 0.60391229391098022 0.74730134010314941
vt 0.60391229391098022 0.74737519025802612
vt 0.6041988730430603 0.74715358018875122
vt 0.6041988730430603 0.74722743034362793
vt 0.60405558347702026 0.74732905626296997
vt 0.60409140586853027 0.74735677242279053
vt 0.60407346487045288 0.74737519025802612
vt 0.60405558347702026 0.74735677242279053
vt 0.60407346487045288 0.74735677242279053
vt 0.60412722826004028 0.74741214513778687
vt 0.60409140586853027 0.74744910001754761
vt 0.60405558347702026 0.74741214513778687
vt 0.60409140586853027 0.74741214513778687
vt 0.60412722826004028 0.74752295017242432
vt 0.60405558347702026 0.7475968599319458
vt 0.60398393869400024 0.74752295017242432
vt 0.60405558347702026 0.74752295017242432
vt 0.60427051782608032 0.74774461984634399
vt 0.60412722826004028 0.74789237976074219
vt 0.60398393869400024 0.74774461984634399
vt 0.60412722826004028 0.74774461984634399
vt 0.60427051782608032 0.7481878399848938
vt 0.60398393869400024 0.74848341941833496
vt 0.60369735956192017 0.7481878399848938
vt 0.60398393869400024 0.7481878399848938
vt 0.60484373569488525 0.74907439947128296
vt 0.60427051782608032 0.74966543912887573
vt 0.60369735956192017 0.74907439947128296
vt 0.60427051782608032 0.74907439947128296
vt 0.60599011182785034 0.75084751844406128
vt 0.60484373569488525 0.75202959775924683
vt 0.60369735956192017 0.75084751844406128
vt 0.60484373569488525 0.75084751844406128
vt 0.60599011182785034 0.75439369678497314
vt 0.60369735956192017 0.75675779581069946
vt 0.60140454769134521 0.75439369678497314
vt 0.60369735956192017 0.75439369678497314
vt 0.60403764247894287 0.74733823537826538
vt 0.60401976108551025 0.74731981754302979
vt 0.60403764247894287 0.74731981754302979
vt 0.60398393869400024 0.74726438522338867
vt 0.60401976108551025 0.74726438522338867
vt 0.60384064912796021 0.74722743034362793
vt 0.60391229391098022 0.74715358018875122
vt 0.60391229391098022 0.74722743034362793
vt 0.60406452417373657 0.74735677242279053
vt 0.60405558347702026 0.74734747409820557
vt 0.60403764247894287 0.74737519025802612
vt 0.60401976108551025 0.74735677242279053
vt 0.60403764247894287 0.74735677242279053
vt 0.60401976108551025 0.74744910001754761
vt 0.60398393869400024 0.74741214513778687
vt 0.60401976108551025 0.74741214513778687
vt 0.60408246517181396 0.74735677242279053
vt 0.60410934686660767 0.74737519025802612
vt 0.60410934686660767 0.74735677242279053
vt 0.60416305065155029 0.74737519025802612
vt 0.60402369499206543 0.7468751072883606
vt 0.60406184196472168 0.7472948431968689
vt 0.60436254739761353 0.74692261219024658
vt 0.62995243072509766 0.10530152916908264
vt 0.62987339496612549 0.10526315867900848
vt 0.62988436222076416 0.10527275502681732
vt 0.62995243072509766 0.10530152916908264
vt 0.62988436222076416 0.10527275502681732
vt 0.62989526987075806 0.10528234392404556
vt 0.62900334596633911 0.10526315867900848
vt 0.62943840026855469 0.10526315867900848
vt 0.62942403554916382 0.10527275502681732
vt 0.62900334596633911 0.10526315867900848
vt 0.62942403554916382 0.10527275502681732
vt 0.62940967082977295 0.10528234392404556
vt 0.65537536144256592 0.41951104998588562
vt 0.65553957223892212 0.41958779096603394
vt 0.65552711486816406 0.4195781946182251
vt 0.65537536144256592 0.41951104998588562
vt 0.65552711486816406 0.4195781946182251
vt 0.65551459789276123 0.41956859827041626
vt 0.65537536144256592 0.41951104998588562
vt 0.65551459789276123 0.41956859827041626
vt 0.65548962354660034 0.41954940557479858
vt 0.64360654354095459 0.4194343090057373
vt 0.64379400014877319 0.41958779096603394
vt 0.64347171783447266 0.41951104998588562
vt 0.64360654354095459 0.4194343090057373
vt 0.64347171783447266 0.41951104998588562
vt 0.64314949512481689 0.4194343090057373
vt 0.62900334596633911 0.41958779096603394
vt 0.62943840026855469 0.41958779096603394
vt 0.62942403554916382 0.4195781946182251
vt 0.62900334596633911 0.41958779096603394
vt 0.62942403554916382 0.4195781946182251
vt 0.62940967082977295 0.41956859827041626
vt 0.71025925874710083 0.74731981754302979
vt 0.62995243072509766 0.10530152916908264
vt 0.62987339496612549 0.10526315867900848
vt 0.63042229413986206 0.10526315867900848
vt 0.62995243072509766 0.10530152916908264
vt 0.63042229413986206 0.10526315867900848
vt 0.63596367835998535 0.10526315867900848
vt 0.6282956600189209 0.10557011514902115
vt 0.62552320957183838 0.10526315867900848
vt 0.62870186567306519 0.10526315867900848
vt 0.6282956600189209 0.10557011514902115
vt 0.62870186567306519 0.10526315867900848
vt 0.62900334596633911 0.10526315867900848
vt 0.63000953197479248 0.41951104998588562
vt 0.63248354196548462 0.41958779096603394
vt 0.63017624616622925 0.41958779096603394
vt 0.65640372037887573 0.10541663318872452
vt 0.65597456693649292 0.10526315867900848
vt 0.65609157085418701 0.10526315867900848
vt 0.65526109933853149 0.10541663318872452
vt 0.65336441993713379 0.10526315867900848
vt 0.65491145849227905 0.10526315867900848
vt 0.65526109933853149 0.10541663318872452
vt 0.65491145849227905 0.10526315867900848
vt 0.65553957223892212 0.10526315867900848
vt 0.65800338983535767 0.41897386312484741
vt 0.65687119960784912 0.41958779096603394
vt 0.6568446159362793 0.41958779096603394
vt 0.63286608457565308 0.41928082704544067
vt 0.63708400726318359 0.41958776116371155
vt 0.63274729251861572 0.41958779096603394
vt 0.63286608457565308 0.41928082704544067
vt 0.63274729251861572 0.41958779096603394
vt 0.63248354196548462 0.41958779096603394
vt 0.6282956600189209 0.41928082704544067
vt 0.62900334596633911 0.41958779096603394
vt 0.62841963768005371 0.41958779096603394
vt 0.6282956600189209 0.41928082704544067
vt 0.62841963768005371 0.41958779096603394
vt 0.62744772434234619 0.41958779096603394
vt 0.63000953197479248 0.41951104998588562
vt 0.62987339496612549 0.41958779096603394
vt 0.62998878955841064 0.41958779096603394
vt 0.65537536144256592 0.41951104998588562
vt 0.65553957223892212 0.41958779096603394
vt 0.65523397922515869 0.41958779096603394
vt 0.65640372037887573 0.10541663318872452
vt 0.65636080503463745 0.10526315867900848
vt 0.65609157085418701 0.10526315867900848
vt 0.6502336859703064 0.10557011514902115
vt 0.6520763635635376 0.10526315867900848
vt 0.65297591686248779 0.10557011514902115
vt 0.62418228387832642 0.10649099200963974
vt 0.62472885847091675 0.10526315867900848
vt 0.6249091625213623 0.10526315867900848
vt 0.62418228387832642 0.10649099200963974
vt 0.6249091625213623 0.10526315867900848
vt 0.6250874400138855 0.10526315867900848
vt 0.65800338983535767 0.41897386312484741
vt 0.65687119960784912 0.41958779096603394
vt 0.65700614452362061 0.41958779096603394
vt 0.65800338983535767 0.41897386312484741
vt 0.65700614452362061 0.41958779096603394
vt 0.65714097023010254 0.41958779096603394
vt 0.65800338983535767 0.41897386312484741
vt 0.65714097023010254 0.41958779096603394
vt 0.65741157531738281 0.41958779096603394
vt 0.65800338983535767 0.41897386312484741
vt 0.65741157531738281 0.41958779096603394
vt 0.65768134593963623 0.41958782076835632
vt 0.65537536144256592 0.41951104998588562
vt 0.64988428354263306 0.41958779096603394
vt 0.65108317136764526 0.41958779096603394
vt 0.65537536144256592 0.41951104998588562
vt 0.65411108732223511 0.41958779096603394
vt 0.65452688932418823 0.41958779096603394
vt 0.65537536144256592 0.41951104998588562
vt 0.65452688932418823 0.41958779096603394
vt 0.65494269132614136 0.41958779096603394
vt 0.61869776248931885 0.11017447710037231
vt 0.6215551495552063 0.10526315867900848
vt 0.62204307317733765 0.10526315867900848
vt 0.61869776248931885 0.41467645764350891
vt 0.62204307317733765 0.41958779096603394
vt 0.6215551495552063 0.41958776116371155
vt 0.71034067869186401 0.74715358018875122
vt 0.71001827716827393 0.74685806035995483
vt 0.71003788709640503 0.74687480926513672
vt 0.71001827716827393 0.74689501523971558
vt 0.6282956600189209 0.41928082704544067
vt 0.62744772434234619 0.41958779096603394
vt 0.62569791078567505 0.41958779096603394
vt 0.6282956600189209 0.41928082704544067
vt 0.62569791078567505 0.41958779096603394
vt 0.62457191944122314 0.41958779096603394
vt 0.6282956600189209 0.41928082704544067
vt 0.62457191944122314 0.41958779096603394
vt 0.62204307317733765 0.41958779096603394
vt 0.62418228387832642 0.10649099200963974
vt 0.62204307317733765 0.10526315867900848
vt 0.62395274639129639 0.10526315867900848
vt 0.62418228387832642 0.10649099200963974
vt 0.62395274639129639 0.10526315867900848
vt 0.62472885847091675 0.10526315867900848
vt 0.65640372037887573 0.10541663318872452
vt 0.6573333740234375 0.10526315867900848
vt 0.65868455171585083 0.10526315867900848
vt 0.65640372037887573 0.10541663318872452
vt 0.65868455171585083 0.10526315867900848
vt 0.65980285406112671 0.10526315867900848
vt 0.65640372037887573 0.10541663318872452
vt 0.65980285406112671 0.10526315867900848
vt 0.66092109680175781 0.10526315867900848
vt 0.66988646984100342 0.11017447710037231
vt 0.66380488872528076 0.10526315867900848
vt 0.66906273365020752 0.10526315867900848
vt 0.66988646984100342 0.11017447710037231
vt 0.66906273365020752 0.10526315867900848
vt 0.67339366674423218 0.10526315867900848
vt 0.66988646984100342 0.11017447710037231
vt 0.67339366674423218 0.10526315867900848
vt 0.67772555351257324 0.10526315867900848
vt 0.61869776248931885 0.11017447710037231
vt 0.60812246799468994 0.10526315867900848
vt 0.61040318012237549 0.10526315867900848
vt 0.61869776248931885 0.11017447710037231
vt 0.61040318012237549 0.10526315867900848
vt 0.61445832252502441 0.10526315867900848
vt 0.61869776248931885 0.11017447710037231
vt 0.61445832252502441 0.10526315867900848
vt 0.61851346492767334 0.10526315867900848
vt 0.61869776248931885 0.11017447710037231
vt 0.61851346492767334 0.10526315867900848
vt 0.6215551495552063 0.10526315867900848
vt 0.61869776248931885 0.41467645764350891
vt 0.60812246799468994 0.41958779096603394
vt 0.61049497127532959 0.41958779096603394
vt 0.61869776248931885 0.41467645764350891
vt 0.61049497127532959 0.41958779096603394
vt 0.61494362354278564 0.41958779096603394
vt 0.61869776248931885 0.41467645764350891
vt 0.61494362354278564 0.41958779096603394
vt 0.6193922758102417 0.41958779096603394
vt 0.61869776248931885 0.41467645764350891
vt 0.6193922758102417 0.41958779096603394
vt 0.6215551495552063 0.41958776116371155
vn 1 0 0
vn 1 0 0
vn 0 -1 0
vn 0 -1 0
vn 0 -1 0
vn 0 -1 0
vn 0 -1 0
vn -5.7631055483398086E-10 -1 0
vn 0 -1 0
vn 2.0163528624550509E-09 -1 0
vn 1.2566169216299272E-09 -1 0
vn -7.0427508269688133E-09 -1 0
vn -6.4347466244285556E-10 -1 0
vn 4.2692548163358879E-08 -1 0
vn -1.4936550485344924E-07 -1 0
vn 5.2166365094308276E-07 -1 0
vn -1.9376882391952677E-06 -1 0
vn 7.2235484367411118E-06 -1 0
vn -2.7033818696509115E-05 -1 0
vn 9.984291682485491E-05 -1 0
vn -0.00038765359204262495 -0.99999994039535522 0
vn 0.0012573968851938844 -0.99999922513961792 0
vn -0.009172854945063591 -0.99995791912078857 0
vn -0.089130870997905731 -0.99601989984512329 0
vn -0.45360231399536133 -0.89120417833328247 0
vn -0.072845667600631714 0.99734324216842651 0
vn 0.29381731152534485 0.95586156845092773 0
vn 0.55494248867034912 0.83188873529434204 0
vn 0.83775156736373901 0.54605156183242798 0
vn 0.94827282428741455 0.31745654344558716 0
vn 0.99961388111114502 0.027786534279584885 0
vn 0.95044982433319092 -0.31087800860404968 0
vn 0.75380587577819824 -0.65709716081619263 0
vn 0.39537498354911804 -0.91851979494094849 0
vn -0.036557085812091827 -0.99933159351348877 0
vn -0.40317240357398987 -0.91512405872344971 0
vn -0.65107208490371704 -0.75901585817337036 0
vn -0.89195162057876587 -0.45213088393211365 0
vn -0.99836307764053345 -0.05719437450170517 0
vn -0.99304693937301636 0.11771919578313828 0
vn 0.82760274410247803 0.56131428480148315 0
vn 0.99054169654846191 0.13721215724945068 0
vn 0.99996697902679443 0.0081293601542711258 0
vn 0.99999940395355225 -0.0010936235776171088 0
vn 0.99999994039535522 0.00033815429196693003 0
vn 1 -8.7018313934095204E-05 0
vn 1 2.356728509766981E-05 0
vn 1 -6.298963853623718E-06 0
vn 1 1.6974496475086198E-06 0
vn 1 -4.8588293566353968E-07 0
vn 1 1.3887635930132092E-07 0
vn 1 -2.1248163228904104E-09 0
vn 1 -2.279928779103102E-08 0
vn 1 4.1721306409669978E-09 0
vn 1 6.1108185178682106E-09 0
vn 1 -1.1167277103041329E-09 0
vn 1 -1.6439443140114918E-09 0
vn 1 2.9475621943220176E-10 0
vn 1 4.6492146243970467E-10 0
vn 1 0 0
vn 1 0 0
vn 1 0 0
vn 1 0 0
vn 1 0 0
vn -2.4915577796491561E-06 -1 0
vn 0 -1 0
vn 2.6129591823575993E-09 -1 0
vn 2.6129762797921785E-09 -1 0
vn 0 -1 0
vn 0 -1 0
vn 0 -1 0
vn 0 -1 0
vn 0 -1 0
vn 0 -1 0
vn 0 -1 0
vn 0 -1 0
vn 2.6129833852195361E-09 -1 0
vn -4.3793016435422771E-10 -1 0
vn -4.3791240078583371E-10 -1 0
vn -2.4915577796491561E-06 -1 0
vn 3.5049325219915772E-08 -1 0
vn 3.5049328772629451E-08 -1 0
vn 1 1.1560271673261013E-07 0
vn 0.99954503774642944 0.030161377042531967 0
vn 3.504933232534313E-08 -1 0
vn -8.4511313502844132E-09 -1 0
vn -8.4511286857491541E-09 -1 0
vn -2.4915575522754807E-06 -1 0
vn -2.3032500351405361E-08 -1 0
vn -2.3032493245978003E-08 -1 0
vn 0.99954503774642944 0.030161377042531967 0
vn -0.00023848169075790793 -1 0
vn -0.00023848169075790793 -1 0
vn -0.00023848169075790793 -1 0
vn -2.8074920919607393E-05 -1 0
vn -2.8074920919607393E-05 -1 0
vn 0.99954503774642944 0.030161377042531967 0
vn -0.0095839491114020348 0.99995404481887817 0
vn -0.0095839491114020348 0.99995404481887817 0
vn 1 1.1560272383803749E-07 0
vn 1 2.9002640076214448E-05 0
vn 1 2.9002640076214448E-05 0
vn 1 0 0
vn 1 3.5481861893060795E-10 0
vn -0.0095839491114020348 0.99995404481887817 0
vn 0.00047386676305904984 -0.99999988079071045 0
vn -0.00023848169075790793 -1 0
vn 0.00047386676305904984 -0.99999988079071045 0
vn -0.0095839491114020348 0.99995404481887817 0
vn -0.014589059166610241 -0.99989354610443115 0
vn 0.00047386676305904984 -0.99999988079071045 0
vn -0.014589059166610241 -0.99989354610443115 0
vn 0.99954503774642944 0.030161377042531967 0
vn -0.28094875812530518 -0.95972275733947754 0
vn -0.28094875812530518 -0.95972275733947754 0
vn 1 2.9002640076214448E-05 0
vn 0.99999988079071045 0.00046526663936674595 0
vn 0.99999988079071045 0.00046526663936674595 0
vn -0.014589059166610241 -0.99989354610443115 0
vn -0.0030254502780735493 -0.99999541044235229 0
vn 0.00047386676305904984 -0.99999988079071045 0
vn -0.0030254502780735493 -0.99999541044235229 0
vn 0.0013902484206482768 -0.99999904632568359 0
vn -0.00023848169075790793 -1 0
vn 0.0013902484206482768 -0.99999904632568359 0
vn 8.512071508448571E-05 -1 0
vn -2.8074920919607393E-05 -1 0
vn 8.512071508448571E-05 -1 0
vn -0.0095839491114020348 0.99995404481887817 0
vn -0.041133690625429153 -0.99915367364883423 0
vn -0.041133690625429153 -0.99915367364883423 0
vn -0.28094875812530518 -0.95972275733947754 0
vn 0.58715742826461792 0.80947273969650269 0
vn 0.58715742826461792 0.80947273969650269 0
vn -0.0095839491114020348 0.99995404481887817 0
vn -0.077589705586433411 -0.99698537588119507 0
vn -0.041133690625429153 -0.99915367364883423 0
vn -0.077589705586433411 -0.99698537588119507 0
vn 0.58715742826461792 0.80947273969650269 0
vn 0.1504535973072052 0.98861706256866455 0
vn 0.1504535973072052 0.98861706256866455 0
vn -0.0095839491114020348 0.99995404481887817 0
vn -0.19598338007926941 -0.98060721158981323 0
vn -0.077589705586433411 -0.99698537588119507 0
vn -0.19598338007926941 -0.98060721158981323 0
vn 0.1504535973072052 0.98861706256866455 0
vn 0.078813455998897552 0.99688935279846191 0
vn 0.078813455998897552 0.99688935279846191 0
vn -0.19598338007926941 -0.98060721158981323 0
vn -0.10401493310928345 -0.99457573890686035 0
vn -0.077589705586433411 -0.99698537588119507 0
vn -0.10401493310928345 -0.99457573890686035 0
vn -0.054042994976043701 -0.99853861331939697 0
vn -0.041133690625429153 -0.99915367364883423 0
vn -0.054042994976043701 -0.99853861331939697 0
vn -0.025091495364904404 -0.99968516826629639 0
vn -0.014589059166610241 -0.99989354610443115 0
vn -0.025091495364904404 -0.99968516826629639 0
vn -0.10401493310928345 -0.99457573890686035 0
vn -0.088224343955516815 -0.99610060453414917 0
vn -0.077589705586433411 -0.99698537588119507 0
vn -0.088224343955516815 -0.99610060453414917 0
vn -0.06350620836019516 -0.99798142910003662 0
vn -0.054042994976043701 -0.99853861331939697 0
vn -0.06350620836019516 -0.99798142910003662 0
vn -0.0095839491114020348 0.99995404481887817 0
vn -0.21817509829998016 0.97590965032577515 0
vn -0.21817509829998016 0.97590965032577515 0
vn 0.078813455998897552 0.99688935279846191 0
vn 0.048506628721952438 0.99882286787033081 0
vn 0.048506628721952438 0.99882286787033081 0
vn -0.21817509829998016 0.97590965032577515 0
vn -0.56884372234344482 -0.82244563102722168 0
vn -0.19598338007926941 -0.98060721158981323 0
vn -0.56884372234344482 -0.82244563102722168 0
vn -0.56884372234344482 -0.82244563102722168 0
vn -0.28191313147544861 -0.95943993330001831 0
vn -0.19598338007926941 -0.98060721158981323 0
vn -0.28191313147544861 -0.95943993330001831 0
vn -0.1314312219619751 -0.99132531881332397 0
vn -0.1314312219619751 -0.99132531881332397 0
vn -0.56884372234344482 -0.82244563102722168 0
vn -0.37413063645362854 -0.92737603187561035 0
vn -0.28191313147544861 -0.95943993330001831 0
vn -0.37413063645362854 -0.92737603187561035 0
vn -0.21817509829998016 0.97590965032577515 0
vn -0.68580639362335205 0.72778403759002686 0
vn -0.68580639362335205 0.72778403759002686 0
vn -0.0095839491114020348 0.99995404481887817 0
vn -0.055307488888502121 0.99846935272216797 0
vn -0.055307488888502121 0.99846935272216797 0
vn 0.048506628721952438 0.99882286787033081 0
vn 0.028196662664413452 0.99960237741470337 0
vn 0.028196662664413452 0.99960237741470337 0
vn -0.56884372234344482 -0.82244563102722168 0
vn -0.45130348205566406 -0.89237052202224731 0
vn -0.37413063645362854 -0.92737603187561035 0
vn -0.45130348205566406 -0.89237052202224731 0
vn -0.68580639362335205 0.72778403759002686 0
vn -0.96350193023681641 -0.26770144701004028 0
vn -0.96350193023681641 -0.26770144701004028 0
vn -0.055307488888502121 0.99846935272216797 0
vn -0.10438213497400284 0.99453723430633545 0
vn -0.10438213497400284 0.99453723430633545 0
vn -0.055307488888502121 0.99846935272216797 0
vn -0.075806766748428345 0.99712252616882324 0
vn -0.10438213497400284 0.99453723430633545 0
vn -0.075806766748428345 0.99712252616882324 0
vn -0.0095839491114020348 0.99995404481887817 0
vn -0.027650570496916771 0.99961763620376587 0
vn -0.027650570496916771 0.99961763620376587 0
vn 0.028196662664413452 0.99960237741470337 0
vn 0.013365337625145912 0.99991065263748169 0
vn 0.013365337625145912 0.99991065263748169 0
vn -0.055307488888502121 0.99846935272216797 0
vn -0.064783468842506409 0.99789935350418091 0
vn -0.075806766748428345 0.99712252616882324 0
vn -0.064783468842506409 0.99789935350418091 0
vn -0.027650570496916771 0.99961763620376587 0
vn -0.039820615202188492 0.99920684099197388 0
vn -0.039820615202188492 0.99920684099197388 0
vn -0.064783468842506409 0.99789935350418091 0
vn -0.070078134536743164 0.99754148721694946 0
vn -0.075806766748428345 0.99712252616882324 0
vn -0.070078134536743164 0.99754148721694946 0
vn -0.088806137442588806 0.99604892730712891 0
vn -0.10438213497400284 0.99453723430633545 0
vn -0.088806137442588806 0.99604892730712891 0
vn -0.1471552699804306 0.98911339044570923 0
vn -0.21817509829998016 0.97590965032577515 0
vn -0.1471552699804306 0.98911339044570923 0
vn -0.070078134536743164 0.99754148721694946 0
vn -0.072884835302829742 0.99734038114547729 0
vn -0.075806766748428345 0.99712252616882324 0
vn -0.072884835302829742 0.99734038114547729 0
vn -0.082026802003383636 0.99663013219833374 0
vn -0.088806137442588806 0.99604892730712891 0
vn -0.082026802003383636 0.99663013219833374 0
vn 0.58715742826461792 0.80947273969650269 0
vn 0.3083210289478302 0.95128238201141357 0
vn 0.3083210289478302 0.95128238201141357 0
vn -0.28094875812530518 -0.95972275733947754 0
vn 0.99365717172622681 -0.11245181411504745 0
vn 0.99365717172622681 -0.11245181411504745 0
vn 0.99954503774642944 0.030161377042531967 0
vn -0.99675047397613525 -0.080551087856292725 0
vn -0.99675047397613525 -0.080551087856292725 0
vn 0.99999988079071045 0.00046526663936674595 0
vn 0.99999898672103882 -0.0014345573727041483 0
vn 0.99999898672103882 -0.0014345573727041483 0
vn 0.3083210289478302 0.95128238201141357 0
vn 0.20980854332447052 0.97774249315261841 0
vn 0.1504535973072052 0.98861706256866455 0
vn 0.20980854332447052 0.97774249315261841 0
vn 0.3083210289478302 0.95128238201141357 0
vn 0.25220754742622375 0.96767318248748779 0
vn 0.20980854332447052 0.97774249315261841 0
vn 0.25220754742622375 0.96767318248748779 0
vn 0.58715742826461792 0.80947273969650269 0
vn 0.44073885679244995 0.89763534069061279 0
vn 0.44073885679244995 0.89763534069061279 0
vn 0.99365717172622681 -0.11245181411504745 0
vn 0.87819814682006836 0.47829702496528625 0
vn 0.87819814682006836 0.47829702496528625 0
vn 0.3083210289478302 0.95128238201141357 0
vn 0.27832099795341492 0.96048814058303833 0
vn 0.25220754742622375 0.96767318248748779 0
vn 0.27832099795341492 0.96048814058303833 0
vn 0.44073885679244995 0.89763534069061279 0
vn 0.37250205874443054 0.92803138494491577 0
vn 0.37250205874443054 0.92803138494491577 0
vn 0.3083210289478302 0.95128238201141357 0
vn 0.29293841123580933 0.95613133907318115 0
vn 0.27832099795341492 0.96048814058303833 0
vn 0.29293841123580933 0.95613133907318115 0
vn 0.37250205874443054 0.92803138494491577 0
vn 0.33988717198371887 0.94046622514724731 0
vn 0.33988717198371887 0.94046622514724731 0
vn 0.58715742826461792 0.80947273969650269 0
vn 0.51256734132766724 0.85864704847335815 0
vn 0.51256734132766724 0.85864704847335815 0
vn 0.87819814682006836 0.47829702496528625 0
vn 0.73886138200759888 0.67385745048522949 0
vn 0.73886138200759888 0.67385745048522949 0
vn 0.58715742826461792 0.80947273969650269 0
vn 0.54958611726760864 0.83543705940246582 0
vn 0.51256734132766724 0.85864704847335815 0
vn 0.54958611726760864 0.83543705940246582 0
vn 0.73886138200759888 0.67385745048522949 0
vn 0.66321080923080444 0.74843263626098633 0
vn 0.66321080923080444 0.74843263626098633 0
vn 0.58715742826461792 0.80947273969650269 0
vn 0.56831306219100952 0.82281243801116943 0
vn 0.54958611726760864 0.83543705940246582 0
vn 0.56831306219100952 0.82281243801116943 0
vn 0.66321080923080444 0.74843263626098633 0
vn 0.62510347366333008 0.78054189682006836 0
vn 0.62510347366333008 0.78054189682006836 0
vn 0.56831306219100952 0.82281243801116943 0
vn 0.5589335560798645 0.829212486743927 0
vn 0.54958611726760864 0.83543705940246582 0
vn 0.5589335560798645 0.829212486743927 0
vn 0.5309978723526001 0.84737318754196167 0
vn 0.51256734132766724 0.85864704847335815 0
vn 0.5309978723526001 0.84737318754196167 0
vn 0.47624623775482178 0.87931197881698608 0
vn 0.44073885679244995 0.89763534069061279 0
vn 0.47624623775482178 0.87931197881698608 0
vn 0.87819814682006836 0.47829702496528625 0
vn 0.81159472465515137 0.58422088623046875 0
vn 0.81159472465515137 0.58422088623046875 0
vn 0.99365717172622681 -0.11245181411504745 0
vn 0.97657126188278198 0.21519429981708527 0
vn 0.97657126188278198 0.21519429981708527 0
vn -0.28094875812530518 -0.95972275733947754 0
vn 0.58169221878051758 -0.81340897083282471 0
vn 0.58169221878051758 -0.81340897083282471 0
vn -0.99675047397613525 -0.080551087856292725 0
vn -0.93720942735671997 -0.34876704216003418 0
vn -0.93720942735671997 -0.34876704216003418 0
vn 0.87819814682006836 0.47829702496528625 0
vn 0.84589141607284546 0.53335517644882202 0
vn 0.81159472465515137 0.58422088623046875 0
vn 0.84589141607284546 0.53335517644882202 0
vn 0.97657126188278198 0.21519429981708527 0
vn 0.93474173545837402 0.35532790422439575 0
vn 0.93474173545837402 0.35532790422439575 0
vn 0.84589141607284546 0.53335517644882202 0
vn 0.82896143198013306 0.55930572748184204 0
vn 0.81159472465515137 0.58422088623046875 0
vn 0.82896143198013306 0.55930572748184204 0
vn 0.77577674388885498 0.63100749254226685 0
vn 0.73886138200759888 0.67385745048522949 0
vn 0.77577674388885498 0.63100749254226685 0
vn 0.84589141607284546 0.53335517644882202 0
vn 0.83748471736907959 0.54646074771881104 0
vn 0.82896143198013306 0.55930572748184204 0
vn 0.83748471736907959 0.54646074771881104 0
vn 0.87819814682006836 0.47829702496528625 0
vn 0.86232453584671021 0.50635594129562378 0
vn 0.86232453584671021 0.50635594129562378 0
vn 0.93474173545837402 0.35532790422439575 0
vn 0.90800118446350098 0.41896763443946838 0
vn 0.90800118446350098 0.41896763443946838 0
vn 0.97657126188278198 0.21519429981708527 0
vn 0.95781546831130981 0.287384033203125 0
vn 0.95781546831130981 0.287384033203125 0
vn 0.99365717172622681 -0.11245181411504745 0
vn 0.9982801079750061 0.058624755591154099 0
vn 0.9982801079750061 0.058624755591154099 0
vn 0.58169221878051758 -0.81340897083282471 0
vn 0.87733602523803711 -0.47987651824951172 0
vn 0.87733602523803711 -0.47987651824951172 0
vn 0.95781546831130981 0.287384033203125 0
vn 0.94677650928497314 0.32189163565635681 0
vn 0.93474173545837402 0.35532790422439575 0
vn 0.94677650928497314 0.32189163565635681 0
vn 0.95781546831130981 0.287384033203125 0
vn 0.95242553949356079 0.30477127432823181 0
vn 0.94677650928497314 0.32189163565635681 0
vn 0.95242553949356079 0.30477127432823181 0
vn 0.97657126188278198 0.21519429981708527 0
vn 0.96777564287185669 0.25181400775909424 0
vn 0.96777564287185669 0.25181400775909424 0
vn 0.9982801079750061 0.058624755591154099 0
vn 0.99030959606170654 0.13887745141983032 0
vn 0.99030959606170654 0.13887745141983032 0
vn 0.99365717172622681 -0.11245181411504745 0
vn 0.99968034029006958 -0.025283027440309525 0
vn 0.99968034029006958 -0.025283027440309525 0
vn 0.87733602523803711 -0.47987651824951172 0
vn 0.95573514699935913 -0.29422831535339355 0
vn 0.95573514699935913 -0.29422831535339355 0
vn 0.99968034029006958 -0.025283027440309525 0
vn 0.99985367059707642 0.017106108367443085 0
vn 0.9982801079750061 0.058624755591154099 0
vn 0.99985367059707642 0.017106108367443085 0
vn 0.99985367059707642 0.017106108367443085 0
vn 0.99927860498428345 0.037977233529090881 0
vn 0.9982801079750061 0.058624755591154099 0
vn 0.99927860498428345 0.037977233529090881 0
vn 0.99506473541259766 0.099227875471115112 0
vn 0.99030959606170654 0.13887745141983032 0
vn 0.99506473541259766 0.099227875471115112 0
vn 0.99985367059707642 0.017106108367443085 0
vn 0.99961990118026733 0.02756926603615284 0
vn 0.99927860498428345 0.037977233529090881 0
vn 0.99961990118026733 0.02756926603615284 0
vn 0.99968034029006958 -0.025283027440309525 0
vn 0.99999207258224487 -0.00398276187479496 0
vn 0.99999207258224487 -0.00398276187479496 0
vn 0.99365717172622681 -0.11245181411504745 0
vn 0.99765181541442871 -0.068489670753479004 0
vn 0.99765181541442871 -0.068489670753479004 0
vn 0.95573514699935913 -0.29422831535339355 0
vn 0.97931492328643799 -0.20234207808971405 0
vn 0.97931492328643799 -0.20234207808971405 0
vn 0.87733602523803711 -0.47987651824951172 0
vn 0.92201578617095947 -0.38715225458145142 0
vn 0.92201578617095947 -0.38715225458145142 0
vn 0.58169221878051758 -0.81340897083282471 0
vn 0.75283592939376831 -0.65820819139480591 0
vn 0.75283592939376831 -0.65820819139480591 0
vn -0.28094875812530518 -0.95972275733947754 0
vn 0.14429698884487152 -0.98953443765640259 0
vn 0.14429698884487152 -0.98953443765640259 0
vn -0.93720942735671997 -0.34876704216003418 0
vn -0.76919722557067871 -0.6390114426612854 0
vn -0.76919722557067871 -0.6390114426612854 0
vn 0.92201578617095947 -0.38715225458145142 0
vn 0.94019711017608643 -0.34063085913658142 0
vn 0.95573514699935913 -0.29422831535339355 0
vn 0.94019711017608643 -0.34063085913658142 0
vn 0.94019711017608643 -0.34063085913658142 0
vn 0.94828999042510986 -0.31740525364875793 0
vn 0.95573514699935913 -0.29422831535339355 0
vn 0.94828999042510986 -0.31740525364875793 0
vn 0.96873712539672852 -0.24808956682682037 0
vn 0.97931492328643799 -0.20234207808971405 0
vn 0.96873712539672852 -0.24808956682682037 0
vn 0.94828999042510986 -0.31740525364875793 0
vn 0.95209270715713501 -0.30580955743789673 0
vn 0.95573514699935913 -0.29422831535339355 0
vn 0.95209270715713501 -0.30580955743789673 0
vn 0.96254622936248779 -0.27111759781837463 0
vn 0.96873712539672852 -0.24808956682682037 0
vn 0.96254622936248779 -0.27111759781837463 0
vn 0.75283592939376831 -0.65820819139480591 0
vn 0.82105398178100586 -0.57085055112838745 0
vn 0.82105398178100586 -0.57085055112838745 0
vn 0.75283592939376831 -0.65820819139480591 0
vn 0.78844171762466431 -0.61510950326919556 0
vn 0.82105398178100586 -0.57085055112838745 0
vn 0.78844171762466431 -0.61510950326919556 0
vn 0.58169221878051758 -0.81340897083282471 0
vn 0.67280662059783936 -0.73981839418411255 0
vn 0.67280662059783936 -0.73981839418411255 0
vn 0.14429698884487152 -0.98953443765640259 0
vn 0.37258481979370117 -0.9279981255531311 0
vn 0.37258481979370117 -0.9279981255531311 0
vn 0.75283592939376831 -0.65820819139480591 0
vn 0.77101188898086548 -0.63682073354721069 0
vn 0.78844171762466431 -0.61510950326919556 0
vn 0.77101188898086548 -0.63682073354721069 0
vn 0.67280662059783936 -0.73981839418411255 0
vn 0.71426784992218018 -0.69987243413925171 0
vn 0.71426784992218018 -0.69987243413925171 0
vn 0.75283592939376831 -0.65820819139480591 0
vn 0.76201695203781128 -0.64755707979202271 0
vn 0.77101188898086548 -0.63682073354721069 0
vn 0.76201695203781128 -0.64755707979202271 0
vn 0.71426784992218018 -0.69987243413925171 0
vn 0.73391878604888916 -0.67923718690872192 0
vn 0.73391878604888916 -0.67923718690872192 0
vn 0.37258481979370117 -0.9279981255531311 0
vn 0.48091375827789307 -0.87676787376403809 0
vn 0.48091375827789307 -0.87676787376403809 0
vn 0.37258481979370117 -0.9279981255531311 0
vn 0.42753660678863525 -0.90399801731109619 0
vn 0.48091375827789307 -0.87676787376403809 0
vn 0.42753660678863525 -0.90399801731109619 0
vn 0.14429698884487152 -0.98953443765640259 0
vn 0.25938206911087036 -0.9657747745513916 0
vn 0.25938206911087036 -0.9657747745513916 0
vn -0.28094875812530518 -0.95972275733947754 0
vn -0.079870626330375671 -0.99680525064468384 0
vn -0.079870626330375671 -0.99680525064468384 0
vn -0.76919722557067871 -0.6390114426612854 0
vn -0.58412033319473267 -0.81166708469390869 0
vn -0.58412033319473267 -0.81166708469390869 0
vn 0.37258481979370117 -0.9279981255531311 0
vn 0.40023618936538696 -0.91641205549240112 0
vn 0.42753660678863525 -0.90399801731109619 0
vn 0.40023618936538696 -0.91641205549240112 0
vn 0.25938206911087036 -0.9657747745513916 0
vn 0.31640952825546265 -0.94862270355224609 0
vn 0.31640952825546265 -0.94862270355224609 0
vn 0.37258481979370117 -0.9279981255531311 0
vn 0.3864516019821167 -0.92230969667434692 0
vn 0.40023618936538696 -0.91641205549240112 0
vn 0.3864516019821167 -0.92230969667434692 0
vn 0.31640952825546265 -0.94862270355224609 0
vn 0.3446272611618042 -0.9387395977973938 0
vn 0.3446272611618042 -0.9387395977973938 0
vn -0.079870626330375671 -0.99680525064468384 0
vn 0.030319223180413246 -0.99954026937484741 0
vn 0.030319223180413246 -0.99954026937484741 0
vn -0.079870626330375671 -0.99680525064468384 0
vn -0.02539769746363163 -0.99967741966247559 0
vn 0.030319223180413246 -0.99954026937484741 0
vn -0.02539769746363163 -0.99967741966247559 0
vn -0.28094875812530518 -0.95972275733947754 0
vn -0.18412721157073975 -0.9829024076461792 0
vn -0.18412721157073975 -0.9829024076461792 0
vn -0.58412033319473267 -0.81166708469390869 0
vn -0.44938316941261292 -0.89333909749984741 0
vn -0.44938316941261292 -0.89333909749984741 0
vn -0.079870626330375671 -0.99680525064468384 0
vn -0.052806209772825241 -0.99860477447509766 0
vn -0.02539769746363163 -0.99967741966247559 0
vn -0.052806209772825241 -0.99860477447509766 0
vn -0.18412721157073975 -0.9829024076461792 0
vn -0.13284996151924133 -0.99113613367080688 0
vn -0.13284996151924133 -0.99113613367080688 0
vn -0.44938316941261292 -0.89333909749984741 0
vn -0.36947149038314819 -0.92924207448959351 0
vn -0.36947149038314819 -0.92924207448959351 0
vn -0.44938316941261292 -0.89333909749984741 0
vn -0.4105050265789032 -0.91185832023620605 0
vn -0.36947149038314819 -0.92924207448959351 0
vn -0.4105050265789032 -0.91185832023620605 0
vn -0.58412033319473267 -0.81166708469390869 0
vn -0.52079707384109497 -0.85368049144744873 0
vn -0.52079707384109497 -0.85368049144744873 0
vn -0.76919722557067871 -0.6390114426612854 0
vn -0.68892806768417358 -0.72482973337173462 0
vn -0.68892806768417358 -0.72482973337173462 0
vn -0.93720942735671997 -0.34876704216003418 0
vn -0.87630331516265869 -0.48175978660583496 0
vn -0.87630331516265869 -0.48175978660583496 0
vn -0.99675047397613525 -0.080551087856292725 0
vn -0.98712265491485596 -0.15996529161930084 0
vn -0.98712265491485596 -0.15996529161930084 0
vn 0.99954503774642944 0.030161377042531967 0
vn -0.94365072250366211 0.33094310760498047 0
vn -0.94365072250366211 0.33094310760498047 0
vn 0.99999898672103882 -0.0014345573727041483 0
vn 0.99999880790710449 0.0015419292030856013 0
vn 0.99999880790710449 0.0015419292030856013 0
vn -0.4105050265789032 -0.91185832023620605 0
vn -0.39025849103927612 -0.92070531845092773 0
vn -0.36947149038314819 -0.92924207448959351 0
vn -0.39025849103927612 -0.92070531845092773 0
vn -0.32627853751182556 -0.94527369737625122 0
vn -0.28094875812530518 -0.95972275733947754 0
vn -0.32627853751182556 -0.94527369737625122 0
vn -0.68892806768417358 -0.72482973337173462 0
vn -0.6399390697479248 -0.76842564344406128 0
vn -0.6399390697479248 -0.76842564344406128 0
vn -0.68892806768417358 -0.72482973337173462 0
vn -0.66524356603622437 -0.74662643671035767 0
vn -0.6399390697479248 -0.76842564344406128 0
vn -0.66524356603622437 -0.74662643671035767 0
vn -0.76919722557067871 -0.6390114426612854 0
vn -0.73178678750991821 -0.68153363466262817 0
vn -0.73178678750991821 -0.68153363466262817 0
vn -0.87630331516265869 -0.48175978660583496 0
vn -0.8301774263381958 -0.55749928951263428 0
vn -0.8301774263381958 -0.55749928951263428 0
vn -0.93720942735671997 -0.34876704216003418 0
vn -0.91108357906341553 -0.41222172975540161 0
vn -0.91108357906341553 -0.41222172975540161 0
vn -0.98712265491485596 -0.15996529161930084 0
vn -0.97114717960357666 -0.23848095536231995 0
vn -0.97114717960357666 -0.23848095536231995 0
vn -0.91108357906341553 -0.41222172975540161 0
vn -0.89492619037628174 -0.44621425867080688 0
vn -0.87630331516265869 -0.48175978660583496 0
vn -0.89492619037628174 -0.44621425867080688 0
vn -0.94365072250366211 0.33094310760498047 0
vn -0.99951714277267456 -0.031072637066245079 0
vn -0.99951714277267456 -0.031072637066245079 0
vn -0.99951714277267456 -0.031072637066245079 0
vn -0.99847197532653809 -0.055260896682739258 0
vn -0.99675047397613525 -0.080551087856292725 0
vn -0.99847197532653809 -0.055260896682739258 0
vn -0.99847197532653809 -0.055260896682739258 0
vn -0.99772697687149048 -0.067386291921138763 0
vn -0.99675047397613525 -0.080551087856292725 0
vn -0.99772697687149048 -0.067386291921138763 0
vn -0.99361288547515869 -0.11284239590167999 0
vn -0.99361288547515869 -0.11284239590167999 0
vn -0.99847197532653809 -0.055260896682739258 0
vn -0.99812334775924683 -0.061235211789608002 0
vn -0.99772697687149048 -0.067386291921138763 0
vn -0.99812334775924683 -0.061235211789608002 0
vn -0.99951714277267456 -0.031072637066245079 0
vn -0.9990546703338623 -0.043471459299325943 0
vn -0.9990546703338623 -0.043471459299325943 0
vn -0.94365072250366211 0.33094310760498047 0
vn -0.99998754262924194 0.0049887117929756641 0
vn -0.99998754262924194 0.0049887117929756641 0
vn 0.99954503774642944 0.030161377042531967 0
vn 0.99837911128997803 0.056913744658231735 0
vn 0.99837911128997803 0.056913744658231735 0
vn 0.99999880790710449 0.0015419292030856013 0
vn 0.99995696544647217 0.0092797651886940002 0
vn 0.99995696544647217 0.0092797651886940002 0
vn -0.94365072250366211 0.33094310760498047 0
vn -0.9987604022026062 0.049776356667280197 0
vn -0.99998754262924194 0.0049887117929756641 0
vn -0.9987604022026062 0.049776356667280197 0
vn 0.99837911128997803 0.056913744658231735 0
vn 0.99482589960098267 0.10159457474946976 0
vn 0.99482589960098267 0.10159457474946976 0
vn -0.94365072250366211 0.33094310760498047 0
vn -0.9941144585609436 0.10833489894866943 0
vn -0.9987604022026062 0.049776356667280197 0
vn -0.9941144585609436 0.10833489894866943 0
vn 0.99482589960098267 0.10159457474946976 0
vn 0.97869950532913208 0.20529791712760925 0
vn 0.97869950532913208 0.20529791712760925 0
vn -0.94365072250366211 0.33094310760498047 0
vn -0.9847787618637085 0.17381240427494049 0
vn -0.9941144585609436 0.10833489894866943 0
vn -0.9847787618637085 0.17381240427494049 0
vn 0.97869950532913208 0.20529791712760925 0
vn 0.82799232006072998 0.56073939800262451 0
vn 0.82799232006072998 0.56073939800262451 0
vn -0.9847787618637085 0.17381240427494049 0
vn -0.99078673124313354 0.13543154299259186 0
vn -0.9941144585609436 0.10833489894866943 0
vn -0.99078673124313354 0.13543154299259186 0
vn -0.99736607074737549 0.072532221674919128 0
vn -0.9987604022026062 0.049776356667280197 0
vn -0.99736607074737549 0.072532221674919128 0
vn -0.99975872039794922 0.021966831758618355 0
vn -0.99998754262924194 0.0049887117929756641 0
vn -0.99975872039794922 0.021966831758618355 0
vn -0.9998663067817688 -0.01635063998401165 0
vn -0.9998663067817688 -0.01635063998401165 0
vn -0.99078673124313354 0.13543154299259186 0
vn -0.99267572164535522 0.12080933153629303 0
vn -0.9941144585609436 0.10833489894866943 0
vn -0.99267572164535522 0.12080933153629303 0
vn -0.99610602855682373 0.088163696229457855 0
vn -0.99736607074737549 0.072532221674919128 0
vn -0.99610602855682373 0.088163696229457855 0
vn 0.82799232006072998 0.56073939800262451 0
vn -0.45863986015319824 0.8886222243309021 0
vn -0.45863986015319824 0.8886222243309021 0
vn 0.82799232006072998 0.56073939800262451 0
vn 0.45897260308265686 0.88845044374465942 0
vn -0.45863986015319824 0.8886222243309021 0
vn 0.45897260308265686 0.88845044374465942 0
vn 0.97869950532913208 0.20529791712760925 0
vn 0.95492863655090332 0.29683539271354675 0
vn 0.95492863655090332 0.29683539271354675 0
vn 0.99482589960098267 0.10159457474946976 0
vn 0.99113863706588745 0.13283152878284454 0
vn 0.99113863706588745 0.13283152878284454 0
vn 0.99837911128997803 0.056913744658231735 0
vn 0.99740386009216309 0.072010897099971771 0
vn 0.99740386009216309 0.072010897099971771 0
vn 0.99954503774642944 0.030161377042531967 0
vn 0.99919283390045166 0.040170468389987946 0
vn 0.99919283390045166 0.040170468389987946 0
vn 0.99995696544647217 0.0092797651886940002 0
vn 0.99984639883041382 0.017526553943753242 0
vn 0.99984639883041382 0.017526553943753242 0
vn 0.70887470245361328 0.70533442497253418 0
vn 0.45897260308265686 0.88845044374465942 0
vn 0.70887470245361328 0.70533442497253418 0
vn 0.95492863655090332 0.29683539271354675 0
vn 0.92157489061355591 0.38820064067840576 0
vn 0.92157489061355591 0.38820064067840576 0
vn 0.77911418676376343 0.62688201665878296 0
vn 0.70887470245361328 0.70533442497253418 0
vn 0.77911418676376343 0.62688201665878296 0
vn 0.92157489061355591 0.38820064067840576 0
vn 0.77911418676376343 0.62688201665878296 0
vn 0.88814264535903931 0.45956787467002869 0
vn 0.99113863706588745 0.13283152878284454 0
vn 0.98712450265884399 0.1599537581205368 0
vn 0.98712450265884399 0.1599537581205368 0
vn 0.99113863706588745 0.13283152878284454 0
vn 0.9894479513168335 0.14488871395587921 0
vn 0.98712450265884399 0.1599537581205368 0
vn 0.9894479513168335 0.14488871395587921 0
vn 0.99482589960098267 0.10159457474946976 0
vn 0.99340248107910156 0.1146802082657814 0
vn 0.99340248107910156 0.1146802082657814 0
vn 0.99740386009216309 0.072010897099971771 0
vn 0.99648404121398926 0.083783134818077087 0
vn 0.99648404121398926 0.083783134818077087 0
vn 0.99113863706588745 0.13283152878284454 0
vn 0.99035614728927612 0.13854476809501648 0
vn 0.9894479513168335 0.14488871395587921 0
vn 0.99035614728927612 0.13854476809501648 0
vn 0.99340248107910156 0.1146802082657814 0
vn 0.99241334199905396 0.1229463666677475 0
vn 0.99241334199905396 0.1229463666677475 0
vn 0.99113863706588745 0.13283152878284454 0
vn 0.99076151847839355 0.13561549782752991 0
vn 0.99035614728927612 0.13854476809501648 0
vn 0.99076151847839355 0.13561549782752991 0
vn 0.99241334199905396 0.1229463666677475 0
vn 0.99181836843490601 0.12765702605247498 0
vn 0.99181836843490601 0.12765702605247498 0
vn 1 1.1560270962718278E-07 0
vn 1 1.5896265495030093E-06 0
vn 1 1.5896265495030093E-06 0
vn 1 3.5482594640257048E-10 0
vn 1 8.3436777487122527E-09 0
vn 1 8.343670643284895E-09 0
vn 1 8.343676860533833E-09 0
vn 1 -2.7260098178771841E-08 0
vn 1 -2.7260094626058162E-08 0
vn 1 3.5482528026875571E-10 0
vn 1 -2.0230155328704313E-09 0
vn 1 -2.0230084274430737E-09 0
vn 1 0 0
vn 1 0 0
vn 1 0 0
vn 1 0 0
vn 1 0 0
vn 1 0 0
vn 1 0 0
vn 1 0 0
vn 1 0 0
vn 1 0 0
vn 1 0 0
vn 1 0 0
vn 1 4.6490902794182887E-10 0
vn 1 2.9475777374443624E-10 0
vn 1 -1.6439292149783569E-09 0
vn 1 -1.1167137214940226E-09 0
vn 1 6.110829176009247E-09 0
vn 1 4.1721350818590963E-09 0
vn 1 -2.2799289567387859E-08 0
vn 1 -2.1248314219235453E-09 0
vn 1 1.3887635930132092E-07 0
vn 1 -4.8588293566353968E-07 0
vn 1 1.6974495338217821E-06 0
vn 1 -6.298963853623718E-06 0
vn 1 2.356728509766981E-05 0
vn 1 -8.7018313934095204E-05 0
vn 0.99999994039535522 0.00033815429196693003 0
vn 0.99999940395355225 -0.0010936235776171088 0
vn 0.99996697902679443 0.0081293601542711258 0
vn 0.99965894222259521 0.026114039123058319 0
vn 0.99054169654846191 0.13721215724945068 0
vn 0.82760274410247803 0.56131428480148315 0
vn -0.99304693937301636 0.11771919578313828 0
vn -0.97378957271575928 -0.227450892329216 0
vn -0.89195162057876587 -0.45213088393211365 0
vn -0.65107208490371704 -0.75901585817337036 0
vn -0.40317240357398987 -0.91512405872344971 0
vn -0.036557085812091827 -0.99933159351348877 0
vn 0.39537498354911804 -0.91851979494094849 0
vn 0.75380587577819824 -0.65709716081619263 0
vn 0.95044982433319092 -0.31087800860404968 0
vn 0.99961388111114502 0.027786534279584885 0
vn 0.94827282428741455 0.31745654344558716 0
vn 0.83775156736373901 0.54605156183242798 0
vn 0.55494248867034912 0.83188873529434204 0
vn 0.29381731152534485 0.95586156845092773 0
vn 0.081005096435546875 0.99671369791030884 0
vn -0.072845667600631714 0.99734324216842651 0
vn -0.45360231399536133 -0.89120417833328247 0
vn -0.009172854945063591 -0.99995791912078857 0
vn 0.0012573968851938844 -0.99999922513961792 0
vn -0.00038765359204262495 -0.99999994039535522 0
vn 9.984291682485491E-05 -1 0
vn -2.7033818696509115E-05 -1 0
vn 7.2235484367411118E-06 -1 0
vn -1.9376882391952677E-06 -1 0
vn 5.216635940996639E-07 -1 0
vn -1.4936550485344924E-07 -1 0
vn 4.2692509083508412E-08 -1 0
vn -6.4345423433920246E-10 -1 0
vn -7.0427810250350831E-09 -1 0
vn 1.2565982698831135E-09 -1 0
vn 2.0163564151687297E-09 -1 0
vn 0 -1 0
vn -5.7629456762242626E-10 -1 0
vn 0 -1 0
vn 0 -1 0
vn 0 -1 0
vn 0 -1 0
vn 1 3.5482106142126213E-10 0
vn 1 0 0
vn 1 0 0
vn 1 0 0
vn 1 0 0
vn 1 0 0
vn 1 3.5482150551047198E-10 0
vn 1 0 0
vn 1 1.1560272383803749E-07 0
vn 1 8.3436724196417345E-09 0
vn 1 -2.0230146446920116E-09 0
vn 1 8.3436786368906724E-09 0
vn 1 -2.0230102037999131E-09 0
vn 1 -2.7260092849701323E-08 0
vn 1 1.1560271673261013E-07 0
vn 1 -2.7260098178771841E-08 0
vn 0.99954503774642944 0.030161377042531967 0
vn 1 2.9002640076214448E-05 0
vn 1 1.5896265495030093E-06 0
vn 1 2.9002640076214448E-05 0
vn 1 1.5896265495030093E-06 0
vn 0.99999988079071045 0.00046526663936674595 0
vn 0.99954503774642944 0.030161377042531967 0
vn 0.99999988079071045 0.00046526663936674595 0
vn -2.4915577796491561E-06 -1 0
vn -0.00023848169075790793 -1 0
vn 0.99999898672103882 -0.0014345573727041483 0
vn 0.99999988079071045 0.00046526663936674595 0
vn 0.99954503774642944 0.030161377042531967 0
vn 0.99999898672103882 -0.0014345573727041483 0
vn -0.0095839491114020348 0.99995404481887817 0
vn -0.00023848169075790793 -1 0
vn -0.0095839491114020348 0.99995404481887817 0
vn 0.99999880790710449 0.0015419292030856013 0
vn 0.99999898672103882 -0.0014345573727041483 0
vn 0.99954503774642944 0.030161377042531967 0
vn 0.99999880790710449 0.0015419292030856013 0
vn -0.28094875812530518 -0.95972275733947754 0
vn -0.0095839491114020348 0.99995404481887817 0
vn -0.28094875812530518 -0.95972275733947754 0
vn 0.99995696544647217 0.0092797651886940002 0
vn 0.99999880790710449 0.0015419292030856013 0
vn 0.99954503774642944 0.030161377042531967 0
vn 0.99995696544647217 0.0092797651886940002 0
vn -0.99675047397613525 -0.080551087856292725 0
vn -0.28094875812530518 -0.95972275733947754 0
vn -0.99675047397613525 -0.080551087856292725 0
vn 0.99984639883041382 0.017526553943753242 0
vn 0.99995696544647217 0.0092797651886940002 0
vn 0.99954503774642944 0.030161377042531967 0
vn 0.99984639883041382 0.017526553943753242 0
vn -0.94365072250366211 0.33094310760498047 0
vn -0.99675047397613525 -0.080551087856292725 0
vn -0.94365072250366211 0.33094310760498047 0
vn 0.99973452091217041 0.023041460663080215 0
vn 0.99984639883041382 0.017526553943753242 0
vn 0.99954503774642944 0.030161377042531967 0
vn 0.99973452091217041 0.023041460663080215 0
vn 0.99837911128997803 0.056913744658231735 0
vn -0.94365072250366211 0.33094310760498047 0
vn 0.99837911128997803 0.056913744658231735 0
vn 0.99482589960098267 0.10159457474946976 0
vn 0.99837911128997803 0.056913744658231735 0
vn -0.94365072250366211 0.33094310760498047 0
vn 0.99482589960098267 0.10159457474946976 0
vn -0.99951714277267456 -0.031072637066245079 0
vn -0.99675047397613525 -0.080551087856292725 0
vn -0.99951714277267456 -0.031072637066245079 0
vn -0.93720942735671997 -0.34876704216003418 0
vn -0.28094875812530518 -0.95972275733947754 0
vn -0.93720942735671997 -0.34876704216003418 0
vn 0.58715742826461792 0.80947273969650269 0
vn -0.0095839491114020348 0.99995404481887817 0
vn 0.58715742826461792 0.80947273969650269 0
vn 0.00047386676305904984 -0.99999988079071045 0
vn -0.00023848169075790793 -1 0
vn 0.00047386676305904984 -0.99999988079071045 0
vn -2.8074920919607393E-05 -1 0
vn -2.4915577796491561E-06 -1 0
vn -2.8074920919607393E-05 -1 0
vn 2.61297183890008E-09 -1 0
vn 3.5049325219915772E-08 -1 0
vn 0.97869950532913208 0.20529791712760925 0
vn 0.99482589960098267 0.10159457474946976 0
vn -0.94365072250366211 0.33094310760498047 0
vn 0.97869950532913208 0.20529791712760925 0
vn -0.99998754262924194 0.0049887117929756641 0
vn -0.99951714277267456 -0.031072637066245079 0
vn -0.99998754262924194 0.0049887117929756641 0
vn 0.99113863706588745 0.13283152878284454 0
vn 0.99482589960098267 0.10159457474946976 0
vn 0.97869950532913208 0.20529791712760925 0
vn 0.99113863706588745 0.13283152878284454 0
vn 0.99740386009216309 0.072010897099971771 0
vn 0.99837911128997803 0.056913744658231735 0
vn 0.99740386009216309 0.072010897099971771 0
vn 0.99919283390045166 0.040170468389987946 0
vn 0.99919283390045166 0.040170468389987946 0
vn 0.98712450265884399 0.1599537581205368 0
vn 0.99113863706588745 0.13283152878284454 0
vn 0.97869950532913208 0.20529791712760925 0
vn 0.98712450265884399 0.1599537581205368 0
vn 0.82799232006072998 0.56073939800262451 0
vn -0.94365072250366211 0.33094310760498047 0
vn 0.82799232006072998 0.56073939800262451 0
vn -0.9987604022026062 0.049776356667280197 0
vn -0.99998754262924194 0.0049887117929756641 0
vn -0.9987604022026062 0.049776356667280197 0
vn 0.9894479513168335 0.14488871395587921 0
vn 0.99113863706588745 0.13283152878284454 0
vn 0.98712450265884399 0.1599537581205368 0
vn 0.9894479513168335 0.14488871395587921 0
vn 0.99340248107910156 0.1146802082657814 0
vn 0.99482589960098267 0.10159457474946976 0
vn 0.99340248107910156 0.1146802082657814 0
vn 0.99648404121398926 0.083783134818077087 0
vn 0.99740386009216309 0.072010897099971771 0
vn 0.99648404121398926 0.083783134818077087 0
vn -0.45863986015319824 0.8886222243309021 0
vn 0.82799232006072998 0.56073939800262451 0
vn -0.94365072250366211 0.33094310760498047 0
vn -0.45863986015319824 0.8886222243309021 0
vn -0.9941144585609436 0.10833489894866943 0
vn -0.9987604022026062 0.049776356667280197 0
vn -0.9941144585609436 0.10833489894866943 0
vn 0.45897260308265686 0.88845044374465942 0
vn 0.82799232006072998 0.56073939800262451 0
vn -0.45863986015319824 0.8886222243309021 0
vn 0.45897260308265686 0.88845044374465942 0
vn 0.95492863655090332 0.29683539271354675 0
vn 0.95492863655090332 0.29683539271354675 0
vn 0.70887470245361328 0.70533442497253418 0
vn 0.45897260308265686 0.88845044374465942 0
vn 0.70887470245361328 0.70533442497253418 0
vn 0.92157489061355591 0.38820064067840576 0
vn 0.95492863655090332 0.29683539271354675 0
vn 0.92157489061355591 0.38820064067840576 0
vn 0.77911418676376343 0.62688201665878296 0
vn 0.70887470245361328 0.70533442497253418 0
vn 0.77911418676376343 0.62688201665878296 0
vn 0.92157489061355591 0.38820064067840576 0
vn 0.77911418676376343 0.62688201665878296 0
vn 0.88814264535903931 0.45956787467002869 0
vn -0.9847787618637085 0.17381240427494049 0
vn -0.9941144585609436 0.10833489894866943 0
vn -0.9847787618637085 0.17381240427494049 0
vn -0.99078673124313354 0.13543154299259186 0
vn -0.9847787618637085 0.17381240427494049 0
vn -0.9941144585609436 0.10833489894866943 0
vn -0.99078673124313354 0.13543154299259186 0
vn -0.99736607074737549 0.072532221674919128 0
vn -0.9987604022026062 0.049776356667280197 0
vn -0.99736607074737549 0.072532221674919128 0
vn -0.99975872039794922 0.021966831758618355 0
vn -0.99998754262924194 0.0049887117929756641 0
vn -0.99975872039794922 0.021966831758618355 0
vn -0.9998663067817688 -0.01635063998401165 0
vn -0.99951714277267456 -0.031072637066245079 0
vn -0.9998663067817688 -0.01635063998401165 0
vn -0.99847197532653809 -0.055260896682739258 0
vn -0.99675047397613525 -0.080551087856292725 0
vn -0.99847197532653809 -0.055260896682739258 0
vn -0.98712265491485596 -0.15996529161930084 0
vn -0.93720942735671997 -0.34876704216003418 0
vn -0.98712265491485596 -0.15996529161930084 0
vn -0.99267572164535522 0.12080933153629303 0
vn -0.99078673124313354 0.13543154299259186 0
vn -0.9941144585609436 0.10833489894866943 0
vn -0.99610602855682373 0.088163696229457855 0
vn -0.99736607074737549 0.072532221674919128 0
vn -0.99610602855682373 0.088163696229457855 0
vn -0.9941144585609436 0.10833489894866943 0
vn -0.99522930383682251 0.097563385963439941 0
vn -0.99610602855682373 0.088163696229457855 0
vn -0.99522930383682251 0.097563385963439941 0
vn -0.99267572164535522 0.12080933153629303 0
vn -0.99179756641387939 0.12781845033168793 0
vn -0.99078673124313354 0.13543154299259186 0
vn -0.99179756641387939 0.12781845033168793 0
vn -0.98825520277023315 0.15281251072883606 0
vn -0.9847787618637085 0.17381240427494049 0
vn -0.98825520277023315 0.15281251072883606 0
vn -0.97265124320983887 0.23227034509181976 0
vn -0.94365072250366211 0.33094310760498047 0
vn -0.97265124320983887 0.23227034509181976 0
vn -0.97114717960357666 -0.23848095536231995 0
vn -0.98712265491485596 -0.15996529161930084 0
vn -0.93720942735671997 -0.34876704216003418 0
vn -0.97114717960357666 -0.23848095536231995 0
vn -0.76919722557067871 -0.6390114426612854 0
vn -0.28094875812530518 -0.95972275733947754 0
vn -0.76919722557067871 -0.6390114426612854 0
vn 0.99365717172622681 -0.11245181411504745 0
vn 0.58715742826461792 0.80947273969650269 0
vn 0.99365717172622681 -0.11245181411504745 0
vn -0.98107486963272095 -0.19362884759902954 0
vn -0.98712265491485596 -0.15996529161930084 0
vn -0.97114717960357666 -0.23848095536231995 0
vn -0.98107486963272095 -0.19362884759902954 0
vn -0.99361288547515869 -0.11284239590167999 0
vn -0.99361288547515869 -0.11284239590167999 0
vn -0.97673946619033813 -0.21442939341068268 0
vn -0.98107486963272095 -0.19362884759902954 0
vn -0.97114717960357666 -0.23848095536231995 0
vn -0.97673946619033813 -0.21442939341068268 0
vn -0.95671838521957397 -0.29101535677909851 0
vn -0.93720942735671997 -0.34876704216003418 0
vn -0.95671838521957397 -0.29101535677909851 0
vn -0.87630331516265869 -0.48175978660583496 0
vn -0.76919722557067871 -0.6390114426612854 0
vn -0.87630331516265869 -0.48175978660583496 0
vn -0.91108357906341553 -0.41222172975540161 0
vn -0.87630331516265869 -0.48175978660583496 0
vn -0.91108357906341553 -0.41222172975540161 0
vn -0.89492619037628174 -0.44621425867080688 0
vn -0.91108357906341553 -0.41222172975540161 0
vn -0.87630331516265869 -0.48175978660583496 0
vn -0.89492619037628174 -0.44621425867080688 0
vn -0.8301774263381958 -0.55749928951263428 0
vn -0.76919722557067871 -0.6390114426612854 0
vn -0.8301774263381958 -0.55749928951263428 0
vn -0.58412033319473267 -0.81166708469390869 0
vn -0.28094875812530518 -0.95972275733947754 0
vn -0.58412033319473267 -0.81166708469390869 0
vn 0.58169221878051758 -0.81340897083282471 0
vn 0.99365717172622681 -0.11245181411504745 0
vn 0.58169221878051758 -0.81340897083282471 0
vn -0.8859441876411438 -0.46379190683364868 0
vn -0.89492619037628174 -0.44621425867080688 0
vn -0.87630331516265869 -0.48175978660583496 0
vn -0.8859441876411438 -0.46379190683364868 0
vn -0.85485690832138062 -0.51886379718780518 0
vn -0.8301774263381958 -0.55749928951263428 0
vn -0.85485690832138062 -0.51886379718780518 0
vn -0.68892806768417358 -0.72482973337173462 0
vn -0.58412033319473267 -0.81166708469390869 0
vn -0.68892806768417358 -0.72482973337173462 0
vn -0.6399390697479248 -0.76842564344406128 0
vn -0.68892806768417358 -0.72482973337173462 0
vn -0.58412033319473267 -0.81166708469390869 0
vn -0.6399390697479248 -0.76842564344406128 0
vn -0.44938316941261292 -0.89333909749984741 0
vn -0.28094875812530518 -0.95972275733947754 0
vn -0.44938316941261292 -0.89333909749984741 0
vn 0.14429698884487152 -0.98953443765640259 0
vn 0.58169221878051758 -0.81340897083282471 0
vn 0.14429698884487152 -0.98953443765640259 0
vn -0.66524356603622437 -0.74662643671035767 0
vn -0.68892806768417358 -0.72482973337173462 0
vn -0.6399390697479248 -0.76842564344406128 0
vn -0.66524356603622437 -0.74662643671035767 0
vn -0.73178678750991821 -0.68153363466262817 0
vn -0.76919722557067871 -0.6390114426612854 0
vn -0.73178678750991821 -0.68153363466262817 0
vn -0.65279930830001831 -0.75753086805343628 0
vn -0.66524356603622437 -0.74662643671035767 0
vn -0.6399390697479248 -0.76842564344406128 0
vn -0.65279930830001831 -0.75753086805343628 0
vn -0.61292684078216553 -0.79013967514038086 0
vn -0.58412033319473267 -0.81166708469390869 0
vn -0.61292684078216553 -0.79013967514038086 0
vn -0.52079707384109497 -0.85368049144744873 0
vn -0.44938316941261292 -0.89333909749984741 0
vn -0.52079707384109497 -0.85368049144744873 0
vn -0.36947149038314819 -0.92924207448959351 0
vn -0.28094875812530518 -0.95972275733947754 0
vn -0.36947149038314819 -0.92924207448959351 0
vn -0.079870626330375671 -0.99680525064468384 0
vn 0.14429698884487152 -0.98953443765640259 0
vn -0.079870626330375671 -0.99680525064468384 0
vn -0.4105050265789032 -0.91185832023620605 0
vn -0.44938316941261292 -0.89333909749984741 0
vn -0.36947149038314819 -0.92924207448959351 0
vn -0.4105050265789032 -0.91185832023620605 0
vn -0.39025849103927612 -0.92070531845092773 0
vn -0.4105050265789032 -0.91185832023620605 0
vn -0.36947149038314819 -0.92924207448959351 0
vn -0.39025849103927612 -0.92070531845092773 0
vn -0.32627853751182556 -0.94527369737625122 0
vn -0.28094875812530518 -0.95972275733947754 0
vn -0.32627853751182556 -0.94527369737625122 0
vn -0.18412721157073975 -0.9829024076461792 0
vn -0.079870626330375671 -0.99680525064468384 0
vn -0.18412721157073975 -0.9829024076461792 0
vn 0.030319223180413246 -0.99954026937484741 0
vn 0.14429698884487152 -0.98953443765640259 0
vn 0.030319223180413246 -0.99954026937484741 0
vn 0.37258481979370117 -0.9279981255531311 0
vn 0.58169221878051758 -0.81340897083282471 0
vn 0.37258481979370117 -0.9279981255531311 0
vn 0.87733602523803711 -0.47987651824951172 0
vn 0.99365717172622681 -0.11245181411504745 0
vn 0.87733602523803711 -0.47987651824951172 0
vn 0.87819814682006836 0.47829702496528625 0
vn 0.58715742826461792 0.80947273969650269 0
vn 0.87819814682006836 0.47829702496528625 0
vn 0.1504535973072052 0.98861706256866455 0
vn -0.0095839491114020348 0.99995404481887817 0
vn 0.1504535973072052 0.98861706256866455 0
vn -0.014589059166610241 -0.99989354610443115 0
vn 0.00047386676305904984 -0.99999988079071045 0
vn -0.014589059166610241 -0.99989354610443115 0
vn -0.02539769746363163 -0.99967741966247559 0
vn -0.079870626330375671 -0.99680525064468384 0
vn 0.030319223180413246 -0.99954026937484741 0
vn -0.02539769746363163 -0.99967741966247559 0
vn -0.052806209772825241 -0.99860477447509766 0
vn -0.079870626330375671 -0.99680525064468384 0
vn -0.02539769746363163 -0.99967741966247559 0
vn -0.052806209772825241 -0.99860477447509766 0
vn -0.13284996151924133 -0.99113613367080688 0
vn -0.18412721157073975 -0.9829024076461792 0
vn -0.13284996151924133 -0.99113613367080688 0
vn -0.039142992347478867 -0.99923360347747803 0
vn -0.052806209772825241 -0.99860477447509766 0
vn -0.02539769746363163 -0.99967741966247559 0
vn -0.039142992347478867 -0.99923360347747803 0
vn 0.0023224218748509884 -0.99999731779098511 0
vn 0.030319223180413246 -0.99954026937484741 0
vn 0.0023224218748509884 -0.99999731779098511 0
vn 0.086991734802722931 -0.99620902538299561 0
vn 0.14429698884487152 -0.98953443765640259 0
vn 0.086991734802722931 -0.99620902538299561 0
vn 0.25938206911087036 -0.9657747745513916 0
vn 0.37258481979370117 -0.9279981255531311 0
vn 0.25938206911087036 -0.9657747745513916 0
vn 0.48091375827789307 -0.87676787376403809 0
vn 0.58169221878051758 -0.81340897083282471 0
vn 0.48091375827789307 -0.87676787376403809 0
vn 0.75283592939376831 -0.65820819139480591 0
vn 0.87733602523803711 -0.47987651824951172 0
vn 0.75283592939376831 -0.65820819139480591 0
vn 0.42753660678863525 -0.90399801731109619 0
vn 0.37258481979370117 -0.9279981255531311 0
vn 0.48091375827789307 -0.87676787376403809 0
vn 0.42753660678863525 -0.90399801731109619 0
vn 0.40023618936538696 -0.91641205549240112 0
vn 0.37258481979370117 -0.9279981255531311 0
vn 0.42753660678863525 -0.90399801731109619 0
vn 0.40023618936538696 -0.91641205549240112 0
vn 0.31640952825546265 -0.94862270355224609 0
vn 0.25938206911087036 -0.9657747745513916 0
vn 0.31640952825546265 -0.94862270355224609 0
vn 0.3864516019821167 -0.92230969667434692 0
vn 0.37258481979370117 -0.9279981255531311 0
vn 0.40023618936538696 -0.91641205549240112 0
vn 0.3864516019821167 -0.92230969667434692 0
vn 0.3446272611618042 -0.9387395977973938 0
vn 0.31640952825546265 -0.94862270355224609 0
vn 0.3446272611618042 -0.9387395977973938 0
vn 0.82105398178100586 -0.57085055112838745 0
vn 0.75283592939376831 -0.65820819139480591 0
vn 0.87733602523803711 -0.47987651824951172 0
vn 0.82105398178100586 -0.57085055112838745 0
vn 0.95573514699935913 -0.29422831535339355 0
vn 0.99365717172622681 -0.11245181411504745 0
vn 0.95573514699935913 -0.29422831535339355 0
vn 0.97657126188278198 0.21519429981708527 0
vn 0.87819814682006836 0.47829702496528625 0
vn 0.97657126188278198 0.21519429981708527 0
vn 0.78844171762466431 -0.61510950326919556 0
vn 0.75283592939376831 -0.65820819139480591 0
vn 0.82105398178100586 -0.57085055112838745 0
vn 0.78844171762466431 -0.61510950326919556 0
vn 0.67280662059783936 -0.73981839418411255 0
vn 0.67280662059783936 -0.73981839418411255 0
vn 0.77101188898086548 -0.63682073354721069 0
vn 0.75283592939376831 -0.65820819139480591 0
vn 0.78844171762466431 -0.61510950326919556 0
vn 0.77101188898086548 -0.63682073354721069 0
vn 0.71426784992218018 -0.69987243413925171 0
vn 0.67280662059783936 -0.73981839418411255 0
vn 0.71426784992218018 -0.69987243413925171 0
vn 0.76201695203781128 -0.64755707979202271 0
vn 0.75283592939376831 -0.65820819139480591 0
vn 0.77101188898086548 -0.63682073354721069 0
vn 0.76201695203781128 -0.64755707979202271 0
vn 0.73391878604888916 -0.67923718690872192 0
vn 0.71426784992218018 -0.69987243413925171 0
vn 0.73391878604888916 -0.67923718690872192 0
vn 0.92201578617095947 -0.38715225458145142 0
vn 0.95573514699935913 -0.29422831535339355 0
vn 0.92201578617095947 -0.38715225458145142 0
vn 0.94019711017608643 -0.34063085913658142 0
vn 0.92201578617095947 -0.38715225458145142 0
vn 0.95573514699935913 -0.29422831535339355 0
vn 0.94019711017608643 -0.34063085913658142 0
vn 0.97931492328643799 -0.20234207808971405 0
vn 0.99365717172622681 -0.11245181411504745 0
vn 0.97931492328643799 -0.20234207808971405 0
vn 0.9982801079750061 0.058624755591154099 0
vn 0.97657126188278198 0.21519429981708527 0
vn 0.9982801079750061 0.058624755591154099 0
vn 0.94828999042510986 -0.31740525364875793 0
vn 0.94019711017608643 -0.34063085913658142 0
vn 0.95573514699935913 -0.29422831535339355 0
vn 0.94828999042510986 -0.31740525364875793 0
vn 0.96873712539672852 -0.24808956682682037 0
vn 0.97931492328643799 -0.20234207808971405 0
vn 0.96873712539672852 -0.24808956682682037 0
vn 0.95209270715713501 -0.30580955743789673 0
vn 0.94828999042510986 -0.31740525364875793 0
vn 0.95573514699935913 -0.29422831535339355 0
vn 0.95209270715713501 -0.30580955743789673 0
vn 0.96254622936248779 -0.27111759781837463 0
vn 0.96873712539672852 -0.24808956682682037 0
vn 0.96254622936248779 -0.27111759781837463 0
vn 0.99968034029006958 -0.025283027440309525 0
vn 0.9982801079750061 0.058624755591154099 0
vn 0.99968034029006958 -0.025283027440309525 0
vn 0.99985367059707642 0.017106108367443085 0
vn 0.99968034029006958 -0.025283027440309525 0
vn 0.9982801079750061 0.058624755591154099 0
vn 0.99985367059707642 0.017106108367443085 0
vn 0.99030959606170654 0.13887745141983032 0
vn 0.97657126188278198 0.21519429981708527 0
vn 0.99030959606170654 0.13887745141983032 0
vn 0.93474173545837402 0.35532790422439575 0
vn 0.87819814682006836 0.47829702496528625 0
vn 0.93474173545837402 0.35532790422439575 0
vn 0.73886138200759888 0.67385745048522949 0
vn 0.58715742826461792 0.80947273969650269 0
vn 0.73886138200759888 0.67385745048522949 0
vn 0.3083210289478302 0.95128238201141357 0
vn 0.1504535973072052 0.98861706256866455 0
vn 0.3083210289478302 0.95128238201141357 0
vn 0.99927860498428345 0.037977233529090881 0
vn 0.99985367059707642 0.017106108367443085 0
vn 0.9982801079750061 0.058624755591154099 0
vn 0.99927860498428345 0.037977233529090881 0
vn 0.99506473541259766 0.099227875471115112 0
vn 0.99030959606170654 0.13887745141983032 0
vn 0.99506473541259766 0.099227875471115112 0
vn 0.95781546831130981 0.287384033203125 0
vn 0.93474173545837402 0.35532790422439575 0
vn 0.95781546831130981 0.287384033203125 0
vn 0.94677650928497314 0.32189163565635681 0
vn 0.95781546831130981 0.287384033203125 0
vn 0.93474173545837402 0.35532790422439575 0
vn 0.94677650928497314 0.32189163565635681 0
vn 0.90800118446350098 0.41896763443946838 0
vn 0.87819814682006836 0.47829702496528625 0
vn 0.90800118446350098 0.41896763443946838 0
vn 0.81159472465515137 0.58422088623046875 0
vn 0.73886138200759888 0.67385745048522949 0
vn 0.81159472465515137 0.58422088623046875 0
vn 0.95242553949356079 0.30477127432823181 0
vn 0.95781546831130981 0.287384033203125 0
vn 0.94677650928497314 0.32189163565635681 0
vn 0.95242553949356079 0.30477127432823181 0
vn 0.96777564287185669 0.25181400775909424 0
vn 0.97657126188278198 0.21519429981708527 0
vn 0.96777564287185669 0.25181400775909424 0
vn 0.84589141607284546 0.53335517644882202 0
vn 0.81159472465515137 0.58422088623046875 0
vn 0.84589141607284546 0.53335517644882202 0
vn 0.82896143198013306 0.55930572748184204 0
vn 0.84589141607284546 0.53335517644882202 0
vn 0.81159472465515137 0.58422088623046875 0
vn 0.82896143198013306 0.55930572748184204 0
vn 0.77577674388885498 0.63100749254226685 0
vn 0.73886138200759888 0.67385745048522949 0
vn 0.77577674388885498 0.63100749254226685 0
vn 0.66321080923080444 0.74843263626098633 0
vn 0.58715742826461792 0.80947273969650269 0
vn 0.66321080923080444 0.74843263626098633 0
vn 0.44073885679244995 0.89763534069061279 0
vn 0.3083210289478302 0.95128238201141357 0
vn 0.44073885679244995 0.89763534069061279 0
vn 0.83748471736907959 0.54646074771881104 0
vn 0.84589141607284546 0.53335517644882202 0
vn 0.82896143198013306 0.55930572748184204 0
vn 0.83748471736907959 0.54646074771881104 0
vn 0.86232453584671021 0.50635594129562378 0
vn 0.87819814682006836 0.47829702496528625 0
vn 0.86232453584671021 0.50635594129562378 0
vn 0.51256734132766724 0.85864704847335815 0
vn 0.44073885679244995 0.89763534069061279 0
vn 0.51256734132766724 0.85864704847335815 0
vn 0.54958611726760864 0.83543705940246582 0
vn 0.58715742826461792 0.80947273969650269 0
vn 0.51256734132766724 0.85864704847335815 0
vn 0.54958611726760864 0.83543705940246582 0
vn 0.56831306219100952 0.82281243801116943 0
vn 0.58715742826461792 0.80947273969650269 0
vn 0.54958611726760864 0.83543705940246582 0
vn 0.56831306219100952 0.82281243801116943 0
vn 0.62510347366333008 0.78054189682006836 0
vn 0.66321080923080444 0.74843263626098633 0
vn 0.62510347366333008 0.78054189682006836 0
vn 0.20980854332447052 0.97774249315261841 0
vn 0.1504535973072052 0.98861706256866455 0
vn 0.20980854332447052 0.97774249315261841 0
vn 0.078813455998897552 0.99688935279846191 0
vn -0.0095839491114020348 0.99995404481887817 0
vn 0.078813455998897552 0.99688935279846191 0
vn -0.041133690625429153 -0.99915367364883423 0
vn -0.014589059166610241 -0.99989354610443115 0
vn -0.041133690625429153 -0.99915367364883423 0
vn 0.25220754742622375 0.96767318248748779 0
vn 0.3083210289478302 0.95128238201141357 0
vn 0.20980854332447052 0.97774249315261841 0
vn 0.25220754742622375 0.96767318248748779 0
vn 0.27832099795341492 0.96048814058303833 0
vn 0.3083210289478302 0.95128238201141357 0
vn 0.25220754742622375 0.96767318248748779 0
vn 0.27832099795341492 0.96048814058303833 0
vn 0.37250205874443054 0.92803138494491577 0
vn 0.37250205874443054 0.92803138494491577 0
vn 0.11008374392986298 0.99392229318618774 0
vn 0.078813455998897552 0.99688935279846191 0
vn 0.11008374392986298 0.99392229318618774 0
vn 0.093771353363990784 0.99559378623962402 0
vn 0.11008374392986298 0.99392229318618774 0
vn 0.078813455998897552 0.99688935279846191 0
vn 0.093771353363990784 0.99559378623962402 0
vn 0.048506628721952438 0.99882286787033081 0
vn -0.0095839491114020348 0.99995404481887817 0
vn 0.048506628721952438 0.99882286787033081 0
vn -0.077589705586433411 -0.99698537588119507 0
vn -0.041133690625429153 -0.99915367364883423 0
vn -0.077589705586433411 -0.99698537588119507 0
vn 0.086178913712501526 0.99627965688705444 0
vn 0.093771353363990784 0.99559378623962402 0
vn 0.078813455998897552 0.99688935279846191 0
vn 0.086178913712501526 0.99627965688705444 0
vn 0.064229145646095276 0.99793517589569092 0
vn 0.048506628721952438 0.99882286787033081 0
vn 0.064229145646095276 0.99793517589569092 0
vn -0.19598338007926941 -0.98060721158981323 0
vn -0.077589705586433411 -0.99698537588119507 0
vn -0.19598338007926941 -0.98060721158981323 0
vn -0.21817509829998016 0.97590965032577515 0
vn -0.0095839491114020348 0.99995404481887817 0
vn -0.19598338007926941 -0.98060721158981323 0
vn -0.21817509829998016 0.97590965032577515 0
vn -0.055307488888502121 0.99846935272216797 0
vn -0.0095839491114020348 0.99995404481887817 0
vn -0.21817509829998016 0.97590965032577515 0
vn -0.055307488888502121 0.99846935272216797 0
vn 0.028196662664413452 0.99960237741470337 0
vn 0.028196662664413452 0.99960237741470337 0
vn -0.10438213497400284 0.99453723430633545 0
vn -0.055307488888502121 0.99846935272216797 0
vn -0.21817509829998016 0.97590965032577515 0
vn -0.10438213497400284 0.99453723430633545 0
vn -0.56884372234344482 -0.82244563102722168 0
vn -0.19598338007926941 -0.98060721158981323 0
vn -0.56884372234344482 -0.82244563102722168 0
vn -0.10401493310928345 -0.99457573890686035 0
vn -0.077589705586433411 -0.99698537588119507 0
vn -0.10401493310928345 -0.99457573890686035 0
vn -0.054042994976043701 -0.99853861331939697 0
vn -0.041133690625429153 -0.99915367364883423 0
vn -0.054042994976043701 -0.99853861331939697 0
vn -0.025091495364904404 -0.99968516826629639 0
vn -0.014589059166610241 -0.99989354610443115 0
vn -0.025091495364904404 -0.99968516826629639 0
vn -0.0030254502780735493 -0.99999541044235229 0
vn 0.00047386676305904984 -0.99999988079071045 0
vn -0.0030254502780735493 -0.99999541044235229 0
vn 0.0013902484206482768 -0.99999904632568359 0
vn -0.00023848169075790793 -1 0
vn 0.0013902484206482768 -0.99999904632568359 0
vn 8.512071508448571E-05 -1 0
vn -2.8074920919607393E-05 -1 0
vn 8.512071508448571E-05 -1 0
vn -0.075806766748428345 0.99712252616882324 0
vn -0.055307488888502121 0.99846935272216797 0
vn -0.10438213497400284 0.99453723430633545 0
vn -0.075806766748428345 0.99712252616882324 0
vn -0.027650570496916771 0.99961763620376587 0
vn -0.0095839491114020348 0.99995404481887817 0
vn -0.027650570496916771 0.99961763620376587 0
vn 0.013365337625145912 0.99991065263748169 0
vn 0.028196662664413452 0.99960237741470337 0
vn 0.013365337625145912 0.99991065263748169 0
vn -0.28191313147544861 -0.95943993330001831 0
vn -0.56884372234344482 -0.82244563102722168 0
vn -0.19598338007926941 -0.98060721158981323 0
vn -0.28191313147544861 -0.95943993330001831 0
vn -0.1314312219619751 -0.99132531881332397 0
vn -0.10401493310928345 -0.99457573890686035 0
vn -0.1314312219619751 -0.99132531881332397 0
vn -0.37413063645362854 -0.92737603187561035 0
vn -0.28191313147544861 -0.95943993330001831 0
vn -0.37413063645362854 -0.92737603187561035 0
vn -0.68580639362335205 0.72778403759002686 0
vn -0.68580639362335205 0.72778403759002686 0
vn -0.45130348205566406 -0.89237052202224731 0
vn -0.37413063645362854 -0.92737603187561035 0
vn -0.45130348205566406 -0.89237052202224731 0
vn -0.96350193023681641 -0.26770144701004028 0
vn -0.68580639362335205 0.72778403759002686 0
vn -0.96350193023681641 -0.26770144701004028 0
vn -0.56884372234344482 -0.82244563102722168 0
vn -0.45130348205566406 -0.89237052202224731 0
vn -0.75045198202133179 -0.66092497110366821 0
vn -0.96350193023681641 -0.26770144701004028 0
vn -0.75045198202133179 -0.66092497110366821 0
vn -0.50359666347503662 -0.86393886804580688 0
vn -0.45130348205566406 -0.89237052202224731 0
vn -0.40893068909645081 -0.91256546974182129 0
vn -0.37413063645362854 -0.92737603187561035 0
vn -0.40893068909645081 -0.91256546974182129 0
vn -0.32072824239730835 -0.94717127084732056 0
vn -0.28191313147544861 -0.95943993330001831 0
vn -0.32072824239730835 -0.94717127084732056 0
vn -0.22956544160842896 -0.9732932448387146 0
vn -0.19598338007926941 -0.98060721158981323 0
vn -0.22956544160842896 -0.9732932448387146 0
vn -0.15533412992954254 -0.9878619909286499 0
vn -0.1314312219619751 -0.99132531881332397 0
vn -0.15533412992954254 -0.9878619909286499 0
vn -2.3032487916907485E-08 -1 0
vn 3.5049335878056809E-08 -1 0
vn -2.3032500351405361E-08 -1 0
vn -8.4511251330354753E-09 -1 0
vn 2.6129767238813884E-09 -1 0
vn -8.4511277975707344E-09 -1 0
vn 0 -1 0
vn -4.3792083848082086E-10 -1 0
vn 0 -1 0
vn -4.3792017234700609E-10 -1 0
vn 0 -1 0
vn 0 -1 0
vn 0 -1 0
vn 0 -1 0
vn 0 -1 0
vn 1 0 0
vn 1 0 0
vn 0 -1 0
vn 0 1 0
vn 0 1 0
vn -1 0 0
vn -1 0 0
vn -1 0 0
vn -1 0 0
vn -1 0 0
vn -1 0 0
vn -1 0 0
vn -1 0 0
vn -1 0 0
vn -1 0 0
vn -1 0 0
vn -1 7.4648648373809579E-10 0
vn -1 0 0
vn -1 -4.5457584363362002E-09 0
vn -1 1.5905088801559941E-08 0
vn -1 -5.5552803246428084E-08 0
vn -1 2.0631314612273854E-07 0
vn -1 -7.6960168371442705E-07 0
vn -1 2.8734605166391702E-06 0
vn -1 -1.0705225577112287E-05 0
vn -1 4.0213526517618448E-05 0
vn -1 -0.00014650580123998225 0
vn -0.99999982118606567 0.00060008693253621459 0
vn -0.99999862909317017 -0.0016419676830992103 0
vn -0.98781341314315796 0.15564256906509399 0
vn -0.87476098537445068 0.4845547080039978 0
vn -0.70329475402832031 0.71089839935302734 0
vn -0.47717535495758057 0.87880808115005493 0
vn -0.14876285195350647 0.98887288570404053 0
vn 0.0062593724578619003 0.9999803900718689 0
vn -0.002257585758343339 0.99999743700027466 0
vn 0.00055359204998239875 0.99999982118606567 0
vn -0.00015178552712313831 1 0
vn 4.0418923163088039E-05 1 0
vn -1.0848501915461384E-05 1 0
vn 2.9065840863040648E-06 1 0
vn -7.8275945725181373E-07 1 0
vn 2.2409916766719107E-07 1 0
vn -6.4049373804664356E-08 1 0
vn 9.7992369774146937E-10 1 0
vn 1.0515154968970819E-08 1 0
vn -1.9241366278066607E-09 1 0
vn -2.8185243028389095E-09 1 0
vn 5.1488635577356945E-10 1 0
vn 7.5895378870427521E-10 1 0
vn 0 1 0
vn 0 1 0
vn 0 1 0
vn 0 1 0
vn -1 0 0
vn -1 0 0
vn -1 0 0
vn -1 0 0
vn -1 0 0
vn -1 0 0
vn -1 0 0
vn -1 0 0
vn -1 0 0
vn -1 0 0
vn -1 0 0
vn -1 0 0
vn -1 0 0
vn -1 0 0
vn -1 0 0
vn -1 0 0
vn -1 -1.0560627572431258E-07 0
vn -1 -3.2211333600429271E-09 0
vn -1 0 0
vn -1 0 0
vn -1 0 0
vn -1 0 0
vn -1 0 0
vn -1 0 0
vn -1 5.4151488848575013E-10 0
vn -1 -3.2211291411954335E-09 0
vn -1 5.4151899631094125E-10 0
vn -1 0 0
vn -1 5.4152116124583927E-10 0
vn -1 0 0
vn -1 5.0354037606226143E-10 0
vn -1 -3.2211378009350256E-09 0
vn -1 5.0353771152700233E-10 0
vn -1 -1.3768497453270356E-08 0
vn -1 -1.0560628282973994E-07 0
vn -1 -1.3768502782340875E-08 0
vn -0.89618939161300659 0.44367167353630066 0
vn -1 5.1463743147905916E-05 0
vn -1 6.1088258895836134E-09 0
vn -1 -1.3768506335054553E-08 0
vn -1 6.1088196723346755E-09 0
vn -1 3.8947856495497035E-08 0
vn -1 -1.0560628282973994E-07 0
vn -1 3.8947860048210714E-08 0
vn -1 1.9282310859125573E-06 0
vn -1 5.1463743147905916E-05 0
vn -1 1.9282310859125573E-06 0
vn -1 -1.1668994659430609E-07 0
vn -1 1.9282310859125573E-06 0
vn -1 -1.1668996080516081E-07 0
vn -1 -1.1203012945770752E-05 0
vn -1 5.1463743147905916E-05 0
vn -1 -1.1203012945770752E-05 0
vn -0.99999970197677612 0.00080425257328897715 0
vn -0.89618939161300659 0.44367167353630066 0
vn -0.99999970197677612 0.00080425257328897715 0
vn 5.1968112529721111E-05 1 0
vn -0.0031542021315544844 0.99999505281448364 0
vn -1 -0.00019865008653141558 0
vn -0.99999970197677612 0.00080425257328897715 0
vn -1 -0.00019865008653141558 0
vn -0.99999964237213135 -0.00085262855282053351 0
vn -0.89618939161300659 0.44367167353630066 0
vn -0.99999964237213135 -0.00085262855282053351 0
vn -0.22199404239654541 0.9750480055809021 0
vn -0.0031542021315544844 0.99999505281448364 0
vn -0.22199404239654541 0.9750480055809021 0
vn -0.64619350433349609 0.76317363977432251 0
vn -0.22199404239654541 0.9750480055809021 0
vn -0.64619350433349609 0.76317363977432251 0
vn 0.0045911865308880806 0.99998944997787476 0
vn -0.0031542021315544844 0.99999505281448364 0
vn 0.0045911865308880806 0.99998944997787476 0
vn 0.00014884695701766759 1 0
vn 5.1968112529721111E-05 1 0
vn 0.00014884695701766759 1 0
vn 1.9744363921603281E-09 1 0
vn 2.4309281343448674E-07 1 0
vn 0.00046273696352727711 0.99999988079071045 0
vn 0.00014884695701766759 1 0
vn 0.00046273696352727711 0.99999988079071045 0
vn -0.00016594972112216055 1 0
vn 5.1968112529721111E-05 1 0
vn -0.00016594972112216055 1 0
vn 3.5793361803371226E-06 1 0
vn 2.4309281343448674E-07 1 0
vn 3.5793361803371226E-06 1 0
vn -1.3678973118658178E-05 1 0
vn 3.5793361803371226E-06 1 0
vn -1.3678973118658178E-05 1 0
vn -9.3417293101083487E-07 1 0
vn 2.4309284185619617E-07 1 0
vn -9.3417293101083487E-07 1 0
vn -1.823628892339002E-08 1 0
vn 1.9744168522350947E-09 1 0
vn -1.823626050168059E-08 1 0
vn 0 1 0
vn 0 1 0
vn -4.3687023776328715E-08 1 0
vn -1.8236278265248984E-08 1 0
vn -4.3687023776328715E-08 1 0
vn 1.3306998170037332E-08 1 0
vn 1.9744310630898099E-09 1 0
vn 1.3307007051821529E-08 1 0
vn -6.3187233223516159E-10 1 0
vn 0 1 0
vn -6.318856549114571E-10 1 0
vn -3.846690077580206E-09 1 0
vn -6.3186966769990249E-10 1 0
vn -3.8466785312607499E-09 1 0
vn 1.0282070750378125E-09 1 0
vn 0 1 0
vn 1.0282126261529356E-09 1 0
vn 0 1 0
vn 0 1 0
vn -2.7727387053033681E-10 1 0
vn 0 1 0
vn -2.7726931861593584E-10 1 0
vn 0 1 0
vn 0 1 0
vn 0 1 0
vn 0 1 0
vn 0 1 0
vn -1 0 0
vn 0 1 0
vn 0 1 0
vn 0 1 0
vn 0 1 0
vn 7.5895201234743581E-10 1 0
vn 5.149063397880127E-10 1 0
vn -2.8185278555525883E-09 1 0
vn -1.9241694904081896E-09 1 0
vn 1.0515154968970819E-08 1 0
vn 9.7992902681198757E-10 1 0
vn -6.4049388015519071E-08 1 0
vn 2.2409912503462692E-07 1 0
vn -7.8275945725181373E-07 1 0
vn 2.9065840863040648E-06 1 0
vn -1.0848501915461384E-05 1 0
vn 4.0418923163088039E-05 1 0
vn -0.00015178552712313831 1 0
vn 0.00055359204998239875 0.99999982118606567 0
vn -0.002257585758343339 0.99999743700027466 0
vn 0.0062593724578619003 0.9999803900718689 0
vn -0.14876285195350647 0.98887288570404053 0
vn -0.47717535495758057 0.87880808115005493 0
vn -0.70329475402832031 0.71089839935302734 0
vn -0.87476098537445068 0.4845547080039978 0
vn -0.98781341314315796 0.15564256906509399 0
vn -0.99999862909317017 -0.0016419676830992103 0
vn -0.99999982118606567 0.00060008693253621459 0
vn -1 -0.00014650580123998225 0
vn -1 4.0213526517618448E-05 0
vn -1 -1.0705225577112287E-05 0
vn -1 2.8734605166391702E-06 0
vn -1 -7.6960168371442705E-07 0
vn -1 2.0631314612273854E-07 0
vn -1 -5.5552796141000726E-08 0
vn -1 1.5905103012414656E-08 0
vn -1 -4.5457673181203972E-09 0
vn -1 0 0
vn -1 7.4648559555967609E-10 0
vn -1 0 0
vn -1 0 0
vn -1 0 0
vn -1 0 0
vn -1 0 0
vn -1 0 0
vn -1 0 0
vn -1 0 0
vn -1 0 0
vn 0 1 0
vn 0 1 0
vn 0 1 0
vn 0 1 0
vn 0 1 0
vn 0 1 0
vn 0 1 0
vn 0 1 0
vn 0 1 0
vn -2.7727731222171315E-10 1 0
vn -2.7726709816988659E-10 1 0
vn 1.9744168522350947E-09 1 0
vn -6.3188210219777829E-10 1 0
vn -6.3187322041358129E-10 1 0
vn 1.0282109608183987E-09 1 0
vn 1.0282134033090529E-09 1 0
vn 1.9744363921603281E-09 1 0
vn -3.8466803076175893E-09 1 0
vn -3.8466847485096878E-09 1 0
vn 2.4309284185619617E-07 1 0
vn -1.8236256948966911E-08 1 0
vn -1.8236274712535305E-08 1 0
vn 1.3306996393680492E-08 1 0
vn 1.330700349910785E-08 1 0
vn 2.4309281343448674E-07 1 0
vn -4.3687013118187679E-08 1 0
vn -4.3687016670901357E-08 1 0
vn 5.1968112529721111E-05 1 0
vn 3.5793361803371226E-06 1 0
vn 3.5793361803371226E-06 1 0
vn -9.3417293101083487E-07 1 0
vn -9.3417293101083487E-07 1 0
vn 5.1968112529721111E-05 1 0
vn -1.3678973118658178E-05 1 0
vn -1.3678973118658178E-05 1 0
vn -0.0031542021315544844 0.99999505281448364 0
vn 0.00014884695701766759 1 0
vn 0.00014884695701766759 1 0
vn -0.00016594972112216055 1 0
vn -0.00016594972112216055 1 0
vn -0.0031542021315544844 0.99999505281448364 0
vn 0.00046273696352727711 0.99999988079071045 0
vn 0.00046273696352727711 0.99999988079071045 0
vn -0.89618939161300659 0.44367167353630066 0
vn -0.22199404239654541 0.9750480055809021 0
vn -0.22199404239654541 0.9750480055809021 0
vn 0.0045911865308880806 0.99998944997787476 0
vn 0.0045911865308880806 0.99998944997787476 0
vn -0.89618939161300659 0.44367167353630066 0
vn -0.64619350433349609 0.76317363977432251 0
vn -0.64619350433349609 0.76317363977432251 0
vn -1 5.1463743147905916E-05 0
vn -0.99999970197677612 0.00080425257328897715 0
vn -0.99999970197677612 0.00080425257328897715 0
vn -0.99999964237213135 -0.00085262855282053351 0
vn -0.99999964237213135 -0.00085262855282053351 0
vn -1 5.1463743147905916E-05 0
vn -1 -0.00019865008653141558 0
vn -1 -0.00019865008653141558 0
vn -1 -1.0560627572431258E-07 0
vn -1 1.9282310859125573E-06 0
vn -1 1.9282310859125573E-06 0
vn -1 -1.1203012945770752E-05 0
vn -1 -1.1203012945770752E-05 0
vn -1 -1.0560627572431258E-07 0
vn -1 -1.1668995369973345E-07 0
vn -1 -1.1668995369973345E-07 0
vn -1 -3.2211291411954335E-09 0
vn -1 -1.3768506335054553E-08 0
vn -1 -1.3768505446876134E-08 0
vn -1 3.8947856495497035E-08 0
vn -1 3.8947856495497035E-08 0
vn -1 -3.2211433520501487E-09 0
vn -1 6.1088196723346755E-09 0
vn -1 6.1088196723346755E-09 0
vn -1 0 0
vn -1 5.4152365924764467E-10 0
vn -1 5.4151955142245356E-10 0
vn -1 5.0353371472411368E-10 0
vn -1 5.0353771152700233E-10 0
vn -1 0 0
vn -1 0 0
vn -1 0 0
vn -1 0 0
vn -1 0 0
vn -1 0 0
vn -1 0 0
vn -1 0 0
vn -1 0 0
vn -1 0 0
vn -1 0 0
vn -1 0 0
vn -1 0 0
vn -1 0 0
vn -1 0 0
vn -1 0 0
vn -1 0 0
vn 0 -1 0
vn 0 -1 0
vn 0 -1 0
vn 0 -1 0
vn 0 -1 0
vn 0 -1 0
vn 0 -1 0
vn 0 -1 0
vn 0 -1 0
vn 0 -1 0
vn 0 -1 0
vn 0 -1 0
vn 1 0 0
vn 1 0 0
vn 1 0 0
vn 1 0 0
vn 1 0 0
vn 1 0 0
vn 1 0 0
vn 1 0 0
vn 1 0 0
vn 1 0 0
vn 1 0 0
vn 1 0 0
vn 1 0 0
vn 1 0 0
vn 1 0 0
vn 1 0 0
vn 1 0 0
vn 0 0 -1
vn 0 0 -1
vn 0 0 -1
vn 0 0 -1
vn 0 0 -1
vn 0 0 -1
vn 0 0 -1
vn 0 0 -1
vn 0 0 -1
vn 0 0 -1
vn 0 0 -1
vn 0 0 -1
vn 0 0 -1
vn 0 0 -1
vn 0 0 -1
vn 0 0 -1
vn 0 0 -1
vn 0 0 -1
vn 0 0 -1
vn 0 0 -1
vn 0 0 -1
vn 0 0 -1
vn 0 0 -1
vn 0 0 -1
vn 0 0 -1
vn 0 0 -1
vn 0 0 -1
vn 0 0 -1
vn 0 0 -1
vn 0 0 -1
vn 0 0 -1
vn 0 0 -1
vn 0 0 -1
vn 0 0 -1
vn 0 0 -1
vn 0 0 -1
vn 0 0 -1
vn 0 0 -1
vn 0 0 -1
vn 0 0 -1
vn 0 0 -1
vn 0 0 -1
vn 0 0 -1
vn 0 0 -1
vn 0 0 -1
vn 0 0 -1
vn 0 0 -1
vn 0 0 -1
vn 0 0 -1
vn 0 0 -1
vn 0 0 -1
vn 0 0 -1
vn 0 0 -1
vn 0 0 -1
vn 0 0 -1
vn 0 0 -1
vn 0 0 -1
vn 0 0 -1
vn 0 0 -1
vn 0 0 -1
vn 0 0 -1
vn 0 0 -1
vn 0 0 -1
vn 0 0 -1
vn 0 0 -1
vn 0 0 -1
vn 0 0 -1
vn 0 0 -1
vn 0 0 -1
vn 0 0 -1
vn 0 0 -1
vn 0 0 -1
vn 0 0 -1
vn 0 0 -1
vn 0 0 -1
vn 0 0 -1
vn 0 0 -1
vn 0 0 -1
vn 0 0 -1
vn 0 0 -1
vn 0 0 -1
vn 0 0 -1
vn 0 0 -1
vn 0 0 -1
vn 0 0 -1
vn 0 0 -1
vn 0 0 -1
vn 0 0 -1
vn 0 0 -1
vn 0 0 -1
vn 0 0 -1
vn 0 0 -1
vn 0 0 -1
vn 0 0 -1
vn 0 0 -1
vn 0 0 -1
vn 0 0 -1
vn 0 0 -1
vn 0 0 -1
vn 0 0 -1
vn 0 0 -1
vn 0 0 -1
vn 0 0 -1
vn 0 0 -1
vn 0 0 -1
vn 0 0 -1
vn 0 0 -1
vn 0 0 -1
vn 0 0 -1
vn 0 0 -1
vn 0 0 -1
vn 0 0 -1
vn 0 0 -1
vn 0 0 -1
vn 0 0 -1
vn 0 0 -1
vn 0 0 -1
vn 0 0 -1
vn 0 0 -1
vn 0 0 -1
vn 0 0 -1
vn 0 0 -1
vn 0 0 -1
vn 0 0 -1
vn 0 0 -1
vn 0 0 -1
vn 0 0 -1
vn 0 0 -1
vn 0 0 -1
vn 0 0 -1
vn 0 0 -1
vn 0 0 -1
vn 0 0 -1
vn 0 0 -1
vn 0 0 -1
vn 0 0 -1
vn 0 0 -1
vn 0 0 -1
vn 0 0 -1
vn 0 0 -1
vn 0 0 -1
vn 0 0 -1
vn 0 0 -1
vn 0 0 -1
vn 0 0 -1
vn 0 0 -1
vn 0 0 -1
vn 0 0 -1
vn 0 0 -1
vn 0 0 -1
vn 0 0 -1
vn 0 0 -1
vn 0 0 -1
vn 0 0 -1
vn 0 0 -1
vn 0 0 -1
vn 0 0 -1
vn 0 0 -1
vn 0 0 -1
vn 0 0 -1
vn 0 0 -1
vn 0 0 -1
vn 0 0 -1
vn 0 0 -1
vn 0 0 -1
vn 0 0 -1
vn 0 0 -1
vn 0 0 -1
vn 0 0 -1
vn 0 0 -1
vn 0 0 -1
vn 0 0 -1
vn 0 0 -1
vn 0 0 -1
vn 0 0 -1
vn 0 0 -1
vn 0 0 -1
vn 0 0 -1
vn 0 0 -1
vn 0 0 -1
vn 0 0 -1
vn 0 0 -1
vn 0 0 -1
vn 0 0 -1
vn 0 0 -1
vn 0 0 -1
vn 0 0 -1
vn 0 0 -1
vn 0 0 -1
vn 0 0 -1
vn 0 0 -1
vn 0 0 -1
vn 0 0 -1
vn 0 0 -1
vn 0 0 -1
vn 0 0 -1
vn 0 0 -1
vn 0 0 -1
vn 0 0 -1
vn 0 0 -1
vn 0 0 -1
vn 0 0 -1
vn 0 0 -1
vn 0 0 -1
vn 0 0 -1
vn 0 0 -1
vn 0 0 -1
vn 0 0 -1
vn 0 0 -1
vn 0 0 -1
vn 0 0 -1
vn 0 0 -1
vn 0 0 -1
vn 0 0 -1
vn 0 0 -1
vn 0 0 -1
vn 0 0 -1
vn 0 0 -1
vn 0 0 -1
vn 0 0 -1
vn 0 0 -1
vn 0 0 -1
vn 0 0 -1
vn 0 0 -1
vn 0 0 -1
vn 0 0 -1
vn 0 0 -1
vn 0 0 -1
vn 0 0 -1
vn 0 0 -1
vn 0 0 -1
vn 0 0 -1
vn 0 0 -1
vn 0 0 -1
vn 0 0 -1
vn 0 0 -1
vn 0 0 -1
vn 0 0 -1
vn 0 0 -1
vn 0 0 -1
vn 0 0 -1
vn 0 0 -1
vn 0 0 -1
vn 0 0 -1
vn 0 0 -1
vn 0 0 -1
vn 0 0 -1
vn 0 0 -1
vn 0 0 -1
vn 0 0 -1
vn 0 0 -1
vn 0 0 -1
vn 0 0 -1
vn 0 0 -1
vn 0 0 -1
vn 0 0 -1
vn 0 0 -1
vn 0 0 -1
vn 0 0 -1
vn 0 0 -1
vn 0 0 -1
vn 0 0 -1
vn 0 0 -1
vn 0 0 -1
vn 0 0 -1
vn 0 0 -1
vn 0 0 -1
vn 0 0 -1
vn 0 0 -1
vn 0 0 -1
vn 0 0 -1
vn 0 0 -1
vn 0 0 -1
vn 0 0 -1
vn 0 0 -1
vn 0 0 -1
vn 0 0 -1
vn 0 0 -1
vn 0 0 -1
vn 0 0 -1
vn 0 0 -1
vn 0 0 -1
vn 0 0 -1
vn 0 0 -1
vn 0 0 -1
vn 0 0 -1
vn 0 0 -1
vn 0 0 -1
vn 0 0 -1
vn 0 0 -1
vn 0 0 -1
vn 0 0 -1
vn 0 0 -1
vn 0 0 -1
vn 0 0 -1
vn 0 0 -1
vn 0 0 -1
vn 0 0 -1
vn 0 0 -1
vn 0 0 -1
vn 0 0 -1
vn 0 0 -1
vn 0 0 -1
vn 0 0 -1
vn 0 0 -1
vn 0 0 -1
vn 0 0 -1
vn 0 0 -1
vn 0 0 -1
vn 0 0 -1
vn 0 0 -1
vn 0 0 -1
vn 0 0 -1
vn 0 0 -1
vn 0 0 -1
vn 0 0 -1
vn 0 0 -1
vn 0 0 -1
vn 0 0 -1
vn 0 0 -1
vn 0 0 -1
vn 0 0 -1
vn 0 0 -1
vn 0 0 -1
vn 0 0 -1
vn 0 0 -1
vn 0 0 -1
vn 0 0 -1
vn 0 0 -1
vn 0 0 -1
vn 0 0 -1
vn 0 0 -1
vn 0 0 -1
vn 0 0 -1
vn 0 0 -1
vn 0 0 -1
vn 0 0 -1
vn 0 0 -1
vn 0 0 -1
vn 0 0 -1
vn 0 0 1
vn 0 0 1
vn 0 0 1
vn 0 0 1
vn 0 0 1
vn 0 0 1
vn 0 0 1
vn 0 0 1
vn 0 0 1
vn 0 0 1
vn 0 0 1
vn 0 0 1
vn 0 0 1
vn 0 0 1
vn 0 0 1
vn 0 0 1
vn 0 0 1
vn 0 0 1
vn 0 0 1
vn 0 0 1
vn 0 0 1
vn 0 0 1
vn 0 0 1
vn 0 0 1
vn 0 0 1
vn 0 0 1
vn 0 0 1
vn 0 0 1
vn 0 0 1
vn 0 0 1
vn 0 0 1
vn 0 0 1
vn 0 0 1
vn 0 0 1
vn 0 0 1
vn 0 0 1
vn 0 0 1
vn 0 0 1
vn 0 0 1
vn 0 0 1
vn 0 0 1
vn 0 0 1
vn 0 0 1
vn 0 0 1
vn 0 0 1
vn 0 0 1
vn 0 0 1
vn 0 0 1
vn 0 0 1
vn 0 0 1
vn 0 0 1
vn 0 0 1
vn 0 0 1
vn 0 0 1
vn 0 0 1
vn 0 0 1
vn 0 0 1
vn 0 0 1
vn 0 0 1
vn 0 0 1
vn 0 0 1
vn 0 0 1
vn 0 0 1
vn 0 0 1
vn 0 0 1
vn 0 0 1
vn 0 0 1
vn 0 0 1
vn 0 0 1
vn 0 0 1
vn 0 0 1
vn 0 0 1
vn 0 0 1
vn 0 0 1
vn 0 0 1
vn 0 0 1
vn 0 0 1
vn 0 0 1
vn 0 0 1
vn 0 0 1
vn 0 0 1
vn 0 0 1
vn 0 0 1
vn 0 0 1
vn 0 0 1
vn 0 0 1
vn 0 0 1
vn 0 0 1
vn 0 0 1
vn 0 0 1
vn 0 0 1
vn 0 0 1
vn 0 0 1
vn 0 0 1
vn 0 0 1
vn 0 0 1
vn 0 0 1
vn 0 0 1
vn 0 0 1
vn 0 0 1
vn 0 0 1
vn 0 0 1
vn 0 0 1
vn 0 0 1
vn 0 0 1
vn 0 0 1
vn 0 0 1
vn 0 0 1
vn 0 0 1
vn 0 0 1
vn 0 0 1
vn 0 0 1
vn 0 0 1
vn 0 0 1
vn 0 0 1
vn 0 0 1
vn 0 0 1
vn 0 0 1
vn 0 0 1
vn 0 0 1
vn 0 0 1
vn 0 0 1
vn 0 0 1
vn 0 0 1
vn 0 0 1
vn 0 0 1
vn 0 0 1
vn 0 0 1
vn 0 0 1
vn 0 0 1
vn 0 0 1
vn 0 0 1
vn 0 0 1
vn 0 0 1
vn 0 0 1
vn 0 0 1
vn 0 0 1
vn 0 0 1
vn 0 0 1
vn 0 0 1
vn 0 0 1
vn 0 0 1
vn 0 0 1
vn 0 0 1
vn 0 0 1
vn 0 0 1
vn 0 0 1
vn 0 0 1
vn 0 0 1
vn 0 0 1
vn 0 0 1
vn 0 0 1
vn 0 0 1
vn 0 0 1
vn 0 0 1
vn 0 0 1
vn 0 0 1
vn 0 0 1
vn 0 0 1
vn 0 0 1
vn 0 0 1
vn 0 0 1
vn 0 0 1
vn 0 0 1
vn 0 0 1
vn 0 0 1
vn 0 0 1
vn 0 0 1
vn 0 0 1
vn 0 0 1
vn 0 0 1
vn 0 0 1
vn 0 0 1
vn 0 0 1
vn 0 0 1
vn 0 0 1
vn 0 0 1
vn 0 0 1
vn 0 0 1
vn 0 0 1
vn 0 0 1
vn 0 0 1
vn 0 0 1
vn 0 0 1
vn 0 0 1
vn 0 0 1
vn 0 0 1
vn 0 0 1
vn 0 0 1
vn 0 0 1
vn 0 0 1
vn 0 0 1
vn 0 0 1
vn 0 0 1
vn 0 0 1
vn 0 0 1
vn 0 0 1
vn 0 0 1
vn 0 0 1
vn 0 0 1
vn 0 0 1
vn 0 0 1
vn 0 0 1
vn 0 0 1
vn 0 0 1
vn 0 0 1
vn 0 0 1
vn 0 0 1
vn 0 0 1
vn 0 0 1
vn 0 0 1
vn 0 0 1
vn 0 0 1
vn 0 0 1
vn 0 0 1
vn 0 0 1
vn 0 0 1
vn 0 0 1
vn 0 0 1
vn 0 0 1
vn 0 0 1
vn 0 0 1
vn 0 0 1
vn 0 0 1
vn 0 0 1
vn 0 0 1
vn 0 0 1
vn 0 0 1
vn 0 0 1
vn 0 0 1
vn 0 0 1
vn 0 0 1
vn 0 0 1
vn 0 0 1
vn 0 0 1
vn 0 0 1
vn 0 0 1
vn 0 0 1
vn 0 0 1
vn 0 0 1
vn 0 0 1
vn 0 0 1
vn 0 0 1
vn 0 0 1
vn 0 0 1
vn 0 0 1
vn 0 0 1
vn 0 0 1
vn 0 0 1
vn 0 0 1
vn 0 0 1
vn 0 0 1
vn 0 0 1
vn 0 0 1
vn 0 0 1
vn 0 0 1
vn 0 0 1
vn 0 0 1
vn 0 0 1
vn 0 0 1
vn 0 0 1
vn 0 0 1
vn 0 0 1
vn 0 0 1
vn 0 0 1
vn 0 0 1
vn 0 0 1
vn 0 0 1
vn 0 0 1
vn 0 0 1
vn 0 0 1
vn 0 0 1
vn 0 0 1
vn 0 0 1
vn 0 0 1
vn 0 0 1
vn 0 0 1
vn 0 0 1
vn 0 0 1
vn 0 0 1
vn 0 0 1
vn 0 0 1
vn 0 0 1
vn 0 0 1
vn 0 0 1
vn 0 0 1
vn 0 0 1
vn 0 0 1
vn 0 0 1
vn 0 0 1
vn 0 0 1
vn 0 0 1
vn 0 0 1
vn 0 0 1
vn 0 0 1
vn 0 0 1
vn 0 0 1
vn 0 0 1
vn 0 0 1
vn 0 0 1
vn 0 0 1
vn 0 0 1
vn 0 0 1
vn 0 0 1
vn 0 0 1
vn 0 0 1
vn 0 0 1
vn 0 0 1
vn 0 0 1
vn 0 0 1
vn 0 0 1
vn 0 0 1
vn 0 0 1
vn 0 0 1
vn 0 0 1
vn 0 0 1
vn 0 0 1
vn 0 0 1
vn -0.99610602855682373 0.088163696229457855 0
vn -0.99304693937301636 0.11771919578313828 0
vn -0.9935917854309082 0.11302831023931503 0
vn -0.99610602855682373 0.088163696229457855 0
vn -0.9935917854309082 0.11302831023931503 0
vn -0.9941144585609436 0.10833489894866943 0
vn 0.99054169654846191 0.13721215724945068 0
vn 0.82760274410247803 0.56131428480148315 0
vn 0.85937982797622681 0.51133781671524048 0
vn 0.99054169654846191 0.13721215724945068 0
vn 0.85937982797622681 0.51133781671524048 0
vn 0.88814264535903931 0.45956787467002869 0
vn -0.027650570496916771 0.99961763620376587 0
vn -0.072845667600631714 0.99734324216842651 0
vn -0.068463101983070374 0.99765366315841675 0
vn -0.027650570496916771 0.99961763620376587 0
vn -0.068463101983070374 0.99765366315841675 0
vn -0.064079053699970245 0.99794483184814453 0
vn -0.027650570496916771 0.99961763620376587 0
vn -0.064079053699970245 0.99794483184814453 0
vn -0.055307488888502121 0.99846935272216797 0
vn 0.92201578617095947 -0.38715225458145142 0
vn 0.95044982433319092 -0.31087800860404968 0
vn 0.89523899555206299 -0.44558626413345337 0
vn 0.92201578617095947 -0.38715225458145142 0
vn 0.89523899555206299 -0.44558626413345337 0
vn 0.82105398178100586 -0.57085055112838745 0
vn 0.99054169654846191 0.13721215724945068 0
vn 0.82760274410247803 0.56131428480148315 0
vn 0.85937982797622681 0.51133781671524048 0
vn 0.99054169654846191 0.13721215724945068 0
vn 0.85937982797622681 0.51133781671524048 0
vn 0.88814264535903931 0.45956787467002869 0
vn 0 0 -1
vn -0.99610602855682373 0.088163696229457855 0
vn -0.99304693937301636 0.11771919578313828 0
vn -0.99620497226715088 0.087038554251194 0
vn -0.99610602855682373 0.088163696229457855 0
vn -0.99620497226715088 0.087038554251194 0
vn -0.97378957271575928 -0.227450892329216 0
vn 0.99740386009216309 0.072010897099971771 0
vn 0.99965894222259521 0.026114039123058319 0
vn 0.99181938171386719 0.1276492178440094 0
vn 0.99740386009216309 0.072010897099971771 0
vn 0.99181938171386719 0.1276492178440094 0
vn 0.99054169654846191 0.13721215724945068 0
vn -0.99736607074737549 0.072532221674919128 0
vn -0.99836307764053345 -0.05719437450170517 0
vn -0.99522775411605835 0.097579233348369598 0
vn -0.1314312219619751 -0.99132531881332397 0
vn -0.45360231399536133 -0.89120417833328247 0
vn -0.44765040278434753 -0.89420866966247559 0
vn -0.0095839491114020348 0.99995404481887817 0
vn 0.081005096435546875 0.99671369791030884 0
vn -0.028487678617238998 0.99959415197372437 0
vn -0.0095839491114020348 0.99995404481887817 0
vn -0.028487678617238998 0.99959415197372437 0
vn -0.072845667600631714 0.99734324216842651 0
vn -0.054042994976043701 -0.99853861331939697 0
vn -0.088826417922973633 -0.99604713916778564 0
vn -0.089130870997905731 -0.99601989984512329 0
vn -0.99772697687149048 -0.067386291921138763 0
vn -0.91260415315628052 -0.40884426236152649 0
vn -0.99699538946151733 -0.077461168169975281 0
vn -0.99772697687149048 -0.067386291921138763 0
vn -0.99699538946151733 -0.077461168169975281 0
vn -0.99836307764053345 -0.05719437450170517 0
vn 0.99740386009216309 0.072010897099971771 0
vn 0.99054169654846191 0.13721215724945068 0
vn 0.9919707179069519 0.12646788358688354 0
vn 0.99740386009216309 0.072010897099971771 0
vn 0.9919707179069519 0.12646788358688354 0
vn 0.99409425258636475 0.10851993411779404 0
vn -0.99736607074737549 0.072532221674919128 0
vn -0.99304693937301636 0.11771919578313828 0
vn -0.99392598867416382 0.11005079746246338 0
vn -0.027650570496916771 0.99961763620376587 0
vn -0.072845667600631714 0.99734324216842651 0
vn -0.053217552602291107 0.99858295917510986 0
vn -0.1314312219619751 -0.99132531881332397 0
vn -0.43383130431175232 -0.90099412202835083 0
vn -0.44765040278434753 -0.89420866966247559 0
vn 0.25220754742622375 0.96767318248748779 0
vn 0.16065172851085663 0.9870111346244812 0
vn 0.093771353363990784 0.99559378623962402 0
vn 0.99984639883041382 0.017526553943753242 0
vn 0.99975776672363281 0.022009639069437981 0
vn 0.99973684549331665 0.022941144183278084 0
vn 0.99984639883041382 0.017526553943753242 0
vn 0.99973684549331665 0.022941144183278084 0
vn 0.99971526861190796 0.023862602189183235 0
vn -0.054042994976043701 -0.99853861331939697 0
vn -0.088826417922973633 -0.99604713916778564 0
vn -0.087281316518783569 -0.99618369340896606 0
vn -0.054042994976043701 -0.99853861331939697 0
vn -0.087281316518783569 -0.99618369340896606 0
vn -0.085735984146595001 -0.99631786346435547 0
vn -0.054042994976043701 -0.99853861331939697 0
vn -0.085735984146595001 -0.99631786346435547 0
vn -0.082636028528213501 -0.99657976627349854 0
vn -0.054042994976043701 -0.99853861331939697 0
vn -0.082636028528213501 -0.99657976627349854 0
vn -0.079543903470039368 -0.99683135747909546 0
vn -0.027650570496916771 0.99961763620376587 0
vn 0.29381731152534485 0.95586156845092773 0
vn 0.21820861101150513 0.97590214014053345 0
vn -0.027650570496916771 0.99961763620376587 0
vn 0.019738620147109032 0.99980515241622925 0
vn -0.0074188383296132088 0.99997246265411377 0
vn -0.027650570496916771 0.99961763620376587 0
vn -0.0074188383296132088 0.99997246265411377 0
vn -0.034365665167570114 0.99940931797027588 0
vn 0.99999880790710449 0.0015419292030856013 0
vn 0.99996954202651978 0.0078061269596219063 0
vn 0.99996697902679443 0.0081293601542711258 0
vn 0.99999880790710449 0.0015419292030856013 0
vn 0.99996697902679443 0.0081293601542711258 0
vn 0.99996954202651978 0.0078061269596219063 0
vn 0 0 -1
vn 0 0 -1
vn 0 0 -1
vn 0 0 -1
vn 0.99740386009216309 0.072010897099971771 0
vn 0.99409425258636475 0.10851993411779404 0
vn 0.99710005521774292 0.076101645827293396 0
vn 0.99740386009216309 0.072010897099971771 0
vn 0.99710005521774292 0.076101645827293396 0
vn 0.99847686290740967 0.055172149091959 0
vn 0.99740386009216309 0.072010897099971771 0
vn 0.99847686290740967 0.055172149091959 0
vn 0.99996697902679443 0.0081293601542711258 0
vn 0.99984639883041382 0.017526553943753242 0
vn 0.99996697902679443 0.0081293601542711258 0
vn 0.99983799457550049 0.017998894676566124 0
vn 0.99984639883041382 0.017526553943753242 0
vn 0.99983799457550049 0.017998894676566124 0
vn 0.99975776672363281 0.022009639069437981 0
vn -0.1314312219619751 -0.99132531881332397 0
vn -0.38250249624252319 -0.92395442724227905 0
vn -0.30827164649963379 -0.95129835605621338 0
vn -0.1314312219619751 -0.99132531881332397 0
vn -0.30827164649963379 -0.95129835605621338 0
vn -0.24426230788230896 -0.96970921754837036 0
vn -0.1314312219619751 -0.99132531881332397 0
vn -0.24426230788230896 -0.96970921754837036 0
vn -0.17876620590686798 -0.98389160633087158 0
vn 0.00047386676305904984 -0.99999988079071045 0
vn -0.009172854945063591 -0.99995791912078857 0
vn -0.0052334247156977654 -0.99998629093170166 0
vn 0.00047386676305904984 -0.99999988079071045 0
vn -0.0052334247156977654 -0.99998629093170166 0
vn -0.0019883573986589909 -0.99999803304672241 0
vn 0.00047386676305904984 -0.99999988079071045 0
vn -0.0019883573986589909 -0.99999803304672241 0
vn 0.0012573968851938844 -0.99999922513961792 0
vn 0.99999880790710449 0.0015419292030856013 0
vn 0.99999940395355225 -0.0010936235776171088 0
vn 0.99999994039535522 0.00041743970359675586 0
vn 0.99999880790710449 0.0015419292030856013 0
vn 0.99999994039535522 0.00041743970359675586 0
vn 0.99999517202377319 0.0031041812617331743 0
vn 0.99999880790710449 0.0015419292030856013 0
vn 0.99999517202377319 0.0031041812617331743 0
vn 0.99998325109481812 0.0057909046299755573 0
vn 0.99999880790710449 0.0015419292030856013 0
vn 0.99998325109481812 0.0057909046299755573 0
vn 0.99996954202651978 0.0078061269596219063 0
vn 0.99999880790710449 0.0015419292030856013 0
vn 0.99999940395355225 -0.0010936235776171088 0
vn 0.99999988079071045 0.00047823996283113956 0
vn 0.99999880790710449 0.0015419292030856013 0
vn 0.99999988079071045 0.00047823996283113956 0
vn 0.99999415874481201 0.0034257154911756516 0
vn 0.99999880790710449 0.0015419292030856013 0
vn 0.99999415874481201 0.0034257154911756516 0
vn 0.99997967481613159 0.0063731605187058449 0
vn 0.99999880790710449 0.0015419292030856013 0
vn 0.99997967481613159 0.0063731605187058449 0
vn 0.99996954202651978 0.0078061269596219063 0
f 510/510/510 512/512/512 511/511/511 502/502/502
f 512/512/512 507/507/507 504/504/504 511/511/511
f 511/511/511 487/487/487 502/502/502
f 503/503/503 511/511/511 504/504/504
f 487/487/487 511/511/511 503/503/503
f 508/508/508 503/503/503 504/504/504
f 489/489/489 508/508/508 490/490/490
f 503/503/503 508/508/508 489/489/489
f 507/507/507 509/509/509 508/508/508 504/504/504
f 509/509/509 499/499/499 490/490/490 508/508/508
f 1807/1807/1807 503/503/503 1274/1274/1274
f 487/487/487 1807/1807/1807 1217/1217/1217
f 503/503/503 1807/1807/1807 487/487/487
f 1217/1217/1217 1807/1807/1807 1809/1809/1809 1271/1271/1271
f 1807/1807/1807 1274/1274/1274 1808/1808/1808 1809/1809/1809
f 1274/1274/1274 1810/1810/1810 1812/1812/1812 1808/1808/1808
f 1810/1810/1810 1273/1273/1273 1811/1811/1811 1812/1812/1812
f 1810/1810/1810 489/489/489 1273/1273/1273
f 503/503/503 1810/1810/1810 1274/1274/1274
f 489/489/489 1810/1810/1810 503/503/503
f 1814/1814/1814 491/491/491 1813/1813/1813
f 489/489/489 1814/1814/1814 1273/1273/1273
f 491/491/491 1814/1814/1814 489/489/489
f 1273/1273/1273 1814/1814/1814 1816/1816/1816 1811/1811/1811
f 1814/1814/1814 1813/1813/1813 1815/1815/1815 1816/1816/1816
f 1813/1813/1813 1817/1817/1817 1818/1818/1818 1815/1815/1815
f 1818/1818/1818 1819/1819/1819 1821/1821/1821 1820/1820/1820
f 499/499/499 501/501/501 500/500/500 490/490/490
f 501/501/501 493/493/493 492/492/492 500/500/500
f 500/500/500 489/489/489 490/490/490
f 491/491/491 500/500/500 492/492/492
f 489/489/489 500/500/500 491/491/491
f 493/493/493 495/495/495 494/494/494 492/492/492
f 496/496/496 498/498/498 497/497/497 495/495/495
f 1112/1112/1112 1114/1114/1114 1113/1113/1113 522/522/522
f 1114/1114/1114 538/538/538 524/524/524 1113/1113/1113
f 1113/1113/1113 505/505/505 522/522/522
f 523/523/523 1113/1113/1113 524/524/524
f 505/505/505 1113/1113/1113 523/523/523
f 539/539/539 523/523/523 524/524/524
f 506/506/506 539/539/539 513/513/513
f 523/523/523 539/539/539 506/506/506
f 538/538/538 540/540/540 539/539/539 524/524/524
f 671/671/671 539/539/539 540/540/540
f 513/513/513 671/671/671 519/519/519
f 539/539/539 671/671/671 513/513/513
f 670/670/670 672/672/672 671/671/671 540/540/540
f 950/950/950 671/671/671 672/672/672
f 519/519/519 950/950/950 535/535/535
f 671/671/671 950/950/950 519/519/519
f 949/949/949 951/951/951 950/950/950 672/672/672
f 1009/1009/1009 950/950/950 951/951/951
f 535/535/535 1009/1009/1009 667/667/667
f 950/950/950 1009/1009/1009 535/535/535
f 1008/1008/1008 1010/1010/1010 1009/1009/1009 951/951/951
f 1071/1071/1071 1009/1009/1009 1010/1010/1010
f 667/667/667 1071/1071/1071 946/946/946
f 1009/1009/1009 1071/1071/1071 667/667/667
f 1070/1070/1070 1072/1072/1072 1071/1071/1071 1010/1010/1010
f 1072/1072/1072 1005/1005/1005 946/946/946 1071/1071/1071
f 1211/1211/1211 523/523/523 1210/1210/1210
f 505/505/505 1211/1211/1211 1201/1201/1201
f 523/523/523 1211/1211/1211 505/505/505
f 1201/1201/1201 1211/1211/1211 1213/1213/1213 1207/1207/1207
f 1211/1211/1211 1210/1210/1210 1212/1212/1212 1213/1213/1213
f 1210/1210/1210 1214/1214/1214 1216/1216/1216 1212/1212/1212
f 1216/1216/1216 1219/1219/1219 1222/1222/1222 1220/1220/1220
f 1222/1222/1222 1226/1226/1226 1229/1229/1229 1227/1227/1227
f 1229/1229/1229 1233/1233/1233 1236/1236/1236 1234/1234/1234
f 1236/1236/1236 1240/1240/1240 1243/1243/1243 1241/1241/1241
f 1243/1243/1243 1247/1247/1247 1250/1250/1250 1248/1248/1248
f 1247/1247/1247 1242/1242/1242 1249/1249/1249 1250/1250/1250
f 1247/1247/1247 1235/1235/1235 1242/1242/1242
f 1240/1240/1240 1247/1247/1247 1243/1243/1243
f 1235/1235/1235 1247/1247/1247 1240/1240/1240
f 1240/1240/1240 1228/1228/1228 1235/1235/1235
f 1233/1233/1233 1240/1240/1240 1236/1236/1236
f 1228/1228/1228 1240/1240/1240 1233/1233/1233
f 1233/1233/1233 1221/1221/1221 1228/1228/1228
f 1226/1226/1226 1233/1233/1233 1229/1229/1229
f 1221/1221/1221 1233/1233/1233 1226/1226/1226
f 1226/1226/1226 1215/1215/1215 1221/1221/1221
f 1219/1219/1219 1226/1226/1226 1222/1222/1222
f 1215/1215/1215 1226/1226/1226 1219/1219/1219
f 1219/1219/1219 1209/1209/1209 1215/1215/1215
f 1214/1214/1214 1219/1219/1219 1216/1216/1216
f 1209/1209/1209 1219/1219/1219 1214/1214/1214
f 1214/1214/1214 506/506/506 1209/1209/1209
f 523/523/523 1214/1214/1214 1210/1210/1210
f 506/506/506 1214/1214/1214 523/523/523
f 1223/1223/1223 514/514/514 1218/1218/1218
f 506/506/506 1223/1223/1223 1209/1209/1209
f 514/514/514 1223/1223/1223 506/506/506
f 1230/1230/1230 1223/1223/1223 1225/1225/1225
f 1209/1209/1209 1230/1230/1230 1215/1215/1215
f 1223/1223/1223 1230/1230/1230 1209/1209/1209
f 1237/1237/1237 1230/1230/1230 1232/1232/1232
f 1215/1215/1215 1237/1237/1237 1221/1221/1221
f 1230/1230/1230 1237/1237/1237 1215/1215/1215
f 1244/1244/1244 1237/1237/1237 1239/1239/1239
f 1221/1221/1221 1244/1244/1244 1228/1228/1228
f 1237/1237/1237 1244/1244/1244 1221/1221/1221
f 1251/1251/1251 1244/1244/1244 1246/1246/1246
f 1228/1228/1228 1251/1251/1251 1235/1235/1235
f 1244/1244/1244 1251/1251/1251 1228/1228/1228
f 1289/1289/1289 1251/1251/1251 1253/1253/1253
f 1235/1235/1235 1289/1289/1289 1242/1242/1242
f 1251/1251/1251 1289/1289/1289 1235/1235/1235
f 1242/1242/1242 1289/1289/1289 1290/1290/1290 1249/1249/1249
f 1289/1289/1289 1253/1253/1253 1255/1255/1255 1290/1290/1290
f 1286/1286/1286 1254/1254/1254 1257/1257/1257
f 1253/1253/1253 1286/1286/1286 1255/1255/1255
f 1254/1254/1254 1286/1286/1286 1253/1253/1253
f 1255/1255/1255 1286/1286/1286 1288/1288/1288 1287/1287/1287
f 1288/1288/1288 1308/1308/1308 1310/1310/1310 1309/1309/1309
f 1308/1308/1308 1276/1276/1276 1283/1283/1283 1310/1310/1310
f 1308/1308/1308 1257/1257/1257 1276/1276/1276
f 1286/1286/1286 1308/1308/1308 1288/1288/1288
f 1257/1257/1257 1308/1308/1308 1286/1286/1286
f 1282/1282/1282 1275/1275/1275 1278/1278/1278
f 1257/1257/1257 1282/1282/1282 1276/1276/1276
f 1275/1275/1275 1282/1282/1282 1257/1257/1257
f 1305/1305/1305 1282/1282/1282 1285/1285/1285
f 1276/1276/1276 1305/1305/1305 1283/1283/1283
f 1282/1282/1282 1305/1305/1305 1276/1276/1276
f 1283/1283/1283 1305/1305/1305 1307/1307/1307 1306/1306/1306
f 1305/1305/1305 1285/1285/1285 1292/1292/1292 1307/1307/1307
f 1301/1301/1301 1291/1291/1291 1294/1294/1294
f 1285/1285/1285 1301/1301/1301 1292/1292/1292
f 1291/1291/1291 1301/1301/1301 1285/1285/1285
f 1292/1292/1292 1301/1301/1301 1304/1304/1304 1302/1302/1302
f 1301/1301/1301 1294/1294/1294 1303/1303/1303 1304/1304/1304
f 1291/1291/1291 1284/1284/1284 1293/1293/1293 1294/1294/1294
f 1291/1291/1291 1278/1278/1278 1284/1284/1284
f 1282/1282/1282 1291/1291/1291 1285/1285/1285
f 1278/1278/1278 1291/1291/1291 1282/1282/1282
f 1322/1322/1322 1295/1295/1295 1297/1297/1297
f 1278/1278/1278 1322/1322/1322 1284/1284/1284
f 1295/1295/1295 1322/1322/1322 1278/1278/1278
f 1284/1284/1284 1322/1322/1322 1323/1323/1323 1293/1293/1293
f 1323/1323/1323 1327/1327/1327 1329/1329/1329 1328/1328/1328
f 1322/1322/1322 1327/1327/1327 1323/1323/1323
f 1297/1297/1297 1327/1327/1327 1322/1322/1322
f 1318/1318/1318 1311/1311/1311 1314/1314/1314
f 1297/1297/1297 1318/1318/1318 1312/1312/1312
f 1311/1311/1311 1318/1318/1318 1297/1297/1297
f 1312/1312/1312 1324/1324/1324 1319/1319/1319
f 1318/1318/1318 1324/1324/1324 1312/1312/1312
f 1330/1330/1330 1324/1324/1324 1326/1326/1326
f 1324/1324/1324 1330/1330/1330 1319/1319/1319
f 1330/1330/1330 1326/1326/1326 1331/1331/1331 1332/1332/1332
f 1318/1318/1318 1314/1314/1314 1320/1320/1320 1321/1321/1321
f 1311/1311/1311 1296/1296/1296 1313/1313/1313 1314/1314/1314
f 1311/1311/1311 1277/1277/1277 1296/1296/1296
f 1295/1295/1295 1311/1311/1311 1297/1297/1297
f 1277/1277/1277 1311/1311/1311 1295/1295/1295
f 1295/1295/1295 1256/1256/1256 1277/1277/1277
f 1275/1275/1275 1295/1295/1295 1278/1278/1278
f 1256/1256/1256 1295/1295/1295 1275/1275/1275
f 1275/1275/1275 1252/1252/1252 1256/1256/1256
f 1254/1254/1254 1275/1275/1275 1257/1257/1257
f 1252/1252/1252 1275/1275/1275 1254/1254/1254
f 1254/1254/1254 1246/1246/1246 1252/1252/1252
f 1251/1251/1251 1254/1254/1254 1253/1253/1253
f 1246/1246/1246 1254/1254/1254 1251/1251/1251
f 1279/1279/1279 1258/1258/1258 1260/1260/1260
f 1246/1246/1246 1279/1279/1279 1252/1252/1252
f 1258/1258/1258 1279/1279/1279 1246/1246/1246
f 1298/1298/1298 1279/1279/1279 1281/1281/1281
f 1252/1252/1252 1298/1298/1298 1256/1256/1256
f 1279/1279/1279 1298/1298/1298 1252/1252/1252
f 1315/1315/1315 1298/1298/1298 1300/1300/1300
f 1256/1256/1256 1315/1315/1315 1277/1277/1277
f 1298/1298/1298 1315/1315/1315 1256/1256/1256
f 1336/1336/1336 1315/1315/1315 1317/1317/1317
f 1277/1277/1277 1336/1336/1336 1296/1296/1296
f 1315/1315/1315 1336/1336/1336 1277/1277/1277
f 1375/1375/1375 1336/1336/1336 1338/1338/1338
f 1296/1296/1296 1375/1375/1375 1313/1313/1313
f 1336/1336/1336 1375/1375/1375 1296/1296/1296
f 1313/1313/1313 1375/1375/1375 1377/1377/1377 1376/1376/1376
f 1375/1375/1375 1338/1338/1338 1340/1340/1340 1377/1377/1377
f 1372/1372/1372 1339/1339/1339 1342/1342/1342
f 1339/1339/1339 1372/1372/1372 1338/1338/1338
f 1372/1372/1372 1342/1342/1342 1359/1359/1359 1374/1374/1374
f 1342/1342/1342 1369/1369/1369 1359/1359/1359
f 1358/1358/1358 1369/1369/1369 1342/1342/1342
f 1359/1359/1359 1369/1369/1369 1371/1371/1371 1370/1370/1370
f 1339/1339/1339 1358/1358/1358 1342/1342/1342
f 1337/1337/1337 1358/1358/1358 1339/1339/1339
f 1339/1339/1339 1317/1317/1317 1337/1337/1337
f 1336/1336/1336 1339/1339/1339 1338/1338/1338
f 1317/1317/1317 1339/1339/1339 1336/1336/1336
f 1361/1361/1361 1343/1343/1343 1345/1345/1345
f 1317/1317/1317 1361/1361/1361 1337/1337/1337
f 1343/1343/1343 1361/1361/1361 1317/1317/1317
f 1365/1365/1365 1361/1361/1361 1363/1363/1363
f 1337/1337/1337 1365/1365/1365 1341/1341/1341
f 1361/1361/1361 1365/1365/1365 1337/1337/1337
f 1341/1341/1341 1365/1365/1365 1367/1367/1367 1360/1360/1360
f 1365/1365/1365 1363/1363/1363 1366/1366/1366 1367/1367/1367
f 1361/1361/1361 1345/1345/1345 1362/1362/1362 1363/1363/1363
f 1343/1343/1343 1316/1316/1316 1344/1344/1344 1345/1345/1345
f 1343/1343/1343 1300/1300/1300 1316/1316/1316
f 1315/1315/1315 1343/1343/1343 1317/1317/1317
f 1300/1300/1300 1343/1343/1343 1315/1315/1315
f 1300/1300/1300 1346/1346/1346 1348/1348/1348 1316/1316/1316
f 1346/1346/1346 1299/1299/1299 1347/1347/1347 1348/1348/1348
f 1346/1346/1346 1281/1281/1281 1299/1299/1299
f 1298/1298/1298 1346/1346/1346 1300/1300/1300
f 1281/1281/1281 1346/1346/1346 1298/1298/1298
f 1281/1281/1281 1349/1349/1349 1351/1351/1351 1299/1299/1299
f 1349/1349/1349 1280/1280/1280 1350/1350/1350 1351/1351/1351
f 1349/1349/1349 1260/1260/1260 1280/1280/1280
f 1279/1279/1279 1349/1349/1349 1281/1281/1281
f 1260/1260/1260 1349/1349/1349 1279/1279/1279
f 1260/1260/1260 1352/1352/1352 1354/1354/1354 1280/1280/1280
f 1352/1352/1352 1259/1259/1259 1353/1353/1353 1354/1354/1354
f 1352/1352/1352 1245/1245/1245 1259/1259/1259
f 1258/1258/1258 1352/1352/1352 1260/1260/1260
f 1245/1245/1245 1352/1352/1352 1258/1258/1258
f 1258/1258/1258 1239/1239/1239 1245/1245/1245
f 1244/1244/1244 1258/1258/1258 1246/1246/1246
f 1239/1239/1239 1258/1258/1258 1244/1244/1244
f 1355/1355/1355 1261/1261/1261 1263/1263/1263
f 1239/1239/1239 1355/1355/1355 1245/1245/1245
f 1261/1261/1261 1355/1355/1355 1239/1239/1239
f 1392/1392/1392 1355/1355/1355 1357/1357/1357
f 1245/1245/1245 1392/1392/1392 1259/1259/1259
f 1355/1355/1355 1392/1392/1392 1245/1245/1245
f 1259/1259/1259 1392/1392/1392 1393/1393/1393 1353/1353/1353
f 1392/1392/1392 1357/1357/1357 1379/1379/1379 1393/1393/1393
f 1388/1388/1388 1378/1378/1378 1381/1381/1381
f 1357/1357/1357 1388/1388/1388 1379/1379/1379
f 1378/1378/1378 1388/1388/1388 1357/1357/1357
f 1379/1379/1379 1388/1388/1388 1391/1391/1391 1389/1389/1389
f 1391/1391/1391 1394/1394/1394 1397/1397/1397 1395/1395/1395
f 1394/1394/1394 1390/1390/1390 1396/1396/1396 1397/1397/1397
f 1394/1394/1394 1381/1381/1381 1390/1390/1390
f 1388/1388/1388 1394/1394/1394 1391/1391/1391
f 1381/1381/1381 1394/1394/1394 1388/1388/1388
f 1381/1381/1381 1398/1398/1398 1400/1400/1400 1390/1390/1390
f 1398/1398/1398 1380/1380/1380 1399/1399/1399 1400/1400/1400
f 1398/1398/1398 1356/1356/1356 1380/1380/1380
f 1378/1378/1378 1398/1398/1398 1381/1381/1381
f 1356/1356/1356 1398/1398/1398 1378/1378/1378
f 1378/1378/1378 1263/1263/1263 1356/1356/1356
f 1355/1355/1355 1378/1378/1378 1357/1357/1357
f 1263/1263/1263 1378/1378/1378 1355/1355/1355
f 1401/1401/1401 1382/1382/1382 1384/1384/1384
f 1263/1263/1263 1401/1401/1401 1356/1356/1356
f 1382/1382/1382 1401/1401/1401 1263/1263/1263
f 1404/1404/1404 1401/1401/1401 1403/1403/1403
f 1356/1356/1356 1404/1404/1404 1380/1380/1380
f 1401/1401/1401 1404/1404/1404 1356/1356/1356
f 1380/1380/1380 1404/1404/1404 1406/1406/1406 1399/1399/1399
f 1406/1406/1406 1407/1407/1407 1410/1410/1410 1408/1408/1408
f 1410/1410/1410 1420/1420/1420 1423/1423/1423 1421/1421/1421
f 1420/1420/1420 1409/1409/1409 1422/1422/1422 1423/1423/1423
f 1420/1420/1420 1405/1405/1405 1409/1409/1409
f 1407/1407/1407 1420/1420/1420 1410/1410/1410
f 1405/1405/1405 1420/1420/1420 1407/1407/1407
f 1407/1407/1407 1403/1403/1403 1405/1405/1405
f 1404/1404/1404 1407/1407/1407 1406/1406/1406
f 1403/1403/1403 1407/1407/1407 1404/1404/1404
f 1424/1424/1424 1411/1411/1411 1413/1413/1413
f 1403/1403/1403 1424/1424/1424 1405/1405/1405
f 1411/1411/1411 1424/1424/1424 1403/1403/1403
f 1405/1405/1405 1424/1424/1424 1426/1426/1426 1409/1409/1409
f 1424/1424/1424 1413/1413/1413 1425/1425/1425 1426/1426/1426
f 1411/1411/1411 1402/1402/1402 1412/1412/1412 1413/1413/1413
f 1411/1411/1411 1384/1384/1384 1402/1402/1402
f 1401/1401/1401 1411/1411/1411 1403/1403/1403
f 1384/1384/1384 1411/1411/1411 1401/1401/1401
f 1427/1427/1427 1414/1414/1414 1416/1416/1416
f 1384/1384/1384 1427/1427/1427 1402/1402/1402
f 1414/1414/1414 1427/1427/1427 1384/1384/1384
f 1444/1444/1444 1427/1427/1427 1429/1429/1429
f 1402/1402/1402 1444/1444/1444 1412/1412/1412
f 1427/1427/1427 1444/1444/1444 1402/1402/1402
f 1412/1412/1412 1444/1444/1444 1446/1446/1446 1445/1445/1445
f 1444/1444/1444 1429/1429/1429 1431/1431/1431 1446/1446/1446
f 1440/1440/1440 1430/1430/1430 1433/1433/1433
f 1429/1429/1429 1440/1440/1440 1431/1431/1431
f 1430/1430/1430 1440/1440/1440 1429/1429/1429
f 1431/1431/1431 1440/1440/1440 1443/1443/1443 1441/1441/1441
f 1443/1443/1443 1447/1447/1447 1450/1450/1450 1448/1448/1448
f 1447/1447/1447 1442/1442/1442 1449/1449/1449 1450/1450/1450
f 1447/1447/1447 1433/1433/1433 1442/1442/1442
f 1440/1440/1440 1447/1447/1447 1443/1443/1443
f 1433/1433/1433 1447/1447/1447 1440/1440/1440
f 1433/1433/1433 1451/1451/1451 1453/1453/1453 1442/1442/1442
f 1451/1451/1451 1432/1432/1432 1452/1452/1452 1453/1453/1453
f 1451/1451/1451 1428/1428/1428 1432/1432/1432
f 1430/1430/1430 1451/1451/1451 1433/1433/1433
f 1428/1428/1428 1451/1451/1451 1430/1430/1430
f 1430/1430/1430 1416/1416/1416 1428/1428/1428
f 1427/1427/1427 1430/1430/1430 1429/1429/1429
f 1416/1416/1416 1430/1430/1430 1427/1427/1427
f 1454/1454/1454 1434/1434/1434 1436/1436/1436
f 1416/1416/1416 1454/1454/1454 1428/1428/1428
f 1434/1434/1434 1454/1454/1454 1416/1416/1416
f 1428/1428/1428 1454/1454/1454 1456/1456/1456 1432/1432/1432
f 1454/1454/1454 1436/1436/1436 1455/1455/1455 1456/1456/1456
f 1463/1463/1463 1457/1457/1457 1459/1459/1459
f 1436/1436/1436 1463/1463/1463 1455/1455/1455
f 1457/1457/1457 1463/1463/1463 1436/1436/1436
f 1455/1455/1455 1463/1463/1463 1466/1466/1466 1464/1464/1464
f 1466/1466/1466 1467/1467/1467 1470/1470/1470 1468/1468/1468
f 1467/1467/1467 1465/1465/1465 1469/1469/1469 1470/1470/1470
f 1467/1467/1467 1459/1459/1459 1465/1465/1465
f 1463/1463/1463 1467/1467/1467 1466/1466/1466
f 1459/1459/1459 1467/1467/1467 1463/1463/1463
f 1459/1459/1459 1471/1471/1471 1473/1473/1473 1465/1465/1465
f 1471/1471/1471 1458/1458/1458 1472/1472/1472 1473/1473/1473
f 1471/1471/1471 1435/1435/1435 1458/1458/1458
f 1457/1457/1457 1471/1471/1471 1459/1459/1459
f 1435/1435/1435 1471/1471/1471 1457/1457/1457
f 1457/1457/1457 1415/1415/1415 1435/1435/1435
f 1434/1434/1434 1457/1457/1457 1436/1436/1436
f 1415/1415/1415 1457/1457/1457 1434/1434/1434
f 1434/1434/1434 1383/1383/1383 1415/1415/1415
f 1414/1414/1414 1434/1434/1434 1416/1416/1416
f 1383/1383/1383 1434/1434/1434 1414/1414/1414
f 1414/1414/1414 1262/1262/1262 1383/1383/1383
f 1382/1382/1382 1414/1414/1414 1384/1384/1384
f 1262/1262/1262 1414/1414/1414 1382/1382/1382
f 1382/1382/1382 1238/1238/1238 1262/1262/1262
f 1261/1261/1261 1382/1382/1382 1263/1263/1263
f 1238/1238/1238 1382/1382/1382 1261/1261/1261
f 1261/1261/1261 1232/1232/1232 1238/1238/1238
f 1237/1237/1237 1261/1261/1261 1239/1239/1239
f 1232/1232/1232 1261/1261/1261 1237/1237/1237
f 1385/1385/1385 1264/1264/1264 1266/1266/1266
f 1232/1232/1232 1385/1385/1385 1238/1238/1238
f 1264/1264/1264 1385/1385/1385 1232/1232/1232
f 1417/1417/1417 1385/1385/1385 1387/1387/1387
f 1238/1238/1238 1417/1417/1417 1262/1262/1262
f 1385/1385/1385 1417/1417/1417 1238/1238/1238
f 1437/1437/1437 1417/1417/1417 1419/1419/1419
f 1262/1262/1262 1437/1437/1437 1383/1383/1383
f 1417/1417/1417 1437/1437/1437 1262/1262/1262
f 1460/1460/1460 1437/1437/1437 1439/1439/1439
f 1383/1383/1383 1460/1460/1460 1415/1415/1415
f 1437/1437/1437 1460/1460/1460 1383/1383/1383
f 1474/1474/1474 1460/1460/1460 1462/1462/1462
f 1415/1415/1415 1474/1474/1474 1435/1435/1435
f 1460/1460/1460 1474/1474/1474 1415/1415/1415
f 1435/1435/1435 1474/1474/1474 1476/1476/1476 1458/1458/1458
f 1476/1476/1476 1503/1503/1503 1505/1505/1505 1504/1504/1504
f 1503/1503/1503 1475/1475/1475 1496/1496/1496 1505/1505/1505
f 1503/1503/1503 1462/1462/1462 1475/1475/1475
f 1474/1474/1474 1503/1503/1503 1476/1476/1476
f 1462/1462/1462 1503/1503/1503 1474/1474/1474
f 1495/1495/1495 1477/1477/1477 1479/1479/1479
f 1462/1462/1462 1495/1495/1495 1475/1475/1475
f 1477/1477/1477 1495/1495/1495 1462/1462/1462
f 1499/1499/1499 1495/1495/1495 1498/1498/1498
f 1475/1475/1475 1499/1499/1499 1496/1496/1496
f 1495/1495/1495 1499/1499/1499 1475/1475/1475
f 1496/1496/1496 1499/1499/1499 1502/1502/1502 1500/1500/1500
f 1502/1502/1502 1506/1506/1506 1509/1509/1509 1507/1507/1507
f 1506/1506/1506 1501/1501/1501 1508/1508/1508 1509/1509/1509
f 1506/1506/1506 1498/1498/1498 1501/1501/1501
f 1499/1499/1499 1506/1506/1506 1502/1502/1502
f 1498/1498/1498 1506/1506/1506 1499/1499/1499
f 1498/1498/1498 1510/1510/1510 1512/1512/1512 1501/1501/1501
f 1510/1510/1510 1497/1497/1497 1511/1511/1511 1512/1512/1512
f 1510/1510/1510 1479/1479/1479 1497/1497/1497
f 1495/1495/1495 1510/1510/1510 1498/1498/1498
f 1479/1479/1479 1510/1510/1510 1495/1495/1495
f 1479/1479/1479 1513/1513/1513 1515/1515/1515 1497/1497/1497
f 1513/1513/1513 1478/1478/1478 1514/1514/1514 1515/1515/1515
f 1513/1513/1513 1461/1461/1461 1478/1478/1478
f 1477/1477/1477 1513/1513/1513 1479/1479/1479
f 1461/1461/1461 1513/1513/1513 1477/1477/1477
f 1477/1477/1477 1439/1439/1439 1461/1461/1461
f 1460/1460/1460 1477/1477/1477 1462/1462/1462
f 1439/1439/1439 1477/1477/1477 1460/1460/1460
f 1516/1516/1516 1480/1480/1480 1482/1482/1482
f 1439/1439/1439 1516/1516/1516 1461/1461/1461
f 1480/1480/1480 1516/1516/1516 1439/1439/1439
f 1461/1461/1461 1516/1516/1516 1518/1518/1518 1478/1478/1478
f 1518/1518/1518 1533/1533/1533 1535/1535/1535 1534/1534/1534
f 1535/1535/1535 1540/1540/1540 1542/1542/1542 1541/1541/1541
f 1540/1540/1540 1526/1526/1526 1530/1530/1530 1542/1542/1542
f 1540/1540/1540 1517/1517/1517 1526/1526/1526
f 1533/1533/1533 1540/1540/1540 1535/1535/1535
f 1517/1517/1517 1540/1540/1540 1533/1533/1533
f 1533/1533/1533 1482/1482/1482 1517/1517/1517
f 1516/1516/1516 1533/1533/1533 1518/1518/1518
f 1482/1482/1482 1533/1533/1533 1516/1516/1516
f 1525/1525/1525 1519/1519/1519 1521/1521/1521
f 1482/1482/1482 1525/1525/1525 1517/1517/1517
f 1519/1519/1519 1525/1525/1525 1482/1482/1482
f 1529/1529/1529 1525/1525/1525 1528/1528/1528
f 1517/1517/1517 1529/1529/1529 1526/1526/1526
f 1525/1525/1525 1529/1529/1529 1517/1517/1517
f 1536/1536/1536 1529/1529/1529 1532/1532/1532
f 1526/1526/1526 1536/1536/1536 1530/1530/1530
f 1529/1529/1529 1536/1536/1536 1526/1526/1526
f 1530/1530/1530 1536/1536/1536 1539/1539/1539 1537/1537/1537
f 1536/1536/1536 1532/1532/1532 1538/1538/1538 1539/1539/1539
f 1529/1529/1529 1528/1528/1528 1531/1531/1531 1532/1532/1532
f 1525/1525/1525 1521/1521/1521 1527/1527/1527 1528/1528/1528
f 1519/1519/1519 1481/1481/1481 1520/1520/1520 1521/1521/1521
f 1519/1519/1519 1438/1438/1438 1481/1481/1481
f 1480/1480/1480 1519/1519/1519 1482/1482/1482
f 1438/1438/1438 1519/1519/1519 1480/1480/1480
f 1480/1480/1480 1419/1419/1419 1438/1438/1438
f 1437/1437/1437 1480/1480/1480 1439/1439/1439
f 1419/1419/1419 1480/1480/1480 1437/1437/1437
f 1522/1522/1522 1483/1483/1483 1485/1485/1485
f 1419/1419/1419 1522/1522/1522 1438/1438/1438
f 1483/1483/1483 1522/1522/1522 1419/1419/1419
f 1557/1557/1557 1522/1522/1522 1524/1524/1524
f 1438/1438/1438 1557/1557/1557 1481/1481/1481
f 1522/1522/1522 1557/1557/1557 1438/1438/1438
f 1481/1481/1481 1557/1557/1557 1558/1558/1558 1520/1520/1520
f 1558/1558/1558 1563/1563/1563 1565/1565/1565 1564/1564/1564
f 1565/1565/1565 1570/1570/1570 1572/1572/1572 1571/1571/1571
f 1570/1570/1570 1554/1554/1554 1560/1560/1560 1572/1572/1572
f 1570/1570/1570 1544/1544/1544 1554/1554/1554
f 1563/1563/1563 1570/1570/1570 1565/1565/1565
f 1544/1544/1544 1570/1570/1570 1563/1563/1563
f 1563/1563/1563 1524/1524/1524 1544/1544/1544
f 1557/1557/1557 1563/1563/1563 1558/1558/1558
f 1524/1524/1524 1563/1563/1563 1557/1557/1557
f 1553/1553/1553 1543/1543/1543 1546/1546/1546
f 1524/1524/1524 1553/1553/1553 1544/1544/1544
f 1543/1543/1543 1553/1553/1553 1524/1524/1524
f 1559/1559/1559 1553/1553/1553 1556/1556/1556
f 1544/1544/1544 1559/1559/1559 1554/1554/1554
f 1553/1553/1553 1559/1559/1559 1544/1544/1544
f 1566/1566/1566 1559/1559/1559 1562/1562/1562
f 1554/1554/1554 1566/1566/1566 1560/1560/1560
f 1559/1559/1559 1566/1566/1566 1554/1554/1554
f 1560/1560/1560 1566/1566/1566 1569/1569/1569 1567/1567/1567
f 1566/1566/1566 1562/1562/1562 1568/1568/1568 1569/1569/1569
f 1559/1559/1559 1556/1556/1556 1561/1561/1561 1562/1562/1562
f 1553/1553/1553 1546/1546/1546 1555/1555/1555 1556/1556/1556
f 1543/1543/1543 1523/1523/1523 1545/1545/1545 1546/1546/1546
f 1543/1543/1543 1485/1485/1485 1523/1523/1523
f 1522/1522/1522 1543/1543/1543 1524/1524/1524
f 1485/1485/1485 1543/1543/1543 1522/1522/1522
f 1573/1573/1573 1547/1547/1547 1549/1549/1549
f 1485/1485/1485 1573/1573/1573 1523/1523/1523
f 1547/1547/1547 1573/1573/1573 1485/1485/1485
f 1523/1523/1523 1573/1573/1573 1575/1575/1575 1545/1545/1545
f 1575/1575/1575 1576/1576/1576 1579/1579/1579 1577/1577/1577
f 1579/1579/1579 1586/1586/1586 1589/1589/1589 1587/1587/1587
f 1589/1589/1589 1593/1593/1593 1596/1596/1596 1594/1594/1594
f 1593/1593/1593 1588/1588/1588 1595/1595/1595 1596/1596/1596
f 1593/1593/1593 1578/1578/1578 1588/1588/1588
f 1586/1586/1586 1593/1593/1593 1589/1589/1589
f 1578/1578/1578 1593/1593/1593 1586/1586/1586
f 1586/1586/1586 1574/1574/1574 1578/1578/1578
f 1576/1576/1576 1586/1586/1586 1579/1579/1579
f 1574/1574/1574 1586/1586/1586 1576/1576/1576
f 1576/1576/1576 1549/1549/1549 1574/1574/1574
f 1573/1573/1573 1576/1576/1576 1575/1575/1575
f 1549/1549/1549 1576/1576/1576 1573/1573/1573
f 1590/1590/1590 1580/1580/1580 1582/1582/1582
f 1549/1549/1549 1590/1590/1590 1574/1574/1574
f 1580/1580/1580 1590/1590/1590 1549/1549/1549
f 1597/1597/1597 1590/1590/1590 1592/1592/1592
f 1574/1574/1574 1597/1597/1597 1578/1578/1578
f 1590/1590/1590 1597/1597/1597 1574/1574/1574
f 1578/1578/1578 1597/1597/1597 1599/1599/1599 1588/1588/1588
f 1597/1597/1597 1592/1592/1592 1598/1598/1598 1599/1599/1599
f 1590/1590/1590 1582/1582/1582 1591/1591/1591 1592/1592/1592
f 1580/1580/1580 1548/1548/1548 1581/1581/1581 1582/1582/1582
f 1580/1580/1580 1484/1484/1484 1548/1548/1548
f 1547/1547/1547 1580/1580/1580 1549/1549/1549
f 1484/1484/1484 1580/1580/1580 1547/1547/1547
f 1547/1547/1547 1418/1418/1418 1484/1484/1484
f 1483/1483/1483 1547/1547/1547 1485/1485/1485
f 1418/1418/1418 1547/1547/1547 1483/1483/1483
f 1483/1483/1483 1387/1387/1387 1418/1418/1418
f 1417/1417/1417 1483/1483/1483 1419/1419/1419
f 1387/1387/1387 1483/1483/1483 1417/1417/1417
f 1550/1550/1550 1486/1486/1486 1488/1488/1488
f 1387/1387/1387 1550/1550/1550 1418/1418/1418
f 1486/1486/1486 1550/1550/1550 1387/1387/1387
f 1583/1583/1583 1550/1550/1550 1552/1552/1552
f 1418/1418/1418 1583/1583/1583 1484/1484/1484
f 1550/1550/1550 1583/1583/1583 1418/1418/1418
f 1600/1600/1600 1583/1583/1583 1585/1585/1585
f 1484/1484/1484 1600/1600/1600 1548/1548/1548
f 1583/1583/1583 1600/1600/1600 1484/1484/1484
f 1548/1548/1548 1600/1600/1600 1602/1602/1602 1581/1581/1581
f 1602/1602/1602 1603/1603/1603 1606/1606/1606 1604/1604/1604
f 1606/1606/1606 1619/1619/1619 1622/1622/1622 1620/1620/1620
f 1619/1619/1619 1605/1605/1605 1621/1621/1621 1622/1622/1622
f 1619/1619/1619 1601/1601/1601 1605/1605/1605
f 1603/1603/1603 1619/1619/1619 1606/1606/1606
f 1601/1601/1601 1619/1619/1619 1603/1603/1603
f 1603/1603/1603 1585/1585/1585 1601/1601/1601
f 1600/1600/1600 1603/1603/1603 1602/1602/1602
f 1585/1585/1585 1603/1603/1603 1600/1600/1600
f 1623/1623/1623 1607/1607/1607 1609/1609/1609
f 1585/1585/1585 1623/1623/1623 1601/1601/1601
f 1607/1607/1607 1623/1623/1623 1585/1585/1585
f 1601/1601/1601 1623/1623/1623 1625/1625/1625 1605/1605/1605
f 1623/1623/1623 1609/1609/1609 1624/1624/1624 1625/1625/1625
f 1607/1607/1607 1584/1584/1584 1608/1608/1608 1609/1609/1609
f 1607/1607/1607 1552/1552/1552 1584/1584/1584
f 1583/1583/1583 1607/1607/1607 1585/1585/1585
f 1552/1552/1552 1607/1607/1607 1583/1583/1583
f 1626/1626/1626 1610/1610/1610 1612/1612/1612
f 1552/1552/1552 1626/1626/1626 1584/1584/1584
f 1610/1610/1610 1626/1626/1626 1552/1552/1552
f 1643/1643/1643 1626/1626/1626 1628/1628/1628
f 1584/1584/1584 1643/1643/1643 1608/1608/1608
f 1626/1626/1626 1643/1643/1643 1584/1584/1584
f 1608/1608/1608 1643/1643/1643 1645/1645/1645 1644/1644/1644
f 1643/1643/1643 1628/1628/1628 1630/1630/1630 1645/1645/1645
f 1639/1639/1639 1629/1629/1629 1632/1632/1632
f 1628/1628/1628 1639/1639/1639 1630/1630/1630
f 1629/1629/1629 1639/1639/1639 1628/1628/1628
f 1630/1630/1630 1639/1639/1639 1642/1642/1642 1640/1640/1640
f 1639/1639/1639 1632/1632/1632 1641/1641/1641 1642/1642/1642
f 1629/1629/1629 1627/1627/1627 1631/1631/1631 1632/1632/1632
f 1629/1629/1629 1612/1612/1612 1627/1627/1627
f 1626/1626/1626 1629/1629/1629 1628/1628/1628
f 1612/1612/1612 1629/1629/1629 1626/1626/1626
f 1612/1612/1612 1633/1633/1633 1635/1635/1635 1627/1627/1627
f 1633/1633/1633 1611/1611/1611 1634/1634/1634 1635/1635/1635
f 1633/1633/1633 1551/1551/1551 1611/1611/1611
f 1610/1610/1610 1633/1633/1633 1612/1612/1612
f 1551/1551/1551 1633/1633/1633 1610/1610/1610
f 1610/1610/1610 1488/1488/1488 1551/1551/1551
f 1550/1550/1550 1610/1610/1610 1552/1552/1552
f 1488/1488/1488 1610/1610/1610 1550/1550/1550
f 1636/1636/1636 1613/1613/1613 1615/1615/1615
f 1488/1488/1488 1636/1636/1636 1551/1551/1551
f 1613/1613/1613 1636/1636/1636 1488/1488/1488
f 1646/1646/1646 1636/1636/1636 1638/1638/1638
f 1551/1551/1551 1646/1646/1646 1611/1611/1611
f 1636/1636/1636 1646/1646/1646 1551/1551/1551
f 1666/1666/1666 1646/1646/1646 1648/1648/1648
f 1611/1611/1611 1666/1666/1666 1634/1634/1634
f 1646/1646/1646 1666/1666/1666 1611/1611/1611
f 1634/1634/1634 1666/1666/1666 1668/1668/1668 1667/1667/1667
f 1666/1666/1666 1648/1648/1648 1650/1650/1650 1668/1668/1668
f 1662/1662/1662 1649/1649/1649 1652/1652/1652
f 1648/1648/1648 1662/1662/1662 1650/1650/1650
f 1649/1649/1649 1662/1662/1662 1648/1648/1648
f 1650/1650/1650 1662/1662/1662 1665/1665/1665 1663/1663/1663
f 1662/1662/1662 1652/1652/1652 1664/1664/1664 1665/1665/1665
f 1649/1649/1649 1647/1647/1647 1651/1651/1651 1652/1652/1652
f 1649/1649/1649 1638/1638/1638 1647/1647/1647
f 1646/1646/1646 1649/1649/1649 1648/1648/1648
f 1638/1638/1638 1649/1649/1649 1646/1646/1646
f 1638/1638/1638 1653/1653/1653 1655/1655/1655 1647/1647/1647
f 1653/1653/1653 1637/1637/1637 1654/1654/1654 1655/1655/1655
f 1653/1653/1653 1615/1615/1615 1637/1637/1637
f 1636/1636/1636 1653/1653/1653 1638/1638/1638
f 1615/1615/1615 1653/1653/1653 1636/1636/1636
f 1615/1615/1615 1656/1656/1656 1658/1658/1658 1637/1637/1637
f 1658/1658/1658 1680/1680/1680 1682/1682/1682 1681/1681/1681
f 1680/1680/1680 1657/1657/1657 1673/1673/1673 1682/1682/1682
f 1680/1680/1680 1614/1614/1614 1657/1657/1657
f 1656/1656/1656 1680/1680/1680 1658/1658/1658
f 1614/1614/1614 1680/1680/1680 1656/1656/1656
f 1656/1656/1656 1487/1487/1487 1614/1614/1614
f 1613/1613/1613 1656/1656/1656 1615/1615/1615
f 1487/1487/1487 1656/1656/1656 1613/1613/1613
f 1613/1613/1613 1386/1386/1386 1487/1487/1487
f 1486/1486/1486 1613/1613/1613 1488/1488/1488
f 1386/1386/1386 1613/1613/1613 1486/1486/1486
f 1486/1486/1486 1266/1266/1266 1386/1386/1386
f 1385/1385/1385 1486/1486/1486 1387/1387/1387
f 1266/1266/1266 1486/1486/1486 1385/1385/1385
f 1616/1616/1616 1489/1489/1489 1491/1491/1491
f 1266/1266/1266 1616/1616/1616 1386/1386/1386
f 1489/1489/1489 1616/1616/1616 1266/1266/1266
f 1659/1659/1659 1616/1616/1616 1618/1618/1618
f 1386/1386/1386 1659/1659/1659 1487/1487/1487
f 1616/1616/1616 1659/1659/1659 1386/1386/1386
f 1669/1669/1669 1659/1659/1659 1661/1661/1661
f 1487/1487/1487 1669/1669/1669 1614/1614/1614
f 1659/1659/1659 1669/1669/1669 1487/1487/1487
f 1672/1672/1672 1669/1669/1669 1671/1671/1671
f 1614/1614/1614 1672/1672/1672 1657/1657/1657
f 1669/1669/1669 1672/1672/1672 1614/1614/1614
f 1676/1676/1676 1672/1672/1672 1675/1675/1675
f 1657/1657/1657 1676/1676/1676 1673/1673/1673
f 1672/1672/1672 1676/1676/1676 1657/1657/1657
f 1673/1673/1673 1676/1676/1676 1679/1679/1679 1677/1677/1677
f 1676/1676/1676 1675/1675/1675 1678/1678/1678 1679/1679/1679
f 1672/1672/1672 1671/1671/1671 1674/1674/1674 1675/1675/1675
f 1669/1669/1669 1661/1661/1661 1670/1670/1670 1671/1671/1671
f 1661/1661/1661 1700/1700/1700 1701/1701/1701 1670/1670/1670
f 1700/1700/1700 1660/1660/1660 1693/1693/1693 1701/1701/1701
f 1700/1700/1700 1618/1618/1618 1660/1660/1660
f 1659/1659/1659 1700/1700/1700 1661/1661/1661
f 1618/1618/1618 1700/1700/1700 1659/1659/1659
f 1692/1692/1692 1683/1683/1683 1685/1685/1685
f 1618/1618/1618 1692/1692/1692 1660/1660/1660
f 1683/1683/1683 1692/1692/1692 1618/1618/1618
f 1696/1696/1696 1692/1692/1692 1695/1695/1695
f 1660/1660/1660 1696/1696/1696 1693/1693/1693
f 1692/1692/1692 1696/1696/1696 1660/1660/1660
f 1693/1693/1693 1696/1696/1696 1699/1699/1699 1697/1697/1697
f 1696/1696/1696 1695/1695/1695 1698/1698/1698 1699/1699/1699
f 1692/1692/1692 1685/1685/1685 1694/1694/1694 1695/1695/1695
f 1683/1683/1683 1617/1617/1617 1684/1684/1684 1685/1685/1685
f 1683/1683/1683 1491/1491/1491 1617/1617/1617
f 1616/1616/1616 1683/1683/1683 1618/1618/1618
f 1491/1491/1491 1683/1683/1683 1616/1616/1616
f 1702/1702/1702 1686/1686/1686 1688/1688/1688
f 1491/1491/1491 1702/1702/1702 1617/1617/1617
f 1686/1686/1686 1702/1702/1702 1491/1491/1491
f 1617/1617/1617 1702/1702/1702 1704/1704/1704 1684/1684/1684
f 1704/1704/1704 1705/1705/1705 1708/1708/1708 1706/1706/1706
f 1708/1708/1708 1715/1715/1715 1718/1718/1718 1716/1716/1716
f 1715/1715/1715 1707/1707/1707 1717/1717/1717 1718/1718/1718
f 1715/1715/1715 1703/1703/1703 1707/1707/1707
f 1705/1705/1705 1715/1715/1715 1708/1708/1708
f 1703/1703/1703 1715/1715/1715 1705/1705/1705
f 1705/1705/1705 1688/1688/1688 1703/1703/1703
f 1702/1702/1702 1705/1705/1705 1704/1704/1704
f 1688/1688/1688 1705/1705/1705 1702/1702/1702
f 1719/1719/1719 1709/1709/1709 1711/1711/1711
f 1688/1688/1688 1719/1719/1719 1703/1703/1703
f 1709/1709/1709 1719/1719/1719 1688/1688/1688
f 1703/1703/1703 1719/1719/1719 1721/1721/1721 1707/1707/1707
f 1719/1719/1719 1711/1711/1711 1720/1720/1720 1721/1721/1721
f 1711/1711/1711 1733/1733/1733 1734/1734/1734 1720/1720/1720
f 1734/1734/1734 1767/1767/1767 1769/1769/1769 1768/1768/1768
f 1767/1767/1767 1726/1726/1726 1730/1730/1730 1769/1769/1769
f 1767/1767/1767 1710/1710/1710 1726/1726/1726
f 1733/1733/1733 1767/1767/1767 1734/1734/1734
f 1710/1710/1710 1767/1767/1767 1733/1733/1733
f 1733/1733/1733 1687/1687/1687 1710/1710/1710
f 1709/1709/1709 1733/1733/1733 1711/1711/1711
f 1687/1687/1687 1733/1733/1733 1709/1709/1709
f 1709/1709/1709 1490/1490/1490 1687/1687/1687
f 1686/1686/1686 1709/1709/1709 1688/1688/1688
f 1490/1490/1490 1709/1709/1709 1686/1686/1686
f 1686/1686/1686 1265/1265/1265 1490/1490/1490
f 1489/1489/1489 1686/1686/1686 1491/1491/1491
f 1265/1265/1265 1686/1686/1686 1489/1489/1489
f 1489/1489/1489 1231/1231/1231 1265/1265/1265
f 1264/1264/1264 1489/1489/1489 1266/1266/1266
f 1231/1231/1231 1489/1489/1489 1264/1264/1264
f 1264/1264/1264 1225/1225/1225 1231/1231/1231
f 1230/1230/1230 1264/1264/1264 1232/1232/1232
f 1225/1225/1225 1264/1264/1264 1230/1230/1230
f 1492/1492/1492 1267/1267/1267 1269/1269/1269
f 1225/1225/1225 1492/1492/1492 1231/1231/1231
f 1267/1267/1267 1492/1492/1492 1225/1225/1225
f 1689/1689/1689 1492/1492/1492 1494/1494/1494
f 1231/1231/1231 1689/1689/1689 1265/1265/1265
f 1492/1492/1492 1689/1689/1689 1231/1231/1231
f 1712/1712/1712 1689/1689/1689 1691/1691/1691
f 1265/1265/1265 1712/1712/1712 1490/1490/1490
f 1689/1689/1689 1712/1712/1712 1265/1265/1265
f 1722/1722/1722 1712/1712/1712 1714/1714/1714
f 1490/1490/1490 1722/1722/1722 1687/1687/1687
f 1712/1712/1712 1722/1722/1722 1490/1490/1490
f 1725/1725/1725 1722/1722/1722 1724/1724/1724
f 1687/1687/1687 1725/1725/1725 1710/1710/1710
f 1722/1722/1722 1725/1725/1725 1687/1687/1687
f 1729/1729/1729 1725/1725/1725 1728/1728/1728
f 1710/1710/1710 1729/1729/1729 1726/1726/1726
f 1725/1725/1725 1729/1729/1729 1710/1710/1710
f 1764/1764/1764 1729/1729/1729 1732/1732/1732
f 1726/1726/1726 1764/1764/1764 1730/1730/1730
f 1729/1729/1729 1764/1764/1764 1726/1726/1726
f 1730/1730/1730 1764/1764/1764 1766/1766/1766 1765/1765/1765
f 1764/1764/1764 1732/1732/1732 1736/1736/1736 1766/1766/1766
f 1760/1760/1760 1735/1735/1735 1738/1738/1738
f 1732/1732/1732 1760/1760/1760 1736/1736/1736
f 1735/1735/1735 1760/1760/1760 1732/1732/1732
f 1736/1736/1736 1760/1760/1760 1763/1763/1763 1761/1761/1761
f 1760/1760/1760 1738/1738/1738 1762/1762/1762 1763/1763/1763
f 1735/1735/1735 1731/1731/1731 1737/1737/1737 1738/1738/1738
f 1735/1735/1735 1728/1728/1728 1731/1731/1731
f 1729/1729/1729 1735/1735/1735 1732/1732/1732
f 1728/1728/1728 1735/1735/1735 1729/1729/1729
f 1780/1780/1780 1739/1739/1739 1741/1741/1741
f 1728/1728/1728 1780/1780/1780 1731/1731/1731
f 1739/1739/1739 1780/1780/1780 1728/1728/1728
f 1731/1731/1731 1780/1780/1780 1781/1781/1781 1737/1737/1737
f 1781/1781/1781 1785/1785/1785 1787/1787/1787 1786/1786/1786
f 1787/1787/1787 1790/1790/1790 1792/1792/1792 1791/1791/1791
f 1785/1785/1785 1790/1790/1790 1787/1787/1787
f 1771/1771/1771 1790/1790/1790 1785/1785/1785
f 1785/1785/1785 1741/1741/1741 1771/1771/1771
f 1780/1780/1780 1785/1785/1785 1781/1781/1781
f 1741/1741/1741 1785/1785/1785 1780/1780/1780
f 1777/1777/1777 1770/1770/1770 1773/1773/1773
f 1741/1741/1741 1777/1777/1777 1771/1771/1771
f 1770/1770/1770 1777/1777/1777 1741/1741/1741
f 1782/1782/1782 1777/1777/1777 1779/1779/1779
f 1777/1777/1777 1782/1782/1782 1771/1771/1771
f 1784/1784/1784 1795/1795/1795 1797/1797/1797 1789/1789/1789
f 1782/1782/1782 1795/1795/1795 1784/1784/1784
f 1779/1779/1779 1795/1795/1795 1782/1782/1782
f 1779/1779/1779 1798/1798/1798 1800/1800/1800 1783/1783/1783
f 1798/1798/1798 1778/1778/1778 1799/1799/1799 1800/1800/1800
f 1798/1798/1798 1773/1773/1773 1778/1778/1778
f 1777/1777/1777 1798/1798/1798 1779/1779/1779
f 1773/1773/1773 1798/1798/1798 1777/1777/1777
f 1773/1773/1773 1801/1801/1801 1803/1803/1803 1778/1778/1778
f 1801/1801/1801 1772/1772/1772 1802/1802/1802 1803/1803/1803
f 1801/1801/1801 1740/1740/1740 1772/1772/1772
f 1770/1770/1770 1801/1801/1801 1773/1773/1773
f 1740/1740/1740 1801/1801/1801 1770/1770/1770
f 1770/1770/1770 1727/1727/1727 1740/1740/1740
f 1739/1739/1739 1770/1770/1770 1741/1741/1741
f 1727/1727/1727 1770/1770/1770 1739/1739/1739
f 1739/1739/1739 1724/1724/1724 1727/1727/1727
f 1725/1725/1725 1739/1739/1739 1728/1728/1728
f 1724/1724/1724 1739/1739/1739 1725/1725/1725
f 1774/1774/1774 1742/1742/1742 1744/1744/1744
f 1724/1724/1724 1774/1774/1774 1727/1727/1727
f 1742/1742/1742 1774/1774/1774 1724/1724/1724
f 1804/1804/1804 1774/1774/1774 1776/1776/1776
f 1727/1727/1727 1804/1804/1804 1740/1740/1740
f 1774/1774/1774 1804/1804/1804 1727/1727/1727
f 1740/1740/1740 1804/1804/1804 1806/1806/1806 1772/1772/1772
f 1804/1804/1804 1776/1776/1776 1805/1805/1805 1806/1806/1806
f 1774/1774/1774 1744/1744/1744 1775/1775/1775 1776/1776/1776
f 1742/1742/1742 1723/1723/1723 1743/1743/1743 1744/1744/1744
f 1742/1742/1742 1714/1714/1714 1723/1723/1723
f 1722/1722/1722 1742/1742/1742 1724/1724/1724
f 1714/1714/1714 1742/1742/1742 1722/1722/1722
f 1714/1714/1714 1745/1745/1745 1747/1747/1747 1723/1723/1723
f 1745/1745/1745 1713/1713/1713 1746/1746/1746 1747/1747/1747
f 1745/1745/1745 1691/1691/1691 1713/1713/1713
f 1712/1712/1712 1745/1745/1745 1714/1714/1714
f 1691/1691/1691 1745/1745/1745 1712/1712/1712
f 1691/1691/1691 1748/1748/1748 1750/1750/1750 1713/1713/1713
f 1748/1748/1748 1690/1690/1690 1749/1749/1749 1750/1750/1750
f 1748/1748/1748 1494/1494/1494 1690/1690/1690
f 1689/1689/1689 1748/1748/1748 1691/1691/1691
f 1494/1494/1494 1748/1748/1748 1689/1689/1689
f 1494/1494/1494 1751/1751/1751 1753/1753/1753 1690/1690/1690
f 1751/1751/1751 1493/1493/1493 1752/1752/1752 1753/1753/1753
f 1751/1751/1751 1269/1269/1269 1493/1493/1493
f 1492/1492/1492 1751/1751/1751 1494/1494/1494
f 1269/1269/1269 1751/1751/1751 1492/1492/1492
f 1269/1269/1269 1754/1754/1754 1756/1756/1756 1493/1493/1493
f 1754/1754/1754 1268/1268/1268 1755/1755/1755 1756/1756/1756
f 1754/1754/1754 1224/1224/1224 1268/1268/1268
f 1267/1267/1267 1754/1754/1754 1269/1269/1269
f 1224/1224/1224 1754/1754/1754 1267/1267/1267
f 1267/1267/1267 1218/1218/1218 1224/1224/1224
f 1223/1223/1223 1267/1267/1267 1225/1225/1225
f 1218/1218/1218 1267/1267/1267 1223/1223/1223
f 1757/1757/1757 1270/1270/1270 1272/1272/1272
f 1218/1218/1218 1757/1757/1757 1224/1224/1224
f 1270/1270/1270 1757/1757/1757 1218/1218/1218
f 1224/1224/1224 1757/1757/1757 1759/1759/1759 1268/1268/1268
f 1757/1757/1757 1272/1272/1272 1758/1758/1758 1759/1759/1759
f 1270/1270/1270 1217/1217/1217 1271/1271/1271 1272/1272/1272
f 1270/1270/1270 487/487/487 1217/1217/1217
f 514/514/514 1270/1270/1270 1218/1218/1218
f 487/487/487 1270/1270/1270 514/514/514
f 1067/1067/1067 1069/1069/1069 1068/1068/1068 1005/1005/1005
f 1069/1069/1069 1015/1015/1015 1007/1007/1007 1068/1068/1068
f 1068/1068/1068 946/946/946 1005/1005/1005
f 1006/1006/1006 1068/1068/1068 1007/1007/1007
f 946/946/946 1068/1068/1068 1006/1006/1006
f 1016/1016/1016 1006/1006/1006 1007/1007/1007
f 948/948/948 1016/1016/1016 982/982/982
f 1006/1006/1006 1016/1016/1016 948/948/948
f 1064/1064/1064 1066/1066/1066 1065/1065/1065 1015/1015/1015
f 1096/1096/1096 1065/1065/1065 1066/1066/1066
f 1017/1017/1017 1096/1096/1096 1022/1022/1022
f 1065/1065/1065 1096/1096/1096 1017/1017/1017
f 1095/1095/1095 1097/1097/1097 1096/1096/1096 1066/1066/1066
f 1097/1097/1097 1061/1061/1061 1022/1022/1022 1096/1096/1096
f 1065/1065/1065 1007/1007/1007 1015/1015/1015
f 1016/1016/1016 1065/1065/1065 1017/1017/1017
f 1007/1007/1007 1065/1065/1065 1016/1016/1016
f 1023/1023/1023 1016/1016/1016 1017/1017/1017
f 982/982/982 1023/1023/1023 1002/1002/1002
f 1016/1016/1016 1023/1023/1023 982/982/982
f 1092/1092/1092 1094/1094/1094 1093/1093/1093 1061/1061/1061
f 1103/1103/1103 1093/1093/1093 1094/1094/1094
f 1063/1063/1063 1103/1103/1103 1085/1085/1085
f 1093/1093/1093 1103/1103/1103 1063/1063/1063
f 1102/1102/1102 1104/1104/1104 1103/1103/1103 1094/1094/1094
f 1110/1110/1110 1103/1103/1103 1104/1104/1104
f 1085/1085/1085 1110/1110/1110 1088/1088/1088
f 1103/1103/1103 1110/1110/1110 1085/1085/1085
f 1109/1109/1109 1111/1111/1111 1110/1110/1110 1104/1104/1104
f 1111/1111/1111 1098/1098/1098 1088/1088/1088 1110/1110/1110
f 1093/1093/1093 1022/1022/1022 1061/1061/1061
f 1062/1062/1062 1093/1093/1093 1063/1063/1063
f 1022/1022/1022 1093/1093/1093 1062/1062/1062
f 1086/1086/1086 1062/1062/1062 1063/1063/1063
f 1024/1024/1024 1086/1086/1086 1029/1029/1029
f 1062/1062/1062 1086/1086/1086 1024/1024/1024
f 1108/1108/1108 1107/1107/1107 1101/1101/1101 1106/1106/1106
f 1099/1099/1099 1106/1106/1106 1101/1101/1101
f 1088/1088/1088 1106/1106/1106 1099/1099/1099
f 1101/1101/1101 1100/1100/1100 1091/1091/1091 1099/1099/1099
f 1099/1099/1099 1085/1085/1085 1088/1088/1088
f 1089/1089/1089 1099/1099/1099 1091/1091/1091
f 1085/1085/1085 1099/1099/1099 1089/1089/1089
f 1091/1091/1091 1090/1090/1090 1087/1087/1087 1089/1089/1089
f 1089/1089/1089 1063/1063/1063 1085/1085/1085
f 1086/1086/1086 1089/1089/1089 1087/1087/1087
f 1063/1063/1063 1089/1089/1089 1086/1086/1086
f 1087/1087/1087 1058/1058/1058 1029/1029/1029 1086/1086/1086
f 1062/1062/1062 1017/1017/1017 1022/1022/1022
f 1023/1023/1023 1062/1062/1062 1024/1024/1024
f 1017/1017/1017 1062/1062/1062 1023/1023/1023
f 1030/1030/1030 1023/1023/1023 1024/1024/1024
f 1002/1002/1002 1030/1030/1030 1011/1011/1011
f 1023/1023/1023 1030/1030/1030 1002/1002/1002
f 1058/1058/1058 1060/1060/1060 1059/1059/1059 1029/1029/1029
f 1077/1077/1077 1059/1059/1059 1060/1060/1060
f 1059/1059/1059 1077/1077/1077 1031/1031/1031
f 1076/1076/1076 1078/1078/1078 1077/1077/1077 1060/1060/1060
f 1059/1059/1059 1024/1024/1024 1029/1029/1029
f 1030/1030/1030 1059/1059/1059 1031/1031/1031
f 1024/1024/1024 1059/1059/1059 1030/1030/1030
f 1052/1052/1052 1030/1030/1030 1031/1031/1031
f 1011/1011/1011 1052/1052/1052 1018/1018/1018
f 1030/1030/1030 1052/1052/1052 1011/1011/1011
f 1081/1081/1081 1080/1080/1080 1075/1075/1075 1079/1079/1079
f 1073/1073/1073 1079/1079/1079 1075/1075/1075
f 1054/1054/1054 1079/1079/1079 1073/1073/1073
f 1073/1073/1073 1051/1051/1051 1054/1054/1054
f 1051/1051/1051 1073/1073/1073 1055/1055/1055
f 1057/1057/1057 1056/1056/1056 1053/1053/1053 1055/1055/1055
f 1055/1055/1055 1031/1031/1031 1051/1051/1051
f 1052/1052/1052 1055/1055/1055 1053/1053/1053
f 1031/1031/1031 1055/1055/1055 1052/1052/1052
f 1053/1053/1053 1025/1025/1025 1018/1018/1018 1052/1052/1052
f 1006/1006/1006 667/667/667 946/946/946
f 947/947/947 1006/1006/1006 948/948/948
f 667/667/667 1006/1006/1006 947/947/947
f 983/983/983 947/947/947 948/948/948
f 669/669/669 983/983/983 740/740/740
f 947/947/947 983/983/983 669/669/669
f 1025/1025/1025 1028/1028/1028 1026/1026/1026 1018/1018/1018
f 1033/1033/1033 1026/1026/1026 1028/1028/1028
f 1021/1021/1021 1033/1033/1033 1027/1027/1027
f 1026/1026/1026 1033/1033/1033 1021/1021/1021
f 1032/1032/1032 1035/1035/1035 1033/1033/1033 1028/1028/1028
f 1045/1045/1045 1033/1033/1033 1035/1035/1035
f 1033/1033/1033 1045/1045/1045 1027/1027/1027
f 1044/1044/1044 1047/1047/1047 1045/1045/1045 1035/1035/1035
f 1026/1026/1026 1011/1011/1011 1018/1018/1018
f 1019/1019/1019 1026/1026/1026 1021/1021/1021
f 1011/1011/1011 1026/1026/1026 1019/1019/1019
f 1036/1036/1036 1019/1019/1019 1021/1021/1021
f 1014/1014/1014 1036/1036/1036 1020/1020/1020
f 1019/1019/1019 1036/1036/1036 1014/1014/1014
f 1034/1034/1034 1050/1050/1050 1048/1048/1048 1027/1027/1027
f 1050/1050/1050 1049/1049/1049 1038/1038/1038 1048/1048/1048
f 1048/1048/1048 1021/1021/1021 1027/1027/1027
f 1036/1036/1036 1048/1048/1048 1038/1038/1038
f 1021/1021/1021 1048/1048/1048 1036/1036/1036
f 1038/1038/1038 1037/1037/1037 1020/1020/1020 1036/1036/1036
f 1019/1019/1019 1002/1002/1002 1011/1011/1011
f 1012/1012/1012 1019/1019/1019 1014/1014/1014
f 1002/1002/1002 1019/1019/1019 1012/1012/1012
f 1039/1039/1039 1012/1012/1012 1014/1014/1014
f 1004/1004/1004 1039/1039/1039 1013/1013/1013
f 1012/1012/1012 1039/1039/1039 1004/1004/1004
f 1020/1020/1020 1041/1041/1041 1039/1039/1039 1014/1014/1014
f 1041/1041/1041 1040/1040/1040 1013/1013/1013 1039/1039/1039
f 1012/1012/1012 982/982/982 1002/1002/1002
f 1003/1003/1003 1012/1012/1012 1004/1004/1004
f 982/982/982 1012/1012/1012 1003/1003/1003
f 1042/1042/1042 1003/1003/1003 1004/1004/1004
f 984/984/984 1042/1042/1042 985/985/985
f 1003/1003/1003 1042/1042/1042 984/984/984
f 1013/1013/1013 1043/1043/1043 1042/1042/1042 1004/1004/1004
f 1043/1043/1043 999/999/999 985/985/985 1042/1042/1042
f 1003/1003/1003 948/948/948 982/982/982
f 983/983/983 1003/1003/1003 984/984/984
f 948/948/948 1003/1003/1003 983/983/983
f 986/986/986 983/983/983 984/984/984
f 740/740/740 986/986/986 943/943/943
f 983/983/983 986/986/986 740/740/740
f 999/999/999 1001/1001/1001 1000/1000/1000 985/985/985
f 1001/1001/1001 989/989/989 988/988/988 1000/1000/1000
f 1000/1000/1000 984/984/984 985/985/985
f 986/986/986 1000/1000/1000 988/988/988
f 984/984/984 1000/1000/1000 986/986/986
f 990/990/990 986/986/986 988/988/988
f 943/943/943 990/990/990 987/987/987
f 986/986/986 990/990/990 943/943/943
f 995/995/995 998/998/998 996/996/996 989/989/989
f 998/998/998 997/997/997 992/992/992 996/996/996
f 996/996/996 988/988/988 989/989/989
f 990/990/990 996/996/996 992/992/992
f 988/988/988 996/996/996 990/990/990
f 992/992/992 991/991/991 987/987/987 990/990/990
f 947/947/947 535/535/535 667/667/667
f 668/668/668 947/947/947 669/669/669
f 535/535/535 947/947/947 668/668/668
f 741/741/741 668/668/668 669/669/669
f 537/537/537 741/741/741 554/554/554
f 668/668/668 741/741/741 537/537/537
f 987/987/987 994/994/994 993/993/993 943/943/943
f 994/994/994 975/975/975 945/945/945 993/993/993
f 993/993/993 740/740/740 943/943/943
f 944/944/944 993/993/993 945/945/945
f 740/740/740 993/993/993 944/944/944
f 976/976/976 944/944/944 945/945/945
f 742/742/742 976/976/976 829/829/829
f 944/944/944 976/976/976 742/742/742
f 975/975/975 977/977/977 976/976/976 945/945/945
f 977/977/977 940/940/940 829/829/829 976/976/976
f 944/944/944 669/669/669 740/740/740
f 741/741/741 944/944/944 742/742/742
f 669/669/669 944/944/944 741/741/741
f 830/830/830 741/741/741 742/742/742
f 554/554/554 830/830/830 664/664/664
f 741/741/741 830/830/830 554/554/554
f 972/972/972 974/974/974 973/973/973 940/940/940
f 979/979/979 973/973/973 974/974/974
f 942/942/942 979/979/979 969/969/969
f 973/973/973 979/979/979 942/942/942
f 978/978/978 981/981/981 979/979/979 974/974/974
f 981/981/981 980/980/980 969/969/969 979/979/979
f 973/973/973 829/829/829 940/940/940
f 941/941/941 973/973/973 942/942/942
f 829/829/829 973/973/973 941/941/941
f 970/970/970 941/941/941 942/942/942
f 831/831/831 970/970/970 890/890/890
f 941/941/941 970/970/970 831/831/831
f 969/969/969 971/971/971 970/970/970 942/942/942
f 971/971/971 937/937/937 890/890/890 970/970/970
f 941/941/941 742/742/742 829/829/829
f 830/830/830 941/941/941 831/831/831
f 742/742/742 941/941/941 830/830/830
f 891/891/891 830/830/830 831/831/831
f 664/664/664 891/891/891 737/737/737
f 830/830/830 891/891/891 664/664/664
f 966/966/966 968/968/968 967/967/967 937/937/937
f 968/968/968 959/959/959 939/939/939 967/967/967
f 967/967/967 890/890/890 937/937/937
f 938/938/938 967/967/967 939/939/939
f 890/890/890 967/967/967 938/938/938
f 960/960/960 938/938/938 939/939/939
f 892/892/892 960/960/960 917/917/917
f 938/938/938 960/960/960 892/892/892
f 962/962/962 965/965/965 963/963/963 959/959/959
f 965/965/965 964/964/964 961/961/961 963/963/963
f 963/963/963 939/939/939 959/959/959
f 960/960/960 963/963/963 961/961/961
f 939/939/939 963/963/963 960/960/960
f 961/961/961 934/934/934 917/917/917 960/960/960
f 938/938/938 831/831/831 890/890/890
f 891/891/891 938/938/938 892/892/892
f 831/831/831 938/938/938 891/891/891
f 918/918/918 891/891/891 892/892/892
f 737/737/737 918/918/918 826/826/826
f 891/891/891 918/918/918 737/737/737
f 934/934/934 936/936/936 935/935/935 917/917/917
f 936/936/936 927/927/927 919/919/919 935/935/935
f 935/935/935 892/892/892 917/917/917
f 918/918/918 935/935/935 919/919/919
f 892/892/892 935/935/935 918/918/918
f 928/928/928 918/918/918 919/919/919
f 826/826/826 928/928/928 887/887/887
f 918/918/918 928/928/928 826/826/826
f 930/930/930 933/933/933 931/931/931 927/927/927
f 953/953/953 931/931/931 933/933/933
f 929/929/929 953/953/953 932/932/932
f 931/931/931 953/953/953 929/929/929
f 952/952/952 955/955/955 953/953/953 933/933/933
f 955/955/955 954/954/954 932/932/932 953/953/953
f 931/931/931 919/919/919 927/927/927
f 928/928/928 931/931/931 929/929/929
f 919/919/919 931/931/931 928/928/928
f 956/956/956 928/928/928 929/929/929
f 887/887/887 956/956/956 914/914/914
f 928/928/928 956/956/956 887/887/887
f 932/932/932 958/958/958 956/956/956 929/929/929
f 958/958/958 957/957/957 914/914/914 956/956/956
f 668/668/668 519/519/519 535/535/535
f 536/536/536 668/668/668 537/537/537
f 519/519/519 668/668/668 536/536/536
f 555/555/555 536/536/536 537/537/537
f 521/521/521 555/555/555 527/527/527
f 536/536/536 555/555/555 521/521/521
f 914/914/914 916/916/916 915/915/915 887/887/887
f 925/925/925 915/915/915 916/916/916
f 889/889/889 925/925/925 907/907/907
f 915/915/915 925/925/925 889/889/889
f 924/924/924 926/926/926 925/925/925 916/916/916
f 926/926/926 910/910/910 907/907/907 925/925/925
f 915/915/915 826/826/826 887/887/887
f 888/888/888 915/915/915 889/889/889
f 826/826/826 915/915/915 888/888/888
f 908/908/908 888/888/888 889/889/889
f 828/828/828 908/908/908 860/860/860
f 888/888/888 908/908/908 828/828/828
f 920/920/920 923/923/923 921/921/921 910/910/910
f 923/923/923 922/922/922 913/913/913 921/921/921
f 921/921/921 907/907/907 910/910/910
f 911/911/911 921/921/921 913/913/913
f 907/907/907 921/921/921 911/911/911
f 913/913/913 912/912/912 909/909/909 911/911/911
f 911/911/911 889/889/889 907/907/907
f 908/908/908 911/911/911 909/909/909
f 889/889/889 911/911/911 908/908/908
f 909/909/909 884/884/884 860/860/860 908/908/908
f 888/888/888 737/737/737 826/826/826
f 827/827/827 888/888/888 828/828/828
f 737/737/737 888/888/888 827/827/827
f 861/861/861 827/827/827 828/828/828
f 739/739/739 861/861/861 773/773/773
f 827/827/827 861/861/861 739/739/739
f 884/884/884 886/886/886 885/885/885 860/860/860
f 898/898/898 885/885/885 886/886/886
f 862/862/862 898/898/898 877/877/877
f 885/885/885 898/898/898 862/862/862
f 897/897/897 899/899/899 898/898/898 886/886/886
f 905/905/905 898/898/898 899/899/899
f 877/877/877 905/905/905 880/880/880
f 898/898/898 905/905/905 877/877/877
f 904/904/904 906/906/906 905/905/905 899/899/899
f 906/906/906 893/893/893 880/880/880 905/905/905
f 885/885/885 828/828/828 860/860/860
f 861/861/861 885/885/885 862/862/862
f 828/828/828 885/885/885 861/861/861
f 878/878/878 861/861/861 862/862/862
f 773/773/773 878/878/878 823/823/823
f 861/861/861 878/878/878 773/773/773
f 900/900/900 903/903/903 901/901/901 893/893/893
f 903/903/903 902/902/902 896/896/896 901/901/901
f 901/901/901 880/880/880 893/893/893
f 894/894/894 901/901/901 896/896/896
f 880/880/880 901/901/901 894/894/894
f 896/896/896 895/895/895 883/883/883 894/894/894
f 894/894/894 877/877/877 880/880/880
f 881/881/881 894/894/894 883/883/883
f 877/877/877 894/894/894 881/881/881
f 883/883/883 882/882/882 879/879/879 881/881/881
f 881/881/881 862/862/862 877/877/877
f 878/878/878 881/881/881 879/879/879
f 862/862/862 881/881/881 878/878/878
f 879/879/879 857/857/857 823/823/823 878/878/878
f 827/827/827 664/664/664 737/737/737
f 738/738/738 827/827/827 739/739/739
f 664/664/664 827/827/827 738/738/738
f 774/774/774 738/738/738 739/739/739
f 666/666/666 774/774/774 684/684/684
f 738/738/738 774/774/774 666/666/666
f 857/857/857 859/859/859 858/858/858 823/823/823
f 868/868/868 858/858/858 859/859/859
f 825/825/825 868/868/868 850/850/850
f 858/858/858 868/868/868 825/825/825
f 867/867/867 869/869/869 868/868/868 859/859/859
f 875/875/875 868/868/868 869/869/869
f 850/850/850 875/875/875 853/853/853
f 868/868/868 875/875/875 850/850/850
f 874/874/874 876/876/876 875/875/875 869/869/869
f 876/876/876 863/863/863 853/853/853 875/875/875
f 858/858/858 773/773/773 823/823/823
f 824/824/824 858/858/858 825/825/825
f 773/773/773 858/858/858 824/824/824
f 851/851/851 824/824/824 825/825/825
f 775/775/775 851/851/851 793/793/793
f 824/824/824 851/851/851 775/775/775
f 870/870/870 873/873/873 871/871/871 863/863/863
f 873/873/873 872/872/872 866/866/866 871/871/871
f 871/871/871 853/853/853 863/863/863
f 864/864/864 871/871/871 866/866/866
f 853/853/853 871/871/871 864/864/864
f 866/866/866 865/865/865 856/856/856 864/864/864
f 864/864/864 850/850/850 853/853/853
f 854/854/854 864/864/864 856/856/856
f 850/850/850 864/864/864 854/854/854
f 856/856/856 855/855/855 852/852/852 854/854/854
f 854/854/854 825/825/825 850/850/850
f 851/851/851 854/854/854 852/852/852
f 825/825/825 854/854/854 851/851/851
f 852/852/852 820/820/820 793/793/793 851/851/851
f 824/824/824 739/739/739 773/773/773
f 774/774/774 824/824/824 775/775/775
f 739/739/739 824/824/824 774/774/774
f 794/794/794 774/774/774 775/775/775
f 684/684/684 794/794/794 734/734/734
f 774/774/774 794/794/794 684/684/684
f 820/820/820 822/822/822 821/821/821 793/793/793
f 833/833/833 821/821/821 822/822/822
f 795/795/795 833/833/833 817/817/817
f 821/821/821 833/833/833 795/795/795
f 832/832/832 835/835/835 833/833/833 822/822/822
f 837/837/837 833/833/833 835/835/835
f 817/817/817 837/837/837 834/834/834
f 833/833/833 837/837/837 817/817/817
f 836/836/836 839/839/839 837/837/837 835/835/835
f 844/844/844 837/837/837 839/839/839
f 834/834/834 844/844/844 838/838/838
f 837/837/837 844/844/844 834/834/834
f 843/843/843 846/846/846 844/844/844 839/839/839
f 846/846/846 845/845/845 838/838/838 844/844/844
f 821/821/821 775/775/775 793/793/793
f 794/794/794 821/821/821 795/795/795
f 775/775/775 821/821/821 794/794/794
f 818/818/818 794/794/794 795/795/795
f 734/734/734 818/818/818 770/770/770
f 794/794/794 818/818/818 734/734/734
f 838/838/838 849/849/849 847/847/847 834/834/834
f 849/849/849 848/848/848 842/842/842 847/847/847
f 847/847/847 817/817/817 834/834/834
f 840/840/840 847/847/847 842/842/842
f 817/817/817 847/847/847 840/840/840
f 842/842/842 841/841/841 819/819/819 840/840/840
f 840/840/840 795/795/795 817/817/817
f 818/818/818 840/840/840 819/819/819
f 795/795/795 840/840/840 818/818/818
f 819/819/819 790/790/790 770/770/770 818/818/818
f 738/738/738 554/554/554 664/664/664
f 665/665/665 738/738/738 666/666/666
f 554/554/554 738/738/738 665/665/665
f 685/685/685 665/665/665 666/666/666
f 556/556/556 685/685/685 561/561/561
f 665/665/665 685/685/685 556/556/556
f 814/814/814 816/816/816 815/815/815 790/790/790
f 816/816/816 796/796/796 792/792/792 815/815/815
f 815/815/815 770/770/770 790/790/790
f 791/791/791 815/815/815 792/792/792
f 770/770/770 815/815/815 791/791/791
f 797/797/797 791/791/791 792/792/792
f 772/772/772 797/797/797 787/787/787
f 791/791/791 797/797/797 772/772/772
f 811/811/811 813/813/813 812/812/812 796/796/796
f 813/813/813 800/800/800 799/799/799 812/812/812
f 812/812/812 792/792/792 796/796/796
f 797/797/797 812/812/812 799/799/799
f 792/792/792 812/812/812 797/797/797
f 801/801/801 797/797/797 799/799/799
f 787/787/787 801/801/801 798/798/798
f 797/797/797 801/801/801 787/787/787
f 807/807/807 810/810/810 808/808/808 800/800/800
f 810/810/810 809/809/809 803/803/803 808/808/808
f 808/808/808 799/799/799 800/800/800
f 801/801/801 808/808/808 803/803/803
f 799/799/799 808/808/808 801/801/801
f 803/803/803 802/802/802 798/798/798 801/801/801
f 791/791/791 734/734/734 770/770/770
f 771/771/771 791/791/791 772/772/772
f 734/734/734 791/791/791 771/771/771
f 788/788/788 771/771/771 772/772/772
f 736/736/736 788/788/788 747/747/747
f 771/771/771 788/788/788 736/736/736
f 798/798/798 806/806/806 804/804/804 787/787/787
f 806/806/806 805/805/805 789/789/789 804/804/804
f 804/804/804 772/772/772 787/787/787
f 788/788/788 804/804/804 789/789/789
f 772/772/772 804/804/804 788/788/788
f 789/789/789 767/767/767 747/747/747 788/788/788
f 771/771/771 684/684/684 734/734/734
f 735/735/735 771/771/771 736/736/736
f 684/684/684 771/771/771 735/735/735
f 748/748/748 735/735/735 736/736/736
f 686/686/686 748/748/748 704/704/704
f 735/735/735 748/748/748 686/686/686
f 784/784/784 786/786/786 785/785/785 767/767/767
f 786/786/786 776/776/776 769/769/769 785/785/785
f 785/785/785 747/747/747 767/767/767
f 768/768/768 785/785/785 769/769/769
f 747/747/747 785/785/785 768/768/768
f 777/777/777 768/768/768 769/769/769
f 749/749/749 777/777/777 764/764/764
f 768/768/768 777/777/777 749/749/749
f 780/780/780 783/783/783 781/781/781 776/776/776
f 783/783/783 782/782/782 779/779/779 781/781/781
f 781/781/781 769/769/769 776/776/776
f 777/777/777 781/781/781 779/779/779
f 769/769/769 781/781/781 777/777/777
f 779/779/779 778/778/778 764/764/764 777/777/777
f 768/768/768 736/736/736 747/747/747
f 748/748/748 768/768/768 749/749/749
f 736/736/736 768/768/768 748/748/748
f 765/765/765 748/748/748 749/749/749
f 704/704/704 765/765/765 731/731/731
f 748/748/748 765/765/765 704/704/704
f 764/764/764 766/766/766 765/765/765 749/749/749
f 766/766/766 743/743/743 731/731/731 765/765/765
f 735/735/735 666/666/666 684/684/684
f 685/685/685 735/735/735 686/686/686
f 666/666/666 735/735/735 685/685/685
f 705/705/705 685/685/685 686/686/686
f 561/561/561 705/705/705 661/661/661
f 685/685/685 705/705/705 561/561/561
f 761/761/761 763/763/763 762/762/762 743/743/743
f 763/763/763 750/750/750 746/746/746 762/762/762
f 762/762/762 731/731/731 743/743/743
f 744/744/744 762/762/762 746/746/746
f 731/731/731 762/762/762 744/744/744
f 751/751/751 744/744/744 746/746/746
f 733/733/733 751/751/751 745/745/745
f 744/744/744 751/751/751 733/733/733
f 757/757/757 760/760/760 758/758/758 750/750/750
f 760/760/760 759/759/759 753/753/753 758/758/758
f 758/758/758 746/746/746 750/750/750
f 751/751/751 758/758/758 753/753/753
f 746/746/746 758/758/758 751/751/751
f 753/753/753 752/752/752 745/745/745 751/751/751
f 744/744/744 704/704/704 731/731/731
f 732/732/732 744/744/744 733/733/733
f 704/704/704 744/744/744 732/732/732
f 754/754/754 732/732/732 733/733/733
f 706/706/706 754/754/754 711/711/711
f 732/732/732 754/754/754 706/706/706
f 745/745/745 756/756/756 754/754/754 733/733/733
f 756/756/756 755/755/755 711/711/711 754/754/754
f 732/732/732 686/686/686 704/704/704
f 705/705/705 732/732/732 706/706/706
f 686/686/686 732/732/732 705/705/705
f 712/712/712 705/705/705 706/706/706
f 661/661/661 712/712/712 681/681/681
f 705/705/705 712/712/712 661/661/661
f 711/711/711 713/713/713 712/712/712 706/706/706
f 719/719/719 712/712/712 713/713/713
f 681/681/681 719/719/719 701/701/701
f 712/712/712 719/719/719 681/681/681
f 718/718/718 720/720/720 719/719/719 713/713/713
f 720/720/720 707/707/707 701/701/701 719/719/719
f 665/665/665 537/537/537 554/554/554
f 555/555/555 665/665/665 556/556/556
f 537/537/537 665/665/665 555/555/555
f 562/562/562 555/555/555 556/556/556
f 527/527/527 562/562/562 531/531/531
f 555/555/555 562/562/562 527/527/527
f 714/714/714 717/717/717 715/715/715 707/707/707
f 722/722/722 715/715/715 717/717/717
f 710/710/710 722/722/722 716/716/716
f 715/715/715 722/722/722 710/710/710
f 721/721/721 724/724/724 722/722/722 717/717/717
f 724/724/724 723/723/723 716/716/716 722/722/722
f 715/715/715 701/701/701 707/707/707
f 708/708/708 715/715/715 710/710/710
f 701/701/701 715/715/715 708/708/708
f 725/725/725 708/708/708 710/710/710
f 703/703/703 725/725/725 709/709/709
f 708/708/708 725/725/725 703/703/703
f 716/716/716 727/727/727 725/725/725 710/710/710
f 727/727/727 726/726/726 709/709/709 725/725/725
f 708/708/708 681/681/681 701/701/701
f 702/702/702 708/708/708 703/703/703
f 681/681/681 708/708/708 702/702/702
f 728/728/728 702/702/702 703/703/703
f 683/683/683 728/728/728 691/691/691
f 702/702/702 728/728/728 683/683/683
f 709/709/709 730/730/730 728/728/728 703/703/703
f 730/730/730 729/729/729 691/691/691 728/728/728
f 702/702/702 661/661/661 681/681/681
f 682/682/682 702/702/702 683/683/683
f 661/661/661 702/702/702 682/682/682
f 692/692/692 682/682/682 683/683/683
f 663/663/663 692/692/692 673/673/673
f 682/682/682 692/692/692 663/663/663
f 691/691/691 693/693/693 692/692/692 683/683/683
f 699/699/699 692/692/692 693/693/693
f 673/673/673 699/699/699 677/677/677
f 692/692/692 699/699/699 673/673/673
f 698/698/698 700/700/700 699/699/699 693/693/693
f 700/700/700 687/687/687 677/677/677 699/699/699
f 682/682/682 561/561/561 661/661/661
f 662/662/662 682/682/682 663/663/663
f 561/561/561 682/682/682 662/662/662
f 674/674/674 662/662/662 663/663/663
f 563/563/563 674/674/674 568/568/568
f 662/662/662 674/674/674 563/563/563
f 694/694/694 697/697/697 695/695/695 687/687/687
f 697/697/697 696/696/696 690/690/690 695/695/695
f 695/695/695 677/677/677 687/687/687
f 688/688/688 695/695/695 690/690/690
f 677/677/677 695/695/695 688/688/688
f 690/690/690 689/689/689 680/680/680 688/688/688
f 688/688/688 673/673/673 677/677/677
f 678/678/678 688/688/688 680/680/680
f 673/673/673 688/688/688 678/678/678
f 680/680/680 679/679/679 676/676/676 678/678/678
f 678/678/678 663/663/663 673/673/673
f 674/674/674 678/678/678 676/676/676
f 663/663/663 678/678/678 674/674/674
f 676/676/676 675/675/675 568/568/568 674/674/674
f 662/662/662 556/556/556 561/561/561
f 562/562/562 662/662/662 563/563/563
f 556/556/556 662/662/662 562/562/562
f 569/569/569 562/562/562 563/563/563
f 531/531/531 569/569/569 551/551/551
f 562/562/562 569/569/569 531/531/531
f 568/568/568 570/570/570 569/569/569 563/563/563
f 592/592/592 569/569/569 570/570/570
f 551/551/551 592/592/592 557/557/557
f 569/569/569 592/592/592 551/551/551
f 591/591/591 593/593/593 592/592/592 570/570/570
f 615/615/615 592/592/592 593/593/593
f 557/557/557 615/615/615 564/564/564
f 592/592/592 615/615/615 557/557/557
f 614/614/614 616/616/616 615/615/615 593/593/593
f 635/635/635 615/615/615 616/616/616
f 564/564/564 635/635/635 588/588/588
f 615/615/615 635/635/635 564/564/564
f 634/634/634 636/636/636 635/635/635 616/616/616
f 636/636/636 611/611/611 588/588/588 635/635/635
f 536/536/536 513/513/513 519/519/519
f 520/520/520 536/536/536 521/521/521
f 513/513/513 536/536/536 520/520/520
f 528/528/528 520/520/520 521/521/521
f 515/515/515 528/528/528 516/516/516
f 520/520/520 528/528/528 515/515/515
f 631/631/631 633/633/633 632/632/632 611/611/611
f 642/642/642 632/632/632 633/633/633
f 613/613/613 642/642/642 624/624/624
f 632/632/632 642/642/642 613/613/613
f 641/641/641 643/643/643 642/642/642 633/633/633
f 643/643/643 627/627/627 624/624/624 642/642/642
f 632/632/632 588/588/588 611/611/611
f 612/612/612 632/632/632 613/613/613
f 588/588/588 632/632/632 612/612/612
f 625/625/625 612/612/612 613/613/613
f 590/590/590 625/625/625 594/594/594
f 612/612/612 625/625/625 590/590/590
f 637/637/637 640/640/640 638/638/638 627/627/627
f 645/645/645 638/638/638 640/640/640
f 630/630/630 645/645/645 639/639/639
f 638/638/638 645/645/645 630/630/630
f 644/644/644 647/647/647 645/645/645 640/640/640
f 655/655/655 645/645/645 647/647/647
f 645/645/645 655/655/655 639/639/639
f 654/654/654 657/657/657 655/655/655 647/647/647
f 638/638/638 624/624/624 627/627/627
f 628/628/628 638/638/638 630/630/630
f 624/624/624 638/638/638 628/628/628
f 648/648/648 628/628/628 630/630/630
f 626/626/626 648/648/648 629/629/629
f 628/628/628 648/648/648 626/626/626
f 646/646/646 660/660/660 658/658/658 639/639/639
f 660/660/660 659/659/659 650/650/650 658/658/658
f 658/658/658 630/630/630 639/639/639
f 648/648/648 658/658/658 650/650/650
f 630/630/630 658/658/658 648/648/648
f 650/650/650 649/649/649 629/629/629 648/648/648
f 628/628/628 613/613/613 624/624/624
f 625/625/625 628/628/628 626/626/626
f 613/613/613 628/628/628 625/625/625
f 651/651/651 625/625/625 626/626/626
f 594/594/594 651/651/651 608/608/608
f 625/625/625 651/651/651 594/594/594
f 629/629/629 653/653/653 651/651/651 626/626/626
f 653/653/653 652/652/652 608/608/608 651/651/651
f 612/612/612 564/564/564 588/588/588
f 589/589/589 612/612/612 590/590/590
f 564/564/564 612/612/612 589/589/589
f 595/595/595 589/589/589 590/590/590
f 567/567/567 595/595/595 571/571/571
f 589/589/589 595/595/595 567/567/567
f 608/608/608 610/610/610 609/609/609 594/594/594
f 622/622/622 609/609/609 610/610/610
f 597/597/597 622/622/622 598/598/598
f 609/609/609 622/622/622 597/597/597
f 621/621/621 623/623/623 622/622/622 610/610/610
f 623/623/623 604/604/604 598/598/598 622/622/622
f 609/609/609 590/590/590 594/594/594
f 595/595/595 609/609/609 597/597/597
f 590/590/590 609/609/609 595/595/595
f 599/599/599 595/595/595 597/597/597
f 571/571/571 599/599/599 596/596/596
f 595/595/595 599/599/599 571/571/571
f 620/620/620 619/619/619 607/607/607 618/618/618
f 605/605/605 618/618/618 607/607/607
f 598/598/598 618/618/618 605/605/605
f 607/607/607 606/606/606 601/601/601 605/605/605
f 605/605/605 597/597/597 598/598/598
f 599/599/599 605/605/605 601/601/601
f 597/597/597 605/605/605 599/599/599
f 601/601/601 600/600/600 596/596/596 599/599/599
f 589/589/589 557/557/557 564/564/564
f 565/565/565 589/589/589 567/567/567
f 557/557/557 589/589/589 565/565/565
f 572/572/572 565/565/565 567/567/567
f 560/560/560 572/572/572 566/566/566
f 565/565/565 572/572/572 560/560/560
f 596/596/596 603/603/603 602/602/602 571/571/571
f 603/603/603 581/581/581 574/574/574 602/602/602
f 602/602/602 567/567/567 571/571/571
f 572/572/572 602/602/602 574/574/574
f 567/567/567 602/602/602 572/572/572
f 582/582/582 572/572/572 574/574/574
f 566/566/566 582/582/582 573/573/573
f 572/572/572 582/582/582 566/566/566
f 581/581/581 584/584/584 582/582/582 574/574/574
f 584/584/584 583/583/583 573/573/573 582/582/582
f 565/565/565 551/551/551 557/557/557
f 558/558/558 565/565/565 560/560/560
f 551/551/551 565/565/565 558/558/558
f 575/575/575 558/558/558 560/560/560
f 553/553/553 575/575/575 559/559/559
f 558/558/558 575/575/575 553/553/553
f 573/573/573 587/587/587 585/585/585 566/566/566
f 587/587/587 586/586/586 577/577/577 585/585/585
f 585/585/585 560/560/560 566/566/566
f 575/575/575 585/585/585 577/577/577
f 560/560/560 585/585/585 575/575/575
f 577/577/577 576/576/576 559/559/559 575/575/575
f 558/558/558 531/531/531 551/551/551
f 552/552/552 558/558/558 553/553/553
f 531/531/531 558/558/558 552/552/552
f 578/578/578 552/552/552 553/553/553
f 534/534/534 578/578/578 541/541/541
f 552/552/552 578/578/578 534/534/534
f 559/559/559 580/580/580 578/578/578 553/553/553
f 580/580/580 579/579/579 541/541/541 578/578/578
f 552/552/552 527/527/527 531/531/531
f 532/532/532 552/552/552 534/534/534
f 527/527/527 552/552/552 532/532/532
f 542/542/542 532/532/532 534/534/534
f 530/530/530 542/542/542 533/533/533
f 532/532/532 542/542/542 530/530/530
f 541/541/541 544/544/544 542/542/542 534/534/534
f 544/544/544 543/543/543 533/533/533 542/542/542
f 532/532/532 521/521/521 527/527/527
f 528/528/528 532/532/532 530/530/530
f 521/521/521 532/532/532 528/528/528
f 545/545/545 528/528/528 530/530/530
f 516/516/516 545/545/545 529/529/529
f 528/528/528 545/545/545 516/516/516
f 533/533/533 547/547/547 545/545/545 530/530/530
f 547/547/547 546/546/546 529/529/529 545/545/545
f 520/520/520 506/506/506 513/513/513
f 514/514/514 520/520/520 515/515/515
f 506/506/506 520/520/520 514/514/514
f 517/517/517 514/514/514 515/515/515
f 487/487/487 517/517/517 502/502/502
f 514/514/514 517/517/517 487/487/487
f 529/529/529 550/550/550 548/548/548 516/516/516
f 550/550/550 549/549/549 518/518/518 548/548/548
f 548/548/548 515/515/515 516/516/516
f 517/517/517 548/548/548 518/518/518
f 515/515/515 548/548/548 517/517/517
f 518/518/518 510/510/510 502/502/502 517/517/517
f 1130/1130/1130 1126/1126/1126 1125/1125/1125 1129/1129/1129
f 1127/1127/1127 1124/1124/1124 1125/1125/1125
f 526/526/526 1127/1127/1127 1115/1115/1115
f 1124/1124/1124 1127/1127/1127 526/526/526
f 1126/1126/1126 1128/1128/1128 1127/1127/1127 1125/1125/1125
f 1128/1128/1128 1121/1121/1121 1115/1115/1115 1127/1127/1127
f 1195/1195/1195 1194/1194/1194 1196/1196/1196 1197/1197/1197
f 1194/1194/1194 1198/1198/1198 1200/1200/1200 1196/1196/1196
f 1198/1198/1198 1193/1193/1193 1199/1199/1199 1200/1200/1200
f 1198/1198/1198 526/526/526 1193/1193/1193
f 1124/1124/1124 1198/1198/1198 1194/1194/1194
f 526/526/526 1198/1198/1198 1124/1124/1124
f 1203/1203/1203 1116/1116/1116 1202/1202/1202
f 526/526/526 1203/1203/1203 1193/1193/1193
f 1116/1116/1116 1203/1203/1203 526/526/526
f 1193/1193/1193 1203/1203/1203 1205/1205/1205 1199/1199/1199
f 1203/1203/1203 1202/1202/1202 1204/1204/1204 1205/1205/1205
f 1202/1202/1202 1206/1206/1206 1208/1208/1208 1204/1204/1204
f 1206/1206/1206 1201/1201/1201 1207/1207/1207 1208/1208/1208
f 1206/1206/1206 505/505/505 1201/1201/1201
f 1116/1116/1116 1206/1206/1206 1202/1202/1202
f 505/505/505 1206/1206/1206 1116/1116/1116
f 1121/1121/1121 1123/1123/1123 1122/1122/1122 1115/1115/1115
f 1123/1123/1123 1118/1118/1118 1117/1117/1117 1122/1122/1122
f 1122/1122/1122 526/526/526 1115/1115/1115
f 1116/1116/1116 1122/1122/1122 1117/1117/1117
f 526/526/526 1122/1122/1122 1116/1116/1116
f 1119/1119/1119 1116/1116/1116 1117/1117/1117
f 505/505/505 1119/1119/1119 522/522/522
f 1116/1116/1116 1119/1119/1119 505/505/505
f 1118/1118/1118 1120/1120/1120 1119/1119/1119 1117/1117/1117
f 1120/1120/1120 1112/1112/1112 522/522/522 1119/1119/1119
f 1190/1190/1190 1820/1820/1820 1191/1191/1191
f 1189/1189/1189 1815/1815/1815 1190/1190/1190
f 1187/1187/1187 1816/1816/1816 1188/1188/1188
f 1186/1186/1186 1811/1811/1811 1816/1816/1816 1187/1187/1187
f 1189/1189/1189 1188/1188/1188 1815/1815/1815
f 1184/1184/1184 1812/1812/1812 1185/1185/1185
f 1183/1183/1183 1812/1812/1812 1184/1184/1184
f 1181/1181/1181 1808/1808/1808 1182/1182/1182
f 1180/1180/1180 1809/1809/1809 1181/1181/1181
f 1183/1183/1183 1182/1182/1182 1808/1808/1808
f 1186/1186/1186 1185/1185/1185 1811/1811/1811
f 1178/1178/1178 1271/1271/1271 1179/1179/1179
f 1177/1177/1177 1758/1758/1758 1178/1178/1178
f 1175/1175/1175 1759/1759/1759 1176/1176/1176
f 1174/1174/1174 1755/1755/1755 1175/1175/1175
f 1176/1176/1176 1759/1759/1759 1758/1758/1758 1177/1177/1177
f 1173/1173/1173 1805/1805/1805 1746/1746/1746
f 1172/1172/1172 1794/1794/1794 1797/1797/1797
f 1179/1179/1179 1271/1271/1271 1809/1809/1809 1180/1180/1180
f 1191/1191/1191 1820/1820/1820 1821/1821/1821 1192/1192/1192
f 1800/1800/1800 1799/1799/1799 1796/1796/1796
f 1799/1799/1799 1172/1172/1172 1796/1796/1796
f 1783/1783/1783 1800/1800/1800 1796/1796/1796
f 1797/1797/1797 1794/1794/1794 1789/1789/1789
f 1806/1806/1806 1805/1805/1805 1802/1802/1802
f 1172/1172/1172 1799/1799/1799 1802/1802/1802
f 1772/1772/1772 1806/1806/1806 1802/1802/1802
f 1799/1799/1799 1778/1778/1778 1803/1803/1803
f 1799/1799/1799 1803/1803/1803 1802/1802/1802
f 1172/1172/1172 1802/1802/1802 1805/1805/1805
f 1791/1791/1791 1788/1788/1788 1793/1793/1793
f 1788/1788/1788 1791/1791/1791 1792/1792/1792
f 1171/1171/1171 1791/1791/1791 1172/1172/1172
f 1737/1737/1737 1781/1781/1781 1786/1786/1786
f 1791/1791/1791 1786/1786/1786 1787/1787/1787
f 1738/1738/1738 1737/1737/1737 1762/1762/1762
f 1786/1786/1786 1762/1762/1762 1737/1737/1737
f 1171/1171/1171 1786/1786/1786 1791/1791/1791
f 1793/1793/1793 1172/1172/1172 1791/1791/1791
f 1821/1821/1821 1824/1824/1824 1192/1192/1192
f 1786/1786/1786 1171/1171/1171 1762/1762/1762
f 1168/1168/1168 1674/1674/1674 1169/1169/1169
f 1651/1651/1651 1167/1167/1167 1664/1664/1664
f 1166/1166/1166 1631/1631/1631 1667/1667/1667 1167/1167/1167
f 1167/1167/1167 1654/1654/1654 1681/1681/1681 1168/1168/1168
f 1171/1171/1171 1761/1761/1761 1763/1763/1763
f 1766/1766/1766 1761/1761/1761 1171/1171/1171
f 1674/1674/1674 1168/1168/1168 1678/1678/1678
f 1167/1167/1167 1663/1663/1663 1665/1665/1665
f 1167/1167/1167 1667/1667/1667 1663/1663/1663
f 1641/1641/1641 1631/1631/1631 1166/1166/1166
f 1167/1167/1167 1665/1665/1665 1664/1664/1664
f 1763/1763/1763 1762/1762/1762 1171/1171/1171
f 1642/1642/1642 1641/1641/1641 1166/1166/1166
f 1598/1598/1598 1164/1164/1164 1595/1595/1595
f 1164/1164/1164 1598/1598/1598 1165/1165/1165
f 1596/1596/1596 1595/1595/1595 1164/1164/1164
f 1568/1568/1568 1164/1164/1164 1163/1163/1163
f 1596/1596/1596 1164/1164/1164 1594/1594/1594
f 1164/1164/1164 1568/1568/1568 1561/1561/1561
f 1165/1165/1165 1621/1621/1621 1624/1624/1624
f 1644/1644/1644 1640/1640/1640 1166/1166/1166
f 1587/1587/1587 1594/1594/1594 1164/1164/1164
f 1163/1163/1163 1569/1569/1569 1568/1568/1568
f 1163/1163/1163 1567/1567/1567 1569/1569/1569
f 1165/1165/1165 1622/1622/1622 1621/1621/1621
f 1165/1165/1165 1624/1624/1624 1644/1644/1644 1166/1166/1166
f 1640/1640/1640 1642/1642/1642 1166/1166/1166
f 1572/1572/1572 1567/1567/1567 1163/1163/1163
f 1766/1766/1766 1171/1171/1171 1765/1765/1765
f 1679/1679/1679 1168/1168/1168 1677/1677/1677
f 1167/1167/1167 1651/1651/1651 1654/1654/1654
f 1768/1768/1768 1765/1765/1765 1170/1170/1170
f 1678/1678/1678 1168/1168/1168 1679/1679/1679
f 1650/1650/1650 1663/1663/1663 1668/1668/1668
f 1631/1631/1631 1635/1635/1635 1634/1634/1634 1667/1667/1667
f 1631/1631/1631 1641/1641/1641 1632/1632/1632
f 1668/1668/1668 1663/1663/1663 1667/1667/1667
f 1677/1677/1677 1168/1168/1168 1681/1681/1681
f 1651/1651/1651 1664/1664/1664 1652/1652/1652
f 1165/1165/1165 1620/1620/1620 1622/1622/1622
f 1165/1165/1165 1604/1604/1604 1620/1620/1620
f 1598/1598/1598 1591/1591/1591 1165/1165/1165
f 1595/1595/1595 1588/1588/1588 1599/1599/1599
f 1595/1595/1595 1599/1599/1599 1598/1598/1598
f 1587/1587/1587 1164/1164/1164 1577/1577/1577
f 1561/1561/1561 1555/1555/1555 1164/1164/1164
f 1163/1163/1163 1571/1571/1571 1572/1572/1572
f 1567/1567/1567 1572/1572/1572 1560/1560/1560
f 1568/1568/1568 1562/1562/1562 1561/1561/1561
f 1594/1594/1594 1587/1587/1587 1589/1589/1589
f 1736/1736/1736 1761/1761/1761 1766/1766/1766
f 1571/1571/1571 1163/1163/1163 1162/1162/1162
f 1746/1746/1746 1775/1775/1775 1743/1743/1743
f 1769/1769/1769 1765/1765/1765 1768/1768/1768
f 1720/1720/1720 1768/1768/1768 1170/1170/1170
f 1744/1744/1744 1743/1743/1743 1775/1775/1775
f 1730/1730/1730 1765/1765/1765 1769/1769/1769
f 1746/1746/1746 1750/1750/1750 1173/1173/1173
f 1805/1805/1805 1775/1775/1775 1746/1746/1746
f 1723/1723/1723 1747/1747/1747 1743/1743/1743
f 1746/1746/1746 1743/1743/1743 1747/1747/1747
f 1749/1749/1749 1173/1173/1173 1750/1750/1750
f 1721/1721/1721 1720/1720/1720 1170/1170/1170
f 1170/1170/1170 1717/1717/1717 1721/1721/1721
f 1718/1718/1718 1170/1170/1170 1716/1716/1716
f 1721/1721/1721 1717/1717/1717 1707/1707/1707
f 1734/1734/1734 1768/1768/1768 1720/1720/1720
f 1716/1716/1716 1706/1706/1706 1708/1708/1708
f 1694/1694/1694 1684/1684/1684 1704/1704/1704 1706/1706/1706
f 1685/1685/1685 1684/1684/1684 1694/1694/1694
f 1706/1706/1706 1716/1716/1716 1698/1698/1698 1694/1694/1694
f 1713/1713/1713 1750/1750/1750 1746/1746/1746
f 1717/1717/1717 1170/1170/1170 1718/1718/1718
f 1824/1824/1824 1821/1821/1821 1819/1819/1819
f 1173/1173/1173 1753/1753/1753 1752/1752/1752
f 1820/1820/1820 1815/1815/1815 1818/1818/1818
f 1815/1815/1815 1188/1188/1188 1816/1816/1816
f 1818/1818/1818 1817/1817/1817 1819/1819/1819
f 1812/1812/1812 1183/1183/1183 1808/1808/1808
f 1181/1181/1181 1809/1809/1809 1808/1808/1808
f 1811/1811/1811 1185/1185/1185 1812/1812/1812
f 1817/1817/1817 488/488/488 1819/1819/1819
f 1752/1752/1752 1756/1756/1756 1174/1174/1174
f 1756/1756/1756 1755/1755/1755 1174/1174/1174
f 1690/1690/1690 1753/1753/1753 1749/1749/1749
f 1756/1756/1756 1752/1752/1752 1493/1493/1493
f 1749/1749/1749 1753/1753/1753 1173/1173/1173
f 1272/1272/1272 1271/1271/1271 1758/1758/1758
f 1271/1271/1271 1178/1178/1178 1758/1758/1758
f 1268/1268/1268 1759/1759/1759 1755/1755/1755
f 1759/1759/1759 1175/1175/1175 1755/1755/1755
f 1815/1815/1815 1820/1820/1820 1190/1190/1190
f 1699/1699/1699 1698/1698/1698 1169/1169/1169
f 1640/1640/1640 1645/1645/1645 1630/1630/1630
f 1624/1624/1624 1609/1609/1609 1608/1608/1608 1644/1644/1644
f 1621/1621/1621 1625/1625/1625 1624/1624/1624
f 1169/1169/1169 1697/1697/1697 1699/1699/1699
f 1640/1640/1640 1644/1644/1644 1645/1645/1645
f 1701/1701/1701 1697/1697/1697 1169/1169/1169
f 1169/1169/1169 1670/1670/1670 1701/1701/1701
f 1674/1674/1674 1678/1678/1678 1675/1675/1675
f 1673/1673/1673 1677/1677/1677 1682/1682/1682
f 1682/1682/1682 1677/1677/1677 1681/1681/1681
f 1620/1620/1620 1604/1604/1604 1606/1606/1606
f 1598/1598/1598 1592/1592/1592 1591/1591/1591
f 1581/1581/1581 1604/1604/1604 1591/1591/1591
f 1165/1165/1165 1591/1591/1591 1604/1604/1604
f 1164/1164/1164 1555/1555/1555 1577/1577/1577
f 1555/1555/1555 1545/1545/1545 1575/1575/1575 1577/1577/1577
f 1561/1561/1561 1556/1556/1556 1555/1555/1555
f 1571/1571/1571 1564/1564/1564 1565/1565/1565
f 1564/1564/1564 1527/1527/1527 1520/1520/1520
f 1162/1162/1162 1564/1564/1564 1571/1571/1571
f 1587/1587/1587 1577/1577/1577 1579/1579/1579
f 1621/1621/1621 1605/1605/1605 1625/1625/1625
f 1697/1697/1697 1701/1701/1701 1693/1693/1693
f 1654/1654/1654 1637/1637/1637 1658/1658/1658 1681/1681/1681
f 1655/1655/1655 1651/1651/1651 1647/1647/1647
f 1670/1670/1670 1169/1169/1169 1674/1674/1674
f 1654/1654/1654 1651/1651/1651 1655/1655/1655
f 1670/1670/1670 1674/1674/1674 1671/1671/1671
f 1695/1695/1695 1694/1694/1694 1698/1698/1698
f 1635/1635/1635 1631/1631/1631 1627/1627/1627
f 1591/1591/1591 1582/1582/1582 1581/1581/1581
f 1555/1555/1555 1546/1546/1546 1545/1545/1545
f 1564/1564/1564 1520/1520/1520 1558/1558/1558
f 1604/1604/1604 1581/1581/1581 1602/1602/1602
f 1521/1521/1521 1520/1520/1520 1527/1527/1527
f 1775/1775/1775 1805/1805/1805 1776/1776/1776
f 1819/1819/1819 488/488/488 1824/1824/1824
f 1564/1564/1564 1162/1162/1162 1527/1527/1527
f 1161/1161/1161 1511/1511/1511 1541/1541/1541 1162/1162/1162
f 1160/1160/1160 1469/1469/1469 1472/1472/1472
f 1158/1158/1158 1425/1425/1425 1445/1445/1445 1159/1159/1159
f 1157/1157/1157 1408/1408/1408 1158/1158/1158
f 1453/1453/1453 1159/1159/1159 1449/1449/1449
f 1162/1162/1162 1539/1539/1539 1538/1538/1538
f 1162/1162/1162 1537/1537/1537 1539/1539/1539
f 1161/1161/1161 1509/1509/1509 1508/1508/1508
f 1161/1161/1161 1507/1507/1507 1509/1509/1509
f 1537/1537/1537 1162/1162/1162 1541/1541/1541
f 1508/1508/1508 1512/1512/1512 1161/1161/1161
f 1538/1538/1538 1531/1531/1531 1162/1162/1162
f 1347/1347/1347 1366/1366/1366 1362/1362/1362
f 1370/1370/1370 1368/1368/1368 1156/1156/1156
f 1367/1367/1367 1364/1364/1364 1360/1360/1360
f 1368/1368/1368 1370/1370/1370 1371/1371/1371
f 1366/1366/1366 1364/1364/1364 1367/1367/1367
f 1373/1373/1373 1370/1370/1370 1156/1156/1156
f 1507/1507/1507 1161/1161/1161 1500/1500/1500
f 1530/1530/1530 1537/1537/1537 1542/1542/1542
f 1511/1511/1511 1514/1514/1514 1534/1534/1534 1541/1541/1541
f 1511/1511/1511 1161/1161/1161 1512/1512/1512
f 1542/1542/1542 1537/1537/1537 1541/1541/1541
f 1535/1535/1535 1541/1541/1541 1534/1534/1534
f 1514/1514/1514 1478/1478/1478 1518/1518/1518 1534/1534/1534
f 1531/1531/1531 1528/1528/1528 1527/1527/1527
f 1512/1512/1512 1508/1508/1508 1501/1501/1501
f 1160/1160/1160 1472/1472/1472 1504/1504/1504 1161/1161/1161
f 1161/1161/1161 1504/1504/1504 1500/1500/1500
f 1469/1469/1469 1160/1160/1160 1470/1470/1470
f 1468/1468/1468 1470/1470/1470 1160/1160/1160
f 1159/1159/1159 1452/1452/1452 1464/1464/1464 1160/1160/1160
f 1370/1370/1370 1374/1374/1374 1359/1359/1359
f 1500/1500/1500 1502/1502/1502 1507/1507/1507
f 1449/1449/1449 1159/1159/1159 1450/1450/1450
f 1160/1160/1160 1464/1464/1464 1468/1468/1468
f 1450/1450/1450 1159/1159/1159 1448/1448/1448
f 1362/1362/1362 1366/1366/1366 1363/1363/1363
f 1448/1448/1448 1159/1159/1159 1441/1441/1441
f 1366/1366/1366 1347/1347/1347 1157/1157/1157
f 1531/1531/1531 1538/1538/1538 1532/1532/1532
f 1531/1531/1531 1527/1527/1527 1162/1162/1162
f 1151/1151/1151 1150/1150/1150 1220/1220/1220
f 1220/1220/1220 1150/1150/1150 1149/1149/1149
f 1212/1212/1212 1149/1149/1149 1148/1148/1148
f 1213/1213/1213 1147/1147/1147 1146/1146/1146
f 1213/1213/1213 1146/1146/1146 1145/1145/1145
f 1147/1147/1147 1212/1212/1212 1148/1148/1148
f 1302/1302/1302 1154/1154/1154 1307/1307/1307
f 1207/1207/1207 1144/1144/1144 1143/1143/1143
f 1208/1208/1208 1143/1143/1143 1142/1142/1142
f 1204/1204/1204 1141/1141/1141 1140/1140/1140
f 1139/1139/1139 1205/1205/1205 1204/1204/1204 1140/1140/1140
f 1141/1141/1141 1208/1208/1208 1142/1142/1142
f 1199/1199/1199 1138/1138/1138 1137/1137/1137
f 1199/1199/1199 1137/1137/1137 1136/1136/1136
f 1200/1200/1200 1135/1135/1135 1134/1134/1134
f 1196/1196/1196 1134/1134/1134 1133/1133/1133
f 1135/1135/1135 1200/1200/1200 1136/1136/1136
f 1138/1138/1138 1205/1205/1205 1139/1139/1139
f 1144/1144/1144 1207/1207/1207 1145/1145/1145
f 1376/1376/1376 1331/1331/1331 1325/1325/1325
f 1334/1334/1334 1331/1331/1331 1373/1373/1373
f 1373/1373/1373 1331/1331/1331 1376/1376/1376
f 1331/1331/1331 1334/1334/1334 1332/1332/1332
f 1155/1155/1155 1334/1334/1334 1373/1373/1373
f 1377/1377/1377 1373/1373/1373 1376/1376/1376
f 1376/1376/1376 1325/1325/1325 1320/1320/1320
f 1321/1321/1321 1320/1320/1320 1325/1325/1325
f 1320/1320/1320 1314/1314/1314 1313/1313/1313 1376/1376/1376
f 1340/1340/1340 1373/1373/1373 1377/1377/1377
f 1197/1197/1197 1132/1132/1132 1131/1131/1131
f 1132/1132/1132 1197/1197/1197 1196/1196/1196 1133/1133/1133
f 1154/1154/1154 1333/1333/1333 1335/1335/1335
f 1328/1328/1328 1329/1329/1329 1333/1333/1333
f 1328/1328/1328 1154/1154/1154 1303/1303/1303
f 1328/1328/1328 1303/1303/1303 1293/1293/1293
f 1302/1302/1302 1304/1304/1304 1154/1154/1154
f 1304/1304/1304 1303/1303/1303 1154/1154/1154
f 1333/1333/1333 1154/1154/1154 1328/1328/1328
f 1197/1197/1197 1131/1131/1131 423/423/423
f 1373/1373/1373 1156/1156/1156 1155/1155/1155
f 1515/1515/1515 1514/1514/1514 1511/1511/1511
f 1511/1511/1511 1497/1497/1497 1515/1515/1515
f 1500/1500/1500 1504/1504/1504 1505/1505/1505
f 1472/1472/1472 1458/1458/1458 1476/1476/1476 1504/1504/1504
f 1500/1500/1500 1505/1505/1505 1496/1496/1496
f 1469/1469/1469 1473/1473/1473 1472/1472/1472
f 1468/1468/1468 1464/1464/1464 1466/1466/1466
f 1159/1159/1159 1453/1453/1453 1452/1452/1452
f 1449/1449/1449 1442/1442/1442 1453/1453/1453
f 1456/1456/1456 1464/1464/1464 1452/1452/1452
f 1448/1448/1448 1441/1441/1441 1443/1443/1443
f 1158/1158/1158 1423/1423/1423 1422/1422/1422
f 1158/1158/1158 1421/1421/1421 1423/1423/1423
f 1455/1455/1455 1464/1464/1464 1456/1456/1456
f 1441/1441/1441 1159/1159/1159 1445/1445/1445
f 1469/1469/1469 1465/1465/1465 1473/1473/1473
f 1452/1452/1452 1432/1432/1432 1456/1456/1456
f 1441/1441/1441 1445/1445/1445 1446/1446/1446
f 1425/1425/1425 1413/1413/1413 1412/1412/1412 1445/1445/1445
f 1158/1158/1158 1422/1422/1422 1425/1425/1425
f 1441/1441/1441 1446/1446/1446 1431/1431/1431
f 1421/1421/1421 1408/1408/1408 1410/1410/1410
f 1422/1422/1422 1409/1409/1409 1426/1426/1426
f 1422/1422/1422 1426/1426/1426 1425/1425/1425
f 1400/1400/1400 1399/1399/1399 1157/1157/1157
f 1157/1157/1157 1396/1396/1396 1400/1400/1400
f 1396/1396/1396 1157/1157/1157 1397/1397/1397
f 1397/1397/1397 1157/1157/1157 1395/1395/1395
f 1400/1400/1400 1396/1396/1396 1390/1390/1390
f 1406/1406/1406 1408/1408/1408 1399/1399/1399
f 1395/1395/1395 1389/1389/1389 1391/1391/1391
f 1389/1389/1389 1393/1393/1393 1379/1379/1379
f 1350/1350/1350 1353/1353/1353 1389/1389/1389
f 1389/1389/1389 1353/1353/1353 1393/1393/1393
f 1389/1389/1389 1157/1157/1157 1350/1350/1350
f 1354/1354/1354 1353/1353/1353 1350/1350/1350
f 1399/1399/1399 1408/1408/1408 1157/1157/1157
f 1157/1157/1157 1389/1389/1389 1395/1395/1395
f 1347/1347/1347 1362/1362/1362 1344/1344/1344
f 1362/1362/1362 1345/1345/1345 1344/1344/1344
f 1348/1348/1348 1347/1347/1347 1344/1344/1344
f 1354/1354/1354 1350/1350/1350 1280/1280/1280
f 1351/1351/1351 1347/1347/1347 1299/1299/1299
f 1344/1344/1344 1316/1316/1316 1348/1348/1348
f 1350/1350/1350 1347/1347/1347 1351/1351/1351
f 1347/1347/1347 1350/1350/1350 1157/1157/1157
f 1303/1303/1303 1294/1294/1294 1293/1293/1293
f 1310/1310/1310 1283/1283/1283 1306/1306/1306
f 1154/1154/1154 1306/1306/1306 1307/1307/1307
f 1302/1302/1302 1307/1307/1307 1292/1292/1292
f 1287/1287/1287 1288/1288/1288 1309/1309/1309
f 1306/1306/1306 1309/1309/1309 1310/1310/1310
f 1290/1290/1290 1255/1255/1255 1287/1287/1287
f 1287/1287/1287 1153/1153/1153 1290/1290/1290
f 1249/1249/1249 1290/1290/1290 1153/1153/1153
f 1153/1153/1153 1287/1287/1287 1309/1309/1309
f 1328/1328/1328 1293/1293/1293 1323/1323/1323
f 1249/1249/1249 1153/1153/1153 1250/1250/1250
f 1250/1250/1250 1153/1153/1153 1248/1248/1248
f 1234/1234/1234 1236/1236/1236 1241/1241/1241
f 1248/1248/1248 1241/1241/1241 1243/1243/1243
f 1152/1152/1152 1234/1234/1234 1241/1241/1241
f 1227/1227/1227 1229/1229/1229 1234/1234/1234
f 1227/1227/1227 1151/1151/1151 1220/1220/1220
f 1212/1212/1212 1216/1216/1216 1220/1220/1220
f 1227/1227/1227 1220/1220/1220 1222/1222/1222
f 1149/1149/1149 1212/1212/1212 1220/1220/1220
f 1151/1151/1151 1227/1227/1227 1234/1234/1234
f 1212/1212/1212 1147/1147/1147 1213/1213/1213
f 1213/1213/1213 1145/1145/1145 1207/1207/1207
f 1208/1208/1208 1141/1141/1141 1204/1204/1204
f 1207/1207/1207 1143/1143/1143 1208/1208/1208
f 1199/1199/1199 1136/1136/1136 1200/1200/1200
f 1200/1200/1200 1134/1134/1134 1196/1196/1196
f 1197/1197/1197 1823/1823/1823 1195/1195/1195
f 1195/1195/1195 1823/1823/1823 525/525/525
f 1194/1194/1194 1195/1195/1195 1124/1124/1124
f 423/423/423 1823/1823/1823 1197/1197/1197
f 1205/1205/1205 1138/1138/1138 1199/1199/1199
f 1152/1152/1152 1241/1241/1241 1248/1248/1248
f 1309/1309/1309 1306/1306/1306 1154/1154/1154
f 1421/1421/1421 1158/1158/1158 1408/1408/1408
f 491/491/491 1817/1817/1817 1813/1813/1813
f 494/494/494 497/497/497 488/488/488
f 425/425/425 497/497/497 498/498/498
f 495/495/495 497/497/497 494/494/494
f 491/491/491 494/494/494 488/488/488
f 491/491/491 492/492/492 494/494/494
f 1817/1817/1817 491/491/491 488/488/488
f 493/493/493 496/496/496 495/495/495
f 544/544/544 445/445/445 543/543/543
f 501/501/501 430/430/430 429/429/429 493/493/493
f 499/499/499 432/432/432 431/431/431 501/501/501
f 509/509/509 434/434/434 433/433/433 499/499/499
f 507/507/507 436/436/436 435/435/435 509/509/509
f 425/425/425 488/488/488 497/497/497
f 510/510/510 439/439/439 438/438/438 512/512/512
f 440/440/440 510/510/510 549/549/549
f 510/510/510 518/518/518 549/549/549
f 443/443/443 550/550/550 546/546/546
f 512/512/512 437/437/437 436/436/436 507/507/507
f 550/550/550 529/529/529 546/546/546
f 444/444/444 547/547/547 543/543/543
f 547/547/547 533/533/533 543/543/543
f 445/445/445 544/544/544 579/579/579
f 550/550/550 442/442/442 441/441/441 549/549/549
f 444/444/444 546/546/546 547/547/547
f 428/428/428 496/496/496 493/493/493
f 544/544/544 541/541/541 579/579/579
f 445/445/445 580/580/580 576/576/576
f 580/580/580 559/559/559 576/576/576
f 586/586/586 576/576/576 577/577/577
f 586/586/586 445/445/445 576/576/576
f 583/583/583 586/586/586 587/587/587
f 583/583/583 587/587/587 573/573/573
f 584/584/584 581/581/581 446/446/446
f 581/581/581 603/603/603 446/446/446
f 446/446/446 586/586/586 583/583/583
f 580/580/580 445/445/445 579/579/579
f 600/600/600 603/603/603 596/596/596
f 631/631/631 636/636/636 634/634/634
f 614/614/614 634/634/634 616/616/616
f 636/636/636 631/631/631 611/611/611
f 606/606/606 600/600/600 601/601/601
f 641/641/641 633/633/633 631/631/631
f 608/608/608 652/652/652 621/621/621 610/610/610
f 446/446/446 603/603/603 600/600/600
f 614/614/614 449/449/449 634/634/634
f 583/583/583 584/584/584 446/446/446
f 496/496/496 427/427/427 426/426/426 498/498/498
f 614/614/614 593/593/593 591/591/591
f 591/591/591 570/570/570 568/568/568 675/675/675
f 679/679/679 675/675/675 676/676/676
f 675/675/675 679/679/679 614/614/614 591/591/591
f 449/449/449 679/679/679 689/689/689
f 689/689/689 679/679/679 680/680/680
f 696/696/696 689/689/689 690/690/690
f 449/449/449 614/614/614 679/679/679
f 694/694/694 700/700/700 698/698/698
f 691/691/691 729/729/729 698/698/698 693/693/693
f 711/711/711 755/755/755 718/718/718 713/713/713
f 726/726/726 729/729/729 730/730/730
f 726/726/726 730/730/730 709/709/709
f 714/714/714 707/707/707 720/720/720
f 714/714/714 720/720/720 718/718/718
f 449/449/449 698/698/698 729/729/729
f 700/700/700 694/694/694 687/687/687
f 449/449/449 696/696/696 697/697/697
f 449/449/449 697/697/697 694/694/694
f 729/729/729 726/726/726 449/449/449
f 755/755/755 756/756/756 752/752/752
f 756/756/756 745/745/745 752/752/752
f 450/450/450 726/726/726 727/727/727
f 723/723/723 727/727/727 716/716/716
f 755/755/755 451/451/451 718/718/718
f 721/721/721 717/717/717 714/714/714
f 718/718/718 450/450/450 714/714/714
f 752/752/752 451/451/451 755/755/755
f 694/694/694 698/698/698 449/449/449
f 743/743/743 766/766/766 761/761/761
f 766/766/766 764/764/764 778/778/778
f 789/789/789 805/805/805 784/784/784 767/767/767
f 757/757/757 750/750/750 763/763/763
f 819/819/819 841/841/841 814/814/814 790/790/790
f 820/820/820 852/852/852 855/855/855
f 832/832/832 822/822/822 820/820/820
f 753/753/753 759/759/759 752/752/752
f 696/696/696 449/449/449 689/689/689
f 641/641/641 631/631/631 634/634/634
f 619/619/619 606/606/606 607/607/607
f 617/617/617 623/623/623 621/621/621
f 659/659/659 652/652/652 649/649/649
f 623/623/623 617/617/617 604/604/604
f 621/621/621 447/447/447 617/617/617
f 659/659/659 447/447/447 652/652/652
f 629/629/629 649/649/649 653/653/653
f 649/649/649 652/652/652 653/653/653
f 621/621/621 652/652/652 447/447/447
f 619/619/619 447/447/447 606/606/606
f 649/649/649 650/650/650 659/659/659
f 644/644/644 640/640/640 637/637/637
f 643/643/643 637/637/637 627/627/627
f 637/637/637 643/643/643 641/641/641
f 646/646/646 656/656/656 660/660/660
f 659/659/659 660/660/660 656/656/656
f 654/654/654 647/647/647 644/644/644
f 448/448/448 659/659/659 656/656/656
f 447/447/447 619/619/619 620/620/620
f 427/427/427 496/496/496 428/428/428
f 428/428/428 493/493/493 429/429/429
f 430/430/430 501/501/501 431/431/431
f 434/434/434 509/509/509 435/435/435
f 437/437/437 512/512/512 438/438/438
f 432/432/432 499/499/499 433/433/433
f 439/439/439 510/510/510 440/440/440
f 440/440/440 549/549/549 441/441/441
f 550/550/550 443/443/443 442/442/442
f 546/546/546 444/444/444 443/443/443
f 445/445/445 444/444/444 543/543/543
f 446/446/446 606/606/606 447/447/447
f 657/657/657 654/654/654 448/448/448
f 447/447/447 659/659/659 448/448/448
f 446/446/446 600/600/600 606/606/606
f 761/761/761 778/778/778 452/452/452
f 634/634/634 449/449/449 641/641/641
f 778/778/778 779/779/779 782/782/782
f 766/766/766 778/778/778 761/761/761
f 786/786/786 780/780/780 776/776/776
f 450/450/450 723/723/723 724/724/724
f 450/450/450 724/724/724 721/721/721
f 714/714/714 450/450/450 721/721/721
f 451/451/451 759/759/759 760/760/760
f 451/451/451 760/760/760 757/757/757
f 763/763/763 761/761/761 757/757/757
f 752/752/752 759/759/759 451/451/451
f 449/449/449 726/726/726 450/450/450
f 780/780/780 786/786/786 784/784/784
f 784/784/784 805/805/805 453/453/453
f 805/805/805 806/806/806 802/802/802
f 796/796/796 816/816/816 811/811/811
f 802/802/802 806/806/806 798/798/798
f 814/814/814 841/841/841 848/848/848
f 841/841/841 842/842/842 848/848/848
f 835/835/835 832/832/832 836/836/836
f 820/820/820 855/855/855 832/832/832
f 811/811/811 816/816/816 814/814/814
f 451/451/451 757/757/757 761/761/761
f 783/783/783 780/780/780 452/452/452
f 453/453/453 805/805/805 802/802/802
f 803/803/803 809/809/809 802/802/802
f 802/802/802 809/809/809 453/453/453
f 452/452/452 782/782/782 783/783/783
f 452/452/452 780/780/780 784/784/784
f 452/452/452 451/451/451 761/761/761
f 452/452/452 778/778/778 782/782/782
f 810/810/810 453/453/453 809/809/809
f 784/784/784 453/453/453 452/452/452
f 807/807/807 453/453/453 810/810/810
f 718/718/718 451/451/451 450/450/450
f 723/723/723 450/450/450 727/727/727
f 807/807/807 800/800/800 813/813/813
f 807/807/807 813/813/813 811/811/811
f 845/845/845 848/848/848 849/849/849
f 845/845/845 849/849/849 838/838/838
f 848/848/848 454/454/454 453/453/453 811/811/811
f 814/814/814 848/848/848 811/811/811
f 845/845/845 454/454/454 848/848/848
f 454/454/454 845/845/845 846/846/846
f 843/843/843 839/839/839 836/836/836
f 836/836/836 454/454/454 843/843/843
f 843/843/843 454/454/454 846/846/846
f 832/832/832 454/454/454 836/836/836
f 811/811/811 453/453/453 807/807/807
f 425/425/425 498/498/498 426/426/426
f 867/867/867 859/859/859 857/857/857
f 882/882/882 857/857/857 879/879/879
f 897/897/897 886/886/886 884/884/884
f 912/912/912 884/884/884 909/909/909
f 914/914/914 957/957/957 924/924/924 916/916/916
f 936/936/936 934/934/934 459/459/459
f 964/964/964 934/934/934 961/961/961
f 936/936/936 930/930/930 927/927/927
f 972/972/972 940/940/940 977/977/977
f 972/972/972 977/977/977 975/975/975
f 991/991/991 975/975/975 994/994/994
f 991/991/991 994/994/994 987/987/987
f 966/966/966 937/937/937 971/971/971
f 962/962/962 959/959/959 968/968/968
f 980/980/980 971/971/971 969/969/969
f 974/974/974 972/972/972 978/978/978
f 991/991/991 972/972/972 975/975/975
f 874/874/874 869/869/869 867/867/867
f 867/867/867 857/857/857 882/882/882
f 895/895/895 882/882/882 883/883/883
f 882/882/882 456/456/456 867/867/867
f 457/457/457 897/897/897 912/912/912
f 922/922/922 912/912/912 913/913/913
f 920/920/920 910/910/910 926/926/926
f 920/920/920 926/926/926 924/924/924
f 897/897/897 904/904/904 899/899/899
f 897/897/897 884/884/884 912/912/912
f 954/954/954 957/957/957 958/958/958
f 966/966/966 980/980/980 460/460/460
f 981/981/981 460/460/460 980/980/980
f 978/978/978 460/460/460 981/981/981
f 971/971/971 980/980/980 966/966/966
f 952/952/952 933/933/933 930/930/930
f 934/934/934 964/964/964 459/459/459
f 459/459/459 964/964/964 965/965/965
f 459/459/459 965/965/965 962/962/962
f 968/968/968 966/966/966 962/962/962
f 930/930/930 936/936/936 459/459/459
f 932/932/932 954/954/954 958/958/958
f 978/978/978 972/972/972 460/460/460
f 957/957/957 457/457/457 924/924/924
f 972/972/972 991/991/991 460/460/460
f 949/949/949 672/672/672 670/670/670
f 538/538/538 670/670/670 540/540/540
f 1114/1114/1114 470/470/470 469/469/469 538/538/538
f 1112/1112/1112 473/473/473 472/472/472 1114/1114/1114
f 538/538/538 468/468/468 670/670/670
f 1067/1067/1067 1005/1005/1005 1072/1072/1072
f 1070/1070/1070 1010/1010/1010 1008/1008/1008
f 949/949/949 1008/1008/1008 951/951/951
f 670/670/670 466/466/466 949/949/949
f 1120/1120/1120 474/474/474 473/473/473 1112/1112/1112
f 949/949/949 466/466/466 1008/1008/1008
f 1129/1129/1129 1125/1125/1125 1124/1124/1124
f 1822/1822/1822 1129/1129/1129 525/525/525
f 1124/1124/1124 525/525/525 1129/1129/1129
f 1129/1129/1129 1822/1822/1822 1130/1130/1130
f 1195/1195/1195 525/525/525 1124/1124/1124
f 1123/1123/1123 478/478/478 477/477/477 1118/1118/1118
f 1121/1121/1121 480/480/480 479/479/479 1123/1123/1123
f 1126/1126/1126 483/483/483 482/482/482 1128/1128/1128
f 1130/1130/1130 485/485/485 484/484/484 1126/1126/1126
f 1128/1128/1128 481/481/481 480/480/480 1121/1121/1121
f 1118/1118/1118 476/476/476 475/475/475 1120/1120/1120
f 424/424/424 1130/1130/1130 1822/1822/1822
f 997/997/997 991/991/991 992/992/992
f 1001/1001/1001 999/999/999 461/461/461
f 1040/1040/1040 999/999/999 1043/1043/1043
f 1001/1001/1001 995/995/995 989/989/989
f 998/998/998 995/995/995 461/461/461
f 461/461/461 995/995/995 1001/1001/1001
f 999/999/999 1040/1040/1040 461/461/461
f 1040/1040/1040 1043/1043/1043 1013/1013/1013
f 1037/1037/1037 1040/1040/1040 1041/1041/1041
f 1037/1037/1037 1049/1049/1049 1040/1040/1040
f 460/460/460 991/991/991 997/997/997
f 1095/1095/1095 1066/1066/1066 1064/1064/1064
f 1069/1069/1069 1064/1064/1064 1015/1015/1015
f 465/465/465 1072/1072/1072 1070/1070/1070
f 1064/1064/1064 1069/1069/1069 1067/1067/1067
f 1072/1072/1072 465/465/465 1067/1067/1067
f 1067/1067/1067 1095/1095/1095 1064/1064/1064
f 1041/1041/1041 1020/1020/1020 1037/1037/1037
f 1049/1049/1049 1037/1037/1037 1038/1038/1038
f 1061/1061/1061 1097/1097/1097 1092/1092/1092
f 1095/1095/1095 1092/1092/1092 1097/1097/1097
f 1008/1008/1008 465/465/465 1070/1070/1070
f 997/997/997 998/998/998 461/461/461
f 1067/1067/1067 465/465/465 1095/1095/1095
f 962/962/962 966/966/966 459/459/459
f 872/872/872 865/865/865 866/866/866
f 456/456/456 874/874/874 867/867/867
f 455/455/455 876/876/876 874/874/874
f 895/895/895 456/456/456 882/882/882
f 876/876/876 870/870/870 863/863/863
f 900/900/900 893/893/893 906/906/906
f 922/922/922 457/457/457 912/912/912
f 457/457/457 922/922/922 923/923/923
f 904/904/904 900/900/900 906/906/906
f 457/457/457 904/904/904 897/897/897
f 896/896/896 902/902/902 895/895/895
f 957/957/957 458/458/458 457/457/457
f 458/458/458 954/954/954 955/955/955
f 1056/1056/1056 1025/1025/1025 1053/1053/1053
f 952/952/952 930/930/930 458/458/458
f 952/952/952 458/458/458 955/955/955
f 924/924/924 457/457/457 920/920/920
f 462/462/462 1049/1049/1049 1050/1050/1050
f 1046/1046/1046 1050/1050/1050 1034/1034/1034
f 1028/1028/1028 1025/1025/1025 1032/1032/1032
f 1044/1044/1044 1035/1035/1035 1032/1032/1032
f 462/462/462 1032/1032/1032 1056/1056/1056
f 1025/1025/1025 1056/1056/1056 1032/1032/1032
f 920/920/920 457/457/457 923/923/923
f 455/455/455 872/872/872 873/873/873
f 455/455/455 873/873/873 870/870/870
f 455/455/455 870/870/870 876/876/876
f 456/456/456 902/902/902 903/903/903
f 456/456/456 903/903/903 900/900/900
f 456/456/456 900/900/900 904/904/904
f 455/455/455 874/874/874 456/456/456
f 895/895/895 902/902/902 456/456/456
f 456/456/456 904/904/904 457/457/457
f 459/459/459 458/458/458 930/930/930
f 460/460/460 459/459/459 966/966/966
f 458/458/458 957/957/957 954/954/954
f 872/872/872 454/454/454 865/865/865
f 1049/1049/1049 461/461/461 1040/1040/1040
f 462/462/462 1047/1047/1047 1044/1044/1044
f 462/462/462 1044/1044/1044 1032/1032/1032
f 1074/1074/1074 1056/1056/1056 1057/1057/1057
f 1056/1056/1056 1074/1074/1074 462/462/462
f 1080/1080/1080 462/462/462 1074/1074/1074
f 462/462/462 1050/1050/1050 1046/1046/1046
f 1083/1083/1083 462/462/462 1080/1080/1080
f 1080/1080/1080 1081/1081/1081 1083/1083/1083
f 463/463/463 462/462/462 1083/1083/1083
f 872/872/872 455/455/455 454/454/454
f 1082/1082/1082 1078/1078/1078 1076/1076/1076
f 1058/1058/1058 1076/1076/1076 1060/1060/1060
f 1087/1087/1087 1090/1090/1090 1058/1058/1058
f 1076/1076/1076 1058/1058/1058 1090/1090/1090
f 464/464/464 1090/1090/1090 1100/1100/1100
f 1100/1100/1100 1090/1090/1090 1091/1091/1091
f 464/464/464 1076/1076/1076 1090/1090/1090
f 464/464/464 1082/1082/1082 1076/1076/1076
f 1107/1107/1107 1100/1100/1100 1101/1101/1101
f 1109/1109/1109 1104/1104/1104 1102/1102/1102
f 1092/1092/1092 1102/1102/1102 1094/1094/1094
f 1102/1102/1102 1095/1095/1095 1109/1109/1109
f 464/464/464 1107/1107/1107 1108/1108/1108
f 1109/1109/1109 1105/1105/1105 1111/1111/1111
f 1098/1098/1098 1111/1111/1111 1105/1105/1105
f 464/464/464 1105/1105/1105 1109/1109/1109
f 464/464/464 1100/1100/1100 1107/1107/1107
f 1109/1109/1109 1095/1095/1095 464/464/464
f 1084/1084/1084 1082/1082/1082 464/464/464
f 467/467/467 466/466/466 670/670/670
f 468/468/468 467/467/467 670/670/670
f 468/468/468 538/538/538 469/469/469
f 471/471/471 470/470/470 1114/1114/1114
f 472/472/472 471/471/471 1114/1114/1114
f 474/474/474 1120/1120/1120 475/475/475
f 477/477/477 476/476/476 1118/1118/1118
f 479/479/479 478/478/478 1123/1123/1123
f 482/482/482 481/481/481 1128/1128/1128
f 424/424/424 486/486/486 1130/1130/1130
f 486/486/486 485/485/485 1130/1130/1130
f 484/484/484 483/483/483 1126/1126/1126
f 1102/1102/1102 1092/1092/1092 1095/1095/1095
f 865/865/865 855/855/855 856/856/856
f 2063/2063/2063 2065/2065/2065 2064/2064/2064 2058/2058/2058
f 2065/2065/2065 2060/2060/2060 2059/2059/2059 2064/2064/2064
f 2064/2064/2064 1952/1952/1952 2058/2058/2058
f 1980/1980/1980 2064/2064/2064 2059/2059/2059
f 1952/1952/1952 2064/2064/2064 1980/1980/1980
f 2061/2061/2061 1980/1980/1980 2059/2059/2059
f 1973/1973/1973 2061/2061/2061 2047/2047/2047
f 1980/1980/1980 2061/2061/2061 1973/1973/1973
f 2060/2060/2060 2062/2062/2062 2061/2061/2061 2059/2059/2059
f 2062/2062/2062 2055/2055/2055 2047/2047/2047 2061/2061/2061
f 1983/1983/1983 1980/1980/1980 1982/1982/1982
f 1952/1952/1952 1983/1983/1983 1970/1970/1970
f 1980/1980/1980 1983/1983/1983 1952/1952/1952
f 1970/1970/1970 1983/1983/1983 1985/1985/1985 1978/1978/1978
f 1983/1983/1983 1982/1982/1982 1984/1984/1984 1985/1985/1985
f 1982/1982/1982 1986/1986/1986 1988/1988/1988 1984/1984/1984
f 1986/1986/1986 1981/1981/1981 1987/1987/1987 1988/1988/1988
f 1986/1986/1986 1973/1973/1973 1981/1981/1981
f 1980/1980/1980 1986/1986/1986 1982/1982/1982
f 1973/1973/1973 1986/1986/1986 1980/1980/1980
f 1991/1991/1991 1989/1989/1989 1990/1990/1990
f 1973/1973/1973 1991/1991/1991 1981/1981/1981
f 1989/1989/1989 1991/1991/1991 1973/1973/1973
f 1981/1981/1981 1991/1991/1991 1993/1993/1993 1987/1987/1987
f 1991/1991/1991 1990/1990/1990 1992/1992/1992 1993/1993/1993
f 1990/1990/1990 1994/1994/1994 1995/1995/1995 1992/1992/1992
f 1995/1995/1995 1996/1996/1996 1998/1998/1998 1997/1997/1997
f 2055/2055/2055 2057/2057/2057 2056/2056/2056 2047/2047/2047
f 2057/2057/2057 2049/2049/2049 2048/2048/2048 2056/2056/2056
f 2056/2056/2056 1973/1973/1973 2047/2047/2047
f 1989/1989/1989 2056/2056/2056 2048/2048/2048
f 1973/1973/1973 2056/2056/2056 1989/1989/1989
f 2049/2049/2049 2051/2051/2051 2050/2050/2050 2048/2048/2048
f 2052/2052/2052 2054/2054/2054 2053/2053/2053 2051/2051/2051
f 2079/2079/2079 2081/2081/2081 2080/2080/2080 2074/2074/2074
f 2081/2081/2081 2076/2076/2076 2075/2075/2075 2080/2080/2080
f 2080/2080/2080 1932/1932/1932 2074/2074/2074
f 1960/1960/1960 2080/2080/2080 2075/2075/2075
f 1932/1932/1932 2080/2080/2080 1960/1960/1960
f 2077/2077/2077 1960/1960/1960 2075/2075/2075
f 1953/1953/1953 2077/2077/2077 2066/2066/2066
f 1960/1960/1960 2077/2077/2077 1953/1953/1953
f 2076/2076/2076 2078/2078/2078 2077/2077/2077 2075/2075/2075
f 2078/2078/2078 2071/2071/2071 2066/2066/2066 2077/2077/2077
f 1963/1963/1963 1960/1960/1960 1962/1962/1962
f 1932/1932/1932 1963/1963/1963 1950/1950/1950
f 1960/1960/1960 1963/1963/1963 1932/1932/1932
f 1950/1950/1950 1963/1963/1963 1965/1965/1965 1958/1958/1958
f 1963/1963/1963 1962/1962/1962 1964/1964/1964 1965/1965/1965
f 1962/1962/1962 1966/1966/1966 1968/1968/1968 1964/1964/1964
f 1966/1966/1966 1961/1961/1961 1967/1967/1967 1968/1968/1968
f 1966/1966/1966 1953/1953/1953 1961/1961/1961
f 1960/1960/1960 1966/1966/1966 1962/1962/1962
f 1953/1953/1953 1966/1966/1966 1960/1960/1960
f 1974/1974/1974 1969/1969/1969 1971/1971/1971
f 1953/1953/1953 1974/1974/1974 1961/1961/1961
f 1969/1969/1969 1974/1974/1974 1953/1953/1953
f 1961/1961/1961 1974/1974/1974 1976/1976/1976 1967/1967/1967
f 1974/1974/1974 1971/1971/1971 1975/1975/1975 1976/1976/1976
f 1971/1971/1971 1977/1977/1977 1979/1979/1979 1975/1975/1975
f 1977/1977/1977 1970/1970/1970 1978/1978/1978 1979/1979/1979
f 1977/1977/1977 1952/1952/1952 1970/1970/1970
f 1969/1969/1969 1977/1977/1977 1971/1971/1971
f 1952/1952/1952 1977/1977/1977 1969/1969/1969
f 2071/2071/2071 2073/2073/2073 2072/2072/2072 2066/2066/2066
f 2073/2073/2073 2068/2068/2068 2067/2067/2067 2072/2072/2072
f 2072/2072/2072 1953/1953/1953 2066/2066/2066
f 1969/1969/1969 2072/2072/2072 2067/2067/2067
f 1953/1953/1953 2072/2072/2072 1969/1969/1969
f 2069/2069/2069 1969/1969/1969 2067/2067/2067
f 1952/1952/1952 2069/2069/2069 2058/2058/2058
f 1969/1969/1969 2069/2069/2069 1952/1952/1952
f 2068/2068/2068 2070/2070/2070 2069/2069/2069 2067/2067/2067
f 2070/2070/2070 2063/2063/2063 2058/2058/2058 2069/2069/2069
f 2095/2095/2095 2097/2097/2097 2096/2096/2096 2090/2090/2090
f 2097/2097/2097 2092/2092/2092 2091/2091/2091 2096/2096/2096
f 2096/2096/2096 1912/1912/1912 2090/2090/2090
f 1940/1940/1940 2096/2096/2096 2091/2091/2091
f 1912/1912/1912 2096/2096/2096 1940/1940/1940
f 2093/2093/2093 1940/1940/1940 2091/2091/2091
f 1933/1933/1933 2093/2093/2093 2082/2082/2082
f 1940/1940/1940 2093/2093/2093 1933/1933/1933
f 2092/2092/2092 2094/2094/2094 2093/2093/2093 2091/2091/2091
f 2094/2094/2094 2087/2087/2087 2082/2082/2082 2093/2093/2093
f 1943/1943/1943 1940/1940/1940 1942/1942/1942
f 1912/1912/1912 1943/1943/1943 1930/1930/1930
f 1940/1940/1940 1943/1943/1943 1912/1912/1912
f 1930/1930/1930 1943/1943/1943 1945/1945/1945 1938/1938/1938
f 1943/1943/1943 1942/1942/1942 1944/1944/1944 1945/1945/1945
f 1942/1942/1942 1946/1946/1946 1948/1948/1948 1944/1944/1944
f 1946/1946/1946 1941/1941/1941 1947/1947/1947 1948/1948/1948
f 1946/1946/1946 1933/1933/1933 1941/1941/1941
f 1940/1940/1940 1946/1946/1946 1942/1942/1942
f 1933/1933/1933 1946/1946/1946 1940/1940/1940
f 1954/1954/1954 1949/1949/1949 1951/1951/1951
f 1933/1933/1933 1954/1954/1954 1941/1941/1941
f 1949/1949/1949 1954/1954/1954 1933/1933/1933
f 1941/1941/1941 1954/1954/1954 1956/1956/1956 1947/1947/1947
f 1954/1954/1954 1951/1951/1951 1955/1955/1955 1956/1956/1956
f 1951/1951/1951 1957/1957/1957 1959/1959/1959 1955/1955/1955
f 1957/1957/1957 1950/1950/1950 1958/1958/1958 1959/1959/1959
f 1957/1957/1957 1932/1932/1932 1950/1950/1950
f 1949/1949/1949 1957/1957/1957 1951/1951/1951
f 1932/1932/1932 1957/1957/1957 1949/1949/1949
f 2087/2087/2087 2089/2089/2089 2088/2088/2088 2082/2082/2082
f 2089/2089/2089 2084/2084/2084 2083/2083/2083 2088/2088/2088
f 2088/2088/2088 1933/1933/1933 2082/2082/2082
f 1949/1949/1949 2088/2088/2088 2083/2083/2083
f 1933/1933/1933 2088/2088/2088 1949/1949/1949
f 2085/2085/2085 1949/1949/1949 2083/2083/2083
f 1932/1932/1932 2085/2085/2085 2074/2074/2074
f 1949/1949/1949 2085/2085/2085 1932/1932/1932
f 2084/2084/2084 2086/2086/2086 2085/2085/2085 2083/2083/2083
f 2086/2086/2086 2079/2079/2079 2074/2074/2074 2085/2085/2085
f 2111/2111/2111 2113/2113/2113 2112/2112/2112 2106/2106/2106
f 2113/2113/2113 2108/2108/2108 2107/2107/2107 2112/2112/2112
f 2112/2112/2112 1892/1892/1892 2106/2106/2106
f 1920/1920/1920 2112/2112/2112 2107/2107/2107
f 1892/1892/1892 2112/2112/2112 1920/1920/1920
f 2109/2109/2109 1920/1920/1920 2107/2107/2107
f 1913/1913/1913 2109/2109/2109 2098/2098/2098
f 1920/1920/1920 2109/2109/2109 1913/1913/1913
f 2108/2108/2108 2110/2110/2110 2109/2109/2109 2107/2107/2107
f 2110/2110/2110 2103/2103/2103 2098/2098/2098 2109/2109/2109
f 1923/1923/1923 1920/1920/1920 1922/1922/1922
f 1892/1892/1892 1923/1923/1923 1910/1910/1910
f 1920/1920/1920 1923/1923/1923 1892/1892/1892
f 1910/1910/1910 1923/1923/1923 1925/1925/1925 1918/1918/1918
f 1923/1923/1923 1922/1922/1922 1924/1924/1924 1925/1925/1925
f 1922/1922/1922 1926/1926/1926 1928/1928/1928 1924/1924/1924
f 1926/1926/1926 1921/1921/1921 1927/1927/1927 1928/1928/1928
f 1926/1926/1926 1913/1913/1913 1921/1921/1921
f 1920/1920/1920 1926/1926/1926 1922/1922/1922
f 1913/1913/1913 1926/1926/1926 1920/1920/1920
f 1934/1934/1934 1929/1929/1929 1931/1931/1931
f 1913/1913/1913 1934/1934/1934 1921/1921/1921
f 1929/1929/1929 1934/1934/1934 1913/1913/1913
f 1921/1921/1921 1934/1934/1934 1936/1936/1936 1927/1927/1927
f 1934/1934/1934 1931/1931/1931 1935/1935/1935 1936/1936/1936
f 1931/1931/1931 1937/1937/1937 1939/1939/1939 1935/1935/1935
f 1937/1937/1937 1930/1930/1930 1938/1938/1938 1939/1939/1939
f 1937/1937/1937 1912/1912/1912 1930/1930/1930
f 1929/1929/1929 1937/1937/1937 1931/1931/1931
f 1912/1912/1912 1937/1937/1937 1929/1929/1929
f 2103/2103/2103 2105/2105/2105 2104/2104/2104 2098/2098/2098
f 2105/2105/2105 2100/2100/2100 2099/2099/2099 2104/2104/2104
f 2104/2104/2104 1913/1913/1913 2098/2098/2098
f 1929/1929/1929 2104/2104/2104 2099/2099/2099
f 1913/1913/1913 2104/2104/2104 1929/1929/1929
f 2101/2101/2101 1929/1929/1929 2099/2099/2099
f 1912/1912/1912 2101/2101/2101 2090/2090/2090
f 1929/1929/1929 2101/2101/2101 1912/1912/1912
f 2100/2100/2100 2102/2102/2102 2101/2101/2101 2099/2099/2099
f 2102/2102/2102 2095/2095/2095 2090/2090/2090 2101/2101/2101
f 2127/2127/2127 2129/2129/2129 2128/2128/2128 2122/2122/2122
f 2129/2129/2129 2124/2124/2124 2123/2123/2123 2128/2128/2128
f 2128/2128/2128 1877/1877/1877 2122/2122/2122
f 1900/1900/1900 2128/2128/2128 2123/2123/2123
f 1877/1877/1877 2128/2128/2128 1900/1900/1900
f 2125/2125/2125 1900/1900/1900 2123/2123/2123
f 1893/1893/1893 2125/2125/2125 2114/2114/2114
f 1900/1900/1900 2125/2125/2125 1893/1893/1893
f 2124/2124/2124 2126/2126/2126 2125/2125/2125 2123/2123/2123
f 2126/2126/2126 2119/2119/2119 2114/2114/2114 2125/2125/2125
f 1903/1903/1903 1900/1900/1900 1902/1902/1902
f 1877/1877/1877 1903/1903/1903 1890/1890/1890
f 1900/1900/1900 1903/1903/1903 1877/1877/1877
f 1890/1890/1890 1903/1903/1903 1905/1905/1905 1898/1898/1898
f 1903/1903/1903 1902/1902/1902 1904/1904/1904 1905/1905/1905
f 1902/1902/1902 1906/1906/1906 1908/1908/1908 1904/1904/1904
f 1906/1906/1906 1901/1901/1901 1907/1907/1907 1908/1908/1908
f 1906/1906/1906 1893/1893/1893 1901/1901/1901
f 1900/1900/1900 1906/1906/1906 1902/1902/1902
f 1893/1893/1893 1906/1906/1906 1900/1900/1900
f 1914/1914/1914 1909/1909/1909 1911/1911/1911
f 1893/1893/1893 1914/1914/1914 1901/1901/1901
f 1909/1909/1909 1914/1914/1914 1893/1893/1893
f 1901/1901/1901 1914/1914/1914 1916/1916/1916 1907/1907/1907
f 1914/1914/1914 1911/1911/1911 1915/1915/1915 1916/1916/1916
f 1911/1911/1911 1917/1917/1917 1919/1919/1919 1915/1915/1915
f 1917/1917/1917 1910/1910/1910 1918/1918/1918 1919/1919/1919
f 1917/1917/1917 1892/1892/1892 1910/1910/1910
f 1909/1909/1909 1917/1917/1917 1911/1911/1911
f 1892/1892/1892 1917/1917/1917 1909/1909/1909
f 2119/2119/2119 2121/2121/2121 2120/2120/2120 2114/2114/2114
f 2121/2121/2121 2116/2116/2116 2115/2115/2115 2120/2120/2120
f 2120/2120/2120 1893/1893/1893 2114/2114/2114
f 1909/1909/1909 2120/2120/2120 2115/2115/2115
f 1893/1893/1893 2120/2120/2120 1909/1909/1909
f 2117/2117/2117 1909/1909/1909 2115/2115/2115
f 1892/1892/1892 2117/2117/2117 2106/2106/2106
f 1909/1909/1909 2117/2117/2117 1892/1892/1892
f 2116/2116/2116 2118/2118/2118 2117/2117/2117 2115/2115/2115
f 2118/2118/2118 2111/2111/2111 2106/2106/2106 2117/2117/2117
f 2143/2143/2143 2139/2139/2139 2138/2138/2138 2142/2142/2142
f 2140/2140/2140 1879/1879/1879 2138/2138/2138
f 1878/1878/1878 2140/2140/2140 2130/2130/2130
f 1879/1879/1879 2140/2140/2140 1878/1878/1878
f 2139/2139/2139 2141/2141/2141 2140/2140/2140 2138/2138/2138
f 2141/2141/2141 2135/2135/2135 2130/2130/2130 2140/2140/2140
f 1883/1883/1883 1882/1882/1882 1884/1884/1884 1885/1885/1885
f 1882/1882/1882 1886/1886/1886 1888/1888/1888 1884/1884/1884
f 1886/1886/1886 1881/1881/1881 1887/1887/1887 1888/1888/1888
f 1886/1886/1886 1878/1878/1878 1881/1881/1881
f 1879/1879/1879 1886/1886/1886 1882/1882/1882
f 1878/1878/1878 1886/1886/1886 1879/1879/1879
f 1894/1894/1894 1889/1889/1889 1891/1891/1891
f 1878/1878/1878 1894/1894/1894 1881/1881/1881
f 1889/1889/1889 1894/1894/1894 1878/1878/1878
f 1881/1881/1881 1894/1894/1894 1896/1896/1896 1887/1887/1887
f 1894/1894/1894 1891/1891/1891 1895/1895/1895 1896/1896/1896
f 1891/1891/1891 1897/1897/1897 1899/1899/1899 1895/1895/1895
f 1897/1897/1897 1890/1890/1890 1898/1898/1898 1899/1899/1899
f 1897/1897/1897 1877/1877/1877 1890/1890/1890
f 1889/1889/1889 1897/1897/1897 1891/1891/1891
f 1877/1877/1877 1897/1897/1897 1889/1889/1889
f 2135/2135/2135 2137/2137/2137 2136/2136/2136 2130/2130/2130
f 2137/2137/2137 2132/2132/2132 2131/2131/2131 2136/2136/2136
f 2136/2136/2136 1878/1878/1878 2130/2130/2130
f 1889/1889/1889 2136/2136/2136 2131/2131/2131
f 1878/1878/1878 2136/2136/2136 1889/1889/1889
f 2133/2133/2133 1889/1889/1889 2131/2131/2131
f 1877/1877/1877 2133/2133/2133 2122/2122/2122
f 1889/1889/1889 2133/2133/2133 1877/1877/1877
f 2132/2132/2132 2134/2134/2134 2133/2133/2133 2131/2131/2131
f 2134/2134/2134 2127/2127/2127 2122/2122/2122 2133/2133/2133
f 1998/1998/1998 1825/1825/1825 1875/1875/1875
f 1874/1874/1874 1997/1997/1997 1998/1998/1998 1875/1875/1875
f 1872/1872/1872 1993/1993/1993 1992/1992/1992 1873/1873/1873
f 1871/1871/1871 1988/1988/1988 1987/1987/1987 1872/1872/1872
f 1992/1992/1992 1874/1874/1874 1873/1873/1873
f 1825/1825/1825 1998/1998/1998 1996/1996/1996
f 1870/1870/1870 1984/1984/1984 1988/1988/1988 1871/1871/1871
f 1992/1992/1992 1997/1997/1997 1874/1874/1874
f 1869/1869/1869 1985/1985/1985 1984/1984/1984 1870/1870/1870
f 1867/1867/1867 1979/1979/1979 1978/1978/1978 1868/1868/1868
f 1868/1868/1868 1978/1978/1978 1985/1985/1985 1869/1869/1869
f 1866/1866/1866 1975/1975/1975 1979/1979/1979 1867/1867/1867
f 1996/1996/1996 1972/1972/1972 1825/1825/1825
f 1865/1865/1865 1976/1976/1976 1975/1975/1975 1866/1866/1866
f 1864/1864/1864 1967/1967/1967 1976/1976/1976 1865/1865/1865
f 1862/1862/1862 1964/1964/1964 1968/1968/1968 1863/1863/1863
f 1861/1861/1861 1965/1965/1965 1964/1964/1964 1862/1862/1862
f 1863/1863/1863 1968/1968/1968 1967/1967/1967 1864/1864/1864
f 1859/1859/1859 1959/1959/1959 1958/1958/1958 1860/1860/1860
f 1858/1858/1858 1955/1955/1955 1959/1959/1959 1859/1859/1859
f 1856/1856/1856 1948/1948/1948 1947/1947/1947 1857/1857/1857
f 1855/1855/1855 1854/1854/1854 1944/1944/1944
f 1855/1855/1855 1944/1944/1944 1948/1948/1948 1856/1856/1856
f 1857/1857/1857 1947/1947/1947 1956/1956/1956 1858/1858/1858
f 1860/1860/1860 1958/1958/1958 1965/1965/1965 1861/1861/1861
f 1997/1997/1997 1992/1992/1992 1995/1995/1995
f 1872/1872/1872 1987/1987/1987 1993/1993/1993
f 1989/1989/1989 1994/1994/1994 1990/1990/1990
f 1996/1996/1996 1995/1995/1995 1994/1994/1994
f 1972/1972/1972 1994/1994/1994 1989/1989/1989
f 1989/1989/1989 2050/2050/2050 1972/1972/1972
f 1994/1994/1994 1972/1972/1972 1996/1996/1996
f 1858/1858/1858 1956/1956/1956 1955/1955/1955
f 1854/1854/1854 1945/1945/1945 1944/1944/1944
f 1853/1853/1853 1945/1945/1945 1854/1854/1854
f 1852/1852/1852 1938/1938/1938 1945/1945/1945 1853/1853/1853
f 1938/1938/1938 1852/1852/1852 1851/1851/1851
f 1849/1849/1849 1935/1935/1935 1939/1939/1939 1850/1850/1850
f 1848/1848/1848 1936/1936/1936 1935/1935/1935 1849/1849/1849
f 1850/1850/1850 1939/1939/1939 1851/1851/1851
f 1846/1846/1846 1928/1928/1928 1927/1927/1927 1847/1847/1847
f 1845/1845/1845 1925/1925/1925 1924/1924/1924 1846/1846/1846
f 1843/1843/1843 1919/1919/1919 1918/1918/1918 1844/1844/1844
f 1841/1841/1841 1916/1916/1916 1915/1915/1915 1842/1842/1842
f 1842/1842/1842 1915/1915/1915 1919/1919/1919 1843/1843/1843
f 1844/1844/1844 1918/1918/1918 1925/1925/1925 1845/1845/1845
f 1847/1847/1847 1927/1927/1927 1936/1936/1936 1848/1848/1848
f 1839/1839/1839 1908/1908/1908 1907/1907/1907 1840/1840/1840
f 1838/1838/1838 1904/1904/1904 1908/1908/1908 1839/1839/1839
f 1836/1836/1836 1898/1898/1898 1905/1905/1905 1837/1837/1837
f 1835/1835/1835 1899/1899/1899 1898/1898/1898 1836/1836/1836
f 1837/1837/1837 1905/1905/1905 1904/1904/1904 1838/1838/1838
f 1833/1833/1833 1896/1896/1896 1895/1895/1895 1834/1834/1834
f 1832/1832/1832 1887/1887/1887 1896/1896/1896 1833/1833/1833
f 1830/1830/1830 1884/1884/1884 1888/1888/1888 1831/1831/1831
f 1885/1885/1885 1829/1829/1829 1828/1828/1828
f 1829/1829/1829 1885/1885/1885 1884/1884/1884 1830/1830/1830
f 1831/1831/1831 1888/1888/1888 1887/1887/1887 1832/1832/1832
f 1834/1834/1834 1895/1895/1895 1899/1899/1899 1835/1835/1835
f 1840/1840/1840 1907/1907/1907 1916/1916/1916 1841/1841/1841
f 1851/1851/1851 1939/1939/1939 1938/1938/1938
f 1846/1846/1846 1924/1924/1924 1928/1928/1928
f 1885/1885/1885 1880/1880/1880 1883/1883/1883
f 1883/1883/1883 1880/1880/1880 1876/1876/1876
f 1879/1879/1879 1882/1882/1882 1883/1883/1883
f 1828/1828/1828 1880/1880/1880 1885/1885/1885
f 2051/2051/2051 2053/2053/2053 2050/2050/2050
f 1972/1972/1972 2050/2050/2050 2053/2053/2053
f 2002/2002/2002 2049/2049/2049 2057/2057/2057
f 2049/2049/2049 2052/2052/2052 2051/2051/2051
f 2062/2062/2062 2004/2004/2004 2003/2003/2003 2055/2055/2055
f 2060/2060/2060 2005/2005/2005 2004/2004/2004 2062/2062/2062
f 2063/2063/2063 2007/2007/2007 2006/2006/2006 2065/2065/2065
f 2068/2068/2068 2009/2009/2009 2008/2008/2008 2070/2070/2070
f 2070/2070/2070 2008/2008/2008 2007/2007/2007 2063/2063/2063
f 2065/2065/2065 2006/2006/2006 2005/2005/2005 2060/2060/2060
f 2055/2055/2055 2003/2003/2003 2057/2057/2057
f 2071/2071/2071 2011/2011/2011 2010/2010/2010 2073/2073/2073
f 2078/2078/2078 2012/2012/2012 2011/2011/2011 2071/2071/2071
f 2081/2081/2081 2014/2014/2014 2013/2013/2013 2076/2076/2076
f 2079/2079/2079 2015/2015/2015 2014/2014/2014 2081/2081/2081
f 2076/2076/2076 2013/2013/2013 2012/2012/2012 2078/2078/2078
f 2084/2084/2084 2017/2017/2017 2016/2016/2016 2086/2086/2086
f 2017/2017/2017 2084/2084/2084 2089/2089/2089
f 2094/2094/2094 2019/2019/2019 2018/2018/2018 2087/2087/2087
f 2097/2097/2097 2021/2021/2021 2020/2020/2020 2092/2092/2092
f 2092/2092/2092 2020/2020/2020 2019/2019/2019 2094/2094/2094
f 2087/2087/2087 2018/2018/2018 2089/2089/2089
f 2086/2086/2086 2016/2016/2016 2015/2015/2015 2079/2079/2079
f 2073/2073/2073 2010/2010/2010 2009/2009/2009 2068/2068/2068
f 2000/2000/2000 1826/1826/1826 2054/2054/2054
f 2053/2053/2053 2054/2054/2054 1826/1826/1826
f 2052/2052/2052 2000/2000/2000 2054/2054/2054
f 2049/2049/2049 2002/2002/2002 2001/2001/2001
f 2000/2000/2000 2052/2052/2052 2001/2001/2001
f 2057/2057/2057 2003/2003/2003 2002/2002/2002
f 2017/2017/2017 2089/2089/2089 2018/2018/2018
f 2095/2095/2095 2023/2023/2023 2022/2022/2022 2097/2097/2097
f 2021/2021/2021 2097/2097/2097 2022/2022/2022
f 2052/2052/2052 2049/2049/2049 2001/2001/2001
f 1826/1826/1826 1972/1972/1972 2053/2053/2053
f 2102/2102/2102 2025/2025/2025 2024/2024/2024 2095/2095/2095
f 2100/2100/2100 2026/2026/2026 2025/2025/2025 2102/2102/2102
f 2103/2103/2103 2028/2028/2028 2027/2027/2027 2105/2105/2105
f 2110/2110/2110 2029/2029/2029 2028/2028/2028 2103/2103/2103
f 2105/2105/2105 2027/2027/2027 2026/2026/2026 2100/2100/2100
f 2030/2030/2030 2108/2108/2108 2113/2113/2113
f 2111/2111/2111 2031/2031/2031 2030/2030/2030 2113/2113/2113
f 2116/2116/2116 2033/2033/2033 2032/2032/2032 2118/2118/2118
f 2119/2119/2119 2035/2035/2035 2034/2034/2034 2121/2121/2121
f 2121/2121/2121 2034/2034/2034 2033/2033/2033 2116/2116/2116
f 2118/2118/2118 2032/2032/2032 2031/2031/2031 2111/2111/2111
f 2108/2108/2108 2029/2029/2029 2110/2110/2110
f 2142/2142/2142 2138/2138/2138 1879/1879/1879
f 1999/1999/1999 2142/2142/2142 1876/1876/1876
f 1879/1879/1879 1876/1876/1876 2142/2142/2142
f 1999/1999/1999 2143/2143/2143 2142/2142/2142
f 1883/1883/1883 1876/1876/1876 1879/1879/1879
f 2129/2129/2129 2038/2038/2038 2037/2037/2037 2124/2124/2124
f 2127/2127/2127 2039/2039/2039 2038/2038/2038 2129/2129/2129
f 2132/2132/2132 2041/2041/2041 2040/2040/2040 2134/2134/2134
f 2135/2135/2135 2043/2043/2043 2042/2042/2042 2137/2137/2137
f 2137/2137/2137 2042/2042/2042 2041/2041/2041 2132/2132/2132
f 2134/2134/2134 2040/2040/2040 2039/2039/2039 2127/2127/2127
f 2124/2124/2124 2037/2037/2037 2036/2036/2036 2126/2126/2126
f 2126/2126/2126 2036/2036/2036 2035/2035/2035 2119/2119/2119
f 2029/2029/2029 2108/2108/2108 2030/2030/2030
f 2139/2139/2139 2045/2045/2045 2044/2044/2044 2141/2141/2141
f 2143/2143/2143 2046/2046/2046 2045/2045/2045 2139/2139/2139
f 2043/2043/2043 2135/2135/2135 2141/2141/2141 2044/2044/2044
f 2143/2143/2143 1827/1827/1827 2046/2046/2046
f 1999/1999/1999 1827/1827/1827 2143/2143/2143
f 2024/2024/2024 2023/2023/2023 2095/2095/2095
f 2050/2050/2050 1989/1989/1989 2048/2048/2048
f 2152/2152/2152 2154/2154/2154 2153/2153/2153
f 2151/2151/2151 2154/2154/2154 2152/2152/2152
f 2152/2152/2152 2144/2144/2144 2151/2151/2151
f 2145/2145/2145 2155/2155/2155 2154/2154/2154 2151/2151/2151
f 2155/2155/2155 2145/2145/2145 2150/2150/2150 2148/2148/2148
f 2147/2147/2147 2146/2146/2146 2148/2148/2148
f 2149/2149/2149 2147/2147/2147 2150/2150/2150
f 2148/2148/2148 2150/2150/2150 2147/2147/2147
f 2170/2170/2170 2164/2164/2164 2160/2160/2160 2169/2169/2169
f 2169/2169/2169 2160/2160/2160 2162/2162/2162 2171/2171/2171
f 2160/2160/2160 2161/2161/2161 2163/2163/2163 2162/2162/2162
f 2164/2164/2164 2165/2165/2165 2161/2161/2161 2160/2160/2160
f 2167/2167/2167 2163/2163/2163 2156/2156/2156
f 2156/2156/2156 2163/2163/2163 2161/2161/2161 2158/2158/2158
f 2165/2165/2165 2158/2158/2158 2161/2161/2161
f 2171/2171/2171 2167/2167/2167 2166/2166/2166
f 2167/2167/2167 2171/2171/2171 2162/2162/2162
f 2162/2162/2162 2163/2163/2163 2167/2167/2167
f 2168/2168/2168 2169/2169/2169 2171/2171/2171 2166/2166/2166
f 2159/2159/2159 2165/2165/2165 2164/2164/2164
f 2165/2165/2165 2159/2159/2159 2172/2172/2172
f 2172/2172/2172 2158/2158/2158 2165/2165/2165
f 2170/2170/2170 2159/2159/2159 2164/2164/2164
f 2170/2170/2170 2169/2169/2169 2168/2168/2168
f 2168/2168/2168 2157/2157/2157 2170/2170/2170
f 2159/2159/2159 2170/2170/2170 2157/2157/2157
f 2174/2174/2174 2199/2199/2199 2248/2248/2248 2245/2245/2245
f 2245/2245/2245 2248/2248/2248 2246/2246/2246 2205/2205/2205
f 2248/2248/2248 2247/2247/2247 2207/2207/2207 2246/2246/2246
f 2242/2242/2242 2248/2248/2248 2199/2199/2199
f 2247/2247/2247 2242/2242/2242 2196/2196/2196
f 2248/2248/2248 2242/2242/2242 2247/2247/2247
f 2212/2212/2212 2247/2247/2247 2196/2196/2196
f 2247/2247/2247 2206/2206/2206 2207/2207/2207
f 2206/2206/2206 2212/2212/2212 2173/2173/2173
f 2212/2212/2212 2206/2206/2206 2247/2247/2247
f 2245/2245/2245 2230/2230/2230 2174/2174/2174
f 2205/2205/2205 2203/2203/2203 2230/2230/2230 2245/2245/2245
f 2269/2269/2269 2215/2215/2215 2217/2217/2217
f 2175/2175/2175 2269/2269/2269 2216/2216/2216
f 2215/2215/2215 2269/2269/2269 2175/2175/2175
f 2216/2216/2216 2269/2269/2269 2271/2271/2271 2270/2270/2270
f 2270/2270/2270 2271/2271/2271 2224/2224/2224 2195/2195/2195
f 2367/2367/2367 2267/2267/2267 2197/2197/2197
f 2267/2267/2267 2271/2271/2271 2223/2223/2223
f 2271/2271/2271 2367/2367/2367 2224/2224/2224
f 2367/2367/2367 2271/2271/2271 2267/2267/2267
f 2269/2269/2269 2217/2217/2217 2223/2223/2223 2271/2271/2271
f 2266/2266/2266 2268/2268/2268 2267/2267/2267
f 2267/2267/2267 2219/2219/2219 2197/2197/2197
f 2368/2368/2368 2195/2195/2195 2224/2224/2224
f 2225/2225/2225 2368/2368/2368 2227/2227/2227
f 2195/2195/2195 2368/2368/2368 2225/2225/2225
f 2225/2225/2225 2227/2227/2227 2226/2226/2226 2198/2198/2198
f 2237/2237/2237 2369/2369/2369 2208/2208/2208
f 2369/2369/2369 2226/2226/2226 2227/2227/2227
f 2226/2226/2226 2237/2237/2237 2201/2201/2201
f 2237/2237/2237 2226/2226/2226 2369/2369/2369
f 2224/2224/2224 2367/2367/2367 2370/2370/2370 2368/2368/2368
f 2368/2368/2368 2370/2370/2370 2369/2369/2369 2227/2227/2227
f 2364/2364/2364 2370/2370/2370 2220/2220/2220
f 2369/2369/2369 2364/2364/2364 2208/2208/2208
f 2370/2370/2370 2364/2364/2364 2369/2369/2369
f 2367/2367/2367 2197/2197/2197 2220/2220/2220 2370/2370/2370
f 2241/2241/2241 2226/2226/2226 2201/2201/2201
f 2226/2226/2226 2174/2174/2174 2198/2198/2198
f 2174/2174/2174 2241/2241/2241 2199/2199/2199
f 2241/2241/2241 2174/2174/2174 2226/2226/2226
f 2238/2238/2238 2241/2241/2241 2201/2201/2201
f 2244/2244/2244 2238/2238/2238 2209/2209/2209
f 2241/2241/2241 2238/2238/2238 2244/2244/2244
f 2241/2241/2241 2244/2244/2244 2242/2242/2242 2199/2199/2199
f 2244/2244/2244 2243/2243/2243 2196/2196/2196 2242/2242/2242
f 2261/2261/2261 2244/2244/2244 2209/2209/2209
f 2243/2243/2243 2261/2261/2261 2200/2200/2200
f 2244/2244/2244 2261/2261/2261 2243/2243/2243
f 2363/2363/2363 2264/2264/2264 2222/2222/2222
f 2264/2264/2264 2197/2197/2197 2219/2219/2219
f 2197/2197/2197 2363/2363/2363 2220/2220/2220
f 2363/2363/2363 2197/2197/2197 2264/2264/2264
f 2220/2220/2220 2363/2363/2363 2366/2366/2366 2364/2364/2364
f 2364/2364/2364 2366/2366/2366 2365/2365/2365 2208/2208/2208
f 2366/2366/2366 2233/2233/2233 2221/2221/2221 2365/2365/2365
f 2360/2360/2360 2363/2363/2363 2222/2222/2222
f 2366/2366/2366 2360/2360/2360 2233/2233/2233
f 2363/2363/2363 2360/2360/2360 2366/2366/2366
f 2222/2222/2222 2359/2359/2359 2362/2362/2362 2360/2360/2360
f 2360/2360/2360 2362/2362/2362 2361/2361/2361 2233/2233/2233
f 2362/2362/2362 2254/2254/2254 2236/2236/2236 2361/2361/2361
f 2356/2356/2356 2359/2359/2359 2232/2232/2232
f 2362/2362/2362 2356/2356/2356 2254/2254/2254
f 2359/2359/2359 2356/2356/2356 2362/2362/2362
f 2295/2295/2295 2361/2361/2361 2236/2236/2236
f 2361/2361/2361 2221/2221/2221 2233/2233/2233
f 2221/2221/2221 2295/2295/2295 2234/2234/2234
f 2295/2295/2295 2221/2221/2221 2361/2361/2361
f 2236/2236/2236 2255/2255/2255 2298/2298/2298 2295/2295/2295
f 2295/2295/2295 2298/2298/2298 2296/2296/2296 2234/2234/2234
f 2298/2298/2298 2297/2297/2297 2211/2211/2211 2296/2296/2296
f 2447/2447/2447 2292/2292/2292 2235/2235/2235
f 2292/2292/2292 2298/2298/2298 2255/2255/2255
f 2298/2298/2298 2447/2447/2447 2297/2297/2297
f 2447/2447/2447 2298/2298/2298 2292/2292/2292
f 2232/2232/2232 2355/2355/2355 2358/2358/2358 2356/2356/2356
f 2356/2356/2356 2358/2358/2358 2357/2357/2357 2254/2254/2254
f 2352/2352/2352 2358/2358/2358 2278/2278/2278
f 2357/2357/2357 2352/2352/2352 2257/2257/2257
f 2358/2358/2358 2352/2352/2352 2357/2357/2357
f 2355/2355/2355 2253/2253/2253 2278/2278/2278 2358/2358/2358
f 2291/2291/2291 2357/2357/2357 2257/2257/2257
f 2357/2357/2357 2236/2236/2236 2254/2254/2254
f 2236/2236/2236 2291/2291/2291 2255/2255/2255
f 2291/2291/2291 2236/2236/2236 2357/2357/2357
f 2330/2330/2330 2353/2353/2353 2279/2279/2279
f 2353/2353/2353 2291/2291/2291 2257/2257/2257
f 2291/2291/2291 2330/2330/2330 2294/2294/2294
f 2330/2330/2330 2291/2291/2291 2353/2353/2353
f 2291/2291/2291 2294/2294/2294 2292/2292/2292 2255/2255/2255
f 2491/2491/2491 2331/2331/2331 2293/2293/2293
f 2331/2331/2331 2292/2292/2292 2294/2294/2294
f 2292/2292/2292 2491/2491/2491 2235/2235/2235
f 2491/2491/2491 2292/2292/2292 2331/2331/2331
f 2279/2279/2279 2288/2288/2288 2333/2333/2333 2330/2330/2330
f 2330/2330/2330 2333/2333/2333 2331/2331/2331 2294/2294/2294
f 2333/2333/2333 2332/2332/2332 2293/2293/2293 2331/2331/2331
f 2327/2327/2327 2333/2333/2333 2288/2288/2288
f 2332/2332/2332 2327/2327/2327 2256/2256/2256
f 2333/2333/2333 2327/2327/2327 2332/2332/2332
f 2351/2351/2351 2319/2319/2319 2280/2280/2280
f 2319/2319/2319 2253/2253/2253 2277/2277/2277
f 2253/2253/2253 2351/2351/2351 2278/2278/2278
f 2351/2351/2351 2253/2253/2253 2319/2319/2319
f 2278/2278/2278 2351/2351/2351 2354/2354/2354 2352/2352/2352
f 2352/2352/2352 2354/2354/2354 2353/2353/2353 2257/2257/2257
f 2354/2354/2354 2287/2287/2287 2279/2279/2279 2353/2353/2353
f 2348/2348/2348 2351/2351/2351 2280/2280/2280
f 2354/2354/2354 2348/2348/2348 2287/2287/2287
f 2351/2351/2351 2348/2348/2348 2354/2354/2354
f 2280/2280/2280 2347/2347/2347 2350/2350/2350 2348/2348/2348
f 2348/2348/2348 2350/2350/2350 2349/2349/2349 2287/2287/2287
f 2344/2344/2344 2350/2350/2350 2304/2304/2304
f 2349/2349/2349 2344/2344/2344 2290/2290/2290
f 2350/2350/2350 2344/2344/2344 2349/2349/2349
f 2385/2385/2385 2347/2347/2347 2286/2286/2286
f 2350/2350/2350 2385/2385/2385 2304/2304/2304
f 2347/2347/2347 2385/2385/2385 2350/2350/2350
f 2326/2326/2326 2349/2349/2349 2290/2290/2290
f 2349/2349/2349 2279/2279/2279 2287/2287/2287
f 2279/2279/2279 2326/2326/2326 2288/2288/2288
f 2326/2326/2326 2279/2279/2279 2349/2349/2349
f 2397/2397/2397 2345/2345/2345 2305/2305/2305
f 2345/2345/2345 2326/2326/2326 2290/2290/2290
f 2326/2326/2326 2397/2397/2397 2329/2329/2329
f 2397/2397/2397 2326/2326/2326 2345/2345/2345
f 2326/2326/2326 2329/2329/2329 2327/2327/2327 2288/2288/2288
f 2398/2398/2398 2327/2327/2327 2329/2329/2329
f 2256/2256/2256 2398/2398/2398 2328/2328/2328
f 2327/2327/2327 2398/2398/2398 2256/2256/2256
f 2394/2394/2394 2397/2397/2397 2305/2305/2305
f 2400/2400/2400 2394/2394/2394 2323/2323/2323
f 2397/2397/2397 2394/2394/2394 2400/2400/2400
f 2397/2397/2397 2400/2400/2400 2398/2398/2398 2329/2329/2329
f 2400/2400/2400 2399/2399/2399 2328/2328/2328 2398/2398/2398
f 2410/2410/2410 2400/2400/2400 2323/2323/2323
f 2399/2399/2399 2410/2410/2410 2289/2289/2289
f 2400/2400/2400 2410/2410/2410 2399/2399/2399
f 2286/2286/2286 2384/2384/2384 2386/2386/2386 2385/2385/2385
f 2385/2385/2385 2386/2386/2386 2343/2343/2343 2304/2304/2304
f 2383/2383/2383 2386/2386/2386 2340/2340/2340
f 2343/2343/2343 2383/2383/2383 2306/2306/2306
f 2386/2386/2386 2383/2383/2383 2343/2343/2343
f 2384/2384/2384 2340/2340/2340 2386/2386/2386
f 2304/2304/2304 2343/2343/2343 2346/2346/2346 2344/2344/2344
f 2344/2344/2344 2346/2346/2346 2345/2345/2345 2290/2290/2290
f 2393/2393/2393 2346/2346/2346 2322/2322/2322
f 2345/2345/2345 2393/2393/2393 2305/2305/2305
f 2346/2346/2346 2393/2393/2393 2345/2345/2345
f 2336/2336/2336 2343/2343/2343 2306/2306/2306
f 2346/2346/2346 2336/2336/2336 2322/2322/2322
f 2343/2343/2343 2336/2336/2336 2346/2346/2346
f 2306/2306/2306 2371/2371/2371 2336/2336/2336
f 2389/2389/2389 2336/2336/2336 2339/2339/2339
f 2322/2322/2322 2389/2389/2389 2337/2337/2337
f 2336/2336/2336 2389/2389/2389 2322/2322/2322
f 2372/2372/2372 2392/2392/2392 2389/2389/2389
f 2389/2389/2389 2392/2392/2392 2390/2390/2390 2337/2337/2337
f 2392/2392/2392 2391/2391/2391 2325/2325/2325 2390/2390/2390
f 2387/2387/2387 2392/2392/2392 2372/2372/2372
f 2391/2391/2391 2387/2387/2387 2338/2338/2338
f 2392/2392/2392 2387/2387/2387 2391/2391/2391
f 2388/2388/2388 2338/2338/2338 2387/2387/2387
f 2322/2322/2322 2337/2337/2337 2396/2396/2396 2393/2393/2393
f 2393/2393/2393 2396/2396/2396 2394/2394/2394 2305/2305/2305
f 2396/2396/2396 2395/2395/2395 2323/2323/2323 2394/2394/2394
f 2390/2390/2390 2396/2396/2396 2337/2337/2337
f 2395/2395/2395 2390/2390/2390 2325/2325/2325
f 2396/2396/2396 2390/2390/2390 2395/2395/2395
f 2407/2407/2407 2395/2395/2395 2325/2325/2325
f 2412/2412/2412 2407/2407/2407 2373/2373/2373
f 2395/2395/2395 2407/2407/2407 2412/2412/2412
f 2395/2395/2395 2412/2412/2412 2410/2410/2410 2323/2323/2323
f 2412/2412/2412 2411/2411/2411 2289/2289/2289 2410/2410/2410
f 2373/2373/2373 2324/2324/2324 2411/2411/2411 2412/2412/2412
f 2406/2406/2406 2404/2404/2404 2338/2338/2338
f 2406/2406/2406 2405/2405/2405 2401/2401/2401 2404/2404/2404
f 2405/2405/2405 2374/2374/2374 2401/2401/2401
f 2402/2402/2402 2405/2405/2405 2403/2403/2403
f 2404/2404/2404 2391/2391/2391 2338/2338/2338
f 2409/2409/2409 2404/2404/2404 2401/2401/2401
f 2391/2391/2391 2404/2404/2404 2409/2409/2409
f 2391/2391/2391 2409/2409/2409 2407/2407/2407 2325/2325/2325
f 2409/2409/2409 2408/2408/2408 2373/2373/2373 2407/2407/2407
f 2401/2401/2401 2374/2374/2374 2408/2408/2408 2409/2409/2409
f 2408/2408/2408 2324/2324/2324 2373/2373/2373
f 2383/2383/2383 2335/2335/2335 2306/2306/2306
f 2347/2347/2347 2341/2341/2341 2286/2286/2286
f 2341/2341/2341 2319/2319/2319 2320/2320/2320
f 2319/2319/2319 2347/2347/2347 2280/2280/2280
f 2347/2347/2347 2319/2319/2319 2341/2341/2341
f 2341/2341/2341 2384/2384/2384 2286/2286/2286
f 2342/2342/2342 2384/2384/2384 2341/2341/2341
f 2219/2219/2219 2265/2265/2265 2264/2264/2264
f 2359/2359/2359 2284/2284/2284 2232/2232/2232
f 2284/2284/2284 2264/2264/2264 2265/2265/2265
f 2264/2264/2264 2359/2359/2359 2222/2222/2222
f 2359/2359/2359 2264/2264/2264 2284/2284/2284
f 2355/2355/2355 2321/2321/2321 2253/2253/2253
f 2321/2321/2321 2284/2284/2284 2285/2285/2285
f 2284/2284/2284 2355/2355/2355 2232/2232/2232
f 2355/2355/2355 2284/2284/2284 2321/2321/2321
f 2321/2321/2321 2277/2277/2277 2253/2253/2253
f 2299/2299/2299 2365/2365/2365 2221/2221/2221
f 2365/2365/2365 2237/2237/2237 2208/2208/2208
f 2237/2237/2237 2299/2299/2299 2240/2240/2240
f 2299/2299/2299 2237/2237/2237 2365/2365/2365
f 2237/2237/2237 2240/2240/2240 2238/2238/2238 2201/2201/2201
f 2300/2300/2300 2238/2238/2238 2240/2240/2240
f 2209/2209/2209 2300/2300/2300 2239/2239/2239
f 2238/2238/2238 2300/2300/2300 2209/2209/2209
f 2221/2221/2221 2234/2234/2234 2302/2302/2302 2299/2299/2299
f 2299/2299/2299 2302/2302/2302 2300/2300/2300 2240/2240/2240
f 2302/2302/2302 2301/2301/2301 2239/2239/2239 2300/2300/2300
f 2296/2296/2296 2302/2302/2302 2234/2234/2234
f 2301/2301/2301 2296/2296/2296 2211/2211/2211
f 2302/2302/2302 2296/2296/2296 2301/2301/2301
f 2313/2313/2313 2301/2301/2301 2211/2211/2211
f 2318/2318/2318 2313/2313/2313 2258/2258/2258
f 2301/2301/2301 2313/2313/2313 2318/2318/2318
f 2301/2301/2301 2318/2318/2318 2316/2316/2316 2239/2239/2239
f 2318/2318/2318 2317/2317/2317 2263/2263/2263 2316/2316/2316
f 2258/2258/2258 2249/2249/2249 2317/2317/2317 2318/2318/2318
f 2316/2316/2316 2209/2209/2209 2239/2239/2239
f 2261/2261/2261 2316/2316/2316 2263/2263/2263
f 2209/2209/2209 2316/2316/2316 2261/2261/2261
f 2263/2263/2263 2262/2262/2262 2200/2200/2200 2261/2261/2261
f 2418/2418/2418 2317/2317/2317 2249/2249/2249
f 2317/2317/2317 2262/2262/2262 2263/2263/2263
f 2262/2262/2262 2418/2418/2418 2210/2210/2210
f 2418/2418/2418 2262/2262/2262 2317/2317/2317
f 2411/2411/2411 2375/2375/2375 2289/2289/2289
f 2375/2375/2375 2411/2411/2411 2376/2376/2376
f 2375/2375/2375 2399/2399/2399 2289/2289/2289
f 2399/2399/2399 2379/2379/2379 2328/2328/2328
f 2379/2379/2379 2375/2375/2375 2334/2334/2334
f 2375/2375/2375 2379/2379/2379 2399/2399/2399
f 2328/2328/2328 2379/2379/2379 2377/2377/2377 2256/2256/2256
f 2379/2379/2379 2378/2378/2378 2307/2307/2307 2377/2377/2377
f 2309/2309/2309 2378/2378/2378 2379/2379/2379
f 2482/2482/2482 2464/2464/2464 2378/2378/2378
f 2378/2378/2378 2464/2464/2464 2307/2307/2307
f 2464/2464/2464 2482/2482/2482 2303/2303/2303
f 2482/2482/2482 2378/2378/2378 2308/2308/2308
f 2481/2481/2481 2483/2483/2483 2482/2482/2482
f 2497/2497/2497 2483/2483/2483 2430/2430/2430
f 2482/2482/2482 2497/2497/2497 2303/2303/2303
f 2483/2483/2483 2497/2497/2497 2482/2482/2482
f 2451/2451/2451 2414/2414/2414 2283/2283/2283
f 2465/2465/2465 2377/2377/2377 2307/2307/2307
f 2377/2377/2377 2332/2332/2332 2256/2256/2256
f 2332/2332/2332 2465/2465/2465 2382/2382/2382
f 2465/2465/2465 2332/2332/2332 2377/2377/2377
f 2488/2488/2488 2332/2332/2332 2382/2382/2382
f 2293/2293/2293 2488/2488/2488 2380/2380/2380
f 2332/2332/2332 2488/2488/2488 2293/2293/2293
f 2382/2382/2382 2466/2466/2466 2490/2490/2490 2488/2488/2488
f 2488/2488/2488 2490/2490/2490 2489/2489/2489 2380/2380/2380
f 2490/2490/2490 2439/2439/2439 2312/2312/2312 2489/2489/2489
f 2485/2485/2485 2466/2466/2466 2381/2381/2381
f 2490/2490/2490 2485/2485/2485 2439/2439/2439
f 2466/2466/2466 2485/2485/2485 2490/2490/2490
f 2307/2307/2307 2464/2464/2464 2467/2467/2467 2465/2465/2465
f 2465/2465/2465 2467/2467/2467 2466/2466/2466 2382/2382/2382
f 2462/2462/2462 2467/2467/2467 2431/2431/2431
f 2467/2467/2467 2462/2462/2462 2466/2466/2466
f 2498/2498/2498 2464/2464/2464 2303/2303/2303
f 2467/2467/2467 2498/2498/2498 2431/2431/2431
f 2464/2464/2464 2498/2498/2498 2467/2467/2467
f 2293/2293/2293 2380/2380/2380 2493/2493/2493 2491/2491/2491
f 2491/2491/2491 2493/2493/2493 2492/2492/2492 2235/2235/2235
f 2493/2493/2493 2443/2443/2443 2310/2310/2310 2492/2492/2492
f 2489/2489/2489 2493/2493/2493 2380/2380/2380
f 2443/2443/2443 2489/2489/2489 2312/2312/2312
f 2493/2493/2493 2489/2489/2489 2443/2443/2443
f 2440/2440/2440 2443/2443/2443 2312/2312/2312
f 2446/2446/2446 2440/2440/2440 2427/2427/2427
f 2443/2443/2443 2440/2440/2440 2446/2446/2446
f 2443/2443/2443 2446/2446/2446 2444/2444/2444 2310/2310/2310
f 2446/2446/2446 2445/2445/2445 2281/2281/2281 2444/2444/2444
f 2472/2472/2472 2446/2446/2446 2427/2427/2427
f 2445/2445/2445 2472/2472/2472 2311/2311/2311
f 2446/2446/2446 2472/2472/2472 2445/2445/2445
f 2303/2303/2303 2497/2497/2497 2499/2499/2499 2498/2498/2498
f 2498/2498/2498 2499/2499/2499 2461/2461/2461 2431/2431/2431
f 2496/2496/2496 2478/2478/2478 2434/2434/2434
f 2499/2499/2499 2496/2496/2496 2461/2461/2461
f 2478/2478/2478 2496/2496/2496 2499/2499/2499
f 2497/2497/2497 2430/2430/2430 2478/2478/2478 2499/2499/2499
f 2484/2484/2484 2500/2500/2500 2432/2432/2432
f 2500/2500/2500 2484/2484/2484 2495/2495/2495
f 2477/2477/2477 2476/2476/2476 2438/2438/2438
f 2500/2500/2500 2494/2494/2494 2503/2503/2503
f 2500/2500/2500 2503/2503/2503 2501/2501/2501 2432/2432/2432
f 2503/2503/2503 2502/2502/2502 2458/2458/2458 2501/2501/2501
f 2460/2460/2460 2502/2502/2502 2503/2503/2503
f 2502/2502/2502 2436/2436/2436 2458/2458/2458
f 2459/2459/2459 2502/2502/2502 2460/2460/2460
f 2436/2436/2436 2502/2502/2502 2459/2459/2459
f 2459/2459/2459 2475/2475/2475 2438/2438/2438
f 2459/2459/2459 2429/2429/2429 2436/2436/2436
f 2437/2437/2437 2459/2459/2459 2438/2438/2438
f 2429/2429/2429 2459/2459/2459 2437/2437/2437
f 2476/2476/2476 2437/2437/2437 2438/2438/2438
f 2433/2433/2433 2476/2476/2476 2435/2435/2435
f 2437/2437/2437 2476/2476/2476 2433/2433/2433
f 2480/2480/2480 2479/2479/2479 2433/2433/2433
f 2463/2463/2463 2487/2487/2487 2485/2485/2485
f 2485/2485/2485 2487/2487/2487 2486/2486/2486 2439/2439/2439
f 2487/2487/2487 2468/2468/2468 2442/2442/2442 2486/2486/2486
f 2504/2504/2504 2484/2484/2484 2432/2432/2432
f 2484/2484/2484 2487/2487/2487 2463/2463/2463
f 2487/2487/2487 2504/2504/2504 2468/2468/2468
f 2504/2504/2504 2487/2487/2487 2484/2484/2484
f 2486/2486/2486 2312/2312/2312 2439/2439/2439
f 2440/2440/2440 2486/2486/2486 2442/2442/2442
f 2312/2312/2312 2486/2486/2486 2440/2440/2440
f 2469/2469/2469 2440/2440/2440 2442/2442/2442
f 2427/2427/2427 2469/2469/2469 2441/2441/2441
f 2440/2440/2440 2469/2469/2469 2427/2427/2427
f 2501/2501/2501 2504/2504/2504 2432/2432/2432
f 2507/2507/2507 2501/2501/2501 2458/2458/2458
f 2504/2504/2504 2501/2501/2501 2507/2507/2507
f 2504/2504/2504 2507/2507/2507 2505/2505/2505 2468/2468/2468
f 2507/2507/2507 2506/2506/2506 2471/2471/2471 2505/2505/2505
f 2458/2458/2458 2436/2436/2436 2506/2506/2506 2507/2507/2507
f 2505/2505/2505 2442/2442/2442 2468/2468/2468
f 2469/2469/2469 2505/2505/2505 2471/2471/2471
f 2442/2442/2442 2505/2505/2505 2469/2469/2469
f 2471/2471/2471 2470/2470/2470 2441/2441/2441 2469/2469/2469
f 2506/2506/2506 2470/2470/2470 2471/2471/2471
f 2429/2429/2429 2506/2506/2506 2436/2436/2436
f 2470/2470/2470 2506/2506/2506 2429/2429/2429
f 2470/2470/2470 2474/2474/2474 2441/2441/2441
f 2452/2452/2452 2470/2470/2470 2429/2429/2429
f 2474/2474/2474 2470/2470/2470 2452/2452/2452
f 2441/2441/2441 2474/2474/2474 2472/2472/2472 2427/2427/2427
f 2474/2474/2474 2473/2473/2473 2311/2311/2311 2472/2472/2472
f 2452/2452/2452 2428/2428/2428 2473/2473/2473 2474/2474/2474
f 2479/2479/2479 2454/2454/2454 2433/2433/2433
f 2451/2451/2451 2479/2479/2479 2413/2413/2413
f 2454/2454/2454 2479/2479/2479 2451/2451/2451
f 2437/2437/2437 2452/2452/2452 2429/2429/2429
f 2454/2454/2454 2437/2437/2437 2433/2433/2433
f 2452/2452/2452 2437/2437/2437 2454/2454/2454
f 2454/2454/2454 2453/2453/2453 2428/2428/2428 2452/2452/2452
f 2451/2451/2451 2283/2283/2283 2453/2453/2453 2454/2454/2454
f 2453/2453/2453 2457/2457/2457 2428/2428/2428
f 2421/2421/2421 2453/2453/2453 2283/2283/2283
f 2457/2457/2457 2453/2453/2453 2421/2421/2421
f 2473/2473/2473 2455/2455/2455 2311/2311/2311
f 2457/2457/2457 2473/2473/2473 2428/2428/2428
f 2455/2455/2455 2473/2473/2473 2457/2457/2457
f 2457/2457/2457 2456/2456/2456 2425/2425/2425 2455/2455/2455
f 2421/2421/2421 2415/2415/2415 2456/2456/2456 2457/2457/2457
f 2455/2455/2455 2445/2445/2445 2311/2311/2311
f 2445/2445/2445 2423/2423/2423 2281/2281/2281
f 2423/2423/2423 2455/2455/2455 2425/2425/2425
f 2455/2455/2455 2423/2423/2423 2445/2445/2445
f 2425/2425/2425 2424/2424/2424 2260/2260/2260 2423/2423/2423
f 2456/2456/2456 2424/2424/2424 2425/2425/2425
f 2282/2282/2282 2456/2456/2456 2415/2415/2415
f 2424/2424/2424 2456/2456/2456 2282/2282/2282
f 2421/2421/2421 2426/2426/2426 2422/2422/2422
f 2283/2283/2283 2426/2426/2426 2421/2421/2421
f 2492/2492/2492 2447/2447/2447 2235/2235/2235
f 2450/2450/2450 2492/2492/2492 2310/2310/2310
f 2447/2447/2447 2492/2492/2492 2450/2450/2450
f 2447/2447/2447 2450/2450/2450 2448/2448/2448 2297/2297/2297
f 2450/2450/2450 2449/2449/2449 2315/2315/2315 2448/2448/2448
f 2444/2444/2444 2450/2450/2450 2310/2310/2310
f 2449/2449/2449 2444/2444/2444 2281/2281/2281
f 2450/2450/2450 2444/2444/2444 2449/2449/2449
f 2448/2448/2448 2211/2211/2211 2297/2297/2297
f 2313/2313/2313 2448/2448/2448 2315/2315/2315
f 2211/2211/2211 2448/2448/2448 2313/2313/2313
f 2315/2315/2315 2314/2314/2314 2258/2258/2258 2313/2313/2313
f 2423/2423/2423 2449/2449/2449 2281/2281/2281
f 2449/2449/2449 2314/2314/2314 2315/2315/2315
f 2314/2314/2314 2423/2423/2423 2260/2260/2260
f 2423/2423/2423 2314/2314/2314 2449/2449/2449
f 2416/2416/2416 2314/2314/2314 2260/2260/2260
f 2314/2314/2314 2249/2249/2249 2258/2258/2258
f 2249/2249/2249 2416/2416/2416 2259/2259/2259
f 2416/2416/2416 2249/2249/2249 2314/2314/2314
f 2424/2424/2424 2416/2416/2416 2260/2260/2260
f 2417/2417/2417 2424/2424/2424 2282/2282/2282
f 2416/2416/2416 2424/2424/2424 2417/2417/2417
f 2417/2417/2417 2259/2259/2259 2416/2416/2416
f 2259/2259/2259 2419/2419/2419 2418/2418/2418 2249/2249/2249
f 2262/2262/2262 2250/2250/2250 2200/2200/2200
f 2250/2250/2250 2420/2420/2420 2252/2252/2252
f 2420/2420/2420 2250/2250/2250 2262/2262/2262
f 2252/2252/2252 2251/2251/2251 2214/2214/2214 2250/2250/2250
f 2250/2250/2250 2243/2243/2243 2200/2200/2200
f 2243/2243/2243 2212/2212/2212 2196/2196/2196
f 2212/2212/2212 2250/2250/2250 2214/2214/2214
f 2250/2250/2250 2212/2212/2212 2243/2243/2243
f 2214/2214/2214 2213/2213/2213 2173/2173/2173 2212/2212/2212
f 2204/2204/2204 2228/2228/2228 2231/2231/2231 2229/2229/2229
f 2229/2229/2229 2231/2231/2231 2230/2230/2230 2203/2203/2203
f 2231/2231/2231 2198/2198/2198 2174/2174/2174 2230/2230/2230
f 2225/2225/2225 2228/2228/2228 2195/2195/2195
f 2231/2231/2231 2225/2225/2225 2198/2198/2198
f 2228/2228/2228 2225/2225/2225 2231/2231/2231
f 2202/2202/2202 2272/2272/2272 2274/2274/2274 2273/2273/2273
f 2273/2273/2273 2274/2274/2274 2228/2228/2228 2204/2204/2204
f 2270/2270/2270 2274/2274/2274 2216/2216/2216
f 2228/2228/2228 2270/2270/2270 2195/2195/2195
f 2274/2274/2274 2270/2270/2270 2228/2228/2228
f 2272/2272/2272 2175/2175/2175 2216/2216/2216 2274/2274/2274
f 2272/2272/2272 2218/2218/2218 2175/2175/2175
f 2276/2276/2276 2272/2272/2272 2202/2202/2202
f 2218/2218/2218 2272/2272/2272 2276/2276/2276
f 2275/2275/2275 2176/2176/2176 2218/2218/2218 2276/2276/2276
f 2509/2509/2509 2194/2194/2194 2192/2192/2192
f 2193/2193/2193 2192/2192/2192 2194/2194/2194
f 2177/2177/2177 2508/2508/2508 2179/2179/2179
f 2180/2180/2180 2510/2510/2510 2402/2402/2402
f 2402/2402/2402 2403/2403/2403 2177/2177/2177
f 2180/2180/2180 2402/2402/2402 2177/2177/2177
f 2178/2178/2178 2177/2177/2177 2179/2179/2179
f 2177/2177/2177 2511/2511/2511 2180/2180/2180
f 2190/2190/2190 2181/2181/2181 2191/2191/2191
f 2181/2181/2181 2190/2190/2190 2182/2182/2182
f 2512/2512/2512 2191/2191/2191 2181/2181/2181
f 2188/2188/2188 2183/2183/2183 2182/2182/2182
f 2186/2186/2186 2185/2185/2185 2184/2184/2184
f 2187/2187/2187 2186/2186/2186 2184/2184/2184
f 2190/2190/2190 2189/2189/2189 2182/2182/2182
f 2188/2188/2188 2182/2182/2182 2189/2189/2189
f 2187/2187/2187 2183/2183/2183 2188/2188/2188
f 2184/2184/2184 2183/2183/2183 2187/2187/2187
f 2625/2625/2625 2552/2552/2552 2513/2513/2513 2624/2624/2624
f 2622/2622/2622 2625/2625/2625 2544/2544/2544
f 2552/2552/2552 2622/2622/2622 2514/2514/2514
f 2625/2625/2625 2622/2622/2622 2552/2552/2552
f 2580/2580/2580 2570/2570/2570 2539/2539/2539
f 2570/2570/2570 2516/2516/2516 2535/2535/2535
f 2516/2516/2516 2580/2580/2580 2536/2536/2536
f 2580/2580/2580 2516/2516/2516 2570/2570/2570
f 2536/2536/2536 2580/2580/2580 2583/2583/2583 2581/2581/2581
f 2805/2805/2805 2581/2581/2581 2583/2583/2583
f 2534/2534/2534 2805/2805/2805 2582/2582/2582
f 2581/2581/2581 2805/2805/2805 2534/2534/2534
f 2583/2583/2583 2804/2804/2804 2807/2807/2807 2805/2805/2805
f 2805/2805/2805 2807/2807/2807 2806/2806/2806 2582/2582/2582
f 2807/2807/2807 2577/2577/2577 2537/2537/2537 2806/2806/2806
f 2801/2801/2801 2804/2804/2804 2546/2546/2546
f 2807/2807/2807 2801/2801/2801 2577/2577/2577
f 2804/2804/2804 2801/2801/2801 2807/2807/2807
f 2804/2804/2804 2596/2596/2596 2546/2546/2546
f 2596/2596/2596 2580/2580/2580 2539/2539/2539
f 2580/2580/2580 2804/2804/2804 2583/2583/2583
f 2804/2804/2804 2580/2580/2580 2596/2596/2596
f 2595/2595/2595 2597/2597/2597 2596/2596/2596
f 2800/2800/2800 2657/2657/2657 2576/2576/2576
f 2657/2657/2657 2596/2596/2596 2597/2597/2597
f 2596/2596/2596 2800/2800/2800 2546/2546/2546
f 2800/2800/2800 2596/2596/2596 2657/2657/2657
f 2657/2657/2657 2658/2658/2658 2591/2591/2591 2576/2576/2576
f 2546/2546/2546 2800/2800/2800 2803/2803/2803 2801/2801/2801
f 2801/2801/2801 2803/2803/2803 2802/2802/2802 2577/2577/2577
f 2797/2797/2797 2803/2803/2803 2592/2592/2592
f 2802/2802/2802 2797/2797/2797 2579/2579/2579
f 2803/2803/2803 2797/2797/2797 2802/2802/2802
f 2800/2800/2800 2576/2576/2576 2592/2592/2592 2803/2803/2803
f 2612/2612/2612 2802/2802/2802 2579/2579/2579
f 2802/2802/2802 2537/2537/2537 2577/2577/2577
f 2537/2537/2537 2612/2612/2612 2578/2578/2578
f 2612/2612/2612 2537/2537/2537 2802/2802/2802
f 2705/2705/2705 2798/2798/2798 2593/2593/2593
f 2798/2798/2798 2612/2612/2612 2579/2579/2579
f 2612/2612/2612 2705/2705/2705 2614/2614/2614
f 2705/2705/2705 2612/2612/2612 2798/2798/2798
f 2612/2612/2612 2614/2614/2614 2613/2613/2613 2578/2578/2578
f 2706/2706/2706 2613/2613/2613 2614/2614/2614
f 2613/2613/2613 2706/2706/2706 2547/2547/2547
f 2756/2756/2756 2794/2794/2794 2610/2610/2610
f 2794/2794/2794 2705/2705/2705 2593/2593/2593
f 2705/2705/2705 2756/2756/2756 2707/2707/2707
f 2756/2756/2756 2705/2705/2705 2794/2794/2794
f 2705/2705/2705 2707/2707/2707 2706/2706/2706 2614/2614/2614
f 2757/2757/2757 2706/2706/2706 2707/2707/2707
f 2706/2706/2706 2757/2757/2757 2598/2598/2598
f 2610/2610/2610 2703/2703/2703 2758/2758/2758 2756/2756/2756
f 2756/2756/2756 2758/2758/2758 2757/2757/2757 2707/2707/2707
f 2758/2758/2758 2734/2734/2734 2634/2634/2634 2757/2757/2757
f 2753/2753/2753 2758/2758/2758 2703/2703/2703
f 2734/2734/2734 2753/2753/2753 2557/2557/2557
f 2758/2758/2758 2753/2753/2753 2734/2734/2734
f 2796/2796/2796 2656/2656/2656 2594/2594/2594
f 2656/2656/2656 2576/2576/2576 2591/2591/2591
f 2576/2576/2576 2796/2796/2796 2592/2592/2592
f 2796/2796/2796 2576/2576/2576 2656/2656/2656
f 2592/2592/2592 2796/2796/2796 2799/2799/2799 2797/2797/2797
f 2797/2797/2797 2799/2799/2799 2798/2798/2798 2579/2579/2579
f 2793/2793/2793 2799/2799/2799 2609/2609/2609
f 2798/2798/2798 2793/2793/2793 2593/2593/2593
f 2799/2799/2799 2793/2793/2793 2798/2798/2798
f 2796/2796/2796 2594/2594/2594 2609/2609/2609 2799/2799/2799
f 2792/2792/2792 2653/2653/2653 2611/2611/2611
f 2653/2653/2653 2594/2594/2594 2608/2608/2608
f 2594/2594/2594 2792/2792/2792 2609/2609/2609
f 2792/2792/2792 2594/2594/2594 2653/2653/2653
f 2609/2609/2609 2792/2792/2792 2795/2795/2795 2793/2793/2793
f 2793/2793/2793 2795/2795/2795 2794/2794/2794 2593/2593/2593
f 2795/2795/2795 2702/2702/2702 2610/2610/2610 2794/2794/2794
f 2789/2789/2789 2792/2792/2792 2611/2611/2611
f 2795/2795/2795 2789/2789/2789 2702/2702/2702
f 2792/2792/2792 2789/2789/2789 2795/2795/2795
f 2611/2611/2611 2788/2788/2788 2791/2791/2791 2789/2789/2789
f 2789/2789/2789 2791/2791/2791 2790/2790/2790 2702/2702/2702
f 2785/2785/2785 2791/2791/2791 2745/2745/2745
f 2790/2790/2790 2785/2785/2785 2704/2704/2704
f 2791/2791/2791 2785/2785/2785 2790/2790/2790
f 2788/2788/2788 2654/2654/2654 2745/2745/2745 2791/2791/2791
f 2752/2752/2752 2790/2790/2790 2704/2704/2704
f 2790/2790/2790 2610/2610/2610 2702/2702/2702
f 2610/2610/2610 2752/2752/2752 2703/2703/2703
f 2752/2752/2752 2610/2610/2610 2790/2790/2790
f 2769/2769/2769 2786/2786/2786 2746/2746/2746
f 2786/2786/2786 2752/2752/2752 2704/2704/2704
f 2752/2752/2752 2769/2769/2769 2755/2755/2755
f 2769/2769/2769 2752/2752/2752 2786/2786/2786
f 2752/2752/2752 2755/2755/2755 2753/2753/2753 2703/2703/2703
f 2770/2770/2770 2753/2753/2753 2755/2755/2755
f 2557/2557/2557 2770/2770/2770 2754/2754/2754
f 2753/2753/2753 2770/2770/2770 2557/2557/2557
f 2822/2822/2822 2769/2769/2769 2746/2746/2746
f 2772/2772/2772 2822/2822/2822 2750/2750/2750
f 2769/2769/2769 2822/2822/2822 2772/2772/2772
f 2769/2769/2769 2772/2772/2772 2770/2770/2770 2755/2755/2755
f 2772/2772/2772 2771/2771/2771 2754/2754/2754 2770/2770/2770
f 2766/2766/2766 2772/2772/2772 2750/2750/2750
f 2771/2771/2771 2766/2766/2766 2631/2631/2631
f 2772/2772/2772 2766/2766/2766 2771/2771/2771
f 2784/2784/2784 2763/2763/2763 2747/2747/2747
f 2763/2763/2763 2654/2654/2654 2744/2744/2744
f 2654/2654/2654 2784/2784/2784 2745/2745/2745
f 2784/2784/2784 2654/2654/2654 2763/2763/2763
f 2745/2745/2745 2784/2784/2784 2787/2787/2787 2785/2785/2785
f 2785/2785/2785 2787/2787/2787 2786/2786/2786 2704/2704/2704
f 2821/2821/2821 2787/2787/2787 2749/2749/2749
f 2786/2786/2786 2821/2821/2821 2746/2746/2746
f 2787/2787/2787 2821/2821/2821 2786/2786/2786
f 2781/2781/2781 2784/2784/2784 2747/2747/2747
f 2787/2787/2787 2781/2781/2781 2749/2749/2749
f 2784/2784/2784 2781/2781/2781 2787/2787/2787
f 2747/2747/2747 2780/2780/2780 2783/2783/2783 2781/2781/2781
f 2781/2781/2781 2783/2783/2783 2782/2782/2782 2749/2749/2749
f 2777/2777/2777 2783/2783/2783 2759/2759/2759
f 2782/2782/2782 2777/2777/2777 2751/2751/2751
f 2783/2783/2783 2777/2777/2777 2782/2782/2782
f 2825/2825/2825 2780/2780/2780 2748/2748/2748
f 2783/2783/2783 2825/2825/2825 2759/2759/2759
f 2780/2780/2780 2825/2825/2825 2783/2783/2783
f 2749/2749/2749 2782/2782/2782 2823/2823/2823 2821/2821/2821
f 2821/2821/2821 2823/2823/2823 2822/2822/2822 2746/2746/2746
f 2823/2823/2823 2765/2765/2765 2750/2750/2750 2822/2822/2822
f 2818/2818/2818 2782/2782/2782 2751/2751/2751
f 2823/2823/2823 2818/2818/2818 2765/2765/2765
f 2782/2782/2782 2818/2818/2818 2823/2823/2823
f 2751/2751/2751 2778/2778/2778 2820/2820/2820 2818/2818/2818
f 2818/2818/2818 2820/2820/2820 2819/2819/2819 2765/2765/2765
f 2820/2820/2820 2808/2808/2808 2768/2768/2768 2819/2819/2819
f 2820/2820/2820 2817/2817/2817 2808/2808/2808
f 2819/2819/2819 2750/2750/2750 2765/2765/2765
f 2766/2766/2766 2819/2819/2819 2768/2768/2768
f 2750/2750/2750 2819/2819/2819 2766/2766/2766
f 2809/2809/2809 2766/2766/2766 2768/2768/2768
f 2631/2631/2631 2809/2809/2809 2767/2767/2767
f 2766/2766/2766 2809/2809/2809 2631/2631/2631
f 2808/2808/2808 2775/2775/2775 2810/2810/2810
f 2808/2808/2808 2810/2810/2810 2809/2809/2809 2768/2768/2768
f 2810/2810/2810 2767/2767/2767 2809/2809/2809
f 2825/2825/2825 2826/2826/2826 2776/2776/2776 2759/2759/2759
f 2824/2824/2824 2759/2759/2759 2776/2776/2776
f 2777/2777/2777 2824/2824/2824 2779/2779/2779
f 2759/2759/2759 2824/2824/2824 2777/2777/2777
f 2777/2777/2777 2816/2816/2816 2751/2751/2751
f 2763/2763/2763 2780/2780/2780 2747/2747/2747
f 2780/2780/2780 2763/2763/2763 2827/2827/2827
f 2608/2608/2608 2655/2655/2655 2653/2653/2653
f 2788/2788/2788 2764/2764/2764 2654/2654/2654
f 2764/2764/2764 2653/2653/2653 2655/2655/2655
f 2653/2653/2653 2788/2788/2788 2611/2611/2611
f 2788/2788/2788 2653/2653/2653 2764/2764/2764
f 2764/2764/2764 2744/2744/2744 2654/2654/2654
f 2656/2656/2656 2608/2608/2608 2594/2594/2594
f 2677/2677/2677 2681/2681/2681 2588/2588/2588
f 2682/2682/2682 2677/2677/2677 2600/2600/2600
f 2681/2681/2681 2677/2677/2677 2682/2682/2682
f 2681/2681/2681 2635/2635/2635 2588/2588/2588
f 2635/2635/2635 2604/2604/2604 2566/2566/2566
f 2604/2604/2604 2681/2681/2681 2605/2605/2605
f 2681/2681/2681 2604/2604/2604 2635/2635/2635
f 2713/2713/2713 2678/2678/2678 2603/2603/2603
f 2678/2678/2678 2713/2713/2713 2716/2716/2716
f 2652/2652/2652 2696/2696/2696 2699/2699/2699
f 2697/2697/2697 2699/2699/2699 2698/2698/2698
f 2730/2730/2730 2699/2699/2699 2646/2646/2646
f 2698/2698/2698 2730/2730/2730 2601/2601/2601
f 2699/2699/2699 2730/2730/2730 2698/2698/2698
f 2696/2696/2696 2694/2694/2694 2699/2699/2699
f 2650/2650/2650 2713/2713/2713 2715/2715/2715
f 2714/2714/2714 2715/2715/2715 2696/2696/2696
f 2711/2711/2711 2715/2715/2715 2674/2674/2674
f 2696/2696/2696 2711/2711/2711 2627/2627/2627
f 2715/2715/2715 2711/2711/2711 2696/2696/2696
f 2713/2713/2713 2603/2603/2603 2674/2674/2674 2715/2715/2715
f 2710/2710/2710 2673/2673/2673 2676/2676/2676
f 2603/2603/2603 2710/2710/2710 2674/2674/2674
f 2673/2673/2673 2710/2710/2710 2603/2603/2603
f 2674/2674/2674 2710/2710/2710 2712/2712/2712 2711/2711/2711
f 2711/2711/2711 2712/2712/2712 2627/2627/2627
f 2709/2709/2709 2726/2726/2726 2645/2645/2645
f 2726/2726/2726 2712/2712/2712 2687/2687/2687
f 2712/2712/2712 2709/2709/2709 2693/2693/2693
f 2709/2709/2709 2712/2712/2712 2726/2726/2726
f 2710/2710/2710 2676/2676/2676 2687/2687/2687 2712/2712/2712
f 2725/2725/2725 2686/2686/2686 2689/2689/2689
f 2676/2676/2676 2725/2725/2725 2687/2687/2687
f 2686/2686/2686 2725/2725/2725 2676/2676/2676
f 2687/2687/2687 2725/2725/2725 2728/2728/2728 2726/2726/2726
f 2728/2728/2728 2723/2723/2723 2726/2726/2726
f 2728/2728/2728 2727/2727/2727 2661/2661/2661 2683/2683/2683
f 2725/2725/2725 2689/2689/2689 2727/2727/2727 2728/2728/2728
f 2727/2727/2727 2630/2630/2630 2661/2661/2661
f 2688/2688/2688 2727/2727/2727 2689/2689/2689
f 2630/2630/2630 2727/2727/2727 2688/2688/2688
f 2686/2686/2686 2675/2675/2675 2688/2688/2688 2689/2689/2689
f 2686/2686/2686 2626/2626/2626 2675/2675/2675
f 2673/2673/2673 2686/2686/2686 2676/2676/2676
f 2626/2626/2626 2686/2686/2686 2673/2673/2673
f 2695/2695/2695 2732/2732/2732 2730/2730/2730
f 2730/2730/2730 2732/2732/2732 2731/2731/2731 2601/2601/2601
f 2732/2732/2732 2647/2647/2647 2731/2731/2731
f 2729/2729/2729 2732/2732/2732 2695/2695/2695
f 2718/2718/2718 2729/2729/2729 2649/2649/2649
f 2732/2732/2732 2729/2729/2729 2718/2718/2718
f 2662/2662/2662 2648/2648/2648 2719/2719/2719 2720/2720/2720
f 2664/2664/2664 2708/2708/2708 2685/2685/2685
f 2685/2685/2685 2724/2724/2724 2661/2661/2661
f 2684/2684/2684 2664/2664/2664 2717/2717/2717
f 2717/2717/2717 2648/2648/2648 2662/2662/2662
f 2663/2663/2663 2717/2717/2717 2664/2664/2664
f 2648/2648/2648 2717/2717/2717 2663/2663/2663
f 2685/2685/2685 2663/2663/2663 2664/2664/2664
f 2630/2630/2630 2685/2685/2685 2661/2661/2661
f 2663/2663/2663 2685/2685/2685 2630/2630/2630
f 2663/2663/2663 2668/2668/2668 2648/2648/2648
f 2665/2665/2665 2663/2663/2663 2630/2630/2630
f 2668/2668/2668 2663/2663/2663 2665/2665/2665
f 2719/2719/2719 2666/2666/2666 2628/2628/2628
f 2668/2668/2668 2719/2719/2719 2648/2648/2648
f 2666/2666/2666 2719/2719/2719 2668/2668/2668
f 2668/2668/2668 2667/2667/2667 2590/2590/2590 2666/2666/2666
f 2665/2665/2665 2629/2629/2629 2667/2667/2667 2668/2668/2668
f 2626/2626/2626 2690/2690/2690 2692/2692/2692 2675/2675/2675
f 2688/2688/2688 2665/2665/2665 2630/2630/2630
f 2692/2692/2692 2688/2688/2688 2675/2675/2675
f 2665/2665/2665 2688/2688/2688 2692/2692/2692
f 2692/2692/2692 2691/2691/2691 2629/2629/2629 2665/2665/2665
f 2690/2690/2690 2602/2602/2602 2691/2691/2691 2692/2692/2692
f 2600/2600/2600 2677/2677/2677 2680/2680/2680 2678/2678/2678
f 2673/2673/2673 2680/2680/2680 2626/2626/2626
f 2678/2678/2678 2673/2673/2673 2603/2603/2603
f 2680/2680/2680 2673/2673/2673 2678/2678/2678
f 2690/2690/2690 2679/2679/2679 2602/2602/2602
f 2680/2680/2680 2690/2690/2690 2626/2626/2626
f 2679/2679/2679 2690/2690/2690 2680/2680/2680
f 2677/2677/2677 2588/2588/2588 2679/2679/2679 2680/2680/2680
f 2651/2651/2651 2773/2773/2773 2774/2774/2774
f 2812/2812/2812 2811/2811/2811 2631/2631/2631
f 2773/2773/2773 2698/2698/2698 2721/2721/2721
f 2721/2721/2721 2698/2698/2698 2601/2601/2601
f 2698/2698/2698 2773/2773/2773 2651/2651/2651
f 2773/2773/2773 2721/2721/2721 2659/2659/2659 2701/2701/2701
f 2811/2811/2811 2771/2771/2771 2631/2631/2631
f 2815/2815/2815 2811/2811/2811 2760/2760/2760
f 2771/2771/2771 2811/2811/2811 2815/2815/2815
f 2771/2771/2771 2815/2815/2815 2813/2813/2813 2754/2754/2754
f 2815/2815/2815 2814/2814/2814 2762/2762/2762 2813/2813/2813
f 2700/2700/2700 2814/2814/2814 2815/2815/2815
f 2813/2813/2813 2557/2557/2557 2754/2754/2754
f 2761/2761/2761 2813/2813/2813 2762/2762/2762
f 2557/2557/2557 2813/2813/2813 2761/2761/2761
f 2762/2762/2762 2733/2733/2733 2632/2632/2632 2761/2761/2761
f 2814/2814/2814 2733/2733/2733 2762/2762/2762
f 2633/2633/2633 2814/2814/2814 2700/2700/2700
f 2736/2736/2736 2738/2738/2738 2737/2737/2737
f 2731/2731/2731 2721/2721/2721 2601/2601/2601
f 2721/2721/2721 2731/2731/2731 2722/2722/2722
f 2660/2660/2660 2666/2666/2666 2590/2590/2590
f 2741/2741/2741 2670/2670/2670 2740/2740/2740
f 2590/2590/2590 2741/2741/2741 2660/2660/2660
f 2670/2670/2670 2741/2741/2741 2590/2590/2590
f 2660/2660/2660 2741/2741/2741 2743/2743/2743
f 2741/2741/2741 2742/2742/2742 2743/2743/2743
f 2679/2679/2679 2669/2669/2669 2602/2602/2602
f 2669/2669/2669 2635/2635/2635 2638/2638/2638
f 2635/2635/2635 2679/2679/2679 2588/2588/2588
f 2679/2679/2679 2635/2635/2635 2669/2669/2669
f 2691/2691/2691 2672/2672/2672 2629/2629/2629
f 2669/2669/2669 2691/2691/2691 2602/2602/2602
f 2672/2672/2672 2691/2691/2691 2669/2669/2669
f 2667/2667/2667 2670/2670/2670 2590/2590/2590
f 2672/2672/2672 2667/2667/2667 2629/2629/2629
f 2670/2670/2670 2667/2667/2667 2672/2672/2672
f 2672/2672/2672 2671/2671/2671 2636/2636/2636 2670/2670/2670
f 2669/2669/2669 2638/2638/2638 2671/2671/2671 2672/2672/2672
f 2671/2671/2671 2589/2589/2589 2636/2636/2636
f 2637/2637/2637 2671/2671/2671 2638/2638/2638
f 2589/2589/2589 2671/2671/2671 2637/2637/2637
f 2635/2635/2635 2566/2566/2566 2637/2637/2637 2638/2638/2638
f 2637/2637/2637 2641/2641/2641 2589/2589/2589
f 2639/2639/2639 2637/2637/2637 2566/2566/2566
f 2641/2641/2641 2637/2637/2637 2639/2639/2639
f 2639/2639/2639 2640/2640/2640 2641/2641/2641
f 2604/2604/2604 2639/2639/2639 2566/2566/2566
f 2639/2639/2639 2556/2556/2556 2565/2565/2565
f 2556/2556/2556 2604/2604/2604 2564/2564/2564
f 2604/2604/2604 2556/2556/2556 2639/2639/2639
f 2761/2761/2761 2734/2734/2734 2557/2557/2557
f 2734/2734/2734 2739/2739/2739 2735/2735/2735
f 2739/2739/2739 2734/2734/2734 2761/2761/2761
f 2734/2734/2734 2735/2735/2735 2634/2634/2634
f 2556/2556/2556 2642/2642/2642 2643/2643/2643 2565/2565/2565
f 2607/2607/2607 2606/2606/2606 2556/2556/2556
f 2606/2606/2606 2642/2642/2642 2556/2556/2556
f 2642/2642/2642 2567/2567/2567 2548/2548/2548
f 2567/2567/2567 2606/2606/2606 2568/2568/2568
f 2606/2606/2606 2567/2567/2567 2642/2642/2642
f 2538/2538/2538 2567/2567/2567 2568/2568/2568
f 2534/2534/2534 2582/2582/2582 2620/2620/2620 2618/2618/2618
f 2618/2618/2618 2620/2620/2620 2619/2619/2619 2549/2549/2549
f 2620/2620/2620 2558/2558/2558 2551/2551/2551 2619/2619/2619
f 2615/2615/2615 2806/2806/2806 2537/2537/2537
f 2806/2806/2806 2620/2620/2620 2582/2582/2582
f 2620/2620/2620 2615/2615/2615 2558/2558/2558
f 2615/2615/2615 2620/2620/2620 2806/2806/2806
f 2619/2619/2619 2514/2514/2514 2549/2549/2549
f 2550/2550/2550 2619/2619/2619 2551/2551/2551
f 2514/2514/2514 2619/2619/2619 2550/2550/2550
f 2537/2537/2537 2578/2578/2578 2617/2617/2617 2615/2615/2615
f 2615/2615/2615 2617/2617/2617 2616/2616/2616 2558/2558/2558
f 2617/2617/2617 2560/2560/2560 2616/2616/2616
f 2613/2613/2613 2617/2617/2617 2578/2578/2578
f 2599/2599/2599 2613/2613/2613 2547/2547/2547
f 2617/2617/2617 2613/2613/2613 2599/2599/2599
f 2616/2616/2616 2551/2551/2551 2558/2558/2558
f 2559/2559/2559 2616/2616/2616 2560/2560/2560
f 2551/2551/2551 2616/2616/2616 2559/2559/2559
f 2571/2571/2571 2561/2561/2561 2538/2538/2538
f 2561/2561/2561 2553/2553/2553 2555/2555/2555
f 2553/2553/2553 2571/2571/2571 2533/2533/2533
f 2571/2571/2571 2553/2553/2553 2561/2561/2561
f 2644/2644/2644 2561/2561/2561 2563/2563/2563
f 2561/2561/2561 2567/2567/2567 2538/2538/2538
f 2567/2567/2567 2561/2561/2561 2644/2644/2644
f 2561/2561/2561 2555/2555/2555 2562/2562/2562 2563/2563/2563
f 2553/2553/2553 2515/2515/2515 2554/2554/2554 2555/2555/2555
f 2545/2545/2545 2586/2586/2586 2623/2623/2623 2621/2621/2621
f 2621/2621/2621 2623/2623/2623 2622/2622/2622 2544/2544/2544
f 2623/2623/2623 2549/2549/2549 2514/2514/2514 2622/2622/2622
f 2618/2618/2618 2586/2586/2586 2534/2534/2534
f 2623/2623/2623 2618/2618/2618 2549/2549/2549
f 2586/2586/2586 2618/2618/2618 2623/2623/2623
f 2543/2543/2543 2584/2584/2584 2587/2587/2587 2585/2585/2585
f 2585/2585/2585 2587/2587/2587 2586/2586/2586 2545/2545/2545
f 2581/2581/2581 2587/2587/2587 2536/2536/2536
f 2586/2586/2586 2581/2581/2581 2534/2534/2534
f 2587/2587/2587 2581/2581/2581 2586/2586/2586
f 2584/2584/2584 2516/2516/2516 2536/2536/2536 2587/2587/2587
f 2540/2540/2540 2572/2572/2572 2575/2575/2575 2573/2573/2573
f 2573/2573/2573 2575/2575/2575 2535/2535/2535 2516/2516/2516
f 2569/2569/2569 2574/2574/2574 2533/2533/2533
f 2575/2575/2575 2569/2569/2569 2535/2535/2535
f 2574/2574/2574 2569/2569/2569 2575/2575/2575
f 2572/2572/2572 2542/2542/2542 2574/2574/2574 2575/2575/2575
f 2574/2574/2574 2553/2553/2553 2533/2533/2533
f 2553/2553/2553 2541/2541/2541 2515/2515/2515
f 2541/2541/2541 2574/2574/2574 2542/2542/2542
f 2574/2574/2574 2541/2541/2541 2553/2553/2553
f 2584/2584/2584 2573/2573/2573 2516/2516/2516
f 2543/2543/2543 2540/2540/2540 2573/2573/2573 2584/2584/2584
f 2736/2736/2736 2525/2525/2525 2524/2524/2524
f 2525/2525/2525 2736/2736/2736 2526/2526/2526
f 2527/2527/2527 2526/2526/2526 2736/2736/2736
f 2523/2523/2523 2736/2736/2736 2524/2524/2524
f 2738/2738/2738 2523/2523/2523 2522/2522/2522
f 2520/2520/2520 2738/2738/2738 2521/2521/2521
f 2522/2522/2522 2521/2521/2521 2738/2738/2738
f 2738/2738/2738 2520/2520/2520 2737/2737/2737
f 2738/2738/2738 2736/2736/2736 2523/2523/2523
f 2736/2736/2736 2737/2737/2737 2528/2528/2528
f 2527/2527/2527 2736/2736/2736 2528/2528/2528
f 2520/2520/2520 2519/2519/2519 2737/2737/2737
f 2529/2529/2529 2737/2737/2737 2519/2519/2519
f 2529/2529/2529 2519/2519/2519 2828/2828/2828
f 2529/2529/2529 2528/2528/2528 2737/2737/2737
f 2532/2532/2532 2531/2531/2531 2530/2530/2530
f 2829/2829/2829 2532/2532/2532 2530/2530/2530
f 2518/2518/2518 2517/2517/2517 2830/2830/2830
f 2831/2831/2831 2832/2832/2832 2833/2833/2833
f 2834/2834/2834 2835/2835/2835 2836/2836/2836
f 2837/2837/2837 2839/2839/2839 2838/2838/2838
f 2840/2840/2840 2842/2842/2842 2841/2841/2841
f 2843/2843/2843 2844/2844/2844 2845/2845/2845
f 2846/2846/2846 2847/2847/2847 2848/2848/2848
f 2849/2849/2849 2850/2850/2850 2851/2851/2851
f 2852/2852/2852 2854/2854/2854 2853/2853/2853
f 2855/2855/2855 2857/2857/2857 2856/2856/2856
f 2858/2858/2858 2859/2859/2859 2860/2860/2860
f 2861/2861/2861 2862/2862/2862 2863/2863/2863
f 2405/2405/2405 2402/2402/2402 2864/2864/2864
f 2865/2865/2865 2867/2867/2867 2866/2866/2866
f 2868/2868/2868 2870/2870/2870 2869/2869/2869
f 2871/2871/2871 2873/2873/2873 2872/2872/2872
f 2874/2874/2874 2876/2876/2876 2875/2875/2875
f 2877/2877/2877 2879/2879/2879 2878/2878/2878
f 2880/2880/2880 2882/2882/2882 2881/2881/2881
f 2883/2883/2883 2885/2885/2885 2884/2884/2884
f 2886/2886/2886 2888/2888/2888 2887/2887/2887
f 2889/2889/2889 2891/2891/2891 2890/2890/2890
f 2892/2892/2892 2894/2894/2894 2893/2893/2893
f 2895/2895/2895 2897/2897/2897 2896/2896/2896
f 2898/2898/2898 2900/2900/2900 2899/2899/2899
f 2901/2901/2901 2903/2903/2903 2902/2902/2902
f 2904/2904/2904 2905/2905/2905 2906/2906/2906
f 2907/2907/2907 2909/2909/2909 2908/2908/2908
f 2910/2910/2910 2911/2911/2911 2912/2912/2912
f 2913/2913/2913 2915/2915/2915 2914/2914/2914
f 2916/2916/2916 2918/2918/2918 2917/2917/2917
f 2919/2919/2919 2921/2921/2921 2920/2920/2920
f 2922/2922/2922 2923/2923/2923 2924/2924/2924
f 2925/2925/2925 2926/2926/2926 2927/2927/2927
f 2928/2928/2928 2929/2929/2929 2930/2930/2930
f 2931/2931/2931 2932/2932/2932 2933/2933/2933
f 2934/2934/2934 2935/2935/2935 2936/2936/2936
f 2937/2937/2937 2938/2938/2938 2939/2939/2939
f 2940/2940/2940 2941/2941/2941 2942/2942/2942
f 2943/2943/2943 2945/2945/2945 2944/2944/2944
f 2946/2946/2946 2948/2948/2948 2947/2947/2947
f 2949/2949/2949 2949/2949/2949 2949/2949/2949
f 2949/2949/2949 2949/2949/2949 2949/2949/2949
f 2949/2949/2949 2949/2949/2949 2949/2949/2949
f 2950/2950/2950 2952/2952/2952 2951/2951/2951
f 2953/2953/2953 2955/2955/2955 2954/2954/2954
f 2956/2956/2956 2958/2958/2958 2957/2957/2957
f 2959/2959/2959 2961/2961/2961 2960/2960/2960
f 2962/2962/2962 2964/2964/2964 2963/2963/2963
f 2965/2965/2965 2967/2967/2967 2966/2966/2966
f 2968/2968/2968 2970/2970/2970 2969/2969/2969
f 2971/2971/2971 2973/2973/2973 2972/2972/2972
f 2974/2974/2974 2976/2976/2976 2975/2975/2975
f 2977/2977/2977 2979/2979/2979 2978/2978/2978
f 2980/2980/2980 2982/2982/2982 2981/2981/2981
f 2983/2983/2983 2985/2985/2985 2984/2984/2984
f 2986/2986/2986 2988/2988/2988 2987/2987/2987
f 2989/2989/2989 2991/2991/2991 2990/2990/2990
f 2992/2992/2992 2994/2994/2994 2993/2993/2993
f 2995/2995/2995 2997/2997/2997 2996/2996/2996
f 2998/2998/2998 2999/2999/2999 3000/3000/3000
f 3001/3001/3001 3002/3002/3002 3003/3003/3003
f 3004/3004/3004 3005/3005/3005 3006/3006/3006
f 3007/3007/3007 3008/3008/3008 3009/3009/3009
