# Rhino

mtllib PCaja_Pellet.mtl
usemtl Default
v 4 3 0
v 4 -1 0
v 4 3 0
v 4 -1 0
v 3.9573733806610107 -1 -0.58240467309951782
v 3.8304023742675781 -1 -1.1523964405059814
v 3.6217930316925049 -1 -1.6978267431259155
v 3.335991382598877 -1 -2.20707106590271
v 2.9790887832641602 -1 -2.6692752838134766
v 2.5586919784545898 -1 -3.0745885372161865
v 2.08376145362854 -1 -3.414372444152832
v 1.5644189119338989 -1 -3.681384801864624
v 1.0117335319519043 -1 -3.8699347972869873
v 0.43748483061790466 -1 -3.976003885269165
v -0.14608809351921082 -1 -3.9973313808441162
v -0.72654742002487183 -1 -3.9334626197814941
v -1.2915216684341431 -1 -3.7857592105865479
v -1.8289692401885986 -1 -3.5573685169219971
v -2.3274357318878174 -1 -3.2531590461730957
v -2.776296854019165 -1 -2.8796138763427734
v -3.1659860610961914 -1 -2.4446947574615479
v -3.4881975650787354 -1 -1.9576714038848877
v -3.7360644340515137 -1 -1.4289236068725586
v -3.9043035507202148 -1 -0.8697206974029541
v -3.9893290996551514 -1 -0.29198125004768372
v -3.9893290996551514 -1 0.29198125004768372
v -3.9043035507202148 -1 0.8697206974029541
v -3.7360644340515137 -1 1.4289236068725586
v -3.4881975650787354 -1 1.9576714038848877
v -3.1659860610961914 -1 2.4446947574615479
v -2.776296854019165 -1 2.8796138763427734
v -2.3274357318878174 -1 3.2531590461730957
v -1.8289692401885986 -1 3.5573685169219971
v -1.2915216684341431 -1 3.7857592105865479
v -0.72654742002487183 -1 3.9334626197814941
v -0.14608809351921082 -1 3.9973313808441162
v 0.43748483061790466 -1 3.976003885269165
v 1.0117335319519043 -1 3.8699347972869873
v 1.5644189119338989 -1 3.681384801864624
v 2.08376145362854 -1 3.414372444152832
v 2.5586919784545898 -1 3.0745885372161865
v 2.9790887832641602 -1 2.6692752838134766
v 3.335991382598877 -1 2.20707106590271
v 3.6217930316925049 -1 1.6978267431259155
v 3.8304023742675781 -1 1.1523964405059814
v 3.9573733806610107 -1 0.58240467309951782
v 4 1 0
v 4 1 0
v 3.9573733806610107 3 0.58240467309951782
v 3.8304023742675781 3 1.1523964405059814
v 3.6217930316925049 3 1.6978267431259155
v 3.335991382598877 3 2.20707106590271
v 2.9790887832641602 3 2.6692752838134766
v 2.5586919784545898 3 3.0745885372161865
v 2.08376145362854 3 3.414372444152832
v 1.5644189119338989 3 3.681384801864624
v 1.0117335319519043 3 3.8699347972869873
v 0.43748483061790466 3 3.976003885269165
v -0.14608809351921082 3 3.9973313808441162
v -0.72654742002487183 3 3.9334626197814941
v -1.2915216684341431 3 3.7857592105865479
v -1.8289692401885986 3 3.5573685169219971
v -2.3274357318878174 3 3.2531590461730957
v -2.776296854019165 3 2.8796138763427734
v -3.1659860610961914 3 2.4446947574615479
v -3.4881975650787354 3 1.9576714038848877
v -3.7360644340515137 3 1.4289236068725586
v -3.9043035507202148 3 0.8697206974029541
v -3.9893290996551514 3 0.29198125004768372
v -3.9893290996551514 3 -0.29198125004768372
v -3.9043035507202148 3 -0.8697206974029541
v -3.7360644340515137 3 -1.4289236068725586
v -3.4881975650787354 3 -1.9576714038848877
v -3.1659860610961914 3 -2.4446947574615479
v -2.776296854019165 3 -2.8796138763427734
v -2.3274357318878174 3 -3.2531590461730957
v -1.8289692401885986 3 -3.5573685169219971
v -1.2915216684341431 3 -3.7857592105865479
v -0.72654742002487183 3 -3.9334626197814941
v -0.14608809351921082 3 -3.9973313808441162
v 0.43748483061790466 3 -3.976003885269165
v 1.0117335319519043 3 -3.8699347972869873
v 1.5644189119338989 3 -3.681384801864624
v 2.08376145362854 3 -3.414372444152832
v 2.5586919784545898 3 -3.0745885372161865
v 2.9790887832641602 3 -2.6692752838134766
v 3.335991382598877 3 -2.20707106590271
v 3.6217930316925049 3 -1.6978267431259155
v 3.8304023742675781 3 -1.1523964405059814
v 3.9573733806610107 3 -0.58240467309951782
v 2 -3 0
v 1.9577337503433228 -3 -0.40899723768234253
v 1.837984561920166 -3 -0.78855115175247192
v 1.6490975618362427 -3 -1.1315816640853882
v 1.4001798629760742 -3 -1.4281094074249268
v 1.0987943410873413 -3 -1.671122670173645
v 0.75623452663421631 -3 -1.8515154123306274
v 0.38533696532249451 -3 -1.962527871131897
v 0 -3 -2
v -0.40899723768234253 -3 -1.9577337503433228
v -0.78855115175247192 -3 -1.837984561920166
v -1.1315816640853882 -3 -1.6490975618362427
v -1.4281094074249268 -3 -1.4001798629760742
v -1.671122670173645 -3 -1.0987943410873413
v -1.8515154123306274 -3 -0.75623452663421631
v -1.962527871131897 -3 -0.38533696532249451
v -2 -3 0
v -1.9577337503433228 -3 0.40899723768234253
v -1.837984561920166 -3 0.78855115175247192
v -1.6490975618362427 -3 1.1315816640853882
v -1.4001798629760742 -3 1.4281094074249268
v -1.0987943410873413 -3 1.671122670173645
v -0.75623452663421631 -3 1.8515154123306274
v -0.38533696532249451 -3 1.962527871131897
v 0 -3 2
v 0.40899723768234253 -3 1.9577337503433228
v 0.78855115175247192 -3 1.837984561920166
v 1.1315816640853882 -3 1.6490975618362427
v 1.4281094074249268 -3 1.4001798629760742
v 1.671122670173645 -3 1.0987943410873413
v 1.8515154123306274 -3 0.75623452663421631
v 1.962527871131897 -3 0.38533696532249451
v 0 -3 0
v 1 -3 0
v 0 -3 1
v 1 -3 1
v 0 -3 -1
v 1 -3 -1
v -1 -3 0
v -1 -3 -1
v -1 -3 1
v 2 5 0
v 1.9577337503433228 5 -0.40899723768234253
v 1.837984561920166 5 -0.78855115175247192
v 1.6490975618362427 5 -1.1315816640853882
v 1.4001798629760742 5 -1.4281094074249268
v 1.0987943410873413 5 -1.671122670173645
v 0.75623452663421631 5 -1.8515154123306274
v 0.38533696532249451 5 -1.962527871131897
v 0 5 -2
v -0.40899723768234253 5 -1.9577337503433228
v -0.78855115175247192 5 -1.837984561920166
v -1.1315816640853882 5 -1.6490975618362427
v -1.4281094074249268 5 -1.4001798629760742
v -1.671122670173645 5 -1.0987943410873413
v -1.8515154123306274 5 -0.75623452663421631
v -1.962527871131897 5 -0.38533696532249451
v -2 5 0
v -1.9577337503433228 5 0.40899723768234253
v -1.837984561920166 5 0.78855115175247192
v -1.6490975618362427 5 1.1315816640853882
v -1.4001798629760742 5 1.4281094074249268
v -1.0987943410873413 5 1.671122670173645
v -0.75623452663421631 5 1.8515154123306274
v -0.38533696532249451 5 1.962527871131897
v 0 5 2
v 0.40899723768234253 5 1.9577337503433228
v 0.78855115175247192 5 1.837984561920166
v 1.1315816640853882 5 1.6490975618362427
v 1.4281094074249268 5 1.4001798629760742
v 1.671122670173645 5 1.0987943410873413
v 1.8515154123306274 5 0.75623452663421631
v 1.962527871131897 5 0.38533696532249451
v 0 5 0
v 1 5 0
v 0 5 1
v 1 5 1
v 0 5 -1
v 1 5 -1
v -1 5 0
v -1 5 -1
v -1 5 1
v 4 3 0
v 3.963160514831543 3.3821010589599609 0
v 3.8500466346740723 3.7598209381103516 0
v 3.6597452163696289 4.11590576171875 0
v 3.3994071483612061 4.4288663864135742 0
v 3.0814540386199951 4.682396411895752 0
v 2.7268989086151123 4.8632278442382812 0
v 2.3592565059661865 4.9674692153930664 0
v 2 5 0
v 3.8794064521789551 3.3821010589599609 -0.81046080589294434
v 3.7686829566955566 3.7598209381103516 -0.78732919692993164
v 3.5824034214019775 4.11590576171875 -0.7484128475189209
v 3.3275671005249023 4.4288663864135742 -0.69517403841018677
v 3.0163333415985107 4.682396411895752 -0.63015305995941162
v 2.6692709922790527 4.8632278442382812 -0.55764704942703247
v 2.3093981742858887 4.9674692153930664 -0.48246470093727112
v 1.9577337503433228 5 -0.40899723768234253
v 3.6421136856079102 3.3821010589599609 -1.5625773668289185
v 3.5381629467010498 3.7598209381103516 -1.5179792642593384
v 3.3632776737213135 4.11590576171875 -1.4429482221603394
v 3.1240289211273193 4.4288663864135742 -1.3403031826019287
v 2.8318324089050293 4.682396411895752 -1.2149420976638794
v 2.5059990882873535 4.8632278442382812 -1.0751496553421021
v 2.1681385040283203 4.9674692153930664 -0.93019723892211914
v 1.837984561920166 5 -0.78855115175247192
v 3.2678191661834717 3.3821010589599609 -2.2423198223114014
v 3.174551248550415 3.7598209381103516 -2.1783211231231689
v 3.0176386833190918 4.11590576171875 -2.0706503391265869
v 2.8029770851135254 4.4288663864135742 -1.9233534336090088
v 2.540809154510498 4.682396411895752 -1.7434585094451904
v 2.2484612464904785 4.8632278442382812 -1.5428544282913208
v 1.9453222751617432 4.9674692153930664 -1.3348457813262939
v 1.6490975618362427 5 -1.1315816640853882
v 2.7745687961578369 3.3821010589599609 -2.8299133777618408
v 2.6953787803649902 3.7598209381103516 -2.7491438388824463
v 2.5621507167816162 4.11590576171875 -2.6132583618164062
v 2.3798906803131104 4.4288663864135742 -2.4273626804351807
v 2.1572949886322021 4.682396411895752 -2.200326681137085
v 1.9090745449066162 4.8632278442382812 -1.9471549987792969
v 1.6516917943954468 4.9674692153930664 -1.6846382617950439
v 1.4001798629760742 5 -1.4281094074249268
v 2.1773490905761719 3.3821010589599609 -3.3114635944366455
v 2.1152045726776123 3.7598209381103516 -3.2169501781463623
v 2.0106537342071533 4.11590576171875 -3.0579416751861572
v 1.8676246404647827 4.4288663864135742 -2.8404133319854736
v 1.6929420232772827 4.682396411895752 -2.5747439861297607
v 1.4981504678726196 4.8632278442382812 -2.2784914970397949
v 1.2961688041687012 4.9674692153930664 -1.9713037014007568
v 1.0987943410873413 5 -1.671122670173645
v 1.4985393285751343 3.3821010589599609 -3.6689262390136719
v 1.4557690620422363 3.7598209381103516 -3.5642104148864746
v 1.3838129043579102 4.11590576171875 -3.3880374431610107
v 1.2853745222091675 4.4288663864135742 -3.1470274925231934
v 1.1651510000228882 4.682396411895752 -2.852679967880249
v 1.0310875177383423 4.8632278442382812 -2.5244476795196533
v 0.89207559823989868 4.9674692153930664 -2.1840999126434326
v 0.75623452663421631 5 -1.8515154123306274
v 0.76357609033584595 3.3821010589599609 -3.8889062404632568
v 0.74178260564804077 3.7598209381103516 -3.7779116630554199
v 0.70511758327484131 4.11590576171875 -3.5911760330200195
v 0.65495860576629639 4.4288663864135742 -3.3357155323028564
v 0.59369909763336182 4.682396411895752 -3.0237195491790771
v 0.5253874659538269 4.8632278442382812 -2.6758074760437012
v 0.45455437898635864 4.9674692153930664 -2.3150534629821777
v 0.38533696532249451 5 -1.962527871131897
v 0 3.3821010589599609 -3.963160514831543
v 0 3.7598209381103516 -3.8500466346740723
v 0 4.11590576171875 -3.6597452163696289
v 0 4.4288663864135742 -3.3994071483612061
v 0 4.682396411895752 -3.0814540386199951
v 0 4.8632278442382812 -2.7268989086151123
v 0 4.9674692153930664 -2.3592565059661865
v 0 5 -2
v -0.81046080589294434 3.3821010589599609 -3.8794064521789551
v -0.78732919692993164 3.7598209381103516 -3.7686829566955566
v -0.7484128475189209 4.11590576171875 -3.5824034214019775
v -0.69517403841018677 4.4288663864135742 -3.3275671005249023
v -0.63015305995941162 4.682396411895752 -3.0163333415985107
v -0.55764704942703247 4.8632278442382812 -2.6692709922790527
v -0.48246470093727112 4.9674692153930664 -2.3093981742858887
v -0.40899723768234253 5 -1.9577337503433228
v -1.5625773668289185 3.3821010589599609 -3.6421136856079102
v -1.5179792642593384 3.7598209381103516 -3.5381629467010498
v -1.4429482221603394 4.11590576171875 -3.3632776737213135
v -1.3403031826019287 4.4288663864135742 -3.1240289211273193
v -1.2149420976638794 4.682396411895752 -2.8318324089050293
v -1.0751496553421021 4.8632278442382812 -2.5059990882873535
v -0.93019723892211914 4.9674692153930664 -2.1681385040283203
v -0.78855115175247192 5 -1.837984561920166
v -2.2423198223114014 3.3821010589599609 -3.2678191661834717
v -2.1783211231231689 3.7598209381103516 -3.174551248550415
v -2.0706503391265869 4.11590576171875 -3.0176386833190918
v -1.9233534336090088 4.4288663864135742 -2.8029770851135254
v -1.7434585094451904 4.682396411895752 -2.540809154510498
v -1.5428544282913208 4.8632278442382812 -2.2484612464904785
v -1.3348457813262939 4.9674692153930664 -1.9453222751617432
v -1.1315816640853882 5 -1.6490975618362427
v -2.8299133777618408 3.3821010589599609 -2.7745687961578369
v -2.7491438388824463 3.7598209381103516 -2.6953787803649902
v -2.6132583618164062 4.11590576171875 -2.5621507167816162
v -2.4273626804351807 4.4288663864135742 -2.3798906803131104
v -2.200326681137085 4.682396411895752 -2.1572949886322021
v -1.9471549987792969 4.8632278442382812 -1.9090745449066162
v -1.6846382617950439 4.9674692153930664 -1.6516917943954468
v -1.4281094074249268 5 -1.4001798629760742
v -3.3114635944366455 3.3821010589599609 -2.1773490905761719
v -3.2169501781463623 3.7598209381103516 -2.1152045726776123
v -3.0579416751861572 4.11590576171875 -2.0106537342071533
v -2.8404133319854736 4.4288663864135742 -1.8676246404647827
v -2.5747439861297607 4.682396411895752 -1.6929420232772827
v -2.2784914970397949 4.8632278442382812 -1.4981504678726196
v -1.9713037014007568 4.9674692153930664 -1.2961688041687012
v -1.671122670173645 5 -1.0987943410873413
v -3.6689262390136719 3.3821010589599609 -1.4985393285751343
v -3.5642104148864746 3.7598209381103516 -1.4557690620422363
v -3.3880374431610107 4.11590576171875 -1.3838129043579102
v -3.1470274925231934 4.4288663864135742 -1.2853745222091675
v -2.852679967880249 4.682396411895752 -1.1651510000228882
v -2.5244476795196533 4.8632278442382812 -1.0310875177383423
v -2.1840999126434326 4.9674692153930664 -0.89207559823989868
v -1.8515154123306274 5 -0.75623452663421631
v -3.8889062404632568 3.3821010589599609 -0.76357609033584595
v -3.7779116630554199 3.7598209381103516 -0.74178260564804077
v -3.5911760330200195 4.11590576171875 -0.70511758327484131
v -3.3357155323028564 4.4288663864135742 -0.65495860576629639
v -3.0237195491790771 4.682396411895752 -0.59369909763336182
v -2.6758074760437012 4.8632278442382812 -0.5253874659538269
v -2.3150534629821777 4.9674692153930664 -0.45455437898635864
v -1.962527871131897 5 -0.38533696532249451
v -3.963160514831543 3.3821010589599609 0
v -3.8500466346740723 3.7598209381103516 0
v -3.6597452163696289 4.11590576171875 0
v -3.3994071483612061 4.4288663864135742 0
v -3.0814540386199951 4.682396411895752 0
v -2.7268989086151123 4.8632278442382812 0
v -2.3592565059661865 4.9674692153930664 0
v -2 5 0
v -3.8794064521789551 3.3821010589599609 0.81046080589294434
v -3.7686829566955566 3.7598209381103516 0.78732919692993164
v -3.5824034214019775 4.11590576171875 0.7484128475189209
v -3.3275671005249023 4.4288663864135742 0.69517403841018677
v -3.0163333415985107 4.682396411895752 0.63015305995941162
v -2.6692709922790527 4.8632278442382812 0.55764704942703247
v -2.3093981742858887 4.9674692153930664 0.48246470093727112
v -1.9577337503433228 5 0.40899723768234253
v -3.6421136856079102 3.3821010589599609 1.5625773668289185
v -3.5381629467010498 3.7598209381103516 1.5179792642593384
v -3.3632776737213135 4.11590576171875 1.4429482221603394
v -3.1240289211273193 4.4288663864135742 1.3403031826019287
v -2.8318324089050293 4.682396411895752 1.2149420976638794
v -2.5059990882873535 4.8632278442382812 1.0751496553421021
v -2.1681385040283203 4.9674692153930664 0.93019723892211914
v -1.837984561920166 5 0.78855115175247192
v -3.2678191661834717 3.3821010589599609 2.2423198223114014
v -3.174551248550415 3.7598209381103516 2.1783211231231689
v -3.0176386833190918 4.11590576171875 2.0706503391265869
v -2.8029770851135254 4.4288663864135742 1.9233534336090088
v -2.540809154510498 4.682396411895752 1.7434585094451904
v -2.2484612464904785 4.8632278442382812 1.5428544282913208
v -1.9453222751617432 4.9674692153930664 1.3348457813262939
v -1.6490975618362427 5 1.1315816640853882
v -2.7745687961578369 3.3821010589599609 2.8299133777618408
v -2.6953787803649902 3.7598209381103516 2.7491438388824463
v -2.5621507167816162 4.11590576171875 2.6132583618164062
v -2.3798906803131104 4.4288663864135742 2.4273626804351807
v -2.1572949886322021 4.682396411895752 2.200326681137085
v -1.9090745449066162 4.8632278442382812 1.9471549987792969
v -1.6516917943954468 4.9674692153930664 1.6846382617950439
v -1.4001798629760742 5 1.4281094074249268
v -2.1773490905761719 3.3821010589599609 3.3114635944366455
v -2.1152045726776123 3.7598209381103516 3.2169501781463623
v -2.0106537342071533 4.11590576171875 3.0579416751861572
v -1.8676246404647827 4.4288663864135742 2.8404133319854736
v -1.6929420232772827 4.682396411895752 2.5747439861297607
v -1.4981504678726196 4.8632278442382812 2.2784914970397949
v -1.2961688041687012 4.9674692153930664 1.9713037014007568
v -1.0987943410873413 5 1.671122670173645
v -1.4985393285751343 3.3821010589599609 3.6689262390136719
v -1.4557690620422363 3.7598209381103516 3.5642104148864746
v -1.3838129043579102 4.11590576171875 3.3880374431610107
v -1.2853745222091675 4.4288663864135742 3.1470274925231934
v -1.1651510000228882 4.682396411895752 2.852679967880249
v -1.0310875177383423 4.8632278442382812 2.5244476795196533
v -0.89207559823989868 4.9674692153930664 2.1840999126434326
v -0.75623452663421631 5 1.8515154123306274
v -0.76357609033584595 3.3821010589599609 3.8889062404632568
v -0.74178260564804077 3.7598209381103516 3.7779116630554199
v -0.70511758327484131 4.11590576171875 3.5911760330200195
v -0.65495860576629639 4.4288663864135742 3.3357155323028564
v -0.59369909763336182 4.682396411895752 3.0237195491790771
v -0.5253874659538269 4.8632278442382812 2.6758074760437012
v -0.45455437898635864 4.9674692153930664 2.3150534629821777
v -0.38533696532249451 5 1.962527871131897
v 0 3.3821010589599609 3.963160514831543
v 0 3.7598209381103516 3.8500466346740723
v 0 4.11590576171875 3.6597452163696289
v 0 4.4288663864135742 3.3994071483612061
v 0 4.682396411895752 3.0814540386199951
v 0 4.8632278442382812 2.7268989086151123
v 0 4.9674692153930664 2.3592565059661865
v 0 5 2
v 0.81046080589294434 3.3821010589599609 3.8794064521789551
v 0.78732919692993164 3.7598209381103516 3.7686829566955566
v 0.7484128475189209 4.11590576171875 3.5824034214019775
v 0.69517403841018677 4.4288663864135742 3.3275671005249023
v 0.63015305995941162 4.682396411895752 3.0163333415985107
v 0.55764704942703247 4.8632278442382812 2.6692709922790527
v 0.48246470093727112 4.9674692153930664 2.3093981742858887
v 0.40899723768234253 5 1.9577337503433228
v 1.5625773668289185 3.3821010589599609 3.6421136856079102
v 1.5179792642593384 3.7598209381103516 3.5381629467010498
v 1.4429482221603394 4.11590576171875 3.3632776737213135
v 1.3403031826019287 4.4288663864135742 3.1240289211273193
v 1.2149420976638794 4.682396411895752 2.8318324089050293
v 1.0751496553421021 4.8632278442382812 2.5059990882873535
v 0.93019723892211914 4.9674692153930664 2.1681385040283203
v 0.78855115175247192 5 1.837984561920166
v 2.2423198223114014 3.3821010589599609 3.2678191661834717
v 2.1783211231231689 3.7598209381103516 3.174551248550415
v 2.0706503391265869 4.11590576171875 3.0176386833190918
v 1.9233534336090088 4.4288663864135742 2.8029770851135254
v 1.7434585094451904 4.682396411895752 2.540809154510498
v 1.5428544282913208 4.8632278442382812 2.2484612464904785
v 1.3348457813262939 4.9674692153930664 1.9453222751617432
v 1.1315816640853882 5 1.6490975618362427
v 2.8299133777618408 3.3821010589599609 2.7745687961578369
v 2.7491438388824463 3.7598209381103516 2.6953787803649902
v 2.6132583618164062 4.11590576171875 2.5621507167816162
v 2.4273626804351807 4.4288663864135742 2.3798906803131104
v 2.200326681137085 4.682396411895752 2.1572949886322021
v 1.9471549987792969 4.8632278442382812 1.9090745449066162
v 1.6846382617950439 4.9674692153930664 1.6516917943954468
v 1.4281094074249268 5 1.4001798629760742
v 3.3114635944366455 3.3821010589599609 2.1773490905761719
v 3.2169501781463623 3.7598209381103516 2.1152045726776123
v 3.0579416751861572 4.11590576171875 2.0106537342071533
v 2.8404133319854736 4.4288663864135742 1.8676246404647827
v 2.5747439861297607 4.682396411895752 1.6929420232772827
v 2.2784914970397949 4.8632278442382812 1.4981504678726196
v 1.9713037014007568 4.9674692153930664 1.2961688041687012
v 1.671122670173645 5 1.0987943410873413
v 3.6689262390136719 3.3821010589599609 1.4985393285751343
v 3.5642104148864746 3.7598209381103516 1.4557690620422363
v 3.3880374431610107 4.11590576171875 1.3838129043579102
v 3.1470274925231934 4.4288663864135742 1.2853745222091675
v 2.852679967880249 4.682396411895752 1.1651510000228882
v 2.5244476795196533 4.8632278442382812 1.0310875177383423
v 2.1840999126434326 4.9674692153930664 0.89207559823989868
v 1.8515154123306274 5 0.75623452663421631
v 3.8889062404632568 3.3821010589599609 0.76357609033584595
v 3.7779116630554199 3.7598209381103516 0.74178260564804077
v 3.5911760330200195 4.11590576171875 0.70511758327484131
v 3.3357155323028564 4.4288663864135742 0.65495860576629639
v 3.0237195491790771 4.682396411895752 0.59369909763336182
v 2.6758074760437012 4.8632278442382812 0.5253874659538269
v 2.3150534629821777 4.9674692153930664 0.45455437898635864
v 1.962527871131897 5 0.38533696532249451
v 4 3 0
v 3.963160514831543 3.3821010589599609 0
v 3.8500466346740723 3.7598209381103516 0
v 3.6597452163696289 4.11590576171875 0
v 3.3994071483612061 4.4288663864135742 0
v 3.0814540386199951 4.682396411895752 0
v 2.7268989086151123 4.8632278442382812 0
v 2.3592565059661865 4.9674692153930664 0
v 2 5 0
v 3.9573733806610107 3 -0.58240467309951782
v 3.8304023742675781 3 -1.1523964405059814
v 3.6217930316925049 3 -1.6978267431259155
v 3.335991382598877 3 -2.20707106590271
v 2.9790887832641602 3 -2.6692752838134766
v 2.5586919784545898 3 -3.0745885372161865
v 2.08376145362854 3 -3.414372444152832
v 1.5644189119338989 3 -3.681384801864624
v 1.0117335319519043 3 -3.8699347972869873
v 0.43748483061790466 3 -3.976003885269165
v -0.14608809351921082 3 -3.9973313808441162
v -0.72654742002487183 3 -3.9334626197814941
v -1.2915216684341431 3 -3.7857592105865479
v -1.8289692401885986 3 -3.5573685169219971
v -2.3274357318878174 3 -3.2531590461730957
v -2.776296854019165 3 -2.8796138763427734
v -3.1659860610961914 3 -2.4446947574615479
v -3.4881975650787354 3 -1.9576714038848877
v -3.7360644340515137 3 -1.4289236068725586
v -3.9043035507202148 3 -0.8697206974029541
v -3.9893290996551514 3 -0.29198125004768372
v -3.9893290996551514 3 0.29198125004768372
v -3.9043035507202148 3 0.8697206974029541
v -3.7360644340515137 3 1.4289236068725586
v -3.4881975650787354 3 1.9576714038848877
v -3.1659860610961914 3 2.4446947574615479
v -2.776296854019165 3 2.8796138763427734
v -2.3274357318878174 3 3.2531590461730957
v -1.8289692401885986 3 3.5573685169219971
v -1.2915216684341431 3 3.7857592105865479
v -0.72654742002487183 3 3.9334626197814941
v -0.14608809351921082 3 3.9973313808441162
v 0.43748483061790466 3 3.976003885269165
v 1.0117335319519043 3 3.8699347972869873
v 1.5644189119338989 3 3.681384801864624
v 2.08376145362854 3 3.414372444152832
v 2.5586919784545898 3 3.0745885372161865
v 2.9790887832641602 3 2.6692752838134766
v 3.335991382598877 3 2.20707106590271
v 3.6217930316925049 3 1.6978267431259155
v 3.8304023742675781 3 1.1523964405059814
v 3.9573733806610107 3 0.58240467309951782
v 4 -1 0
v 3.963160514831543 -1.3821009397506714 0
v 3.8500466346740723 -1.759820818901062 0
v 3.6597452163696289 -2.11590576171875 0
v 3.3994071483612061 -2.4288666248321533 0
v 3.0814540386199951 -2.6823961734771729 0
v 2.7268989086151123 -2.8632278442382812 0
v 2.3592565059661865 -2.9674692153930664 0
v 2 -3 0
v 3.8794064521789551 -1.3821009397506714 -0.81046080589294434
v 3.7686829566955566 -1.759820818901062 -0.78732919692993164
v 3.5824034214019775 -2.11590576171875 -0.7484128475189209
v 3.3275671005249023 -2.4288666248321533 -0.69517403841018677
v 3.0163333415985107 -2.6823961734771729 -0.63015305995941162
v 2.6692709922790527 -2.8632278442382812 -0.55764704942703247
v 2.3093981742858887 -2.9674692153930664 -0.48246470093727112
v 1.9577337503433228 -3 -0.40899723768234253
v 3.6421136856079102 -1.3821009397506714 -1.5625773668289185
v 3.5381629467010498 -1.759820818901062 -1.5179792642593384
v 3.3632776737213135 -2.11590576171875 -1.4429482221603394
v 3.1240289211273193 -2.4288666248321533 -1.3403031826019287
v 2.8318324089050293 -2.6823961734771729 -1.2149420976638794
v 2.5059990882873535 -2.8632278442382812 -1.0751496553421021
v 2.1681385040283203 -2.9674692153930664 -0.93019723892211914
v 1.837984561920166 -3 -0.78855115175247192
v 3.2678191661834717 -1.3821009397506714 -2.2423198223114014
v 3.174551248550415 -1.759820818901062 -2.1783211231231689
v 3.0176386833190918 -2.11590576171875 -2.0706503391265869
v 2.8029770851135254 -2.4288666248321533 -1.9233534336090088
v 2.540809154510498 -2.6823961734771729 -1.7434585094451904
v 2.2484612464904785 -2.8632278442382812 -1.5428544282913208
v 1.9453222751617432 -2.9674692153930664 -1.3348457813262939
v 1.6490975618362427 -3 -1.1315816640853882
v 2.7745687961578369 -1.3821009397506714 -2.8299133777618408
v 2.6953787803649902 -1.759820818901062 -2.7491438388824463
v 2.5621507167816162 -2.11590576171875 -2.6132583618164062
v 2.3798906803131104 -2.4288666248321533 -2.4273626804351807
v 2.1572949886322021 -2.6823961734771729 -2.200326681137085
v 1.9090745449066162 -2.8632278442382812 -1.9471549987792969
v 1.6516917943954468 -2.9674692153930664 -1.6846382617950439
v 1.4001798629760742 -3 -1.4281094074249268
v 2.1773490905761719 -1.3821009397506714 -3.3114635944366455
v 2.1152045726776123 -1.759820818901062 -3.2169501781463623
v 2.0106537342071533 -2.11590576171875 -3.0579416751861572
v 1.8676246404647827 -2.4288666248321533 -2.8404133319854736
v 1.6929420232772827 -2.6823961734771729 -2.5747439861297607
v 1.4981504678726196 -2.8632278442382812 -2.2784914970397949
v 1.2961688041687012 -2.9674692153930664 -1.9713037014007568
v 1.0987943410873413 -3 -1.671122670173645
v 1.4985393285751343 -1.3821009397506714 -3.6689262390136719
v 1.4557690620422363 -1.759820818901062 -3.5642104148864746
v 1.3838129043579102 -2.11590576171875 -3.3880374431610107
v 1.2853745222091675 -2.4288666248321533 -3.1470274925231934
v 1.1651510000228882 -2.6823961734771729 -2.852679967880249
v 1.0310875177383423 -2.8632278442382812 -2.5244476795196533
v 0.89207559823989868 -2.9674692153930664 -2.1840999126434326
v 0.75623452663421631 -3 -1.8515154123306274
v 0.76357609033584595 -1.3821009397506714 -3.8889062404632568
v 0.74178260564804077 -1.759820818901062 -3.7779116630554199
v 0.70511758327484131 -2.11590576171875 -3.5911760330200195
v 0.65495860576629639 -2.4288666248321533 -3.3357155323028564
v 0.59369909763336182 -2.6823961734771729 -3.0237195491790771
v 0.5253874659538269 -2.8632278442382812 -2.6758074760437012
v 0.45455437898635864 -2.9674692153930664 -2.3150534629821777
v 0.38533696532249451 -3 -1.962527871131897
v 0 -1.3821009397506714 -3.963160514831543
v 0 -1.759820818901062 -3.8500466346740723
v 0 -2.11590576171875 -3.6597452163696289
v 0 -2.4288666248321533 -3.3994071483612061
v 0 -2.6823961734771729 -3.0814540386199951
v 0 -2.8632278442382812 -2.7268989086151123
v 0 -2.9674692153930664 -2.3592565059661865
v 0 -3 -2
v -0.81046080589294434 -1.3821009397506714 -3.8794064521789551
v -0.78732919692993164 -1.759820818901062 -3.7686829566955566
v -0.7484128475189209 -2.11590576171875 -3.5824034214019775
v -0.69517403841018677 -2.4288666248321533 -3.3275671005249023
v -0.63015305995941162 -2.6823961734771729 -3.0163333415985107
v -0.55764704942703247 -2.8632278442382812 -2.6692709922790527
v -0.48246470093727112 -2.9674692153930664 -2.3093981742858887
v -0.40899723768234253 -3 -1.9577337503433228
v -1.5625773668289185 -1.3821009397506714 -3.6421136856079102
v -1.5179792642593384 -1.759820818901062 -3.5381629467010498
v -1.4429482221603394 -2.11590576171875 -3.3632776737213135
v -1.3403031826019287 -2.4288666248321533 -3.1240289211273193
v -1.2149420976638794 -2.6823961734771729 -2.8318324089050293
v -1.0751496553421021 -2.8632278442382812 -2.5059990882873535
v -0.93019723892211914 -2.9674692153930664 -2.1681385040283203
v -0.78855115175247192 -3 -1.837984561920166
v -2.2423198223114014 -1.3821009397506714 -3.2678191661834717
v -2.1783211231231689 -1.759820818901062 -3.174551248550415
v -2.0706503391265869 -2.11590576171875 -3.0176386833190918
v -1.9233534336090088 -2.4288666248321533 -2.8029770851135254
v -1.7434585094451904 -2.6823961734771729 -2.540809154510498
v -1.5428544282913208 -2.8632278442382812 -2.2484612464904785
v -1.3348457813262939 -2.9674692153930664 -1.9453222751617432
v -1.1315816640853882 -3 -1.6490975618362427
v -2.8299133777618408 -1.3821009397506714 -2.7745687961578369
v -2.7491438388824463 -1.759820818901062 -2.6953787803649902
v -2.6132583618164062 -2.11590576171875 -2.5621507167816162
v -2.4273626804351807 -2.4288666248321533 -2.3798906803131104
v -2.200326681137085 -2.6823961734771729 -2.1572949886322021
v -1.9471549987792969 -2.8632278442382812 -1.9090745449066162
v -1.6846382617950439 -2.9674692153930664 -1.6516917943954468
v -1.4281094074249268 -3 -1.4001798629760742
v -3.3114635944366455 -1.3821009397506714 -2.1773490905761719
v -3.2169501781463623 -1.759820818901062 -2.1152045726776123
v -3.0579416751861572 -2.11590576171875 -2.0106537342071533
v -2.8404133319854736 -2.4288666248321533 -1.8676246404647827
v -2.5747439861297607 -2.6823961734771729 -1.6929420232772827
v -2.2784914970397949 -2.8632278442382812 -1.4981504678726196
v -1.9713037014007568 -2.9674692153930664 -1.2961688041687012
v -1.671122670173645 -3 -1.0987943410873413
v -3.6689262390136719 -1.3821009397506714 -1.4985393285751343
v -3.5642104148864746 -1.759820818901062 -1.4557690620422363
v -3.3880374431610107 -2.11590576171875 -1.3838129043579102
v -3.1470274925231934 -2.4288666248321533 -1.2853745222091675
v -2.852679967880249 -2.6823961734771729 -1.1651510000228882
v -2.5244476795196533 -2.8632278442382812 -1.0310875177383423
v -2.1840999126434326 -2.9674692153930664 -0.89207559823989868
v -1.8515154123306274 -3 -0.75623452663421631
v -3.8889062404632568 -1.3821009397506714 -0.76357609033584595
v -3.7779116630554199 -1.759820818901062 -0.74178260564804077
v -3.5911760330200195 -2.11590576171875 -0.70511758327484131
v -3.3357155323028564 -2.4288666248321533 -0.65495860576629639
v -3.0237195491790771 -2.6823961734771729 -0.59369909763336182
v -2.6758074760437012 -2.8632278442382812 -0.5253874659538269
v -2.3150534629821777 -2.9674692153930664 -0.45455437898635864
v -1.962527871131897 -3 -0.38533696532249451
v -3.963160514831543 -1.3821009397506714 0
v -3.8500466346740723 -1.759820818901062 0
v -3.6597452163696289 -2.11590576171875 0
v -3.3994071483612061 -2.4288666248321533 0
v -3.0814540386199951 -2.6823961734771729 0
v -2.7268989086151123 -2.8632278442382812 0
v -2.3592565059661865 -2.9674692153930664 0
v -2 -3 0
v -3.8794064521789551 -1.3821009397506714 0.81046080589294434
v -3.7686829566955566 -1.759820818901062 0.78732919692993164
v -3.5824034214019775 -2.11590576171875 0.7484128475189209
v -3.3275671005249023 -2.4288666248321533 0.69517403841018677
v -3.0163333415985107 -2.6823961734771729 0.63015305995941162
v -2.6692709922790527 -2.8632278442382812 0.55764704942703247
v -2.3093981742858887 -2.9674692153930664 0.48246470093727112
v -1.9577337503433228 -3 0.40899723768234253
v -3.6421136856079102 -1.3821009397506714 1.5625773668289185
v -3.5381629467010498 -1.759820818901062 1.5179792642593384
v -3.3632776737213135 -2.11590576171875 1.4429482221603394
v -3.1240289211273193 -2.4288666248321533 1.3403031826019287
v -2.8318324089050293 -2.6823961734771729 1.2149420976638794
v -2.5059990882873535 -2.8632278442382812 1.0751496553421021
v -2.1681385040283203 -2.9674692153930664 0.93019723892211914
v -1.837984561920166 -3 0.78855115175247192
v -3.2678191661834717 -1.3821009397506714 2.2423198223114014
v -3.174551248550415 -1.759820818901062 2.1783211231231689
v -3.0176386833190918 -2.11590576171875 2.0706503391265869
v -2.8029770851135254 -2.4288666248321533 1.9233534336090088
v -2.540809154510498 -2.6823961734771729 1.7434585094451904
v -2.2484612464904785 -2.8632278442382812 1.5428544282913208
v -1.9453222751617432 -2.9674692153930664 1.3348457813262939
v -1.6490975618362427 -3 1.1315816640853882
v -2.7745687961578369 -1.3821009397506714 2.8299133777618408
v -2.6953787803649902 -1.759820818901062 2.7491438388824463
v -2.5621507167816162 -2.11590576171875 2.6132583618164062
v -2.3798906803131104 -2.4288666248321533 2.4273626804351807
v -2.1572949886322021 -2.6823961734771729 2.200326681137085
v -1.9090745449066162 -2.8632278442382812 1.9471549987792969
v -1.6516917943954468 -2.9674692153930664 1.6846382617950439
v -1.4001798629760742 -3 1.4281094074249268
v -2.1773490905761719 -1.3821009397506714 3.3114635944366455
v -2.1152045726776123 -1.759820818901062 3.2169501781463623
v -2.0106537342071533 -2.11590576171875 3.0579416751861572
v -1.8676246404647827 -2.4288666248321533 2.8404133319854736
v -1.6929420232772827 -2.6823961734771729 2.5747439861297607
v -1.4981504678726196 -2.8632278442382812 2.2784914970397949
v -1.2961688041687012 -2.9674692153930664 1.9713037014007568
v -1.0987943410873413 -3 1.671122670173645
v -1.4985393285751343 -1.3821009397506714 3.6689262390136719
v -1.4557690620422363 -1.759820818901062 3.5642104148864746
v -1.3838129043579102 -2.11590576171875 3.3880374431610107
v -1.2853745222091675 -2.4288666248321533 3.1470274925231934
v -1.1651510000228882 -2.6823961734771729 2.852679967880249
v -1.0310875177383423 -2.8632278442382812 2.5244476795196533
v -0.89207559823989868 -2.9674692153930664 2.1840999126434326
v -0.75623452663421631 -3 1.8515154123306274
v -0.76357609033584595 -1.3821009397506714 3.8889062404632568
v -0.74178260564804077 -1.759820818901062 3.7779116630554199
v -0.70511758327484131 -2.11590576171875 3.5911760330200195
v -0.65495860576629639 -2.4288666248321533 3.3357155323028564
v -0.59369909763336182 -2.6823961734771729 3.0237195491790771
v -0.5253874659538269 -2.8632278442382812 2.6758074760437012
v -0.45455437898635864 -2.9674692153930664 2.3150534629821777
v -0.38533696532249451 -3 1.962527871131897
v 0 -1.3821009397506714 3.963160514831543
v 0 -1.759820818901062 3.8500466346740723
v 0 -2.11590576171875 3.6597452163696289
v 0 -2.4288666248321533 3.3994071483612061
v 0 -2.6823961734771729 3.0814540386199951
v 0 -2.8632278442382812 2.7268989086151123
v 0 -2.9674692153930664 2.3592565059661865
v 0 -3 2
v 0.81046080589294434 -1.3821009397506714 3.8794064521789551
v 0.78732919692993164 -1.759820818901062 3.7686829566955566
v 0.7484128475189209 -2.11590576171875 3.5824034214019775
v 0.69517403841018677 -2.4288666248321533 3.3275671005249023
v 0.63015305995941162 -2.6823961734771729 3.0163333415985107
v 0.55764704942703247 -2.8632278442382812 2.6692709922790527
v 0.48246470093727112 -2.9674692153930664 2.3093981742858887
v 0.40899723768234253 -3 1.9577337503433228
v 1.5625773668289185 -1.3821009397506714 3.6421136856079102
v 1.5179792642593384 -1.759820818901062 3.5381629467010498
v 1.4429482221603394 -2.11590576171875 3.3632776737213135
v 1.3403031826019287 -2.4288666248321533 3.1240289211273193
v 1.2149420976638794 -2.6823961734771729 2.8318324089050293
v 1.0751496553421021 -2.8632278442382812 2.5059990882873535
v 0.93019723892211914 -2.9674692153930664 2.1681385040283203
v 0.78855115175247192 -3 1.837984561920166
v 2.2423198223114014 -1.3821009397506714 3.2678191661834717
v 2.1783211231231689 -1.759820818901062 3.174551248550415
v 2.0706503391265869 -2.11590576171875 3.0176386833190918
v 1.9233534336090088 -2.4288666248321533 2.8029770851135254
v 1.7434585094451904 -2.6823961734771729 2.540809154510498
v 1.5428544282913208 -2.8632278442382812 2.2484612464904785
v 1.3348457813262939 -2.9674692153930664 1.9453222751617432
v 1.1315816640853882 -3 1.6490975618362427
v 2.8299133777618408 -1.3821009397506714 2.7745687961578369
v 2.7491438388824463 -1.759820818901062 2.6953787803649902
v 2.6132583618164062 -2.11590576171875 2.5621507167816162
v 2.4273626804351807 -2.4288666248321533 2.3798906803131104
v 2.200326681137085 -2.6823961734771729 2.1572949886322021
v 1.9471549987792969 -2.8632278442382812 1.9090745449066162
v 1.6846382617950439 -2.9674692153930664 1.6516917943954468
v 1.4281094074249268 -3 1.4001798629760742
v 3.3114635944366455 -1.3821009397506714 2.1773490905761719
v 3.2169501781463623 -1.759820818901062 2.1152045726776123
v 3.0579416751861572 -2.11590576171875 2.0106537342071533
v 2.8404133319854736 -2.4288666248321533 1.8676246404647827
v 2.5747439861297607 -2.6823961734771729 1.6929420232772827
v 2.2784914970397949 -2.8632278442382812 1.4981504678726196
v 1.9713037014007568 -2.9674692153930664 1.2961688041687012
v 1.671122670173645 -3 1.0987943410873413
v 3.6689262390136719 -1.3821009397506714 1.4985393285751343
v 3.5642104148864746 -1.759820818901062 1.4557690620422363
v 3.3880374431610107 -2.11590576171875 1.3838129043579102
v 3.1470274925231934 -2.4288666248321533 1.2853745222091675
v 2.852679967880249 -2.6823961734771729 1.1651510000228882
v 2.5244476795196533 -2.8632278442382812 1.0310875177383423
v 2.1840999126434326 -2.9674692153930664 0.89207559823989868
v 1.8515154123306274 -3 0.75623452663421631
v 3.8889062404632568 -1.3821009397506714 0.76357609033584595
v 3.7779116630554199 -1.759820818901062 0.74178260564804077
v 3.5911760330200195 -2.11590576171875 0.70511758327484131
v 3.3357155323028564 -2.4288666248321533 0.65495860576629639
v 3.0237195491790771 -2.6823961734771729 0.59369909763336182
v 2.6758074760437012 -2.8632278442382812 0.5253874659538269
v 2.3150534629821777 -2.9674692153930664 0.45455437898635864
v 1.962527871131897 -3 0.38533696532249451
v 4 -1 0
v 3.963160514831543 -1.3821009397506714 0
v 3.8500466346740723 -1.759820818901062 0
v 3.6597452163696289 -2.11590576171875 0
v 3.3994071483612061 -2.4288666248321533 0
v 3.0814540386199951 -2.6823961734771729 0
v 2.7268989086151123 -2.8632278442382812 0
v 2.3592565059661865 -2.9674692153930664 0
v 2 -3 0
v 3.9573733806610107 -1 -0.58240467309951782
v 3.8304023742675781 -1 -1.1523964405059814
v 3.6217930316925049 -1 -1.6978267431259155
v 3.335991382598877 -1 -2.20707106590271
v 2.9790887832641602 -1 -2.6692752838134766
v 2.5586919784545898 -1 -3.0745885372161865
v 2.08376145362854 -1 -3.414372444152832
v 1.5644189119338989 -1 -3.681384801864624
v 1.0117335319519043 -1 -3.8699347972869873
v 0.43748483061790466 -1 -3.976003885269165
v -0.14608809351921082 -1 -3.9973313808441162
v -0.72654742002487183 -1 -3.9334626197814941
v -1.2915216684341431 -1 -3.7857592105865479
v -1.8289692401885986 -1 -3.5573685169219971
v -2.3274357318878174 -1 -3.2531590461730957
v -2.776296854019165 -1 -2.8796138763427734
v -3.1659860610961914 -1 -2.4446947574615479
v -3.4881975650787354 -1 -1.9576714038848877
v -3.7360644340515137 -1 -1.4289236068725586
v -3.9043035507202148 -1 -0.8697206974029541
v -3.9893290996551514 -1 -0.29198125004768372
v -3.9893290996551514 -1 0.29198125004768372
v -3.9043035507202148 -1 0.8697206974029541
v -3.7360644340515137 -1 1.4289236068725586
v -3.4881975650787354 -1 1.9576714038848877
v -3.1659860610961914 -1 2.4446947574615479
v -2.776296854019165 -1 2.8796138763427734
v -2.3274357318878174 -1 3.2531590461730957
v -1.8289692401885986 -1 3.5573685169219971
v -1.2915216684341431 -1 3.7857592105865479
v -0.72654742002487183 -1 3.9334626197814941
v -0.14608809351921082 -1 3.9973313808441162
v 0.43748483061790466 -1 3.976003885269165
v 1.0117335319519043 -1 3.8699347972869873
v 1.5644189119338989 -1 3.681384801864624
v 2.08376145362854 -1 3.414372444152832
v 2.5586919784545898 -1 3.0745885372161865
v 2.9790887832641602 -1 2.6692752838134766
v 3.335991382598877 -1 2.20707106590271
v 3.6217930316925049 -1 1.6978267431259155
v 3.8304023742675781 -1 1.1523964405059814
v 3.9573733806610107 -1 0.58240467309951782
vt 0.1111111119389534 0.46059006452560425
vt 0.99853515625 0.31912237405776978
vt 0.99853515625 0.46059006452560425
vt 0.1111111119389534 0.31912237405776978
vt 0.13339908421039581 0.31912237405776978
vt 0.15463274717330933 0.31912237405776978
vt 0.17509821057319641 0.31912237405776978
vt 0.19504523277282715 0.31912237405776978
vt 0.21470008790493011 0.31912237405776978
vt 0.23427626490592957 0.31912237405776978
vt 0.25398382544517517 0.31912237405776978
vt 0.27403852343559265 0.31912237405776978
vt 0.2946714460849762 0.31912237405776978
vt 0.31614008545875549 0.31912237405776978
vt 0.33865541219711304 0.31912237405776978
vt 0.36065042018890381 0.31912237405776978
vt 0.3816668689250946 0.31912237405776978
vt 0.40198042988777161 0.31912237405776978
vt 0.42183387279510498 0.31912237405776978
vt 0.44144934415817261 0.31912237405776978
vt 0.46103858947753906 0.31912237405776978
vt 0.48081228137016296 0.31912237405776978
vt 0.50098907947540283 0.31912237405776978
vt 0.52180546522140503 0.31912237405776978
vt 0.54352760314941406 0.31912237405776978
vt 0.56611859798431396 0.31912237405776978
vt 0.58784085512161255 0.31912237405776978
vt 0.60865724086761475 0.31912237405776978
vt 0.62883400917053223 0.31912237405776978
vt 0.64860767126083374 0.31912237405776978
vt 0.6681969165802002 0.31912237405776978
vt 0.68781238794326782 0.31912237405776978
vt 0.70766580104827881 0.31912237405776978
vt 0.72797942161560059 0.31912237405776978
vt 0.74899584054946899 0.31912237405776978
vt 0.77099084854125977 0.31912237405776978
vt 0.7935062050819397 0.31912237405776978
vt 0.81497484445571899 0.31912237405776978
vt 0.83560776710510254 0.31912237405776978
vt 0.85566246509552002 0.31912237405776978
vt 0.87536996603012085 0.31912237405776978
vt 0.89494615793228149 0.31912237405776978
vt 0.91460108757019043 0.31912237405776978
vt 0.934548020362854 0.31912237405776978
vt 0.95501351356506348 0.31912237405776978
vt 0.97624719142913818 0.31912237405776978
vt 0.1111111119389534 0.38985621929168701
vt 0.99853515625 0.38985621929168701
vt 0.97624719142913818 0.46059006452560425
vt 0.95501351356506348 0.46059006452560425
vt 0.934548020362854 0.46059006452560425
vt 0.91460108757019043 0.46059006452560425
vt 0.89494615793228149 0.46059006452560425
vt 0.87536996603012085 0.46059006452560425
vt 0.85566246509552002 0.46059006452560425
vt 0.83560776710510254 0.46059006452560425
vt 0.81497484445571899 0.46059006452560425
vt 0.7935062050819397 0.46059006452560425
vt 0.77099084854125977 0.46059006452560425
vt 0.74899584054946899 0.46059006452560425
vt 0.72797942161560059 0.46059006452560425
vt 0.70766580104827881 0.46059006452560425
vt 0.68781238794326782 0.46059006452560425
vt 0.6681969165802002 0.46059006452560425
vt 0.64860767126083374 0.46059006452560425
vt 0.62883400917053223 0.46059006452560425
vt 0.60865724086761475 0.46059006452560425
vt 0.58784085512161255 0.46059006452560425
vt 0.56611859798431396 0.46059006452560425
vt 0.54352760314941406 0.46059006452560425
vt 0.52180546522140503 0.46059006452560425
vt 0.50098907947540283 0.46059006452560425
vt 0.48081228137016296 0.46059006452560425
vt 0.46103858947753906 0.46059006452560425
vt 0.44144934415817261 0.46059006452560425
vt 0.42183387279510498 0.46059006452560425
vt 0.40198042988777161 0.46059006452560425
vt 0.3816668689250946 0.46059006452560425
vt 0.36065042018890381 0.46059006452560425
vt 0.33865541219711304 0.46059006452560425
vt 0.31614008545875549 0.46059006452560425
vt 0.2946714460849762 0.46059006452560425
vt 0.27403852343559265 0.46059006452560425
vt 0.25398382544517517 0.46059006452560425
vt 0.23427626490592957 0.46059006452560425
vt 0.21470008790493011 0.46059006452560425
vt 0.19504523277282715 0.46059006452560425
vt 0.17509821057319641 0.46059006452560425
vt 0.15463274717330933 0.46059006452560425
vt 0.13339908421039581 0.46059006452560425
vt 0.69702321290969849 0.070733837783336639
vt 0.69552838802337646 0.085198819637298584
vt 0.69129323959350586 0.098622463643550873
vt 0.6846129298210144 0.11075439304113388
vt 0.67580944299697876 0.12124167382717133
vt 0.66515034437179565 0.129836305975914
vt 0.65303510427474976 0.13621623814105988
vt 0.63991755247116089 0.14014241099357605
vt 0.62628936767578125 0.14146767556667328
vt 0.61182445287704468 0.13997285068035126
vt 0.5984007716178894 0.13573770225048065
vt 0.5862688422203064 0.12905734777450562
vt 0.57578158378601074 0.12025389075279236
vt 0.56718695163726807 0.10959480702877045
vt 0.5608069896697998 0.097479522228240967
vt 0.55688083171844482 0.084362022578716278
vt 0.55555558204650879 0.070733837783336639
vt 0.55705040693283081 0.056268870830535889
vt 0.56128555536270142 0.042845215648412704
vt 0.56796586513519287 0.030713282525539398
vt 0.57676935195922852 0.020226011052727699
vt 0.58742845058441162 0.011631377041339874
vt 0.59954369068145752 0.0052514420822262764
vt 0.61266124248504639 0.0013252757489681244
vt 0.62628936767578125 0
vt 0.6407543420791626 0.0014948287280276418
vt 0.65417802333831787 0.0057299886830151081
vt 0.66630995273590088 0.012410336174070835
vt 0.67679721117019653 0.021213790401816368
vt 0.68539184331893921 0.03187287226319313
vt 0.69177180528640747 0.043988153338432312
vt 0.69569796323776245 0.057105656713247299
vt 0.62628936767578125 0.070733837783336639
vt 0.66165632009506226 0.070733837783336639
vt 0.62628936767578125 0.03536691889166832
vt 0.66165632009506226 0.03536691889166832
vt 0.62628936767578125 0.10610076040029526
vt 0.66165632009506226 0.10610076040029526
vt 0.59092247486114502 0.070733837783336639
vt 0.59092247486114502 0.10610076040029526
vt 0.59092247486114502 0.03536691889166832
vt 0.25257879495620728 0.070733837783336639
vt 0.25108397006988525 0.085198819637298584
vt 0.24684880673885345 0.098622463643550873
vt 0.24016845226287842 0.11075439304113388
vt 0.23136499524116516 0.12124167382717133
vt 0.22070592641830444 0.129836305975914
vt 0.20859064161777496 0.13621623814105988
vt 0.19547313451766968 0.14014241099357605
vt 0.18184494972229004 0.14146767556667328
vt 0.16737997531890869 0.13997285068035126
vt 0.15395632386207581 0.13573770225048065
vt 0.1418243944644928 0.12905734777450562
vt 0.13133712112903595 0.12025389075279236
vt 0.12274248898029327 0.10959480702877045
vt 0.1163625568151474 0.097479522228240967
vt 0.11243638396263123 0.084362022578716278
vt 0.1111111119389534 0.070733837783336639
vt 0.11260593682527542 0.056268870830535889
vt 0.11684110015630722 0.042845215648412704
vt 0.12352144718170166 0.030713282525539398
vt 0.13232490420341492 0.020226011052727699
vt 0.14298398792743683 0.011631377041339874
vt 0.15509927272796631 0.0052514420822262764
vt 0.1682167649269104 0.0013252757489681244
vt 0.18184494972229004 0
vt 0.19630992412567139 0.0014948287280276418
vt 0.20973357558250427 0.0057299886830151081
vt 0.22186550498008728 0.012410336174070835
vt 0.23235277831554413 0.021213790401816368
vt 0.240947425365448 0.03187287226319313
vt 0.24732735753059387 0.043988153338432312
vt 0.25125351548194885 0.057105656713247299
vt 0.18184494972229004 0.070733837783336639
vt 0.21721187233924866 0.070733837783336639
vt 0.18184494972229004 0.03536691889166832
vt 0.21721187233924866 0.03536691889166832
vt 0.18184494972229004 0.10610076040029526
vt 0.21721187233924866 0.10610076040029526
vt 0.14647802710533142 0.070733837783336639
vt 0.14647802710533142 0.10610076040029526
vt 0.14647802710533142 0.03536691889166832
vt 0.1111111119389534 0.63824474811553955
vt 0.1111111119389534 0.65281283855438232
vt 0.1111111119389534 0.66691243648529053
vt 0.1111111119389534 0.68078458309173584
vt 0.1111111119389534 0.69449883699417114
vt 0.1111111119389534 0.70821309089660645
vt 0.1111111119389534 0.72192734479904175
vt 0.1111111119389534 0.73564159870147705
vt 0.1111111119389534 0.74935585260391235
vt 0.14019927382469177 0.65281283855438232
vt 0.14019927382469177 0.66691243648529053
vt 0.14019927382469177 0.68078458309173584
vt 0.14019927382469177 0.69449883699417114
vt 0.14019927382469177 0.70821309089660645
vt 0.14019927382469177 0.72192734479904175
vt 0.14019927382469177 0.73564159870147705
vt 0.14019927382469177 0.74935585260391235
vt 0.16835193336009979 0.65281283855438232
vt 0.16835193336009979 0.66691243648529053
vt 0.16835193336009979 0.68078458309173584
vt 0.16835193336009979 0.69449883699417114
vt 0.16835193336009979 0.70821309089660645
vt 0.16835193336009979 0.72192734479904175
vt 0.16835193336009979 0.73564159870147705
vt 0.16835193336009979 0.74935585260391235
vt 0.19605048000812531 0.65281283855438232
vt 0.19605048000812531 0.66691243648529053
vt 0.19605048000812531 0.68078458309173584
vt 0.19605048000812531 0.69449883699417114
vt 0.19605048000812531 0.70821309089660645
vt 0.19605048000812531 0.72192734479904175
vt 0.19605048000812531 0.73564159870147705
vt 0.19605048000812531 0.74935585260391235
vt 0.22343380749225616 0.65281283855438232
vt 0.22343380749225616 0.66691243648529053
vt 0.22343380749225616 0.68078458309173584
vt 0.22343380749225616 0.69449883699417114
vt 0.22343380749225616 0.70821309089660645
vt 0.22343380749225616 0.72192734479904175
vt 0.22343380749225616 0.73564159870147705
vt 0.22343380749225616 0.74935585260391235
vt 0.25081714987754822 0.65281283855438232
vt 0.25081714987754822 0.66691243648529053
vt 0.25081714987754822 0.68078458309173584
vt 0.25081714987754822 0.69449883699417114
vt 0.25081714987754822 0.70821309089660645
vt 0.25081714987754822 0.72192734479904175
vt 0.25081714987754822 0.73564159870147705
vt 0.25081714987754822 0.74935585260391235
vt 0.27820047736167908 0.65281283855438232
vt 0.27820047736167908 0.66691243648529053
vt 0.27820047736167908 0.68078458309173584
vt 0.27820047736167908 0.69449883699417114
vt 0.27820047736167908 0.70821309089660645
vt 0.27820047736167908 0.72192734479904175
vt 0.27820047736167908 0.73564159870147705
vt 0.27820047736167908 0.74935585260391235
vt 0.30558377504348755 0.65281283855438232
vt 0.30558377504348755 0.66691243648529053
vt 0.30558377504348755 0.68078458309173584
vt 0.30558377504348755 0.69449883699417114
vt 0.30558377504348755 0.70821309089660645
vt 0.30558377504348755 0.72192734479904175
vt 0.30558377504348755 0.73564159870147705
vt 0.30558377504348755 0.74935585260391235
vt 0.3329671323299408 0.65281283855438232
vt 0.3329671323299408 0.66691243648529053
vt 0.3329671323299408 0.68078458309173584
vt 0.3329671323299408 0.69449883699417114
vt 0.3329671323299408 0.70821309089660645
vt 0.3329671323299408 0.72192734479904175
vt 0.3329671323299408 0.73564159870147705
vt 0.3329671323299408 0.74935585260391235
vt 0.36205530166625977 0.65281283855438232
vt 0.36205530166625977 0.66691243648529053
vt 0.36205530166625977 0.68078458309173584
vt 0.36205530166625977 0.69449883699417114
vt 0.36205530166625977 0.70821309089660645
vt 0.36205530166625977 0.72192734479904175
vt 0.36205530166625977 0.73564159870147705
vt 0.36205530166625977 0.74935585260391235
vt 0.39020794630050659 0.65281283855438232
vt 0.39020794630050659 0.66691243648529053
vt 0.39020794630050659 0.68078458309173584
vt 0.39020794630050659 0.69449883699417114
vt 0.39020794630050659 0.70821309089660645
vt 0.39020794630050659 0.72192734479904175
vt 0.39020794630050659 0.73564159870147705
vt 0.39020794630050659 0.74935585260391235
vt 0.4179064929485321 0.65281283855438232
vt 0.4179064929485321 0.66691243648529053
vt 0.4179064929485321 0.68078458309173584
vt 0.4179064929485321 0.69449883699417114
vt 0.4179064929485321 0.70821309089660645
vt 0.4179064929485321 0.72192734479904175
vt 0.4179064929485321 0.73564159870147705
vt 0.4179064929485321 0.74935585260391235
vt 0.44528982043266296 0.65281283855438232
vt 0.44528982043266296 0.66691243648529053
vt 0.44528982043266296 0.68078458309173584
vt 0.44528982043266296 0.69449883699417114
vt 0.44528982043266296 0.70821309089660645
vt 0.44528982043266296 0.72192734479904175
vt 0.44528982043266296 0.73564159870147705
vt 0.44528982043266296 0.74935585260391235
vt 0.47267314791679382 0.65281283855438232
vt 0.47267314791679382 0.66691243648529053
vt 0.47267314791679382 0.68078458309173584
vt 0.47267314791679382 0.69449883699417114
vt 0.47267314791679382 0.70821309089660645
vt 0.47267314791679382 0.72192734479904175
vt 0.47267314791679382 0.73564159870147705
vt 0.47267314791679382 0.74935585260391235
vt 0.50005644559860229 0.65281283855438232
vt 0.50005644559860229 0.66691243648529053
vt 0.50005644559860229 0.68078458309173584
vt 0.50005644559860229 0.69449883699417114
vt 0.50005644559860229 0.70821309089660645
vt 0.50005644559860229 0.72192734479904175
vt 0.50005644559860229 0.73564159870147705
vt 0.50005644559860229 0.74935585260391235
vt 0.52743983268737793 0.65281283855438232
vt 0.52743983268737793 0.66691243648529053
vt 0.52743983268737793 0.68078458309173584
vt 0.52743983268737793 0.69449883699417114
vt 0.52743983268737793 0.70821309089660645
vt 0.52743983268737793 0.72192734479904175
vt 0.52743983268737793 0.73564159870147705
vt 0.52743983268737793 0.74935585260391235
vt 0.55482316017150879 0.65281283855438232
vt 0.55482316017150879 0.66691243648529053
vt 0.55482316017150879 0.68078458309173584
vt 0.55482316017150879 0.69449883699417114
vt 0.55482316017150879 0.70821309089660645
vt 0.55482316017150879 0.72192734479904175
vt 0.55482316017150879 0.73564159870147705
vt 0.55482316017150879 0.74935585260391235
vt 0.58391129970550537 0.65281283855438232
vt 0.58391129970550537 0.66691243648529053
vt 0.58391129970550537 0.68078458309173584
vt 0.58391129970550537 0.69449883699417114
vt 0.58391129970550537 0.70821309089660645
vt 0.58391129970550537 0.72192734479904175
vt 0.58391129970550537 0.73564159870147705
vt 0.58391129970550537 0.74935585260391235
vt 0.6120639443397522 0.65281283855438232
vt 0.6120639443397522 0.66691243648529053
vt 0.6120639443397522 0.68078458309173584
vt 0.6120639443397522 0.69449883699417114
vt 0.6120639443397522 0.70821309089660645
vt 0.6120639443397522 0.72192734479904175
vt 0.6120639443397522 0.73564159870147705
vt 0.6120639443397522 0.74935585260391235
vt 0.63976246118545532 0.65281283855438232
vt 0.63976246118545532 0.66691243648529053
vt 0.63976246118545532 0.68078458309173584
vt 0.63976246118545532 0.69449883699417114
vt 0.63976246118545532 0.70821309089660645
vt 0.63976246118545532 0.72192734479904175
vt 0.63976246118545532 0.73564159870147705
vt 0.63976246118545532 0.74935585260391235
vt 0.66714578866958618 0.65281283855438232
vt 0.66714578866958618 0.66691243648529053
vt 0.66714578866958618 0.68078458309173584
vt 0.66714578866958618 0.69449883699417114
vt 0.66714578866958618 0.70821309089660645
vt 0.66714578866958618 0.72192734479904175
vt 0.66714578866958618 0.73564159870147705
vt 0.66714578866958618 0.74935585260391235
vt 0.69452911615371704 0.65281283855438232
vt 0.69452911615371704 0.66691243648529053
vt 0.69452911615371704 0.68078458309173584
vt 0.69452911615371704 0.69449883699417114
vt 0.69452911615371704 0.70821309089660645
vt 0.69452911615371704 0.72192734479904175
vt 0.69452911615371704 0.73564159870147705
vt 0.69452911615371704 0.74935585260391235
vt 0.72191250324249268 0.65281283855438232
vt 0.72191250324249268 0.66691243648529053
vt 0.72191250324249268 0.68078458309173584
vt 0.72191250324249268 0.69449883699417114
vt 0.72191250324249268 0.70821309089660645
vt 0.72191250324249268 0.72192734479904175
vt 0.72191250324249268 0.73564159870147705
vt 0.72191250324249268 0.74935585260391235
vt 0.74929583072662354 0.65281283855438232
vt 0.74929583072662354 0.66691243648529053
vt 0.74929583072662354 0.68078458309173584
vt 0.74929583072662354 0.69449883699417114
vt 0.74929583072662354 0.70821309089660645
vt 0.74929583072662354 0.72192734479904175
vt 0.74929583072662354 0.73564159870147705
vt 0.74929583072662354 0.74935585260391235
vt 0.77667915821075439 0.65281283855438232
vt 0.77667915821075439 0.66691243648529053
vt 0.77667915821075439 0.68078458309173584
vt 0.77667915821075439 0.69449883699417114
vt 0.77667915821075439 0.70821309089660645
vt 0.77667915821075439 0.72192734479904175
vt 0.77667915821075439 0.73564159870147705
vt 0.77667915821075439 0.74935585260391235
vt 0.80576729774475098 0.65281283855438232
vt 0.80576729774475098 0.66691243648529053
vt 0.80576729774475098 0.68078458309173584
vt 0.80576729774475098 0.69449883699417114
vt 0.80576729774475098 0.70821309089660645
vt 0.80576729774475098 0.72192734479904175
vt 0.80576729774475098 0.73564159870147705
vt 0.80576729774475098 0.74935585260391235
vt 0.83392000198364258 0.65281283855438232
vt 0.83392000198364258 0.66691243648529053
vt 0.83392000198364258 0.68078458309173584
vt 0.83392000198364258 0.69449883699417114
vt 0.83392000198364258 0.70821309089660645
vt 0.83392000198364258 0.72192734479904175
vt 0.83392000198364258 0.73564159870147705
vt 0.83392000198364258 0.74935585260391235
vt 0.8616185188293457 0.65281283855438232
vt 0.8616185188293457 0.66691243648529053
vt 0.8616185188293457 0.68078458309173584
vt 0.8616185188293457 0.69449883699417114
vt 0.8616185188293457 0.70821309089660645
vt 0.8616185188293457 0.72192734479904175
vt 0.8616185188293457 0.73564159870147705
vt 0.8616185188293457 0.74935585260391235
vt 0.88900184631347656 0.65281283855438232
vt 0.88900184631347656 0.66691243648529053
vt 0.88900184631347656 0.68078458309173584
vt 0.88900184631347656 0.69449883699417114
vt 0.88900184631347656 0.70821309089660645
vt 0.88900184631347656 0.72192734479904175
vt 0.88900184631347656 0.73564159870147705
vt 0.88900184631347656 0.74935585260391235
vt 0.91638511419296265 0.65281283855438232
vt 0.91638511419296265 0.66691243648529053
vt 0.91638511419296265 0.68078458309173584
vt 0.91638511419296265 0.69449883699417114
vt 0.91638511419296265 0.70821309089660645
vt 0.91638511419296265 0.72192734479904175
vt 0.91638511419296265 0.73564159870147705
vt 0.91638511419296265 0.74935585260391235
vt 0.94376850128173828 0.65281283855438232
vt 0.94376850128173828 0.66691243648529053
vt 0.94376850128173828 0.68078458309173584
vt 0.94376850128173828 0.69449883699417114
vt 0.94376850128173828 0.70821309089660645
vt 0.94376850128173828 0.72192734479904175
vt 0.94376850128173828 0.73564159870147705
vt 0.94376850128173828 0.74935585260391235
vt 0.97115182876586914 0.65281283855438232
vt 0.97115182876586914 0.66691243648529053
vt 0.97115182876586914 0.68078458309173584
vt 0.97115182876586914 0.69449883699417114
vt 0.97115182876586914 0.70821309089660645
vt 0.97115182876586914 0.72192734479904175
vt 0.97115182876586914 0.73564159870147705
vt 0.97115182876586914 0.74935585260391235
vt 0.99853515625 0.63824474811553955
vt 0.99853515625 0.65281283855438232
vt 0.99853515625 0.66691243648529053
vt 0.99853515625 0.68078458309173584
vt 0.99853515625 0.69449883699417114
vt 0.99853515625 0.70821309089660645
vt 0.99853515625 0.72192734479904175
vt 0.99853515625 0.73564159870147705
vt 0.99853515625 0.74935585260391235
vt 0.13174888491630554 0.63824474811553955
vt 0.15238665044307709 0.63824474811553955
vt 0.17302441596984863 0.63824474811553955
vt 0.19366218149662018 0.63824474811553955
vt 0.21429996192455292 0.63824474811553955
vt 0.23493772745132446 0.63824474811553955
vt 0.2555755078792572 0.63824474811553955
vt 0.27621325850486755 0.63824474811553955
vt 0.29685100913047791 0.63824474811553955
vt 0.31748878955841064 0.63824474811553955
vt 0.33812656998634338 0.63824474811553955
vt 0.35876435041427612 0.63824474811553955
vt 0.37940210103988647 0.63824474811553955
vt 0.40003988146781921 0.63824474811553955
vt 0.42067763209342957 0.63824474811553955
vt 0.4413154125213623 0.63824474811553955
vt 0.46195319294929504 0.63824474811553955
vt 0.4825909435749054 0.63824474811553955
vt 0.50322872400283813 0.63824474811553955
vt 0.52386647462844849 0.63824474811553955
vt 0.54450422525405884 0.63824474811553955
vt 0.56514203548431396 0.63824474811553955
vt 0.58577978610992432 0.63824474811553955
vt 0.60641759634017944 0.63824474811553955
vt 0.62705528736114502 0.63824474811553955
vt 0.64769309759140015 0.63824474811553955
vt 0.6683308482170105 0.63824474811553955
vt 0.68896865844726562 0.63824474811553955
vt 0.70960640907287598 0.63824474811553955
vt 0.73024415969848633 0.63824474811553955
vt 0.75088191032409668 0.63824474811553955
vt 0.77151972055435181 0.63824474811553955
vt 0.79215747117996216 0.63824474811553955
vt 0.81279528141021729 0.63824474811553955
vt 0.83343297243118286 0.63824474811553955
vt 0.85407078266143799 0.63824474811553955
vt 0.87470853328704834 0.63824474811553955
vt 0.89534634351730347 0.63824474811553955
vt 0.91598409414291382 0.63824474811553955
vt 0.93662184476852417 0.63824474811553955
vt 0.95725959539413452 0.63824474811553955
vt 0.97789740562438965 0.63824474811553955
vt 0.1096462681889534 0
vt 0.095270238816738129 0
vt 0.081356555223464966 0
vt 0.067667312920093536 0
vt 0.05413384735584259 0
vt 0.040600385516881943 0
vt 0.027066921815276146 0
vt 0.013533463701605797 0
vt 0 0
vt 0.095270238816738129 0.029088160023093224
vt 0.081356555223464966 0.029088160023093224
vt 0.067667312920093536 0.029088160023093224
vt 0.05413384735584259 0.029088160023093224
vt 0.040600385516881943 0.029088160023093224
vt 0.027066921815276146 0.029088160023093224
vt 0.013533463701605797 0.029088160023093224
vt 0 0.029088160023093224
vt 0.095270238816738129 0.057240825146436691
vt 0.081356555223464966 0.057240825146436691
vt 0.067667312920093536 0.057240825146436691
vt 0.05413384735584259 0.057240825146436691
vt 0.040600385516881943 0.057240825146436691
vt 0.027066921815276146 0.057240825146436691
vt 0.013533463701605797 0.057240825146436691
vt 0 0.057240825146436691
vt 0.095270238816738129 0.084939360618591309
vt 0.081356555223464966 0.084939360618591309
vt 0.067667312920093536 0.084939360618591309
vt 0.05413384735584259 0.084939360618591309
vt 0.040600385516881943 0.084939360618591309
vt 0.027066921815276146 0.084939360618591309
vt 0.013533463701605797 0.084939360618591309
vt 0 0.084939360618591309
vt 0.095270238816738129 0.11232268810272217
vt 0.081356555223464966 0.11232268810272217
vt 0.067667312920093536 0.11232268810272217
vt 0.05413384735584259 0.11232268810272217
vt 0.040600385516881943 0.11232268810272217
vt 0.027066921815276146 0.11232268810272217
vt 0.013533463701605797 0.11232268810272217
vt 0 0.11232268810272217
vt 0.095270238816738129 0.13970603048801422
vt 0.081356555223464966 0.13970603048801422
vt 0.067667312920093536 0.13970603048801422
vt 0.05413384735584259 0.13970603048801422
vt 0.040600385516881943 0.13970603048801422
vt 0.027066921815276146 0.13970603048801422
vt 0.013533463701605797 0.13970603048801422
vt 0 0.13970603048801422
vt 0.095270238816738129 0.16708935797214508
vt 0.081356555223464966 0.16708935797214508
vt 0.067667312920093536 0.16708935797214508
vt 0.05413384735584259 0.16708935797214508
vt 0.040600385516881943 0.16708935797214508
vt 0.027066921815276146 0.16708935797214508
vt 0.013533463701605797 0.16708935797214508
vt 0 0.16708935797214508
vt 0.095270238816738129 0.19447267055511475
vt 0.081356555223464966 0.19447267055511475
vt 0.067667312920093536 0.19447267055511475
vt 0.05413384735584259 0.19447267055511475
vt 0.040600385516881943 0.19447267055511475
vt 0.027066921815276146 0.19447267055511475
vt 0.013533463701605797 0.19447267055511475
vt 0 0.19447267055511475
vt 0.095270238816738129 0.2218560129404068
vt 0.081356555223464966 0.2218560129404068
vt 0.067667312920093536 0.2218560129404068
vt 0.05413384735584259 0.2218560129404068
vt 0.040600385516881943 0.2218560129404068
vt 0.027066921815276146 0.2218560129404068
vt 0.013533463701605797 0.2218560129404068
vt 0 0.2218560129404068
vt 0.095270238816738129 0.25094416737556458
vt 0.081356555223464966 0.25094416737556458
vt 0.067667312920093536 0.25094416737556458
vt 0.05413384735584259 0.25094416737556458
vt 0.040600385516881943 0.25094416737556458
vt 0.027066921815276146 0.25094416737556458
vt 0.013533463701605797 0.25094416737556458
vt 0 0.25094416737556458
vt 0.095270238816738129 0.27909684181213379
vt 0.081356555223464966 0.27909684181213379
vt 0.067667312920093536 0.27909684181213379
vt 0.05413384735584259 0.27909684181213379
vt 0.040600385516881943 0.27909684181213379
vt 0.027066921815276146 0.27909684181213379
vt 0.013533463701605797 0.27909684181213379
vt 0 0.27909684181213379
vt 0.095270238816738129 0.30679535865783691
vt 0.081356555223464966 0.30679535865783691
vt 0.067667312920093536 0.30679535865783691
vt 0.05413384735584259 0.30679535865783691
vt 0.040600385516881943 0.30679535865783691
vt 0.027066921815276146 0.30679535865783691
vt 0.013533463701605797 0.30679535865783691
vt 0 0.30679535865783691
vt 0.095270238816738129 0.33417871594429016
vt 0.081356555223464966 0.33417871594429016
vt 0.067667312920093536 0.33417871594429016
vt 0.05413384735584259 0.33417871594429016
vt 0.040600385516881943 0.33417871594429016
vt 0.027066921815276146 0.33417871594429016
vt 0.013533463701605797 0.33417871594429016
vt 0 0.33417871594429016
vt 0.095270238816738129 0.36156204342842102
vt 0.081356555223464966 0.36156204342842102
vt 0.067667312920093536 0.36156204342842102
vt 0.05413384735584259 0.36156204342842102
vt 0.040600385516881943 0.36156204342842102
vt 0.027066921815276146 0.36156204342842102
vt 0.013533463701605797 0.36156204342842102
vt 0 0.36156204342842102
vt 0.095270238816738129 0.38894534111022949
vt 0.081356555223464966 0.38894534111022949
vt 0.067667312920093536 0.38894534111022949
vt 0.05413384735584259 0.38894534111022949
vt 0.040600385516881943 0.38894534111022949
vt 0.027066921815276146 0.38894534111022949
vt 0.013533463701605797 0.38894534111022949
vt 0 0.38894534111022949
vt 0.095270238816738129 0.41632869839668274
vt 0.081356555223464966 0.41632869839668274
vt 0.067667312920093536 0.41632869839668274
vt 0.05413384735584259 0.41632869839668274
vt 0.040600385516881943 0.41632869839668274
vt 0.027066921815276146 0.41632869839668274
vt 0.013533463701605797 0.41632869839668274
vt 0 0.41632869839668274
vt 0.095270238816738129 0.4437120258808136
vt 0.081356555223464966 0.4437120258808136
vt 0.067667312920093536 0.4437120258808136
vt 0.05413384735584259 0.4437120258808136
vt 0.040600385516881943 0.4437120258808136
vt 0.027066921815276146 0.4437120258808136
vt 0.013533463701605797 0.4437120258808136
vt 0 0.4437120258808136
vt 0.095270238816738129 0.47280019521713257
vt 0.081356555223464966 0.47280019521713257
vt 0.067667312920093536 0.47280019521713257
vt 0.05413384735584259 0.47280019521713257
vt 0.040600385516881943 0.47280019521713257
vt 0.027066921815276146 0.47280019521713257
vt 0.013533463701605797 0.47280019521713257
vt 0 0.47280019521713257
vt 0.095270238816738129 0.50095283985137939
vt 0.081356555223464966 0.50095283985137939
vt 0.067667312920093536 0.50095283985137939
vt 0.05413384735584259 0.50095283985137939
vt 0.040600385516881943 0.50095283985137939
vt 0.027066921815276146 0.50095283985137939
vt 0.013533463701605797 0.50095283985137939
vt 0 0.50095283985137939
vt 0.095270238816738129 0.52865135669708252
vt 0.081356555223464966 0.52865135669708252
vt 0.067667312920093536 0.52865135669708252
vt 0.05413384735584259 0.52865135669708252
vt 0.040600385516881943 0.52865135669708252
vt 0.027066921815276146 0.52865135669708252
vt 0.013533463701605797 0.52865135669708252
vt 0 0.52865135669708252
vt 0.095270238816738129 0.55603468418121338
vt 0.081356555223464966 0.55603468418121338
vt 0.067667312920093536 0.55603468418121338
vt 0.05413384735584259 0.55603468418121338
vt 0.040600385516881943 0.55603468418121338
vt 0.027066921815276146 0.55603468418121338
vt 0.013533463701605797 0.55603468418121338
vt 0 0.55603468418121338
vt 0.095270238816738129 0.58341801166534424
vt 0.081356555223464966 0.58341801166534424
vt 0.067667312920093536 0.58341801166534424
vt 0.05413384735584259 0.58341801166534424
vt 0.040600385516881943 0.58341801166534424
vt 0.027066921815276146 0.58341801166534424
vt 0.013533463701605797 0.58341801166534424
vt 0 0.58341801166534424
vt 0.095270238816738129 0.61080139875411987
vt 0.081356555223464966 0.61080139875411987
vt 0.067667312920093536 0.61080139875411987
vt 0.05413384735584259 0.61080139875411987
vt 0.040600385516881943 0.61080139875411987
vt 0.027066921815276146 0.61080139875411987
vt 0.013533463701605797 0.61080139875411987
vt 0 0.61080139875411987
vt 0.095270238816738129 0.63818472623825073
vt 0.081356555223464966 0.63818472623825073
vt 0.067667312920093536 0.63818472623825073
vt 0.05413384735584259 0.63818472623825073
vt 0.040600385516881943 0.63818472623825073
vt 0.027066921815276146 0.63818472623825073
vt 0.013533463701605797 0.63818472623825073
vt 0 0.63818472623825073
vt 0.095270238816738129 0.66556805372238159
vt 0.081356555223464966 0.66556805372238159
vt 0.067667312920093536 0.66556805372238159
vt 0.05413384735584259 0.66556805372238159
vt 0.040600385516881943 0.66556805372238159
vt 0.027066921815276146 0.66556805372238159
vt 0.013533463701605797 0.66556805372238159
vt 0 0.66556805372238159
vt 0.095270238816738129 0.69465619325637817
vt 0.081356555223464966 0.69465619325637817
vt 0.067667312920093536 0.69465619325637817
vt 0.05413384735584259 0.69465619325637817
vt 0.040600385516881943 0.69465619325637817
vt 0.027066921815276146 0.69465619325637817
vt 0.013533463701605797 0.69465619325637817
vt 0 0.69465619325637817
vt 0.095270238816738129 0.72280889749526978
vt 0.081356555223464966 0.72280889749526978
vt 0.067667312920093536 0.72280889749526978
vt 0.05413384735584259 0.72280889749526978
vt 0.040600385516881943 0.72280889749526978
vt 0.027066921815276146 0.72280889749526978
vt 0.013533463701605797 0.72280889749526978
vt 0 0.72280889749526978
vt 0.095270238816738129 0.7505074143409729
vt 0.081356555223464966 0.7505074143409729
vt 0.067667312920093536 0.7505074143409729
vt 0.05413384735584259 0.7505074143409729
vt 0.040600385516881943 0.7505074143409729
vt 0.027066921815276146 0.7505074143409729
vt 0.013533463701605797 0.7505074143409729
vt 0 0.7505074143409729
vt 0.095270238816738129 0.77789068222045898
vt 0.081356555223464966 0.77789068222045898
vt 0.067667312920093536 0.77789068222045898
vt 0.05413384735584259 0.77789068222045898
vt 0.040600385516881943 0.77789068222045898
vt 0.027066921815276146 0.77789068222045898
vt 0.013533463701605797 0.77789068222045898
vt 0 0.77789068222045898
vt 0.095270238816738129 0.80527400970458984
vt 0.081356555223464966 0.80527400970458984
vt 0.067667312920093536 0.80527400970458984
vt 0.05413384735584259 0.80527400970458984
vt 0.040600385516881943 0.80527400970458984
vt 0.027066921815276146 0.80527400970458984
vt 0.013533463701605797 0.80527400970458984
vt 0 0.80527400970458984
vt 0.095270238816738129 0.83265739679336548
vt 0.081356555223464966 0.83265739679336548
vt 0.067667312920093536 0.83265739679336548
vt 0.05413384735584259 0.83265739679336548
vt 0.040600385516881943 0.83265739679336548
vt 0.027066921815276146 0.83265739679336548
vt 0.013533463701605797 0.83265739679336548
vt 0 0.83265739679336548
vt 0.095270238816738129 0.86004072427749634
vt 0.081356555223464966 0.86004072427749634
vt 0.067667312920093536 0.86004072427749634
vt 0.05413384735584259 0.86004072427749634
vt 0.040600385516881943 0.86004072427749634
vt 0.027066921815276146 0.86004072427749634
vt 0.013533463701605797 0.86004072427749634
vt 0 0.86004072427749634
vt 0.1096462681889534 0.8874240517616272
vt 0.095270238816738129 0.8874240517616272
vt 0.081356555223464966 0.8874240517616272
vt 0.067667312920093536 0.8874240517616272
vt 0.05413384735584259 0.8874240517616272
vt 0.040600385516881943 0.8874240517616272
vt 0.027066921815276146 0.8874240517616272
vt 0.013533463701605797 0.8874240517616272
vt 0 0.8874240517616272
vt 0.1096462681889534 0.020637769252061844
vt 0.1096462681889534 0.041275538504123688
vt 0.1096462681889534 0.061913307756185532
vt 0.1096462681889534 0.082551077008247375
vt 0.1096462681889534 0.10318884253501892
vt 0.1096462681889534 0.12382661551237106
vt 0.1096462681889534 0.14446438848972321
vt 0.1096462681889534 0.16510215401649475
vt 0.1096462681889534 0.1857399195432663
vt 0.1096462681889534 0.20637768507003784
vt 0.1096462681889534 0.22701545059680939
vt 0.1096462681889534 0.24765323102474213
vt 0.1096462681889534 0.26829099655151367
vt 0.1096462681889534 0.28892877697944641
vt 0.1096462681889534 0.30956652760505676
vt 0.1096462681889534 0.3302043080329895
vt 0.1096462681889534 0.35084205865859985
vt 0.1096462681889534 0.37147983908653259
vt 0.1096462681889534 0.39211758971214294
vt 0.1096462681889534 0.41275537014007568
vt 0.1096462681889534 0.43339312076568604
vt 0.1096462681889534 0.45403090119361877
vt 0.1096462681889534 0.47466868162155151
vt 0.1096462681889534 0.49530646204948425
vt 0.1096462681889534 0.51594418287277222
vt 0.1096462681889534 0.53658199310302734
vt 0.1096462681889534 0.5572197437286377
vt 0.1096462681889534 0.57785755395889282
vt 0.1096462681889534 0.59849530458450317
vt 0.1096462681889534 0.61913305521011353
vt 0.1096462681889534 0.63977080583572388
vt 0.1096462681889534 0.660408616065979
vt 0.1096462681889534 0.68104636669158936
vt 0.1096462681889534 0.70168411731719971
vt 0.1096462681889534 0.72232186794281006
vt 0.1096462681889534 0.74295967817306519
vt 0.1096462681889534 0.76359742879867554
vt 0.1096462681889534 0.78423517942428589
vt 0.1096462681889534 0.80487298965454102
vt 0.1096462681889534 0.82551074028015137
vt 0.1096462681889534 0.84614849090576172
vt 0.1096462681889534 0.86678624153137207
vn 1 0 0
vn 1 0 0
vn 1 0 0
vn 1 0 0
vn 0.98934334516525269 0 -0.14560116827487946
vn 0.95760059356689453 0 -0.28809911012649536
vn 0.90544825792312622 0 -0.42445668578147888
vn 0.83399778604507446 0 -0.55176776647567749
vn 0.74477219581604004 0 -0.66731882095336914
vn 0.63967299461364746 0 -0.76864713430404663
vn 0.52094036340713501 0 -0.85359311103820801
vn 0.39110472798347473 0 -0.92034620046615601
vn 0.25293338298797607 0 -0.96748369932174683
vn 0.10937120765447617 0 -0.99400097131729126
vn -0.036522023379802704 0 -0.99933284521102905
vn -0.18163685500621796 0 -0.98336565494537354
vn -0.32288041710853577 0 -0.94643974304199219
vn -0.45724231004714966 0 -0.88934212923049927
vn -0.58185893297195435 0 -0.81328976154327393
vn -0.69407421350479126 0 -0.71990346908569336
vn -0.79149651527404785 0 -0.61117368936538696
vn -0.87204939126968384 0 -0.48941785097122192
vn -0.93401610851287842 0 -0.35723090171813965
vn -0.97607588768005371 0 -0.21743017435073853
vn -0.99733227491378784 0 -0.072995312511920929
vn -0.99733227491378784 0 0.072995312511920929
vn -0.97607588768005371 0 0.21743017435073853
vn -0.93401610851287842 0 0.35723090171813965
vn -0.87204939126968384 0 0.48941785097122192
vn -0.79149651527404785 0 0.61117368936538696
vn -0.69407421350479126 0 0.71990346908569336
vn -0.58185893297195435 0 0.81328976154327393
vn -0.45724231004714966 0 0.88934212923049927
vn -0.32288041710853577 0 0.94643974304199219
vn -0.18163685500621796 0 0.98336565494537354
vn -0.036522023379802704 0 0.99933284521102905
vn 0.10937120765447617 0 0.99400097131729126
vn 0.25293338298797607 0 0.96748369932174683
vn 0.39110472798347473 0 0.92034620046615601
vn 0.52094036340713501 0 0.85359311103820801
vn 0.63967299461364746 0 0.76864713430404663
vn 0.74477219581604004 0 0.66731882095336914
vn 0.83399778604507446 0 0.55176776647567749
vn 0.90544825792312622 0 0.42445668578147888
vn 0.95760059356689453 0 0.28809911012649536
vn 0.98934334516525269 0 0.14560116827487946
vn 1 0 0
vn 1 0 0
vn 0.98934334516525269 0 0.14560116827487946
vn 0.95760059356689453 0 0.28809911012649536
vn 0.90544825792312622 0 0.42445668578147888
vn 0.83399778604507446 0 0.55176776647567749
vn 0.74477219581604004 0 0.66731882095336914
vn 0.63967299461364746 0 0.76864713430404663
vn 0.52094036340713501 0 0.85359311103820801
vn 0.39110472798347473 0 0.92034620046615601
vn 0.25293338298797607 0 0.96748369932174683
vn 0.10937120765447617 0 0.99400097131729126
vn -0.036522023379802704 0 0.99933284521102905
vn -0.18163685500621796 0 0.98336565494537354
vn -0.32288041710853577 0 0.94643974304199219
vn -0.45724231004714966 0 0.88934212923049927
vn -0.58185893297195435 0 0.81328976154327393
vn -0.69407421350479126 0 0.71990346908569336
vn -0.79149651527404785 0 0.61117368936538696
vn -0.87204939126968384 0 0.48941785097122192
vn -0.93401610851287842 0 0.35723090171813965
vn -0.97607588768005371 0 0.21743017435073853
vn -0.99733227491378784 0 0.072995312511920929
vn -0.99733227491378784 0 -0.072995312511920929
vn -0.97607588768005371 0 -0.21743017435073853
vn -0.93401610851287842 0 -0.35723090171813965
vn -0.87204939126968384 0 -0.48941785097122192
vn -0.79149651527404785 0 -0.61117368936538696
vn -0.69407421350479126 0 -0.71990346908569336
vn -0.58185893297195435 0 -0.81328976154327393
vn -0.45724231004714966 0 -0.88934212923049927
vn -0.32288041710853577 0 -0.94643974304199219
vn -0.18163685500621796 0 -0.98336565494537354
vn -0.036522023379802704 0 -0.99933284521102905
vn 0.10937120765447617 0 -0.99400097131729126
vn 0.25293338298797607 0 -0.96748369932174683
vn 0.39110472798347473 0 -0.92034620046615601
vn 0.52094036340713501 0 -0.85359311103820801
vn 0.63967299461364746 0 -0.76864713430404663
vn 0.74477219581604004 0 -0.66731882095336914
vn 0.83399778604507446 0 -0.55176776647567749
vn 0.90544825792312622 0 -0.42445668578147888
vn 0.95760059356689453 0 -0.28809911012649536
vn 0.98934334516525269 0 -0.14560116827487946
vn 0 -1 0
vn 0 -1 0
vn 0 -1 0
vn 0 -1 0
vn 0 -1 0
vn 0 -1 0
vn 0 -1 0
vn 0 -1 0
vn 0 -1 0
vn 0 -1 0
vn 0 -1 0
vn 0 -1 0
vn 0 -1 0
vn 0 -1 0
vn 0 -1 0
vn 0 -1 0
vn 0 -1 0
vn 0 -1 0
vn 0 -1 0
vn 0 -1 0
vn 0 -1 0
vn 0 -1 0
vn 0 -1 0
vn 0 -1 0
vn 0 -1 0
vn 0 -1 0
vn 0 -1 0
vn 0 -1 0
vn 0 -1 0
vn 0 -1 0
vn 0 -1 0
vn 0 -1 0
vn 0 -1 0
vn 0 -1 0
vn 0 -1 0
vn 0 -1 0
vn 0 -1 0
vn 0 -1 0
vn 0 -1 0
vn 0 -1 0
vn 0 -1 0
vn 0 1 0
vn 0 1 0
vn 0 1 0
vn 0 1 0
vn 0 1 0
vn 0 1 0
vn 0 1 0
vn 0 1 0
vn 0 1 0
vn 0 1 0
vn 0 1 0
vn 0 1 0
vn 0 1 0
vn 0 1 0
vn 0 1 0
vn 0 1 0
vn 0 1 0
vn 0 1 0
vn 0 1 0
vn 0 1 0
vn 0 1 0
vn 0 1 0
vn 0 1 0
vn 0 1 0
vn 0 1 0
vn 0 1 0
vn 0 1 0
vn 0 1 0
vn 0 1 0
vn 0 1 0
vn 0 1 0
vn 0 1 0
vn 0 1 0
vn 0 1 0
vn 0 1 0
vn 0 1 0
vn 0 1 0
vn 0 1 0
vn 0 1 0
vn 0 1 0
vn 0 1 0
vn 1 0 0
vn 0.98158019781112671 0.19105048477649689 0
vn 0.92502325773239136 0.37991040945053101 0
vn 0.82987266778945923 0.55795282125473022 0
vn 0.69970357418060303 0.71443325281143188 0
vn 0.54072701930999756 0.8411981463432312 0
vn 0.36344948410987854 0.93161392211914062 0
vn 0.17962829768657684 0.98373454809188843 0
vn 0 1 0
vn 0.96083635091781616 0.19105048477649689 -0.2007317990064621
vn 0.90547460317611694 0.37991040945053101 -0.18916597962379456
vn 0.81233483552932739 0.55795282125473022 -0.16970780491828918
vn 0.68491667509078979 0.71443325281143188 -0.14308841526508331
vn 0.52929979562759399 0.84119808673858643 -0.11057791858911514
vn 0.35576865077018738 0.93161392211914062 -0.074324920773506165
vn 0.17583219707012177 0.98373454809188843 -0.036733739078044891
vn 0 1 0
vn 0.90206462144851685 0.19105048477649689 -0.38701310753822327
vn 0.85008925199508667 0.37991040945053101 -0.36471408605575562
vn 0.76264655590057373 0.55795282125473022 -0.32719850540161133
vn 0.64302217960357666 0.71443325281143188 -0.27587604522705078
vn 0.49692395329475403 0.8411981463432312 -0.21319545805454254
vn 0.33400726318359375 0.93161392211914062 -0.14329925179481506
vn 0.16507701575756073 0.98373454809188843 -0.070823051035404205
vn 0 1 0
vn 0.8093608021736145 0.19105048477649689 -0.55536907911300659
vn 0.76272684335708618 0.37991040945053101 -0.52336966991424561
vn 0.68427050113677979 0.55795282125473022 -0.46953433752059937
vn 0.57693976163864136 0.71443325281143188 -0.3958858847618103
vn 0.44585582613945007 0.8411981463432312 -0.30593839287757874
vn 0.29968184232711792 0.93161392211914062 -0.2056363970041275
vn 0.14811229705810547 0.98373454809188843 -0.10163204371929169
vn 0 1 0
vn 0.68719440698623657 0.19105048477649689 -0.70090192556381226
vn 0.64759945869445801 0.37991040945053101 -0.66051721572875977
vn 0.58098548650741577 0.55795282125473022 -0.59257447719573975
vn 0.48985543847084045 0.71443325281143188 -0.49962663650512695
vn 0.37855753302574158 0.8411981463432312 -0.38610866665840149
vn 0.254447340965271 0.93161392211914062 -0.25952282547950745
vn 0.12575596570968628 0.98373454809188843 -0.12826442718505859
vn 0 1 0
vn 0.53927737474441528 0.19105048477649689 -0.82017046213150024
vn 0.50820517539978027 0.37991040945053101 -0.77291369438171387
vn 0.45592966675758362 0.55795282125473022 -0.6934095025062561
vn 0.3844151496887207 0.71443325281143188 -0.58464527130126953
vn 0.29707390069961548 0.8411981463432312 -0.45181059837341309
vn 0.19967810809612274 0.93161392211914062 -0.30368435382843018
vn 0.098687276244163513 0.98373454809188843 -0.15009047091007233
vn 0 1 0
vn 0.37115240097045898 0.19105048477649689 -0.90870547294616699
vn 0.34976726770401001 0.37991040945053101 -0.85634744167327881
vn 0.31378915905952454 0.55795282125473022 -0.76826101541519165
vn 0.26456999778747559 0.71443325281143188 -0.64775598049163818
vn 0.20445822179317474 0.8411981463432312 -0.50058221817016602
vn 0.13742652535438538 0.93161392211914062 -0.33646616339683533
vn 0.067920558154582977 0.98373454809188843 -0.16629227995872498
vn 0 1 0
vn 0.18911956250667572 0.19105048477649689 -0.96318924427032471
vn 0.17822283506393433 0.37991040945053101 -0.90769195556640625
vn 0.1598903089761734 0.55795282125473022 -0.81432408094406128
vn 0.13481082022190094 0.71443325281143188 -0.68659389019012451
vn 0.10418105870485306 0.8411981463432312 -0.53059589862823486
vn 0.070025265216827393 0.93161392211914062 -0.35663986206054688
vn 0.034608710557222366 0.98373454809188843 -0.17626276612281799
vn 0 1 0
vn 0 0.19105048477649689 -0.98158019781112671
vn 0 0.37991040945053101 -0.92502325773239136
vn 0 0.55795282125473022 -0.82987266778945923
vn 0 0.71443325281143188 -0.69970357418060303
vn 0 0.8411981463432312 -0.54072701930999756
vn 0 0.93161392211914062 -0.36344948410987854
vn 0 0.98373454809188843 -0.17962829768657684
vn 0 1 0
vn -0.2007317990064621 0.19105048477649689 -0.96083635091781616
vn -0.18916597962379456 0.37991040945053101 -0.90547460317611694
vn -0.16970780491828918 0.55795282125473022 -0.81233483552932739
vn -0.14308841526508331 0.71443325281143188 -0.68491667509078979
vn -0.11057791858911514 0.84119808673858643 -0.52929979562759399
vn -0.074324920773506165 0.93161392211914062 -0.35576865077018738
vn -0.036733739078044891 0.98373454809188843 -0.17583219707012177
vn 0 1 0
vn -0.38701310753822327 0.19105048477649689 -0.90206462144851685
vn -0.36471408605575562 0.37991040945053101 -0.85008925199508667
vn -0.32719850540161133 0.55795282125473022 -0.76264655590057373
vn -0.27587604522705078 0.71443325281143188 -0.64302217960357666
vn -0.21319545805454254 0.8411981463432312 -0.49692395329475403
vn -0.14329925179481506 0.93161392211914062 -0.33400726318359375
vn -0.070823051035404205 0.98373454809188843 -0.16507701575756073
vn 0 1 0
vn -0.55536907911300659 0.19105048477649689 -0.8093608021736145
vn -0.52336966991424561 0.37991040945053101 -0.76272684335708618
vn -0.46953433752059937 0.55795282125473022 -0.68427050113677979
vn -0.3958858847618103 0.71443325281143188 -0.57693976163864136
vn -0.30593839287757874 0.8411981463432312 -0.44585582613945007
vn -0.2056363970041275 0.93161392211914062 -0.29968184232711792
vn -0.10163204371929169 0.98373454809188843 -0.14811229705810547
vn 0 1 0
vn -0.70090192556381226 0.19105048477649689 -0.68719440698623657
vn -0.66051721572875977 0.37991040945053101 -0.64759945869445801
vn -0.59257447719573975 0.55795282125473022 -0.58098548650741577
vn -0.49962663650512695 0.71443325281143188 -0.48985543847084045
vn -0.38610866665840149 0.8411981463432312 -0.37855753302574158
vn -0.25952282547950745 0.93161392211914062 -0.254447340965271
vn -0.12826442718505859 0.98373454809188843 -0.12575596570968628
vn 0 1 0
vn -0.82017046213150024 0.19105048477649689 -0.53927737474441528
vn -0.77291369438171387 0.37991040945053101 -0.50820517539978027
vn -0.6934095025062561 0.55795282125473022 -0.45592966675758362
vn -0.58464527130126953 0.71443325281143188 -0.3844151496887207
vn -0.45181059837341309 0.8411981463432312 -0.29707390069961548
vn -0.30368435382843018 0.93161392211914062 -0.19967810809612274
vn -0.15009047091007233 0.98373454809188843 -0.098687276244163513
vn 0 1 0
vn -0.90870547294616699 0.19105048477649689 -0.37115240097045898
vn -0.85634744167327881 0.37991040945053101 -0.34976726770401001
vn -0.76826101541519165 0.55795282125473022 -0.31378915905952454
vn -0.64775598049163818 0.71443325281143188 -0.26456999778747559
vn -0.50058221817016602 0.8411981463432312 -0.20445822179317474
vn -0.33646616339683533 0.93161392211914062 -0.13742652535438538
vn -0.16629227995872498 0.98373454809188843 -0.067920558154582977
vn 0 1 0
vn -0.96318924427032471 0.19105048477649689 -0.18911956250667572
vn -0.90769195556640625 0.37991040945053101 -0.17822283506393433
vn -0.81432408094406128 0.55795282125473022 -0.1598903089761734
vn -0.68659389019012451 0.71443325281143188 -0.13481082022190094
vn -0.53059589862823486 0.8411981463432312 -0.10418105870485306
vn -0.35663986206054688 0.93161392211914062 -0.070025265216827393
vn -0.17626276612281799 0.98373454809188843 -0.034608710557222366
vn 0 1 0
vn -0.98158019781112671 0.19105048477649689 0
vn -0.92502325773239136 0.37991040945053101 0
vn -0.82987266778945923 0.55795282125473022 0
vn -0.69970357418060303 0.71443325281143188 0
vn -0.54072701930999756 0.8411981463432312 0
vn -0.36344948410987854 0.93161392211914062 0
vn -0.17962829768657684 0.98373454809188843 0
vn 0 1 0
vn -0.96083635091781616 0.19105048477649689 0.2007317990064621
vn -0.90547460317611694 0.37991040945053101 0.18916597962379456
vn -0.81233483552932739 0.55795282125473022 0.16970780491828918
vn -0.68491667509078979 0.71443325281143188 0.14308841526508331
vn -0.52929979562759399 0.84119808673858643 0.11057791858911514
vn -0.35576865077018738 0.93161392211914062 0.074324920773506165
vn -0.17583219707012177 0.98373454809188843 0.036733739078044891
vn 0 1 0
vn -0.90206462144851685 0.19105048477649689 0.38701310753822327
vn -0.85008925199508667 0.37991040945053101 0.36471408605575562
vn -0.76264655590057373 0.55795282125473022 0.32719850540161133
vn -0.64302217960357666 0.71443325281143188 0.27587604522705078
vn -0.49692395329475403 0.8411981463432312 0.21319545805454254
vn -0.33400726318359375 0.93161392211914062 0.14329925179481506
vn -0.16507701575756073 0.98373454809188843 0.070823051035404205
vn 0 1 0
vn -0.8093608021736145 0.19105048477649689 0.55536907911300659
vn -0.76272684335708618 0.37991040945053101 0.52336966991424561
vn -0.68427050113677979 0.55795282125473022 0.46953433752059937
vn -0.57693976163864136 0.71443325281143188 0.3958858847618103
vn -0.44585582613945007 0.8411981463432312 0.30593839287757874
vn -0.29968184232711792 0.93161392211914062 0.2056363970041275
vn -0.14811229705810547 0.98373454809188843 0.10163204371929169
vn 0 1 0
vn -0.68719440698623657 0.19105048477649689 0.70090192556381226
vn -0.64759945869445801 0.37991040945053101 0.66051721572875977
vn -0.58098548650741577 0.55795282125473022 0.59257447719573975
vn -0.48985543847084045 0.71443325281143188 0.49962663650512695
vn -0.37855753302574158 0.8411981463432312 0.38610866665840149
vn -0.254447340965271 0.93161392211914062 0.25952282547950745
vn -0.12575596570968628 0.98373454809188843 0.12826442718505859
vn 0 1 0
vn -0.53927737474441528 0.19105048477649689 0.82017046213150024
vn -0.50820517539978027 0.37991040945053101 0.77291369438171387
vn -0.45592966675758362 0.55795282125473022 0.6934095025062561
vn -0.3844151496887207 0.71443325281143188 0.58464527130126953
vn -0.29707390069961548 0.8411981463432312 0.45181059837341309
vn -0.19967810809612274 0.93161392211914062 0.30368435382843018
vn -0.098687276244163513 0.98373454809188843 0.15009047091007233
vn 0 1 0
vn -0.37115240097045898 0.19105048477649689 0.90870547294616699
vn -0.34976726770401001 0.37991040945053101 0.85634744167327881
vn -0.31378915905952454 0.55795282125473022 0.76826101541519165
vn -0.26456999778747559 0.71443325281143188 0.64775598049163818
vn -0.20445822179317474 0.8411981463432312 0.50058221817016602
vn -0.13742652535438538 0.93161392211914062 0.33646616339683533
vn -0.067920558154582977 0.98373454809188843 0.16629227995872498
vn 0 1 0
vn -0.18911956250667572 0.19105048477649689 0.96318924427032471
vn -0.17822283506393433 0.37991040945053101 0.90769195556640625
vn -0.1598903089761734 0.55795282125473022 0.81432408094406128
vn -0.13481082022190094 0.71443325281143188 0.68659389019012451
vn -0.10418105870485306 0.8411981463432312 0.53059589862823486
vn -0.070025265216827393 0.93161392211914062 0.35663986206054688
vn -0.034608710557222366 0.98373454809188843 0.17626276612281799
vn 0 1 0
vn 0 0.19105048477649689 0.98158019781112671
vn 0 0.37991040945053101 0.92502325773239136
vn 0 0.55795282125473022 0.82987266778945923
vn 0 0.71443325281143188 0.69970357418060303
vn 0 0.8411981463432312 0.54072701930999756
vn 0 0.93161392211914062 0.36344948410987854
vn 0 0.98373454809188843 0.17962829768657684
vn 0 1 0
vn 0.2007317990064621 0.19105048477649689 0.96083635091781616
vn 0.18916597962379456 0.37991040945053101 0.90547460317611694
vn 0.16970780491828918 0.55795282125473022 0.81233483552932739
vn 0.14308841526508331 0.71443325281143188 0.68491667509078979
vn 0.11057791858911514 0.84119808673858643 0.52929979562759399
vn 0.074324920773506165 0.93161392211914062 0.35576865077018738
vn 0.036733739078044891 0.98373454809188843 0.17583219707012177
vn 0 1 0
vn 0.38701310753822327 0.19105048477649689 0.90206462144851685
vn 0.36471408605575562 0.37991040945053101 0.85008925199508667
vn 0.32719850540161133 0.55795282125473022 0.76264655590057373
vn 0.27587604522705078 0.71443325281143188 0.64302217960357666
vn 0.21319545805454254 0.8411981463432312 0.49692395329475403
vn 0.14329925179481506 0.93161392211914062 0.33400726318359375
vn 0.070823051035404205 0.98373454809188843 0.16507701575756073
vn 0 1 0
vn 0.55536907911300659 0.19105048477649689 0.8093608021736145
vn 0.52336966991424561 0.37991040945053101 0.76272684335708618
vn 0.46953433752059937 0.55795282125473022 0.68427050113677979
vn 0.3958858847618103 0.71443325281143188 0.57693976163864136
vn 0.30593839287757874 0.8411981463432312 0.44585582613945007
vn 0.2056363970041275 0.93161392211914062 0.29968184232711792
vn 0.10163204371929169 0.98373454809188843 0.14811229705810547
vn 0 1 0
vn 0.70090192556381226 0.19105048477649689 0.68719440698623657
vn 0.66051721572875977 0.37991040945053101 0.64759945869445801
vn 0.59257447719573975 0.55795282125473022 0.58098548650741577
vn 0.49962663650512695 0.71443325281143188 0.48985543847084045
vn 0.38610866665840149 0.8411981463432312 0.37855753302574158
vn 0.25952282547950745 0.93161392211914062 0.254447340965271
vn 0.12826442718505859 0.98373454809188843 0.12575596570968628
vn 0 1 0
vn 0.82017046213150024 0.19105048477649689 0.53927737474441528
vn 0.77291369438171387 0.37991040945053101 0.50820517539978027
vn 0.6934095025062561 0.55795282125473022 0.45592966675758362
vn 0.58464527130126953 0.71443325281143188 0.3844151496887207
vn 0.45181059837341309 0.8411981463432312 0.29707390069961548
vn 0.30368435382843018 0.93161392211914062 0.19967810809612274
vn 0.15009047091007233 0.98373454809188843 0.098687276244163513
vn 0 1 0
vn 0.90870547294616699 0.19105048477649689 0.37115240097045898
vn 0.85634744167327881 0.37991040945053101 0.34976726770401001
vn 0.76826101541519165 0.55795282125473022 0.31378915905952454
vn 0.64775598049163818 0.71443325281143188 0.26456999778747559
vn 0.50058221817016602 0.8411981463432312 0.20445822179317474
vn 0.33646616339683533 0.93161392211914062 0.13742652535438538
vn 0.16629227995872498 0.98373454809188843 0.067920558154582977
vn 0 1 0
vn 0.96318924427032471 0.19105048477649689 0.18911956250667572
vn 0.90769195556640625 0.37991040945053101 0.17822283506393433
vn 0.81432408094406128 0.55795282125473022 0.1598903089761734
vn 0.68659389019012451 0.71443325281143188 0.13481082022190094
vn 0.53059589862823486 0.8411981463432312 0.10418105870485306
vn 0.35663986206054688 0.93161392211914062 0.070025265216827393
vn 0.17626276612281799 0.98373454809188843 0.034608710557222366
vn 0 1 0
vn 1 0 0
vn 0.98158019781112671 0.19105048477649689 0
vn 0.92502325773239136 0.37991040945053101 0
vn 0.82987266778945923 0.55795282125473022 0
vn 0.69970357418060303 0.71443325281143188 0
vn 0.54072701930999756 0.8411981463432312 0
vn 0.36344948410987854 0.93161392211914062 0
vn 0.17962829768657684 0.98373454809188843 0
vn 0 1 0
vn 0.98934334516525269 0 -0.14560116827487946
vn 0.95760059356689453 0 -0.28809911012649536
vn 0.90544825792312622 0 -0.42445668578147888
vn 0.83399778604507446 0 -0.55176776647567749
vn 0.74477219581604004 0 -0.66731882095336914
vn 0.63967299461364746 0 -0.76864713430404663
vn 0.52094036340713501 0 -0.85359311103820801
vn 0.39110472798347473 0 -0.92034620046615601
vn 0.25293338298797607 0 -0.96748369932174683
vn 0.10937120765447617 0 -0.99400097131729126
vn -0.036522023379802704 0 -0.99933284521102905
vn -0.18163685500621796 0 -0.98336565494537354
vn -0.32288041710853577 0 -0.94643974304199219
vn -0.45724231004714966 0 -0.88934212923049927
vn -0.58185893297195435 0 -0.81328976154327393
vn -0.69407421350479126 0 -0.71990346908569336
vn -0.79149651527404785 0 -0.61117368936538696
vn -0.87204939126968384 0 -0.48941785097122192
vn -0.93401610851287842 0 -0.35723090171813965
vn -0.97607588768005371 0 -0.21743017435073853
vn -0.99733227491378784 0 -0.072995312511920929
vn -0.99733227491378784 0 0.072995312511920929
vn -0.97607588768005371 0 0.21743017435073853
vn -0.93401610851287842 0 0.35723090171813965
vn -0.87204939126968384 0 0.48941785097122192
vn -0.79149651527404785 0 0.61117368936538696
vn -0.69407421350479126 0 0.71990346908569336
vn -0.58185893297195435 0 0.81328976154327393
vn -0.45724231004714966 0 0.88934212923049927
vn -0.32288041710853577 0 0.94643974304199219
vn -0.18163685500621796 0 0.98336565494537354
vn -0.036522023379802704 0 0.99933284521102905
vn 0.10937120765447617 0 0.99400097131729126
vn 0.25293338298797607 0 0.96748369932174683
vn 0.39110472798347473 0 0.92034620046615601
vn 0.52094036340713501 0 0.85359311103820801
vn 0.63967299461364746 0 0.76864713430404663
vn 0.74477219581604004 0 0.66731882095336914
vn 0.83399778604507446 0 0.55176776647567749
vn 0.90544825792312622 0 0.42445668578147888
vn 0.95760059356689453 0 0.28809911012649536
vn 0.98934334516525269 0 0.14560116827487946
vn 1 0 0
vn 0.98158019781112671 -0.19105048477649689 0
vn 0.92502325773239136 -0.37991040945053101 0
vn 0.82987266778945923 -0.55795282125473022 0
vn 0.69970357418060303 -0.71443325281143188 0
vn 0.54072701930999756 -0.8411981463432312 0
vn 0.36344948410987854 -0.93161392211914062 0
vn 0.17962829768657684 -0.98373454809188843 0
vn 0 -1 0
vn 0.96083635091781616 -0.19105048477649689 -0.2007317990064621
vn 0.90547460317611694 -0.37991040945053101 -0.18916597962379456
vn 0.81233483552932739 -0.55795282125473022 -0.16970780491828918
vn 0.68491667509078979 -0.71443325281143188 -0.14308841526508331
vn 0.52929979562759399 -0.84119808673858643 -0.11057791858911514
vn 0.35576865077018738 -0.93161392211914062 -0.074324920773506165
vn 0.17583219707012177 -0.98373454809188843 -0.036733739078044891
vn 0 -1 0
vn 0.90206462144851685 -0.19105048477649689 -0.38701310753822327
vn 0.85008925199508667 -0.37991040945053101 -0.36471408605575562
vn 0.76264655590057373 -0.55795282125473022 -0.32719850540161133
vn 0.64302217960357666 -0.71443325281143188 -0.27587604522705078
vn 0.49692395329475403 -0.8411981463432312 -0.21319545805454254
vn 0.33400726318359375 -0.93161392211914062 -0.14329925179481506
vn 0.16507701575756073 -0.98373454809188843 -0.070823051035404205
vn 0 -1 0
vn 0.8093608021736145 -0.19105048477649689 -0.55536907911300659
vn 0.76272684335708618 -0.37991040945053101 -0.52336966991424561
vn 0.68427050113677979 -0.55795282125473022 -0.46953433752059937
vn 0.57693976163864136 -0.71443325281143188 -0.3958858847618103
vn 0.44585582613945007 -0.8411981463432312 -0.30593839287757874
vn 0.29968184232711792 -0.93161392211914062 -0.2056363970041275
vn 0.14811229705810547 -0.98373454809188843 -0.10163204371929169
vn 0 -1 0
vn 0.68719440698623657 -0.19105048477649689 -0.70090192556381226
vn 0.64759945869445801 -0.37991040945053101 -0.66051721572875977
vn 0.58098548650741577 -0.55795282125473022 -0.59257447719573975
vn 0.48985543847084045 -0.71443325281143188 -0.49962663650512695
vn 0.37855753302574158 -0.8411981463432312 -0.38610866665840149
vn 0.254447340965271 -0.93161392211914062 -0.25952282547950745
vn 0.12575596570968628 -0.98373454809188843 -0.12826442718505859
vn 0 -1 0
vn 0.53927737474441528 -0.19105048477649689 -0.82017046213150024
vn 0.50820517539978027 -0.37991040945053101 -0.77291369438171387
vn 0.45592966675758362 -0.55795282125473022 -0.6934095025062561
vn 0.3844151496887207 -0.71443325281143188 -0.58464527130126953
vn 0.29707390069961548 -0.8411981463432312 -0.45181059837341309
vn 0.19967810809612274 -0.93161392211914062 -0.30368435382843018
vn 0.098687276244163513 -0.98373454809188843 -0.15009047091007233
vn 0 -1 0
vn 0.37115240097045898 -0.19105048477649689 -0.90870547294616699
vn 0.34976726770401001 -0.37991040945053101 -0.85634744167327881
vn 0.31378915905952454 -0.55795282125473022 -0.76826101541519165
vn 0.26456999778747559 -0.71443325281143188 -0.64775598049163818
vn 0.20445822179317474 -0.8411981463432312 -0.50058221817016602
vn 0.13742652535438538 -0.93161392211914062 -0.33646616339683533
vn 0.067920558154582977 -0.98373454809188843 -0.16629227995872498
vn 0 -1 0
vn 0.18911956250667572 -0.19105048477649689 -0.96318924427032471
vn 0.17822283506393433 -0.37991040945053101 -0.90769195556640625
vn 0.1598903089761734 -0.55795282125473022 -0.81432408094406128
vn 0.13481082022190094 -0.71443325281143188 -0.68659389019012451
vn 0.10418105870485306 -0.8411981463432312 -0.53059589862823486
vn 0.070025265216827393 -0.93161392211914062 -0.35663986206054688
vn 0.034608710557222366 -0.98373454809188843 -0.17626276612281799
vn 0 -1 0
vn 0 -0.19105048477649689 -0.98158019781112671
vn 0 -0.37991040945053101 -0.92502325773239136
vn 0 -0.55795282125473022 -0.82987266778945923
vn 0 -0.71443325281143188 -0.69970357418060303
vn 0 -0.8411981463432312 -0.54072701930999756
vn 0 -0.93161392211914062 -0.36344948410987854
vn 0 -0.98373454809188843 -0.17962829768657684
vn 0 -1 0
vn -0.2007317990064621 -0.19105048477649689 -0.96083635091781616
vn -0.18916597962379456 -0.37991040945053101 -0.90547460317611694
vn -0.16970780491828918 -0.55795282125473022 -0.81233483552932739
vn -0.14308841526508331 -0.71443325281143188 -0.68491667509078979
vn -0.11057791858911514 -0.84119808673858643 -0.52929979562759399
vn -0.074324920773506165 -0.93161392211914062 -0.35576865077018738
vn -0.036733739078044891 -0.98373454809188843 -0.17583219707012177
vn 0 -1 0
vn -0.38701310753822327 -0.19105048477649689 -0.90206462144851685
vn -0.36471408605575562 -0.37991040945053101 -0.85008925199508667
vn -0.32719850540161133 -0.55795282125473022 -0.76264655590057373
vn -0.27587604522705078 -0.71443325281143188 -0.64302217960357666
vn -0.21319545805454254 -0.8411981463432312 -0.49692395329475403
vn -0.14329925179481506 -0.93161392211914062 -0.33400726318359375
vn -0.070823051035404205 -0.98373454809188843 -0.16507701575756073
vn 0 -1 0
vn -0.55536907911300659 -0.19105048477649689 -0.8093608021736145
vn -0.52336966991424561 -0.37991040945053101 -0.76272684335708618
vn -0.46953433752059937 -0.55795282125473022 -0.68427050113677979
vn -0.3958858847618103 -0.71443325281143188 -0.57693976163864136
vn -0.30593839287757874 -0.8411981463432312 -0.44585582613945007
vn -0.2056363970041275 -0.93161392211914062 -0.29968184232711792
vn -0.10163204371929169 -0.98373454809188843 -0.14811229705810547
vn 0 -1 0
vn -0.70090192556381226 -0.19105048477649689 -0.68719440698623657
vn -0.66051721572875977 -0.37991040945053101 -0.64759945869445801
vn -0.59257447719573975 -0.55795282125473022 -0.58098548650741577
vn -0.49962663650512695 -0.71443325281143188 -0.48985543847084045
vn -0.38610866665840149 -0.8411981463432312 -0.37855753302574158
vn -0.25952282547950745 -0.93161392211914062 -0.254447340965271
vn -0.12826442718505859 -0.98373454809188843 -0.12575596570968628
vn 0 -1 0
vn -0.82017046213150024 -0.19105048477649689 -0.53927737474441528
vn -0.77291369438171387 -0.37991040945053101 -0.50820517539978027
vn -0.6934095025062561 -0.55795282125473022 -0.45592966675758362
vn -0.58464527130126953 -0.71443325281143188 -0.3844151496887207
vn -0.45181059837341309 -0.8411981463432312 -0.29707390069961548
vn -0.30368435382843018 -0.93161392211914062 -0.19967810809612274
vn -0.15009047091007233 -0.98373454809188843 -0.098687276244163513
vn 0 -1 0
vn -0.90870547294616699 -0.19105048477649689 -0.37115240097045898
vn -0.85634744167327881 -0.37991040945053101 -0.34976726770401001
vn -0.76826101541519165 -0.55795282125473022 -0.31378915905952454
vn -0.64775598049163818 -0.71443325281143188 -0.26456999778747559
vn -0.50058221817016602 -0.8411981463432312 -0.20445822179317474
vn -0.33646616339683533 -0.93161392211914062 -0.13742652535438538
vn -0.16629227995872498 -0.98373454809188843 -0.067920558154582977
vn 0 -1 0
vn -0.96318924427032471 -0.19105048477649689 -0.18911956250667572
vn -0.90769195556640625 -0.37991040945053101 -0.17822283506393433
vn -0.81432408094406128 -0.55795282125473022 -0.1598903089761734
vn -0.68659389019012451 -0.71443325281143188 -0.13481082022190094
vn -0.53059589862823486 -0.8411981463432312 -0.10418105870485306
vn -0.35663986206054688 -0.93161392211914062 -0.070025265216827393
vn -0.17626276612281799 -0.98373454809188843 -0.034608710557222366
vn 0 -1 0
vn -0.98158019781112671 -0.19105048477649689 0
vn -0.92502325773239136 -0.37991040945053101 0
vn -0.82987266778945923 -0.55795282125473022 0
vn -0.69970357418060303 -0.71443325281143188 0
vn -0.54072701930999756 -0.8411981463432312 0
vn -0.36344948410987854 -0.93161392211914062 0
vn -0.17962829768657684 -0.98373454809188843 0
vn 0 -1 0
vn -0.96083635091781616 -0.19105048477649689 0.2007317990064621
vn -0.90547460317611694 -0.37991040945053101 0.18916597962379456
vn -0.81233483552932739 -0.55795282125473022 0.16970780491828918
vn -0.68491667509078979 -0.71443325281143188 0.14308841526508331
vn -0.52929979562759399 -0.84119808673858643 0.11057791858911514
vn -0.35576865077018738 -0.93161392211914062 0.074324920773506165
vn -0.17583219707012177 -0.98373454809188843 0.036733739078044891
vn 0 -1 0
vn -0.90206462144851685 -0.19105048477649689 0.38701310753822327
vn -0.85008925199508667 -0.37991040945053101 0.36471408605575562
vn -0.76264655590057373 -0.55795282125473022 0.32719850540161133
vn -0.64302217960357666 -0.71443325281143188 0.27587604522705078
vn -0.49692395329475403 -0.8411981463432312 0.21319545805454254
vn -0.33400726318359375 -0.93161392211914062 0.14329925179481506
vn -0.16507701575756073 -0.98373454809188843 0.070823051035404205
vn 0 -1 0
vn -0.8093608021736145 -0.19105048477649689 0.55536907911300659
vn -0.76272684335708618 -0.37991040945053101 0.52336966991424561
vn -0.68427050113677979 -0.55795282125473022 0.46953433752059937
vn -0.57693976163864136 -0.71443325281143188 0.3958858847618103
vn -0.44585582613945007 -0.8411981463432312 0.30593839287757874
vn -0.29968184232711792 -0.93161392211914062 0.2056363970041275
vn -0.14811229705810547 -0.98373454809188843 0.10163204371929169
vn 0 -1 0
vn -0.68719440698623657 -0.19105048477649689 0.70090192556381226
vn -0.64759945869445801 -0.37991040945053101 0.66051721572875977
vn -0.58098548650741577 -0.55795282125473022 0.59257447719573975
vn -0.48985543847084045 -0.71443325281143188 0.49962663650512695
vn -0.37855753302574158 -0.8411981463432312 0.38610866665840149
vn -0.254447340965271 -0.93161392211914062 0.25952282547950745
vn -0.12575596570968628 -0.98373454809188843 0.12826442718505859
vn 0 -1 0
vn -0.53927737474441528 -0.19105048477649689 0.82017046213150024
vn -0.50820517539978027 -0.37991040945053101 0.77291369438171387
vn -0.45592966675758362 -0.55795282125473022 0.6934095025062561
vn -0.3844151496887207 -0.71443325281143188 0.58464527130126953
vn -0.29707390069961548 -0.8411981463432312 0.45181059837341309
vn -0.19967810809612274 -0.93161392211914062 0.30368435382843018
vn -0.098687276244163513 -0.98373454809188843 0.15009047091007233
vn 0 -1 0
vn -0.37115240097045898 -0.19105048477649689 0.90870547294616699
vn -0.34976726770401001 -0.37991040945053101 0.85634744167327881
vn -0.31378915905952454 -0.55795282125473022 0.76826101541519165
vn -0.26456999778747559 -0.71443325281143188 0.64775598049163818
vn -0.20445822179317474 -0.8411981463432312 0.50058221817016602
vn -0.13742652535438538 -0.93161392211914062 0.33646616339683533
vn -0.067920558154582977 -0.98373454809188843 0.16629227995872498
vn 0 -1 0
vn -0.18911956250667572 -0.19105048477649689 0.96318924427032471
vn -0.17822283506393433 -0.37991040945053101 0.90769195556640625
vn -0.1598903089761734 -0.55795282125473022 0.81432408094406128
vn -0.13481082022190094 -0.71443325281143188 0.68659389019012451
vn -0.10418105870485306 -0.8411981463432312 0.53059589862823486
vn -0.070025265216827393 -0.93161392211914062 0.35663986206054688
vn -0.034608710557222366 -0.98373454809188843 0.17626276612281799
vn 0 -1 0
vn 0 -0.19105048477649689 0.98158019781112671
vn 0 -0.37991040945053101 0.92502325773239136
vn 0 -0.55795282125473022 0.82987266778945923
vn 0 -0.71443325281143188 0.69970357418060303
vn 0 -0.8411981463432312 0.54072701930999756
vn 0 -0.93161392211914062 0.36344948410987854
vn 0 -0.98373454809188843 0.17962829768657684
vn 0 -1 0
vn 0.2007317990064621 -0.19105048477649689 0.96083635091781616
vn 0.18916597962379456 -0.37991040945053101 0.90547460317611694
vn 0.16970780491828918 -0.55795282125473022 0.81233483552932739
vn 0.14308841526508331 -0.71443325281143188 0.68491667509078979
vn 0.11057791858911514 -0.84119808673858643 0.52929979562759399
vn 0.074324920773506165 -0.93161392211914062 0.35576865077018738
vn 0.036733739078044891 -0.98373454809188843 0.17583219707012177
vn 0 -1 0
vn 0.38701310753822327 -0.19105048477649689 0.90206462144851685
vn 0.36471408605575562 -0.37991040945053101 0.85008925199508667
vn 0.32719850540161133 -0.55795282125473022 0.76264655590057373
vn 0.27587604522705078 -0.71443325281143188 0.64302217960357666
vn 0.21319545805454254 -0.8411981463432312 0.49692395329475403
vn 0.14329925179481506 -0.93161392211914062 0.33400726318359375
vn 0.070823051035404205 -0.98373454809188843 0.16507701575756073
vn 0 -1 0
vn 0.55536907911300659 -0.19105048477649689 0.8093608021736145
vn 0.52336966991424561 -0.37991040945053101 0.76272684335708618
vn 0.46953433752059937 -0.55795282125473022 0.68427050113677979
vn 0.3958858847618103 -0.71443325281143188 0.57693976163864136
vn 0.30593839287757874 -0.8411981463432312 0.44585582613945007
vn 0.2056363970041275 -0.93161392211914062 0.29968184232711792
vn 0.10163204371929169 -0.98373454809188843 0.14811229705810547
vn 0 -1 0
vn 0.70090192556381226 -0.19105048477649689 0.68719440698623657
vn 0.66051721572875977 -0.37991040945053101 0.64759945869445801
vn 0.59257447719573975 -0.55795282125473022 0.58098548650741577
vn 0.49962663650512695 -0.71443325281143188 0.48985543847084045
vn 0.38610866665840149 -0.8411981463432312 0.37855753302574158
vn 0.25952282547950745 -0.93161392211914062 0.254447340965271
vn 0.12826442718505859 -0.98373454809188843 0.12575596570968628
vn 0 -1 0
vn 0.82017046213150024 -0.19105048477649689 0.53927737474441528
vn 0.77291369438171387 -0.37991040945053101 0.50820517539978027
vn 0.6934095025062561 -0.55795282125473022 0.45592966675758362
vn 0.58464527130126953 -0.71443325281143188 0.3844151496887207
vn 0.45181059837341309 -0.8411981463432312 0.29707390069961548
vn 0.30368435382843018 -0.93161392211914062 0.19967810809612274
vn 0.15009047091007233 -0.98373454809188843 0.098687276244163513
vn 0 -1 0
vn 0.90870547294616699 -0.19105048477649689 0.37115240097045898
vn 0.85634744167327881 -0.37991040945053101 0.34976726770401001
vn 0.76826101541519165 -0.55795282125473022 0.31378915905952454
vn 0.64775598049163818 -0.71443325281143188 0.26456999778747559
vn 0.50058221817016602 -0.8411981463432312 0.20445822179317474
vn 0.33646616339683533 -0.93161392211914062 0.13742652535438538
vn 0.16629227995872498 -0.98373454809188843 0.067920558154582977
vn 0 -1 0
vn 0.96318924427032471 -0.19105048477649689 0.18911956250667572
vn 0.90769195556640625 -0.37991040945053101 0.17822283506393433
vn 0.81432408094406128 -0.55795282125473022 0.1598903089761734
vn 0.68659389019012451 -0.71443325281143188 0.13481082022190094
vn 0.53059589862823486 -0.8411981463432312 0.10418105870485306
vn 0.35663986206054688 -0.93161392211914062 0.070025265216827393
vn 0.17626276612281799 -0.98373454809188843 0.034608710557222366
vn 0 -1 0
vn 1 0 0
vn 0.98158019781112671 -0.19105048477649689 0
vn 0.92502325773239136 -0.37991040945053101 0
vn 0.82987266778945923 -0.55795282125473022 0
vn 0.69970357418060303 -0.71443325281143188 0
vn 0.54072701930999756 -0.8411981463432312 0
vn 0.36344948410987854 -0.93161392211914062 0
vn 0.17962829768657684 -0.98373454809188843 0
vn 0 -1 0
vn 0.98934334516525269 0 -0.14560116827487946
vn 0.95760059356689453 0 -0.28809911012649536
vn 0.90544825792312622 0 -0.42445668578147888
vn 0.83399778604507446 0 -0.55176776647567749
vn 0.74477219581604004 0 -0.66731882095336914
vn 0.63967299461364746 0 -0.76864713430404663
vn 0.52094036340713501 0 -0.85359311103820801
vn 0.39110472798347473 0 -0.92034620046615601
vn 0.25293338298797607 0 -0.96748369932174683
vn 0.10937120765447617 0 -0.99400097131729126
vn -0.036522023379802704 0 -0.99933284521102905
vn -0.18163685500621796 0 -0.98336565494537354
vn -0.32288041710853577 0 -0.94643974304199219
vn -0.45724231004714966 0 -0.88934212923049927
vn -0.58185893297195435 0 -0.81328976154327393
vn -0.69407421350479126 0 -0.71990346908569336
vn -0.79149651527404785 0 -0.61117368936538696
vn -0.87204939126968384 0 -0.48941785097122192
vn -0.93401610851287842 0 -0.35723090171813965
vn -0.97607588768005371 0 -0.21743017435073853
vn -0.99733227491378784 0 -0.072995312511920929
vn -0.99733227491378784 0 0.072995312511920929
vn -0.97607588768005371 0 0.21743017435073853
vn -0.93401610851287842 0 0.35723090171813965
vn -0.87204939126968384 0 0.48941785097122192
vn -0.79149651527404785 0 0.61117368936538696
vn -0.69407421350479126 0 0.71990346908569336
vn -0.58185893297195435 0 0.81328976154327393
vn -0.45724231004714966 0 0.88934212923049927
vn -0.32288041710853577 0 0.94643974304199219
vn -0.18163685500621796 0 0.98336565494537354
vn -0.036522023379802704 0 0.99933284521102905
vn 0.10937120765447617 0 0.99400097131729126
vn 0.25293338298797607 0 0.96748369932174683
vn 0.39110472798347473 0 0.92034620046615601
vn 0.52094036340713501 0 0.85359311103820801
vn 0.63967299461364746 0 0.76864713430404663
vn 0.74477219581604004 0 0.66731882095336914
vn 0.83399778604507446 0 0.55176776647567749
vn 0.90544825792312622 0 0.42445668578147888
vn 0.95760059356689453 0 0.28809911012649536
vn 0.98934334516525269 0 0.14560116827487946
f 47/47/47 4/4/4 5/5/5
f 6/6/6 7/7/7 88/88/88 89/89/89
f 7/7/7 8/8/8 87/87/87 88/88/88
f 5/5/5 6/6/6 89/89/89 90/90/90
f 9/9/9 10/10/10 85/85/85 86/86/86
f 10/10/10 11/11/11 84/84/84 85/85/85
f 12/12/12 13/13/13 82/82/82 83/83/83
f 13/13/13 14/14/14 81/81/81 82/82/82
f 11/11/11 12/12/12 83/83/83 84/84/84
f 8/8/8 9/9/9 86/86/86 87/87/87
f 16/16/16 79/79/79 80/80/80 15/15/15
f 17/17/17 18/18/18 77/77/77 78/78/78
f 18/18/18 19/19/19 76/76/76 77/77/77
f 17/17/17 78/78/78 79/79/79 16/16/16
f 20/20/20 21/21/21 74/74/74 75/75/75
f 21/21/21 22/22/22 73/73/73 74/74/74
f 23/23/23 24/24/24 71/71/71 72/72/72
f 24/24/24 25/25/25 70/70/70 71/71/71
f 22/22/22 23/23/23 72/72/72 73/73/73
f 19/19/19 20/20/20 75/75/75 76/76/76
f 14/14/14 15/15/15 80/80/80 81/81/81
f 90/90/90 1/1/1 47/47/47
f 5/5/5 90/90/90 47/47/47
f 69/69/69 70/70/70 25/25/25 26/26/26
f 26/26/26 27/27/27 68/68/68 69/69/69
f 28/28/28 29/29/29 66/66/66 67/67/67
f 29/29/29 30/30/30 65/65/65 66/66/66
f 27/27/27 28/28/28 67/67/67 68/68/68
f 31/31/31 32/32/32 63/63/63 64/64/64
f 32/32/32 33/33/33 62/62/62 63/63/63
f 34/34/34 35/35/35 60/60/60 61/61/61
f 35/35/35 36/36/36 59/59/59 60/60/60
f 33/33/33 34/34/34 61/61/61 62/62/62
f 30/30/30 31/31/31 64/64/64 65/65/65
f 37/37/37 38/38/38 57/57/57 58/58/58
f 40/40/40 55/55/55 56/56/56 39/39/39
f 40/40/40 41/41/41 54/54/54 55/55/55
f 38/38/38 39/39/39 56/56/56 57/57/57
f 42/42/42 43/43/43 52/52/52 53/53/53
f 43/43/43 44/44/44 51/51/51 52/52/52
f 46/46/46 49/49/49 50/50/50 45/45/45
f 48/48/48 46/46/46 2/2/2
f 44/44/44 45/45/45 50/50/50 51/51/51
f 41/41/41 42/42/42 53/53/53 54/54/54
f 36/36/36 37/37/37 58/58/58 59/59/59
f 48/48/48 3/3/3 49/49/49
f 46/46/46 48/48/48 49/49/49
f 128/128/128 124/124/124 123/123/123 127/127/127
f 127/127/127 123/123/123 129/129/129 130/130/130
f 123/123/123 125/125/125 131/131/131 129/129/129
f 124/124/124 126/126/126 125/125/125 123/123/123
f 131/131/131 111/111/111 110/110/110
f 108/108/108 129/129/129 109/109/109
f 109/109/109 131/131/131 110/110/110
f 112/112/112 111/111/111 131/131/131
f 125/125/125 115/115/115 114/114/114
f 125/125/125 113/113/113 131/131/131
f 112/112/112 131/131/131 113/113/113
f 114/114/114 113/113/113 125/125/125
f 131/131/131 109/109/109 129/129/129
f 125/125/125 116/116/116 115/115/115
f 129/129/129 106/106/106 105/105/105
f 104/104/104 130/130/130 105/105/105
f 130/130/130 104/104/104 103/103/103
f 106/106/106 129/129/129 107/107/107
f 103/103/103 102/102/102 130/130/130
f 102/102/102 101/101/101 130/130/130
f 127/127/127 101/101/101 100/100/100
f 127/127/127 130/130/130 101/101/101
f 129/129/129 105/105/105 130/130/130
f 129/129/129 108/108/108 107/107/107
f 125/125/125 126/126/126 117/117/117
f 121/121/121 126/126/126 124/124/124
f 117/117/117 126/126/126 118/118/118
f 118/118/118 126/126/126 119/119/119
f 120/120/120 126/126/126 121/121/121
f 124/124/124 91/91/91 122/122/122
f 122/122/122 121/121/121 124/124/124
f 119/119/119 126/126/126 120/120/120
f 92/92/92 91/91/91 124/124/124
f 97/97/97 128/128/128 127/127/127
f 99/99/99 98/98/98 127/127/127
f 97/97/97 127/127/127 98/98/98
f 97/97/97 96/96/96 128/128/128
f 100/100/100 99/99/99 127/127/127
f 93/93/93 128/128/128 94/94/94
f 128/128/128 96/96/96 95/95/95
f 95/95/95 94/94/94 128/128/128
f 128/128/128 93/93/93 124/124/124
f 124/124/124 93/93/93 92/92/92
f 117/117/117 116/116/116 125/125/125
f 169/169/169 168/168/168 164/164/164 165/165/165
f 168/168/168 171/171/171 170/170/170 164/164/164
f 164/164/164 170/170/170 172/172/172 166/166/166
f 165/165/165 164/164/164 166/166/166 167/167/167
f 151/151/151 152/152/152 172/172/172
f 151/151/151 172/172/172 150/150/150
f 150/150/150 170/170/170 149/149/149
f 172/172/172 152/152/152 153/153/153
f 166/166/166 155/155/155 156/156/156
f 166/166/166 172/172/172 154/154/154
f 153/153/153 154/154/154 172/172/172
f 155/155/155 166/166/166 154/154/154
f 172/172/172 170/170/170 150/150/150
f 166/166/166 156/156/156 157/157/157
f 170/170/170 146/146/146 147/147/147
f 145/145/145 146/146/146 171/171/171
f 171/171/171 144/144/144 145/145/145
f 147/147/147 148/148/148 170/170/170
f 144/144/144 171/171/171 143/143/143
f 143/143/143 171/171/171 142/142/142
f 168/168/168 141/141/141 142/142/142
f 168/168/168 142/142/142 171/171/171
f 170/170/170 171/171/171 146/146/146
f 170/170/170 148/148/148 149/149/149
f 166/166/166 158/158/158 167/167/167
f 162/162/162 165/165/165 167/167/167
f 158/158/158 159/159/159 167/167/167
f 159/159/159 160/160/160 167/167/167
f 167/167/167 161/161/161 162/162/162
f 165/165/165 163/163/163 132/132/132
f 163/163/163 165/165/165 162/162/162
f 161/161/161 167/167/167 160/160/160
f 133/133/133 165/165/165 132/132/132
f 138/138/138 168/168/168 169/169/169
f 140/140/140 168/168/168 139/139/139
f 138/138/138 139/139/139 168/168/168
f 138/138/138 169/169/169 137/137/137
f 141/141/141 168/168/168 140/140/140
f 134/134/134 135/135/135 169/169/169
f 169/169/169 136/136/136 137/137/137
f 136/136/136 169/169/169 135/135/135
f 169/169/169 165/165/165 134/134/134
f 165/165/165 133/133/133 134/134/134
f 158/158/158 166/166/166 157/157/157
f 183/183/183 175/175/175 174/174/174 182/182/182
f 184/184/184 176/176/176 175/175/175 183/183/183
f 185/185/185 177/177/177 176/176/176 184/184/184
f 186/186/186 178/178/178 177/177/177 185/185/185
f 187/187/187 179/179/179 178/178/178 186/186/186
f 188/188/188 180/180/180 179/179/179 187/187/187
f 191/191/191 183/183/183 182/182/182 190/190/190
f 192/192/192 184/184/184 183/183/183 191/191/191
f 193/193/193 185/185/185 184/184/184 192/192/192
f 194/194/194 186/186/186 185/185/185 193/193/193
f 195/195/195 187/187/187 186/186/186 194/194/194
f 196/196/196 188/188/188 187/187/187 195/195/195
f 199/199/199 191/191/191 190/190/190 198/198/198
f 200/200/200 192/192/192 191/191/191 199/199/199
f 201/201/201 193/193/193 192/192/192 200/200/200
f 202/202/202 194/194/194 193/193/193 201/201/201
f 203/203/203 195/195/195 194/194/194 202/202/202
f 204/204/204 196/196/196 195/195/195 203/203/203
f 207/207/207 199/199/199 198/198/198 206/206/206
f 208/208/208 200/200/200 199/199/199 207/207/207
f 209/209/209 201/201/201 200/200/200 208/208/208
f 210/210/210 202/202/202 201/201/201 209/209/209
f 211/211/211 203/203/203 202/202/202 210/210/210
f 212/212/212 204/204/204 203/203/203 211/211/211
f 215/215/215 207/207/207 206/206/206 214/214/214
f 216/216/216 208/208/208 207/207/207 215/215/215
f 217/217/217 209/209/209 208/208/208 216/216/216
f 218/218/218 210/210/210 209/209/209 217/217/217
f 219/219/219 211/211/211 210/210/210 218/218/218
f 220/220/220 212/212/212 211/211/211 219/219/219
f 223/223/223 215/215/215 214/214/214 222/222/222
f 224/224/224 216/216/216 215/215/215 223/223/223
f 225/225/225 217/217/217 216/216/216 224/224/224
f 226/226/226 218/218/218 217/217/217 225/225/225
f 227/227/227 219/219/219 218/218/218 226/226/226
f 228/228/228 220/220/220 219/219/219 227/227/227
f 231/231/231 223/223/223 222/222/222 230/230/230
f 232/232/232 224/224/224 223/223/223 231/231/231
f 233/233/233 225/225/225 224/224/224 232/232/232
f 234/234/234 226/226/226 225/225/225 233/233/233
f 235/235/235 227/227/227 226/226/226 234/234/234
f 236/236/236 228/228/228 227/227/227 235/235/235
f 239/239/239 231/231/231 230/230/230 238/238/238
f 240/240/240 232/232/232 231/231/231 239/239/239
f 241/241/241 233/233/233 232/232/232 240/240/240
f 242/242/242 234/234/234 233/233/233 241/241/241
f 243/243/243 235/235/235 234/234/234 242/242/242
f 244/244/244 236/236/236 235/235/235 243/243/243
f 247/247/247 239/239/239 238/238/238 246/246/246
f 248/248/248 240/240/240 239/239/239 247/247/247
f 249/249/249 241/241/241 240/240/240 248/248/248
f 250/250/250 242/242/242 241/241/241 249/249/249
f 251/251/251 243/243/243 242/242/242 250/250/250
f 252/252/252 244/244/244 243/243/243 251/251/251
f 255/255/255 247/247/247 246/246/246 254/254/254
f 256/256/256 248/248/248 247/247/247 255/255/255
f 257/257/257 249/249/249 248/248/248 256/256/256
f 258/258/258 250/250/250 249/249/249 257/257/257
f 259/259/259 251/251/251 250/250/250 258/258/258
f 260/260/260 252/252/252 251/251/251 259/259/259
f 263/263/263 255/255/255 254/254/254 262/262/262
f 264/264/264 256/256/256 255/255/255 263/263/263
f 265/265/265 257/257/257 256/256/256 264/264/264
f 266/266/266 258/258/258 257/257/257 265/265/265
f 267/267/267 259/259/259 258/258/258 266/266/266
f 268/268/268 260/260/260 259/259/259 267/267/267
f 271/271/271 263/263/263 262/262/262 270/270/270
f 272/272/272 264/264/264 263/263/263 271/271/271
f 273/273/273 265/265/265 264/264/264 272/272/272
f 274/274/274 266/266/266 265/265/265 273/273/273
f 275/275/275 267/267/267 266/266/266 274/274/274
f 276/276/276 268/268/268 267/267/267 275/275/275
f 279/279/279 271/271/271 270/270/270 278/278/278
f 280/280/280 272/272/272 271/271/271 279/279/279
f 281/281/281 273/273/273 272/272/272 280/280/280
f 282/282/282 274/274/274 273/273/273 281/281/281
f 283/283/283 275/275/275 274/274/274 282/282/282
f 284/284/284 276/276/276 275/275/275 283/283/283
f 287/287/287 279/279/279 278/278/278 286/286/286
f 288/288/288 280/280/280 279/279/279 287/287/287
f 289/289/289 281/281/281 280/280/280 288/288/288
f 290/290/290 282/282/282 281/281/281 289/289/289
f 291/291/291 283/283/283 282/282/282 290/290/290
f 292/292/292 284/284/284 283/283/283 291/291/291
f 295/295/295 287/287/287 286/286/286 294/294/294
f 296/296/296 288/288/288 287/287/287 295/295/295
f 297/297/297 289/289/289 288/288/288 296/296/296
f 298/298/298 290/290/290 289/289/289 297/297/297
f 299/299/299 291/291/291 290/290/290 298/298/298
f 300/300/300 292/292/292 291/291/291 299/299/299
f 303/303/303 295/295/295 294/294/294 302/302/302
f 304/304/304 296/296/296 295/295/295 303/303/303
f 305/305/305 297/297/297 296/296/296 304/304/304
f 306/306/306 298/298/298 297/297/297 305/305/305
f 307/307/307 299/299/299 298/298/298 306/306/306
f 308/308/308 300/300/300 299/299/299 307/307/307
f 311/311/311 303/303/303 302/302/302 310/310/310
f 312/312/312 304/304/304 303/303/303 311/311/311
f 313/313/313 305/305/305 304/304/304 312/312/312
f 314/314/314 306/306/306 305/305/305 313/313/313
f 315/315/315 307/307/307 306/306/306 314/314/314
f 316/316/316 308/308/308 307/307/307 315/315/315
f 319/319/319 311/311/311 310/310/310 318/318/318
f 320/320/320 312/312/312 311/311/311 319/319/319
f 321/321/321 313/313/313 312/312/312 320/320/320
f 322/322/322 314/314/314 313/313/313 321/321/321
f 323/323/323 315/315/315 314/314/314 322/322/322
f 324/324/324 316/316/316 315/315/315 323/323/323
f 327/327/327 319/319/319 318/318/318 326/326/326
f 328/328/328 320/320/320 319/319/319 327/327/327
f 329/329/329 321/321/321 320/320/320 328/328/328
f 330/330/330 322/322/322 321/321/321 329/329/329
f 331/331/331 323/323/323 322/322/322 330/330/330
f 332/332/332 324/324/324 323/323/323 331/331/331
f 335/335/335 327/327/327 326/326/326 334/334/334
f 336/336/336 328/328/328 327/327/327 335/335/335
f 337/337/337 329/329/329 328/328/328 336/336/336
f 338/338/338 330/330/330 329/329/329 337/337/337
f 339/339/339 331/331/331 330/330/330 338/338/338
f 340/340/340 332/332/332 331/331/331 339/339/339
f 343/343/343 335/335/335 334/334/334 342/342/342
f 344/344/344 336/336/336 335/335/335 343/343/343
f 345/345/345 337/337/337 336/336/336 344/344/344
f 346/346/346 338/338/338 337/337/337 345/345/345
f 347/347/347 339/339/339 338/338/338 346/346/346
f 348/348/348 340/340/340 339/339/339 347/347/347
f 351/351/351 343/343/343 342/342/342 350/350/350
f 352/352/352 344/344/344 343/343/343 351/351/351
f 353/353/353 345/345/345 344/344/344 352/352/352
f 354/354/354 346/346/346 345/345/345 353/353/353
f 355/355/355 347/347/347 346/346/346 354/354/354
f 356/356/356 348/348/348 347/347/347 355/355/355
f 359/359/359 351/351/351 350/350/350 358/358/358
f 360/360/360 352/352/352 351/351/351 359/359/359
f 361/361/361 353/353/353 352/352/352 360/360/360
f 362/362/362 354/354/354 353/353/353 361/361/361
f 363/363/363 355/355/355 354/354/354 362/362/362
f 364/364/364 356/356/356 355/355/355 363/363/363
f 367/367/367 359/359/359 358/358/358 366/366/366
f 368/368/368 360/360/360 359/359/359 367/367/367
f 369/369/369 361/361/361 360/360/360 368/368/368
f 370/370/370 362/362/362 361/361/361 369/369/369
f 371/371/371 363/363/363 362/362/362 370/370/370
f 372/372/372 364/364/364 363/363/363 371/371/371
f 375/375/375 367/367/367 366/366/366 374/374/374
f 376/376/376 368/368/368 367/367/367 375/375/375
f 377/377/377 369/369/369 368/368/368 376/376/376
f 378/378/378 370/370/370 369/369/369 377/377/377
f 379/379/379 371/371/371 370/370/370 378/378/378
f 380/380/380 372/372/372 371/371/371 379/379/379
f 383/383/383 375/375/375 374/374/374 382/382/382
f 384/384/384 376/376/376 375/375/375 383/383/383
f 385/385/385 377/377/377 376/376/376 384/384/384
f 386/386/386 378/378/378 377/377/377 385/385/385
f 387/387/387 379/379/379 378/378/378 386/386/386
f 388/388/388 380/380/380 379/379/379 387/387/387
f 391/391/391 383/383/383 382/382/382 390/390/390
f 392/392/392 384/384/384 383/383/383 391/391/391
f 393/393/393 385/385/385 384/384/384 392/392/392
f 394/394/394 386/386/386 385/385/385 393/393/393
f 395/395/395 387/387/387 386/386/386 394/394/394
f 396/396/396 388/388/388 387/387/387 395/395/395
f 399/399/399 391/391/391 390/390/390 398/398/398
f 400/400/400 392/392/392 391/391/391 399/399/399
f 401/401/401 393/393/393 392/392/392 400/400/400
f 402/402/402 394/394/394 393/393/393 401/401/401
f 403/403/403 395/395/395 394/394/394 402/402/402
f 404/404/404 396/396/396 395/395/395 403/403/403
f 407/407/407 399/399/399 398/398/398 406/406/406
f 408/408/408 400/400/400 399/399/399 407/407/407
f 409/409/409 401/401/401 400/400/400 408/408/408
f 410/410/410 402/402/402 401/401/401 409/409/409
f 411/411/411 403/403/403 402/402/402 410/410/410
f 412/412/412 404/404/404 403/403/403 411/411/411
f 415/415/415 407/407/407 406/406/406 414/414/414
f 416/416/416 408/408/408 407/407/407 415/415/415
f 417/417/417 409/409/409 408/408/408 416/416/416
f 418/418/418 410/410/410 409/409/409 417/417/417
f 419/419/419 411/411/411 410/410/410 418/418/418
f 420/420/420 412/412/412 411/411/411 419/419/419
f 423/423/423 415/415/415 414/414/414 422/422/422
f 424/424/424 416/416/416 415/415/415 423/423/423
f 425/425/425 417/417/417 416/416/416 424/424/424
f 426/426/426 418/418/418 417/417/417 425/425/425
f 427/427/427 419/419/419 418/418/418 426/426/426
f 428/428/428 420/420/420 419/419/419 427/427/427
f 432/432/432 423/423/423 422/422/422 431/431/431
f 433/433/433 424/424/424 423/423/423 432/432/432
f 434/434/434 425/425/425 424/424/424 433/433/433
f 435/435/435 426/426/426 425/425/425 434/434/434
f 436/436/436 427/427/427 426/426/426 435/435/435
f 437/437/437 428/428/428 427/427/427 436/436/436
f 173/173/173 439/439/439 182/182/182 174/174/174
f 190/190/190 440/440/440 441/441/441
f 182/182/182 439/439/439 440/440/440
f 442/442/442 443/443/443 206/206/206 198/198/198
f 214/214/214 444/444/444 445/445/445
f 206/206/206 443/443/443 444/444/444
f 441/441/441 442/442/442 198/198/198 190/190/190
f 182/182/182 440/440/440 190/190/190
f 446/446/446 447/447/447 230/230/230 222/222/222
f 214/214/214 206/206/206 444/444/444
f 222/222/222 214/214/214 445/445/445 446/446/446
f 238/238/238 448/448/448 449/449/449
f 246/246/246 450/450/450 451/451/451
f 449/449/449 450/450/450 246/246/246 238/238/238
f 452/452/452 453/453/453 262/262/262 254/254/254
f 270/270/270 454/454/454 455/455/455
f 278/278/278 270/270/270 455/455/455
f 453/453/453 454/454/454 270/270/270 262/262/262
f 254/254/254 451/451/451 452/452/452
f 238/238/238 230/230/230 448/448/448
f 254/254/254 246/246/246 451/451/451
f 456/456/456 457/457/457 286/286/286 278/278/278
f 457/457/457 458/458/458 294/294/294 286/286/286
f 459/459/459 294/294/294 458/458/458
f 278/278/278 455/455/455 456/456/456
f 447/447/447 448/448/448 230/230/230
f 188/188/188 189/189/189 181/181/181 180/180/180
f 204/204/204 205/205/205 197/197/197 196/196/196
f 196/196/196 197/197/197 189/189/189 188/188/188
f 220/220/220 221/221/221 213/213/213 212/212/212
f 236/236/236 237/237/237 229/229/229 228/228/228
f 244/244/244 245/245/245 237/237/237 236/236/236
f 228/228/228 229/229/229 221/221/221 220/220/220
f 212/212/212 213/213/213 205/205/205 204/204/204
f 245/245/245 244/244/244 252/252/252 253/253/253
f 260/260/260 261/261/261 253/253/253 252/252/252
f 276/276/276 277/277/277 269/269/269 268/268/268
f 268/268/268 269/269/269 261/261/261 260/260/260
f 459/459/459 302/302/302 294/294/294
f 284/284/284 285/285/285 277/277/277 276/276/276
f 300/300/300 301/301/301 293/293/293 292/292/292
f 292/292/292 293/293/293 285/285/285 284/284/284
f 301/301/301 300/300/300 308/308/308 309/309/309
f 302/302/302 459/459/459 460/460/460
f 310/310/310 460/460/460 461/461/461
f 318/318/318 462/462/462 463/463/463
f 461/461/461 462/462/462 318/318/318 310/310/310
f 464/464/464 465/465/465 334/334/334 326/326/326
f 342/342/342 466/466/466 467/467/467
f 350/350/350 467/467/467 468/468/468
f 465/465/465 466/466/466 342/342/342 334/334/334
f 326/326/326 463/463/463 464/464/464
f 318/318/318 463/463/463 326/326/326
f 469/469/469 470/470/470 366/366/366 358/358/358
f 350/350/350 342/342/342 467/467/467
f 358/358/358 350/350/350 468/468/468 469/469/469
f 374/374/374 471/471/471 472/472/472
f 473/473/473 474/474/474 390/390/390 382/382/382
f 472/472/472 473/473/473 382/382/382 374/374/374
f 398/398/398 475/475/475 476/476/476
f 477/477/477 478/478/478 414/414/414 406/406/406
f 414/414/414 478/478/478 479/479/479
f 476/476/476 477/477/477 406/406/406 398/398/398
f 390/390/390 474/474/474 475/475/475
f 374/374/374 366/366/366 470/470/470 471/471/471
f 480/480/480 422/422/422 479/479/479
f 480/480/480 430/430/430 431/431/431 422/422/422
f 475/475/475 398/398/398 390/390/390
f 479/479/479 422/422/422 414/414/414
f 316/316/316 317/317/317 309/309/309 308/308/308
f 332/332/332 333/333/333 325/325/325 324/324/324
f 324/324/324 325/325/325 317/317/317 316/316/316
f 348/348/348 349/349/349 341/341/341 340/340/340
f 364/364/364 365/365/365 357/357/357 356/356/356
f 372/372/372 373/373/373 365/365/365 364/364/364
f 356/356/356 357/357/357 349/349/349 348/348/348
f 340/340/340 341/341/341 333/333/333 332/332/332
f 373/373/373 372/372/372 380/380/380 381/381/381
f 388/388/388 389/389/389 381/381/381 380/380/380
f 404/404/404 405/405/405 397/397/397 396/396/396
f 396/396/396 397/397/397 389/389/389 388/388/388
f 420/420/420 421/421/421 413/413/413 412/412/412
f 428/428/428 429/429/429 421/421/421 420/420/420
f 412/412/412 413/413/413 405/405/405 404/404/404
f 437/437/437 438/438/438 429/429/429 428/428/428
f 460/460/460 310/310/310 302/302/302
f 491/491/491 490/490/490 482/482/482 483/483/483
f 492/492/492 491/491/491 483/483/483 484/484/484
f 493/493/493 492/492/492 484/484/484 485/485/485
f 494/494/494 493/493/493 485/485/485 486/486/486
f 495/495/495 494/494/494 486/486/486 487/487/487
f 496/496/496 495/495/495 487/487/487 488/488/488
f 499/499/499 498/498/498 490/490/490 491/491/491
f 500/500/500 499/499/499 491/491/491 492/492/492
f 501/501/501 500/500/500 492/492/492 493/493/493
f 502/502/502 501/501/501 493/493/493 494/494/494
f 503/503/503 502/502/502 494/494/494 495/495/495
f 504/504/504 503/503/503 495/495/495 496/496/496
f 507/507/507 506/506/506 498/498/498 499/499/499
f 508/508/508 507/507/507 499/499/499 500/500/500
f 509/509/509 508/508/508 500/500/500 501/501/501
f 510/510/510 509/509/509 501/501/501 502/502/502
f 511/511/511 510/510/510 502/502/502 503/503/503
f 512/512/512 511/511/511 503/503/503 504/504/504
f 515/515/515 514/514/514 506/506/506 507/507/507
f 516/516/516 515/515/515 507/507/507 508/508/508
f 517/517/517 516/516/516 508/508/508 509/509/509
f 518/518/518 517/517/517 509/509/509 510/510/510
f 519/519/519 518/518/518 510/510/510 511/511/511
f 520/520/520 519/519/519 511/511/511 512/512/512
f 523/523/523 522/522/522 514/514/514 515/515/515
f 524/524/524 523/523/523 515/515/515 516/516/516
f 525/525/525 524/524/524 516/516/516 517/517/517
f 526/526/526 525/525/525 517/517/517 518/518/518
f 527/527/527 526/526/526 518/518/518 519/519/519
f 528/528/528 527/527/527 519/519/519 520/520/520
f 531/531/531 530/530/530 522/522/522 523/523/523
f 532/532/532 531/531/531 523/523/523 524/524/524
f 533/533/533 532/532/532 524/524/524 525/525/525
f 534/534/534 533/533/533 525/525/525 526/526/526
f 535/535/535 534/534/534 526/526/526 527/527/527
f 536/536/536 535/535/535 527/527/527 528/528/528
f 539/539/539 538/538/538 530/530/530 531/531/531
f 540/540/540 539/539/539 531/531/531 532/532/532
f 541/541/541 540/540/540 532/532/532 533/533/533
f 542/542/542 541/541/541 533/533/533 534/534/534
f 543/543/543 542/542/542 534/534/534 535/535/535
f 544/544/544 543/543/543 535/535/535 536/536/536
f 547/547/547 546/546/546 538/538/538 539/539/539
f 548/548/548 547/547/547 539/539/539 540/540/540
f 549/549/549 548/548/548 540/540/540 541/541/541
f 550/550/550 549/549/549 541/541/541 542/542/542
f 551/551/551 550/550/550 542/542/542 543/543/543
f 552/552/552 551/551/551 543/543/543 544/544/544
f 555/555/555 554/554/554 546/546/546 547/547/547
f 556/556/556 555/555/555 547/547/547 548/548/548
f 557/557/557 556/556/556 548/548/548 549/549/549
f 558/558/558 557/557/557 549/549/549 550/550/550
f 559/559/559 558/558/558 550/550/550 551/551/551
f 560/560/560 559/559/559 551/551/551 552/552/552
f 563/563/563 562/562/562 554/554/554 555/555/555
f 564/564/564 563/563/563 555/555/555 556/556/556
f 565/565/565 564/564/564 556/556/556 557/557/557
f 566/566/566 565/565/565 557/557/557 558/558/558
f 567/567/567 566/566/566 558/558/558 559/559/559
f 568/568/568 567/567/567 559/559/559 560/560/560
f 571/571/571 570/570/570 562/562/562 563/563/563
f 572/572/572 571/571/571 563/563/563 564/564/564
f 573/573/573 572/572/572 564/564/564 565/565/565
f 574/574/574 573/573/573 565/565/565 566/566/566
f 575/575/575 574/574/574 566/566/566 567/567/567
f 576/576/576 575/575/575 567/567/567 568/568/568
f 579/579/579 578/578/578 570/570/570 571/571/571
f 580/580/580 579/579/579 571/571/571 572/572/572
f 581/581/581 580/580/580 572/572/572 573/573/573
f 582/582/582 581/581/581 573/573/573 574/574/574
f 583/583/583 582/582/582 574/574/574 575/575/575
f 584/584/584 583/583/583 575/575/575 576/576/576
f 587/587/587 586/586/586 578/578/578 579/579/579
f 588/588/588 587/587/587 579/579/579 580/580/580
f 589/589/589 588/588/588 580/580/580 581/581/581
f 590/590/590 589/589/589 581/581/581 582/582/582
f 591/591/591 590/590/590 582/582/582 583/583/583
f 592/592/592 591/591/591 583/583/583 584/584/584
f 595/595/595 594/594/594 586/586/586 587/587/587
f 596/596/596 595/595/595 587/587/587 588/588/588
f 597/597/597 596/596/596 588/588/588 589/589/589
f 598/598/598 597/597/597 589/589/589 590/590/590
f 599/599/599 598/598/598 590/590/590 591/591/591
f 600/600/600 599/599/599 591/591/591 592/592/592
f 603/603/603 602/602/602 594/594/594 595/595/595
f 604/604/604 603/603/603 595/595/595 596/596/596
f 605/605/605 604/604/604 596/596/596 597/597/597
f 606/606/606 605/605/605 597/597/597 598/598/598
f 607/607/607 606/606/606 598/598/598 599/599/599
f 608/608/608 607/607/607 599/599/599 600/600/600
f 611/611/611 610/610/610 602/602/602 603/603/603
f 612/612/612 611/611/611 603/603/603 604/604/604
f 613/613/613 612/612/612 604/604/604 605/605/605
f 614/614/614 613/613/613 605/605/605 606/606/606
f 615/615/615 614/614/614 606/606/606 607/607/607
f 616/616/616 615/615/615 607/607/607 608/608/608
f 619/619/619 618/618/618 610/610/610 611/611/611
f 620/620/620 619/619/619 611/611/611 612/612/612
f 621/621/621 620/620/620 612/612/612 613/613/613
f 622/622/622 621/621/621 613/613/613 614/614/614
f 623/623/623 622/622/622 614/614/614 615/615/615
f 624/624/624 623/623/623 615/615/615 616/616/616
f 627/627/627 626/626/626 618/618/618 619/619/619
f 628/628/628 627/627/627 619/619/619 620/620/620
f 629/629/629 628/628/628 620/620/620 621/621/621
f 630/630/630 629/629/629 621/621/621 622/622/622
f 631/631/631 630/630/630 622/622/622 623/623/623
f 632/632/632 631/631/631 623/623/623 624/624/624
f 635/635/635 634/634/634 626/626/626 627/627/627
f 636/636/636 635/635/635 627/627/627 628/628/628
f 637/637/637 636/636/636 628/628/628 629/629/629
f 638/638/638 637/637/637 629/629/629 630/630/630
f 639/639/639 638/638/638 630/630/630 631/631/631
f 640/640/640 639/639/639 631/631/631 632/632/632
f 643/643/643 642/642/642 634/634/634 635/635/635
f 644/644/644 643/643/643 635/635/635 636/636/636
f 645/645/645 644/644/644 636/636/636 637/637/637
f 646/646/646 645/645/645 637/637/637 638/638/638
f 647/647/647 646/646/646 638/638/638 639/639/639
f 648/648/648 647/647/647 639/639/639 640/640/640
f 651/651/651 650/650/650 642/642/642 643/643/643
f 652/652/652 651/651/651 643/643/643 644/644/644
f 653/653/653 652/652/652 644/644/644 645/645/645
f 654/654/654 653/653/653 645/645/645 646/646/646
f 655/655/655 654/654/654 646/646/646 647/647/647
f 656/656/656 655/655/655 647/647/647 648/648/648
f 659/659/659 658/658/658 650/650/650 651/651/651
f 660/660/660 659/659/659 651/651/651 652/652/652
f 661/661/661 660/660/660 652/652/652 653/653/653
f 662/662/662 661/661/661 653/653/653 654/654/654
f 663/663/663 662/662/662 654/654/654 655/655/655
f 664/664/664 663/663/663 655/655/655 656/656/656
f 667/667/667 666/666/666 658/658/658 659/659/659
f 668/668/668 667/667/667 659/659/659 660/660/660
f 669/669/669 668/668/668 660/660/660 661/661/661
f 670/670/670 669/669/669 661/661/661 662/662/662
f 671/671/671 670/670/670 662/662/662 663/663/663
f 672/672/672 671/671/671 663/663/663 664/664/664
f 675/675/675 674/674/674 666/666/666 667/667/667
f 676/676/676 675/675/675 667/667/667 668/668/668
f 677/677/677 676/676/676 668/668/668 669/669/669
f 678/678/678 677/677/677 669/669/669 670/670/670
f 679/679/679 678/678/678 670/670/670 671/671/671
f 680/680/680 679/679/679 671/671/671 672/672/672
f 683/683/683 682/682/682 674/674/674 675/675/675
f 684/684/684 683/683/683 675/675/675 676/676/676
f 685/685/685 684/684/684 676/676/676 677/677/677
f 686/686/686 685/685/685 677/677/677 678/678/678
f 687/687/687 686/686/686 678/678/678 679/679/679
f 688/688/688 687/687/687 679/679/679 680/680/680
f 691/691/691 690/690/690 682/682/682 683/683/683
f 692/692/692 691/691/691 683/683/683 684/684/684
f 693/693/693 692/692/692 684/684/684 685/685/685
f 694/694/694 693/693/693 685/685/685 686/686/686
f 695/695/695 694/694/694 686/686/686 687/687/687
f 696/696/696 695/695/695 687/687/687 688/688/688
f 699/699/699 698/698/698 690/690/690 691/691/691
f 700/700/700 699/699/699 691/691/691 692/692/692
f 701/701/701 700/700/700 692/692/692 693/693/693
f 702/702/702 701/701/701 693/693/693 694/694/694
f 703/703/703 702/702/702 694/694/694 695/695/695
f 704/704/704 703/703/703 695/695/695 696/696/696
f 707/707/707 706/706/706 698/698/698 699/699/699
f 708/708/708 707/707/707 699/699/699 700/700/700
f 709/709/709 708/708/708 700/700/700 701/701/701
f 710/710/710 709/709/709 701/701/701 702/702/702
f 711/711/711 710/710/710 702/702/702 703/703/703
f 712/712/712 711/711/711 703/703/703 704/704/704
f 715/715/715 714/714/714 706/706/706 707/707/707
f 716/716/716 715/715/715 707/707/707 708/708/708
f 717/717/717 716/716/716 708/708/708 709/709/709
f 718/718/718 717/717/717 709/709/709 710/710/710
f 719/719/719 718/718/718 710/710/710 711/711/711
f 720/720/720 719/719/719 711/711/711 712/712/712
f 723/723/723 722/722/722 714/714/714 715/715/715
f 724/724/724 723/723/723 715/715/715 716/716/716
f 725/725/725 724/724/724 716/716/716 717/717/717
f 726/726/726 725/725/725 717/717/717 718/718/718
f 727/727/727 726/726/726 718/718/718 719/719/719
f 728/728/728 727/727/727 719/719/719 720/720/720
f 731/731/731 730/730/730 722/722/722 723/723/723
f 732/732/732 731/731/731 723/723/723 724/724/724
f 733/733/733 732/732/732 724/724/724 725/725/725
f 734/734/734 733/733/733 725/725/725 726/726/726
f 735/735/735 734/734/734 726/726/726 727/727/727
f 736/736/736 735/735/735 727/727/727 728/728/728
f 740/740/740 739/739/739 730/730/730 731/731/731
f 741/741/741 740/740/740 731/731/731 732/732/732
f 742/742/742 741/741/741 732/732/732 733/733/733
f 743/743/743 742/742/742 733/733/733 734/734/734
f 744/744/744 743/743/743 734/734/734 735/735/735
f 745/745/745 744/744/744 735/735/735 736/736/736
f 481/481/481 482/482/482 490/490/490 747/747/747
f 498/498/498 749/749/749 748/748/748
f 490/490/490 748/748/748 747/747/747
f 750/750/750 506/506/506 514/514/514 751/751/751
f 522/522/522 753/753/753 752/752/752
f 514/514/514 752/752/752 751/751/751
f 749/749/749 498/498/498 506/506/506 750/750/750
f 490/490/490 498/498/498 748/748/748
f 754/754/754 530/530/530 538/538/538 755/755/755
f 522/522/522 752/752/752 514/514/514
f 530/530/530 754/754/754 753/753/753 522/522/522
f 546/546/546 757/757/757 756/756/756
f 554/554/554 759/759/759 758/758/758
f 757/757/757 546/546/546 554/554/554 758/758/758
f 760/760/760 562/562/562 570/570/570 761/761/761
f 578/578/578 763/763/763 762/762/762
f 586/586/586 763/763/763 578/578/578
f 761/761/761 570/570/570 578/578/578 762/762/762
f 562/562/562 760/760/760 759/759/759
f 546/546/546 756/756/756 538/538/538
f 562/562/562 759/759/759 554/554/554
f 764/764/764 586/586/586 594/594/594 765/765/765
f 765/765/765 594/594/594 602/602/602 766/766/766
f 766/766/766 602/602/602 610/610/610 767/767/767
f 586/586/586 764/764/764 763/763/763
f 755/755/755 538/538/538 756/756/756
f 496/496/496 488/488/488 489/489/489 497/497/497
f 512/512/512 504/504/504 505/505/505 513/513/513
f 504/504/504 496/496/496 497/497/497 505/505/505
f 528/528/528 520/520/520 521/521/521 529/529/529
f 544/544/544 536/536/536 537/537/537 545/545/545
f 552/552/552 544/544/544 545/545/545 553/553/553
f 536/536/536 528/528/528 529/529/529 537/537/537
f 520/520/520 512/512/512 513/513/513 521/521/521
f 553/553/553 561/561/561 560/560/560 552/552/552
f 568/568/568 560/560/560 561/561/561 569/569/569
f 584/584/584 576/576/576 577/577/577 585/585/585
f 576/576/576 568/568/568 569/569/569 577/577/577
f 592/592/592 584/584/584 585/585/585 593/593/593
f 608/608/608 600/600/600 601/601/601 609/609/609
f 600/600/600 592/592/592 593/593/593 601/601/601
f 609/609/609 617/617/617 616/616/616 608/608/608
f 610/610/610 768/768/768 767/767/767
f 768/768/768 610/610/610 618/618/618 769/769/769
f 626/626/626 771/771/771 770/770/770
f 769/769/769 618/618/618 626/626/626 770/770/770
f 772/772/772 634/634/634 642/642/642 773/773/773
f 650/650/650 775/775/775 774/774/774
f 658/658/658 776/776/776 775/775/775
f 773/773/773 642/642/642 650/650/650 774/774/774
f 634/634/634 772/772/772 771/771/771
f 626/626/626 634/634/634 771/771/771
f 777/777/777 666/666/666 674/674/674 778/778/778
f 658/658/658 775/775/775 650/650/650
f 666/666/666 777/777/777 776/776/776 658/658/658
f 682/682/682 780/780/780 779/779/779
f 781/781/781 690/690/690 698/698/698 782/782/782
f 780/780/780 682/682/682 690/690/690 781/781/781
f 706/706/706 784/784/784 783/783/783
f 785/785/785 714/714/714 722/722/722 786/786/786
f 722/722/722 787/787/787 786/786/786
f 784/784/784 706/706/706 714/714/714 785/785/785
f 698/698/698 783/783/783 782/782/782
f 682/682/682 779/779/779 778/778/778 674/674/674
f 788/788/788 787/787/787 730/730/730
f 788/788/788 730/730/730 739/739/739 738/738/738
f 783/783/783 698/698/698 706/706/706
f 787/787/787 722/722/722 730/730/730
f 624/624/624 616/616/616 617/617/617 625/625/625
f 640/640/640 632/632/632 633/633/633 641/641/641
f 632/632/632 624/624/624 625/625/625 633/633/633
f 656/656/656 648/648/648 649/649/649 657/657/657
f 672/672/672 664/664/664 665/665/665 673/673/673
f 680/680/680 672/672/672 673/673/673 681/681/681
f 664/664/664 656/656/656 657/657/657 665/665/665
f 648/648/648 640/640/640 641/641/641 649/649/649
f 681/681/681 689/689/689 688/688/688 680/680/680
f 696/696/696 688/688/688 689/689/689 697/697/697
f 712/712/712 704/704/704 705/705/705 713/713/713
f 704/704/704 696/696/696 697/697/697 705/705/705
f 728/728/728 720/720/720 721/721/721 729/729/729
f 736/736/736 728/728/728 729/729/729 737/737/737
f 720/720/720 712/712/712 713/713/713 721/721/721
f 745/745/745 736/736/736 737/737/737 746/746/746
