# Rhino

mtllib Lab_5.mtl
usemtl Default
v 2825 2095 -4420
v 2775 2095 -4420
v 2825 2095 -4470
v 2775 2095 -4470
v 2825 2095 -4470
v 2775 2095 -4470
v 2825 10 -4470
v 2775 10 -4470
v 2825 10 -4470
v 2775 10 -4470
v 2825 10 -4420
v 2775 10 -4420
v 2825 10 -4420
v 2775 10 -4420
v 2825 2095 -4420
v 2775 2095 -4420
v 2825 2095 -4420
v 2825 2095 -4470
v 2825 10 -4470
v 2825 10 -4420
v 2775 2095 -4420
v 2775 2095 -4470
v 2775 10 -4470
v 2775 10 -4420
vt 0 0
vt 0 0.66666620969772339
vt 0.011709601618349552 0
vt 0.011709601618349552 0.66666620969772339
vt 0.011709601618349552 0
vt 0.011709601618349552 0.66666620969772339
vt 0.5 0
vt 0.5 0.66666620969772339
vt 0.5 0
vt 0.5 0.66666620969772339
vt 0.51170963048934937 0
vt 0.51170963048934937 0.66666620969772339
vt 0.51170963048934937 0
vt 0.51170963048934937 0.66666620969772339
vt 1 0
vt 1 0.66666620969772339
vt 0.48829039931297302 1
vt 0.48829039931297302 0.66666686534881592
vt 0 0.66666686534881592
vt 0 1
vt 1 0.66666686534881592
vt 1 1
vt 0.51170963048934937 1
vt 0.51170963048934937 0.66666686534881592
vn 0 1 0
vn 0 1 0
vn 0 1 0
vn 0 1 0
vn 0 0 -1
vn 0 0 -1
vn 0 0 -1
vn 0 0 -1
vn 0 -1 0
vn 0 -1 0
vn 0 -1 0
vn 0 -1 0
vn 0 0 1
vn 0 0 1
vn 0 0 1
vn 0 0 1
vn 1 0 0
vn 1 0 0
vn 1 0 0
vn 1 0 0
vn -1 0 0
vn -1 0 0
vn -1 0 0
vn -1 0 0
f 1/1/1 3/3/3 4/4/4 2/2/2
f 5/5/5 7/7/7 8/8/8 6/6/6
f 9/9/9 11/11/11 12/12/12 10/10/10
f 13/13/13 15/15/15 16/16/16 14/14/14
f 18/18/18 17/17/17 20/20/20
f 20/20/20 19/19/19 18/18/18
f 22/22/22 24/24/24 21/21/21
f 24/24/24 22/22/22 23/23/23
usemtl Default
v 2825 2095 -3530
v 2775 2095 -3530
v 2825 2095 -4420
v 2775 2095 -4420
v 2825 2095 -4420
v 2775 2095 -4420
v 2825 2045 -4420
v 2775 2045 -4420
v 2825 2045 -4420
v 2775 2045 -4420
v 2825 2045 -3530
v 2775 2045 -3530
v 2825 2045 -3530
v 2775 2045 -3530
v 2825 2095 -3530
v 2775 2095 -3530
v 2825 2095 -3530
v 2825 2095 -4420
v 2825 2045 -4420
v 2825 2045 -3530
v 2775 2095 -3530
v 2775 2095 -4420
v 2775 2045 -4420
v 2775 2045 -3530
vt 0 0
vt 0 0.66666620969772339
vt 0.47340425848960876 0
vt 0.47340425848960876 0.66666620969772339
vt 0.47340425848960876 0
vt 0.47340425848960876 0.66666620969772339
vt 0.5 0
vt 0.5 0.66666620969772339
vt 0.5 0
vt 0.5 0.66666620969772339
vt 0.97340422868728638 0
vt 0.97340422868728638 0.66666620969772339
vt 0.97340422868728638 0
vt 0.97340422868728638 0.66666620969772339
vt 1 0
vt 1 0.66666620969772339
vt 0 1
vt 0.47340425848960876 1
vt 0.47340425848960876 0.66666686534881592
vt 0 0.66666686534881592
vt 0.52659577131271362 0.66666686534881592
vt 1 0.66666686534881592
vt 1 1
vt 0.52659577131271362 1
vn 0 1 0
vn 0 1 0
vn 0 1 0
vn 0 1 0
vn 0 0 -1
vn 0 0 -1
vn 0 0 -1
vn 0 0 -1
vn 0 -1 0
vn 0 -1 0
vn 0 -1 0
vn 0 -1 0
vn 0 0 1
vn 0 0 1
vn 0 0 1
vn 0 0 1
vn 1 0 0
vn 1 0 0
vn 1 0 0
vn 1 0 0
vn -1 0 0
vn -1 0 0
vn -1 0 0
vn -1 0 0
f 25/25/25 27/27/27 28/28/28 26/26/26
f 29/29/29 31/31/31 32/32/32 30/30/30
f 33/33/33 35/35/35 36/36/36 34/34/34
f 37/37/37 39/39/39 40/40/40 38/38/38
f 42/42/42 41/41/41 44/44/44
f 44/44/44 43/43/43 42/42/42
f 46/46/46 48/48/48 45/45/45
f 48/48/48 46/46/46 47/47/47
usemtl Default
v 2825 60 -3530
v 2775 60 -3530
v 2825 60 -4420
v 2775 60 -4420
v 2825 60 -4420
v 2775 60 -4420
v 2825 10 -4420
v 2775 10 -4420
v 2825 10 -4420
v 2775 10 -4420
v 2825 10 -3530
v 2775 10 -3530
v 2825 10 -3530
v 2775 10 -3530
v 2825 60 -3530
v 2775 60 -3530
v 2825 60 -3530
v 2825 60 -4420
v 2825 10 -4420
v 2825 10 -3530
v 2775 60 -3530
v 2775 60 -4420
v 2775 10 -4420
v 2775 10 -3530
vt 0 0
vt 0 0.66666620969772339
vt 0.47340425848960876 0
vt 0.47340425848960876 0.66666620969772339
vt 0.47340425848960876 0
vt 0.47340425848960876 0.66666620969772339
vt 0.5 0
vt 0.5 0.66666620969772339
vt 0.5 0
vt 0.5 0.66666620969772339
vt 0.97340422868728638 0
vt 0.97340422868728638 0.66666620969772339
vt 0.97340422868728638 0
vt 0.97340422868728638 0.66666620969772339
vt 1 0
vt 1 0.66666620969772339
vt 0 1
vt 0.47340425848960876 1
vt 0.47340425848960876 0.66666686534881592
vt 0 0.66666686534881592
vt 0.52659577131271362 0.66666686534881592
vt 1 0.66666686534881592
vt 1 1
vt 0.52659577131271362 1
vn 0 1 0
vn 0 1 0
vn 0 1 0
vn 0 1 0
vn 0 0 -1
vn 0 0 -1
vn 0 0 -1
vn 0 0 -1
vn 0 -1 0
vn 0 -1 0
vn 0 -1 0
vn 0 -1 0
vn 0 0 1
vn 0 0 1
vn 0 0 1
vn 0 0 1
vn 1 0 0
vn 1 0 0
vn 1 0 0
vn 1 0 0
vn -1 0 0
vn -1 0 0
vn -1 0 0
vn -1 0 0
f 49/49/49 51/51/51 52/52/52 50/50/50
f 53/53/53 55/55/55 56/56/56 54/54/54
f 57/57/57 59/59/59 60/60/60 58/58/58
f 61/61/61 63/63/63 64/64/64 62/62/62
f 66/66/66 65/65/65 68/68/68
f 68/68/68 67/67/67 66/66/66
f 70/70/70 72/72/72 69/69/69
f 72/72/72 70/70/70 71/71/71
usemtl Default
v 2825 2095 -3480
v 2775 2095 -3480
v 2825 2095 -3530
v 2775 2095 -3530
v 2825 2095 -3530
v 2775 2095 -3530
v 2825 10 -3530
v 2775 10 -3530
v 2825 10 -3530
v 2775 10 -3530
v 2825 10 -3480
v 2775 10 -3480
v 2825 10 -3480
v 2775 10 -3480
v 2825 2095 -3480
v 2775 2095 -3480
v 2825 2095 -3480
v 2825 2095 -3530
v 2825 10 -3530
v 2825 10 -3480
v 2775 2095 -3480
v 2775 2095 -3530
v 2775 10 -3530
v 2775 10 -3480
vt 0 0
vt 0 0.66666620969772339
vt 0.011709601618349552 0
vt 0.011709601618349552 0.66666620969772339
vt 0.011709601618349552 0
vt 0.011709601618349552 0.66666620969772339
vt 0.5 0
vt 0.5 0.66666620969772339
vt 0.5 0
vt 0.5 0.66666620969772339
vt 0.51170963048934937 0
vt 0.51170963048934937 0.66666620969772339
vt 0.51170963048934937 0
vt 0.51170963048934937 0.66666620969772339
vt 1 0
vt 1 0.66666620969772339
vt 0.48829039931297302 1
vt 0.48829039931297302 0.66666686534881592
vt 0 0.66666686534881592
vt 0 1
vt 1 0.66666686534881592
vt 1 1
vt 0.51170963048934937 1
vt 0.51170963048934937 0.66666686534881592
vn 0 1 0
vn 0 1 0
vn 0 1 0
vn 0 1 0
vn 0 0 -1
vn 0 0 -1
vn 0 0 -1
vn 0 0 -1
vn 0 -1 0
vn 0 -1 0
vn 0 -1 0
vn 0 -1 0
vn 0 0 1
vn 0 0 1
vn 0 0 1
vn 0 0 1
vn 1 0 0
vn 1 0 0
vn 1 0 0
vn 1 0 0
vn -1 0 0
vn -1 0 0
vn -1 0 0
vn -1 0 0
f 73/73/73 75/75/75 76/76/76 74/74/74
f 77/77/77 79/79/79 80/80/80 78/78/78
f 81/81/81 83/83/83 84/84/84 82/82/82
f 85/85/85 87/87/87 88/88/88 86/86/86
f 90/90/90 89/89/89 92/92/92
f 92/92/92 91/91/91 90/90/90
f 94/94/94 96/96/96 93/93/93
f 96/96/96 94/94/94 95/95/95
usemtl Default
v 2775 1300 -4420
v 2775 1300 -4470
v 2775 1060 -4420
v 2775 1060 -4470
v 2775 1278.1817626953125 -4420
v 2775 1256.3636474609375 -4420
v 2775 1234.54541015625 -4420
v 2775 1212.727294921875 -4420
v 2775 1190.9090576171875 -4420
v 2775 1169.0909423828125 -4420
v 2775 1147.272705078125 -4420
v 2775 1125.45458984375 -4420
v 2775 1103.6363525390625 -4420
v 2775 1081.8182373046875 -4420
v 2775 1300 -4445
v 2775 1180 -4445
v 2775 1180 -4432.5
v 2775 1240 -4445
v 2775 1240 -4432.5
v 2775 1120 -4445
v 2775 1120 -4432.5
v 2775 1060 -4425.5556640625
v 2775 1060 -4431.111328125
v 2775 1060 -4436.66650390625
v 2775 1060 -4442.22216796875
v 2775 1060 -4447.77783203125
v 2775 1060 -4453.33349609375
v 2775 1060 -4458.888671875
v 2775 1060 -4464.4443359375
v 2775 1090 -4432.5
v 2775 1120 -4426.25
v 2775 1090 -4426.25
v 2775 1075 -4426.25
v 2775 1090 -4423.125
v 2775 1075 -4423.125
v 2775 1075 -4432.5
v 2775 1090 -4429.375
v 2775 1075 -4429.375
v 2775 1090 -4445
v 2775 1120 -4438.75
v 2775 1090 -4438.75
v 2775 1180 -4457.5
v 2775 1120 -4457.5
v 2775 1075 -4438.75
v 2775 1090 -4435.625
v 2775 1075 -4435.625
v 2775 1075 -4445
v 2775 1090 -4441.875
v 2775 1075 -4441.875
v 2775 1090 -4457.5
v 2775 1120 -4451.25
v 2775 1090 -4451.25
v 2775 1075 -4451.25
v 2775 1090 -4448.125
v 2775 1075 -4448.125
v 2775 1075 -4457.5
v 2775 1090 -4454.375
v 2775 1075 -4454.375
v 2775 1120 -4463.75
v 2775 1090 -4463.75
v 2775 1075 -4463.75
v 2775 1090 -4460.625
v 2775 1075 -4460.625
v 2775 1090 -4466.875
v 2775 1075 -4466.875
v 2775 1081.8182373046875 -4470
v 2775 1103.6363525390625 -4470
v 2775 1125.45458984375 -4470
v 2775 1147.272705078125 -4470
v 2775 1169.0909423828125 -4470
v 2775 1190.9090576171875 -4470
v 2775 1212.727294921875 -4470
v 2775 1234.54541015625 -4470
v 2775 1256.3636474609375 -4470
v 2775 1278.1817626953125 -4470
v 2775 1240 -4457.5
v 2775 1060 -4420
v 2767.142822265625 1060 -4427.14990234375
v 2767.142822265625 1060 -4434.2998046875
v 2767.142822265625 1060 -4441.4501953125
v 2767.142822265625 1060 -4448.60009765625
v 2767.142822265625 1060 -4455.75
v 2767.142822265625 1060 -4462.89990234375
v 2759.28564453125 1060 -4427.14990234375
v 2759.28564453125 1060 -4434.2998046875
v 2759.28564453125 1060 -4441.4501953125
v 2759.28564453125 1060 -4448.60009765625
v 2759.28564453125 1060 -4455.75
v 2759.28564453125 1060 -4462.89990234375
v 2751.428466796875 1060 -4427.14990234375
v 2751.428466796875 1060 -4434.2998046875
v 2751.428466796875 1060 -4441.4501953125
v 2751.428466796875 1060 -4448.60009765625
v 2751.428466796875 1060 -4455.75
v 2751.428466796875 1060 -4462.89990234375
v 2743.571533203125 1060 -4427.14990234375
v 2743.571533203125 1060 -4434.2998046875
v 2743.571533203125 1060 -4441.4501953125
v 2743.571533203125 1060 -4448.60009765625
v 2743.571533203125 1060 -4455.75
v 2743.571533203125 1060 -4462.89990234375
v 2735.71435546875 1060 -4427.14990234375
v 2735.71435546875 1060 -4434.2998046875
v 2735.71435546875 1060 -4441.4501953125
v 2735.71435546875 1060 -4448.60009765625
v 2735.71435546875 1060 -4455.75
v 2735.71435546875 1060 -4462.89990234375
v 2727.857177734375 1060 -4427.14990234375
v 2727.857177734375 1060 -4434.2998046875
v 2727.857177734375 1060 -4441.4501953125
v 2727.857177734375 1060 -4448.60009765625
v 2727.857177734375 1060 -4455.75
v 2727.857177734375 1060 -4462.89990234375
v 2720 1060 -4420
v 2775 1060 -4470
v 2775 1060 -4464.4443359375
v 2775 1060 -4458.888671875
v 2775 1060 -4453.33349609375
v 2775 1060 -4447.77783203125
v 2775 1060 -4442.22216796875
v 2775 1060 -4436.66650390625
v 2775 1060 -4431.111328125
v 2775 1060 -4425.5556640625
v 2769.5 1060 -4420
v 2764 1060 -4420
v 2758.5 1060 -4420
v 2753 1060 -4420
v 2747.5 1060 -4420
v 2742 1060 -4420
v 2736.5 1060 -4420
v 2731 1060 -4420
v 2725.5 1060 -4420
v 2720 1060 -4425.71435546875
v 2720 1060 -4431.4287109375
v 2720 1060 -4437.14306640625
v 2720 1060 -4442.85693359375
v 2720 1060 -4448.5712890625
v 2720 1060 -4454.28564453125
v 2720 1060 -4460
v 2736.0078125 1060 -4470
v 2741.578125 1060 -4470
v 2747.1484375 1060 -4470
v 2752.71875 1060 -4470
v 2758.2890625 1060 -4470
v 2763.859375 1060 -4470
v 2769.4296875 1060 -4470
v 2720.05712890625 1060 -4460.8447265625
v 2720.23583984375 1060 -4461.71044921875
v 2720.544921875 1060 -4462.5869140625
v 2720.99072265625 1060 -4463.46337890625
v 2721.576416015625 1060 -4464.32763671875
v 2722.302001953125 1060 -4465.16650390625
v 2723.162841796875 1060 -4465.9677734375
v 2724.150634765625 1060 -4466.71826171875
v 2725.253173828125 1060 -4467.4072265625
v 2726.454833984375 1060 -4468.02392578125
v 2727.7373046875 1060 -4468.56201171875
v 2729.08056640625 1060 -4469.01513671875
v 2730.4638671875 1060 -4469.38134765625
v 2731.86669921875 1060 -4469.65966796875
v 2733.269775390625 1060 -4469.8525390625
v 2734.6552734375 1060 -4469.96435546875
v 2723.928466796875 1060 -4462.89990234375
v 2727.857177734375 1060 -4459.3251953125
v 2723.928466796875 1060 -4455.75
v 2723.928466796875 1060 -4459.3251953125
v 2721.96435546875 1060 -4462.89990234375
v 2723.928466796875 1060 -4461.1123046875
v 2721.96435546875 1060 -4459.3251953125
v 2721.96435546875 1060 -4461.1123046875
v 2727.857177734375 1060 -4466.47509765625
v 2735.71435546875 1060 -4466.47509765625
v 2731.78564453125 1060 -4462.89990234375
v 2731.78564453125 1060 -4466.47509765625
v 2743.571533203125 1060 -4466.47509765625
v 2739.642822265625 1060 -4462.89990234375
v 2739.642822265625 1060 -4466.47509765625
v 2720 1060 -4420
v 2720 1060 -4460
v 2673.7529296875 1096.99755859375 -4420
v 2673.7529296875 1096.99755859375 -4460
v 2720 1060 -4454.28564453125
v 2720 1060 -4448.5712890625
v 2720 1060 -4442.85693359375
v 2720 1060 -4437.14306640625
v 2720 1060 -4431.4287109375
v 2720 1060 -4425.71435546875
v 2708.438232421875 1069.2493896484375 -4440
v 2708.438232421875 1069.2493896484375 -4450
v 2714.21923828125 1064.624755859375 -4440
v 2714.21923828125 1064.624755859375 -4450
v 2708.438232421875 1069.2493896484375 -4430
v 2714.21923828125 1064.624755859375 -4430
v 2704.584228515625 1072.33251953125 -4420
v 2689.168701171875 1084.6650390625 -4420
v 2680.2548828125 1091.7960205078125 -4460
v 2696.7568359375 1078.594482421875 -4460
v 2670 1104.8062744140625 -4420
v 2670 1142.403076171875 -4432.5126953125
v 2670 1142.403076171875 -4445.02490234375
v 2670 1142.403076171875 -4457.53759765625
v 2670 1180 -4432.5126953125
v 2670 1180 -4445.02490234375
v 2670 1180 -4457.53759765625
v 2670 1217.596923828125 -4432.5126953125
v 2670 1217.596923828125 -4445.02490234375
v 2670 1217.596923828125 -4457.53759765625
v 2670 1112.8062744140625 -4470
v 2670 1111.9232177734375 -4469.97607421875
v 2670 1111.021240234375 -4469.90234375
v 2670 1110.1065673828125 -4469.775390625
v 2670 1109.186767578125 -4469.59228515625
v 2670 1108.269775390625 -4469.3515625
v 2670 1107.3641357421875 -4469.05224609375
v 2670 1106.47900390625 -4468.6943359375
v 2670 1105.623291015625 -4468.27880859375
v 2670 1104.8062744140625 -4467.80859375
v 2670 1142.403076171875 -4463.7939453125
v 2670 1123.604736328125 -4457.53759765625
v 2670 1123.604736328125 -4463.7939453125
v 2670 1123.604736328125 -4466.921875
v 2670 1114.2054443359375 -4463.7939453125
v 2670 1114.2054443359375 -4466.921875
v 2670 1114.2054443359375 -4468.48583984375
v 2670 1109.505859375 -4466.921875
v 2670 1109.505859375 -4468.48583984375
v 2670 1114.2054443359375 -4469.26806640625
v 2670 1109.505859375 -4469.26806640625
v 2670 1111.855712890625 -4468.48583984375
v 2670 1111.855712890625 -4469.26806640625
v 2670 1123.604736328125 -4468.48583984375
v 2670 1118.905029296875 -4466.921875
v 2670 1118.905029296875 -4468.48583984375
v 2670 1142.403076171875 -4466.921875
v 2670 1133.00390625 -4463.7939453125
v 2670 1133.00390625 -4466.921875
v 2670 1180 -4463.7939453125
v 2670 1161.2015380859375 -4457.53759765625
v 2670 1161.2015380859375 -4463.7939453125
v 2670 1107.156005859375 -4468.48583984375
v 2670 1109.505859375 -4467.7041015625
v 2670 1107.156005859375 -4466.921875
v 2670 1107.156005859375 -4467.7041015625
v 2670 1114.2054443359375 -4465.35791015625
v 2670 1109.505859375 -4463.7939453125
v 2670 1109.505859375 -4465.35791015625
v 2670 1123.604736328125 -4460.66552734375
v 2670 1114.2054443359375 -4457.53759765625
v 2670 1114.2054443359375 -4460.66552734375
v 2670 1142.403076171875 -4451.28125
v 2670 1123.604736328125 -4445.02490234375
v 2670 1123.604736328125 -4451.28125
v 2670 1126.2901611328125 -4420
v 2670 1147.7740478515625 -4420
v 2670 1169.258056640625 -4420
v 2670 1190.741943359375 -4420
v 2670 1212.2259521484375 -4420
v 2670 1233.7098388671875 -4420
v 2670 1255.1937255859375 -4420
v 2670 1255.1937255859375 -4445
v 2670 1255.1937255859375 -4470
v 2670 1234.8526611328125 -4470
v 2670 1214.5115966796875 -4470
v 2670 1194.1705322265625 -4470
v 2670 1173.8294677734375 -4470
v 2670 1153.4884033203125 -4470
v 2670 1133.1473388671875 -4470
v 2670 1104.8062744140625 -4443.904296875
v 2673.7529296875 1263.00244140625 -4420
v 2717.2607421875 1297.8087158203125 -4470
v 2688.255615234375 1274.6044921875 -4420
v 2702.75830078125 1286.2066650390625 -4420
v 2717.2607421875 1297.8087158203125 -4420
v 2717.2607421875 1297.8087158203125 -4436.66650390625
v 2717.2607421875 1297.8087158203125 -4453.33349609375
v 2702.75830078125 1286.2066650390625 -4470
v 2688.255615234375 1274.6044921875 -4470
v 2673.7529296875 1263.00244140625 -4470
v 2673.7529296875 1263.00244140625 -4445
v 2723.5078125 1300 -4420
v 2775 1300 -4420
v 2775 1300 -4470
v 2775 1300 -4445
v 2740.671875 1300 -4420
v 2757.8359375 1300 -4420
v 2757.8359375 1300 -4470
v 2740.671875 1300 -4470
v 2723.5078125 1300 -4470
v 2723.5078125 1300 -4453.33349609375
v 2723.5078125 1300 -4436.66650390625
v 2770 1270 -4420
v 2770 1270 -4470
v 2720 1270 -4420
v 2720 1270 -4470
v 2753.333251953125 1270 -4420
v 2736.666748046875 1270 -4420
v 2720 1270 -4445
v 2770 1270 -4445
v 2736.666748046875 1270 -4470
v 2753.333251953125 1270 -4470
v 2720 1270 -4420
v 2720 1270 -4470
v 2695 1250 -4420
v 2695 1250 -4470
v 2720 1270 -4445
v 2707.5 1260 -4420
v 2695 1250 -4445
v 2707.5 1260 -4470
v 2695 1250 -4420
v 2695 1250 -4470
v 2695 1105 -4420
v 2695 1105 -4470
v 2695 1250 -4445
v 2695 1105 -4445
v 2695 1229.2857666015625 -4420
v 2695 1208.5714111328125 -4420
v 2695 1187.857177734375 -4420
v 2695 1167.142822265625 -4420
v 2695 1146.4285888671875 -4420
v 2695 1125.7142333984375 -4420
v 2695 1125.7142333984375 -4470
v 2695 1146.4285888671875 -4470
v 2695 1167.142822265625 -4470
v 2695 1187.857177734375 -4470
v 2695 1208.5714111328125 -4470
v 2695 1229.2857666015625 -4470
v 2695 1105 -4420
v 2695 1105 -4470
v 2720 1090 -4420
v 2720 1090 -4470
v 2695 1105 -4445
v 2707.5 1097.5 -4420
v 2720 1090 -4445
v 2707.5 1097.5 -4470
v 2720 1090 -4420
v 2720 1090 -4470
v 2770 1090 -4420
v 2770 1090 -4470
v 2720 1090 -4445
v 2736.666748046875 1090 -4420
v 2753.333251953125 1090 -4420
v 2770 1090 -4445
v 2753.333251953125 1090 -4470
v 2736.666748046875 1090 -4470
v 2770 1090 -4420
v 2770 1090 -4470
v 2770 1270 -4420
v 2770 1270 -4470
v 2770 1270 -4445
v 2770 1180 -4470
v 2770 1090 -4445
v 2770 1180 -4420
v 2770 1112.5 -4420
v 2770 1135 -4420
v 2770 1157.5 -4420
v 2770 1202.5 -4420
v 2770 1225 -4420
v 2770 1247.5 -4420
v 2770 1247.5 -4470
v 2770 1225 -4470
v 2770 1202.5 -4470
v 2770 1157.5 -4470
v 2770 1135 -4470
v 2770 1112.5 -4470
v 2775 1060 -4420
v 2775 1300 -4420
v 2709.375 1270 -4420
v 2683.125 1120 -4420
v 2683.125 1240 -4420
v 2775 1278.1817626953125 -4420
v 2775 1256.3636474609375 -4420
v 2775 1234.54541015625 -4420
v 2775 1212.727294921875 -4420
v 2775 1190.9090576171875 -4420
v 2775 1169.0909423828125 -4420
v 2775 1147.272705078125 -4420
v 2775 1125.45458984375 -4420
v 2775 1103.6363525390625 -4420
v 2775 1081.8182373046875 -4420
v 2769.5 1060 -4420
v 2764 1060 -4420
v 2758.5 1060 -4420
v 2753 1060 -4420
v 2747.5 1060 -4420
v 2742 1060 -4420
v 2736.5 1060 -4420
v 2731 1060 -4420
v 2725.5 1060 -4420
v 2720 1060 -4420
v 2709.375 1075 -4420
v 2715.9375 1090 -4420
v 2715.9375 1075 -4420
v 2704.584228515625 1072.33251953125 -4420
v 2689.168701171875 1084.6650390625 -4420
v 2673.7529296875 1096.99755859375 -4420
v 2670 1104.8062744140625 -4420
v 2670 1126.2901611328125 -4420
v 2670 1147.7740478515625 -4420
v 2670 1169.258056640625 -4420
v 2670 1190.741943359375 -4420
v 2670 1212.2259521484375 -4420
v 2670 1233.7098388671875 -4420
v 2670 1255.1937255859375 -4420
v 2673.7529296875 1263.00244140625 -4420
v 2688.255615234375 1274.6044921875 -4420
v 2702.75830078125 1286.2066650390625 -4420
v 2717.2607421875 1297.8087158203125 -4420
v 2723.5078125 1300 -4420
v 2740.671875 1300 -4420
v 2757.8359375 1300 -4420
v 2770 1270 -4420
v 2753.333251953125 1270 -4420
v 2736.666748046875 1270 -4420
v 2720 1270 -4420
v 2707.5 1260 -4420
v 2695 1250 -4420
v 2695 1229.2857666015625 -4420
v 2695 1208.5714111328125 -4420
v 2695 1187.857177734375 -4420
v 2695 1167.142822265625 -4420
v 2695 1146.4285888671875 -4420
v 2695 1125.7142333984375 -4420
v 2695 1105 -4420
v 2707.5 1097.5 -4420
v 2720 1090 -4420
v 2736.666748046875 1090 -4420
v 2753.333251953125 1090 -4420
v 2770 1090 -4420
v 2770 1112.5 -4420
v 2770 1135 -4420
v 2770 1157.5 -4420
v 2770 1180 -4420
v 2770 1202.5 -4420
v 2770 1225 -4420
v 2770 1247.5 -4420
v 2670.987060546875 1259.525634765625 -4420
v 2683.125 1255 -4420
v 2676.5625 1240 -4420
v 2676.5625 1255 -4420
v 2720.19775390625 1299.436279296875 -4420
v 2709.375 1285 -4420
v 2722.5 1285 -4420
v 2715.9375 1270 -4420
v 2715.9375 1285 -4420
v 2715.9375 1292.5 -4420
v 2722.5 1292.5 -4420
v 2719.21875 1285 -4420
v 2719.21875 1292.5 -4420
v 2729.0625 1285 -4420
v 2729.0625 1292.5 -4420
v 2725.78125 1285 -4420
v 2725.78125 1292.5 -4420
v 2670.987060546875 1100.474365234375 -4420
v 2676.5625 1120 -4420
v 2683.125 1105 -4420
v 2676.5625 1105 -4420
v 2683.125 1180 -4420
v 2683.125 1210 -4420
v 2696.25 1270 -4420
v 2775 1060 -4470
v 2775 1300 -4470
v 2709.375 1270 -4470
v 2683.125 1240 -4470
v 2775 1278.1817626953125 -4470
v 2775 1256.3636474609375 -4470
v 2775 1234.54541015625 -4470
v 2775 1212.727294921875 -4470
v 2775 1190.9090576171875 -4470
v 2775 1169.0909423828125 -4470
v 2775 1147.272705078125 -4470
v 2775 1125.45458984375 -4470
v 2775 1103.6363525390625 -4470
v 2775 1081.8182373046875 -4470
v 2769.4296875 1060 -4470
v 2763.859375 1060 -4470
v 2758.2890625 1060 -4470
v 2752.71875 1060 -4470
v 2747.1484375 1060 -4470
v 2741.578125 1060 -4470
v 2736.0078125 1060 -4470
v 2670 1112.8062744140625 -4470
v 2670 1133.1473388671875 -4470
v 2670 1153.4884033203125 -4470
v 2670 1173.8294677734375 -4470
v 2670 1194.1705322265625 -4470
v 2670 1214.5115966796875 -4470
v 2670 1234.8526611328125 -4470
v 2670 1255.1937255859375 -4470
v 2673.7529296875 1263.00244140625 -4470
v 2688.255615234375 1274.6044921875 -4470
v 2702.75830078125 1286.2066650390625 -4470
v 2717.2607421875 1297.8087158203125 -4470
v 2723.5078125 1300 -4470
v 2740.671875 1300 -4470
v 2757.8359375 1300 -4470
v 2770 1270 -4470
v 2753.333251953125 1270 -4470
v 2736.666748046875 1270 -4470
v 2720 1270 -4470
v 2707.5 1260 -4470
v 2695 1250 -4470
v 2695 1229.2857666015625 -4470
v 2695 1208.5714111328125 -4470
v 2695 1187.857177734375 -4470
v 2695 1167.142822265625 -4470
v 2695 1146.4285888671875 -4470
v 2695 1125.7142333984375 -4470
v 2695 1105 -4470
v 2707.5 1097.5 -4470
v 2720 1090 -4470
v 2736.666748046875 1090 -4470
v 2753.333251953125 1090 -4470
v 2770 1090 -4470
v 2770 1112.5 -4470
v 2770 1135 -4470
v 2770 1157.5 -4470
v 2770 1180 -4470
v 2770 1202.5 -4470
v 2770 1225 -4470
v 2770 1247.5 -4470
v 2670.987060546875 1259.525634765625 -4470
v 2683.125 1255 -4470
v 2676.5625 1240 -4470
v 2676.5625 1255 -4470
v 2720.19775390625 1299.436279296875 -4470
v 2709.375 1285 -4470
v 2722.5 1285 -4470
v 2715.9375 1270 -4470
v 2715.9375 1285 -4470
v 2715.9375 1292.5 -4470
v 2722.5 1292.5 -4470
v 2719.21875 1285 -4470
v 2719.21875 1292.5 -4470
v 2729.0625 1285 -4470
v 2729.0625 1292.5 -4470
v 2725.78125 1285 -4470
v 2725.78125 1292.5 -4470
v 2719.505859375 1073.2015380859375 -4470
v 2703.00390625 1086.403076171875 -4470
v 2686.501953125 1099.604736328125 -4470
v 2683.125 1120 -4470
v 2683.125 1180 -4470
v 2683.125 1210 -4470
v 2696.25 1270 -4470
v 2670 1255.1937255859375 -4470
v 2673.7529296875 1263.00244140625 -4470
v 2670 1255.1937255859375 -4445
v 2670.994873046875 1259.5419921875 -4445
v 2673.7529296875 1263.00244140625 -4445
v 2670 1255.1937255859375 -4420
v 2673.7529296875 1263.00244140625 -4420
v 2670.987060546875 1259.525634765625 -4420
v 2670.994873046875 1259.5419921875 -4432.5
v 2670.24560546875 1257.396240234375 -4445
v 2670.24560546875 1257.396240234375 -4432.5
v 2672.19775390625 1261.4488525390625 -4445
v 2672.19775390625 1261.4488525390625 -4432.5
v 2670.987060546875 1259.525634765625 -4470
v 2670.994873046875 1259.5419921875 -4457.5
v 2672.19775390625 1261.4488525390625 -4457.5
v 2670.24560546875 1257.396240234375 -4457.5
v 2717.2607421875 1297.8087158203125 -4470
v 2723.5078125 1300 -4470
v 2717.2607421875 1297.8087158203125 -4453.33349609375
v 2720.205078125 1299.4388427734375 -4453.33349609375
v 2723.5078125 1300 -4453.33349609375
v 2717.2607421875 1297.8087158203125 -4436.66650390625
v 2720.205078125 1299.4388427734375 -4436.66650390625
v 2723.5078125 1300 -4436.66650390625
v 2717.2607421875 1297.8087158203125 -4420
v 2723.5078125 1300 -4420
v 2720.19775390625 1299.436279296875 -4420
v 2720.205078125 1299.4388427734375 -4428.33349609375
v 2718.6533203125 1298.74267578125 -4436.66650390625
v 2718.6533203125 1298.74267578125 -4428.33349609375
v 2721.8447265625 1299.8607177734375 -4436.66650390625
v 2721.8447265625 1299.8607177734375 -4428.33349609375
v 2720.19775390625 1299.436279296875 -4470
v 2721.8447265625 1299.8607177734375 -4453.33349609375
v 2720.205078125 1299.4388427734375 -4461.66650390625
v 2721.8447265625 1299.8607177734375 -4461.66650390625
v 2718.6533203125 1298.74267578125 -4453.33349609375
v 2718.6533203125 1298.74267578125 -4461.66650390625
v 2670 1104.8062744140625 -4467.80859375
v 2670.97900390625 1100.49072265625 -4443.904296875
v 2670 1104.8062744140625 -4443.904296875
v 2673.7529296875 1096.99755859375 -4420
v 2670 1104.8062744140625 -4420
v 2673.7529296875 1096.99755859375 -4460
v 2670.987060546875 1100.474365234375 -4420
v 2670.97900390625 1100.49072265625 -4431.9521484375
v 2672.1865234375 1098.565185546875 -4443.904296875
v 2672.1865234375 1098.565185546875 -4431.9521484375
v 2670.24169921875 1102.621337890625 -4443.904296875
v 2670.24169921875 1102.621337890625 -4431.9521484375
v 2670.04736328125 1103.835205078125 -4467.1650390625
v 2670.19189453125 1102.856689453125 -4466.44091796875
v 2670.43603515625 1101.88525390625 -4465.6435546875
v 2670.779296875 1100.9359130859375 -4464.7822265625
v 2671.2177734375 1100.02392578125 -4463.8701171875
v 2671.74462890625 1099.162841796875 -4462.9208984375
v 2672.3505859375 1098.365234375 -4461.94970703125
v 2673.0244140625 1097.6409912109375 -4460.97119140625
v 2670.97900390625 1100.49072265625 -4455.8564453125
v 2670.24169921875 1102.621337890625 -4455.8564453125
v 2670.0595703125 1103.7174072265625 -4455.8564453125
v 2670.24169921875 1102.621337890625 -4461.83251953125
v 2670.0595703125 1103.7174072265625 -4461.83251953125
v 2670.0146484375 1104.2640380859375 -4461.83251953125
v 2670.0595703125 1103.7174072265625 -4464.82080078125
v 2670.0146484375 1104.2640380859375 -4464.82080078125
v 2670.135009765625 1103.1690673828125 -4461.83251953125
v 2670.24169921875 1102.621337890625 -4464.82080078125
v 2670.135009765625 1103.1690673828125 -4464.82080078125
v 2670.548828125 1101.5386962890625 -4455.8564453125
v 2670.97900390625 1100.49072265625 -4461.83251953125
v 2670.548828125 1101.5386962890625 -4461.83251953125
v 2672.1865234375 1098.565185546875 -4455.8564453125
v 2670.379638671875 1102.076904296875 -4461.83251953125
v 2670.548828125 1101.5386962890625 -4464.82080078125
v 2670.379638671875 1102.076904296875 -4464.82080078125
v 2670.7490234375 1101.009033203125 -4461.83251953125
v 2671.530029296875 1099.490478515625 -4455.8564453125
v 2672.1865234375 1098.565185546875 -4461.83251953125
v 2671.530029296875 1099.490478515625 -4461.83251953125
v 2671.240478515625 1099.9822998046875 -4461.83251953125
v 2671.845947265625 1099.017333984375 -4461.83251953125
v 2672.93359375 1097.7303466796875 -4455.8564453125
v 2673.33544921875 1097.3507080078125 -4455.8564453125
v 2672.93359375 1097.7303466796875 -4458.8447265625
v 2673.33544921875 1097.3507080078125 -4458.8447265625
v 2672.93359375 1097.7303466796875 -4443.904296875
v 2672.1865234375 1098.565185546875 -4449.88037109375
v 2672.93359375 1097.7303466796875 -4449.88037109375
v 2736.0078125 1060 -4470
v 2713.727294921875 1065.9783935546875 -4463.79931640625
v 2715.134765625 1067.73779296875 -4467.14453125
v 2717.2353515625 1070.363525390625 -4469.31591796875
v 2719.505859375 1073.2015380859375 -4470
v 2696.7568359375 1078.594482421875 -4460
v 2697.225341796875 1079.179931640625 -4463.79931640625
v 2698.6328125 1080.9393310546875 -4467.14453125
v 2700.7333984375 1083.5650634765625 -4469.31591796875
v 2703.00390625 1086.403076171875 -4470
v 2680.2548828125 1091.7960205078125 -4460
v 2680.723388671875 1092.3814697265625 -4463.79931640625
v 2682.130859375 1094.140869140625 -4467.14453125
v 2684.2314453125 1096.7666015625 -4469.31591796875
v 2686.501953125 1099.604736328125 -4470
v 2670 1112.8062744140625 -4470
v 2734.6552734375 1060 -4469.96435546875
v 2733.269775390625 1060 -4469.8525390625
v 2731.86669921875 1060 -4469.65966796875
v 2730.4638671875 1060 -4469.38134765625
v 2729.08056640625 1060 -4469.01513671875
v 2727.7373046875 1060 -4468.56201171875
v 2726.454833984375 1060 -4468.02392578125
v 2725.253173828125 1060 -4467.4072265625
v 2724.150634765625 1060 -4466.71826171875
v 2723.162841796875 1060 -4465.9677734375
v 2722.302001953125 1060 -4465.16650390625
v 2721.576416015625 1060 -4464.32763671875
v 2720.99072265625 1060 -4463.46337890625
v 2720.544921875 1060 -4462.5869140625
v 2720.23583984375 1060 -4461.71044921875
v 2720.05712890625 1060 -4460.8447265625
v 2720 1060 -4460
v 2718.3837890625 1071.7989501953125 -4469.83740234375
v 2725.486328125 1063.7626953125 -4469.31591796875
v 2726.634765625 1065.1981201171875 -4469.83740234375
v 2727.20263671875 1065.9080810546875 -4469.96044921875
v 2730.76025390625 1061.897705078125 -4469.83740234375
v 2731.328125 1062.607666015625 -4469.96044921875
v 2726.059814453125 1064.4796142578125 -4469.6240234375
v 2730.185302734375 1061.17919921875 -4469.6240234375
v 2716.1279296875 1068.979248046875 -4468.412109375
v 2723.3857421875 1061.136962890625 -4467.14453125
v 2724.37890625 1062.37841796875 -4468.412109375
v 2724.9228515625 1063.0584716796875 -4468.91162109375
v 2723.863525390625 1061.7342529296875 -4467.8203125
v 2714.317626953125 1066.71630859375 -4465.56982421875
v 2722.568603515625 1060.115478515625 -4465.56982421875
v 2722.950927734375 1060.593505859375 -4466.388671875
v 2723.162353515625 1060.8575439453125 -4466.775390625
v 2714.699951171875 1067.1943359375 -4466.388671875
v 2719.26025390625 1064.4373779296875 -4467.14453125
v 2718.443115234375 1063.4158935546875 -4465.56982421875
v 2718.825439453125 1063.8939208984375 -4466.388671875
v 2697.815673828125 1079.9178466796875 -4465.56982421875
v 2706.8837890625 1074.338623046875 -4467.14453125
v 2705.476318359375 1072.5791015625 -4463.79931640625
v 2706.066650390625 1073.3170166015625 -4465.56982421875
v 2722.7529296875 1060.3458251953125 -4465.986328125
v 2713.3701171875 1065.531982421875 -4461.87939453125
v 2713.992431640625 1066.309814453125 -4464.70166015625
v 2717.852783203125 1062.677978515625 -4463.79931640625
v 2718.117919921875 1063.0093994140625 -4464.70166015625
v 2718.273193359375 1063.203369140625 -4465.14111328125
v 2720.505859375 1061.765625 -4465.56982421875
v 2720.1806640625 1061.359130859375 -4464.70166015625
v 2720.3359375 1061.55322265625 -4465.14111328125
v 2717.977783203125 1062.8341064453125 -4464.25390625
v 2719.91552734375 1061.0277099609375 -4463.79931640625
v 2720.04052734375 1061.1839599609375 -4464.25390625
v 2713.516357421875 1065.7147216796875 -4462.84130859375
v 2717.49560546875 1062.2315673828125 -4461.87939453125
v 2717.641845703125 1062.414306640625 -4462.84130859375
v 2696.8681640625 1078.7335205078125 -4461.87939453125
v 2705.119140625 1072.1328125 -4461.87939453125
v 2717.739013671875 1062.535888671875 -4463.32177734375
v 2719.70458984375 1060.76416015625 -4462.84130859375
v 2719.8017578125 1060.8856201171875 -4463.32177734375
v 2717.560791015625 1062.31298828125 -4462.35986328125
v 2719.558349609375 1060.5814208984375 -4461.87939453125
v 2719.62353515625 1060.662841796875 -4462.35986328125
v 2713.285888671875 1065.426513671875 -4460.927734375
v 2717.411376953125 1062.126220703125 -4460.927734375
v 2717.446044921875 1062.1695556640625 -4461.4013671875
v 2719.47412109375 1060.4759521484375 -4460.927734375
v 2719.5087890625 1060.519287109375 -4461.4013671875
v 2717.39111328125 1062.1007080078125 -4460.46044921875
v 2719.453857421875 1060.4505615234375 -4460.46044921875
v 2670 1104.8062744140625 -4467.80859375
v 2670 1105.623291015625 -4468.27880859375
v 2670 1106.47900390625 -4468.6943359375
v 2670 1107.3641357421875 -4469.05224609375
v 2670 1108.269775390625 -4469.3515625
v 2670 1109.186767578125 -4469.59228515625
v 2670 1110.1065673828125 -4469.775390625
v 2670 1111.021240234375 -4469.90234375
v 2670 1111.9232177734375 -4469.97607421875
v 2675.98046875 1103.367431640625 -4469.31591796875
v 2683.1240234375 1095.38232421875 -4468.412109375
v 2673.8798828125 1100.74169921875 -4467.14453125
v 2674.873046875 1101.983154296875 -4468.412109375
v 2670.74755859375 1105.283447265625 -4468.412109375
v 2674.357666015625 1101.3389892578125 -4467.8203125
v 2681.313720703125 1093.119384765625 -4465.56982421875
v 2672.472412109375 1098.9822998046875 -4463.79931640625
v 2673.062744140625 1099.72021484375 -4465.56982421875
v 2673.445068359375 1100.1982421875 -4466.388671875
v 2671.85498046875 1106.6678466796875 -4469.31591796875
v 2675.4169921875 1102.6630859375 -4468.91162109375
v 2671.29150390625 1105.9635009765625 -4468.91162109375
v 2685.3798828125 1098.2020263671875 -4469.83740234375
v 2677.12890625 1104.8028564453125 -4469.83740234375
v 2671.0166015625 1105.6197509765625 -4468.673828125
v 2671.571533203125 1106.3133544921875 -4469.1259765625
v 2673.00341796875 1108.1031494140625 -4469.83740234375
v 2676.553955078125 1104.0843505859375 -4469.6240234375
v 2672.428466796875 1107.384765625 -4469.6240234375
v 2672.14111328125 1107.025390625 -4469.48193359375
v 2670.940673828125 1109.75341796875 -4469.83740234375
v 2672.71630859375 1107.744384765625 -4469.7421875
v 2670.653564453125 1109.3946533203125 -4469.7421875
v 2677.69677734375 1105.5128173828125 -4469.96044921875
v 2673.5712890625 1108.8131103515625 -4469.96044921875
v 2671.508544921875 1110.46337890625 -4469.96044921875
v 2673.28857421875 1108.4598388671875 -4469.90966796875
v 2671.225830078125 1110.1099853515625 -4469.90966796875
v 2673.8505859375 1109.162109375 -4469.990234375
v 2671.787841796875 1110.8123779296875 -4469.990234375
v 2673.7529296875 1096.99755859375 -4460
v 2673.0244140625 1097.6409912109375 -4460.97119140625
v 2672.3505859375 1098.365234375 -4461.94970703125
v 2671.74462890625 1099.162841796875 -4462.9208984375
v 2671.2177734375 1100.02392578125 -4463.8701171875
v 2670.779296875 1100.9359130859375 -4464.7822265625
v 2670.43603515625 1101.88525390625 -4465.6435546875
v 2670.19189453125 1102.856689453125 -4466.44091796875
v 2670.04736328125 1103.835205078125 -4467.1650390625
v 2680.3662109375 1091.93505859375 -4461.87939453125
v 2676.24072265625 1095.2354736328125 -4461.87939453125
v 2680.281982421875 1091.8297119140625 -4460.927734375
v 2676.156494140625 1095.130126953125 -4460.927734375
v 2688.974365234375 1085.7806396484375 -4463.79931640625
v 2688.6171875 1085.3343505859375 -4461.87939453125
v 2676.597900390625 1095.681884765625 -4463.79931640625
v 2680.512451171875 1092.1177978515625 -4462.84130859375
v 2676.386962890625 1095.418212890625 -4462.84130859375
v 2672.737548828125 1099.313720703125 -4464.70166015625
v 2671.817138671875 1102.391845703125 -4467.14453125
v 2673.656494140625 1100.462158203125 -4466.775390625
v 2671.38232421875 1101.848388671875 -4466.388671875
v 2671.59375 1102.1124267578125 -4466.775390625
v 2678.00537109375 1097.4412841796875 -4467.14453125
v 2681.696044921875 1093.597412109375 -4466.388671875
v 2677.188232421875 1096.4197998046875 -4465.56982421875
v 2677.570556640625 1096.8978271484375 -4466.388671875
v 2690.3818359375 1087.5401611328125 -4467.14453125
v 2689.564697265625 1086.5185546875 -4465.56982421875
v 2672.294921875 1102.9891357421875 -4467.8203125
v 2674.11376953125 1101.0338134765625 -4467.49267578125
v 2672.051025390625 1102.6839599609375 -4467.49267578125
v 2678.99853515625 1098.6827392578125 -4468.412109375
v 2682.608642578125 1094.7381591796875 -4467.8203125
v 2678.483154296875 1098.03857421875 -4467.8203125
v 2692.482421875 1090.1658935546875 -4469.31591796875
v 2699.6259765625 1082.1807861328125 -4468.412109375
v 2691.375 1088.781494140625 -4468.412109375
vt 0.66138201951980591 0.46073475480079651
vt 0.55049991607666016 0.46073475480079651
vt 0.66138201951980591 0.99853515625
vt 0.55049991607666016 0.99853515625
vt 0.66138201951980591 0.50962567329406738
vt 0.66138201951980591 0.55851662158966064
vt 0.66138201951980591 0.60740756988525391
vt 0.66138201951980591 0.65629851818084717
vt 0.66138201951980591 0.70518946647644043
vt 0.66138201951980591 0.75408041477203369
vt 0.66138201951980591 0.80297136306762695
vt 0.66138201951980591 0.85186231136322021
vt 0.66138201951980591 0.90075325965881348
vt 0.66138201951980591 0.94964420795440674
vt 0.60594099760055542 0.46073475480079651
vt 0.60594099760055542 0.72963494062423706
vt 0.63366150856018066 0.72963494062423706
vt 0.60594099760055542 0.59518486261367798
vt 0.63366150856018066 0.59518486261367798
vt 0.60594099760055542 0.86408507823944092
vt 0.63366150856018066 0.86408507823944092
vt 0.64906179904937744 0.99853515625
vt 0.63674157857894897 0.99853515625
vt 0.62442135810852051 0.99853515625
vt 0.61210107803344727 0.99853515625
vt 0.5997808575630188 0.99853515625
vt 0.58746063709259033 0.99853515625
vt 0.57514041662216187 0.99853515625
vt 0.5628201961517334 0.99853515625
vt 0.63366150856018066 0.93131011724472046
vt 0.64752179384231567 0.86408507823944092
vt 0.64752179384231567 0.93131011724472046
vt 0.64752179384231567 0.96492260694503784
vt 0.65445190668106079 0.93131011724472046
vt 0.65445190668106079 0.96492260694503784
vt 0.63366150856018066 0.96492260694503784
vt 0.64059162139892578 0.93131011724472046
vt 0.64059162139892578 0.96492260694503784
vt 0.60594099760055542 0.93131011724472046
vt 0.61980122327804565 0.86408507823944092
vt 0.61980122327804565 0.93131011724472046
vt 0.57822048664093018 0.72963494062423706
vt 0.57822048664093018 0.86408507823944092
vt 0.61980122327804565 0.96492260694503784
vt 0.62673139572143555 0.93131011724472046
vt 0.62673139572143555 0.96492260694503784
vt 0.60594099760055542 0.96492260694503784
vt 0.61287111043930054 0.93131011724472046
vt 0.61287111043930054 0.96492260694503784
vt 0.57822048664093018 0.93131011724472046
vt 0.59208071231842041 0.86408507823944092
vt 0.59208071231842041 0.93131011724472046
vt 0.59208071231842041 0.96492260694503784
vt 0.5990108847618103 0.93131011724472046
vt 0.5990108847618103 0.96492260694503784
vt 0.57822048664093018 0.96492260694503784
vt 0.58515059947967529 0.93131011724472046
vt 0.58515059947967529 0.96492260694503784
vt 0.56436020135879517 0.86408507823944092
vt 0.56436020135879517 0.93131011724472046
vt 0.56436020135879517 0.96492260694503784
vt 0.57129031419754028 0.93131011724472046
vt 0.57129031419754028 0.96492260694503784
vt 0.55743008852005005 0.93131011724472046
vt 0.55743008852005005 0.96492260694503784
vt 0.55049991607666016 0.94964420795440674
vt 0.55049991607666016 0.90075325965881348
vt 0.55049991607666016 0.85186231136322021
vt 0.55049991607666016 0.80297136306762695
vt 0.55049991607666016 0.75408041477203369
vt 0.55049991607666016 0.70518946647644043
vt 0.55049991607666016 0.65629851818084717
vt 0.55049991607666016 0.60740756988525391
vt 0.55049991607666016 0.55851662158966064
vt 0.55049991607666016 0.50962567329406738
vt 0.57822048664093018 0.59518486261367798
vt 0.11245927214622498 0.56664490699768066
vt 0.096393659710884094 0.58429944515228271
vt 0.08032805472612381 0.58429944515228271
vt 0.064262442290782928 0.58429944515228271
vt 0.048196829855442047 0.58429944515228271
vt 0.032131221145391464 0.58429944515228271
vt 0.016065610572695732 0.58429944515228271
vt 0.096393659710884094 0.60195398330688477
vt 0.08032805472612381 0.60195398330688477
vt 0.064262442290782928 0.60195398330688477
vt 0.048196829855442047 0.60195398330688477
vt 0.032131221145391464 0.60195398330688477
vt 0.016065610572695732 0.60195398330688477
vt 0.096393659710884094 0.61960846185684204
vt 0.08032805472612381 0.61960846185684204
vt 0.064262442290782928 0.61960846185684204
vt 0.048196829855442047 0.61960846185684204
vt 0.032131221145391464 0.61960846185684204
vt 0.016065610572695732 0.61960846185684204
vt 0.096393659710884094 0.63726300001144409
vt 0.08032805472612381 0.63726300001144409
vt 0.064262442290782928 0.63726300001144409
vt 0.048196829855442047 0.63726300001144409
vt 0.032131221145391464 0.63726300001144409
vt 0.016065610572695732 0.63726300001144409
vt 0.096393659710884094 0.65491753816604614
vt 0.08032805472612381 0.65491753816604614
vt 0.064262442290782928 0.65491753816604614
vt 0.048196829855442047 0.65491753816604614
vt 0.032131221145391464 0.65491753816604614
vt 0.016065610572695732 0.65491753816604614
vt 0.096393659710884094 0.67257201671600342
vt 0.08032805472612381 0.67257201671600342
vt 0.064262442290782928 0.67257201671600342
vt 0.048196829855442047 0.67257201671600342
vt 0.032131221145391464 0.67257201671600342
vt 0.016065610572695732 0.67257201671600342
vt 0.11245927214622498 0.69022655487060547
vt 0.00011234387056902051 0.56664490699768066
vt 0.012595336884260178 0.56664490699768066
vt 0.025078330188989639 0.56664490699768066
vt 0.037561323493719101 0.56664490699768066
vt 0.050044316798448563 0.56664490699768066
vt 0.062527306377887726 0.56664490699768066
vt 0.075010299682617188 0.56664490699768066
vt 0.087493292987346649 0.56664490699768066
vt 0.099976278841495514 0.56664490699768066
vt 0.11245927214622498 0.57900309562683105
vt 0.11245927214622498 0.59136128425598145
vt 0.11245927214622498 0.60371941328048706
vt 0.11245927214622498 0.61607760190963745
vt 0.11245927214622498 0.62843573093414307
vt 0.11245927214622498 0.64079391956329346
vt 0.11245927214622498 0.65315204858779907
vt 0.11245927214622498 0.66551023721694946
vt 0.11245927214622498 0.67786836624145508
vt 0.099619626998901367 0.69022655487060547
vt 0.086779974400997162 0.69022655487060547
vt 0.073940329253673553 0.69022655487060547
vt 0.061100680381059647 0.69022655487060547
vt 0.04826103150844574 0.69022655487060547
vt 0.035421378910541534 0.69022655487060547
vt 0.022581735625863075 0.69022655487060547
vt 0.00011234387056902051 0.65425801277160645
vt 0.00011234387056902051 0.64174181222915649
vt 0.00011234387056902051 0.62922567129135132
vt 0.00011234387056902051 0.61670953035354614
vt 0.00011234387056902051 0.60419338941574097
vt 0.00011234387056902051 0.59167724847793579
vt 0.00011234387056902051 0.57916110754013062
vt 0.020683158189058304 0.69009792804718018
vt 0.018738435581326485 0.68969649076461792
vt 0.016769120469689369 0.68900221586227417
vt 0.014799978584051132 0.68800061941146851
vt 0.012858279049396515 0.68668431043624878
vt 0.010972839780151844 0.68505406379699707
vt 0.009172770194709301 0.68311971426010132
vt 0.0074861240573227406 0.68090009689331055
vt 0.0059385402128100395 0.67842274904251099
vt 0.0045519513078033924 0.67572277784347534
vt 0.0033435709774494171 0.67284131050109863
vt 0.0023251830134540796 0.66982311010360718
vt 0.0015028942143544555 0.66671490669250488
vt 0.0008772005676291883 0.66356271505355835
vt 0.00044347677612677217 0.66041028499603271
vt 0.00019270057964604348 0.65729719400405884
vt 0.016065610572695732 0.68139928579330444
vt 0.024098418653011322 0.67257201671600342
vt 0.032131221145391464 0.68139928579330444
vt 0.024098418653011322 0.68139928579330444
vt 0.016065610572695732 0.68581295013427734
vt 0.020082009956240654 0.68139928579330444
vt 0.024098418653011322 0.68581295013427734
vt 0.020082009956240654 0.68581295013427734
vt 0.0080328080803155899 0.67257201671600342
vt 0.0080328080803155899 0.65491753816604614
vt 0.016065610572695732 0.66374480724334717
vt 0.0080328080803155899 0.66374480724334717
vt 0.0080328080803155899 0.63726300001144409
vt 0.016065610572695732 0.64609026908874512
vt 0.0080328080803155899 0.64609026908874512
vt 0.08987753838300705 0.71303153038024902
vt 0 0.71303153038024902
vt 0.08987753838300705 0.84610646963119507
vt 0 0.84610646963119507
vt 0.012839647941291332 0.71303153038024902
vt 0.025679295882582664 0.71303153038024902
vt 0.038518942892551422 0.71303153038024902
vt 0.051358595490455627 0.71303153038024902
vt 0.064198240637779236 0.71303153038024902
vt 0.077037893235683441 0.71303153038024902
vt 0.044938769191503525 0.74630028009414673
vt 0.022469384595751762 0.74630028009414673
vt 0.044938769191503525 0.72966587543487549
vt 0.022469384595751762 0.72966587543487549
vt 0.067408159375190735 0.74630028009414673
vt 0.067408159375190735 0.72966587543487549
vt 0.08987753838300705 0.75738984346389771
vt 0.08987753838300705 0.80174815654754639
vt 0 0.82739716768264771
vt 0 0.77991306781768799
vt 0 0
vt 0.084477871656417847 0.027748607099056244
vt 0.084477871656417847 0.055497214198112488
vt 0.084477871656417847 0.083245821297168732
vt 0.16895574331283569 0.027748607099056244
vt 0.16895574331283569 0.055497214198112488
vt 0.16895574331283569 0.083245821297168732
vt 0.25343361496925354 0.027748607099056244
vt 0.25343361496925354 0.055497214198112488
vt 0.25343361496925354 0.083245821297168732
vt 0.01797550730407238 0.11088354885578156
vt 0.015991395339369774 0.11083076149225235
vt 0.01396460086107254 0.11066704988479614
vt 0.011909580789506435 0.11038518697023392
vt 0.0098427487537264824 0.10997935384511948
vt 0.0077822031453251839 0.10944546014070511
vt 0.0057473573833703995 0.10878147184848785
vt 0.0037584470119327307 0.10798764228820801
vt 0.0018359598470851779 0.10706671327352524
vt 0 0.10602393746376038
vt 0.084477871656417847 0.097120128571987152
vt 0.042238935828208923 0.083245821297168732
vt 0.042238935828208923 0.097120128571987152
vt 0.042238935828208923 0.10405728220939636
vt 0.021119467914104462 0.097120128571987152
vt 0.021119467914104462 0.10405728220939636
vt 0.021119467914104462 0.10752585530281067
vt 0.010559733957052231 0.10405728220939636
vt 0.010559733957052231 0.10752585530281067
vt 0.021119467914104462 0.10926014184951782
vt 0.010559733957052231 0.10926014184951782
vt 0.015839600935578346 0.10752585530281067
vt 0.015839600935578346 0.10926014184951782
vt 0.042238935828208923 0.10752585530281067
vt 0.031679201871156693 0.10405728220939636
vt 0.031679201871156693 0.10752585530281067
vt 0.084477871656417847 0.10405728220939636
vt 0.063358403742313385 0.097120128571987152
vt 0.063358403742313385 0.10405728220939636
vt 0.16895574331283569 0.097120128571987152
vt 0.12671680748462677 0.083245821297168732
vt 0.12671680748462677 0.097120128571987152
vt 0.0052798669785261154 0.10752585530281067
vt 0.010559733957052231 0.10579156875610352
vt 0.0052798669785261154 0.10405728220939636
vt 0.0052798669785261154 0.10579156875610352
vt 0.021119467914104462 0.10058870166540146
vt 0.010559733957052231 0.097120128571987152
vt 0.010559733957052231 0.10058870166540146
vt 0.042238935828208923 0.090182974934577942
vt 0.021119467914104462 0.083245821297168732
vt 0.021119467914104462 0.090182974934577942
vt 0.084477871656417847 0.069371521472930908
vt 0.042238935828208923 0.055497214198112488
vt 0.042238935828208923 0.069371521472930908
vt 0.048273071646690369 0
vt 0.096546143293380737 0
vt 0.14481920003890991 0
vt 0.19309228658676147 0
vt 0.24136534333229065 0
vt 0.28963840007781982 0
vt 0.33791148662567139 0
vt 0.33791148662567139 0.055441774427890778
vt 0.33791148662567139 0.11088354885578156
vt 0.29220634698867798 0.11088354885578156
vt 0.24650120735168457 0.11088354885578156
vt 0.20079606771469116 0.11088354885578156
vt 0.15509092807769775 0.11088354885578156
vt 0.10938578844070435 0.11088354885578156
vt 0.063680641353130341 0.11088354885578156
vt 0 0.053011968731880188
vt 0.27533137798309326 0.56664490699768066
vt 0.1629844605922699 0.69183802604675293
vt 0.27533137798309326 0.60837596654891968
vt 0.27533137798309326 0.65010696649551392
vt 0.27533137798309326 0.69183802604675293
vt 0.23788240551948547 0.69183802604675293
vt 0.20043343305587769 0.69183802604675293
vt 0.1629844605922699 0.65010696649551392
vt 0.1629844605922699 0.60837596654891968
vt 0.1629844605922699 0.56664490699768066
vt 0.21915791928768158 0.56664490699768066
vt 0.54903507232666016 0.72640311717987061
vt 0.54903507232666016 0.84210288524627686
vt 0.43815302848815918 0.84210288524627686
vt 0.49359405040740967 0.84210288524627686
vt 0.54903507232666016 0.76496970653533936
vt 0.54903507232666016 0.80353629589080811
vt 0.43815302848815918 0.80353629589080811
vt 0.43815302848815918 0.76496970653533936
vt 0.43815302848815918 0.72640311717987061
vt 0.47511371970176697 0.72640311717987061
vt 0.51207441091537476 0.72640311717987061
vt 0.32580608129501343 0.72640311717987061
vt 0.32580608129501343 0.83875000476837158
vt 0.43668818473815918 0.72640311717987061
vt 0.43668818473815918 0.83875000476837158
vt 0.36276677250862122 0.72640311717987061
vt 0.39972749352455139 0.72640311717987061
vt 0.43668818473815918 0.78257656097412109
vt 0.32580608129501343 0.78257656097412109
vt 0.39972749352455139 0.83875000476837158
vt 0.36276677250862122 0.83875000476837158
vt 0.43289870023727417 0.46073475480079651
vt 0.43289870023727417 0.57308167219161987
vt 0.50483584403991699 0.46073475480079651
vt 0.50483584403991699 0.57308167219161987
vt 0.43289870023727417 0.51690822839736938
vt 0.46886727213859558 0.46073475480079651
vt 0.50483584403991699 0.51690822839736938
vt 0.46886727213859558 0.57308167219161987
vt 0 0.86863422393798828
vt 0 0.98098117113113403
vt 0.32434123754501343 0.86863422393798828
vt 0.32434123754501343 0.98098117113113403
vt 0 0.92480772733688354
vt 0.32434123754501343 0.92480772733688354
vt 0.046334464102983475 0.86863422393798828
vt 0.092668928205966949 0.86863422393798828
vt 0.13900339603424072 0.86863422393798828
vt 0.1853378564119339 0.86863422393798828
vt 0.23167231678962708 0.86863422393798828
vt 0.27800679206848145 0.86863422393798828
vt 0.27800679206848145 0.98098117113113403
vt 0.23167231678962708 0.98098117113113403
vt 0.1853378564119339 0.98098117113113403
vt 0.13900339603424072 0.98098117113113403
vt 0.092668928205966949 0.98098117113113403
vt 0.046334464102983475 0.98098117113113403
vt 0.32580608129501343 0.46073475480079651
vt 0.32580608129501343 0.57308167219161987
vt 0.3913150429725647 0.46073475480079651
vt 0.3913150429725647 0.57308167219161987
vt 0.32580608129501343 0.51690822839736938
vt 0.35856056213378906 0.46073475480079651
vt 0.3913150429725647 0.51690822839736938
vt 0.35856056213378906 0.57308167219161987
vt 0.14480270445346832 0.71303153038024902
vt 0.14480270445346832 0.82537847757339478
vt 0.25714963674545288 0.71303153038024902
vt 0.25714963674545288 0.82537847757339478
vt 0.14480270445346832 0.76920497417449951
vt 0.18225167691707611 0.71303153038024902
vt 0.21970066428184509 0.71303153038024902
vt 0.25714963674545288 0.76920497417449951
vt 0.21970066428184509 0.82537847757339478
vt 0.18225167691707611 0.82537847757339478
vt 0 0.11245927214622498
vt 0 0.22334136068820953
vt 0.40444892644882202 0.11245927214622498
vt 0.40444892644882202 0.22334136068820953
vt 0.40444892644882202 0.16790030896663666
vt 0.20222446322441101 0.22334136068820953
vt 0 0.16790030896663666
vt 0.20222446322441101 0.11245927214622498
vt 0.050556115806102753 0.11245927214622498
vt 0.10111223161220551 0.11245927214622498
vt 0.15166835486888885 0.11245927214622498
vt 0.25278058648109436 0.11245927214622498
vt 0.30333670973777771 0.11245927214622498
vt 0.35389283299446106 0.11245927214622498
vt 0.35389283299446106 0.22334136068820953
vt 0.30333670973777771 0.22334136068820953
vt 0.25278058648109436 0.22334136068820953
vt 0.15166835486888885 0.22334136068820953
vt 0.10111223161220551 0.22334136068820953
vt 0.050556115806102753 0.22334136068820953
vt 0.66284686326980591 0
vt 0.66284686326980591 0.53926527500152588
vt 0.80938667058944702 0.47185710072517395
vt 0.86800259351730347 0.13481631875038147
vt 0.86800259351730347 0.40444892644882202
vt 0.66284686326980591 0.49024114012718201
vt 0.66284686326980591 0.44121703505516052
vt 0.66284686326980591 0.39219292998313904
vt 0.66284686326980591 0.34316879510879517
vt 0.66284686326980591 0.29414469003677368
vt 0.66284686326980591 0.245120570063591
vt 0.66284686326980591 0.19609646499156952
vt 0.66284686326980591 0.14707234501838684
vt 0.66284686326980591 0.09804823249578476
vt 0.66284686326980591 0.04902411624789238
vt 0.6751282811164856 0
vt 0.68740975856781006 0
vt 0.69969117641448975 0
vt 0.71197259426116943 0
vt 0.72425401210784912 0
vt 0.73653548955917358 0
vt 0.74881690740585327 0
vt 0.76109832525253296 0
vt 0.77337974309921265 0
vt 0.78566122055053711 0
vt 0.80938667058944702 0.033704079687595367
vt 0.79473268985748291 0.067408159375190735
vt 0.79473268985748291 0.033704079687595367
vt 0.82008415460586548 0.027710413560271263
vt 0.85450708866119385 0.055420827120542526
vt 0.88893008232116699 0.083131246268749237
vt 0.89731055498123169 0.10067688673734665
vt 0.89731055498123169 0.14894996583461761
vt 0.89731055498123169 0.19722303748130798
vt 0.89731055498123169 0.24549609422683716
vt 0.89731055498123169 0.29376918077468872
vt 0.89731055498123169 0.34204220771789551
vt 0.89731055498123169 0.39031529426574707
vt 0.89731055498123169 0.43858835101127625
vt 0.88893008232116699 0.45613399147987366
vt 0.85654592514038086 0.4822031557559967
vt 0.82416176795959473 0.50827234983444214
vt 0.79177767038345337 0.53434151411056519
vt 0.77782827615737915 0.53926527500152588
vt 0.73950117826461792 0.53926527500152588
vt 0.70117402076721191 0.53926527500152588
vt 0.67401182651519775 0.47185710072517395
vt 0.71122825145721436 0.47185710072517395
vt 0.74844473600387573 0.47185710072517395
vt 0.78566122055053711 0.47185710072517395
vt 0.81357353925704956 0.44938769936561584
vt 0.84148585796356201 0.42691832780838013
vt 0.84148585796356201 0.38037458062171936
vt 0.84148585796356201 0.33383089303970337
vt 0.84148585796356201 0.2872871458530426
vt 0.84148585796356201 0.24074341356754303
vt 0.84148585796356201 0.19419968128204346
vt 0.84148585796356201 0.14765596389770508
vt 0.84148585796356201 0.10111223161220551
vt 0.81357353925704956 0.08426019549369812
vt 0.78566122055053711 0.067408159375190735
vt 0.74844473600387573 0.067408159375190735
vt 0.71122825145721436 0.067408159375190735
vt 0.67401182651519775 0.067408159375190735
vt 0.67401182651519775 0.11796427518129349
vt 0.67401182651519775 0.16852039098739624
vt 0.67401182651519775 0.21907651424407959
vt 0.67401182651519775 0.26963263750076294
vt 0.67401182651519775 0.3201887309551239
vt 0.67401182651519775 0.37074485421180725
vt 0.67401182651519775 0.4213009774684906
vt 0.89510667324066162 0.44832184910774231
vt 0.86800259351730347 0.43815302848815918
vt 0.88265657424926758 0.40444892644882202
vt 0.88265657424926758 0.43815302848815918
vt 0.78521966934204102 0.53799861669540405
vt 0.80938667058944702 0.50556117296218872
vt 0.7800787091255188 0.50556117296218872
vt 0.79473268985748291 0.47185710072517395
vt 0.79473268985748291 0.50556117296218872
vt 0.79473268985748291 0.52241319417953491
vt 0.7800787091255188 0.52241319417953491
vt 0.78740572929382324 0.50556117296218872
vt 0.78740572929382324 0.52241319417953491
vt 0.76542472839355469 0.50556117296218872
vt 0.76542472839355469 0.52241319417953491
vt 0.77275174856185913 0.50556117296218872
vt 0.77275174856185913 0.52241319417953491
vt 0.89510667324066162 0.090943403542041779
vt 0.88265657424926758 0.13481631875038147
vt 0.86800259351730347 0.10111223161220551
vt 0.88265657424926758 0.10111223161220551
vt 0.86800259351730347 0.26963263750076294
vt 0.86800259351730347 0.33704078197479248
vt 0.83869463205337524 0.47185710072517395
vt 0.53926527500152588 0.22480620443820953
vt 0 0.22480620443820953
vt 0.067408159375190735 0.37134602665901184
vt 0.13481631875038147 0.42996194958686829
vt 0.049024097621440887 0.22480620443820953
vt 0.09804823249578476 0.22480620443820953
vt 0.14707233011722565 0.22480620443820953
vt 0.19609646499156952 0.22480620443820953
vt 0.24512055516242981 0.22480620443820953
vt 0.29414466023445129 0.22480620443820953
vt 0.34316879510879517 0.22480620443820953
vt 0.39219290018081665 0.22480620443820953
vt 0.44121703505516052 0.22480620443820953
vt 0.49024114012718201 0.22480620443820953
vt 0.53926527500152588 0.23724463582038879
vt 0.53926527500152588 0.24968308210372925
vt 0.53926527500152588 0.2621215283870697
vt 0.53926527500152588 0.27455994486808777
vt 0.53926527500152588 0.28699839115142822
vt 0.53926527500152588 0.29943683743476868
vt 0.53926527500152588 0.31187528371810913
vt 0.4206128716468811 0.45926991105079651
vt 0.37490770220756531 0.45926991105079651
vt 0.3292025625705719 0.45926991105079651
vt 0.28349742293357849 0.45926991105079651
vt 0.23779231309890747 0.45926991105079651
vt 0.19208717346191406 0.45926991105079651
vt 0.14638203382492065 0.45926991105079651
vt 0.10067689418792725 0.45926991105079651
vt 0.083131246268749237 0.45088937878608704
vt 0.057062093168497086 0.41850525140762329
vt 0.030992904677987099 0.38612112402915955
vt 0.0049237492494285107 0.3537369966506958
vt 0 0.33978763222694397
vt 0 0.30146047472953796
vt 0 0.26313334703445435
vt 0.067408159375190735 0.23597113788127899
vt 0.067408159375190735 0.27318760752677917
vt 0.067408159375190735 0.31040406227111816
vt 0.067408159375190735 0.34762051701545715
vt 0.089877553284168243 0.37553286552429199
vt 0.11234691739082336 0.40344521403312683
vt 0.15889066457748413 0.40344521403312683
vt 0.20543436706066132 0.40344521403312683
vt 0.25197809934616089 0.40344521403312683
vt 0.29852184653282166 0.40344521403312683
vt 0.34506556391716003 0.40344521403312683
vt 0.39160928130149841 0.40344521403312683
vt 0.43815302848815918 0.40344521403312683
vt 0.45500504970550537 0.37553286552429199
vt 0.47185710072517395 0.34762051701545715
vt 0.47185710072517395 0.31040406227111816
vt 0.47185710072517395 0.27318760752677917
vt 0.47185710072517395 0.23597113788127899
vt 0.4213009774684906 0.23597113788127899
vt 0.37074485421180725 0.23597113788127899
vt 0.3201887309551239 0.23597113788127899
vt 0.26963263750076294 0.23597113788127899
vt 0.21907651424407959 0.23597113788127899
vt 0.16852039098739624 0.23597113788127899
vt 0.11796427518129349 0.23597113788127899
vt 0.090943403542041779 0.45706599950790405
vt 0.10111223161220551 0.42996194958686829
vt 0.13481631875038147 0.4446159303188324
vt 0.10111223161220551 0.4446159303188324
vt 0.0012666479451581836 0.34717896580696106
vt 0.033704079687595367 0.37134602665901184
vt 0.033704079687595367 0.34203806519508362
vt 0.067408159375190735 0.35669204592704773
vt 0.033704079687595367 0.35669204592704773
vt 0.016852039843797684 0.35669204592704773
vt 0.016852039843797684 0.34203806519508362
vt 0.033704079687595367 0.34936505556106567
vt 0.016852039843797684 0.34936505556106567
vt 0.033704079687595367 0.32738408446311951
vt 0.016852039843797684 0.32738408446311951
vt 0.033704079687595367 0.33471107482910156
vt 0.016852039843797684 0.33471107482910156
vt 0.5096021294593811 0.34872394800186157
vt 0.4799390435218811 0.38557258248329163
vt 0.4502759575843811 0.42242124676704407
vt 0.40444892644882202 0.42996194958686829
vt 0.26963263750076294 0.42996194958686829
vt 0.20222446322441101 0.42996194958686829
vt 0.067408159375190735 0.40065398812294006
vt 0 0.50197327136993408
vt 0 0.52208840847015381
vt 0.056173462420701981 0.50197327136993408
vt 0.056173462420701981 0.51207095384597778
vt 0.056173462420701981 0.52208840847015381
vt 0.11234692484140396 0.50197327136993408
vt 0.11234692484140396 0.52208840847015381
vt 0.11234692484140396 0.51203083992004395
vt 0.08426019549369812 0.51207095384597778
vt 0.056173462420701981 0.50702214241027832
vt 0.08426019549369812 0.50702214241027832
vt 0.056173462420701981 0.51707965135574341
vt 0.08426019549369812 0.51707965135574341
vt 0 0.51203083992004395
vt 0.02808673121035099 0.51207095384597778
vt 0.02808673121035099 0.51707965135574341
vt 0.02808673121035099 0.50702214241027832
vt 0 0.46073475480079651
vt 0 0.47588777542114258
vt 0.037448976188898087 0.46073475480079651
vt 0.037448976188898087 0.46832829713821411
vt 0.037448976188898087 0.47588777542114258
vt 0.074897952377796173 0.46073475480079651
vt 0.074897952377796173 0.46832829713821411
vt 0.074897952377796173 0.47588777542114258
vt 0.11234692484140396 0.46073475480079651
vt 0.11234692484140396 0.47588777542114258
vt 0.11234692484140396 0.46831125020980835
vt 0.093622438609600067 0.46832829713821411
vt 0.074897952377796173 0.4645315408706665
vt 0.093622438609600067 0.4645315408706665
vt 0.074897952377796173 0.47210803627967834
vt 0.093622438609600067 0.47210803627967834
vt 0 0.46831125020980835
vt 0.037448976188898087 0.47210803627967834
vt 0.018724488094449043 0.46832829713821411
vt 0.018724488094449043 0.47210803627967834
vt 0.037448976188898087 0.4645315408706665
vt 0.018724488094449043 0.4645315408706665
vt 0 0.4985680878162384
vt 0.053711593151092529 0.48855063319206238
vt 0.053711593151092529 0.4985680878162384
vt 0.10742318630218506 0.47845298051834106
vt 0.10742318630218506 0.4985680878162384
vt 0.017545642331242561 0.47845298051834106
vt 0.10742318630218506 0.48851051926612854
vt 0.080567389726638794 0.48855063319206238
vt 0.053711593151092529 0.48350182175636292
vt 0.080567389726638794 0.48350182175636292
vt 0.053711593151092529 0.49355936050415039
vt 0.080567389726638794 0.49355936050415039
vt 0.0014458796940743923 0.49633306264877319
vt 0.0030731877777725458 0.49409806728363037
vt 0.0048653627745807171 0.49186304211616516
vt 0.0067999241873621941 0.48962804675102234
vt 0.0088493265211582184 0.48739302158355713
vt 0.010982228443026543 0.48515799641609192
vt 0.013165075331926346 0.4829230010509491
vt 0.015363831073045731 0.48068797588348389
vt 0.026855796575546265 0.48855063319206238
vt 0.026855796575546265 0.49355936050415039
vt 0.026855796575546265 0.4960637092590332
vt 0.013427898287773132 0.49355936050415039
vt 0.013427898287773132 0.4960637092590332
vt 0.013427898287773132 0.49731588363647461
vt 0.0067139491438865662 0.4960637092590332
vt 0.0067139491438865662 0.49731588363647461
vt 0.013427898287773132 0.4948115348815918
vt 0.0067139491438865662 0.49355936050415039
vt 0.0067139491438865662 0.4948115348815918
vt 0.026855796575546265 0.49105501174926758
vt 0.013427898287773132 0.48855063319206238
vt 0.013427898287773132 0.49105501174926758
vt 0.026855796575546265 0.48350182175636292
vt 0.013427898287773132 0.49230718612670898
vt 0.0067139491438865662 0.49105501174926758
vt 0.0067139491438865662 0.49230718612670898
vt 0.013427898287773132 0.48980280756950378
vt 0.026855796575546265 0.48602622747421265
vt 0.013427898287773132 0.48350182175636292
vt 0.013427898287773132 0.48602622747421265
vt 0.013427898287773132 0.48728844523429871
vt 0.013427898287773132 0.48476400971412659
vt 0.026855796575546265 0.4809773862361908
vt 0.026855796575546265 0.47971519827842712
vt 0.020141847431659698 0.4809773862361908
vt 0.020141847431659698 0.47971519827842712
vt 0.053711593151092529 0.4809773862361908
vt 0.040283694863319397 0.48350182175636292
vt 0.040283694863319397 0.4809773862361908
vt 0 0.56068712472915649
vt 0.047484125941991806 0.53457385301589966
vt 0.047484125941991806 0.54331159591674805
vt 0.047484125941991806 0.55199939012527466
vt 0.047484125941991806 0.56068712472915649
vt 0.094968251883983612 0.52549362182617188
vt 0.094968251883983612 0.53457385301589966
vt 0.094968251883983612 0.54331159591674805
vt 0.094968251883983612 0.55199939012527466
vt 0.094968251883983612 0.56068712472915649
vt 0.14245237410068512 0.52549362182617188
vt 0.14245237410068512 0.53457385301589966
vt 0.14245237410068512 0.54331159591674805
vt 0.14245237410068512 0.55199939012527466
vt 0.14245237410068512 0.56068712472915649
vt 0.18993650376796722 0.56068712472915649
vt 0.0023732185363769531 0.55861693620681763
vt 0.0048041236586868763 0.55654674768447876
vt 0.0072657689452171326 0.55447649955749512
vt 0.0097271967679262161 0.55240631103515625
vt 0.012154312804341316 0.55033612251281738
vt 0.014511113055050373 0.54826587438583374
vt 0.016761206090450287 0.54619568586349487
vt 0.018869511783123016 0.54412549734115601
vt 0.020803989842534065 0.54205524921417236
vt 0.022537223994731903 0.5399850606918335
vt 0.024047704413533211 0.53791487216949463
vt 0.025320686399936676 0.53584462404251099
vt 0.026348551735281944 0.53377443552017212
vt 0.027130665257573128 0.53170424699783325
vt 0.027672819793224335 0.52963399887084961
vt 0.02798628993332386 0.52756381034851074
vt 0.02808673307299614 0.52549362182617188
vt 0.047484125941991806 0.55634325742721558
vt 0.023742062970995903 0.55199939012527466
vt 0.023742062970995903 0.55634325742721558
vt 0.023742062970995903 0.55851519107818604
vt 0.011871031485497952 0.55634325742721558
vt 0.011871031485497952 0.55851519107818604
vt 0.023742062970995903 0.55417132377624512
vt 0.011871031485497952 0.55417132377624512
vt 0.047484125941991806 0.54765552282333374
vt 0.023742062970995903 0.54331159591674805
vt 0.023742062970995903 0.54765552282333374
vt 0.023742062970995903 0.5498274564743042
vt 0.023742062970995903 0.54548352956771851
vt 0.047484125941991806 0.53894275426864624
vt 0.023742062970995903 0.53894275426864624
vt 0.023742062970995903 0.54112714529037476
vt 0.023742062970995903 0.54221940040588379
vt 0.047484125941991806 0.54112714529037476
vt 0.03561309352517128 0.54331159591674805
vt 0.03561309352517128 0.53894275426864624
vt 0.03561309352517128 0.54112714529037476
vt 0.094968251883983612 0.53894275426864624
vt 0.07122618705034256 0.54331159591674805
vt 0.07122618705034256 0.53457385301589966
vt 0.07122618705034256 0.53894275426864624
vt 0.023742062970995903 0.5400349497795105
vt 0.047484125941991806 0.53003370761871338
vt 0.047484125941991806 0.53675830364227295
vt 0.03561309352517128 0.53457385301589966
vt 0.03561309352517128 0.53675830364227295
vt 0.03561309352517128 0.53785049915313721
vt 0.029677579179406166 0.53894275426864624
vt 0.029677579179406166 0.53675830364227295
vt 0.029677579179406166 0.53785049915313721
vt 0.03561309352517128 0.53566604852676392
vt 0.029677579179406166 0.53457385301589966
vt 0.029677579179406166 0.53566604852676392
vt 0.047484125941991806 0.53230381011962891
vt 0.03561309352517128 0.53003370761871338
vt 0.03561309352517128 0.53230381011962891
vt 0.094968251883983612 0.53003370761871338
vt 0.07122618705034256 0.53003370761871338
vt 0.03561309352517128 0.53343880176544189
vt 0.029677579179406166 0.53230381011962891
vt 0.029677579179406166 0.53343880176544189
vt 0.03561309352517128 0.53116875886917114
vt 0.029677579179406166 0.53003370761871338
vt 0.029677579179406166 0.53116875886917114
vt 0.047484125941991806 0.52776366472244263
vt 0.03561309352517128 0.52776366472244263
vt 0.03561309352517128 0.52889871597290039
vt 0.029677579179406166 0.52776366472244263
vt 0.029677579179406166 0.52889871597290039
vt 0.03561309352517128 0.52662861347198486
vt 0.029677579179406166 0.52662861347198486
vt 0.17870728671550751 0.54544323682785034
vt 0.17985421419143677 0.54713702201843262
vt 0.18105518817901611 0.54883080720901489
vt 0.18229764699935913 0.55052453279495239
vt 0.18356879055500031 0.55221831798553467
vt 0.18485601246356964 0.55391210317611694
vt 0.18614715337753296 0.55560582876205444
vt 0.18743090331554413 0.55729961395263672
vt 0.18869704008102417 0.55899339914321899
vt 0.16619443893432617 0.55199939012527466
vt 0.14245237410068512 0.54765552282333374
vt 0.16619443893432617 0.54331159591674805
vt 0.16619443893432617 0.54765552282333374
vt 0.17806547880172729 0.54765552282333374
vt 0.16619443893432617 0.54548352956771851
vt 0.14245237410068512 0.53894275426864624
vt 0.16619443893432617 0.53457385301589966
vt 0.16619443893432617 0.53894275426864624
vt 0.16619443893432617 0.54112714529037476
vt 0.17806547880172729 0.55199939012527466
vt 0.16619443893432617 0.5498274564743042
vt 0.17806547880172729 0.5498274564743042
vt 0.14245237410068512 0.55634325742721558
vt 0.16619443893432617 0.55634325742721558
vt 0.17806547880172729 0.54874145984649658
vt 0.17806547880172729 0.55091339349746704
vt 0.17806547880172729 0.55634325742721558
vt 0.16619443893432617 0.55417132377624512
vt 0.17806547880172729 0.55417132377624512
vt 0.17806547880172729 0.5530853271484375
vt 0.18400098383426666 0.55634325742721558
vt 0.17806547880172729 0.55525726079940796
vt 0.18400098383426666 0.55525726079940796
vt 0.16619443893432617 0.55851519107818604
vt 0.17806547880172729 0.55851519107818604
vt 0.18400098383426666 0.55851519107818604
vt 0.17806547880172729 0.55742925405502319
vt 0.18400098383426666 0.55742925405502319
vt 0.17806547880172729 0.55960118770599365
vt 0.18400098383426666 0.55960118770599365
vt 0.1611616462469101 0.52549362182617188
vt 0.16334345936775208 0.52786791324615479
vt 0.16554223001003265 0.53020036220550537
vt 0.16772507131099701 0.53249204158782959
vt 0.16985797882080078 0.5347440242767334
vt 0.17190738022327423 0.53695738315582275
vt 0.1738419383764267 0.53913301229476929
vt 0.17563411593437195 0.54127192497253418
vt 0.17726141214370728 0.54337507486343384
vt 0.14245237410068512 0.53003370761871338
vt 0.15432341396808624 0.53003370761871338
vt 0.14245237410068512 0.52776366472244263
vt 0.15432341396808624 0.52776366472244263
vt 0.11871031671762466 0.53457385301589966
vt 0.11871031671762466 0.53003370761871338
vt 0.15432341396808624 0.53457385301589966
vt 0.14245237410068512 0.53230381011962891
vt 0.15432341396808624 0.53230381011962891
vt 0.16619443893432617 0.53675830364227295
vt 0.17212995886802673 0.54331159591674805
vt 0.16619443893432617 0.54221940040588379
vt 0.17212995886802673 0.54112714529037476
vt 0.17212995886802673 0.54221940040588379
vt 0.15432341396808624 0.54331159591674805
vt 0.14245237410068512 0.54112714529037476
vt 0.15432341396808624 0.53894275426864624
vt 0.15432341396808624 0.54112714529037476
vt 0.11871031671762466 0.54331159591674805
vt 0.11871031671762466 0.53894275426864624
vt 0.17212995886802673 0.54548352956771851
vt 0.16619443893432617 0.54439759254455566
vt 0.17212995886802673 0.54439759254455566
vt 0.15432341396808624 0.54765552282333374
vt 0.14245237410068512 0.54548352956771851
vt 0.15432341396808624 0.54548352956771851
vt 0.11871031671762466 0.55199939012527466
vt 0.094968251883983612 0.54765552282333374
vt 0.11871031671762466 0.54765552282333374
vn 1 0 0
vn 1 0 0
vn 1 0 0
vn 1 0 0
vn 1 0 0
vn 1 0 0
vn 1 0 0
vn 1 0 0
vn 1 0 0
vn 1 0 0
vn 1 0 0
vn 1 0 0
vn 1 0 0
vn 1 0 0
vn 1 0 0
vn 1 0 0
vn 1 0 0
vn 1 0 0
vn 1 0 0
vn 1 0 0
vn 1 0 0
vn 1 0 0
vn 1 0 0
vn 1 0 0
vn 1 0 0
vn 1 0 0
vn 1 0 0
vn 1 0 0
vn 1 0 0
vn 1 0 0
vn 1 0 0
vn 1 0 0
vn 1 0 0
vn 1 0 0
vn 1 0 0
vn 1 0 0
vn 1 0 0
vn 1 0 0
vn 1 0 0
vn 1 0 0
vn 1 0 0
vn 1 0 0
vn 1 0 0
vn 1 0 0
vn 1 0 0
vn 1 0 0
vn 1 0 0
vn 1 0 0
vn 1 0 0
vn 1 0 0
vn 1 0 0
vn 1 0 0
vn 1 0 0
vn 1 0 0
vn 1 0 0
vn 1 0 0
vn 1 0 0
vn 1 0 0
vn 1 0 0
vn 1 0 0
vn 1 0 0
vn 1 0 0
vn 1 0 0
vn 1 0 0
vn 1 0 0
vn 1 0 0
vn 1 0 0
vn 1 0 0
vn 1 0 0
vn 1 0 0
vn 1 0 0
vn 1 0 0
vn 1 0 0
vn 1 0 0
vn 1 0 0
vn 1 0 0
vn 0 -1 0
vn 0 -1 0
vn 0 -1 0
vn 0 -1 0
vn 0 -1 0
vn 0 -1 0
vn 0 -1 0
vn 0 -1 0
vn 0 -1 0
vn 0 -1 0
vn 0 -1 0
vn 0 -1 0
vn 0 -1 0
vn 0 -1 0
vn 0 -1 0
vn 0 -1 0
vn 0 -1 0
vn 0 -1 0
vn 0 -1 0
vn 0 -1 0
vn 0 -1 0
vn 0 -1 0
vn 0 -1 0
vn 0 -1 0
vn 0 -1 0
vn 0 -1 0
vn 0 -1 0
vn 0 -1 0
vn 0 -1 0
vn 0 -1 0
vn 0 -1 0
vn 0 -1 0
vn 0 -1 0
vn 0 -1 0
vn 0 -1 0
vn 0 -1 0
vn 0 -1 0
vn 0 -1 0
vn 0 -1 0
vn 0 -1 0
vn 0 -1 0
vn 0 -1 0
vn 0 -1 0
vn 0 -1 0
vn 0 -1 0
vn 0 -1 0
vn 0 -1 0
vn 0 -1 0
vn 0 -1 0
vn 0 -1 0
vn 0 -1 0
vn 0 -1 0
vn 0 -1 0
vn 0 -1 0
vn 0 -1 0
vn 0 -1 0
vn 0 -1 0
vn 0 -1 0
vn 0 -1 0
vn 0 -1 0
vn 0 -1 0
vn 0 -1 0
vn 0 -1 0
vn 0 -1 0
vn 0 -1 0
vn 0 -1 0
vn 0 -1 0
vn 0 -1 0
vn 0 -1 0
vn 0 -1 0
vn 0 -1 0
vn 0 -1 0
vn 0 -1 0
vn 0 -1 0
vn 0 -1 0
vn 0 -1 0
vn 0 -1 0
vn 0 -1 0
vn 0 -1 0
vn 0 -1 0
vn 0 -1 0
vn 0 -1 0
vn 0 -1 0
vn 0 -1 0
vn 0 -1 0
vn 0 -1 0
vn 0 -1 0
vn 0 -1 0
vn 0 -1 0
vn 0 -1 0
vn 0 -1 0
vn 0 -1 0
vn 0 -1 0
vn 0 -1 0
vn 0 -1 0
vn 0 -1 0
vn 0 -1 0
vn 0 -1 0
vn 0 -1 0
vn 0 -1 0
vn 0 -1 0
vn -0.6246950626373291 -0.78086882829666138 0
vn -0.6246950626373291 -0.78086882829666138 0
vn -0.6246950626373291 -0.78086882829666138 0
vn -0.6246950626373291 -0.78086882829666138 0
vn -0.6246950626373291 -0.78086882829666138 0
vn -0.6246950626373291 -0.78086882829666138 0
vn -0.6246950626373291 -0.78086882829666138 0
vn -0.6246950626373291 -0.78086882829666138 0
vn -0.6246950626373291 -0.78086882829666138 0
vn -0.6246950626373291 -0.78086882829666138 0
vn -0.6246950626373291 -0.78086882829666138 0
vn -0.6246950626373291 -0.78086882829666138 0
vn -0.6246950626373291 -0.78086882829666138 0
vn -0.6246950626373291 -0.78086882829666138 0
vn -0.6246950626373291 -0.78086882829666138 0
vn -0.6246950626373291 -0.78086882829666138 0
vn -0.6246950626373291 -0.78086882829666138 0
vn -0.6246950626373291 -0.78086882829666138 0
vn -0.6246950626373291 -0.78086882829666138 0
vn -0.6246950626373291 -0.78086882829666138 0
vn -1 0 0
vn -1 0 0
vn -1 0 0
vn -1 0 0
vn -1 0 0
vn -1 0 0
vn -1 0 0
vn -1 0 0
vn -1 0 0
vn -1 0 0
vn -1 0 0
vn -1 0 0
vn -1 0 0
vn -1 0 0
vn -1 0 0
vn -1 0 0
vn -1 0 0
vn -1 0 0
vn -1 0 0
vn -1 0 0
vn -1 0 0
vn -1 0 0
vn -1 0 0
vn -1 0 0
vn -1 0 0
vn -1 0 0
vn -1 0 0
vn -1 0 0
vn -1 0 0
vn -1 0 0
vn -1 0 0
vn -1 0 0
vn -1 0 0
vn -1 0 0
vn -1 0 0
vn -1 0 0
vn -1 0 0
vn -1 0 0
vn -1 0 0
vn -1 0 0
vn -1 0 0
vn -1 0 0
vn -1 0 0
vn -1 0 0
vn -1 0 0
vn -1 0 0
vn -1 0 0
vn -1 0 0
vn -1 0 0
vn -1 0 0
vn -1 0 0
vn -1 0 0
vn -1 0 0
vn -1 0 0
vn -1 0 0
vn -1 0 0
vn -1 0 0
vn -1 0 0
vn -1 0 0
vn -1 0 0
vn -1 0 0
vn -1 0 0
vn -1 0 0
vn -1 0 0
vn -1 0 0
vn -1 0 0
vn -1 0 0
vn -1 0 0
vn -1 0 0
vn -1 0 0
vn -1 0 0
vn -0.6246950626373291 0.78086882829666138 0
vn -0.6246950626373291 0.78086882829666138 0
vn -0.6246950626373291 0.78086882829666138 0
vn -0.6246950626373291 0.78086882829666138 0
vn -0.6246950626373291 0.78086882829666138 0
vn -0.6246950626373291 0.78086882829666138 0
vn -0.6246950626373291 0.78086882829666138 0
vn -0.6246950626373291 0.78086882829666138 0
vn -0.6246950626373291 0.78086882829666138 0
vn -0.6246950626373291 0.78086882829666138 0
vn -0.6246950626373291 0.78086882829666138 0
vn 0 1 0
vn 0 1 0
vn 0 1 0
vn 0 1 0
vn 0 1 0
vn 0 1 0
vn 0 1 0
vn 0 1 0
vn 0 1 0
vn 0 1 0
vn 0 1 0
vn 0 -1 0
vn 0 -1 0
vn 0 -1 0
vn 0 -1 0
vn 0 -1 0
vn 0 -1 0
vn 0 -1 0
vn 0 -1 0
vn 0 -1 0
vn 0 -1 0
vn 0.6246950626373291 -0.78086882829666138 0
vn 0.6246950626373291 -0.78086882829666138 0
vn 0.6246950626373291 -0.78086882829666138 0
vn 0.6246950626373291 -0.78086882829666138 0
vn 0.6246950626373291 -0.78086882829666138 0
vn 0.6246950626373291 -0.78086882829666138 0
vn 0.6246950626373291 -0.78086882829666138 0
vn 0.6246950626373291 -0.78086882829666138 0
vn 1 0 0
vn 1 0 0
vn 1 0 0
vn 1 0 0
vn 1 0 0
vn 1 0 0
vn 1 0 0
vn 1 0 0
vn 1 0 0
vn 1 0 0
vn 1 0 0
vn 1 0 0
vn 1 0 0
vn 1 0 0
vn 1 0 0
vn 1 0 0
vn 1 0 0
vn 1 0 0
vn 0.51449573040008545 0.85749292373657227 0
vn 0.51449573040008545 0.85749292373657227 0
vn 0.51449573040008545 0.85749292373657227 0
vn 0.51449573040008545 0.85749292373657227 0
vn 0.51449573040008545 0.85749292373657227 0
vn 0.51449573040008545 0.85749292373657227 0
vn 0.51449573040008545 0.85749292373657227 0
vn 0.51449573040008545 0.85749292373657227 0
vn 0 1 0
vn 0 1 0
vn 0 1 0
vn 0 1 0
vn 0 1 0
vn 0 1 0
vn 0 1 0
vn 0 1 0
vn 0 1 0
vn 0 1 0
vn -1 0 0
vn -1 0 0
vn -1 0 0
vn -1 0 0
vn -1 0 0
vn -1 0 0
vn -1 0 0
vn -1 0 0
vn -1 0 0
vn -1 0 0
vn -1 0 0
vn -1 0 0
vn -1 0 0
vn -1 0 0
vn -1 0 0
vn -1 0 0
vn -1 0 0
vn -1 0 0
vn -1 0 0
vn -1 0 0
vn 0 0 1
vn 0 0 1
vn 0 0 1
vn 0 0 1
vn 0 0 1
vn 0 0 1
vn 0 0 1
vn 0 0 1
vn 0 0 1
vn 0 0 1
vn 0 0 1
vn 0 0 1
vn 0 0 1
vn 0 0 1
vn 0 0 1
vn 0 0 1
vn 0 0 1
vn 0 0 1
vn 0 0 1
vn 0 0 1
vn 0 0 1
vn 0 0 1
vn 0 0 1
vn 0 0 1
vn 0 0 1
vn 0 0 1
vn 0 0 1
vn 0 0 1
vn 0 0 1
vn 0 0 1
vn 0 0 1
vn 0 0 1
vn 0 0 1
vn 0 0 1
vn 0 0 1
vn 0 0 1
vn 0 0 1
vn 0 0 1
vn 0 0 1
vn 0 0 1
vn 0 0 1
vn 0 0 1
vn 0 0 1
vn 0 0 1
vn 0 0 1
vn 0 0 1
vn 0 0 1
vn 0 0 1
vn 0 0 1
vn 0 0 1
vn 0 0 1
vn 0 0 1
vn 0 0 1
vn 0 0 1
vn 0 0 1
vn 0 0 1
vn 0 0 1
vn 0 0 1
vn 0 0 1
vn 0 0 1
vn 0 0 1
vn 0 0 1
vn 0 0 1
vn 0 0 1
vn 0 0 1
vn 0 0 1
vn 0 0 1
vn 0 0 1
vn 0 0 1
vn 0 0 1
vn 0 0 1
vn 0 0 1
vn 0 0 1
vn 0 0 1
vn 0 0 1
vn 0 0 1
vn 0 0 1
vn 0 0 1
vn 0 0 1
vn 0 0 1
vn 0 0 1
vn 0 0 1
vn 0 0 1
vn 0 0 1
vn 0 0 1
vn 0 0 1
vn 0 0 1
vn 0 0 1
vn 0 0 1
vn 0 0 1
vn 0 0 1
vn 0 0 1
vn 0 0 1
vn 0 0 1
vn 0 0 1
vn 0 0 -1
vn 0 0 -1
vn 0 0 -1
vn 0 0 -1
vn 0 0 -1
vn 0 0 -1
vn 0 0 -1
vn 0 0 -1
vn 0 0 -1
vn 0 0 -1
vn 0 0 -1
vn 0 0 -1
vn 0 0 -1
vn 0 0 -1
vn 0 0 -1
vn 0 0 -1
vn 0 0 -1
vn 0 0 -1
vn 0 0 -1
vn 0 0 -1
vn 0 0 -1
vn 0 0 -1
vn 0 0 -1
vn 0 0 -1
vn 0 0 -1
vn 0 0 -1
vn 0 0 -1
vn 0 0 -1
vn 0 0 -1
vn 0 0 -1
vn 0 0 -1
vn 0 0 -1
vn 0 0 -1
vn 0 0 -1
vn 0 0 -1
vn 0 0 -1
vn 0 0 -1
vn 0 0 -1
vn 0 0 -1
vn 0 0 -1
vn 0 0 -1
vn 0 0 -1
vn 0 0 -1
vn 0 0 -1
vn 0 0 -1
vn 0 0 -1
vn 0 0 -1
vn 0 0 -1
vn 0 0 -1
vn 0 0 -1
vn 0 0 -1
vn 0 0 -1
vn 0 0 -1
vn 0 0 -1
vn 0 0 -1
vn 0 0 -1
vn 0 0 -1
vn 0 0 -1
vn 0 0 -1
vn 0 0 -1
vn 0 0 -1
vn 0 0 -1
vn 0 0 -1
vn 0 0 -1
vn 0 0 -1
vn 0 0 -1
vn 0 0 -1
vn 0 0 -1
vn 0 0 -1
vn 0 0 -1
vn 0 0 -1
vn 0 0 -1
vn 0 0 -1
vn 0 0 -1
vn 0 0 -1
vn 0 0 -1
vn 0 0 -1
vn 0 0 -1
vn 0 0 -1
vn 0 0 -1
vn 0 0 -1
vn 0 0 -1
vn 0 0 -1
vn 0 0 -1
vn 0 0 -1
vn -1 0 0
vn -0.6246950626373291 0.78086882829666138 0
vn -1 0 0
vn -0.90051448345184326 0.43482598662376404 0
vn -0.6246950626373291 0.78086882829666138 0
vn -1 0 0
vn -0.6246950626373291 0.78086882829666138 0
vn -0.90130323171615601 0.43318873643875122 0
vn -0.90051448345184326 0.43482598662376404 0
vn -0.9754447340965271 0.22024434804916382 0
vn -0.9754447340965271 0.22024434804916382 0
vn -0.7802165150642395 0.62550956010818481 0
vn -0.7802165150642395 0.62550956010818481 0
vn -0.90130323171615601 0.43318873643875122 0
vn -0.90051448345184326 0.43482598662376404 0
vn -0.7802165150642395 0.62550956010818481 0
vn -0.9754447340965271 0.22024434804916382 0
vn -0.6246950626373291 0.78086882829666138 0
vn 0 1 0
vn -0.6246950626373291 0.78086882829666138 0
vn -0.3302837610244751 0.94388169050216675 0
vn 0 1 0
vn -0.6246950626373291 0.78086882829666138 0
vn -0.3302837610244751 0.94388169050216675 0
vn 0 1 0
vn -0.6246950626373291 0.78086882829666138 0
vn 0 1 0
vn -0.33100694417953491 0.94362831115722656 0
vn -0.3302837610244751 0.94388169050216675 0
vn -0.48545530438423157 0.87426149845123291 0
vn -0.48545530438423157 0.87426149845123291 0
vn -0.16631980240345001 0.9860718846321106 0
vn -0.16631980240345001 0.9860718846321106 0
vn -0.33100694417953491 0.94362831115722656 0
vn -0.16631980240345001 0.9860718846321106 0
vn -0.3302837610244751 0.94388169050216675 0
vn -0.16631980240345001 0.9860718846321106 0
vn -0.48545530438423157 0.87426149845123291 0
vn -0.48545530438423157 0.87426149845123291 0
vn -1 0 0
vn -0.90208899974822998 -0.43155005574226379 0
vn -1 0 0
vn -0.6246950626373291 -0.78086882829666138 0
vn -1 0 0
vn -0.6246950626373291 -0.78086882829666138 0
vn -0.90130323171615601 -0.43318873643875122 0
vn -0.90208899974822998 -0.43155005574226379 0
vn -0.7813374400138855 -0.62410879135131836 0
vn -0.7813374400138855 -0.62410879135131836 0
vn -0.975838303565979 -0.2184939980506897 0
vn -0.975838303565979 -0.2184939980506897 0
vn -0.99527448415756226 -0.097101561725139618 0
vn -0.98081177473068237 -0.19495710730552673 0
vn -0.95638632774353027 -0.29210478067398071 0
vn -0.92206734418869019 -0.38702952861785889 0
vn -0.87823015451431274 -0.47823816537857056 0
vn -0.82554531097412109 -0.56433582305908203 0
vn -0.76494419574737549 -0.64409655332565308 0
vn -0.69756662845611572 -0.71651995182037354 0
vn -0.90208899974822998 -0.43155005574226379 0
vn -0.975838303565979 -0.2184939980506897 0
vn -0.99405461549758911 -0.10888255387544632 0
vn -0.975838303565979 -0.2184939980506897 0
vn -0.99405461549758911 -0.10888255387544632 0
vn -0.99852865934371948 -0.054226122796535492 0
vn -0.99405461549758911 -0.10888255387544632 0
vn -0.99852865934371948 -0.054226122796535492 0
vn -0.98650616407394409 -0.16372400522232056 0
vn -0.975838303565979 -0.2184939980506897 0
vn -0.98650616407394409 -0.16372400522232056 0
vn -0.94510740041732788 -0.32675987482070923 0
vn -0.90208899974822998 -0.43155005574226379 0
vn -0.94510740041732788 -0.32675987482070923 0
vn -0.7813374400138855 -0.62410879135131836 0
vn -0.96203434467315674 -0.27292850613594055 0
vn -0.94510740041732788 -0.32675987482070923 0
vn -0.96203434467315674 -0.27292850613594055 0
vn -0.92510104179382324 -0.37972110509872437 0
vn -0.84700804948806763 -0.53158009052276611 0
vn -0.7813374400138855 -0.62410879135131836 0
vn -0.84700804948806763 -0.53158009052276611 0
vn -0.87595570087432861 -0.48239150643348694 0
vn -0.81540703773498535 -0.57888805866241455 0
vn -0.70662897825241089 -0.70758426189422607 0
vn -0.66644525527954102 -0.74555397033691406 0
vn -0.70662897825241089 -0.70758426189422607 0
vn -0.66644525527954102 -0.74555397033691406 0
vn -0.70662897825241089 -0.70758426189422607 0
vn -0.7813374400138855 -0.62410879135131836 0
vn -0.70662897825241089 -0.70758426189422607 0
vn 0 0 -1
vn -0.57785743474960327 -0.72232180833816528 -0.37991040945053101
vn -0.43710136413574219 -0.54637670516967773 -0.71443325281143188
vn -0.22704510390758514 -0.28380638360977173 -0.93161392211914062
vn 0 0 -1
vn -0.6246950626373291 -0.78086882829666138 0
vn -0.57785743474960327 -0.72232180833816528 -0.37991040945053101
vn -0.43710136413574219 -0.54637670516967773 -0.71443325281143188
vn -0.22704510390758514 -0.28380638360977173 -0.93161392211914062
vn 0 0 -1
vn -0.6246950626373291 -0.78086882829666138 0
vn -0.57785743474960327 -0.72232180833816528 -0.37991040945053101
vn -0.43710136413574219 -0.54637670516967773 -0.71443325281143188
vn -0.22704510390758514 -0.28380638360977173 -0.93161392211914062
vn 0 0 -1
vn 0 0 -1
vn -0.052784275263547897 -0.065980345010757446 -0.99642384052276611
vn -0.10685160011053085 -0.13356450200080872 -0.98526304960250854
vn -0.16160264611244202 -0.20200330018997192 -0.96596026420593262
vn -0.21634884178638458 -0.27043604850769043 -0.93811380863189697
vn -0.27033188939094543 -0.3379148542881012 -0.90151774883270264
vn -0.32275098562240601 -0.4034387469291687 -0.85619449615478516
vn -0.37279674410820007 -0.46599593758583069 -0.80241531133651733
vn -0.41968894004821777 -0.52461117506027222 -0.74070525169372559
vn -0.46271491050720215 -0.57839363813400269 -0.67183011770248413
vn -0.50126487016677856 -0.62658113241195679 -0.59676599502563477
vn -0.53486043214797974 -0.66857558488845825 -0.51665365695953369
vn -0.56317365169525146 -0.70396709442138672 -0.43274214863777161
vn -0.58603507280349731 -0.73254382610321045 -0.34632712602615356
vn -0.60343062877655029 -0.75428825616836548 -0.25869044661521912
vn -0.61548894643783569 -0.76936119794845581 -0.17104601860046387
vn -0.62246102094650269 -0.77807629108428955 -0.084496065974235535
vn -0.6246950626373291 -0.78086882829666138 0
vn -0.11221291124820709 -0.14026613533496857 -0.98373454809188843
vn -0.22704510390758514 -0.28380638360977173 -0.93161392211914062
vn -0.11221291124820709 -0.14026613533496857 -0.98373454809188843
vn -0.055415745824575424 -0.069269679486751556 -0.99605762958526611
vn -0.11221291124820709 -0.14026613533496857 -0.98373454809188843
vn -0.055415745824575424 -0.069269679486751556 -0.99605762958526611
vn -0.16969139873981476 -0.21211425960063934 -0.96239930391311646
vn -0.16969139873981476 -0.21211425960063934 -0.96239930391311646
vn -0.33778950572013855 -0.4222368597984314 -0.8411981463432312
vn -0.43710136413574219 -0.54637670516967773 -0.71443325281143188
vn -0.33778950572013855 -0.4222368597984314 -0.8411981463432312
vn -0.28338780999183655 -0.35423475503921509 -0.89118409156799316
vn -0.38932076096534729 -0.4866509735584259 -0.78204870223999023
vn -0.51882338523864746 -0.64852923154830933 -0.55698484182357788
vn -0.51882338523864746 -0.64852923154830933 -0.55698484182357788
vn -0.48058262467384338 -0.60072827339172363 -0.63887858390808105
vn -0.45945993065834045 -0.57432490587234497 -0.67753040790557861
vn -0.48058262467384338 -0.60072827339172363 -0.63887858390808105
vn -0.43710136413574219 -0.54637670516967773 -0.71443325281143188
vn -0.51882338523864746 -0.64852923154830933 -0.55698484182357788
vn -0.48058262467384338 -0.60072827339172363 -0.63887858390808105
vn -0.51882338523864746 -0.64852923154830933 -0.55698484182357788
vn -0.43710136413574219 -0.54637670516967773 -0.71443325281143188
vn -0.57785743474960327 -0.72232180833816528 -0.37991040945053101
vn -0.51882338523864746 -0.64852923154830933 -0.55698484182357788
vn -0.50039243698120117 -0.62549054622650146 -0.59863924980163574
vn -0.61356627941131592 -0.76695787906646729 -0.18791507184505463
vn -0.55134391784667969 -0.68917989730834961 -0.47016060352325439
vn -0.57785743474960327 -0.72232180833816528 -0.37991040945053101
vn -0.55134391784667969 -0.68917989730834961 -0.47016060352325439
vn -0.53582119941711426 -0.6697765588760376 -0.51409631967544556
vn -0.51882338523864746 -0.64852923154830933 -0.55698484182357788
vn -0.55134391784667969 -0.68917989730834961 -0.47016060352325439
vn -0.53582119941711426 -0.6697765588760376 -0.51409631967544556
vn -0.56536173820495605 -0.70670217275619507 -0.42536818981170654
vn -0.57785743474960327 -0.72232180833816528 -0.37991040945053101
vn -0.56536173820495605 -0.70670217275619507 -0.42536818981170654
vn -0.5989498496055603 -0.74868732690811157 -0.28412389755249023
vn -0.61356627941131592 -0.76695787906646729 -0.18791507184505463
vn -0.5989498496055603 -0.74868732690811157 -0.28412389755249023
vn -0.61356627941131592 -0.76695787906646729 -0.18791507184505463
vn -0.61356627941131592 -0.76695787906646729 -0.18791507184505463
vn -0.58922463655471802 -0.7365308403968811 -0.33216962218284607
vn -0.5989498496055603 -0.74868732690811157 -0.28412389755249023
vn -0.58922463655471802 -0.7365308403968811 -0.33216962218284607
vn -0.60705310106277466 -0.7588164210319519 -0.23597489297389984
vn -0.61356627941131592 -0.76695787906646729 -0.18791507184505463
vn -0.60705310106277466 -0.7588164210319519 -0.23597489297389984
vn -0.62200075387954712 -0.77750092744827271 -0.09277595579624176
vn -0.62200075387954712 -0.77750092744827271 -0.09277595579624176
vn -0.61853164434432983 -0.77316451072692871 -0.1401258260011673
vn -0.62200075387954712 -0.77750092744827271 -0.09277595579624176
vn -0.61853164434432983 -0.77316451072692871 -0.1401258260011673
vn -0.62403315305709839 -0.78004145622253418 -0.046020515263080597
vn -0.62403315305709839 -0.78004145622253418 -0.046020515263080597
vn -0.39024388790130615 -0.48780488967895508 -0.78086882829666138
vn -0.35038566589355469 -0.43798208236694336 -0.82788985967636108
vn -0.30864894390106201 -0.38581117987632751 -0.86941683292388916
vn -0.26547017693519592 -0.33183771371841431 -0.90521228313446045
vn -0.22129416465759277 -0.27661770582199097 -0.93515318632125854
vn -0.17656023800373077 -0.22070029377937317 -0.95922774076461792
vn -0.13168980181217194 -0.16461226344108582 -0.97752779722213745
vn -0.087075836956501007 -0.10884479433298111 -0.99023765325546265
vn -0.043074611574411392 -0.053843263536691666 -0.99761992692947388
vn -0.22704510390758514 -0.28380638360977173 -0.93161392211914062
vn -0.33778950572013855 -0.4222368597984314 -0.8411981463432312
vn -0.43710136413574219 -0.54637670516967773 -0.71443325281143188
vn -0.33778950572013855 -0.4222368597984314 -0.8411981463432312
vn -0.33778950572013855 -0.4222368597984314 -0.8411981463432312
vn -0.38932076096534729 -0.4866509735584259 -0.78204870223999023
vn -0.51882338523864746 -0.64852923154830933 -0.55698484182357788
vn -0.57785743474960327 -0.72232180833816528 -0.37991040945053101
vn -0.51882338523864746 -0.64852923154830933 -0.55698484182357788
vn -0.48058262467384338 -0.60072827339172363 -0.63887858390808105
vn -0.22704510390758514 -0.28380638360977173 -0.93161392211914062
vn -0.28338780999183655 -0.35423475503921509 -0.89118409156799316
vn -0.28338780999183655 -0.35423475503921509 -0.89118409156799316
vn -0.11221291124820709 -0.14026613533496857 -0.98373454809188843
vn -0.11221291124820709 -0.14026613533496857 -0.98373454809188843
vn -0.31088992953300476 -0.38861241936683655 -0.86736834049224854
vn -0.25540041923522949 -0.31925052404403687 -0.91260600090026855
vn -0.11221291124820709 -0.14026613533496857 -0.98373454809188843
vn -0.16969139873981476 -0.21211425960063934 -0.96239930391311646
vn -0.16969139873981476 -0.21211425960063934 -0.96239930391311646
vn -0.19843773543834686 -0.24804717302322388 -0.94820624589920044
vn -0.11221291124820709 -0.14026613533496857 -0.98373454809188843
vn -0.14091514050960541 -0.17614392936229706 -0.97422599792480469
vn -0.14091514050960541 -0.17614392936229706 -0.97422599792480469
vn -0.055415745824575424 -0.069269679486751556 -0.99605762958526611
vn -0.055415745824575424 -0.069269679486751556 -0.99605762958526611
vn -0.055415745824575424 -0.069269679486751556 -0.99605762958526611
vn -0.083682693541049957 -0.1046033650636673 -0.99098706245422363
vn -0.083682693541049957 -0.1046033650636673 -0.99098706245422363
vn -0.027496065944433212 -0.03437008336186409 -0.99903088808059692
vn -0.027496065944433212 -0.03437008336186409 -0.99903088808059692
vn -0.6246950626373291 -0.78086882829666138 0
vn -0.62174302339553833 -0.77717882394790649 -0.097101561725139618
vn -0.61270827054977417 -0.76588529348373413 -0.19495710730552673
vn -0.59744977951049805 -0.74681222438812256 -0.29210478067398071
vn -0.57601088285446167 -0.72001361846923828 -0.38702952861785889
vn -0.54862606525421143 -0.68578255176544189 -0.47823816537857056
vn -0.51571404933929443 -0.64464259147644043 -0.56433582305908203
vn -0.47785684466362 -0.5973210334777832 -0.64409655332565308
vn -0.43576639890670776 -0.5447080135345459 -0.71651995182037354
vn -0.61356627941131592 -0.76695787906646729 -0.18791507184505463
vn -0.61356627941131592 -0.76695787906646729 -0.18791507184505463
vn -0.62200075387954712 -0.77750092744827271 -0.09277595579624176
vn -0.62200075387954712 -0.77750092744827271 -0.09277595579624176
vn -0.57785743474960327 -0.72232180833816528 -0.37991040945053101
vn -0.61356627941131592 -0.76695787906646729 -0.18791507184505463
vn -0.57785743474960327 -0.72232180833816528 -0.37991040945053101
vn -0.5989498496055603 -0.74868732690811157 -0.28412389755249023
vn -0.5989498496055603 -0.74868732690811157 -0.28412389755249023
vn -0.55134391784667969 -0.68917989730834961 -0.47016060352325439
vn -0.43710136413574219 -0.54637670516967773 -0.71443325281143188
vn -0.45945993065834045 -0.57432490587234497 -0.67753040790557861
vn -0.48058262467384338 -0.60072827339172363 -0.63887858390808105
vn -0.45945993065834045 -0.57432490587234497 -0.67753040790557861
vn -0.43710136413574219 -0.54637670516967773 -0.71443325281143188
vn -0.48058262467384338 -0.60072827339172363 -0.63887858390808105
vn -0.51882338523864746 -0.64852923154830933 -0.55698484182357788
vn -0.48058262467384338 -0.60072827339172363 -0.63887858390808105
vn -0.43710136413574219 -0.54637670516967773 -0.71443325281143188
vn -0.51882338523864746 -0.64852923154830933 -0.55698484182357788
vn -0.38932076096534729 -0.4866509735584259 -0.78204870223999023
vn -0.41373166441917419 -0.51716458797454834 -0.74924421310424805
vn -0.41373166441917419 -0.51716458797454834 -0.74924421310424805
vn -0.33778950572013855 -0.4222368597984314 -0.8411981463432312
vn -0.38932076096534729 -0.4866509735584259 -0.78204870223999023
vn -0.38932076096534729 -0.4866509735584259 -0.78204870223999023
vn -0.22704510390758514 -0.28380638360977173 -0.93161392211914062
vn -0.33778950572013855 -0.4222368597984314 -0.8411981463432312
vn -0.33778950572013855 -0.4222368597984314 -0.8411981463432312
f 161/161/161 160/160/160 156/156/156 157/157/157
f 158/158/158 156/156/156 155/155/155
f 139/139/139 146/146/146 158/158/158
f 155/155/155 139/139/139 158/158/158
f 157/157/157 156/156/156 158/158/158 159/159/159
f 159/159/159 158/158/158 146/146/146 152/152/152
f 147/147/147 139/139/139 138/138/138
f 112/112/112 116/116/116 147/147/147
f 138/138/138 112/112/112 147/147/147
f 152/152/152 146/146/146 153/153/153 154/154/154
f 154/154/154 153/153/153 148/148/148 149/149/149
f 153/153/153 146/146/146 139/139/139
f 147/147/147 148/148/148 153/153/153
f 139/139/139 147/147/147 153/153/153
f 150/150/150 148/148/148 147/147/147
f 116/116/116 135/135/135 150/150/150
f 147/147/147 116/116/116 150/150/150
f 149/149/149 148/148/148 150/150/150 151/151/151
f 151/151/151 150/150/150 135/135/135 143/143/143
f 138/138/138 172/172/172 114/114/114 112/112/112
f 112/112/112 114/114/114 115/115/115 113/113/113
f 143/143/143 135/135/135 144/144/144 145/145/145
f 145/145/145 144/144/144 137/137/137 140/140/140
f 144/144/144 135/135/135 116/116/116
f 136/136/136 137/137/137 144/144/144
f 116/116/116 136/136/136 144/144/144
f 141/141/141 137/137/137 136/136/136
f 117/117/117 126/126/126 141/141/141
f 136/136/136 117/117/117 141/141/141
f 140/140/140 137/137/137 141/141/141 142/142/142
f 142/142/142 141/141/141 126/126/126 132/132/132
f 136/136/136 116/116/116 112/112/112
f 113/113/113 117/117/117 136/136/136
f 112/112/112 113/113/113 136/136/136
f 132/132/132 126/126/126 133/133/133 134/134/134
f 134/134/134 133/133/133 128/128/128 129/129/129
f 133/133/133 126/126/126 117/117/117
f 127/127/127 128/128/128 133/133/133
f 117/117/117 127/127/127 133/133/133
f 129/129/129 128/128/128 130/130/130 131/131/131
f 115/115/115 97/97/97 101/101/101
f 115/115/115 101/101/101 102/102/102
f 115/115/115 114/114/114 111/111/111
f 115/115/115 111/111/111 97/97/97
f 115/115/115 103/103/103 104/104/104
f 115/115/115 102/102/102 103/103/103
f 113/113/113 115/115/115 104/104/104 105/105/105
f 113/113/113 105/105/105 106/106/106
f 127/127/127 107/107/107 108/108/108
f 113/113/113 106/106/106 107/107/107
f 117/117/117 113/113/113 127/127/127
f 127/127/127 113/113/113 107/107/107
f 127/127/127 108/108/108 109/109/109
f 98/98/98 111/111/111 172/172/172
f 114/114/114 172/172/172 111/111/111
f 172/172/172 138/138/138 167/167/167 168/168/168
f 171/171/171 98/98/98 172/172/172
f 172/172/172 170/170/170 171/171/171
f 172/172/172 168/168/168 169/169/169
f 169/169/169 170/170/170 172/172/172
f 138/138/138 166/166/166 167/167/167
f 138/138/138 139/139/139 155/155/155
f 160/160/160 163/163/163 155/155/155
f 155/155/155 165/165/165 138/138/138
f 138/138/138 165/165/165 166/166/166
f 155/155/155 163/163/163 164/164/164
f 164/164/164 165/165/165 155/155/155
f 109/109/109 130/130/130 127/127/127
f 131/131/131 130/130/130 110/110/110
f 109/109/109 110/110/110 130/130/130
f 99/99/99 131/131/131 110/110/110
f 119/119/119 132/132/132 134/134/134
f 134/134/134 129/129/129 118/118/118
f 129/129/129 131/131/131 118/118/118
f 127/127/127 130/130/130 128/128/128
f 134/134/134 118/118/118 119/119/119
f 99/99/99 118/118/118 131/131/131
f 119/119/119 120/120/120 142/142/142 132/132/132
f 121/121/121 145/145/145 140/140/140
f 140/140/140 120/120/120 121/121/121
f 120/120/120 140/140/140 142/142/142
f 143/143/143 145/145/145 121/121/121
f 122/122/122 151/151/151 143/143/143
f 123/123/123 154/154/154 149/149/149
f 149/149/149 151/151/151 122/122/122
f 155/155/155 156/156/156 160/160/160
f 161/161/161 162/162/162 160/160/160
f 163/163/163 160/160/160 162/162/162
f 152/152/152 154/154/154 123/123/123 124/124/124
f 122/122/122 123/123/123 149/149/149
f 152/152/152 124/124/124 159/159/159
f 124/124/124 125/125/125 157/157/157 159/159/159
f 125/125/125 161/161/161 157/157/157
f 161/161/161 125/125/125 100/100/100
f 162/162/162 161/161/161 100/100/100
f 122/122/122 143/143/143 121/121/121
f 181/181/181 175/175/175 174/174/174 180/180/180
f 182/182/182 176/176/176 175/175/175 181/181/181
f 183/183/183 177/177/177 176/176/176 182/182/182
f 184/184/184 178/178/178 177/177/177 183/183/183
f 185/185/185 179/179/179 178/178/178 184/184/184
f 187/187/187 181/181/181 180/180/180 186/186/186
f 188/188/188 182/182/182 181/181/181 187/187/187
f 189/189/189 183/183/183 182/182/182 188/188/188
f 190/190/190 184/184/184 183/183/183 189/189/189
f 191/191/191 185/185/185 184/184/184 190/190/190
f 193/193/193 187/187/187 186/186/186 192/192/192
f 194/194/194 188/188/188 187/187/187 193/193/193
f 195/195/195 189/189/189 188/188/188 194/194/194
f 196/196/196 190/190/190 189/189/189 195/195/195
f 197/197/197 191/191/191 190/190/190 196/196/196
f 199/199/199 193/193/193 192/192/192 198/198/198
f 200/200/200 194/194/194 193/193/193 199/199/199
f 201/201/201 195/195/195 194/194/194 200/200/200
f 202/202/202 196/196/196 195/195/195 201/201/201
f 272/272/272 197/197/197 196/196/196
f 202/202/202 203/203/203 272/272/272
f 196/196/196 202/202/202 272/272/272
f 273/273/273 271/271/271 197/197/197 272/272/272
f 268/268/268 273/273/273 272/272/272 203/203/203
f 205/205/205 199/199/199 198/198/198 204/204/204
f 206/206/206 200/200/200 199/199/199 205/205/205
f 207/207/207 201/201/201 200/200/200 206/206/206
f 208/208/208 202/202/202 201/201/201 207/207/207
f 260/260/260 209/209/209 269/269/269
f 269/269/269 203/203/203 202/202/202
f 202/202/202 208/208/208 260/260/260
f 260/260/260 269/269/269 202/202/202
f 270/270/270 268/268/268 203/203/203 269/269/269
f 267/267/267 270/270/270 269/269/269 209/209/209
f 263/263/263 259/259/259 264/264/264 266/266/266
f 266/266/266 264/264/264 262/262/262 265/265/265
f 264/264/264 259/259/259 209/209/209
f 260/260/260 262/262/262 264/264/264
f 209/209/209 260/260/260 264/264/264
f 262/262/262 260/260/260 208/208/208 261/261/261
f 220/220/220 219/219/219 173/173/173
f 218/218/218 219/219/219 174/174/174
f 220/220/220 174/174/174 219/219/219
f 221/221/221 174/174/174 220/220/220
f 175/175/175 218/218/218 174/174/174
f 216/216/216 217/217/217 175/175/175 176/176/176
f 215/215/215 216/216/216 176/176/176 177/177/177
f 175/175/175 217/217/217 218/218/218
f 180/180/180 221/221/221 222/222/222
f 186/186/186 223/223/223 224/224/224
f 192/192/192 224/224/224 225/225/225
f 222/222/222 223/223/223 186/186/186 180/180/180
f 198/198/198 192/192/192 225/225/225 226/226/226
f 224/224/224 192/192/192 186/186/186
f 227/227/227 198/198/198 226/226/226
f 174/174/174 221/221/221 180/180/180
f 178/178/178 213/213/213 214/214/214
f 177/177/177 178/178/178 214/214/214 215/215/215
f 178/178/178 179/179/179 212/212/212 213/213/213
f 242/242/242 211/211/211 212/212/212
f 242/242/242 179/179/179 241/241/241
f 179/179/179 242/242/242 212/212/212
f 240/240/240 241/241/241 185/185/185
f 179/179/179 185/185/185 241/241/241
f 271/271/271 191/191/191 197/197/197
f 237/237/237 271/271/271 273/273/273
f 273/273/273 268/268/268 236/236/236 237/237/237
f 238/238/238 191/191/191 271/271/271
f 239/239/239 240/240/240 185/185/185 191/191/191
f 271/271/271 237/237/237 238/238/238
f 238/238/238 239/239/239 191/191/191
f 236/236/236 268/268/268 258/258/258
f 228/228/228 204/204/204 227/227/227
f 207/207/207 206/206/206 232/232/232 233/233/233
f 205/205/205 204/204/204 229/229/229 230/230/230
f 206/206/206 205/205/205 231/231/231 232/232/232
f 261/261/261 208/208/208 207/207/207
f 262/262/262 261/261/261 265/265/265
f 261/261/261 234/234/234 265/265/265
f 233/233/233 261/261/261 207/207/207
f 228/228/228 229/229/229 204/204/204
f 230/230/230 231/231/231 205/205/205
f 244/244/244 266/266/266 243/243/243
f 235/235/235 243/243/243 266/266/266
f 234/234/234 235/235/235 265/265/265
f 265/265/265 235/235/235 266/266/266
f 261/261/261 233/233/233 234/234/234
f 210/210/210 229/229/229 228/228/228
f 253/253/253 267/267/267 252/252/252
f 267/267/267 251/251/251 252/252/252
f 254/254/254 270/270/270 267/267/267
f 259/259/259 267/267/267 209/209/209
f 253/253/253 254/254/254 267/267/267
f 258/258/258 268/268/268 257/257/257
f 256/256/256 270/270/270 255/255/255
f 270/270/270 256/256/256 257/257/257
f 254/254/254 255/255/255 270/270/270
f 257/257/257 268/268/268 270/270/270
f 263/263/263 247/247/247 259/259/259
f 246/246/246 263/263/263 245/245/245
f 245/245/245 263/263/263 266/266/266
f 246/246/246 247/247/247 263/263/263
f 251/251/251 267/267/267 250/250/250
f 249/249/249 259/259/259 248/248/248
f 259/259/259 249/249/249 250/250/250
f 247/247/247 248/248/248 259/259/259
f 259/259/259 250/250/250 267/267/267
f 244/244/244 245/245/245 266/266/266
f 198/198/198 227/227/227 204/204/204
f 285/285/285 287/287/287 286/286/286 284/284/284
f 284/284/284 286/286/286 289/289/289 288/288/288
f 289/289/289 283/283/283 274/274/274
f 281/281/281 282/282/282 289/289/289 286/286/286
f 283/283/283 289/289/289 282/282/282
f 274/274/274 290/290/290 288/288/288 289/289/289
f 279/279/279 280/280/280 286/286/286 287/287/287
f 287/287/287 275/275/275 278/278/278
f 278/278/278 279/279/279 287/287/287
f 286/286/286 280/280/280 281/281/281
f 290/290/290 284/284/284 288/288/288
f 284/284/284 290/290/290 291/291/291
f 293/293/293 284/284/284 291/291/291
f 291/291/291 276/276/276 292/292/292 293/293/293
f 275/275/275 285/285/285 293/293/293
f 284/284/284 293/293/293 285/285/285
f 292/292/292 276/276/276 277/277/277
f 287/287/287 285/285/285 275/275/275
f 297/297/297 315/315/315 348/348/348 346/346/346
f 346/346/346 348/348/348 347/347/347 296/296/296
f 332/332/332 317/317/317 316/316/316 331/331/331
f 330/330/330 332/332/332 331/331/331 314/314/314
f 329/329/329 320/320/320 319/319/319 328/328/328
f 327/327/327 329/329/329 328/328/328 317/317/317
f 326/326/326 324/324/324 322/322/322 325/325/325
f 323/323/323 326/326/326 325/325/325 320/320/320
f 322/322/322 336/336/336 339/339/339 337/337/337
f 337/337/337 339/339/339 338/338/338 321/321/321
f 325/325/325 322/322/322 337/337/337
f 337/337/337 321/321/321 319/319/319
f 319/319/319 320/320/320 325/325/325
f 325/325/325 337/337/337 319/319/319
f 319/319/319 321/321/321 342/342/342 340/340/340
f 340/340/340 342/342/342 341/341/341 318/318/318
f 328/328/328 319/319/319 340/340/340
f 340/340/340 318/318/318 316/316/316
f 316/316/316 317/317/317 328/328/328
f 328/328/328 340/340/340 316/316/316
f 316/316/316 318/318/318 345/345/345 343/343/343
f 343/343/343 345/345/345 344/344/344 315/315/315
f 331/331/331 316/316/316 343/343/343
f 343/343/343 315/315/315 297/297/297
f 297/297/297 314/314/314 331/331/331
f 331/331/331 343/343/343 297/297/297
f 299/299/299 296/296/296 295/295/295 298/298/298
f 334/334/334 297/297/297 346/346/346
f 346/346/346 296/296/296 299/299/299
f 299/299/299 300/300/300 334/334/334
f 334/334/334 346/346/346 299/299/299
f 335/335/335 314/314/314 297/297/297 334/334/334
f 333/333/333 335/335/335 334/334/334 300/300/300
f 302/302/302 299/299/299 298/298/298 301/301/301
f 303/303/303 300/300/300 299/299/299 302/302/302
f 341/341/341 364/364/364 344/344/344
f 364/364/364 295/295/295 347/347/347
f 313/313/313 364/364/364 341/341/341
f 339/339/339 312/312/312 313/313/313
f 313/313/313 338/338/338 339/339/339
f 338/338/338 313/313/313 341/341/341
f 339/339/339 336/336/336 312/312/312
f 342/342/342 338/338/338 341/341/341
f 344/344/344 364/364/364 348/348/348
f 347/347/347 348/348/348 364/364/364
f 338/338/338 342/342/342 321/321/321
f 341/341/341 345/345/345 318/318/318
f 344/344/344 345/345/345 341/341/341
f 295/295/295 364/364/364 294/294/294
f 336/336/336 310/310/310 311/311/311
f 312/312/312 336/336/336 311/311/311
f 322/322/322 310/310/310 336/336/336
f 324/324/324 309/309/309 310/310/310
f 307/307/307 308/308/308 324/324/324
f 309/309/309 324/324/324 308/308/308
f 324/324/324 310/310/310 322/322/322
f 324/324/324 326/326/326 307/307/307
f 304/304/304 323/323/323 329/329/329
f 320/320/320 329/329/329 323/323/323
f 304/304/304 326/326/326 323/323/323
f 306/306/306 307/307/307 326/326/326
f 326/326/326 305/305/305 306/306/306
f 326/326/326 304/304/304 305/305/305
f 304/304/304 329/329/329 327/327/327
f 348/348/348 315/315/315 344/344/344
f 295/295/295 349/349/349 350/350/350
f 295/295/295 350/350/350 351/351/351
f 296/296/296 347/347/347 295/295/295
f 298/298/298 295/295/295 351/351/351
f 298/298/298 351/351/351 352/352/352
f 349/349/349 295/295/295 294/294/294
f 301/301/301 352/352/352 353/353/353
f 301/301/301 354/354/354 355/355/355
f 301/301/301 353/353/353 354/354/354
f 301/301/301 356/356/356 302/302/302
f 356/356/356 301/301/301 355/355/355
f 356/356/356 303/303/303 302/302/302
f 352/352/352 301/301/301 298/298/298
f 327/327/327 317/317/317 332/332/332
f 304/304/304 327/327/327 363/363/363
f 363/363/363 327/327/327 332/332/332
f 363/363/363 330/330/330 362/362/362
f 330/330/330 335/335/335 362/362/362
f 363/363/363 332/332/332 330/330/330
f 335/335/335 330/330/330 314/314/314
f 361/361/361 362/362/362 335/335/335 333/333/333
f 360/360/360 361/361/361 333/333/333
f 303/303/303 360/360/360 333/333/333
f 303/303/303 359/359/359 360/360/360
f 303/303/303 357/357/357 358/358/358
f 358/358/358 359/359/359 303/303/303
f 357/357/357 303/303/303 356/356/356
f 300/300/300 303/303/303 333/333/333
f 375/375/375 365/365/365 367/367/367
f 374/374/374 375/375/375 373/373/373
f 367/367/367 373/373/373 375/375/375
f 372/372/372 373/373/373 367/367/367 368/368/368
f 370/370/370 368/368/368 369/369/369
f 372/372/372 368/368/368 370/370/370
f 366/366/366 372/372/372 371/371/371
f 370/370/370 371/371/371 372/372/372
f 386/386/386 376/376/376 380/380/380
f 386/386/386 379/379/379 385/385/385
f 385/385/385 383/383/383 384/384/384
f 380/380/380 379/379/379 386/386/386
f 379/379/379 381/381/381 377/377/377
f 385/385/385 379/379/379 383/383/383
f 379/379/379 382/382/382 383/383/383
f 379/379/379 378/378/378 382/382/382
f 381/381/381 379/379/379 380/380/380
f 394/394/394 387/387/387 391/391/391
f 388/388/388 394/394/394 396/396/396
f 394/394/394 395/395/395 396/396/396
f 392/392/392 394/394/394 391/391/391
f 393/393/393 392/392/392 389/389/389
f 390/390/390 395/395/395 393/393/393
f 393/393/393 395/395/395 394/394/394
f 392/392/392 393/393/393 394/394/394
f 401/401/401 397/397/397 402/402/402
f 401/401/401 404/404/404 398/398/398
f 403/403/403 401/401/401 402/402/402
f 401/401/401 403/403/403 404/404/404
f 403/403/403 400/400/400 404/404/404
f 399/399/399 403/403/403 402/402/402
f 409/409/409 405/405/405 411/411/411
f 409/409/409 412/412/412 413/413/413
f 409/409/409 411/411/411 412/412/412
f 422/422/422 406/406/406 409/409/409
f 409/409/409 421/421/421 422/422/422
f 409/409/409 420/420/420 421/421/421
f 409/409/409 410/410/410 419/419/419 420/420/420
f 410/410/410 409/409/409 413/413/413 414/414/414
f 410/410/410 414/414/414 415/415/415
f 410/410/410 416/416/416 407/407/407
f 410/410/410 415/415/415 416/416/416
f 410/410/410 418/418/418 419/419/419
f 408/408/408 417/417/417 410/410/410
f 418/418/418 410/410/410 417/417/417
f 427/427/427 423/423/423 428/428/428
f 427/427/427 430/430/430 424/424/424
f 430/430/430 427/427/427 428/428/428
f 428/428/428 429/429/429 430/430/430
f 429/429/429 426/426/426 430/430/430
f 425/425/425 429/429/429 428/428/428
f 435/435/435 431/431/431 436/436/436
f 432/432/432 435/435/435 440/440/440
f 435/435/435 438/438/438 439/439/439 440/440/440
f 437/437/437 435/435/435 436/436/436
f 438/438/438 437/437/437 433/433/433
f 434/434/434 439/439/439 438/438/438
f 437/437/437 438/438/438 435/435/435
f 447/447/447 441/441/441 449/449/449
f 447/447/447 450/450/450 451/451/451
f 447/447/447 451/451/451 448/448/448
f 447/447/447 449/449/449 450/450/450
f 460/460/460 442/442/442 447/447/447
f 447/447/447 459/459/459 460/460/460
f 447/447/447 458/458/458 459/459/459
f 446/446/446 458/458/458 447/447/447
f 445/445/445 447/447/447 448/448/448
f 445/445/445 452/452/452 453/453/453
f 445/445/445 454/454/454 443/443/443
f 453/453/453 454/454/454 445/445/445
f 447/447/447 445/445/445 446/446/446
f 445/445/445 457/457/457 446/446/446
f 445/445/445 455/455/455 456/456/456
f 445/445/445 444/444/444 455/455/455
f 456/456/456 457/457/457 445/445/445
f 452/452/452 445/445/445 448/448/448
f 548/548/548 547/547/547 545/545/545 546/546/546
f 542/542/542 538/538/538 547/547/547 548/548/548
f 487/487/487 486/486/486 488/488/488
f 544/544/544 543/543/543 538/538/538 542/542/542
f 541/541/541 540/540/540 543/543/543 544/544/544
f 537/537/537 463/463/463 539/539/539 540/540/540
f 550/550/550 552/552/552 551/551/551 464/464/464
f 535/535/535 534/534/534 465/465/465 533/533/533
f 476/476/476 461/461/461 475/475/475
f 474/474/474 525/525/525 524/524/524 475/475/475
f 476/476/476 475/475/475 524/524/524
f 472/472/472 527/527/527 526/526/526 473/473/473
f 527/527/527 472/472/472 471/471/471
f 525/525/525 474/474/474 473/473/473 526/526/526
f 527/527/527 471/471/471 528/528/528
f 524/524/524 477/477/477 476/476/476
f 523/523/523 478/478/478 477/477/477
f 523/523/523 479/479/479 478/478/478
f 522/522/522 481/481/481 480/480/480
f 522/522/522 482/482/482 481/481/481
f 523/523/523 480/480/480 479/479/479
f 523/523/523 522/522/522 480/480/480
f 483/483/483 482/482/482 522/522/522
f 521/521/521 484/484/484 483/483/483 522/522/522
f 488/488/488 484/484/484 521/521/521
f 485/485/485 484/484/484 488/488/488
f 524/524/524 523/523/523 477/477/477
f 469/469/469 529/529/529 528/528/528 470/470/470
f 468/468/468 530/530/530 529/529/529 469/469/469
f 528/528/528 471/471/471 470/470/470
f 530/530/530 468/468/468 467/467/467 531/531/531
f 466/466/466 507/507/507 531/531/531 467/467/467
f 507/507/507 466/466/466 462/462/462
f 507/507/507 462/462/462 506/506/506 508/508/508
f 508/508/508 506/506/506 505/505/505 509/509/509
f 509/509/509 545/545/545 547/547/547 510/510/510
f 545/545/545 509/509/509 505/505/505
f 538/538/538 510/510/510 547/547/547
f 546/546/546 505/505/505 504/504/504
f 545/545/545 505/505/505 546/546/546
f 548/548/548 546/546/546 504/504/504
f 536/536/536 542/542/542 504/504/504
f 548/548/548 504/504/504 542/542/542
f 542/542/542 536/536/536 544/544/544
f 543/543/543 510/510/510 538/538/538
f 486/486/486 485/485/485 488/488/488
f 520/520/520 486/486/486 487/487/487
f 520/520/520 487/487/487 521/521/521
f 489/489/489 520/520/520 519/519/519
f 486/486/486 520/520/520 489/489/489
f 490/490/490 489/489/489 519/519/519
f 486/486/486 489/489/489 485/485/485
f 518/518/518 464/464/464 551/551/551 519/519/519
f 518/518/518 517/517/517 464/464/464
f 516/516/516 515/515/515 553/553/553
f 514/514/514 554/554/554 553/553/553 515/515/515
f 553/553/553 517/517/517 516/516/516
f 490/490/490 519/519/519 551/551/551
f 491/491/491 551/551/551 552/552/552
f 552/552/552 492/492/492 549/549/549
f 491/491/491 552/552/552 549/549/549
f 491/491/491 490/490/490 551/551/551
f 550/550/550 493/493/493 492/492/492 552/552/552
f 517/517/517 553/553/553 464/464/464
f 550/550/550 464/464/464 494/494/494
f 493/493/493 550/550/550 494/494/494
f 553/553/553 495/495/495 494/494/494
f 553/553/553 496/496/496 495/495/495
f 494/494/494 464/464/464 553/553/553
f 554/554/554 497/497/497 496/496/496 553/553/553
f 540/540/540 539/539/539 510/510/510 543/543/543
f 511/511/511 539/539/539 463/463/463
f 512/512/512 511/511/511 555/555/555
f 511/511/511 510/510/510 539/539/539
f 463/463/463 555/555/555 511/511/511
f 555/555/555 463/463/463 502/502/502
f 541/541/541 544/544/544 503/503/503
f 536/536/536 503/503/503 544/544/544
f 503/503/503 502/502/502 537/537/537
f 540/540/540 541/541/541 537/537/537
f 463/463/463 537/537/537 502/502/502
f 541/541/541 503/503/503 537/537/537
f 502/502/502 501/501/501 555/555/555
f 512/512/512 465/465/465 513/513/513
f 554/554/554 514/514/514 513/513/513 465/465/465
f 534/534/534 554/554/554 465/465/465
f 465/465/465 512/512/512 533/533/533
f 498/498/498 497/497/497 534/534/534
f 554/554/554 534/534/534 497/497/497
f 498/498/498 534/534/534 535/535/535 499/499/499
f 533/533/533 501/501/501 500/500/500
f 512/512/512 501/501/501 533/533/533
f 535/535/535 533/533/533 500/500/500
f 500/500/500 532/532/532 535/535/535
f 499/499/499 535/535/535 532/532/532
f 555/555/555 501/501/501 512/512/512
f 488/488/488 521/521/521 487/487/487
f 633/633/633 631/631/631 630/630/630 632/632/632
f 627/627/627 633/633/633 632/632/632 623/623/623
f 629/629/629 627/627/627 623/623/623 628/628/628
f 626/626/626 629/629/629 628/628/628 625/625/625
f 622/622/622 625/625/625 624/624/624 558/558/558
f 620/620/620 618/618/618 559/559/559 619/619/619
f 570/570/570 609/609/609 569/569/569
f 609/609/609 610/610/610 568/568/568 569/569/569
f 567/567/567 568/568/568 610/610/610 611/611/611
f 570/570/570 569/569/569 556/556/556
f 566/566/566 567/567/567 611/611/611 612/612/612
f 613/613/613 564/564/564 565/565/565
f 565/565/565 566/566/566 612/612/612
f 608/608/608 609/609/609 571/571/571 572/572/572
f 608/608/608 572/572/572 573/573/573
f 608/608/608 573/573/573 574/574/574
f 565/565/565 612/612/612 613/613/613
f 607/607/607 575/575/575 576/576/576
f 607/607/607 608/608/608 574/574/574 575/575/575
f 571/571/571 609/609/609 570/570/570
f 613/613/613 614/614/614 563/563/563 564/564/564
f 562/562/562 563/563/563 614/614/614 615/615/615
f 615/615/615 616/616/616 561/561/561 562/562/562
f 560/560/560 561/561/561 616/616/616 592/592/592
f 591/591/591 557/557/557 592/592/592 593/593/593
f 560/560/560 592/592/592 557/557/557
f 593/593/593 594/594/594 590/590/590 591/591/591
f 630/630/630 595/595/595 632/632/632
f 632/632/632 595/595/595 623/623/623
f 630/630/630 590/590/590 594/594/594
f 631/631/631 589/589/589 590/590/590
f 630/630/630 631/631/631 590/590/590
f 633/633/633 589/589/589 631/631/631
f 621/621/621 589/589/589 627/627/627
f 633/633/633 627/627/627 589/589/589
f 627/627/627 629/629/629 621/621/621
f 594/594/594 595/595/595 630/630/630
f 576/576/576 634/634/634 607/607/607
f 605/605/605 606/606/606 634/634/634
f 607/607/607 634/634/634 606/606/606
f 604/604/604 605/605/605 635/635/635
f 634/634/634 635/635/635 605/605/605
f 636/636/636 604/604/604 635/635/635
f 637/637/637 602/602/602 603/603/603
f 638/638/638 600/600/600 601/601/601
f 599/599/599 600/600/600 638/638/638 639/639/639
f 601/601/601 602/602/602 638/638/638
f 603/603/603 604/604/604 637/637/637
f 638/638/638 637/637/637 578/578/578 579/579/579
f 577/577/577 637/637/637 636/636/636
f 637/637/637 577/577/577 578/578/578
f 637/637/637 638/638/638 602/602/602
f 598/598/598 599/599/599 639/639/639
f 639/639/639 638/638/638 581/581/581 582/582/582
f 639/639/639 559/559/559 598/598/598
f 638/638/638 580/580/580 581/581/581
f 580/580/580 638/638/638 579/579/579
f 582/582/582 619/619/619 639/639/639
f 637/637/637 604/604/604 636/636/636
f 595/595/595 624/624/624 625/625/625 628/628/628
f 558/558/558 624/624/624 596/596/596
f 595/595/595 596/596/596 624/624/624
f 640/640/640 587/587/587 558/558/558
f 626/626/626 588/588/588 629/629/629
f 621/621/621 629/629/629 588/588/588
f 588/588/588 622/622/622 587/587/587
f 625/625/625 622/622/622 626/626/626
f 558/558/558 587/587/587 622/622/622
f 626/626/626 622/622/622 588/588/588
f 640/640/640 558/558/558 596/596/596
f 595/595/595 628/628/628 623/623/623
f 618/618/618 597/597/597 559/559/559
f 639/639/639 619/619/619 559/559/559
f 583/583/583 584/584/584 620/620/620 619/619/619
f 619/619/619 582/582/582 583/583/583
f 586/586/586 597/597/597 618/618/618
f 640/640/640 597/597/597 586/586/586
f 585/585/585 618/618/618 620/620/620
f 586/586/586 618/618/618 585/585/585
f 587/587/587 640/640/640 586/586/586
f 585/585/585 620/620/620 617/617/617
f 584/584/584 617/617/617 620/620/620
f 596/596/596 597/597/597 640/640/640
f 598/598/598 559/559/559 597/597/597
f 644/644/644 655/655/655 657/657/657 650/650/650
f 652/652/652 656/656/656 655/655/655 644/644/644
f 649/649/649 644/644/644 650/650/650 651/651/651
f 653/653/653 652/652/652 644/644/644 649/649/649
f 654/654/654 641/641/641 657/657/657
f 643/643/643 657/657/657 641/641/641
f 657/657/657 643/643/643 650/650/650
f 651/651/651 650/650/650 643/643/643
f 642/642/642 654/654/654 655/655/655 656/656/656
f 655/655/655 654/654/654 657/657/657
f 645/645/645 642/642/642 656/656/656
f 648/648/648 649/649/649 651/651/651
f 651/651/651 646/646/646 648/648/648
f 646/646/646 651/651/651 643/643/643
f 653/653/653 649/649/649 648/648/648
f 656/656/656 652/652/652 645/645/645
f 653/653/653 645/645/645 652/652/652
f 645/645/645 653/653/653 647/647/647
f 648/648/648 647/647/647 653/653/653
f 661/661/661 676/676/676 679/679/679 678/678/678
f 675/675/675 677/677/677 676/676/676 661/661/661
f 669/669/669 664/664/664 670/670/670 671/671/671
f 673/673/673 672/672/672 664/664/664 669/669/669
f 679/679/679 674/674/674 658/658/658
f 678/678/678 679/679/679 660/660/660
f 658/658/658 660/660/660 679/679/679
f 678/678/678 660/660/660 663/663/663 670/670/670
f 676/676/676 674/674/674 679/679/679
f 659/659/659 674/674/674 676/676/676 677/677/677
f 662/662/662 659/659/659 677/677/677
f 675/675/675 661/661/661 664/664/664 672/672/672
f 662/662/662 675/675/675 672/672/672 665/665/665
f 677/677/677 675/675/675 662/662/662
f 661/661/661 678/678/678 670/670/670 664/664/664
f 671/671/671 670/670/670 663/663/663
f 668/668/668 671/671/671 666/666/666
f 663/663/663 666/666/666 671/671/671
f 668/668/668 669/669/669 671/671/671
f 673/673/673 665/665/665 672/672/672
f 669/669/669 668/668/668 673/673/673
f 667/667/667 673/673/673 668/668/668
f 665/665/665 673/673/673 667/667/667
f 719/719/719 714/714/714 729/729/729
f 729/729/729 688/688/688 681/681/681
f 681/681/681 700/700/700 719/719/719
f 719/719/719 729/729/729 681/681/681
f 722/722/722 721/721/721 719/719/719
f 700/700/700 712/712/712 722/722/722
f 719/719/719 700/700/700 722/722/722
f 723/723/723 720/720/720 714/714/714
f 719/719/719 721/721/721 723/723/723
f 714/714/714 719/719/719 723/723/723
f 724/724/724 726/726/726 727/727/727 725/725/725
f 688/688/688 729/729/729 730/730/730 728/728/728
f 729/729/729 714/714/714 724/724/724 730/730/730
f 705/705/705 707/707/707 706/706/706 704/704/704
f 704/704/704 706/706/706 710/710/710 708/708/708
f 708/708/708 710/710/710 709/709/709 703/703/703
f 708/708/708 703/703/703 701/701/701
f 702/702/702 704/704/704 708/708/708
f 701/701/701 702/702/702 708/708/708
f 715/715/715 713/713/713 711/711/711
f 701/701/701 703/703/703 715/715/715
f 711/711/711 701/701/701 715/715/715
f 703/703/703 709/709/709 717/717/717 715/715/715
f 715/715/715 717/717/717 716/716/716 713/713/713
f 718/718/718 713/713/713 716/716/716
f 718/718/718 712/712/712 700/700/700
f 711/711/711 713/713/713 718/718/718
f 700/700/700 711/711/711 718/718/718
f 711/711/711 700/700/700 681/681/681
f 690/690/690 701/701/701 711/711/711
f 681/681/681 690/690/690 711/711/711
f 687/687/687 681/681/681 688/688/688 689/689/689
f 691/691/691 690/690/690 681/681/681 687/687/687
f 697/697/697 698/698/698 720/720/720
f 714/714/714 720/720/720 698/698/698
f 697/697/697 721/721/721 696/696/696
f 712/712/712 695/695/695 696/696/696
f 720/720/720 723/723/723 697/697/697
f 697/697/697 723/723/723 721/721/721
f 696/696/696 722/722/722 712/712/712
f 695/695/695 712/712/712 718/718/718
f 696/696/696 721/721/721 722/722/722
f 716/716/716 695/695/695 718/718/718
f 717/717/717 693/693/693 694/694/694
f 695/695/695 716/716/716 694/694/694
f 693/693/693 710/710/710 692/692/692
f 707/707/707 680/680/680 692/692/692
f 694/694/694 716/716/716 717/717/717
f 693/693/693 717/717/717 709/709/709
f 693/693/693 709/709/709 710/710/710
f 705/705/705 680/680/680 707/707/707
f 692/692/692 706/706/706 707/707/707
f 692/692/692 710/710/710 706/706/706
f 699/699/699 685/685/685 727/727/727
f 725/725/725 727/727/727 685/685/685
f 699/699/699 727/727/727 726/726/726
f 698/698/698 726/726/726 714/714/714
f 725/725/725 685/685/685 728/728/728
f 724/724/724 725/725/725 730/730/730
f 728/728/728 685/685/685 683/683/683
f 728/728/728 730/730/730 725/725/725
f 689/689/689 728/728/728 683/683/683
f 726/726/726 724/724/724 714/714/714
f 704/704/704 702/702/702 705/705/705
f 690/690/690 702/702/702 701/701/701
f 682/682/682 702/702/702 690/690/690
f 682/682/682 705/705/705 702/702/702
f 687/687/687 689/689/689 686/686/686
f 683/683/683 686/686/686 689/689/689
f 691/691/691 687/687/687 686/686/686
f 684/684/684 682/682/682 691/691/691
f 691/691/691 682/682/682 690/690/690
f 686/686/686 684/684/684 691/691/691
f 689/689/689 688/688/688 728/728/728
f 680/680/680 705/705/705 682/682/682
f 698/698/698 699/699/699 726/726/726
f 806/806/806 803/803/803 801/801/801
f 732/732/732 792/792/792 806/806/806
f 801/801/801 732/732/732 806/806/806
f 792/792/792 799/799/799 808/808/808 806/806/806
f 806/806/806 808/808/808 807/807/807 803/803/803
f 803/803/803 807/807/807 811/811/811 809/809/809
f 809/809/809 811/811/811 810/810/810 802/802/802
f 809/809/809 802/802/802 790/790/790
f 801/801/801 803/803/803 809/809/809
f 790/790/790 801/801/801 809/809/809
f 814/814/814 813/813/813 812/812/812
f 790/790/790 802/802/802 814/814/814
f 812/812/812 790/790/790 814/814/814
f 802/802/802 810/810/810 816/816/816 814/814/814
f 814/814/814 816/816/816 815/815/815 813/813/813
f 813/813/813 815/815/815 818/818/818 817/817/817
f 733/733/733 782/782/782 784/784/784 781/781/781
f 780/780/780 779/779/779 784/784/784
f 782/782/782 773/773/773 780/780/780
f 784/784/784 782/782/782 780/780/780
f 789/789/789 778/778/778 795/795/795
f 795/795/795 783/783/783 784/784/784
f 784/784/784 779/779/779 789/789/789
f 789/789/789 795/795/795 784/784/784
f 781/781/781 784/784/784 783/783/783 777/777/777
f 794/794/794 793/793/793 791/791/791
f 777/777/777 783/783/783 794/794/794
f 791/791/791 777/777/777 794/794/794
f 783/783/783 795/795/795 797/797/797 794/794/794
f 794/794/794 797/797/797 796/796/796 793/793/793
f 793/793/793 796/796/796 800/800/800 798/798/798
f 798/798/798 800/800/800 799/799/799 792/792/792
f 798/798/798 792/792/792 732/732/732
f 791/791/791 793/793/793 798/798/798
f 732/732/732 791/791/791 798/798/798
f 775/775/775 774/774/774 772/772/772
f 734/734/734 765/765/765 775/775/775
f 772/772/772 734/734/734 775/775/775
f 776/776/776 773/773/773 782/782/782
f 782/782/782 733/733/733 772/772/772
f 772/772/772 774/774/774 776/776/776
f 776/776/776 782/782/782 772/772/772
f 767/767/767 769/769/769 768/768/768 766/766/766
f 766/766/766 768/768/768 771/771/771 770/770/770
f 765/765/765 770/770/770 771/771/771
f 770/770/770 765/765/765 734/734/734
f 764/764/764 766/766/766 770/770/770
f 734/734/734 764/764/764 770/770/770
f 737/737/737 787/787/787 805/805/805 804/804/804
f 801/801/801 790/790/790 805/805/805
f 787/787/787 732/732/732 801/801/801
f 805/805/805 787/787/787 801/801/801
f 738/738/738 786/786/786 788/788/788 785/785/785
f 781/781/781 777/777/777 788/788/788
f 786/786/786 733/733/733 781/781/781
f 788/788/788 786/786/786 781/781/781
f 791/791/791 732/732/732 787/787/787
f 788/788/788 777/777/777 791/791/791
f 787/787/787 788/788/788 791/791/791
f 785/785/785 788/788/788 787/787/787 737/737/737
f 895/895/895 772/772/772 786/786/786
f 772/772/772 733/733/733 786/786/786
f 786/786/786 738/738/738 895/895/895
f 895/895/895 739/739/739 734/734/734 772/772/772
f 875/875/875 742/742/742 872/872/872
f 873/873/873 868/868/868 875/875/875
f 872/872/872 873/873/873 875/875/875
f 872/872/872 737/737/737 804/804/804 873/873/873
f 883/883/883 743/743/743 886/886/886
f 887/887/887 834/834/834 883/883/883
f 886/886/886 887/887/887 883/883/883
f 886/886/886 738/738/738 785/785/785 887/887/887
f 887/887/887 785/785/785 737/737/737 872/872/872
f 834/834/834 887/887/887 872/872/872 742/742/742
f 744/744/744 894/894/894 896/896/896 829/829/829
f 894/894/894 739/739/739 895/895/895 896/896/896
f 896/896/896 895/895/895 738/738/738 886/886/886
f 892/892/892 829/829/829 896/896/896
f 886/886/886 743/743/743 892/892/892
f 896/896/896 886/886/886 892/892/892
f 874/874/874 742/742/742 875/875/875 876/876/876
f 876/876/876 875/875/875 868/868/868 869/869/869
f 869/869/869 868/868/868 870/870/870 871/871/871
f 878/878/878 830/830/830 879/879/879 881/881/881
f 881/881/881 879/879/879 837/837/837 880/880/880
f 879/879/879 830/830/830 882/882/882
f 885/885/885 837/837/837 879/879/879
f 882/882/882 885/885/885 879/879/879
f 882/882/882 743/743/743 883/883/883 885/885/885
f 885/885/885 883/883/883 834/834/834 884/884/884
f 837/837/837 885/885/885 884/884/884 836/836/836
f 884/884/884 874/874/874 877/877/877
f 874/874/874 835/835/835 877/877/877
f 877/877/877 836/836/836 884/884/884
f 884/884/884 834/834/834 742/742/742 874/874/874
f 844/844/844 838/838/838 828/828/828
f 839/839/839 840/840/840 844/844/844
f 828/828/828 839/839/839 844/844/844
f 843/843/843 840/840/840 839/839/839
f 831/831/831 832/832/832 843/843/843
f 839/839/839 831/831/831 843/843/843
f 891/891/891 831/831/831 839/839/839
f 839/839/839 828/828/828 744/744/744
f 744/744/744 829/829/829 891/891/891
f 891/891/891 839/839/839 744/744/744
f 831/831/831 891/891/891 893/893/893 833/833/833
f 891/891/891 829/829/829 892/892/892 893/893/893
f 893/893/893 892/892/892 743/743/743 882/882/882
f 889/889/889 833/833/833 893/893/893
f 882/882/882 830/830/830 889/889/889
f 893/893/893 882/882/882 889/889/889
f 888/888/888 833/833/833 889/889/889 890/890/890
f 890/890/890 889/889/889 830/830/830 878/878/878
f 858/858/858 857/857/857 853/853/853 854/854/854
f 855/855/855 853/853/853 852/852/852
f 842/842/842 845/845/845 855/855/855
f 852/852/852 842/842/842 855/855/855
f 854/854/854 853/853/853 855/855/855 856/856/856
f 856/856/856 855/855/855 845/845/845 849/849/849
f 846/846/846 842/842/842 841/841/841
f 744/744/744 828/828/828 846/846/846
f 841/841/841 744/744/744 846/846/846
f 849/849/849 845/845/845 850/850/850 851/851/851
f 851/851/851 850/850/850 847/847/847
f 850/850/850 845/845/845 842/842/842
f 846/846/846 847/847/847 850/850/850
f 842/842/842 846/846/846 850/850/850
f 848/848/848 847/847/847 846/846/846
f 828/828/828 838/838/838 848/848/848
f 846/846/846 828/828/828 848/848/848
f 818/818/818 762/762/762 763/763/763
f 816/816/816 761/761/761 762/762/762
f 762/762/762 818/818/818 815/815/815
f 761/761/761 816/816/816 810/810/810
f 762/762/762 815/815/815 816/816/816
f 818/818/818 763/763/763 817/817/817
f 811/811/811 761/761/761 810/810/810
f 778/778/778 757/757/757 795/795/795
f 756/756/756 757/757/757 778/778/778
f 757/757/757 758/758/758 796/796/796
f 807/807/807 760/760/760 811/811/811
f 761/761/761 811/811/811 760/760/760
f 799/799/799 758/758/758 759/759/759
f 760/760/760 807/807/807 759/759/759
f 808/808/808 759/759/759 807/807/807
f 813/813/813 817/817/817 812/812/812
f 736/736/736 812/812/812 817/817/817
f 790/790/790 812/812/812 805/805/805
f 736/736/736 805/805/805 812/812/812
f 736/736/736 804/804/804 805/805/805
f 804/804/804 736/736/736 873/873/873
f 736/736/736 817/817/817 763/763/763
f 759/759/759 808/808/808 799/799/799
f 758/758/758 799/799/799 800/800/800
f 757/757/757 797/797/797 795/795/795
f 757/757/757 796/796/796 797/797/797
f 758/758/758 800/800/800 796/796/796
f 873/873/873 736/736/736 741/741/741
f 751/751/751 765/765/765 750/750/750
f 765/765/765 771/771/771 750/750/750
f 755/755/755 773/773/773 754/754/754
f 752/752/752 753/753/753 774/774/774
f 754/754/754 776/776/776 753/753/753
f 752/752/752 775/775/775 751/751/751
f 747/747/747 769/769/769 731/731/731
f 748/748/748 769/769/769 747/747/747
f 768/768/768 749/749/749 771/771/771
f 750/750/750 771/771/771 749/749/749
f 768/768/768 769/769/769 748/748/748
f 749/749/749 768/768/768 748/748/748
f 767/767/767 731/731/731 769/769/769
f 779/779/779 755/755/755 756/756/756
f 756/756/756 789/789/789 779/779/779
f 755/755/755 779/779/779 780/780/780
f 754/754/754 773/773/773 776/776/776
f 752/752/752 774/774/774 775/775/775
f 753/753/753 776/776/776 774/774/774
f 755/755/755 780/780/780 773/773/773
f 766/766/766 764/764/764 767/767/767
f 740/740/740 764/764/764 739/739/739
f 734/734/734 739/739/739 764/764/764
f 764/764/764 740/740/740 735/735/735
f 894/894/894 740/740/740 739/739/739
f 767/767/767 764/764/764 735/735/735
f 731/731/731 767/767/767 735/735/735
f 751/751/751 775/775/775 765/765/765
f 789/789/789 756/756/756 778/778/778
f 870/870/870 868/868/868 873/873/873
f 871/871/871 870/870/870 741/741/741
f 860/860/860 871/871/871 859/859/859
f 741/741/741 859/859/859 871/871/871
f 861/861/861 869/869/869 860/860/860
f 871/871/871 860/860/860 869/869/869
f 835/835/835 874/874/874 876/876/876
f 869/869/869 861/861/861 876/876/876
f 876/876/876 862/862/862 835/835/835
f 863/863/863 877/877/877 835/835/835
f 880/880/880 837/837/837 836/836/836
f 836/836/836 877/877/877 864/864/864
f 862/862/862 876/876/876 861/861/861
f 864/864/864 877/877/877 863/863/863
f 836/836/836 864/864/864 865/865/865
f 866/866/866 880/880/880 865/865/865
f 865/865/865 880/880/880 836/836/836
f 867/867/867 881/881/881 866/866/866
f 880/880/880 866/866/866 881/881/881
f 867/867/867 890/890/890 878/878/878
f 890/890/890 819/819/819 888/888/888
f 831/831/831 833/833/833 888/888/888
f 819/819/819 820/820/820 888/888/888
f 867/867/867 819/819/819 890/890/890
f 867/867/867 878/878/878 881/881/881
f 820/820/820 832/832/832 888/888/888
f 862/862/862 863/863/863 835/835/835
f 841/841/841 894/894/894 744/744/744
f 821/821/821 843/843/843 832/832/832
f 822/822/822 844/844/844 840/840/840
f 840/840/840 843/843/843 821/821/821
f 832/832/832 831/831/831 888/888/888
f 745/745/745 841/841/841 842/842/842 852/852/852
f 841/841/841 745/745/745 740/740/740
f 823/823/823 848/848/848 838/838/838
f 847/847/847 848/848/848 824/824/824
f 857/857/857 745/745/745 852/852/852
f 838/838/838 844/844/844 823/823/823
f 894/894/894 841/841/841 740/740/740
f 823/823/823 824/824/824 848/848/848
f 844/844/844 822/822/822 823/823/823
f 825/825/825 851/851/851 824/824/824
f 824/824/824 851/851/851 847/847/847
f 826/826/826 849/849/849 825/825/825
f 851/851/851 825/825/825 849/849/849
f 854/854/854 856/856/856 826/826/826
f 852/852/852 853/853/853 857/857/857
f 854/854/854 827/827/827 858/858/858
f 857/857/857 858/858/858 746/746/746
f 827/827/827 746/746/746 858/858/858
f 826/826/826 827/827/827 854/854/854
f 826/826/826 856/856/856 849/849/849
f 745/745/745 857/857/857 746/746/746
f 821/821/821 822/822/822 840/840/840
f 821/821/821 832/832/832 820/820/820
f 741/741/741 870/870/870 873/873/873
