# Rhino

mtllib Lab_3.mtl
usemtl Default
v -2350 890 -30
v -2350 2250 -30
v -2350 890 -20
v -2350 2250 -20
v -2350 2206.129150390625 -30
v -2350 2162.258056640625 -30
v -2350 2118.38720703125 -30
v -2350 2074.51611328125 -30
v -2350 2030.6451416015625 -30
v -2350 1986.774169921875 -30
v -2350 1942.9031982421875 -30
v -2350 1899.0322265625 -30
v -2350 1855.1612548828125 -30
v -2350 1811.290283203125 -30
v -2350 1767.4193115234375 -30
v -2350 1723.54833984375 -30
v -2350 1679.6773681640625 -30
v -2350 1635.806396484375 -30
v -2350 1591.9354248046875 -30
v -2350 1548.0645751953125 -30
v -2350 1504.193603515625 -30
v -2350 1460.3226318359375 -30
v -2350 1416.45166015625 -30
v -2350 1372.5806884765625 -30
v -2350 1328.709716796875 -30
v -2350 1284.8387451171875 -30
v -2350 1240.9677734375 -30
v -2350 1197.0968017578125 -30
v -2350 1153.225830078125 -30
v -2350 1109.3548583984375 -30
v -2350 1065.48388671875 -30
v -2350 1021.6129150390625 -30
v -2350 977.741943359375 -30
v -2350 933.8709716796875 -30
v -2350 900 -20
v -2350 943.225830078125 -20
v -2350 986.45159912109375 -20
v -2350 1029.6773681640625 -20
v -2350 1072.9031982421875 -20
v -2350 1116.1290283203125 -20
v -2350 1159.3548583984375 -20
v -2350 1202.5806884765625 -20
v -2350 1245.806396484375 -20
v -2350 1289.0322265625 -20
v -2350 1332.258056640625 -20
v -2350 1375.48388671875 -20
v -2350 1418.709716796875 -20
v -2350 1461.9354248046875 -20
v -2350 1505.1612548828125 -20
v -2350 1548.3870849609375 -20
v -2350 1591.6129150390625 -20
v -2350 1634.8387451171875 -20
v -2350 1678.0645751953125 -20
v -2350 1721.290283203125 -20
v -2350 1764.51611328125 -20
v -2350 1807.741943359375 -20
v -2350 1850.9677734375 -20
v -2350 1894.193603515625 -20
v -2350 1937.4193115234375 -20
v -2350 1980.6451416015625 -20
v -2350 2023.8709716796875 -20
v -2350 2067.0966796875 -20
v -2350 2110.322509765625 -20
v -2350 2153.54833984375 -20
v -2350 2196.774169921875 -20
v -2350 2240 -20
v -2350 890 -30
v -2350 2250 -30
v -2350 933.8709716796875 -30
v -2350 977.741943359375 -30
v -2350 1021.6129150390625 -30
v -2350 1065.48388671875 -30
v -2350 1109.3548583984375 -30
v -2350 1153.225830078125 -30
v -2350 1197.0968017578125 -30
v -2350 1240.9677734375 -30
v -2350 1284.8387451171875 -30
v -2350 1328.709716796875 -30
v -2350 1372.5806884765625 -30
v -2350 1416.45166015625 -30
v -2350 1460.3226318359375 -30
v -2350 1504.193603515625 -30
v -2350 1548.0645751953125 -30
v -2350 1591.9354248046875 -30
v -2350 1635.806396484375 -30
v -2350 1679.6773681640625 -30
v -2350 1723.54833984375 -30
v -2350 1767.4193115234375 -30
v -2350 1811.290283203125 -30
v -2350 1855.1612548828125 -30
v -2350 1899.0322265625 -30
v -2350 1942.9031982421875 -30
v -2350 1986.774169921875 -30
v -2350 2030.6451416015625 -30
v -2350 2074.51611328125 -30
v -2350 2118.38720703125 -30
v -2350 2162.258056640625 -30
v -2350 2206.129150390625 -30
v -2340 2240 -20
v -2340 900 -20
v -2340 2196.774169921875 -20
v -2340 2153.54833984375 -20
v -2340 2110.322509765625 -20
v -2340 2067.0966796875 -20
v -2340 2023.8709716796875 -20
v -2340 1980.6451416015625 -20
v -2340 1937.4193115234375 -20
v -2340 1894.193603515625 -20
v -2340 1850.9677734375 -20
v -2340 1807.741943359375 -20
v -2340 1764.51611328125 -20
v -2340 1721.290283203125 -20
v -2340 1678.0645751953125 -20
v -2340 1634.8387451171875 -20
v -2340 1591.6129150390625 -20
v -2340 1548.3870849609375 -20
v -2340 1505.1612548828125 -20
v -2340 1461.9354248046875 -20
v -2340 1418.709716796875 -20
v -2340 1375.48388671875 -20
v -2340 1332.258056640625 -20
v -2340 1289.0322265625 -20
v -2340 1245.806396484375 -20
v -2340 1202.5806884765625 -20
v -2340 1159.3548583984375 -20
v -2340 1116.1290283203125 -20
v -2340 1072.9031982421875 -20
v -2340 1029.6773681640625 -20
v -2340 986.45159912109375 -20
v -2340 943.225830078125 -20
v -850 890 -30
v -850 2250 -30
v -850 2206.129150390625 -30
v -850 2162.258056640625 -30
v -850 2118.38720703125 -30
v -850 2074.51611328125 -30
v -850 2030.6451416015625 -30
v -850 1986.774169921875 -30
v -850 1942.9031982421875 -30
v -850 1899.0322265625 -30
v -850 1855.1612548828125 -30
v -850 1811.290283203125 -30
v -850 1767.4193115234375 -30
v -850 1723.54833984375 -30
v -850 1679.6773681640625 -30
v -850 1635.806396484375 -30
v -850 1591.9354248046875 -30
v -850 1548.0645751953125 -30
v -850 1504.193603515625 -30
v -850 1460.3226318359375 -30
v -850 1416.45166015625 -30
v -850 1372.5806884765625 -30
v -850 1328.709716796875 -30
v -850 1284.8387451171875 -30
v -850 1240.9677734375 -30
v -850 1197.0968017578125 -30
v -850 1153.225830078125 -30
v -850 1109.3548583984375 -30
v -850 1065.48388671875 -30
v -850 1021.6129150390625 -30
v -850 977.741943359375 -30
v -850 933.8709716796875 -30
v -860 2240 -20
v -860 900 -20
v -860 943.225830078125 -20
v -860 986.45159912109375 -20
v -860 1029.6773681640625 -20
v -860 1072.9031982421875 -20
v -860 1116.1290283203125 -20
v -860 1159.3548583984375 -20
v -860 1202.5806884765625 -20
v -860 1245.806396484375 -20
v -860 1289.0322265625 -20
v -860 1332.258056640625 -20
v -860 1375.48388671875 -20
v -860 1418.709716796875 -20
v -860 1461.9354248046875 -20
v -860 1505.1612548828125 -20
v -860 1548.3870849609375 -20
v -860 1591.6129150390625 -20
v -860 1634.8387451171875 -20
v -860 1678.0645751953125 -20
v -860 1721.290283203125 -20
v -860 1764.51611328125 -20
v -860 1807.741943359375 -20
v -860 1850.9677734375 -20
v -860 1894.193603515625 -20
v -860 1937.4193115234375 -20
v -860 1980.6451416015625 -20
v -860 2023.8709716796875 -20
v -860 2067.0966796875 -20
v -860 2110.322509765625 -20
v -860 2153.54833984375 -20
v -860 2196.774169921875 -20
v -850 890 -20
v -850 2250 -20
v -850 890 -30
v -850 2250 -30
v -850 933.8709716796875 -30
v -850 977.741943359375 -30
v -850 1021.6129150390625 -30
v -850 1065.48388671875 -30
v -850 1109.3548583984375 -30
v -850 1153.225830078125 -30
v -850 1197.0968017578125 -30
v -850 1240.9677734375 -30
v -850 1284.8387451171875 -30
v -850 1328.709716796875 -30
v -850 1372.5806884765625 -30
v -850 1416.45166015625 -30
v -850 1460.3226318359375 -30
v -850 1504.193603515625 -30
v -850 1548.0645751953125 -30
v -850 1591.9354248046875 -30
v -850 1635.806396484375 -30
v -850 1679.6773681640625 -30
v -850 1723.54833984375 -30
v -850 1767.4193115234375 -30
v -850 1811.290283203125 -30
v -850 1855.1612548828125 -30
v -850 1899.0322265625 -30
v -850 1942.9031982421875 -30
v -850 1986.774169921875 -30
v -850 2030.6451416015625 -30
v -850 2074.51611328125 -30
v -850 2118.38720703125 -30
v -850 2162.258056640625 -30
v -850 2206.129150390625 -30
v -850 2240 -20
v -850 2196.774169921875 -20
v -850 2153.54833984375 -20
v -850 2110.322509765625 -20
v -850 2067.0966796875 -20
v -850 2023.8709716796875 -20
v -850 1980.6451416015625 -20
v -850 1937.4193115234375 -20
v -850 1894.193603515625 -20
v -850 1850.9677734375 -20
v -850 1807.741943359375 -20
v -850 1764.51611328125 -20
v -850 1721.290283203125 -20
v -850 1678.0645751953125 -20
v -850 1634.8387451171875 -20
v -850 1591.6129150390625 -20
v -850 1548.3870849609375 -20
v -850 1505.1612548828125 -20
v -850 1461.9354248046875 -20
v -850 1418.709716796875 -20
v -850 1375.48388671875 -20
v -850 1332.258056640625 -20
v -850 1289.0322265625 -20
v -850 1245.806396484375 -20
v -850 1202.5806884765625 -20
v -850 1159.3548583984375 -20
v -850 1116.1290283203125 -20
v -850 1072.9031982421875 -20
v -850 1029.6773681640625 -20
v -850 986.45159912109375 -20
v -850 943.225830078125 -20
v -850 900 -20
v -850 2250 -20
v -2350 2250 -20
v -850 2250 -30
v -2350 2250 -30
v -2340 2250 -20
v -860 2250 -20
v -894.11767578125 2250 -30
v -938.23529052734375 2250 -30
v -982.35296630859375 2250 -30
v -1026.4705810546875 2250 -30
v -1070.5882568359375 2250 -30
v -1114.7059326171875 2250 -30
v -1158.823486328125 2250 -30
v -1202.941162109375 2250 -30
v -1247.058837890625 2250 -30
v -1291.176513671875 2250 -30
v -1335.2940673828125 2250 -30
v -1379.4117431640625 2250 -30
v -1423.5294189453125 2250 -30
v -1467.6470947265625 2250 -30
v -1511.7646484375 2250 -30
v -1555.88232421875 2250 -30
v -1600 2250 -30
v -1644.11767578125 2250 -30
v -1688.2353515625 2250 -30
v -1732.3529052734375 2250 -30
v -1776.4705810546875 2250 -30
v -1820.5882568359375 2250 -30
v -1864.7059326171875 2250 -30
v -1908.823486328125 2250 -30
v -1952.941162109375 2250 -30
v -1997.058837890625 2250 -30
v -2041.176513671875 2250 -30
v -2085.294189453125 2250 -30
v -2129.411865234375 2250 -30
v -2173.529296875 2250 -30
v -2217.64697265625 2250 -30
v -2261.7646484375 2250 -30
v -2305.88232421875 2250 -30
v -2295.151611328125 2250 -20
v -2250.302978515625 2250 -20
v -2205.45458984375 2250 -20
v -2160.60595703125 2250 -20
v -2115.757568359375 2250 -20
v -2070.9091796875 2250 -20
v -2026.060546875 2250 -20
v -1981.212158203125 2250 -20
v -1936.3636474609375 2250 -20
v -1891.51513671875 2250 -20
v -1846.6666259765625 2250 -20
v -1801.8182373046875 2250 -20
v -1756.9697265625 2250 -20
v -1712.1212158203125 2250 -20
v -1667.272705078125 2250 -20
v -1622.4241943359375 2250 -20
v -1577.5758056640625 2250 -20
v -1532.727294921875 2250 -20
v -1487.8787841796875 2250 -20
v -1443.0302734375 2250 -20
v -1398.1817626953125 2250 -20
v -1353.3333740234375 2250 -20
v -1308.48486328125 2250 -20
v -1263.6363525390625 2250 -20
v -1218.787841796875 2250 -20
v -1173.939453125 2250 -20
v -1129.0909423828125 2250 -20
v -1084.242431640625 2250 -20
v -1039.3939208984375 2250 -20
v -994.54547119140625 2250 -20
v -949.69696044921875 2250 -20
v -904.8485107421875 2250 -20
v -860 890 -20
v -860 2250 -20
v -850 890 -20
v -850 2250 -20
v -860 900 -20
v -860 2240 -20
v -860 2196.774169921875 -20
v -860 2153.54833984375 -20
v -860 2110.322509765625 -20
v -860 2067.0966796875 -20
v -860 2023.8709716796875 -20
v -860 1980.6451416015625 -20
v -860 1937.4193115234375 -20
v -860 1894.193603515625 -20
v -860 1850.9677734375 -20
v -860 1807.741943359375 -20
v -860 1764.51611328125 -20
v -860 1721.290283203125 -20
v -860 1678.0645751953125 -20
v -860 1634.8387451171875 -20
v -860 1591.6129150390625 -20
v -860 1548.3870849609375 -20
v -860 1505.1612548828125 -20
v -860 1461.9354248046875 -20
v -860 1418.709716796875 -20
v -860 1375.48388671875 -20
v -860 1332.258056640625 -20
v -860 1289.0322265625 -20
v -860 1245.806396484375 -20
v -860 1202.5806884765625 -20
v -860 1159.3548583984375 -20
v -860 1116.1290283203125 -20
v -860 1072.9031982421875 -20
v -860 1029.6773681640625 -20
v -860 986.45159912109375 -20
v -860 943.225830078125 -20
v -850 900 -20
v -850 943.225830078125 -20
v -850 986.45159912109375 -20
v -850 1029.6773681640625 -20
v -850 1072.9031982421875 -20
v -850 1116.1290283203125 -20
v -850 1159.3548583984375 -20
v -850 1202.5806884765625 -20
v -850 1245.806396484375 -20
v -850 1289.0322265625 -20
v -850 1332.258056640625 -20
v -850 1375.48388671875 -20
v -850 1418.709716796875 -20
v -850 1461.9354248046875 -20
v -850 1505.1612548828125 -20
v -850 1548.3870849609375 -20
v -850 1591.6129150390625 -20
v -850 1634.8387451171875 -20
v -850 1678.0645751953125 -20
v -850 1721.290283203125 -20
v -850 1764.51611328125 -20
v -850 1807.741943359375 -20
v -850 1850.9677734375 -20
v -850 1894.193603515625 -20
v -850 1937.4193115234375 -20
v -850 1980.6451416015625 -20
v -850 2023.8709716796875 -20
v -850 2067.0966796875 -20
v -850 2110.322509765625 -20
v -850 2153.54833984375 -20
v -850 2196.774169921875 -20
v -850 2240 -20
v -850 890 -30
v -2350 890 -30
v -850 890 -20
v -2350 890 -20
v -2340 890 -20
v -860 890 -20
v -2305.88232421875 890 -30
v -2261.7646484375 890 -30
v -2217.64697265625 890 -30
v -2173.529296875 890 -30
v -2129.411865234375 890 -30
v -2085.294189453125 890 -30
v -2041.176513671875 890 -30
v -1997.058837890625 890 -30
v -1952.941162109375 890 -30
v -1908.823486328125 890 -30
v -1864.7059326171875 890 -30
v -1820.5882568359375 890 -30
v -1776.4705810546875 890 -30
v -1732.3529052734375 890 -30
v -1688.2353515625 890 -30
v -1644.11767578125 890 -30
v -1600 890 -30
v -1555.88232421875 890 -30
v -1511.7646484375 890 -30
v -1467.6470947265625 890 -30
v -1423.5294189453125 890 -30
v -1379.4117431640625 890 -30
v -1335.2940673828125 890 -30
v -1291.176513671875 890 -30
v -1247.058837890625 890 -30
v -1202.941162109375 890 -30
v -1158.823486328125 890 -30
v -1114.7059326171875 890 -30
v -1070.5882568359375 890 -30
v -1026.4705810546875 890 -30
v -982.35296630859375 890 -30
v -938.23529052734375 890 -30
v -894.11767578125 890 -30
v -904.8485107421875 890 -20
v -949.69696044921875 890 -20
v -994.54547119140625 890 -20
v -1039.3939208984375 890 -20
v -1084.242431640625 890 -20
v -1129.0909423828125 890 -20
v -1173.939453125 890 -20
v -1218.787841796875 890 -20
v -1263.6363525390625 890 -20
v -1308.48486328125 890 -20
v -1353.3333740234375 890 -20
v -1398.1817626953125 890 -20
v -1443.0302734375 890 -20
v -1487.8787841796875 890 -20
v -1532.727294921875 890 -20
v -1577.5758056640625 890 -20
v -1622.4241943359375 890 -20
v -1667.272705078125 890 -20
v -1712.1212158203125 890 -20
v -1756.9697265625 890 -20
v -1801.8182373046875 890 -20
v -1846.6666259765625 890 -20
v -1891.51513671875 890 -20
v -1936.3636474609375 890 -20
v -1981.212158203125 890 -20
v -2026.060546875 890 -20
v -2070.9091796875 890 -20
v -2115.757568359375 890 -20
v -2160.60595703125 890 -20
v -2205.45458984375 890 -20
v -2250.302978515625 890 -20
v -2295.151611328125 890 -20
v -2350 890 -20
v -2350 2250 -20
v -2340 890 -20
v -2340 2250 -20
v -2340 900 -20
v -2340 2240 -20
v -2340 943.225830078125 -20
v -2340 986.45159912109375 -20
v -2340 1029.6773681640625 -20
v -2340 1072.9031982421875 -20
v -2340 1116.1290283203125 -20
v -2340 1159.3548583984375 -20
v -2340 1202.5806884765625 -20
v -2340 1245.806396484375 -20
v -2340 1289.0322265625 -20
v -2340 1332.258056640625 -20
v -2340 1375.48388671875 -20
v -2340 1418.709716796875 -20
v -2340 1461.9354248046875 -20
v -2340 1505.1612548828125 -20
v -2340 1548.3870849609375 -20
v -2340 1591.6129150390625 -20
v -2340 1634.8387451171875 -20
v -2340 1678.0645751953125 -20
v -2340 1721.290283203125 -20
v -2340 1764.51611328125 -20
v -2340 1807.741943359375 -20
v -2340 1850.9677734375 -20
v -2340 1894.193603515625 -20
v -2340 1937.4193115234375 -20
v -2340 1980.6451416015625 -20
v -2340 2023.8709716796875 -20
v -2340 2067.0966796875 -20
v -2340 2110.322509765625 -20
v -2340 2153.54833984375 -20
v -2340 2196.774169921875 -20
v -2350 2240 -20
v -2350 2196.774169921875 -20
v -2350 2153.54833984375 -20
v -2350 2110.322509765625 -20
v -2350 2067.0966796875 -20
v -2350 2023.8709716796875 -20
v -2350 1980.6451416015625 -20
v -2350 1937.4193115234375 -20
v -2350 1894.193603515625 -20
v -2350 1850.9677734375 -20
v -2350 1807.741943359375 -20
v -2350 1764.51611328125 -20
v -2350 1721.290283203125 -20
v -2350 1678.0645751953125 -20
v -2350 1634.8387451171875 -20
v -2350 1591.6129150390625 -20
v -2350 1548.3870849609375 -20
v -2350 1505.1612548828125 -20
v -2350 1461.9354248046875 -20
v -2350 1418.709716796875 -20
v -2350 1375.48388671875 -20
v -2350 1332.258056640625 -20
v -2350 1289.0322265625 -20
v -2350 1245.806396484375 -20
v -2350 1202.5806884765625 -20
v -2350 1159.3548583984375 -20
v -2350 1116.1290283203125 -20
v -2350 1072.9031982421875 -20
v -2350 1029.6773681640625 -20
v -2350 986.45159912109375 -20
v -2350 943.225830078125 -20
v -2350 900 -20
v -860 2240 -20
v -860 2250 -20
v -2340 2240 -20
v -2295.151611328125 2240 -20
v -2250.302978515625 2240 -20
v -2205.45458984375 2240 -20
v -2160.60595703125 2240 -20
v -2115.757568359375 2240 -20
v -2070.9091796875 2240 -20
v -2026.060546875 2240 -20
v -1981.212158203125 2240 -20
v -1936.3636474609375 2240 -20
v -1891.51513671875 2240 -20
v -1846.6666259765625 2240 -20
v -1801.8182373046875 2240 -20
v -1756.9697265625 2240 -20
v -1712.1212158203125 2240 -20
v -1667.272705078125 2240 -20
v -1622.4241943359375 2240 -20
v -1577.5758056640625 2240 -20
v -1532.727294921875 2240 -20
v -1487.8787841796875 2240 -20
v -1443.0302734375 2240 -20
v -1398.1817626953125 2240 -20
v -1353.3333740234375 2240 -20
v -1308.48486328125 2240 -20
v -1263.6363525390625 2240 -20
v -1218.787841796875 2240 -20
v -1173.939453125 2240 -20
v -1129.0909423828125 2240 -20
v -1084.242431640625 2240 -20
v -1039.3939208984375 2240 -20
v -994.54547119140625 2240 -20
v -949.69696044921875 2240 -20
v -904.8485107421875 2240 -20
v -904.8485107421875 2250 -20
v -949.69696044921875 2250 -20
v -994.54547119140625 2250 -20
v -1039.3939208984375 2250 -20
v -1084.242431640625 2250 -20
v -1129.0909423828125 2250 -20
v -1173.939453125 2250 -20
v -1218.787841796875 2250 -20
v -1263.6363525390625 2250 -20
v -1308.48486328125 2250 -20
v -1353.3333740234375 2250 -20
v -1398.1817626953125 2250 -20
v -1443.0302734375 2250 -20
v -1487.8787841796875 2250 -20
v -1532.727294921875 2250 -20
v -1577.5758056640625 2250 -20
v -1622.4241943359375 2250 -20
v -1667.272705078125 2250 -20
v -1712.1212158203125 2250 -20
v -1756.9697265625 2250 -20
v -1801.8182373046875 2250 -20
v -1846.6666259765625 2250 -20
v -1891.51513671875 2250 -20
v -1936.3636474609375 2250 -20
v -1981.212158203125 2250 -20
v -2026.060546875 2250 -20
v -2070.9091796875 2250 -20
v -2115.757568359375 2250 -20
v -2160.60595703125 2250 -20
v -2205.45458984375 2250 -20
v -2250.302978515625 2250 -20
v -2295.151611328125 2250 -20
v -2340 2250 -20
v -850 2250 -30
v -1600 2250 -30
v -2350 2250 -30
v -2305.88232421875 2250 -30
v -2261.7646484375 2250 -30
v -2217.64697265625 2250 -30
v -2173.529296875 2250 -30
v -2129.411865234375 2250 -30
v -2085.294189453125 2250 -30
v -2041.176513671875 2250 -30
v -1997.058837890625 2250 -30
v -1952.941162109375 2250 -30
v -1908.823486328125 2250 -30
v -1864.7059326171875 2250 -30
v -1820.5882568359375 2250 -30
v -1776.4705810546875 2250 -30
v -1732.3529052734375 2250 -30
v -1688.2353515625 2250 -30
v -1644.11767578125 2250 -30
v -1555.88232421875 2250 -30
v -1511.7646484375 2250 -30
v -1467.6470947265625 2250 -30
v -1423.5294189453125 2250 -30
v -1379.4117431640625 2250 -30
v -1335.2940673828125 2250 -30
v -1291.176513671875 2250 -30
v -1247.058837890625 2250 -30
v -1202.941162109375 2250 -30
v -1158.823486328125 2250 -30
v -1114.7059326171875 2250 -30
v -1070.5882568359375 2250 -30
v -1026.4705810546875 2250 -30
v -982.35296630859375 2250 -30
v -938.23529052734375 2250 -30
v -894.11767578125 2250 -30
v -860 2240 -20
v -904.8485107421875 2240 -20
v -949.69696044921875 2240 -20
v -994.54547119140625 2240 -20
v -1039.3939208984375 2240 -20
v -1084.242431640625 2240 -20
v -1129.0909423828125 2240 -20
v -1173.939453125 2240 -20
v -1218.787841796875 2240 -20
v -1263.6363525390625 2240 -20
v -1308.48486328125 2240 -20
v -1353.3333740234375 2240 -20
v -1398.1817626953125 2240 -20
v -1443.0302734375 2240 -20
v -1487.8787841796875 2240 -20
v -1532.727294921875 2240 -20
v -1577.5758056640625 2240 -20
v -1622.4241943359375 2240 -20
v -1667.272705078125 2240 -20
v -1712.1212158203125 2240 -20
v -1756.9697265625 2240 -20
v -1801.8182373046875 2240 -20
v -1846.6666259765625 2240 -20
v -1891.51513671875 2240 -20
v -1936.3636474609375 2240 -20
v -1981.212158203125 2240 -20
v -2026.060546875 2240 -20
v -2070.9091796875 2240 -20
v -2115.757568359375 2240 -20
v -2160.60595703125 2240 -20
v -2205.45458984375 2240 -20
v -2250.302978515625 2240 -20
v -2295.151611328125 2240 -20
v -2340 2240 -20
v -2340 900 -20
v -2340 890 -20
v -860 890 -20
v -860 900 -20
v -2295.151611328125 890 -20
v -2250.302978515625 890 -20
v -2205.45458984375 890 -20
v -2160.60595703125 890 -20
v -2115.757568359375 890 -20
v -2070.9091796875 890 -20
v -2026.060546875 890 -20
v -1981.212158203125 890 -20
v -1936.3636474609375 890 -20
v -1891.51513671875 890 -20
v -1846.6666259765625 890 -20
v -1801.8182373046875 890 -20
v -1756.9697265625 890 -20
v -1712.1212158203125 890 -20
v -1667.272705078125 890 -20
v -1622.4241943359375 890 -20
v -1577.5758056640625 890 -20
v -1532.727294921875 890 -20
v -1487.8787841796875 890 -20
v -1443.0302734375 890 -20
v -1398.1817626953125 890 -20
v -1353.3333740234375 890 -20
v -1308.48486328125 890 -20
v -1263.6363525390625 890 -20
v -1218.787841796875 890 -20
v -1173.939453125 890 -20
v -1129.0909423828125 890 -20
v -1084.242431640625 890 -20
v -1039.3939208984375 890 -20
v -994.54547119140625 890 -20
v -949.69696044921875 890 -20
v -904.8485107421875 890 -20
v -904.8485107421875 900 -20
v -949.69696044921875 900 -20
v -994.54547119140625 900 -20
v -1039.3939208984375 900 -20
v -1084.242431640625 900 -20
v -1129.0909423828125 900 -20
v -1173.939453125 900 -20
v -1218.787841796875 900 -20
v -1263.6363525390625 900 -20
v -1308.48486328125 900 -20
v -1353.3333740234375 900 -20
v -1398.1817626953125 900 -20
v -1443.0302734375 900 -20
v -1487.8787841796875 900 -20
v -1532.727294921875 900 -20
v -1577.5758056640625 900 -20
v -1622.4241943359375 900 -20
v -1667.272705078125 900 -20
v -1712.1212158203125 900 -20
v -1756.9697265625 900 -20
v -1801.8182373046875 900 -20
v -1846.6666259765625 900 -20
v -1891.51513671875 900 -20
v -1936.3636474609375 900 -20
v -1981.212158203125 900 -20
v -2026.060546875 900 -20
v -2070.9091796875 900 -20
v -2115.757568359375 900 -20
v -2160.60595703125 900 -20
v -2205.45458984375 900 -20
v -2250.302978515625 900 -20
v -2295.151611328125 900 -20
v -850 890 -30
v -1600 890 -30
v -2350 890 -30
v -894.11767578125 890 -30
v -938.23529052734375 890 -30
v -982.35296630859375 890 -30
v -1026.4705810546875 890 -30
v -1070.5882568359375 890 -30
v -1114.7059326171875 890 -30
v -1158.823486328125 890 -30
v -1202.941162109375 890 -30
v -1247.058837890625 890 -30
v -1291.176513671875 890 -30
v -1335.2940673828125 890 -30
v -1379.4117431640625 890 -30
v -1423.5294189453125 890 -30
v -1467.6470947265625 890 -30
v -1511.7646484375 890 -30
v -1555.88232421875 890 -30
v -1644.11767578125 890 -30
v -1688.2353515625 890 -30
v -1732.3529052734375 890 -30
v -1776.4705810546875 890 -30
v -1820.5882568359375 890 -30
v -1864.7059326171875 890 -30
v -1908.823486328125 890 -30
v -1952.941162109375 890 -30
v -1997.058837890625 890 -30
v -2041.176513671875 890 -30
v -2085.294189453125 890 -30
v -2129.411865234375 890 -30
v -2173.529296875 890 -30
v -2217.64697265625 890 -30
v -2261.7646484375 890 -30
v -2305.88232421875 890 -30
v -860 900 -20
v -2340 900 -20
v -2295.151611328125 900 -20
v -2250.302978515625 900 -20
v -2205.45458984375 900 -20
v -2160.60595703125 900 -20
v -2115.757568359375 900 -20
v -2070.9091796875 900 -20
v -2026.060546875 900 -20
v -1981.212158203125 900 -20
v -1936.3636474609375 900 -20
v -1891.51513671875 900 -20
v -1846.6666259765625 900 -20
v -1801.8182373046875 900 -20
v -1756.9697265625 900 -20
v -1712.1212158203125 900 -20
v -1667.272705078125 900 -20
v -1622.4241943359375 900 -20
v -1577.5758056640625 900 -20
v -1532.727294921875 900 -20
v -1487.8787841796875 900 -20
v -1443.0302734375 900 -20
v -1398.1817626953125 900 -20
v -1353.3333740234375 900 -20
v -1308.48486328125 900 -20
v -1263.6363525390625 900 -20
v -1218.787841796875 900 -20
v -1173.939453125 900 -20
v -1129.0909423828125 900 -20
v -1084.242431640625 900 -20
v -1039.3939208984375 900 -20
v -994.54547119140625 900 -20
v -949.69696044921875 900 -20
v -904.8485107421875 900 -20
vt 0.9083939790725708 0.09064038097858429
vt 0.018507204949855804 0.09064038097858429
vt 0.9083939790725708 0.097183667123317719
vt 0.018507204949855804 0.097183667123317719
vt 0.047213256359100342 0.09064038097858429
vt 0.075919255614280701 0.09064038097858429
vt 0.10462530702352524 0.09064038097858429
vt 0.133331298828125 0.09064038097858429
vt 0.16203735768795013 0.09064038097858429
vt 0.19074335694313049 0.09064038097858429
vt 0.21944940090179443 0.09064038097858429
vt 0.24815540015697479 0.09064038097858429
vt 0.27686145901679993 0.09064038097858429
vt 0.30556744337081909 0.09064038097858429
vt 0.33427351713180542 0.09064038097858429
vt 0.36297950148582458 0.09064038097858429
vt 0.39168554544448853 0.09064038097858429
vt 0.42039155960083008 0.09064038097858429
vt 0.44909760355949402 0.09064038097858429
vt 0.47780361771583557 0.09064038097858429
vt 0.50650966167449951 0.09064038097858429
vt 0.53521567583084106 0.09064038097858429
vt 0.56392168998718262 0.09064038097858429
vt 0.59262770414352417 0.09064038097858429
vt 0.6213337779045105 0.09064038097858429
vt 0.65003979206085205 0.09064038097858429
vt 0.6787458062171936 0.09064038097858429
vt 0.70745182037353516 0.09064038097858429
vt 0.73615783452987671 0.09064038097858429
vt 0.76486390829086304 0.09064038097858429
vt 0.79356992244720459 0.09064038097858429
vt 0.82227593660354614 0.09064038097858429
vt 0.8509819507598877 0.09064038097858429
vt 0.87968796491622925 0.09064038097858429
vt 0.90185070037841797 0.097183667123317719
vt 0.87356686592102051 0.097183667123317719
vt 0.84528297185897827 0.097183667123317719
vt 0.81699907779693604 0.097183667123317719
vt 0.78871524333953857 0.097183667123317719
vt 0.76043134927749634 0.097183667123317719
vt 0.7321474552154541 0.097183667123317719
vt 0.70386356115341187 0.097183667123317719
vt 0.67557966709136963 0.097183667123317719
vt 0.64729583263397217 0.097183667123317719
vt 0.61901193857192993 0.097183667123317719
vt 0.5907280445098877 0.097183667123317719
vt 0.56244421005249023 0.097183667123317719
vt 0.534160315990448 0.097183667123317719
vt 0.50587642192840576 0.097183667123317719
vt 0.47759255766868591 0.097183667123317719
vt 0.44930866360664368 0.097183667123317719
vt 0.42102476954460144 0.097183667123317719
vt 0.39274093508720398 0.097183667123317719
vt 0.36445701122283936 0.097183667123317719
vt 0.33617311716079712 0.097183667123317719
vt 0.30788928270339966 0.097183667123317719
vt 0.27960538864135742 0.097183667123317719
vt 0.25132149457931519 0.097183667123317719
vt 0.22303766012191772 0.097183667123317719
vt 0.19475376605987549 0.097183667123317719
vt 0.16646987199783325 0.097183667123317719
vt 0.1381860226392746 0.097183667123317719
vt 0.10990212857723236 0.097183667123317719
vt 0.081618234515190125 0.097183667123317719
vt 0.053334392607212067 0.097183667123317719
vt 0.025050496682524681 0.097183667123317719
vt 0.9083939790725708 0.5
vt 0.018507204949855804 0.5
vt 0.87968796491622925 0.5
vt 0.8509819507598877 0.5
vt 0.82227593660354614 0.5
vt 0.79356992244720459 0.5
vt 0.76486390829086304 0.5
vt 0.73615783452987671 0.5
vt 0.70745182037353516 0.5
vt 0.6787458062171936 0.5
vt 0.65003979206085205 0.5
vt 0.6213337779045105 0.5
vt 0.59262770414352417 0.5
vt 0.56392168998718262 0.5
vt 0.53521567583084106 0.5
vt 0.50650966167449951 0.5
vt 0.47780361771583557 0.5
vt 0.44909760355949402 0.5
vt 0.42039155960083008 0.5
vt 0.39168554544448853 0.5
vt 0.36297950148582458 0.5
vt 0.33427351713180542 0.5
vt 0.30556744337081909 0.5
vt 0.27686145901679993 0.5
vt 0.24815540015697479 0.5
vt 0.21944940090179443 0.5
vt 0.19074335694313049 0.5
vt 0.16203735768795013 0.5
vt 0.133331298828125 0.5
vt 0.10462530702352524 0.5
vt 0.075919255614280701 0.5
vt 0.047213256359100342 0.5
vt 0.025050496682524681 0.49074640870094299
vt 0.90185070037841797 0.49074640870094299
vt 0.053334392607212067 0.49074640870094299
vt 0.081618234515190125 0.49074640870094299
vt 0.10990212857723236 0.49074640870094299
vt 0.1381860226392746 0.49074640870094299
vt 0.16646987199783325 0.49074640870094299
vt 0.19475376605987549 0.49074640870094299
vt 0.22303766012191772 0.49074640870094299
vt 0.25132149457931519 0.49074640870094299
vt 0.27960538864135742 0.49074640870094299
vt 0.30788928270339966 0.49074640870094299
vt 0.33617311716079712 0.49074640870094299
vt 0.36445701122283936 0.49074640870094299
vt 0.39274093508720398 0.49074640870094299
vt 0.42102476954460144 0.49074640870094299
vt 0.44930866360664368 0.49074640870094299
vt 0.47759255766868591 0.49074640870094299
vt 0.50587642192840576 0.49074640870094299
vt 0.534160315990448 0.49074640870094299
vt 0.56244421005249023 0.49074640870094299
vt 0.5907280445098877 0.49074640870094299
vt 0.61901193857192993 0.49074640870094299
vt 0.64729583263397217 0.49074640870094299
vt 0.67557966709136963 0.49074640870094299
vt 0.70386356115341187 0.49074640870094299
vt 0.7321474552154541 0.49074640870094299
vt 0.76043134927749634 0.49074640870094299
vt 0.78871524333953857 0.49074640870094299
vt 0.81699907779693604 0.49074640870094299
vt 0.84528297185897827 0.49074640870094299
vt 0.87356686592102051 0.49074640870094299
vt 0.9083939790725708 0.36256152391433716
vt 0.018507204949855804 0.36256152391433716
vt 0.047213256359100342 0.36256152391433716
vt 0.075919255614280701 0.36256152391433716
vt 0.10462530702352524 0.36256152391433716
vt 0.133331298828125 0.36256152391433716
vt 0.16203735768795013 0.36256152391433716
vt 0.19074335694313049 0.36256152391433716
vt 0.21944940090179443 0.36256152391433716
vt 0.24815540015697479 0.36256152391433716
vt 0.27686145901679993 0.36256152391433716
vt 0.30556744337081909 0.36256152391433716
vt 0.33427351713180542 0.36256152391433716
vt 0.36297950148582458 0.36256152391433716
vt 0.39168554544448853 0.36256152391433716
vt 0.42039155960083008 0.36256152391433716
vt 0.44909760355949402 0.36256152391433716
vt 0.47780361771583557 0.36256152391433716
vt 0.50650966167449951 0.36256152391433716
vt 0.53521567583084106 0.36256152391433716
vt 0.56392168998718262 0.36256152391433716
vt 0.59262770414352417 0.36256152391433716
vt 0.6213337779045105 0.36256152391433716
vt 0.65003979206085205 0.36256152391433716
vt 0.6787458062171936 0.36256152391433716
vt 0.70745182037353516 0.36256152391433716
vt 0.73615783452987671 0.36256152391433716
vt 0.76486390829086304 0.36256152391433716
vt 0.79356992244720459 0.36256152391433716
vt 0.82227593660354614 0.36256152391433716
vt 0.8509819507598877 0.36256152391433716
vt 0.87968796491622925 0.36256152391433716
vt 0.025050496682524681 0.37181514501571655
vt 0.90185070037841797 0.37181514501571655
vt 0.87356686592102051 0.37181514501571655
vt 0.84528297185897827 0.37181514501571655
vt 0.81699907779693604 0.37181514501571655
vt 0.78871524333953857 0.37181514501571655
vt 0.76043134927749634 0.37181514501571655
vt 0.7321474552154541 0.37181514501571655
vt 0.70386356115341187 0.37181514501571655
vt 0.67557966709136963 0.37181514501571655
vt 0.64729583263397217 0.37181514501571655
vt 0.61901193857192993 0.37181514501571655
vt 0.5907280445098877 0.37181514501571655
vt 0.56244421005249023 0.37181514501571655
vt 0.534160315990448 0.37181514501571655
vt 0.50587642192840576 0.37181514501571655
vt 0.47759255766868591 0.37181514501571655
vt 0.44930866360664368 0.37181514501571655
vt 0.42102476954460144 0.37181514501571655
vt 0.39274093508720398 0.37181514501571655
vt 0.36445701122283936 0.37181514501571655
vt 0.33617311716079712 0.37181514501571655
vt 0.30788928270339966 0.37181514501571655
vt 0.27960538864135742 0.37181514501571655
vt 0.25132149457931519 0.37181514501571655
vt 0.22303766012191772 0.37181514501571655
vt 0.19475376605987549 0.37181514501571655
vt 0.16646987199783325 0.37181514501571655
vt 0.1381860226392746 0.37181514501571655
vt 0.10990212857723236 0.37181514501571655
vt 0.081618234515190125 0.37181514501571655
vt 0.053334392607212067 0.37181514501571655
vt 0.9083939790725708 0
vt 0.018507204949855804 0
vt 0.9083939790725708 0.0065432852134108543
vt 0.018507204949855804 0.0065432852134108543
vt 0.87968796491622925 0.0065432852134108543
vt 0.8509819507598877 0.0065432852134108543
vt 0.82227593660354614 0.0065432852134108543
vt 0.79356992244720459 0.0065432852134108543
vt 0.76486390829086304 0.0065432852134108543
vt 0.73615783452987671 0.0065432852134108543
vt 0.70745182037353516 0.0065432852134108543
vt 0.6787458062171936 0.0065432852134108543
vt 0.65003979206085205 0.0065432852134108543
vt 0.6213337779045105 0.0065432852134108543
vt 0.59262770414352417 0.0065432852134108543
vt 0.56392168998718262 0.0065432852134108543
vt 0.53521567583084106 0.0065432852134108543
vt 0.50650966167449951 0.0065432852134108543
vt 0.47780361771583557 0.0065432852134108543
vt 0.44909760355949402 0.0065432852134108543
vt 0.42039155960083008 0.0065432852134108543
vt 0.39168554544448853 0.0065432852134108543
vt 0.36297950148582458 0.0065432852134108543
vt 0.33427351713180542 0.0065432852134108543
vt 0.30556744337081909 0.0065432852134108543
vt 0.27686145901679993 0.0065432852134108543
vt 0.24815540015697479 0.0065432852134108543
vt 0.21944940090179443 0.0065432852134108543
vt 0.19074335694313049 0.0065432852134108543
vt 0.16203735768795013 0.0065432852134108543
vt 0.133331298828125 0.0065432852134108543
vt 0.10462530702352524 0.0065432852134108543
vt 0.075919255614280701 0.0065432852134108543
vt 0.047213256359100342 0.0065432852134108543
vt 0.025050496682524681 0
vt 0.053334392607212067 0
vt 0.081618234515190125 0
vt 0.10990212857723236 0
vt 0.1381860226392746 0
vt 0.16646987199783325 0
vt 0.19475376605987549 0
vt 0.22303766012191772 0
vt 0.25132149457931519 0
vt 0.27960538864135742 0
vt 0.30788928270339966 0
vt 0.33617311716079712 0
vt 0.36445701122283936 0
vt 0.39274093508720398 0
vt 0.42102476954460144 0
vt 0.44930866360664368 0
vt 0.47759255766868591 0
vt 0.50587642192840576 0
vt 0.534160315990448 0
vt 0.56244421005249023 0
vt 0.5907280445098877 0
vt 0.61901193857192993 0
vt 0.64729583263397217 0
vt 0.67557966709136963 0
vt 0.70386356115341187 0
vt 0.7321474552154541 0
vt 0.76043134927749634 0
vt 0.78871524333953857 0
vt 0.81699907779693604 0
vt 0.84528297185897827 0
vt 0.87356686592102051 0
vt 0.90185070037841797 0
vt 0.99853515625 0.70957165956497192
vt 0.018507204949855804 0.70957165956497192
vt 0.99853515625 0.71611493825912476
vt 0.018507204949855804 0.71611493825912476
vt 0.025040719658136368 0.70957165956497192
vt 0.99200165271759033 0.70957165956497192
vt 0.9697108268737793 0.71611493825912476
vt 0.94088643789291382 0.71611493825912476
vt 0.91206210851669312 0.71611493825912476
vt 0.88323777914047241 0.71611493825912476
vt 0.85441339015960693 0.71611493825912476
vt 0.82558906078338623 0.71611493825912476
vt 0.79676467180252075 0.71611493825912476
vt 0.76794034242630005 0.71611493825912476
vt 0.73911595344543457 0.71611493825912476
vt 0.71029162406921387 0.71611493825912476
vt 0.68146729469299316 0.71611493825912476
vt 0.65264290571212769 0.71611493825912476
vt 0.62381857633590698 0.71611493825912476
vt 0.59499424695968628 0.71611493825912476
vt 0.5661698579788208 0.71611493825912476
vt 0.5373455286026001 0.71611493825912476
vt 0.50852119922637939 0.71611493825912476
vt 0.47969681024551392 0.71611493825912476
vt 0.45087248086929321 0.71611493825912476
vt 0.42204809188842773 0.71611493825912476
vt 0.39322379231452942 0.71611493825912476
vt 0.36439940333366394 0.71611493825912476
vt 0.33557507395744324 0.71611493825912476
vt 0.30675071477890015 0.71611493825912476
vt 0.27792638540267944 0.71611493825912476
vt 0.24910199642181396 0.71611493825912476
vt 0.22027768194675446 0.71611493825912476
vt 0.19145330786705017 0.71611493825912476
vt 0.16262897849082947 0.71611493825912476
vt 0.13380460441112518 0.71611493825912476
vt 0.10498028248548508 0.71611493825912476
vt 0.076155908405780792 0.71611493825912476
vt 0.047331582754850388 0.71611493825912476
vt 0.054342575371265411 0.70957165956497192
vt 0.083644434809684753 0.70957165956497192
vt 0.1129462867975235 0.70957165956497192
vt 0.14224809408187866 0.70957165956497192
vt 0.17154994606971741 0.70957165956497192
vt 0.20085179805755615 0.70957165956497192
vt 0.23015366494655609 0.70957165956497192
vt 0.25945550203323364 0.70957165956497192
vt 0.28875732421875 0.70957165956497192
vt 0.31805917620658875 0.70957165956497192
vt 0.34736102819442749 0.70957165956497192
vt 0.37666288018226624 0.70957165956497192
vt 0.40596473217010498 0.70957165956497192
vt 0.43526652455329895 0.70957165956497192
vt 0.46456840634346008 0.70957165956497192
vt 0.49387025833129883 0.70957165956497192
vt 0.52317208051681519 0.70957165956497192
vt 0.55247396230697632 0.70957165956497192
vt 0.58177578449249268 0.70957165956497192
vt 0.61107766628265381 0.70957165956497192
vt 0.64037948846817017 0.70957165956497192
vt 0.66968131065368652 0.70957165956497192
vt 0.69898319244384766 0.70957165956497192
vt 0.72828501462936401 0.70957165956497192
vt 0.75758689641952515 0.70957165956497192
vt 0.7868887186050415 0.70957165956497192
vt 0.81619054079055786 0.70957165956497192
vt 0.84549242258071899 0.70957165956497192
vt 0.87479424476623535 0.70957165956497192
vt 0.90409612655639648 0.70957165956497192
vt 0.93339794874191284 0.70957165956497192
vt 0.9626997709274292 0.70957165956497192
vt 0.9083939790725708 0.27192115783691406
vt 0.018507204949855804 0.27192115783691406
vt 0.9083939790725708 0.27846443653106689
vt 0.018507204949855804 0.27846443653106689
vt 0.90185070037841797 0.27192115783691406
vt 0.025050496682524681 0.27192115783691406
vt 0.053334392607212067 0.27192115783691406
vt 0.081618234515190125 0.27192115783691406
vt 0.10990212857723236 0.27192115783691406
vt 0.1381860226392746 0.27192115783691406
vt 0.16646987199783325 0.27192115783691406
vt 0.19475376605987549 0.27192115783691406
vt 0.22303766012191772 0.27192115783691406
vt 0.25132149457931519 0.27192115783691406
vt 0.27960538864135742 0.27192115783691406
vt 0.30788928270339966 0.27192115783691406
vt 0.33617311716079712 0.27192115783691406
vt 0.36445701122283936 0.27192115783691406
vt 0.39274093508720398 0.27192115783691406
vt 0.42102476954460144 0.27192115783691406
vt 0.44930866360664368 0.27192115783691406
vt 0.47759255766868591 0.27192115783691406
vt 0.50587642192840576 0.27192115783691406
vt 0.534160315990448 0.27192115783691406
vt 0.56244421005249023 0.27192115783691406
vt 0.5907280445098877 0.27192115783691406
vt 0.61901193857192993 0.27192115783691406
vt 0.64729583263397217 0.27192115783691406
vt 0.67557966709136963 0.27192115783691406
vt 0.70386356115341187 0.27192115783691406
vt 0.7321474552154541 0.27192115783691406
vt 0.76043134927749634 0.27192115783691406
vt 0.78871524333953857 0.27192115783691406
vt 0.81699907779693604 0.27192115783691406
vt 0.84528297185897827 0.27192115783691406
vt 0.87356686592102051 0.27192115783691406
vt 0.90185070037841797 0.27846443653106689
vt 0.87356686592102051 0.27846443653106689
vt 0.84528297185897827 0.27846443653106689
vt 0.81699907779693604 0.27846443653106689
vt 0.78871524333953857 0.27846443653106689
vt 0.76043134927749634 0.27846443653106689
vt 0.7321474552154541 0.27846443653106689
vt 0.70386356115341187 0.27846443653106689
vt 0.67557966709136963 0.27846443653106689
vt 0.64729583263397217 0.27846443653106689
vt 0.61901193857192993 0.27846443653106689
vt 0.5907280445098877 0.27846443653106689
vt 0.56244421005249023 0.27846443653106689
vt 0.534160315990448 0.27846443653106689
vt 0.50587642192840576 0.27846443653106689
vt 0.47759255766868591 0.27846443653106689
vt 0.44930866360664368 0.27846443653106689
vt 0.42102476954460144 0.27846443653106689
vt 0.39274093508720398 0.27846443653106689
vt 0.36445701122283936 0.27846443653106689
vt 0.33617311716079712 0.27846443653106689
vt 0.30788928270339966 0.27846443653106689
vt 0.27960538864135742 0.27846443653106689
vt 0.25132149457931519 0.27846443653106689
vt 0.22303766012191772 0.27846443653106689
vt 0.19475376605987549 0.27846443653106689
vt 0.16646987199783325 0.27846443653106689
vt 0.1381860226392746 0.27846443653106689
vt 0.10990212857723236 0.27846443653106689
vt 0.081618234515190125 0.27846443653106689
vt 0.053334392607212067 0.27846443653106689
vt 0.025050496682524681 0.27846443653106689
vt 0.99853515625 0.61893123388290405
vt 0.018507204949855804 0.61893123388290405
vt 0.99853515625 0.62547457218170166
vt 0.018507204949855804 0.62547457218170166
vt 0.025040719658136368 0.62547457218170166
vt 0.99200165271759033 0.62547457218170166
vt 0.047331582754850388 0.61893123388290405
vt 0.076155908405780792 0.61893123388290405
vt 0.10498028248548508 0.61893123388290405
vt 0.13380460441112518 0.61893123388290405
vt 0.16262897849082947 0.61893123388290405
vt 0.19145330786705017 0.61893123388290405
vt 0.22027768194675446 0.61893123388290405
vt 0.24910199642181396 0.61893123388290405
vt 0.27792638540267944 0.61893123388290405
vt 0.30675071477890015 0.61893123388290405
vt 0.33557507395744324 0.61893123388290405
vt 0.36439940333366394 0.61893123388290405
vt 0.39322379231452942 0.61893123388290405
vt 0.42204809188842773 0.61893123388290405
vt 0.45087248086929321 0.61893123388290405
vt 0.47969681024551392 0.61893123388290405
vt 0.50852119922637939 0.61893123388290405
vt 0.5373455286026001 0.61893123388290405
vt 0.5661698579788208 0.61893123388290405
vt 0.59499424695968628 0.61893123388290405
vt 0.62381857633590698 0.61893123388290405
vt 0.65264290571212769 0.61893123388290405
vt 0.68146729469299316 0.61893123388290405
vt 0.71029162406921387 0.61893123388290405
vt 0.73911595344543457 0.61893123388290405
vt 0.76794034242630005 0.61893123388290405
vt 0.79676467180252075 0.61893123388290405
vt 0.82558906078338623 0.61893123388290405
vt 0.85441339015960693 0.61893123388290405
vt 0.88323777914047241 0.61893123388290405
vt 0.91206210851669312 0.61893123388290405
vt 0.94088643789291382 0.61893123388290405
vt 0.9697108268737793 0.61893123388290405
vt 0.9626997709274292 0.62547457218170166
vt 0.93339794874191284 0.62547457218170166
vt 0.90409612655639648 0.62547457218170166
vt 0.87479424476623535 0.62547457218170166
vt 0.84549242258071899 0.62547457218170166
vt 0.81619054079055786 0.62547457218170166
vt 0.7868887186050415 0.62547457218170166
vt 0.75758689641952515 0.62547457218170166
vt 0.72828501462936401 0.62547457218170166
vt 0.69898319244384766 0.62547457218170166
vt 0.66968131065368652 0.62547457218170166
vt 0.64037948846817017 0.62547457218170166
vt 0.61107766628265381 0.62547457218170166
vt 0.58177578449249268 0.62547457218170166
vt 0.55247396230697632 0.62547457218170166
vt 0.52317208051681519 0.62547457218170166
vt 0.49387025833129883 0.62547457218170166
vt 0.46456840634346008 0.62547457218170166
vt 0.43526652455329895 0.62547457218170166
vt 0.40596473217010498 0.62547457218170166
vt 0.37666288018226624 0.62547457218170166
vt 0.34736102819442749 0.62547457218170166
vt 0.31805917620658875 0.62547457218170166
vt 0.28875732421875 0.62547457218170166
vt 0.25945550203323364 0.62547457218170166
vt 0.23015366494655609 0.62547457218170166
vt 0.20085179805755615 0.62547457218170166
vt 0.17154994606971741 0.62547457218170166
vt 0.14224809408187866 0.62547457218170166
vt 0.1129462867975235 0.62547457218170166
vt 0.083644434809684753 0.62547457218170166
vt 0.054342575371265411 0.62547457218170166
vt 0.9083939790725708 0.18128076195716858
vt 0.018507204949855804 0.18128076195716858
vt 0.9083939790725708 0.1878240555524826
vt 0.018507204949855804 0.1878240555524826
vt 0.90185070037841797 0.1878240555524826
vt 0.025050496682524681 0.1878240555524826
vt 0.87356686592102051 0.1878240555524826
vt 0.84528297185897827 0.1878240555524826
vt 0.81699907779693604 0.1878240555524826
vt 0.78871524333953857 0.1878240555524826
vt 0.76043134927749634 0.1878240555524826
vt 0.7321474552154541 0.1878240555524826
vt 0.70386356115341187 0.1878240555524826
vt 0.67557966709136963 0.1878240555524826
vt 0.64729583263397217 0.1878240555524826
vt 0.61901193857192993 0.1878240555524826
vt 0.5907280445098877 0.1878240555524826
vt 0.56244421005249023 0.1878240555524826
vt 0.534160315990448 0.1878240555524826
vt 0.50587642192840576 0.1878240555524826
vt 0.47759255766868591 0.1878240555524826
vt 0.44930866360664368 0.1878240555524826
vt 0.42102476954460144 0.1878240555524826
vt 0.39274093508720398 0.1878240555524826
vt 0.36445701122283936 0.1878240555524826
vt 0.33617311716079712 0.1878240555524826
vt 0.30788928270339966 0.1878240555524826
vt 0.27960538864135742 0.1878240555524826
vt 0.25132149457931519 0.1878240555524826
vt 0.22303766012191772 0.1878240555524826
vt 0.19475376605987549 0.1878240555524826
vt 0.16646987199783325 0.1878240555524826
vt 0.1381860226392746 0.1878240555524826
vt 0.10990212857723236 0.1878240555524826
vt 0.081618234515190125 0.1878240555524826
vt 0.053334392607212067 0.1878240555524826
vt 0.025050496682524681 0.18128076195716858
vt 0.053334392607212067 0.18128076195716858
vt 0.081618234515190125 0.18128076195716858
vt 0.10990212857723236 0.18128076195716858
vt 0.1381860226392746 0.18128076195716858
vt 0.16646987199783325 0.18128076195716858
vt 0.19475376605987549 0.18128076195716858
vt 0.22303766012191772 0.18128076195716858
vt 0.25132149457931519 0.18128076195716858
vt 0.27960538864135742 0.18128076195716858
vt 0.30788928270339966 0.18128076195716858
vt 0.33617311716079712 0.18128076195716858
vt 0.36445701122283936 0.18128076195716858
vt 0.39274093508720398 0.18128076195716858
vt 0.42102476954460144 0.18128076195716858
vt 0.44930866360664368 0.18128076195716858
vt 0.47759255766868591 0.18128076195716858
vt 0.50587642192840576 0.18128076195716858
vt 0.534160315990448 0.18128076195716858
vt 0.56244421005249023 0.18128076195716858
vt 0.5907280445098877 0.18128076195716858
vt 0.61901193857192993 0.18128076195716858
vt 0.64729583263397217 0.18128076195716858
vt 0.67557966709136963 0.18128076195716858
vt 0.70386356115341187 0.18128076195716858
vt 0.7321474552154541 0.18128076195716858
vt 0.76043134927749634 0.18128076195716858
vt 0.78871524333953857 0.18128076195716858
vt 0.81699907779693604 0.18128076195716858
vt 0.84528297185897827 0.18128076195716858
vt 0.87356686592102051 0.18128076195716858
vt 0.90185070037841797 0.18128076195716858
vt 0.99200165271759033 0.89085239171981812
vt 0.99200165271759033 0.89739567041397095
vt 0.025040719658136368 0.89085239171981812
vt 0.054342575371265411 0.89085239171981812
vt 0.083644434809684753 0.89085239171981812
vt 0.1129462867975235 0.89085239171981812
vt 0.14224809408187866 0.89085239171981812
vt 0.17154994606971741 0.89085239171981812
vt 0.20085179805755615 0.89085239171981812
vt 0.23015366494655609 0.89085239171981812
vt 0.25945550203323364 0.89085239171981812
vt 0.28875732421875 0.89085239171981812
vt 0.31805917620658875 0.89085239171981812
vt 0.34736102819442749 0.89085239171981812
vt 0.37666288018226624 0.89085239171981812
vt 0.40596473217010498 0.89085239171981812
vt 0.43526652455329895 0.89085239171981812
vt 0.46456840634346008 0.89085239171981812
vt 0.49387025833129883 0.89085239171981812
vt 0.52317208051681519 0.89085239171981812
vt 0.55247396230697632 0.89085239171981812
vt 0.58177578449249268 0.89085239171981812
vt 0.61107766628265381 0.89085239171981812
vt 0.64037948846817017 0.89085239171981812
vt 0.66968131065368652 0.89085239171981812
vt 0.69898319244384766 0.89085239171981812
vt 0.72828501462936401 0.89085239171981812
vt 0.75758689641952515 0.89085239171981812
vt 0.7868887186050415 0.89085239171981812
vt 0.81619054079055786 0.89085239171981812
vt 0.84549242258071899 0.89085239171981812
vt 0.87479424476623535 0.89085239171981812
vt 0.90409612655639648 0.89085239171981812
vt 0.93339794874191284 0.89085239171981812
vt 0.9626997709274292 0.89085239171981812
vt 0.9626997709274292 0.89739567041397095
vt 0.93339794874191284 0.89739567041397095
vt 0.90409612655639648 0.89739567041397095
vt 0.87479424476623535 0.89739567041397095
vt 0.84549242258071899 0.89739567041397095
vt 0.81619054079055786 0.89739567041397095
vt 0.7868887186050415 0.89739567041397095
vt 0.75758689641952515 0.89739567041397095
vt 0.72828501462936401 0.89739567041397095
vt 0.69898319244384766 0.89739567041397095
vt 0.66968131065368652 0.89739567041397095
vt 0.64037948846817017 0.89739567041397095
vt 0.61107766628265381 0.89739567041397095
vt 0.58177578449249268 0.89739567041397095
vt 0.55247396230697632 0.89739567041397095
vt 0.52317208051681519 0.89739567041397095
vt 0.49387025833129883 0.89739567041397095
vt 0.46456840634346008 0.89739567041397095
vt 0.43526652455329895 0.89739567041397095
vt 0.40596473217010498 0.89739567041397095
vt 0.37666288018226624 0.89739567041397095
vt 0.34736102819442749 0.89739567041397095
vt 0.31805917620658875 0.89739567041397095
vt 0.28875732421875 0.89739567041397095
vt 0.25945550203323364 0.89739567041397095
vt 0.23015366494655609 0.89739567041397095
vt 0.20085179805755615 0.89739567041397095
vt 0.17154994606971741 0.89739567041397095
vt 0.14224809408187866 0.89739567041397095
vt 0.1129462867975235 0.89739567041397095
vt 0.083644434809684753 0.89739567041397095
vt 0.054342575371265411 0.89739567041397095
vt 0.025040719658136368 0.89739567041397095
vt 0.0092536024749279022 0
vt 0.0092536024749279022 0.49001398682594299
vt 0.0092536024749279022 0.98002797365188599
vt 0.0092536024749279022 0.95120358467102051
vt 0.0092536024749279022 0.9223792552947998
vt 0.0092536024749279022 0.89355486631393433
vt 0.0092536024749279022 0.86473053693771362
vt 0.0092536024749279022 0.83590614795684814
vt 0.0092536024749279022 0.80708187818527222
vt 0.0092536024749279022 0.77825748920440674
vt 0.0092536024749279022 0.74943315982818604
vt 0.0092536024749279022 0.72060877084732056
vt 0.0092536024749279022 0.69178444147109985
vt 0.0092536024749279022 0.66296005249023438
vt 0.0092536024749279022 0.63413578271865845
vt 0.0092536024749279022 0.60531139373779297
vt 0.0092536024749279022 0.57648706436157227
vt 0.0092536024749279022 0.54766267538070679
vt 0.0092536024749279022 0.51883834600448608
vt 0.0092536024749279022 0.4611896276473999
vt 0.0092536024749279022 0.43236526846885681
vt 0.0092536024749279022 0.40354093909263611
vt 0.0092536024749279022 0.37471657991409302
vt 0.0092536024749279022 0.34589222073554993
vt 0.0092536024749279022 0.31706789135932922
vt 0.0092536024749279022 0.28824353218078613
vt 0.0092536024749279022 0.25941917300224304
vt 0.0092536024749279022 0.23059481382369995
vt 0.0092536024749279022 0.20177046954631805
vt 0.0092536024749279022 0.17294611036777496
vt 0.0092536024749279022 0.14412176609039307
vt 0.0092536024749279022 0.11529740691184998
vt 0.0092536024749279022 0.086473055183887482
vt 0.0092536024749279022 0.057648703455924988
vt 0.0092536024749279022 0.028824351727962494
vt 0.017042361199855804 0.0065335198305547237
vt 0.017042361199855804 0.035835366696119308
vt 0.017042361199855804 0.065137214958667755
vt 0.017042361199855804 0.094439052045345306
vt 0.017042361199855804 0.12374089658260345
vt 0.017042361199855804 0.1530427485704422
vt 0.017042361199855804 0.18234460055828094
vt 0.017042361199855804 0.2116464376449585
vt 0.017042361199855804 0.24094827473163605
vt 0.017042361199855804 0.27025014162063599
vt 0.017042361199855804 0.29955196380615234
vt 0.017042361199855804 0.32885381579399109
vt 0.017042361199855804 0.35815566778182983
vt 0.017042361199855804 0.38745751976966858
vt 0.017042361199855804 0.41675937175750732
vt 0.017042361199855804 0.44606122374534607
vt 0.017042361199855804 0.47536304593086243
vt 0.017042361199855804 0.50466489791870117
vt 0.017042361199855804 0.5339667797088623
vt 0.017042361199855804 0.56326860189437866
vt 0.017042361199855804 0.59257042407989502
vt 0.017042361199855804 0.62187224626541138
vt 0.017042361199855804 0.65117412805557251
vt 0.017042361199855804 0.68047600984573364
vt 0.017042361199855804 0.70977783203125
vt 0.017042361199855804 0.73907965421676636
vt 0.017042361199855804 0.76838147640228271
vt 0.017042361199855804 0.79768335819244385
vt 0.017042361199855804 0.82698523998260498
vt 0.017042361199855804 0.85628706216812134
vt 0.017042361199855804 0.8855888843536377
vt 0.017042361199855804 0.91489070653915405
vt 0.017042361199855804 0.94419258832931519
vt 0.017042361199855804 0.97349441051483154
vt 0.025040719658136368 0.80675530433654785
vt 0.025040719658136368 0.80021202564239502
vt 0.99200165271759033 0.80021202564239502
vt 0.99200165271759033 0.80675530433654785
vt 0.054342575371265411 0.80021202564239502
vt 0.083644434809684753 0.80021202564239502
vt 0.1129462867975235 0.80021202564239502
vt 0.14224809408187866 0.80021202564239502
vt 0.17154994606971741 0.80021202564239502
vt 0.20085179805755615 0.80021202564239502
vt 0.23015366494655609 0.80021202564239502
vt 0.25945550203323364 0.80021202564239502
vt 0.28875732421875 0.80021202564239502
vt 0.31805917620658875 0.80021202564239502
vt 0.34736102819442749 0.80021202564239502
vt 0.37666288018226624 0.80021202564239502
vt 0.40596473217010498 0.80021202564239502
vt 0.43526652455329895 0.80021202564239502
vt 0.46456840634346008 0.80021202564239502
vt 0.49387025833129883 0.80021202564239502
vt 0.52317208051681519 0.80021202564239502
vt 0.55247396230697632 0.80021202564239502
vt 0.58177578449249268 0.80021202564239502
vt 0.61107766628265381 0.80021202564239502
vt 0.64037948846817017 0.80021202564239502
vt 0.66968131065368652 0.80021202564239502
vt 0.69898319244384766 0.80021202564239502
vt 0.72828501462936401 0.80021202564239502
vt 0.75758689641952515 0.80021202564239502
vt 0.7868887186050415 0.80021202564239502
vt 0.81619054079055786 0.80021202564239502
vt 0.84549242258071899 0.80021202564239502
vt 0.87479424476623535 0.80021202564239502
vt 0.90409612655639648 0.80021202564239502
vt 0.93339794874191284 0.80021202564239502
vt 0.9626997709274292 0.80021202564239502
vt 0.9626997709274292 0.80675530433654785
vt 0.93339794874191284 0.80675530433654785
vt 0.90409612655639648 0.80675530433654785
vt 0.87479424476623535 0.80675530433654785
vt 0.84549242258071899 0.80675530433654785
vt 0.81619054079055786 0.80675530433654785
vt 0.7868887186050415 0.80675530433654785
vt 0.75758689641952515 0.80675530433654785
vt 0.72828501462936401 0.80675530433654785
vt 0.69898319244384766 0.80675530433654785
vt 0.66968131065368652 0.80675530433654785
vt 0.64037948846817017 0.80675530433654785
vt 0.61107766628265381 0.80675530433654785
vt 0.58177578449249268 0.80675530433654785
vt 0.55247396230697632 0.80675530433654785
vt 0.52317208051681519 0.80675530433654785
vt 0.49387025833129883 0.80675530433654785
vt 0.46456840634346008 0.80675530433654785
vt 0.43526652455329895 0.80675530433654785
vt 0.40596473217010498 0.80675530433654785
vt 0.37666288018226624 0.80675530433654785
vt 0.34736102819442749 0.80675530433654785
vt 0.31805917620658875 0.80675530433654785
vt 0.28875732421875 0.80675530433654785
vt 0.25945550203323364 0.80675530433654785
vt 0.23015366494655609 0.80675530433654785
vt 0.20085179805755615 0.80675530433654785
vt 0.17154994606971741 0.80675530433654785
vt 0.14224809408187866 0.80675530433654785
vt 0.1129462867975235 0.80675530433654785
vt 0.083644434809684753 0.80675530433654785
vt 0.054342575371265411 0.80675530433654785
vt 0.0077887591905891895 0
vt 0.0077887591905891895 0.49001398682594299
vt 0.0077887591905891895 0.98002797365188599
vt 0.0077887591905891895 0.028824351727962494
vt 0.0077887591905891895 0.057648703455924988
vt 0.0077887591905891895 0.086473055183887482
vt 0.0077887591905891895 0.11529740691184998
vt 0.0077887591905891895 0.14412176609039307
vt 0.0077887591905891895 0.17294611036777496
vt 0.0077887591905891895 0.20177046954631805
vt 0.0077887591905891895 0.23059481382369995
vt 0.0077887591905891895 0.25941917300224304
vt 0.0077887591905891895 0.28824353218078613
vt 0.0077887591905891895 0.31706789135932922
vt 0.0077887591905891895 0.34589222073554993
vt 0.0077887591905891895 0.37471657991409302
vt 0.0077887591905891895 0.40354093909263611
vt 0.0077887591905891895 0.43236526846885681
vt 0.0077887591905891895 0.4611896276473999
vt 0.0077887591905891895 0.51883834600448608
vt 0.0077887591905891895 0.54766267538070679
vt 0.0077887591905891895 0.57648706436157227
vt 0.0077887591905891895 0.60531139373779297
vt 0.0077887591905891895 0.63413578271865845
vt 0.0077887591905891895 0.66296005249023438
vt 0.0077887591905891895 0.69178444147109985
vt 0.0077887591905891895 0.72060877084732056
vt 0.0077887591905891895 0.74943315982818604
vt 0.0077887591905891895 0.77825748920440674
vt 0.0077887591905891895 0.80708187818527222
vt 0.0077887591905891895 0.83590614795684814
vt 0.0077887591905891895 0.86473053693771362
vt 0.0077887591905891895 0.89355486631393433
vt 0.0077887591905891895 0.9223792552947998
vt 0.0077887591905891895 0.95120358467102051
vt 0 0.0065335198305547237
vt 0 0.97349441051483154
vt 0 0.94419258832931519
vt 0 0.91489070653915405
vt 0 0.8855888843536377
vt 0 0.85628706216812134
vt 0 0.82698523998260498
vt 0 0.79768335819244385
vt 0 0.76838147640228271
vt 0 0.73907965421676636
vt 0 0.70977783203125
vt 0 0.68047600984573364
vt 0 0.65117412805557251
vt 0 0.62187224626541138
vt 0 0.59257042407989502
vt 0 0.56326860189437866
vt 0 0.5339667797088623
vt 0 0.50466489791870117
vt 0 0.47536304593086243
vt 0 0.44606122374534607
vt 0 0.41675937175750732
vt 0 0.38745751976966858
vt 0 0.35815566778182983
vt 0 0.32885381579399109
vt 0 0.29955196380615234
vt 0 0.27025014162063599
vt 0 0.24094827473163605
vt 0 0.2116464376449585
vt 0 0.18234460055828094
vt 0 0.1530427485704422
vt 0 0.12374089658260345
vt 0 0.094439052045345306
vt 0 0.065137214958667755
vt 0 0.035835366696119308
vn -1 0 0
vn -1 0 0
vn -1 0 0
vn -1 0 0
vn -1 0 0
vn -1 0 0
vn -1 0 0
vn -1 0 0
vn -1 0 0
vn -1 0 0
vn -1 0 0
vn -1 0 0
vn -1 0 0
vn -1 0 0
vn -1 0 0
vn -1 0 0
vn -1 0 0
vn -1 0 0
vn -1 0 0
vn -1 0 0
vn -1 0 0
vn -1 0 0
vn -1 0 0
vn -1 0 0
vn -1 0 0
vn -1 0 0
vn -1 0 0
vn -1 0 0
vn -1 0 0
vn -1 0 0
vn -1 0 0
vn -1 0 0
vn -1 0 0
vn -1 0 0
vn -1 0 0
vn -1 0 0
vn -1 0 0
vn -1 0 0
vn -1 0 0
vn -1 0 0
vn -1 0 0
vn -1 0 0
vn -1 0 0
vn -1 0 0
vn -1 0 0
vn -1 0 0
vn -1 0 0
vn -1 0 0
vn -1 0 0
vn -1 0 0
vn -1 0 0
vn -1 0 0
vn -1 0 0
vn -1 0 0
vn -1 0 0
vn -1 0 0
vn -1 0 0
vn -1 0 0
vn -1 0 0
vn -1 0 0
vn -1 0 0
vn -1 0 0
vn -1 0 0
vn -1 0 0
vn -1 0 0
vn -1 0 0
vn 0.70710676908493042 0 -0.70710676908493042
vn 0.70710676908493042 0 -0.70710676908493042
vn 0.70710676908493042 0 -0.70710676908493042
vn 0.70710676908493042 0 -0.70710676908493042
vn 0.70710676908493042 0 -0.70710676908493042
vn 0.70710676908493042 0 -0.70710676908493042
vn 0.70710676908493042 0 -0.70710676908493042
vn 0.70710676908493042 0 -0.70710676908493042
vn 0.70710676908493042 0 -0.70710676908493042
vn 0.70710676908493042 0 -0.70710676908493042
vn 0.70710676908493042 0 -0.70710676908493042
vn 0.70710676908493042 0 -0.70710676908493042
vn 0.70710676908493042 0 -0.70710676908493042
vn 0.70710676908493042 0 -0.70710676908493042
vn 0.70710676908493042 0 -0.70710676908493042
vn 0.70710676908493042 0 -0.70710676908493042
vn 0.70710676908493042 0 -0.70710676908493042
vn 0.70710676908493042 0 -0.70710676908493042
vn 0.70710676908493042 0 -0.70710676908493042
vn 0.70710676908493042 0 -0.70710676908493042
vn 0.70710676908493042 0 -0.70710676908493042
vn 0.70710676908493042 0 -0.70710676908493042
vn 0.70710676908493042 0 -0.70710676908493042
vn 0.70710676908493042 0 -0.70710676908493042
vn 0.70710676908493042 0 -0.70710676908493042
vn 0.70710676908493042 0 -0.70710676908493042
vn 0.70710676908493042 0 -0.70710676908493042
vn 0.70710676908493042 0 -0.70710676908493042
vn 0.70710676908493042 0 -0.70710676908493042
vn 0.70710676908493042 0 -0.70710676908493042
vn 0.70710676908493042 0 -0.70710676908493042
vn 0.70710676908493042 0 -0.70710676908493042
vn 0.70710676908493042 0 -0.70710676908493042
vn 0.70710676908493042 0 -0.70710676908493042
vn 0.70710676908493042 0 -0.70710676908493042
vn 0.70710676908493042 0 -0.70710676908493042
vn 0.70710676908493042 0 -0.70710676908493042
vn 0.70710676908493042 0 -0.70710676908493042
vn 0.70710676908493042 0 -0.70710676908493042
vn 0.70710676908493042 0 -0.70710676908493042
vn 0.70710676908493042 0 -0.70710676908493042
vn 0.70710676908493042 0 -0.70710676908493042
vn 0.70710676908493042 0 -0.70710676908493042
vn 0.70710676908493042 0 -0.70710676908493042
vn 0.70710676908493042 0 -0.70710676908493042
vn 0.70710676908493042 0 -0.70710676908493042
vn 0.70710676908493042 0 -0.70710676908493042
vn 0.70710676908493042 0 -0.70710676908493042
vn 0.70710676908493042 0 -0.70710676908493042
vn 0.70710676908493042 0 -0.70710676908493042
vn 0.70710676908493042 0 -0.70710676908493042
vn 0.70710676908493042 0 -0.70710676908493042
vn 0.70710676908493042 0 -0.70710676908493042
vn 0.70710676908493042 0 -0.70710676908493042
vn 0.70710676908493042 0 -0.70710676908493042
vn 0.70710676908493042 0 -0.70710676908493042
vn 0.70710676908493042 0 -0.70710676908493042
vn 0.70710676908493042 0 -0.70710676908493042
vn 0.70710676908493042 0 -0.70710676908493042
vn 0.70710676908493042 0 -0.70710676908493042
vn 0.70710676908493042 0 -0.70710676908493042
vn 0.70710676908493042 0 -0.70710676908493042
vn 0.70710676908493042 0 -0.70710676908493042
vn 0.70710676908493042 0 -0.70710676908493042
vn -0.70710676908493042 0 -0.70710676908493042
vn -0.70710676908493042 0 -0.70710676908493042
vn -0.70710676908493042 0 -0.70710676908493042
vn -0.70710676908493042 0 -0.70710676908493042
vn -0.70710676908493042 0 -0.70710676908493042
vn -0.70710676908493042 0 -0.70710676908493042
vn -0.70710676908493042 0 -0.70710676908493042
vn -0.70710676908493042 0 -0.70710676908493042
vn -0.70710676908493042 0 -0.70710676908493042
vn -0.70710676908493042 0 -0.70710676908493042
vn -0.70710676908493042 0 -0.70710676908493042
vn -0.70710676908493042 0 -0.70710676908493042
vn -0.70710676908493042 0 -0.70710676908493042
vn -0.70710676908493042 0 -0.70710676908493042
vn -0.70710676908493042 0 -0.70710676908493042
vn -0.70710676908493042 0 -0.70710676908493042
vn -0.70710676908493042 0 -0.70710676908493042
vn -0.70710676908493042 0 -0.70710676908493042
vn -0.70710676908493042 0 -0.70710676908493042
vn -0.70710676908493042 0 -0.70710676908493042
vn -0.70710676908493042 0 -0.70710676908493042
vn -0.70710676908493042 0 -0.70710676908493042
vn -0.70710676908493042 0 -0.70710676908493042
vn -0.70710676908493042 0 -0.70710676908493042
vn -0.70710676908493042 0 -0.70710676908493042
vn -0.70710676908493042 0 -0.70710676908493042
vn -0.70710676908493042 0 -0.70710676908493042
vn -0.70710676908493042 0 -0.70710676908493042
vn -0.70710676908493042 0 -0.70710676908493042
vn -0.70710676908493042 0 -0.70710676908493042
vn -0.70710676908493042 0 -0.70710676908493042
vn -0.70710676908493042 0 -0.70710676908493042
vn -0.70710676908493042 0 -0.70710676908493042
vn -0.70710676908493042 0 -0.70710676908493042
vn -0.70710676908493042 0 -0.70710676908493042
vn -0.70710676908493042 0 -0.70710676908493042
vn -0.70710676908493042 0 -0.70710676908493042
vn -0.70710676908493042 0 -0.70710676908493042
vn -0.70710676908493042 0 -0.70710676908493042
vn -0.70710676908493042 0 -0.70710676908493042
vn -0.70710676908493042 0 -0.70710676908493042
vn -0.70710676908493042 0 -0.70710676908493042
vn -0.70710676908493042 0 -0.70710676908493042
vn -0.70710676908493042 0 -0.70710676908493042
vn -0.70710676908493042 0 -0.70710676908493042
vn -0.70710676908493042 0 -0.70710676908493042
vn -0.70710676908493042 0 -0.70710676908493042
vn -0.70710676908493042 0 -0.70710676908493042
vn -0.70710676908493042 0 -0.70710676908493042
vn -0.70710676908493042 0 -0.70710676908493042
vn -0.70710676908493042 0 -0.70710676908493042
vn -0.70710676908493042 0 -0.70710676908493042
vn -0.70710676908493042 0 -0.70710676908493042
vn -0.70710676908493042 0 -0.70710676908493042
vn -0.70710676908493042 0 -0.70710676908493042
vn -0.70710676908493042 0 -0.70710676908493042
vn -0.70710676908493042 0 -0.70710676908493042
vn -0.70710676908493042 0 -0.70710676908493042
vn -0.70710676908493042 0 -0.70710676908493042
vn -0.70710676908493042 0 -0.70710676908493042
vn -0.70710676908493042 0 -0.70710676908493042
vn -0.70710676908493042 0 -0.70710676908493042
vn -0.70710676908493042 0 -0.70710676908493042
vn -0.70710676908493042 0 -0.70710676908493042
vn 1 0 0
vn 1 0 0
vn 1 0 0
vn 1 0 0
vn 1 0 0
vn 1 0 0
vn 1 0 0
vn 1 0 0
vn 1 0 0
vn 1 0 0
vn 1 0 0
vn 1 0 0
vn 1 0 0
vn 1 0 0
vn 1 0 0
vn 1 0 0
vn 1 0 0
vn 1 0 0
vn 1 0 0
vn 1 0 0
vn 1 0 0
vn 1 0 0
vn 1 0 0
vn 1 0 0
vn 1 0 0
vn 1 0 0
vn 1 0 0
vn 1 0 0
vn 1 0 0
vn 1 0 0
vn 1 0 0
vn 1 0 0
vn 1 0 0
vn 1 0 0
vn 1 0 0
vn 1 0 0
vn 1 0 0
vn 1 0 0
vn 1 0 0
vn 1 0 0
vn 1 0 0
vn 1 0 0
vn 1 0 0
vn 1 0 0
vn 1 0 0
vn 1 0 0
vn 1 0 0
vn 1 0 0
vn 1 0 0
vn 1 0 0
vn 1 0 0
vn 1 0 0
vn 1 0 0
vn 1 0 0
vn 1 0 0
vn 1 0 0
vn 1 0 0
vn 1 0 0
vn 1 0 0
vn 1 0 0
vn 1 0 0
vn 1 0 0
vn 1 0 0
vn 1 0 0
vn 1 0 0
vn 1 0 0
vn 0 1 0
vn 0 1 0
vn 0 1 0
vn 0 1 0
vn 0 1 0
vn 0 1 0
vn 0 1 0
vn 0 1 0
vn 0 1 0
vn 0 1 0
vn 0 1 0
vn 0 1 0
vn 0 1 0
vn 0 1 0
vn 0 1 0
vn 0 1 0
vn 0 1 0
vn 0 1 0
vn 0 1 0
vn 0 1 0
vn 0 1 0
vn 0 1 0
vn 0 1 0
vn 0 1 0
vn 0 1 0
vn 0 1 0
vn 0 1 0
vn 0 1 0
vn 0 1 0
vn 0 1 0
vn 0 1 0
vn 0 1 0
vn 0 1 0
vn 0 1 0
vn 0 1 0
vn 0 1 0
vn 0 1 0
vn 0 1 0
vn 0 1 0
vn 0 1 0
vn 0 1 0
vn 0 1 0
vn 0 1 0
vn 0 1 0
vn 0 1 0
vn 0 1 0
vn 0 1 0
vn 0 1 0
vn 0 1 0
vn 0 1 0
vn 0 1 0
vn 0 1 0
vn 0 1 0
vn 0 1 0
vn 0 1 0
vn 0 1 0
vn 0 1 0
vn 0 1 0
vn 0 1 0
vn 0 1 0
vn 0 1 0
vn 0 1 0
vn 0 1 0
vn 0 1 0
vn 0 1 0
vn 0 1 0
vn 0 1 0
vn 0 1 0
vn 0 1 0
vn 0 1 0
vn 0 1 0
vn 0 0 1
vn 0 0 1
vn 0 0 1
vn 0 0 1
vn 0 0 1
vn 0 0 1
vn 0 0 1
vn 0 0 1
vn 0 0 1
vn 0 0 1
vn 0 0 1
vn 0 0 1
vn 0 0 1
vn 0 0 1
vn 0 0 1
vn 0 0 1
vn 0 0 1
vn 0 0 1
vn 0 0 1
vn 0 0 1
vn 0 0 1
vn 0 0 1
vn 0 0 1
vn 0 0 1
vn 0 0 1
vn 0 0 1
vn 0 0 1
vn 0 0 1
vn 0 0 1
vn 0 0 1
vn 0 0 1
vn 0 0 1
vn 0 0 1
vn 0 0 1
vn 0 0 1
vn 0 0 1
vn 0 0 1
vn 0 0 1
vn 0 0 1
vn 0 0 1
vn 0 0 1
vn 0 0 1
vn 0 0 1
vn 0 0 1
vn 0 0 1
vn 0 0 1
vn 0 0 1
vn 0 0 1
vn 0 0 1
vn 0 0 1
vn 0 0 1
vn 0 0 1
vn 0 0 1
vn 0 0 1
vn 0 0 1
vn 0 0 1
vn 0 0 1
vn 0 0 1
vn 0 0 1
vn 0 0 1
vn 0 0 1
vn 0 0 1
vn 0 0 1
vn 0 0 1
vn 0 0 1
vn 0 0 1
vn 0 0 1
vn 0 0 1
vn 0 -1 0
vn 0 -1 0
vn 0 -1 0
vn 0 -1 0
vn 0 -1 0
vn 0 -1 0
vn 0 -1 0
vn 0 -1 0
vn 0 -1 0
vn 0 -1 0
vn 0 -1 0
vn 0 -1 0
vn 0 -1 0
vn 0 -1 0
vn 0 -1 0
vn 0 -1 0
vn 0 -1 0
vn 0 -1 0
vn 0 -1 0
vn 0 -1 0
vn 0 -1 0
vn 0 -1 0
vn 0 -1 0
vn 0 -1 0
vn 0 -1 0
vn 0 -1 0
vn 0 -1 0
vn 0 -1 0
vn 0 -1 0
vn 0 -1 0
vn 0 -1 0
vn 0 -1 0
vn 0 -1 0
vn 0 -1 0
vn 0 -1 0
vn 0 -1 0
vn 0 -1 0
vn 0 -1 0
vn 0 -1 0
vn 0 -1 0
vn 0 -1 0
vn 0 -1 0
vn 0 -1 0
vn 0 -1 0
vn 0 -1 0
vn 0 -1 0
vn 0 -1 0
vn 0 -1 0
vn 0 -1 0
vn 0 -1 0
vn 0 -1 0
vn 0 -1 0
vn 0 -1 0
vn 0 -1 0
vn 0 -1 0
vn 0 -1 0
vn 0 -1 0
vn 0 -1 0
vn 0 -1 0
vn 0 -1 0
vn 0 -1 0
vn 0 -1 0
vn 0 -1 0
vn 0 -1 0
vn 0 -1 0
vn 0 -1 0
vn 0 -1 0
vn 0 -1 0
vn 0 -1 0
vn 0 -1 0
vn 0 -1 0
vn 0 0 1
vn 0 0 1
vn 0 0 1
vn 0 0 1
vn 0 0 1
vn 0 0 1
vn 0 0 1
vn 0 0 1
vn 0 0 1
vn 0 0 1
vn 0 0 1
vn 0 0 1
vn 0 0 1
vn 0 0 1
vn 0 0 1
vn 0 0 1
vn 0 0 1
vn 0 0 1
vn 0 0 1
vn 0 0 1
vn 0 0 1
vn 0 0 1
vn 0 0 1
vn 0 0 1
vn 0 0 1
vn 0 0 1
vn 0 0 1
vn 0 0 1
vn 0 0 1
vn 0 0 1
vn 0 0 1
vn 0 0 1
vn 0 0 1
vn 0 0 1
vn 0 0 1
vn 0 0 1
vn 0 0 1
vn 0 0 1
vn 0 0 1
vn 0 0 1
vn 0 0 1
vn 0 0 1
vn 0 0 1
vn 0 0 1
vn 0 0 1
vn 0 0 1
vn 0 0 1
vn 0 0 1
vn 0 0 1
vn 0 0 1
vn 0 0 1
vn 0 0 1
vn 0 0 1
vn 0 0 1
vn 0 0 1
vn 0 0 1
vn 0 0 1
vn 0 0 1
vn 0 0 1
vn 0 0 1
vn 0 0 1
vn 0 0 1
vn 0 0 1
vn 0 0 1
vn 0 0 1
vn 0 0 1
vn 0 0 1
vn 0 0 1
vn 0 0 1
vn 0 0 1
vn 0 0 1
vn 0 0 1
vn 0 0 1
vn 0 0 1
vn 0 0 1
vn 0 0 1
vn 0 0 1
vn 0 0 1
vn 0 0 1
vn 0 0 1
vn 0 0 1
vn 0 0 1
vn 0 0 1
vn 0 0 1
vn 0 0 1
vn 0 0 1
vn 0 0 1
vn 0 0 1
vn 0 0 1
vn 0 0 1
vn 0 0 1
vn 0 0 1
vn 0 0 1
vn 0 0 1
vn 0 0 1
vn 0 0 1
vn 0 0 1
vn 0 0 1
vn 0 0 1
vn 0 0 1
vn 0 0 1
vn 0 0 1
vn 0 0 1
vn 0 0 1
vn 0 0 1
vn 0 0 1
vn 0 0 1
vn 0 0 1
vn 0 0 1
vn 0 0 1
vn 0 0 1
vn 0 0 1
vn 0 0 1
vn 0 0 1
vn 0 0 1
vn 0 0 1
vn 0 0 1
vn 0 0 1
vn 0 0 1
vn 0 0 1
vn 0 0 1
vn 0 0 1
vn 0 0 1
vn 0 0 1
vn 0 0 1
vn 0 0 1
vn 0 0 1
vn 0 0 1
vn 0 0 1
vn 0 0 1
vn 0 0 1
vn 0 0 1
vn 0 0 1
vn 0 0 1
vn 0 0 1
vn 0 0 1
vn 0 -0.70710676908493042 -0.70710676908493042
vn 0 -0.70710676908493042 -0.70710676908493042
vn 0 -0.70710676908493042 -0.70710676908493042
vn 0 -0.70710676908493042 -0.70710676908493042
vn 0 -0.70710676908493042 -0.70710676908493042
vn 0 -0.70710676908493042 -0.70710676908493042
vn 0 -0.70710676908493042 -0.70710676908493042
vn 0 -0.70710676908493042 -0.70710676908493042
vn 0 -0.70710676908493042 -0.70710676908493042
vn 0 -0.70710676908493042 -0.70710676908493042
vn 0 -0.70710676908493042 -0.70710676908493042
vn 0 -0.70710676908493042 -0.70710676908493042
vn 0 -0.70710676908493042 -0.70710676908493042
vn 0 -0.70710676908493042 -0.70710676908493042
vn 0 -0.70710676908493042 -0.70710676908493042
vn 0 -0.70710676908493042 -0.70710676908493042
vn 0 -0.70710676908493042 -0.70710676908493042
vn 0 -0.70710676908493042 -0.70710676908493042
vn 0 -0.70710676908493042 -0.70710676908493042
vn 0 -0.70710676908493042 -0.70710676908493042
vn 0 -0.70710676908493042 -0.70710676908493042
vn 0 -0.70710676908493042 -0.70710676908493042
vn 0 -0.70710676908493042 -0.70710676908493042
vn 0 -0.70710676908493042 -0.70710676908493042
vn 0 -0.70710676908493042 -0.70710676908493042
vn 0 -0.70710676908493042 -0.70710676908493042
vn 0 -0.70710676908493042 -0.70710676908493042
vn 0 -0.70710676908493042 -0.70710676908493042
vn 0 -0.70710676908493042 -0.70710676908493042
vn 0 -0.70710676908493042 -0.70710676908493042
vn 0 -0.70710676908493042 -0.70710676908493042
vn 0 -0.70710676908493042 -0.70710676908493042
vn 0 -0.70710676908493042 -0.70710676908493042
vn 0 -0.70710676908493042 -0.70710676908493042
vn 0 -0.70710676908493042 -0.70710676908493042
vn 0 -0.70710676908493042 -0.70710676908493042
vn 0 -0.70710676908493042 -0.70710676908493042
vn 0 -0.70710676908493042 -0.70710676908493042
vn 0 -0.70710676908493042 -0.70710676908493042
vn 0 -0.70710676908493042 -0.70710676908493042
vn 0 -0.70710676908493042 -0.70710676908493042
vn 0 -0.70710676908493042 -0.70710676908493042
vn 0 -0.70710676908493042 -0.70710676908493042
vn 0 -0.70710676908493042 -0.70710676908493042
vn 0 -0.70710676908493042 -0.70710676908493042
vn 0 -0.70710676908493042 -0.70710676908493042
vn 0 -0.70710676908493042 -0.70710676908493042
vn 0 -0.70710676908493042 -0.70710676908493042
vn 0 -0.70710676908493042 -0.70710676908493042
vn 0 -0.70710676908493042 -0.70710676908493042
vn 0 -0.70710676908493042 -0.70710676908493042
vn 0 -0.70710676908493042 -0.70710676908493042
vn 0 -0.70710676908493042 -0.70710676908493042
vn 0 -0.70710676908493042 -0.70710676908493042
vn 0 -0.70710676908493042 -0.70710676908493042
vn 0 -0.70710676908493042 -0.70710676908493042
vn 0 -0.70710676908493042 -0.70710676908493042
vn 0 -0.70710676908493042 -0.70710676908493042
vn 0 -0.70710676908493042 -0.70710676908493042
vn 0 -0.70710676908493042 -0.70710676908493042
vn 0 -0.70710676908493042 -0.70710676908493042
vn 0 -0.70710676908493042 -0.70710676908493042
vn 0 -0.70710676908493042 -0.70710676908493042
vn 0 -0.70710676908493042 -0.70710676908493042
vn 0 -0.70710676908493042 -0.70710676908493042
vn 0 -0.70710676908493042 -0.70710676908493042
vn 0 -0.70710676908493042 -0.70710676908493042
vn 0 -0.70710676908493042 -0.70710676908493042
vn 0 -0.70710676908493042 -0.70710676908493042
vn 0 0 1
vn 0 0 1
vn 0 0 1
vn 0 0 1
vn 0 0 1
vn 0 0 1
vn 0 0 1
vn 0 0 1
vn 0 0 1
vn 0 0 1
vn 0 0 1
vn 0 0 1
vn 0 0 1
vn 0 0 1
vn 0 0 1
vn 0 0 1
vn 0 0 1
vn 0 0 1
vn 0 0 1
vn 0 0 1
vn 0 0 1
vn 0 0 1
vn 0 0 1
vn 0 0 1
vn 0 0 1
vn 0 0 1
vn 0 0 1
vn 0 0 1
vn 0 0 1
vn 0 0 1
vn 0 0 1
vn 0 0 1
vn 0 0 1
vn 0 0 1
vn 0 0 1
vn 0 0 1
vn 0 0 1
vn 0 0 1
vn 0 0 1
vn 0 0 1
vn 0 0 1
vn 0 0 1
vn 0 0 1
vn 0 0 1
vn 0 0 1
vn 0 0 1
vn 0 0 1
vn 0 0 1
vn 0 0 1
vn 0 0 1
vn 0 0 1
vn 0 0 1
vn 0 0 1
vn 0 0 1
vn 0 0 1
vn 0 0 1
vn 0 0 1
vn 0 0 1
vn 0 0 1
vn 0 0 1
vn 0 0 1
vn 0 0 1
vn 0 0 1
vn 0 0 1
vn 0 0 1
vn 0 0 1
vn 0 0 1
vn 0 0 1
vn 0 0.70710676908493042 -0.70710676908493042
vn 0 0.70710676908493042 -0.70710676908493042
vn 0 0.70710676908493042 -0.70710676908493042
vn 0 0.70710676908493042 -0.70710676908493042
vn 0 0.70710676908493042 -0.70710676908493042
vn 0 0.70710676908493042 -0.70710676908493042
vn 0 0.70710676908493042 -0.70710676908493042
vn 0 0.70710676908493042 -0.70710676908493042
vn 0 0.70710676908493042 -0.70710676908493042
vn 0 0.70710676908493042 -0.70710676908493042
vn 0 0.70710676908493042 -0.70710676908493042
vn 0 0.70710676908493042 -0.70710676908493042
vn 0 0.70710676908493042 -0.70710676908493042
vn 0 0.70710676908493042 -0.70710676908493042
vn 0 0.70710676908493042 -0.70710676908493042
vn 0 0.70710676908493042 -0.70710676908493042
vn 0 0.70710676908493042 -0.70710676908493042
vn 0 0.70710676908493042 -0.70710676908493042
vn 0 0.70710676908493042 -0.70710676908493042
vn 0 0.70710676908493042 -0.70710676908493042
vn 0 0.70710676908493042 -0.70710676908493042
vn 0 0.70710676908493042 -0.70710676908493042
vn 0 0.70710676908493042 -0.70710676908493042
vn 0 0.70710676908493042 -0.70710676908493042
vn 0 0.70710676908493042 -0.70710676908493042
vn 0 0.70710676908493042 -0.70710676908493042
vn 0 0.70710676908493042 -0.70710676908493042
vn 0 0.70710676908493042 -0.70710676908493042
vn 0 0.70710676908493042 -0.70710676908493042
vn 0 0.70710676908493042 -0.70710676908493042
vn 0 0.70710676908493042 -0.70710676908493042
vn 0 0.70710676908493042 -0.70710676908493042
vn 0 0.70710676908493042 -0.70710676908493042
vn 0 0.70710676908493042 -0.70710676908493042
vn 0 0.70710676908493042 -0.70710676908493042
vn 0 0.70710676908493042 -0.70710676908493042
vn 0 0.70710676908493042 -0.70710676908493042
vn 0 0.70710676908493042 -0.70710676908493042
vn 0 0.70710676908493042 -0.70710676908493042
vn 0 0.70710676908493042 -0.70710676908493042
vn 0 0.70710676908493042 -0.70710676908493042
vn 0 0.70710676908493042 -0.70710676908493042
vn 0 0.70710676908493042 -0.70710676908493042
vn 0 0.70710676908493042 -0.70710676908493042
vn 0 0.70710676908493042 -0.70710676908493042
vn 0 0.70710676908493042 -0.70710676908493042
vn 0 0.70710676908493042 -0.70710676908493042
vn 0 0.70710676908493042 -0.70710676908493042
vn 0 0.70710676908493042 -0.70710676908493042
vn 0 0.70710676908493042 -0.70710676908493042
vn 0 0.70710676908493042 -0.70710676908493042
vn 0 0.70710676908493042 -0.70710676908493042
vn 0 0.70710676908493042 -0.70710676908493042
vn 0 0.70710676908493042 -0.70710676908493042
vn 0 0.70710676908493042 -0.70710676908493042
vn 0 0.70710676908493042 -0.70710676908493042
vn 0 0.70710676908493042 -0.70710676908493042
vn 0 0.70710676908493042 -0.70710676908493042
vn 0 0.70710676908493042 -0.70710676908493042
vn 0 0.70710676908493042 -0.70710676908493042
vn 0 0.70710676908493042 -0.70710676908493042
vn 0 0.70710676908493042 -0.70710676908493042
vn 0 0.70710676908493042 -0.70710676908493042
vn 0 0.70710676908493042 -0.70710676908493042
vn 0 0.70710676908493042 -0.70710676908493042
vn 0 0.70710676908493042 -0.70710676908493042
vn 0 0.70710676908493042 -0.70710676908493042
vn 0 0.70710676908493042 -0.70710676908493042
vn 0 0.70710676908493042 -0.70710676908493042
f 34/34/34 1/1/1 35/35/35 36/36/36
f 32/32/32 33/33/33 37/37/37 38/38/38
f 33/33/33 34/34/34 36/36/36 37/37/37
f 30/30/30 31/31/31 39/39/39 40/40/40
f 28/28/28 29/29/29 41/41/41 42/42/42
f 29/29/29 30/30/30 40/40/40 41/41/41
f 31/31/31 32/32/32 38/38/38 39/39/39
f 26/26/26 27/27/27 43/43/43 44/44/44
f 24/24/24 25/25/25 45/45/45 46/46/46
f 25/25/25 26/26/26 44/44/44 45/45/45
f 27/27/27 28/28/28 42/42/42 43/43/43
f 23/23/23 24/24/24 46/46/46 47/47/47
f 21/21/21 22/22/22 48/48/48 49/49/49
f 22/22/22 23/23/23 47/47/47 48/48/48
f 20/20/20 21/21/21 49/49/49 50/50/50
f 19/19/19 20/20/20 50/50/50 51/51/51
f 17/17/17 18/18/18 52/52/52 53/53/53
f 18/18/18 19/19/19 51/51/51 52/52/52
f 15/15/15 16/16/16 54/54/54 55/55/55
f 13/13/13 14/14/14 56/56/56 57/57/57
f 14/14/14 15/15/15 55/55/55 56/56/56
f 16/16/16 17/17/17 53/53/53 54/54/54
f 11/11/11 12/12/12 58/58/58 59/59/59
f 9/9/9 10/10/10 60/60/60 61/61/61
f 10/10/10 11/11/11 59/59/59 60/60/60
f 7/7/7 8/8/8 62/62/62 63/63/63
f 5/5/5 6/6/6 64/64/64 65/65/65
f 2/2/2 5/5/5 65/65/65 66/66/66
f 6/6/6 7/7/7 63/63/63 64/64/64
f 8/8/8 9/9/9 61/61/61 62/62/62
f 12/12/12 13/13/13 57/57/57 58/58/58
f 35/35/35 1/1/1 3/3/3
f 2/2/2 66/66/66 4/4/4
f 130/130/130 100/100/100 67/67/67 69/69/69
f 128/128/128 129/129/129 70/70/70 71/71/71
f 129/129/129 130/130/130 69/69/69 70/70/70
f 126/126/126 127/127/127 72/72/72 73/73/73
f 124/124/124 125/125/125 74/74/74 75/75/75
f 125/125/125 126/126/126 73/73/73 74/74/74
f 127/127/127 128/128/128 71/71/71 72/72/72
f 122/122/122 123/123/123 76/76/76 77/77/77
f 120/120/120 121/121/121 78/78/78 79/79/79
f 121/121/121 122/122/122 77/77/77 78/78/78
f 118/118/118 119/119/119 80/80/80 81/81/81
f 116/116/116 117/117/117 82/82/82 83/83/83
f 117/117/117 118/118/118 81/81/81 82/82/82
f 119/119/119 120/120/120 79/79/79 80/80/80
f 123/123/123 124/124/124 75/75/75 76/76/76
f 114/114/114 115/115/115 84/84/84 85/85/85
f 112/112/112 113/113/113 86/86/86 87/87/87
f 113/113/113 114/114/114 85/85/85 86/86/86
f 110/110/110 111/111/111 88/88/88 89/89/89
f 108/108/108 109/109/109 90/90/90 91/91/91
f 109/109/109 110/110/110 89/89/89 90/90/90
f 111/111/111 112/112/112 87/87/87 88/88/88
f 106/106/106 107/107/107 92/92/92 93/93/93
f 104/104/104 105/105/105 94/94/94 95/95/95
f 105/105/105 106/106/106 93/93/93 94/94/94
f 102/102/102 103/103/103 96/96/96 97/97/97
f 99/99/99 101/101/101 98/98/98 68/68/68
f 101/101/101 102/102/102 97/97/97 98/98/98
f 103/103/103 104/104/104 95/95/95 96/96/96
f 107/107/107 108/108/108 91/91/91 92/92/92
f 115/115/115 116/116/116 83/83/83 84/84/84
f 162/162/162 131/131/131 164/164/164 165/165/165
f 160/160/160 161/161/161 166/166/166 167/167/167
f 161/161/161 162/162/162 165/165/165 166/166/166
f 158/158/158 159/159/159 168/168/168 169/169/169
f 156/156/156 157/157/157 170/170/170 171/171/171
f 157/157/157 158/158/158 169/169/169 170/170/170
f 159/159/159 160/160/160 167/167/167 168/168/168
f 154/154/154 155/155/155 172/172/172 173/173/173
f 152/152/152 153/153/153 174/174/174 175/175/175
f 153/153/153 154/154/154 173/173/173 174/174/174
f 150/150/150 151/151/151 176/176/176 177/177/177
f 148/148/148 149/149/149 178/178/178 179/179/179
f 149/149/149 150/150/150 177/177/177 178/178/178
f 151/151/151 152/152/152 175/175/175 176/176/176
f 155/155/155 156/156/156 171/171/171 172/172/172
f 146/146/146 147/147/147 180/180/180 181/181/181
f 144/144/144 145/145/145 182/182/182 183/183/183
f 145/145/145 146/146/146 181/181/181 182/182/182
f 142/142/142 143/143/143 184/184/184 185/185/185
f 140/140/140 141/141/141 186/186/186 187/187/187
f 141/141/141 142/142/142 185/185/185 186/186/186
f 143/143/143 144/144/144 183/183/183 184/184/184
f 138/138/138 139/139/139 188/188/188 189/189/189
f 136/136/136 137/137/137 190/190/190 191/191/191
f 137/137/137 138/138/138 189/189/189 190/190/190
f 134/134/134 135/135/135 192/192/192 193/193/193
f 132/132/132 133/133/133 194/194/194 163/163/163
f 133/133/133 134/134/134 193/193/193 194/194/194
f 135/135/135 136/136/136 191/191/191 192/192/192
f 139/139/139 140/140/140 187/187/187 188/188/188
f 147/147/147 148/148/148 179/179/179 180/180/180
f 197/197/197 260/260/260 195/195/195
f 258/258/258 259/259/259 199/199/199 200/200/200
f 259/259/259 260/260/260 197/197/197 199/199/199
f 256/256/256 257/257/257 201/201/201 202/202/202
f 254/254/254 255/255/255 203/203/203 204/204/204
f 255/255/255 256/256/256 202/202/202 203/203/203
f 257/257/257 258/258/258 200/200/200 201/201/201
f 252/252/252 253/253/253 205/205/205 206/206/206
f 250/250/250 251/251/251 207/207/207 208/208/208
f 251/251/251 252/252/252 206/206/206 207/207/207
f 248/248/248 249/249/249 209/209/209 210/210/210
f 246/246/246 247/247/247 211/211/211 212/212/212
f 247/247/247 248/248/248 210/210/210 211/211/211
f 249/249/249 250/250/250 208/208/208 209/209/209
f 253/253/253 254/254/254 204/204/204 205/205/205
f 244/244/244 245/245/245 213/213/213 214/214/214
f 242/242/242 243/243/243 215/215/215 216/216/216
f 243/243/243 244/244/244 214/214/214 215/215/215
f 240/240/240 241/241/241 217/217/217 218/218/218
f 238/238/238 239/239/239 219/219/219 220/220/220
f 239/239/239 240/240/240 218/218/218 219/219/219
f 241/241/241 242/242/242 216/216/216 217/217/217
f 236/236/236 237/237/237 221/221/221 222/222/222
f 234/234/234 235/235/235 223/223/223 224/224/224
f 235/235/235 236/236/236 222/222/222 223/223/223
f 232/232/232 233/233/233 225/225/225 226/226/226
f 230/230/230 231/231/231 227/227/227 228/228/228
f 229/229/229 230/230/230 228/228/228 198/198/198
f 231/231/231 232/232/232 226/226/226 227/227/227
f 233/233/233 234/234/234 224/224/224 225/225/225
f 237/237/237 238/238/238 220/220/220 221/221/221
f 245/245/245 246/246/246 212/212/212 213/213/213
f 229/229/229 198/198/198 196/196/196
f 263/263/263 266/266/266 261/261/261
f 330/330/330 331/331/331 267/267/267 268/268/268
f 331/331/331 266/266/266 263/263/263 267/267/267
f 328/328/328 329/329/329 269/269/269 270/270/270
f 326/326/326 327/327/327 271/271/271 272/272/272
f 327/327/327 328/328/328 270/270/270 271/271/271
f 329/329/329 330/330/330 268/268/268 269/269/269
f 324/324/324 325/325/325 273/273/273 274/274/274
f 322/322/322 323/323/323 275/275/275 276/276/276
f 323/323/323 324/324/324 274/274/274 275/275/275
f 320/320/320 321/321/321 277/277/277 278/278/278
f 318/318/318 319/319/319 279/279/279 280/280/280
f 317/317/317 318/318/318 280/280/280 281/281/281
f 319/319/319 320/320/320 278/278/278 279/279/279
f 321/321/321 322/322/322 276/276/276 277/277/277
f 325/325/325 326/326/326 272/272/272 273/273/273
f 283/283/283 315/315/315 316/316/316
f 313/313/313 314/314/314 285/285/285 286/286/286
f 314/314/314 315/315/315 284/284/284 285/285/285
f 311/311/311 312/312/312 287/287/287 288/288/288
f 309/309/309 310/310/310 289/289/289 290/290/290
f 308/308/308 309/309/309 290/290/290 291/291/291
f 310/310/310 311/311/311 288/288/288 289/289/289
f 312/312/312 313/313/313 286/286/286 287/287/287
f 306/306/306 307/307/307 292/292/292 293/293/293
f 304/304/304 305/305/305 294/294/294 295/295/295
f 305/305/305 306/306/306 293/293/293 294/294/294
f 302/302/302 303/303/303 296/296/296 297/297/297
f 300/300/300 301/301/301 298/298/298 299/299/299
f 265/265/265 300/300/300 299/299/299 264/264/264
f 301/301/301 302/302/302 297/297/297 298/298/298
f 303/303/303 304/304/304 295/295/295 296/296/296
f 307/307/307 308/308/308 291/291/291 292/292/292
f 316/316/316 317/317/317 281/281/281 282/282/282
f 282/282/282 283/283/283 316/316/316
f 283/283/283 284/284/284 315/315/315
f 265/265/265 264/264/264 262/262/262
f 336/336/336 332/332/332 334/334/334 368/368/368
f 366/366/366 367/367/367 369/369/369 370/370/370
f 367/367/367 336/336/336 368/368/368 369/369/369
f 364/364/364 365/365/365 371/371/371 372/372/372
f 362/362/362 363/363/363 373/373/373 374/374/374
f 363/363/363 364/364/364 372/372/372 373/373/373
f 365/365/365 366/366/366 370/370/370 371/371/371
f 360/360/360 361/361/361 375/375/375 376/376/376
f 358/358/358 359/359/359 377/377/377 378/378/378
f 359/359/359 360/360/360 376/376/376 377/377/377
f 356/356/356 357/357/357 379/379/379 380/380/380
f 354/354/354 355/355/355 381/381/381 382/382/382
f 353/353/353 354/354/354 382/382/382 383/383/383
f 355/355/355 356/356/356 380/380/380 381/381/381
f 357/357/357 358/358/358 378/378/378 379/379/379
f 361/361/361 362/362/362 374/374/374 375/375/375
f 351/351/351 352/352/352 384/384/384 385/385/385
f 349/349/349 350/350/350 386/386/386 387/387/387
f 350/350/350 351/351/351 385/385/385 386/386/386
f 347/347/347 348/348/348 388/388/388 389/389/389
f 345/345/345 346/346/346 390/390/390 391/391/391
f 346/346/346 347/347/347 389/389/389 390/390/390
f 348/348/348 349/349/349 387/387/387 388/388/388
f 343/343/343 344/344/344 392/392/392 393/393/393
f 341/341/341 342/342/342 394/394/394 395/395/395
f 342/342/342 343/343/343 393/393/393 394/394/394
f 339/339/339 340/340/340 396/396/396 397/397/397
f 337/337/337 338/338/338 398/398/398 399/399/399
f 333/333/333 337/337/337 399/399/399 335/335/335
f 338/338/338 339/339/339 397/397/397 398/398/398
f 340/340/340 341/341/341 395/395/395 396/396/396
f 344/344/344 345/345/345 391/391/391 392/392/392
f 352/352/352 353/353/353 383/383/383 384/384/384
f 438/438/438 400/400/400 405/405/405 439/439/439
f 436/436/436 437/437/437 440/440/440 441/441/441
f 437/437/437 438/438/438 439/439/439 440/440/440
f 434/434/434 435/435/435 442/442/442 443/443/443
f 432/432/432 433/433/433 444/444/444 445/445/445
f 433/433/433 434/434/434 443/443/443 444/444/444
f 435/435/435 436/436/436 441/441/441 442/442/442
f 430/430/430 431/431/431 446/446/446 447/447/447
f 428/428/428 429/429/429 448/448/448 449/449/449
f 429/429/429 430/430/430 447/447/447 448/448/448
f 426/426/426 427/427/427 450/450/450 451/451/451
f 424/424/424 425/425/425 452/452/452 453/453/453
f 423/423/423 424/424/424 453/453/453 454/454/454
f 425/425/425 426/426/426 451/451/451 452/452/452
f 427/427/427 428/428/428 449/449/449 450/450/450
f 431/431/431 432/432/432 445/445/445 446/446/446
f 455/455/455 421/421/421 422/422/422
f 419/419/419 420/420/420 456/456/456 457/457/457
f 420/420/420 421/421/421 455/455/455 456/456/456
f 417/417/417 418/418/418 458/458/458 459/459/459
f 415/415/415 416/416/416 460/460/460 461/461/461
f 414/414/414 415/415/415 461/461/461 462/462/462
f 416/416/416 417/417/417 459/459/459 460/460/460
f 418/418/418 419/419/419 457/457/457 458/458/458
f 412/412/412 413/413/413 463/463/463 464/464/464
f 410/410/410 411/411/411 465/465/465 466/466/466
f 411/411/411 412/412/412 464/464/464 465/465/465
f 408/408/408 409/409/409 467/467/467 468/468/468
f 406/406/406 407/407/407 469/469/469 470/470/470
f 401/401/401 406/406/406 470/470/470 404/404/404
f 407/407/407 408/408/408 468/468/468 469/469/469
f 409/409/409 410/410/410 466/466/466 467/467/467
f 413/413/413 414/414/414 462/462/462 463/463/463
f 422/422/422 423/423/423 454/454/454
f 400/400/400 402/402/402 405/405/405
f 401/401/401 404/404/404 403/403/403
f 422/422/422 454/454/454 455/455/455
f 538/538/538 471/471/471 473/473/473 475/475/475
f 536/536/536 537/537/537 477/477/477 478/478/478
f 537/537/537 538/538/538 475/475/475 477/477/477
f 534/534/534 535/535/535 479/479/479 480/480/480
f 532/532/532 533/533/533 481/481/481 482/482/482
f 533/533/533 534/534/534 480/480/480 481/481/481
f 535/535/535 536/536/536 478/478/478 479/479/479
f 530/530/530 531/531/531 483/483/483 484/484/484
f 528/528/528 529/529/529 485/485/485 486/486/486
f 529/529/529 530/530/530 484/484/484 485/485/485
f 526/526/526 527/527/527 487/487/487 488/488/488
f 524/524/524 525/525/525 489/489/489 490/490/490
f 523/523/523 524/524/524 490/490/490 491/491/491
f 525/525/525 526/526/526 488/488/488 489/489/489
f 527/527/527 528/528/528 486/486/486 487/487/487
f 531/531/531 532/532/532 482/482/482 483/483/483
f 521/521/521 522/522/522 492/492/492 493/493/493
f 519/519/519 520/520/520 494/494/494 495/495/495
f 520/520/520 521/521/521 493/493/493 494/494/494
f 517/517/517 518/518/518 496/496/496 497/497/497
f 515/515/515 516/516/516 498/498/498 499/499/499
f 516/516/516 517/517/517 497/497/497 498/498/498
f 518/518/518 519/519/519 495/495/495 496/496/496
f 513/513/513 514/514/514 500/500/500 501/501/501
f 511/511/511 512/512/512 502/502/502 503/503/503
f 512/512/512 513/513/513 501/501/501 502/502/502
f 509/509/509 510/510/510 504/504/504 505/505/505
f 507/507/507 508/508/508 506/506/506 476/476/476
f 472/472/472 507/507/507 476/476/476 474/474/474
f 508/508/508 509/509/509 505/505/505 506/506/506
f 510/510/510 511/511/511 503/503/503 504/504/504
f 514/514/514 515/515/515 499/499/499 500/500/500
f 522/522/522 523/523/523 491/491/491 492/492/492
f 573/573/573 539/539/539 540/540/540 574/574/574
f 571/571/571 572/572/572 575/575/575 576/576/576
f 572/572/572 573/573/573 574/574/574 575/575/575
f 569/569/569 570/570/570 577/577/577 578/578/578
f 567/567/567 568/568/568 579/579/579 580/580/580
f 568/568/568 569/569/569 578/578/578 579/579/579
f 570/570/570 571/571/571 576/576/576 577/577/577
f 565/565/565 566/566/566 581/581/581 582/582/582
f 563/563/563 564/564/564 583/583/583 584/584/584
f 564/564/564 565/565/565 582/582/582 583/583/583
f 561/561/561 562/562/562 585/585/585 586/586/586
f 559/559/559 560/560/560 587/587/587 588/588/588
f 558/558/558 559/559/559 588/588/588 589/589/589
f 560/560/560 561/561/561 586/586/586 587/587/587
f 562/562/562 563/563/563 584/584/584 585/585/585
f 566/566/566 567/567/567 580/580/580 581/581/581
f 556/556/556 557/557/557 590/590/590 591/591/591
f 554/554/554 555/555/555 592/592/592 593/593/593
f 555/555/555 556/556/556 591/591/591 592/592/592
f 552/552/552 553/553/553 594/594/594 595/595/595
f 550/550/550 551/551/551 596/596/596 597/597/597
f 551/551/551 552/552/552 595/595/595 596/596/596
f 553/553/553 554/554/554 593/593/593 594/594/594
f 548/548/548 549/549/549 598/598/598 599/599/599
f 546/546/546 547/547/547 600/600/600 601/601/601
f 547/547/547 548/548/548 599/599/599 600/600/600
f 544/544/544 545/545/545 602/602/602 603/603/603
f 542/542/542 543/543/543 604/604/604 605/605/605
f 541/541/541 542/542/542 605/605/605 606/606/606
f 543/543/543 544/544/544 603/603/603 604/604/604
f 545/545/545 546/546/546 601/601/601 602/602/602
f 549/549/549 550/550/550 597/597/597 598/598/598
f 557/557/557 558/558/558 589/589/589 590/590/590
f 641/641/641 607/607/607 642/642/642 643/643/643
f 639/639/639 640/640/640 644/644/644 645/645/645
f 640/640/640 641/641/641 643/643/643 644/644/644
f 637/637/637 638/638/638 646/646/646 647/647/647
f 635/635/635 636/636/636 648/648/648 649/649/649
f 636/636/636 637/637/637 647/647/647 648/648/648
f 638/638/638 639/639/639 645/645/645 646/646/646
f 633/633/633 634/634/634 650/650/650 651/651/651
f 631/631/631 632/632/632 652/652/652 653/653/653
f 632/632/632 633/633/633 651/651/651 652/652/652
f 629/629/629 630/630/630 654/654/654 655/655/655
f 627/627/627 628/628/628 656/656/656 657/657/657
f 626/626/626 627/627/627 657/657/657 658/658/658
f 628/628/628 629/629/629 655/655/655 656/656/656
f 630/630/630 631/631/631 653/653/653 654/654/654
f 634/634/634 635/635/635 649/649/649 650/650/650
f 659/659/659 625/625/625 608/608/608
f 623/623/623 624/624/624 660/660/660 661/661/661
f 624/624/624 625/625/625 659/659/659 660/660/660
f 621/621/621 622/622/622 662/662/662 663/663/663
f 619/619/619 620/620/620 664/664/664 665/665/665
f 620/620/620 621/621/621 663/663/663 664/664/664
f 622/622/622 623/623/623 661/661/661 662/662/662
f 617/617/617 618/618/618 666/666/666 667/667/667
f 615/615/615 616/616/616 668/668/668 669/669/669
f 616/616/616 617/617/617 667/667/667 668/668/668
f 613/613/613 614/614/614 670/670/670 671/671/671
f 611/611/611 612/612/612 672/672/672 673/673/673
f 610/610/610 611/611/611 673/673/673 674/674/674
f 612/612/612 613/613/613 671/671/671 672/672/672
f 614/614/614 615/615/615 669/669/669 670/670/670
f 618/618/618 619/619/619 665/665/665 666/666/666
f 608/608/608 626/626/626 658/658/658
f 658/658/658 659/659/659 608/608/608
f 674/674/674 675/675/675 609/609/609 610/610/610
f 711/711/711 678/678/678 679/679/679 712/712/712
f 709/709/709 710/710/710 713/713/713 714/714/714
f 710/710/710 711/711/711 712/712/712 713/713/713
f 707/707/707 708/708/708 715/715/715 716/716/716
f 705/705/705 706/706/706 717/717/717 718/718/718
f 706/706/706 707/707/707 716/716/716 717/717/717
f 708/708/708 709/709/709 714/714/714 715/715/715
f 703/703/703 704/704/704 719/719/719 720/720/720
f 701/701/701 702/702/702 721/721/721 722/722/722
f 702/702/702 703/703/703 720/720/720 721/721/721
f 699/699/699 700/700/700 723/723/723 724/724/724
f 697/697/697 698/698/698 725/725/725 726/726/726
f 696/696/696 697/697/697 726/726/726 727/727/727
f 698/698/698 699/699/699 724/724/724 725/725/725
f 700/700/700 701/701/701 722/722/722 723/723/723
f 704/704/704 705/705/705 718/718/718 719/719/719
f 694/694/694 695/695/695 728/728/728 729/729/729
f 692/692/692 693/693/693 730/730/730 731/731/731
f 693/693/693 694/694/694 729/729/729 730/730/730
f 690/690/690 691/691/691 732/732/732 733/733/733
f 688/688/688 689/689/689 734/734/734 735/735/735
f 689/689/689 690/690/690 733/733/733 734/734/734
f 691/691/691 692/692/692 731/731/731 732/732/732
f 686/686/686 687/687/687 736/736/736 737/737/737
f 684/684/684 685/685/685 738/738/738 739/739/739
f 685/685/685 686/686/686 737/737/737 738/738/738
f 682/682/682 683/683/683 740/740/740 741/741/741
f 680/680/680 681/681/681 742/742/742 743/743/743
f 677/677/677 680/680/680 743/743/743 676/676/676
f 681/681/681 682/682/682 741/741/741 742/742/742
f 683/683/683 684/684/684 739/739/739 740/740/740
f 687/687/687 688/688/688 735/735/735 736/736/736
f 695/695/695 696/696/696 727/727/727 728/728/728
f 812/812/812 779/779/779 744/744/744 747/747/747
f 810/810/810 811/811/811 748/748/748 749/749/749
f 811/811/811 812/812/812 747/747/747 748/748/748
f 808/808/808 809/809/809 750/750/750 751/751/751
f 806/806/806 807/807/807 752/752/752 753/753/753
f 807/807/807 808/808/808 751/751/751 752/752/752
f 809/809/809 810/810/810 749/749/749 750/750/750
f 804/804/804 805/805/805 754/754/754 755/755/755
f 802/802/802 803/803/803 756/756/756 757/757/757
f 803/803/803 804/804/804 755/755/755 756/756/756
f 800/800/800 801/801/801 758/758/758 759/759/759
f 798/798/798 799/799/799 760/760/760 761/761/761
f 797/797/797 798/798/798 761/761/761 762/762/762
f 799/799/799 800/800/800 759/759/759 760/760/760
f 801/801/801 802/802/802 757/757/757 758/758/758
f 805/805/805 806/806/806 753/753/753 754/754/754
f 795/795/795 796/796/796 763/763/763 764/764/764
f 793/793/793 794/794/794 765/765/765 766/766/766
f 794/794/794 795/795/795 764/764/764 765/765/765
f 791/791/791 792/792/792 767/767/767 768/768/768
f 789/789/789 790/790/790 769/769/769 770/770/770
f 790/790/790 791/791/791 768/768/768 769/769/769
f 792/792/792 793/793/793 766/766/766 767/767/767
f 787/787/787 788/788/788 771/771/771 772/772/772
f 785/785/785 786/786/786 773/773/773 774/774/774
f 786/786/786 787/787/787 772/772/772 773/773/773
f 783/783/783 784/784/784 775/775/775 776/776/776
f 781/781/781 782/782/782 777/777/777 778/778/778
f 780/780/780 781/781/781 778/778/778 746/746/746
f 782/782/782 783/783/783 776/776/776 777/777/777
f 784/784/784 785/785/785 774/774/774 775/775/775
f 788/788/788 789/789/789 770/770/770 771/771/771
f 796/796/796 797/797/797 745/745/745
f 796/796/796 745/745/745 763/763/763
f 797/797/797 762/762/762 745/745/745
usemtl Default
v 850 890 -30
v 850 2250 -30
v 850 890 -20
v 850 2250 -20
v 850 2206.129150390625 -30
v 850 2162.258056640625 -30
v 850 2118.38720703125 -30
v 850 2074.51611328125 -30
v 850 2030.6451416015625 -30
v 850 1986.774169921875 -30
v 850 1942.9031982421875 -30
v 850 1899.0322265625 -30
v 850 1855.1612548828125 -30
v 850 1811.290283203125 -30
v 850 1767.4193115234375 -30
v 850 1723.54833984375 -30
v 850 1679.6773681640625 -30
v 850 1635.806396484375 -30
v 850 1591.9354248046875 -30
v 850 1548.0645751953125 -30
v 850 1504.193603515625 -30
v 850 1460.3226318359375 -30
v 850 1416.45166015625 -30
v 850 1372.5806884765625 -30
v 850 1328.709716796875 -30
v 850 1284.8387451171875 -30
v 850 1240.9677734375 -30
v 850 1197.0968017578125 -30
v 850 1153.225830078125 -30
v 850 1109.3548583984375 -30
v 850 1065.48388671875 -30
v 850 1021.6129150390625 -30
v 850 977.741943359375 -30
v 850 933.8709716796875 -30
v 850 900 -20
v 850 943.225830078125 -20
v 850 986.45159912109375 -20
v 850 1029.6773681640625 -20
v 850 1072.9031982421875 -20
v 850 1116.1290283203125 -20
v 850 1159.3548583984375 -20
v 850 1202.5806884765625 -20
v 850 1245.806396484375 -20
v 850 1289.0322265625 -20
v 850 1332.258056640625 -20
v 850 1375.48388671875 -20
v 850 1418.709716796875 -20
v 850 1461.9354248046875 -20
v 850 1505.1612548828125 -20
v 850 1548.3870849609375 -20
v 850 1591.6129150390625 -20
v 850 1634.8387451171875 -20
v 850 1678.0645751953125 -20
v 850 1721.290283203125 -20
v 850 1764.51611328125 -20
v 850 1807.741943359375 -20
v 850 1850.9677734375 -20
v 850 1894.193603515625 -20
v 850 1937.4193115234375 -20
v 850 1980.6451416015625 -20
v 850 2023.8709716796875 -20
v 850 2067.0966796875 -20
v 850 2110.322509765625 -20
v 850 2153.54833984375 -20
v 850 2196.774169921875 -20
v 850 2240 -20
v 850 890 -30
v 850 2250 -30
v 850 933.8709716796875 -30
v 850 977.741943359375 -30
v 850 1021.6129150390625 -30
v 850 1065.48388671875 -30
v 850 1109.3548583984375 -30
v 850 1153.225830078125 -30
v 850 1197.0968017578125 -30
v 850 1240.9677734375 -30
v 850 1284.8387451171875 -30
v 850 1328.709716796875 -30
v 850 1372.5806884765625 -30
v 850 1416.45166015625 -30
v 850 1460.3226318359375 -30
v 850 1504.193603515625 -30
v 850 1548.0645751953125 -30
v 850 1591.9354248046875 -30
v 850 1635.806396484375 -30
v 850 1679.6773681640625 -30
v 850 1723.54833984375 -30
v 850 1767.4193115234375 -30
v 850 1811.290283203125 -30
v 850 1855.1612548828125 -30
v 850 1899.0322265625 -30
v 850 1942.9031982421875 -30
v 850 1986.774169921875 -30
v 850 2030.6451416015625 -30
v 850 2074.51611328125 -30
v 850 2118.38720703125 -30
v 850 2162.258056640625 -30
v 850 2206.129150390625 -30
v 860 2240 -20
v 860 900 -20
v 860 2196.774169921875 -20
v 860 2153.54833984375 -20
v 860 2110.322509765625 -20
v 860 2067.0966796875 -20
v 860 2023.8709716796875 -20
v 860 1980.6451416015625 -20
v 860 1937.4193115234375 -20
v 860 1894.193603515625 -20
v 860 1850.9677734375 -20
v 860 1807.741943359375 -20
v 860 1764.51611328125 -20
v 860 1721.290283203125 -20
v 860 1678.0645751953125 -20
v 860 1634.8387451171875 -20
v 860 1591.6129150390625 -20
v 860 1548.3870849609375 -20
v 860 1505.1612548828125 -20
v 860 1461.9354248046875 -20
v 860 1418.709716796875 -20
v 860 1375.48388671875 -20
v 860 1332.258056640625 -20
v 860 1289.0322265625 -20
v 860 1245.806396484375 -20
v 860 1202.5806884765625 -20
v 860 1159.3548583984375 -20
v 860 1116.1290283203125 -20
v 860 1072.9031982421875 -20
v 860 1029.6773681640625 -20
v 860 986.45159912109375 -20
v 860 943.225830078125 -20
v 2350 890 -30
v 2350 2250 -30
v 2350 2206.129150390625 -30
v 2350 2162.258056640625 -30
v 2350 2118.38720703125 -30
v 2350 2074.51611328125 -30
v 2350 2030.6451416015625 -30
v 2350 1986.774169921875 -30
v 2350 1942.9031982421875 -30
v 2350 1899.0322265625 -30
v 2350 1855.1612548828125 -30
v 2350 1811.290283203125 -30
v 2350 1767.4193115234375 -30
v 2350 1723.54833984375 -30
v 2350 1679.6773681640625 -30
v 2350 1635.806396484375 -30
v 2350 1591.9354248046875 -30
v 2350 1548.0645751953125 -30
v 2350 1504.193603515625 -30
v 2350 1460.3226318359375 -30
v 2350 1416.45166015625 -30
v 2350 1372.5806884765625 -30
v 2350 1328.709716796875 -30
v 2350 1284.8387451171875 -30
v 2350 1240.9677734375 -30
v 2350 1197.0968017578125 -30
v 2350 1153.225830078125 -30
v 2350 1109.3548583984375 -30
v 2350 1065.48388671875 -30
v 2350 1021.6129150390625 -30
v 2350 977.741943359375 -30
v 2350 933.8709716796875 -30
v 2340 2240 -20
v 2340 900 -20
v 2340 943.225830078125 -20
v 2340 986.45159912109375 -20
v 2340 1029.6773681640625 -20
v 2340 1072.9031982421875 -20
v 2340 1116.1290283203125 -20
v 2340 1159.3548583984375 -20
v 2340 1202.5806884765625 -20
v 2340 1245.806396484375 -20
v 2340 1289.0322265625 -20
v 2340 1332.258056640625 -20
v 2340 1375.48388671875 -20
v 2340 1418.709716796875 -20
v 2340 1461.9354248046875 -20
v 2340 1505.1612548828125 -20
v 2340 1548.3870849609375 -20
v 2340 1591.6129150390625 -20
v 2340 1634.8387451171875 -20
v 2340 1678.0645751953125 -20
v 2340 1721.290283203125 -20
v 2340 1764.51611328125 -20
v 2340 1807.741943359375 -20
v 2340 1850.9677734375 -20
v 2340 1894.193603515625 -20
v 2340 1937.4193115234375 -20
v 2340 1980.6451416015625 -20
v 2340 2023.8709716796875 -20
v 2340 2067.0966796875 -20
v 2340 2110.322509765625 -20
v 2340 2153.54833984375 -20
v 2340 2196.774169921875 -20
v 2350 890 -20
v 2350 2250 -20
v 2350 890 -30
v 2350 2250 -30
v 2350 933.8709716796875 -30
v 2350 977.741943359375 -30
v 2350 1021.6129150390625 -30
v 2350 1065.48388671875 -30
v 2350 1109.3548583984375 -30
v 2350 1153.225830078125 -30
v 2350 1197.0968017578125 -30
v 2350 1240.9677734375 -30
v 2350 1284.8387451171875 -30
v 2350 1328.709716796875 -30
v 2350 1372.5806884765625 -30
v 2350 1416.45166015625 -30
v 2350 1460.3226318359375 -30
v 2350 1504.193603515625 -30
v 2350 1548.0645751953125 -30
v 2350 1591.9354248046875 -30
v 2350 1635.806396484375 -30
v 2350 1679.6773681640625 -30
v 2350 1723.54833984375 -30
v 2350 1767.4193115234375 -30
v 2350 1811.290283203125 -30
v 2350 1855.1612548828125 -30
v 2350 1899.0322265625 -30
v 2350 1942.9031982421875 -30
v 2350 1986.774169921875 -30
v 2350 2030.6451416015625 -30
v 2350 2074.51611328125 -30
v 2350 2118.38720703125 -30
v 2350 2162.258056640625 -30
v 2350 2206.129150390625 -30
v 2350 2240 -20
v 2350 2196.774169921875 -20
v 2350 2153.54833984375 -20
v 2350 2110.322509765625 -20
v 2350 2067.0966796875 -20
v 2350 2023.8709716796875 -20
v 2350 1980.6451416015625 -20
v 2350 1937.4193115234375 -20
v 2350 1894.193603515625 -20
v 2350 1850.9677734375 -20
v 2350 1807.741943359375 -20
v 2350 1764.51611328125 -20
v 2350 1721.290283203125 -20
v 2350 1678.0645751953125 -20
v 2350 1634.8387451171875 -20
v 2350 1591.6129150390625 -20
v 2350 1548.3870849609375 -20
v 2350 1505.1612548828125 -20
v 2350 1461.9354248046875 -20
v 2350 1418.709716796875 -20
v 2350 1375.48388671875 -20
v 2350 1332.258056640625 -20
v 2350 1289.0322265625 -20
v 2350 1245.806396484375 -20
v 2350 1202.5806884765625 -20
v 2350 1159.3548583984375 -20
v 2350 1116.1290283203125 -20
v 2350 1072.9031982421875 -20
v 2350 1029.6773681640625 -20
v 2350 986.45159912109375 -20
v 2350 943.225830078125 -20
v 2350 900 -20
v 2350 2250 -20
v 850 2250 -20
v 2350 2250 -30
v 850 2250 -30
v 860 2250 -20
v 2340 2250 -20
v 2305.88232421875 2250 -30
v 2261.7646484375 2250 -30
v 2217.64697265625 2250 -30
v 2173.529296875 2250 -30
v 2129.411865234375 2250 -30
v 2085.294189453125 2250 -30
v 2041.176513671875 2250 -30
v 1997.058837890625 2250 -30
v 1952.941162109375 2250 -30
v 1908.823486328125 2250 -30
v 1864.7059326171875 2250 -30
v 1820.5882568359375 2250 -30
v 1776.4705810546875 2250 -30
v 1732.3529052734375 2250 -30
v 1688.2353515625 2250 -30
v 1644.11767578125 2250 -30
v 1600 2250 -30
v 1555.88232421875 2250 -30
v 1511.7646484375 2250 -30
v 1467.6470947265625 2250 -30
v 1423.5294189453125 2250 -30
v 1379.4117431640625 2250 -30
v 1335.2940673828125 2250 -30
v 1291.176513671875 2250 -30
v 1247.058837890625 2250 -30
v 1202.941162109375 2250 -30
v 1158.823486328125 2250 -30
v 1114.7059326171875 2250 -30
v 1070.5882568359375 2250 -30
v 1026.4705810546875 2250 -30
v 982.35296630859375 2250 -30
v 938.23529052734375 2250 -30
v 894.11767578125 2250 -30
v 904.8485107421875 2250 -20
v 949.69696044921875 2250 -20
v 994.54547119140625 2250 -20
v 1039.3939208984375 2250 -20
v 1084.242431640625 2250 -20
v 1129.0909423828125 2250 -20
v 1173.939453125 2250 -20
v 1218.787841796875 2250 -20
v 1263.6363525390625 2250 -20
v 1308.48486328125 2250 -20
v 1353.3333740234375 2250 -20
v 1398.1817626953125 2250 -20
v 1443.0302734375 2250 -20
v 1487.8787841796875 2250 -20
v 1532.727294921875 2250 -20
v 1577.5758056640625 2250 -20
v 1622.4241943359375 2250 -20
v 1667.272705078125 2250 -20
v 1712.1212158203125 2250 -20
v 1756.9697265625 2250 -20
v 1801.8182373046875 2250 -20
v 1846.6666259765625 2250 -20
v 1891.51513671875 2250 -20
v 1936.3636474609375 2250 -20
v 1981.212158203125 2250 -20
v 2026.060546875 2250 -20
v 2070.9091796875 2250 -20
v 2115.757568359375 2250 -20
v 2160.60595703125 2250 -20
v 2205.45458984375 2250 -20
v 2250.302978515625 2250 -20
v 2295.151611328125 2250 -20
v 2340 890 -20
v 2340 2250 -20
v 2350 890 -20
v 2350 2250 -20
v 2340 900 -20
v 2340 2240 -20
v 2340 2196.774169921875 -20
v 2340 2153.54833984375 -20
v 2340 2110.322509765625 -20
v 2340 2067.0966796875 -20
v 2340 2023.8709716796875 -20
v 2340 1980.6451416015625 -20
v 2340 1937.4193115234375 -20
v 2340 1894.193603515625 -20
v 2340 1850.9677734375 -20
v 2340 1807.741943359375 -20
v 2340 1764.51611328125 -20
v 2340 1721.290283203125 -20
v 2340 1678.0645751953125 -20
v 2340 1634.8387451171875 -20
v 2340 1591.6129150390625 -20
v 2340 1548.3870849609375 -20
v 2340 1505.1612548828125 -20
v 2340 1461.9354248046875 -20
v 2340 1418.709716796875 -20
v 2340 1375.48388671875 -20
v 2340 1332.258056640625 -20
v 2340 1289.0322265625 -20
v 2340 1245.806396484375 -20
v 2340 1202.5806884765625 -20
v 2340 1159.3548583984375 -20
v 2340 1116.1290283203125 -20
v 2340 1072.9031982421875 -20
v 2340 1029.6773681640625 -20
v 2340 986.45159912109375 -20
v 2340 943.225830078125 -20
v 2350 900 -20
v 2350 943.225830078125 -20
v 2350 986.45159912109375 -20
v 2350 1029.6773681640625 -20
v 2350 1072.9031982421875 -20
v 2350 1116.1290283203125 -20
v 2350 1159.3548583984375 -20
v 2350 1202.5806884765625 -20
v 2350 1245.806396484375 -20
v 2350 1289.0322265625 -20
v 2350 1332.258056640625 -20
v 2350 1375.48388671875 -20
v 2350 1418.709716796875 -20
v 2350 1461.9354248046875 -20
v 2350 1505.1612548828125 -20
v 2350 1548.3870849609375 -20
v 2350 1591.6129150390625 -20
v 2350 1634.8387451171875 -20
v 2350 1678.0645751953125 -20
v 2350 1721.290283203125 -20
v 2350 1764.51611328125 -20
v 2350 1807.741943359375 -20
v 2350 1850.9677734375 -20
v 2350 1894.193603515625 -20
v 2350 1937.4193115234375 -20
v 2350 1980.6451416015625 -20
v 2350 2023.8709716796875 -20
v 2350 2067.0966796875 -20
v 2350 2110.322509765625 -20
v 2350 2153.54833984375 -20
v 2350 2196.774169921875 -20
v 2350 2240 -20
v 2350 890 -30
v 850 890 -30
v 2350 890 -20
v 850 890 -20
v 860 890 -20
v 2340 890 -20
v 894.11767578125 890 -30
v 938.23529052734375 890 -30
v 982.35296630859375 890 -30
v 1026.4705810546875 890 -30
v 1070.5882568359375 890 -30
v 1114.7059326171875 890 -30
v 1158.823486328125 890 -30
v 1202.941162109375 890 -30
v 1247.058837890625 890 -30
v 1291.176513671875 890 -30
v 1335.2940673828125 890 -30
v 1379.4117431640625 890 -30
v 1423.5294189453125 890 -30
v 1467.6470947265625 890 -30
v 1511.7646484375 890 -30
v 1555.88232421875 890 -30
v 1600 890 -30
v 1644.11767578125 890 -30
v 1688.2353515625 890 -30
v 1732.3529052734375 890 -30
v 1776.4705810546875 890 -30
v 1820.5882568359375 890 -30
v 1864.7059326171875 890 -30
v 1908.823486328125 890 -30
v 1952.941162109375 890 -30
v 1997.058837890625 890 -30
v 2041.176513671875 890 -30
v 2085.294189453125 890 -30
v 2129.411865234375 890 -30
v 2173.529296875 890 -30
v 2217.64697265625 890 -30
v 2261.7646484375 890 -30
v 2305.88232421875 890 -30
v 2295.151611328125 890 -20
v 2250.302978515625 890 -20
v 2205.45458984375 890 -20
v 2160.60595703125 890 -20
v 2115.757568359375 890 -20
v 2070.9091796875 890 -20
v 2026.060546875 890 -20
v 1981.212158203125 890 -20
v 1936.3636474609375 890 -20
v 1891.51513671875 890 -20
v 1846.6666259765625 890 -20
v 1801.8182373046875 890 -20
v 1756.9697265625 890 -20
v 1712.1212158203125 890 -20
v 1667.272705078125 890 -20
v 1622.4241943359375 890 -20
v 1577.5758056640625 890 -20
v 1532.727294921875 890 -20
v 1487.8787841796875 890 -20
v 1443.0302734375 890 -20
v 1398.1817626953125 890 -20
v 1353.3333740234375 890 -20
v 1308.48486328125 890 -20
v 1263.6363525390625 890 -20
v 1218.787841796875 890 -20
v 1173.939453125 890 -20
v 1129.0909423828125 890 -20
v 1084.242431640625 890 -20
v 1039.3939208984375 890 -20
v 994.54547119140625 890 -20
v 949.69696044921875 890 -20
v 904.8485107421875 890 -20
v 850 890 -20
v 850 2250 -20
v 860 890 -20
v 860 2250 -20
v 860 900 -20
v 860 2240 -20
v 860 943.225830078125 -20
v 860 986.45159912109375 -20
v 860 1029.6773681640625 -20
v 860 1072.9031982421875 -20
v 860 1116.1290283203125 -20
v 860 1159.3548583984375 -20
v 860 1202.5806884765625 -20
v 860 1245.806396484375 -20
v 860 1289.0322265625 -20
v 860 1332.258056640625 -20
v 860 1375.48388671875 -20
v 860 1418.709716796875 -20
v 860 1461.9354248046875 -20
v 860 1505.1612548828125 -20
v 860 1548.3870849609375 -20
v 860 1591.6129150390625 -20
v 860 1634.8387451171875 -20
v 860 1678.0645751953125 -20
v 860 1721.290283203125 -20
v 860 1764.51611328125 -20
v 860 1807.741943359375 -20
v 860 1850.9677734375 -20
v 860 1894.193603515625 -20
v 860 1937.4193115234375 -20
v 860 1980.6451416015625 -20
v 860 2023.8709716796875 -20
v 860 2067.0966796875 -20
v 860 2110.322509765625 -20
v 860 2153.54833984375 -20
v 860 2196.774169921875 -20
v 850 2240 -20
v 850 2196.774169921875 -20
v 850 2153.54833984375 -20
v 850 2110.322509765625 -20
v 850 2067.0966796875 -20
v 850 2023.8709716796875 -20
v 850 1980.6451416015625 -20
v 850 1937.4193115234375 -20
v 850 1894.193603515625 -20
v 850 1850.9677734375 -20
v 850 1807.741943359375 -20
v 850 1764.51611328125 -20
v 850 1721.290283203125 -20
v 850 1678.0645751953125 -20
v 850 1634.8387451171875 -20
v 850 1591.6129150390625 -20
v 850 1548.3870849609375 -20
v 850 1505.1612548828125 -20
v 850 1461.9354248046875 -20
v 850 1418.709716796875 -20
v 850 1375.48388671875 -20
v 850 1332.258056640625 -20
v 850 1289.0322265625 -20
v 850 1245.806396484375 -20
v 850 1202.5806884765625 -20
v 850 1159.3548583984375 -20
v 850 1116.1290283203125 -20
v 850 1072.9031982421875 -20
v 850 1029.6773681640625 -20
v 850 986.45159912109375 -20
v 850 943.225830078125 -20
v 850 900 -20
v 2340 2240 -20
v 2340 2250 -20
v 860 2240 -20
v 904.8485107421875 2240 -20
v 949.69696044921875 2240 -20
v 994.54547119140625 2240 -20
v 1039.3939208984375 2240 -20
v 1084.242431640625 2240 -20
v 1129.0909423828125 2240 -20
v 1173.939453125 2240 -20
v 1218.787841796875 2240 -20
v 1263.6363525390625 2240 -20
v 1308.48486328125 2240 -20
v 1353.3333740234375 2240 -20
v 1398.1817626953125 2240 -20
v 1443.0302734375 2240 -20
v 1487.8787841796875 2240 -20
v 1532.727294921875 2240 -20
v 1577.5758056640625 2240 -20
v 1622.4241943359375 2240 -20
v 1667.272705078125 2240 -20
v 1712.1212158203125 2240 -20
v 1756.9697265625 2240 -20
v 1801.8182373046875 2240 -20
v 1846.6666259765625 2240 -20
v 1891.51513671875 2240 -20
v 1936.3636474609375 2240 -20
v 1981.212158203125 2240 -20
v 2026.060546875 2240 -20
v 2070.9091796875 2240 -20
v 2115.757568359375 2240 -20
v 2160.60595703125 2240 -20
v 2205.45458984375 2240 -20
v 2250.302978515625 2240 -20
v 2295.151611328125 2240 -20
v 2295.151611328125 2250 -20
v 2250.302978515625 2250 -20
v 2205.45458984375 2250 -20
v 2160.60595703125 2250 -20
v 2115.757568359375 2250 -20
v 2070.9091796875 2250 -20
v 2026.060546875 2250 -20
v 1981.212158203125 2250 -20
v 1936.3636474609375 2250 -20
v 1891.51513671875 2250 -20
v 1846.6666259765625 2250 -20
v 1801.8182373046875 2250 -20
v 1756.9697265625 2250 -20
v 1712.1212158203125 2250 -20
v 1667.272705078125 2250 -20
v 1622.4241943359375 2250 -20
v 1577.5758056640625 2250 -20
v 1532.727294921875 2250 -20
v 1487.8787841796875 2250 -20
v 1443.0302734375 2250 -20
v 1398.1817626953125 2250 -20
v 1353.3333740234375 2250 -20
v 1308.48486328125 2250 -20
v 1263.6363525390625 2250 -20
v 1218.787841796875 2250 -20
v 1173.939453125 2250 -20
v 1129.0909423828125 2250 -20
v 1084.242431640625 2250 -20
v 1039.3939208984375 2250 -20
v 994.54547119140625 2250 -20
v 949.69696044921875 2250 -20
v 904.8485107421875 2250 -20
v 860 2250 -20
v 2350 2250 -30
v 1600 2250 -30
v 850 2250 -30
v 894.11767578125 2250 -30
v 938.23529052734375 2250 -30
v 982.35296630859375 2250 -30
v 1026.4705810546875 2250 -30
v 1070.5882568359375 2250 -30
v 1114.7059326171875 2250 -30
v 1158.823486328125 2250 -30
v 1202.941162109375 2250 -30
v 1247.058837890625 2250 -30
v 1291.176513671875 2250 -30
v 1335.2940673828125 2250 -30
v 1379.4117431640625 2250 -30
v 1423.5294189453125 2250 -30
v 1467.6470947265625 2250 -30
v 1511.7646484375 2250 -30
v 1555.88232421875 2250 -30
v 1644.11767578125 2250 -30
v 1688.2353515625 2250 -30
v 1732.3529052734375 2250 -30
v 1776.4705810546875 2250 -30
v 1820.5882568359375 2250 -30
v 1864.7059326171875 2250 -30
v 1908.823486328125 2250 -30
v 1952.941162109375 2250 -30
v 1997.058837890625 2250 -30
v 2041.176513671875 2250 -30
v 2085.294189453125 2250 -30
v 2129.411865234375 2250 -30
v 2173.529296875 2250 -30
v 2217.64697265625 2250 -30
v 2261.7646484375 2250 -30
v 2305.88232421875 2250 -30
v 2340 2240 -20
v 2295.151611328125 2240 -20
v 2250.302978515625 2240 -20
v 2205.45458984375 2240 -20
v 2160.60595703125 2240 -20
v 2115.757568359375 2240 -20
v 2070.9091796875 2240 -20
v 2026.060546875 2240 -20
v 1981.212158203125 2240 -20
v 1936.3636474609375 2240 -20
v 1891.51513671875 2240 -20
v 1846.6666259765625 2240 -20
v 1801.8182373046875 2240 -20
v 1756.9697265625 2240 -20
v 1712.1212158203125 2240 -20
v 1667.272705078125 2240 -20
v 1622.4241943359375 2240 -20
v 1577.5758056640625 2240 -20
v 1532.727294921875 2240 -20
v 1487.8787841796875 2240 -20
v 1443.0302734375 2240 -20
v 1398.1817626953125 2240 -20
v 1353.3333740234375 2240 -20
v 1308.48486328125 2240 -20
v 1263.6363525390625 2240 -20
v 1218.787841796875 2240 -20
v 1173.939453125 2240 -20
v 1129.0909423828125 2240 -20
v 1084.242431640625 2240 -20
v 1039.3939208984375 2240 -20
v 994.54547119140625 2240 -20
v 949.69696044921875 2240 -20
v 904.8485107421875 2240 -20
v 860 2240 -20
v 860 900 -20
v 860 890 -20
v 2340 890 -20
v 2340 900 -20
v 904.8485107421875 890 -20
v 949.69696044921875 890 -20
v 994.54547119140625 890 -20
v 1039.3939208984375 890 -20
v 1084.242431640625 890 -20
v 1129.0909423828125 890 -20
v 1173.939453125 890 -20
v 1218.787841796875 890 -20
v 1263.6363525390625 890 -20
v 1308.48486328125 890 -20
v 1353.3333740234375 890 -20
v 1398.1817626953125 890 -20
v 1443.0302734375 890 -20
v 1487.8787841796875 890 -20
v 1532.727294921875 890 -20
v 1577.5758056640625 890 -20
v 1622.4241943359375 890 -20
v 1667.272705078125 890 -20
v 1712.1212158203125 890 -20
v 1756.9697265625 890 -20
v 1801.8182373046875 890 -20
v 1846.6666259765625 890 -20
v 1891.51513671875 890 -20
v 1936.3636474609375 890 -20
v 1981.212158203125 890 -20
v 2026.060546875 890 -20
v 2070.9091796875 890 -20
v 2115.757568359375 890 -20
v 2160.60595703125 890 -20
v 2205.45458984375 890 -20
v 2250.302978515625 890 -20
v 2295.151611328125 890 -20
v 2295.151611328125 900 -20
v 2250.302978515625 900 -20
v 2205.45458984375 900 -20
v 2160.60595703125 900 -20
v 2115.757568359375 900 -20
v 2070.9091796875 900 -20
v 2026.060546875 900 -20
v 1981.212158203125 900 -20
v 1936.3636474609375 900 -20
v 1891.51513671875 900 -20
v 1846.6666259765625 900 -20
v 1801.8182373046875 900 -20
v 1756.9697265625 900 -20
v 1712.1212158203125 900 -20
v 1667.272705078125 900 -20
v 1622.4241943359375 900 -20
v 1577.5758056640625 900 -20
v 1532.727294921875 900 -20
v 1487.8787841796875 900 -20
v 1443.0302734375 900 -20
v 1398.1817626953125 900 -20
v 1353.3333740234375 900 -20
v 1308.48486328125 900 -20
v 1263.6363525390625 900 -20
v 1218.787841796875 900 -20
v 1173.939453125 900 -20
v 1129.0909423828125 900 -20
v 1084.242431640625 900 -20
v 1039.3939208984375 900 -20
v 994.54547119140625 900 -20
v 949.69696044921875 900 -20
v 904.8485107421875 900 -20
v 2350 890 -30
v 1600 890 -30
v 850 890 -30
v 2305.88232421875 890 -30
v 2261.7646484375 890 -30
v 2217.64697265625 890 -30
v 2173.529296875 890 -30
v 2129.411865234375 890 -30
v 2085.294189453125 890 -30
v 2041.176513671875 890 -30
v 1997.058837890625 890 -30
v 1952.941162109375 890 -30
v 1908.823486328125 890 -30
v 1864.7059326171875 890 -30
v 1820.5882568359375 890 -30
v 1776.4705810546875 890 -30
v 1732.3529052734375 890 -30
v 1688.2353515625 890 -30
v 1644.11767578125 890 -30
v 1555.88232421875 890 -30
v 1511.7646484375 890 -30
v 1467.6470947265625 890 -30
v 1423.5294189453125 890 -30
v 1379.4117431640625 890 -30
v 1335.2940673828125 890 -30
v 1291.176513671875 890 -30
v 1247.058837890625 890 -30
v 1202.941162109375 890 -30
v 1158.823486328125 890 -30
v 1114.7059326171875 890 -30
v 1070.5882568359375 890 -30
v 1026.4705810546875 890 -30
v 982.35296630859375 890 -30
v 938.23529052734375 890 -30
v 894.11767578125 890 -30
v 2340 900 -20
v 860 900 -20
v 904.8485107421875 900 -20
v 949.69696044921875 900 -20
v 994.54547119140625 900 -20
v 1039.3939208984375 900 -20
v 1084.242431640625 900 -20
v 1129.0909423828125 900 -20
v 1173.939453125 900 -20
v 1218.787841796875 900 -20
v 1263.6363525390625 900 -20
v 1308.48486328125 900 -20
v 1353.3333740234375 900 -20
v 1398.1817626953125 900 -20
v 1443.0302734375 900 -20
v 1487.8787841796875 900 -20
v 1532.727294921875 900 -20
v 1577.5758056640625 900 -20
v 1622.4241943359375 900 -20
v 1667.272705078125 900 -20
v 1712.1212158203125 900 -20
v 1756.9697265625 900 -20
v 1801.8182373046875 900 -20
v 1846.6666259765625 900 -20
v 1891.51513671875 900 -20
v 1936.3636474609375 900 -20
v 1981.212158203125 900 -20
v 2026.060546875 900 -20
v 2070.9091796875 900 -20
v 2115.757568359375 900 -20
v 2160.60595703125 900 -20
v 2205.45458984375 900 -20
v 2250.302978515625 900 -20
v 2295.151611328125 900 -20
vt 0.9083939790725708 0.09064038097858429
vt 0.018507204949855804 0.09064038097858429
vt 0.9083939790725708 0.097183667123317719
vt 0.018507204949855804 0.097183667123317719
vt 0.047213256359100342 0.09064038097858429
vt 0.075919255614280701 0.09064038097858429
vt 0.10462530702352524 0.09064038097858429
vt 0.133331298828125 0.09064038097858429
vt 0.16203735768795013 0.09064038097858429
vt 0.19074335694313049 0.09064038097858429
vt 0.21944940090179443 0.09064038097858429
vt 0.24815540015697479 0.09064038097858429
vt 0.27686145901679993 0.09064038097858429
vt 0.30556744337081909 0.09064038097858429
vt 0.33427351713180542 0.09064038097858429
vt 0.36297950148582458 0.09064038097858429
vt 0.39168554544448853 0.09064038097858429
vt 0.42039155960083008 0.09064038097858429
vt 0.44909760355949402 0.09064038097858429
vt 0.47780361771583557 0.09064038097858429
vt 0.50650966167449951 0.09064038097858429
vt 0.53521567583084106 0.09064038097858429
vt 0.56392168998718262 0.09064038097858429
vt 0.59262770414352417 0.09064038097858429
vt 0.6213337779045105 0.09064038097858429
vt 0.65003979206085205 0.09064038097858429
vt 0.6787458062171936 0.09064038097858429
vt 0.70745182037353516 0.09064038097858429
vt 0.73615783452987671 0.09064038097858429
vt 0.76486390829086304 0.09064038097858429
vt 0.79356992244720459 0.09064038097858429
vt 0.82227593660354614 0.09064038097858429
vt 0.8509819507598877 0.09064038097858429
vt 0.87968796491622925 0.09064038097858429
vt 0.90185070037841797 0.097183667123317719
vt 0.87356686592102051 0.097183667123317719
vt 0.84528297185897827 0.097183667123317719
vt 0.81699907779693604 0.097183667123317719
vt 0.78871524333953857 0.097183667123317719
vt 0.76043134927749634 0.097183667123317719
vt 0.7321474552154541 0.097183667123317719
vt 0.70386356115341187 0.097183667123317719
vt 0.67557966709136963 0.097183667123317719
vt 0.64729583263397217 0.097183667123317719
vt 0.61901193857192993 0.097183667123317719
vt 0.5907280445098877 0.097183667123317719
vt 0.56244421005249023 0.097183667123317719
vt 0.534160315990448 0.097183667123317719
vt 0.50587642192840576 0.097183667123317719
vt 0.47759255766868591 0.097183667123317719
vt 0.44930866360664368 0.097183667123317719
vt 0.42102476954460144 0.097183667123317719
vt 0.39274093508720398 0.097183667123317719
vt 0.36445701122283936 0.097183667123317719
vt 0.33617311716079712 0.097183667123317719
vt 0.30788928270339966 0.097183667123317719
vt 0.27960538864135742 0.097183667123317719
vt 0.25132149457931519 0.097183667123317719
vt 0.22303766012191772 0.097183667123317719
vt 0.19475376605987549 0.097183667123317719
vt 0.16646987199783325 0.097183667123317719
vt 0.1381860226392746 0.097183667123317719
vt 0.10990212857723236 0.097183667123317719
vt 0.081618234515190125 0.097183667123317719
vt 0.053334392607212067 0.097183667123317719
vt 0.025050496682524681 0.097183667123317719
vt 0.9083939790725708 0.5
vt 0.018507204949855804 0.5
vt 0.87968796491622925 0.5
vt 0.8509819507598877 0.5
vt 0.82227593660354614 0.5
vt 0.79356992244720459 0.5
vt 0.76486390829086304 0.5
vt 0.73615783452987671 0.5
vt 0.70745182037353516 0.5
vt 0.6787458062171936 0.5
vt 0.65003979206085205 0.5
vt 0.6213337779045105 0.5
vt 0.59262770414352417 0.5
vt 0.56392168998718262 0.5
vt 0.53521567583084106 0.5
vt 0.50650966167449951 0.5
vt 0.47780361771583557 0.5
vt 0.44909760355949402 0.5
vt 0.42039155960083008 0.5
vt 0.39168554544448853 0.5
vt 0.36297950148582458 0.5
vt 0.33427351713180542 0.5
vt 0.30556744337081909 0.5
vt 0.27686145901679993 0.5
vt 0.24815540015697479 0.5
vt 0.21944940090179443 0.5
vt 0.19074335694313049 0.5
vt 0.16203735768795013 0.5
vt 0.133331298828125 0.5
vt 0.10462530702352524 0.5
vt 0.075919255614280701 0.5
vt 0.047213256359100342 0.5
vt 0.025050496682524681 0.49074640870094299
vt 0.90185070037841797 0.49074640870094299
vt 0.053334392607212067 0.49074640870094299
vt 0.081618234515190125 0.49074640870094299
vt 0.10990212857723236 0.49074640870094299
vt 0.1381860226392746 0.49074640870094299
vt 0.16646987199783325 0.49074640870094299
vt 0.19475376605987549 0.49074640870094299
vt 0.22303766012191772 0.49074640870094299
vt 0.25132149457931519 0.49074640870094299
vt 0.27960538864135742 0.49074640870094299
vt 0.30788928270339966 0.49074640870094299
vt 0.33617311716079712 0.49074640870094299
vt 0.36445701122283936 0.49074640870094299
vt 0.39274093508720398 0.49074640870094299
vt 0.42102476954460144 0.49074640870094299
vt 0.44930866360664368 0.49074640870094299
vt 0.47759255766868591 0.49074640870094299
vt 0.50587642192840576 0.49074640870094299
vt 0.534160315990448 0.49074640870094299
vt 0.56244421005249023 0.49074640870094299
vt 0.5907280445098877 0.49074640870094299
vt 0.61901193857192993 0.49074640870094299
vt 0.64729583263397217 0.49074640870094299
vt 0.67557966709136963 0.49074640870094299
vt 0.70386356115341187 0.49074640870094299
vt 0.7321474552154541 0.49074640870094299
vt 0.76043134927749634 0.49074640870094299
vt 0.78871524333953857 0.49074640870094299
vt 0.81699907779693604 0.49074640870094299
vt 0.84528297185897827 0.49074640870094299
vt 0.87356686592102051 0.49074640870094299
vt 0.9083939790725708 0.36256152391433716
vt 0.018507204949855804 0.36256152391433716
vt 0.047213256359100342 0.36256152391433716
vt 0.075919255614280701 0.36256152391433716
vt 0.10462530702352524 0.36256152391433716
vt 0.133331298828125 0.36256152391433716
vt 0.16203735768795013 0.36256152391433716
vt 0.19074335694313049 0.36256152391433716
vt 0.21944940090179443 0.36256152391433716
vt 0.24815540015697479 0.36256152391433716
vt 0.27686145901679993 0.36256152391433716
vt 0.30556744337081909 0.36256152391433716
vt 0.33427351713180542 0.36256152391433716
vt 0.36297950148582458 0.36256152391433716
vt 0.39168554544448853 0.36256152391433716
vt 0.42039155960083008 0.36256152391433716
vt 0.44909760355949402 0.36256152391433716
vt 0.47780361771583557 0.36256152391433716
vt 0.50650966167449951 0.36256152391433716
vt 0.53521567583084106 0.36256152391433716
vt 0.56392168998718262 0.36256152391433716
vt 0.59262770414352417 0.36256152391433716
vt 0.6213337779045105 0.36256152391433716
vt 0.65003979206085205 0.36256152391433716
vt 0.6787458062171936 0.36256152391433716
vt 0.70745182037353516 0.36256152391433716
vt 0.73615783452987671 0.36256152391433716
vt 0.76486390829086304 0.36256152391433716
vt 0.79356992244720459 0.36256152391433716
vt 0.82227593660354614 0.36256152391433716
vt 0.8509819507598877 0.36256152391433716
vt 0.87968796491622925 0.36256152391433716
vt 0.025050496682524681 0.37181514501571655
vt 0.90185070037841797 0.37181514501571655
vt 0.87356686592102051 0.37181514501571655
vt 0.84528297185897827 0.37181514501571655
vt 0.81699907779693604 0.37181514501571655
vt 0.78871524333953857 0.37181514501571655
vt 0.76043134927749634 0.37181514501571655
vt 0.7321474552154541 0.37181514501571655
vt 0.70386356115341187 0.37181514501571655
vt 0.67557966709136963 0.37181514501571655
vt 0.64729583263397217 0.37181514501571655
vt 0.61901193857192993 0.37181514501571655
vt 0.5907280445098877 0.37181514501571655
vt 0.56244421005249023 0.37181514501571655
vt 0.534160315990448 0.37181514501571655
vt 0.50587642192840576 0.37181514501571655
vt 0.47759255766868591 0.37181514501571655
vt 0.44930866360664368 0.37181514501571655
vt 0.42102476954460144 0.37181514501571655
vt 0.39274093508720398 0.37181514501571655
vt 0.36445701122283936 0.37181514501571655
vt 0.33617311716079712 0.37181514501571655
vt 0.30788928270339966 0.37181514501571655
vt 0.27960538864135742 0.37181514501571655
vt 0.25132149457931519 0.37181514501571655
vt 0.22303766012191772 0.37181514501571655
vt 0.19475376605987549 0.37181514501571655
vt 0.16646987199783325 0.37181514501571655
vt 0.1381860226392746 0.37181514501571655
vt 0.10990212857723236 0.37181514501571655
vt 0.081618234515190125 0.37181514501571655
vt 0.053334392607212067 0.37181514501571655
vt 0.9083939790725708 0
vt 0.018507204949855804 0
vt 0.9083939790725708 0.0065432852134108543
vt 0.018507204949855804 0.0065432852134108543
vt 0.87968796491622925 0.0065432852134108543
vt 0.8509819507598877 0.0065432852134108543
vt 0.82227593660354614 0.0065432852134108543
vt 0.79356992244720459 0.0065432852134108543
vt 0.76486390829086304 0.0065432852134108543
vt 0.73615783452987671 0.0065432852134108543
vt 0.70745182037353516 0.0065432852134108543
vt 0.6787458062171936 0.0065432852134108543
vt 0.65003979206085205 0.0065432852134108543
vt 0.6213337779045105 0.0065432852134108543
vt 0.59262770414352417 0.0065432852134108543
vt 0.56392168998718262 0.0065432852134108543
vt 0.53521567583084106 0.0065432852134108543
vt 0.50650966167449951 0.0065432852134108543
vt 0.47780361771583557 0.0065432852134108543
vt 0.44909760355949402 0.0065432852134108543
vt 0.42039155960083008 0.0065432852134108543
vt 0.39168554544448853 0.0065432852134108543
vt 0.36297950148582458 0.0065432852134108543
vt 0.33427351713180542 0.0065432852134108543
vt 0.30556744337081909 0.0065432852134108543
vt 0.27686145901679993 0.0065432852134108543
vt 0.24815540015697479 0.0065432852134108543
vt 0.21944940090179443 0.0065432852134108543
vt 0.19074335694313049 0.0065432852134108543
vt 0.16203735768795013 0.0065432852134108543
vt 0.133331298828125 0.0065432852134108543
vt 0.10462530702352524 0.0065432852134108543
vt 0.075919255614280701 0.0065432852134108543
vt 0.047213256359100342 0.0065432852134108543
vt 0.025050496682524681 0
vt 0.053334392607212067 0
vt 0.081618234515190125 0
vt 0.10990212857723236 0
vt 0.1381860226392746 0
vt 0.16646987199783325 0
vt 0.19475376605987549 0
vt 0.22303766012191772 0
vt 0.25132149457931519 0
vt 0.27960538864135742 0
vt 0.30788928270339966 0
vt 0.33617311716079712 0
vt 0.36445701122283936 0
vt 0.39274093508720398 0
vt 0.42102476954460144 0
vt 0.44930866360664368 0
vt 0.47759255766868591 0
vt 0.50587642192840576 0
vt 0.534160315990448 0
vt 0.56244421005249023 0
vt 0.5907280445098877 0
vt 0.61901193857192993 0
vt 0.64729583263397217 0
vt 0.67557966709136963 0
vt 0.70386356115341187 0
vt 0.7321474552154541 0
vt 0.76043134927749634 0
vt 0.78871524333953857 0
vt 0.81699907779693604 0
vt 0.84528297185897827 0
vt 0.87356686592102051 0
vt 0.90185070037841797 0
vt 0.99853515625 0.70957165956497192
vt 0.018507204949855804 0.70957165956497192
vt 0.99853515625 0.71611493825912476
vt 0.018507204949855804 0.71611493825912476
vt 0.025040719658136368 0.70957165956497192
vt 0.99200165271759033 0.70957165956497192
vt 0.9697108268737793 0.71611493825912476
vt 0.94088643789291382 0.71611493825912476
vt 0.91206210851669312 0.71611493825912476
vt 0.88323777914047241 0.71611493825912476
vt 0.85441339015960693 0.71611493825912476
vt 0.82558906078338623 0.71611493825912476
vt 0.79676467180252075 0.71611493825912476
vt 0.76794034242630005 0.71611493825912476
vt 0.73911595344543457 0.71611493825912476
vt 0.71029162406921387 0.71611493825912476
vt 0.68146729469299316 0.71611493825912476
vt 0.65264290571212769 0.71611493825912476
vt 0.62381857633590698 0.71611493825912476
vt 0.59499424695968628 0.71611493825912476
vt 0.5661698579788208 0.71611493825912476
vt 0.5373455286026001 0.71611493825912476
vt 0.50852119922637939 0.71611493825912476
vt 0.47969681024551392 0.71611493825912476
vt 0.45087248086929321 0.71611493825912476
vt 0.42204809188842773 0.71611493825912476
vt 0.39322379231452942 0.71611493825912476
vt 0.36439940333366394 0.71611493825912476
vt 0.33557507395744324 0.71611493825912476
vt 0.30675071477890015 0.71611493825912476
vt 0.27792638540267944 0.71611493825912476
vt 0.24910199642181396 0.71611493825912476
vt 0.22027768194675446 0.71611493825912476
vt 0.19145330786705017 0.71611493825912476
vt 0.16262897849082947 0.71611493825912476
vt 0.13380460441112518 0.71611493825912476
vt 0.10498028248548508 0.71611493825912476
vt 0.076155908405780792 0.71611493825912476
vt 0.047331582754850388 0.71611493825912476
vt 0.054342575371265411 0.70957165956497192
vt 0.083644434809684753 0.70957165956497192
vt 0.1129462867975235 0.70957165956497192
vt 0.14224809408187866 0.70957165956497192
vt 0.17154994606971741 0.70957165956497192
vt 0.20085179805755615 0.70957165956497192
vt 0.23015366494655609 0.70957165956497192
vt 0.25945550203323364 0.70957165956497192
vt 0.28875732421875 0.70957165956497192
vt 0.31805917620658875 0.70957165956497192
vt 0.34736102819442749 0.70957165956497192
vt 0.37666288018226624 0.70957165956497192
vt 0.40596473217010498 0.70957165956497192
vt 0.43526652455329895 0.70957165956497192
vt 0.46456840634346008 0.70957165956497192
vt 0.49387025833129883 0.70957165956497192
vt 0.52317208051681519 0.70957165956497192
vt 0.55247396230697632 0.70957165956497192
vt 0.58177578449249268 0.70957165956497192
vt 0.61107766628265381 0.70957165956497192
vt 0.64037948846817017 0.70957165956497192
vt 0.66968131065368652 0.70957165956497192
vt 0.69898319244384766 0.70957165956497192
vt 0.72828501462936401 0.70957165956497192
vt 0.75758689641952515 0.70957165956497192
vt 0.7868887186050415 0.70957165956497192
vt 0.81619054079055786 0.70957165956497192
vt 0.84549242258071899 0.70957165956497192
vt 0.87479424476623535 0.70957165956497192
vt 0.90409612655639648 0.70957165956497192
vt 0.93339794874191284 0.70957165956497192
vt 0.9626997709274292 0.70957165956497192
vt 0.9083939790725708 0.27192115783691406
vt 0.018507204949855804 0.27192115783691406
vt 0.9083939790725708 0.27846443653106689
vt 0.018507204949855804 0.27846443653106689
vt 0.90185070037841797 0.27192115783691406
vt 0.025050496682524681 0.27192115783691406
vt 0.053334392607212067 0.27192115783691406
vt 0.081618234515190125 0.27192115783691406
vt 0.10990212857723236 0.27192115783691406
vt 0.1381860226392746 0.27192115783691406
vt 0.16646987199783325 0.27192115783691406
vt 0.19475376605987549 0.27192115783691406
vt 0.22303766012191772 0.27192115783691406
vt 0.25132149457931519 0.27192115783691406
vt 0.27960538864135742 0.27192115783691406
vt 0.30788928270339966 0.27192115783691406
vt 0.33617311716079712 0.27192115783691406
vt 0.36445701122283936 0.27192115783691406
vt 0.39274093508720398 0.27192115783691406
vt 0.42102476954460144 0.27192115783691406
vt 0.44930866360664368 0.27192115783691406
vt 0.47759255766868591 0.27192115783691406
vt 0.50587642192840576 0.27192115783691406
vt 0.534160315990448 0.27192115783691406
vt 0.56244421005249023 0.27192115783691406
vt 0.5907280445098877 0.27192115783691406
vt 0.61901193857192993 0.27192115783691406
vt 0.64729583263397217 0.27192115783691406
vt 0.67557966709136963 0.27192115783691406
vt 0.70386356115341187 0.27192115783691406
vt 0.7321474552154541 0.27192115783691406
vt 0.76043134927749634 0.27192115783691406
vt 0.78871524333953857 0.27192115783691406
vt 0.81699907779693604 0.27192115783691406
vt 0.84528297185897827 0.27192115783691406
vt 0.87356686592102051 0.27192115783691406
vt 0.90185070037841797 0.27846443653106689
vt 0.87356686592102051 0.27846443653106689
vt 0.84528297185897827 0.27846443653106689
vt 0.81699907779693604 0.27846443653106689
vt 0.78871524333953857 0.27846443653106689
vt 0.76043134927749634 0.27846443653106689
vt 0.7321474552154541 0.27846443653106689
vt 0.70386356115341187 0.27846443653106689
vt 0.67557966709136963 0.27846443653106689
vt 0.64729583263397217 0.27846443653106689
vt 0.61901193857192993 0.27846443653106689
vt 0.5907280445098877 0.27846443653106689
vt 0.56244421005249023 0.27846443653106689
vt 0.534160315990448 0.27846443653106689
vt 0.50587642192840576 0.27846443653106689
vt 0.47759255766868591 0.27846443653106689
vt 0.44930866360664368 0.27846443653106689
vt 0.42102476954460144 0.27846443653106689
vt 0.39274093508720398 0.27846443653106689
vt 0.36445701122283936 0.27846443653106689
vt 0.33617311716079712 0.27846443653106689
vt 0.30788928270339966 0.27846443653106689
vt 0.27960538864135742 0.27846443653106689
vt 0.25132149457931519 0.27846443653106689
vt 0.22303766012191772 0.27846443653106689
vt 0.19475376605987549 0.27846443653106689
vt 0.16646987199783325 0.27846443653106689
vt 0.1381860226392746 0.27846443653106689
vt 0.10990212857723236 0.27846443653106689
vt 0.081618234515190125 0.27846443653106689
vt 0.053334392607212067 0.27846443653106689
vt 0.025050496682524681 0.27846443653106689
vt 0.99853515625 0.61893123388290405
vt 0.018507204949855804 0.61893123388290405
vt 0.99853515625 0.62547457218170166
vt 0.018507204949855804 0.62547457218170166
vt 0.025040719658136368 0.62547457218170166
vt 0.99200165271759033 0.62547457218170166
vt 0.047331582754850388 0.61893123388290405
vt 0.076155908405780792 0.61893123388290405
vt 0.10498028248548508 0.61893123388290405
vt 0.13380460441112518 0.61893123388290405
vt 0.16262897849082947 0.61893123388290405
vt 0.19145330786705017 0.61893123388290405
vt 0.22027768194675446 0.61893123388290405
vt 0.24910199642181396 0.61893123388290405
vt 0.27792638540267944 0.61893123388290405
vt 0.30675071477890015 0.61893123388290405
vt 0.33557507395744324 0.61893123388290405
vt 0.36439940333366394 0.61893123388290405
vt 0.39322379231452942 0.61893123388290405
vt 0.42204809188842773 0.61893123388290405
vt 0.45087248086929321 0.61893123388290405
vt 0.47969681024551392 0.61893123388290405
vt 0.50852119922637939 0.61893123388290405
vt 0.5373455286026001 0.61893123388290405
vt 0.5661698579788208 0.61893123388290405
vt 0.59499424695968628 0.61893123388290405
vt 0.62381857633590698 0.61893123388290405
vt 0.65264290571212769 0.61893123388290405
vt 0.68146729469299316 0.61893123388290405
vt 0.71029162406921387 0.61893123388290405
vt 0.73911595344543457 0.61893123388290405
vt 0.76794034242630005 0.61893123388290405
vt 0.79676467180252075 0.61893123388290405
vt 0.82558906078338623 0.61893123388290405
vt 0.85441339015960693 0.61893123388290405
vt 0.88323777914047241 0.61893123388290405
vt 0.91206210851669312 0.61893123388290405
vt 0.94088643789291382 0.61893123388290405
vt 0.9697108268737793 0.61893123388290405
vt 0.9626997709274292 0.62547457218170166
vt 0.93339794874191284 0.62547457218170166
vt 0.90409612655639648 0.62547457218170166
vt 0.87479424476623535 0.62547457218170166
vt 0.84549242258071899 0.62547457218170166
vt 0.81619054079055786 0.62547457218170166
vt 0.7868887186050415 0.62547457218170166
vt 0.75758689641952515 0.62547457218170166
vt 0.72828501462936401 0.62547457218170166
vt 0.69898319244384766 0.62547457218170166
vt 0.66968131065368652 0.62547457218170166
vt 0.64037948846817017 0.62547457218170166
vt 0.61107766628265381 0.62547457218170166
vt 0.58177578449249268 0.62547457218170166
vt 0.55247396230697632 0.62547457218170166
vt 0.52317208051681519 0.62547457218170166
vt 0.49387025833129883 0.62547457218170166
vt 0.46456840634346008 0.62547457218170166
vt 0.43526652455329895 0.62547457218170166
vt 0.40596473217010498 0.62547457218170166
vt 0.37666288018226624 0.62547457218170166
vt 0.34736102819442749 0.62547457218170166
vt 0.31805917620658875 0.62547457218170166
vt 0.28875732421875 0.62547457218170166
vt 0.25945550203323364 0.62547457218170166
vt 0.23015366494655609 0.62547457218170166
vt 0.20085179805755615 0.62547457218170166
vt 0.17154994606971741 0.62547457218170166
vt 0.14224809408187866 0.62547457218170166
vt 0.1129462867975235 0.62547457218170166
vt 0.083644434809684753 0.62547457218170166
vt 0.054342575371265411 0.62547457218170166
vt 0.9083939790725708 0.18128076195716858
vt 0.018507204949855804 0.18128076195716858
vt 0.9083939790725708 0.1878240555524826
vt 0.018507204949855804 0.1878240555524826
vt 0.90185070037841797 0.1878240555524826
vt 0.025050496682524681 0.1878240555524826
vt 0.87356686592102051 0.1878240555524826
vt 0.84528297185897827 0.1878240555524826
vt 0.81699907779693604 0.1878240555524826
vt 0.78871524333953857 0.1878240555524826
vt 0.76043134927749634 0.1878240555524826
vt 0.7321474552154541 0.1878240555524826
vt 0.70386356115341187 0.1878240555524826
vt 0.67557966709136963 0.1878240555524826
vt 0.64729583263397217 0.1878240555524826
vt 0.61901193857192993 0.1878240555524826
vt 0.5907280445098877 0.1878240555524826
vt 0.56244421005249023 0.1878240555524826
vt 0.534160315990448 0.1878240555524826
vt 0.50587642192840576 0.1878240555524826
vt 0.47759255766868591 0.1878240555524826
vt 0.44930866360664368 0.1878240555524826
vt 0.42102476954460144 0.1878240555524826
vt 0.39274093508720398 0.1878240555524826
vt 0.36445701122283936 0.1878240555524826
vt 0.33617311716079712 0.1878240555524826
vt 0.30788928270339966 0.1878240555524826
vt 0.27960538864135742 0.1878240555524826
vt 0.25132149457931519 0.1878240555524826
vt 0.22303766012191772 0.1878240555524826
vt 0.19475376605987549 0.1878240555524826
vt 0.16646987199783325 0.1878240555524826
vt 0.1381860226392746 0.1878240555524826
vt 0.10990212857723236 0.1878240555524826
vt 0.081618234515190125 0.1878240555524826
vt 0.053334392607212067 0.1878240555524826
vt 0.025050496682524681 0.18128076195716858
vt 0.053334392607212067 0.18128076195716858
vt 0.081618234515190125 0.18128076195716858
vt 0.10990212857723236 0.18128076195716858
vt 0.1381860226392746 0.18128076195716858
vt 0.16646987199783325 0.18128076195716858
vt 0.19475376605987549 0.18128076195716858
vt 0.22303766012191772 0.18128076195716858
vt 0.25132149457931519 0.18128076195716858
vt 0.27960538864135742 0.18128076195716858
vt 0.30788928270339966 0.18128076195716858
vt 0.33617311716079712 0.18128076195716858
vt 0.36445701122283936 0.18128076195716858
vt 0.39274093508720398 0.18128076195716858
vt 0.42102476954460144 0.18128076195716858
vt 0.44930866360664368 0.18128076195716858
vt 0.47759255766868591 0.18128076195716858
vt 0.50587642192840576 0.18128076195716858
vt 0.534160315990448 0.18128076195716858
vt 0.56244421005249023 0.18128076195716858
vt 0.5907280445098877 0.18128076195716858
vt 0.61901193857192993 0.18128076195716858
vt 0.64729583263397217 0.18128076195716858
vt 0.67557966709136963 0.18128076195716858
vt 0.70386356115341187 0.18128076195716858
vt 0.7321474552154541 0.18128076195716858
vt 0.76043134927749634 0.18128076195716858
vt 0.78871524333953857 0.18128076195716858
vt 0.81699907779693604 0.18128076195716858
vt 0.84528297185897827 0.18128076195716858
vt 0.87356686592102051 0.18128076195716858
vt 0.90185070037841797 0.18128076195716858
vt 0.99200165271759033 0.89085239171981812
vt 0.99200165271759033 0.89739567041397095
vt 0.025040719658136368 0.89085239171981812
vt 0.054342575371265411 0.89085239171981812
vt 0.083644434809684753 0.89085239171981812
vt 0.1129462867975235 0.89085239171981812
vt 0.14224809408187866 0.89085239171981812
vt 0.17154994606971741 0.89085239171981812
vt 0.20085179805755615 0.89085239171981812
vt 0.23015366494655609 0.89085239171981812
vt 0.25945550203323364 0.89085239171981812
vt 0.28875732421875 0.89085239171981812
vt 0.31805917620658875 0.89085239171981812
vt 0.34736102819442749 0.89085239171981812
vt 0.37666288018226624 0.89085239171981812
vt 0.40596473217010498 0.89085239171981812
vt 0.43526652455329895 0.89085239171981812
vt 0.46456840634346008 0.89085239171981812
vt 0.49387025833129883 0.89085239171981812
vt 0.52317208051681519 0.89085239171981812
vt 0.55247396230697632 0.89085239171981812
vt 0.58177578449249268 0.89085239171981812
vt 0.61107766628265381 0.89085239171981812
vt 0.64037948846817017 0.89085239171981812
vt 0.66968131065368652 0.89085239171981812
vt 0.69898319244384766 0.89085239171981812
vt 0.72828501462936401 0.89085239171981812
vt 0.75758689641952515 0.89085239171981812
vt 0.7868887186050415 0.89085239171981812
vt 0.81619054079055786 0.89085239171981812
vt 0.84549242258071899 0.89085239171981812
vt 0.87479424476623535 0.89085239171981812
vt 0.90409612655639648 0.89085239171981812
vt 0.93339794874191284 0.89085239171981812
vt 0.9626997709274292 0.89085239171981812
vt 0.9626997709274292 0.89739567041397095
vt 0.93339794874191284 0.89739567041397095
vt 0.90409612655639648 0.89739567041397095
vt 0.87479424476623535 0.89739567041397095
vt 0.84549242258071899 0.89739567041397095
vt 0.81619054079055786 0.89739567041397095
vt 0.7868887186050415 0.89739567041397095
vt 0.75758689641952515 0.89739567041397095
vt 0.72828501462936401 0.89739567041397095
vt 0.69898319244384766 0.89739567041397095
vt 0.66968131065368652 0.89739567041397095
vt 0.64037948846817017 0.89739567041397095
vt 0.61107766628265381 0.89739567041397095
vt 0.58177578449249268 0.89739567041397095
vt 0.55247396230697632 0.89739567041397095
vt 0.52317208051681519 0.89739567041397095
vt 0.49387025833129883 0.89739567041397095
vt 0.46456840634346008 0.89739567041397095
vt 0.43526652455329895 0.89739567041397095
vt 0.40596473217010498 0.89739567041397095
vt 0.37666288018226624 0.89739567041397095
vt 0.34736102819442749 0.89739567041397095
vt 0.31805917620658875 0.89739567041397095
vt 0.28875732421875 0.89739567041397095
vt 0.25945550203323364 0.89739567041397095
vt 0.23015366494655609 0.89739567041397095
vt 0.20085179805755615 0.89739567041397095
vt 0.17154994606971741 0.89739567041397095
vt 0.14224809408187866 0.89739567041397095
vt 0.1129462867975235 0.89739567041397095
vt 0.083644434809684753 0.89739567041397095
vt 0.054342575371265411 0.89739567041397095
vt 0.025040719658136368 0.89739567041397095
vt 0.0092536024749279022 0
vt 0.0092536024749279022 0.49001398682594299
vt 0.0092536024749279022 0.98002797365188599
vt 0.0092536024749279022 0.95120358467102051
vt 0.0092536024749279022 0.9223792552947998
vt 0.0092536024749279022 0.89355486631393433
vt 0.0092536024749279022 0.86473053693771362
vt 0.0092536024749279022 0.83590614795684814
vt 0.0092536024749279022 0.80708187818527222
vt 0.0092536024749279022 0.77825748920440674
vt 0.0092536024749279022 0.74943315982818604
vt 0.0092536024749279022 0.72060877084732056
vt 0.0092536024749279022 0.69178444147109985
vt 0.0092536024749279022 0.66296005249023438
vt 0.0092536024749279022 0.63413578271865845
vt 0.0092536024749279022 0.60531139373779297
vt 0.0092536024749279022 0.57648706436157227
vt 0.0092536024749279022 0.54766267538070679
vt 0.0092536024749279022 0.51883834600448608
vt 0.0092536024749279022 0.4611896276473999
vt 0.0092536024749279022 0.43236526846885681
vt 0.0092536024749279022 0.40354093909263611
vt 0.0092536024749279022 0.37471657991409302
vt 0.0092536024749279022 0.34589222073554993
vt 0.0092536024749279022 0.31706789135932922
vt 0.0092536024749279022 0.28824353218078613
vt 0.0092536024749279022 0.25941917300224304
vt 0.0092536024749279022 0.23059481382369995
vt 0.0092536024749279022 0.20177046954631805
vt 0.0092536024749279022 0.17294611036777496
vt 0.0092536024749279022 0.14412176609039307
vt 0.0092536024749279022 0.11529740691184998
vt 0.0092536024749279022 0.086473055183887482
vt 0.0092536024749279022 0.057648703455924988
vt 0.0092536024749279022 0.028824351727962494
vt 0.017042361199855804 0.0065335198305547237
vt 0.017042361199855804 0.035835366696119308
vt 0.017042361199855804 0.065137214958667755
vt 0.017042361199855804 0.094439052045345306
vt 0.017042361199855804 0.12374089658260345
vt 0.017042361199855804 0.1530427485704422
vt 0.017042361199855804 0.18234460055828094
vt 0.017042361199855804 0.2116464376449585
vt 0.017042361199855804 0.24094827473163605
vt 0.017042361199855804 0.27025014162063599
vt 0.017042361199855804 0.29955196380615234
vt 0.017042361199855804 0.32885381579399109
vt 0.017042361199855804 0.35815566778182983
vt 0.017042361199855804 0.38745751976966858
vt 0.017042361199855804 0.41675937175750732
vt 0.017042361199855804 0.44606122374534607
vt 0.017042361199855804 0.47536304593086243
vt 0.017042361199855804 0.50466489791870117
vt 0.017042361199855804 0.5339667797088623
vt 0.017042361199855804 0.56326860189437866
vt 0.017042361199855804 0.59257042407989502
vt 0.017042361199855804 0.62187224626541138
vt 0.017042361199855804 0.65117412805557251
vt 0.017042361199855804 0.68047600984573364
vt 0.017042361199855804 0.70977783203125
vt 0.017042361199855804 0.73907965421676636
vt 0.017042361199855804 0.76838147640228271
vt 0.017042361199855804 0.79768335819244385
vt 0.017042361199855804 0.82698523998260498
vt 0.017042361199855804 0.85628706216812134
vt 0.017042361199855804 0.8855888843536377
vt 0.017042361199855804 0.91489070653915405
vt 0.017042361199855804 0.94419258832931519
vt 0.017042361199855804 0.97349441051483154
vt 0.025040719658136368 0.80675530433654785
vt 0.025040719658136368 0.80021202564239502
vt 0.99200165271759033 0.80021202564239502
vt 0.99200165271759033 0.80675530433654785
vt 0.054342575371265411 0.80021202564239502
vt 0.083644434809684753 0.80021202564239502
vt 0.1129462867975235 0.80021202564239502
vt 0.14224809408187866 0.80021202564239502
vt 0.17154994606971741 0.80021202564239502
vt 0.20085179805755615 0.80021202564239502
vt 0.23015366494655609 0.80021202564239502
vt 0.25945550203323364 0.80021202564239502
vt 0.28875732421875 0.80021202564239502
vt 0.31805917620658875 0.80021202564239502
vt 0.34736102819442749 0.80021202564239502
vt 0.37666288018226624 0.80021202564239502
vt 0.40596473217010498 0.80021202564239502
vt 0.43526652455329895 0.80021202564239502
vt 0.46456840634346008 0.80021202564239502
vt 0.49387025833129883 0.80021202564239502
vt 0.52317208051681519 0.80021202564239502
vt 0.55247396230697632 0.80021202564239502
vt 0.58177578449249268 0.80021202564239502
vt 0.61107766628265381 0.80021202564239502
vt 0.64037948846817017 0.80021202564239502
vt 0.66968131065368652 0.80021202564239502
vt 0.69898319244384766 0.80021202564239502
vt 0.72828501462936401 0.80021202564239502
vt 0.75758689641952515 0.80021202564239502
vt 0.7868887186050415 0.80021202564239502
vt 0.81619054079055786 0.80021202564239502
vt 0.84549242258071899 0.80021202564239502
vt 0.87479424476623535 0.80021202564239502
vt 0.90409612655639648 0.80021202564239502
vt 0.93339794874191284 0.80021202564239502
vt 0.9626997709274292 0.80021202564239502
vt 0.9626997709274292 0.80675530433654785
vt 0.93339794874191284 0.80675530433654785
vt 0.90409612655639648 0.80675530433654785
vt 0.87479424476623535 0.80675530433654785
vt 0.84549242258071899 0.80675530433654785
vt 0.81619054079055786 0.80675530433654785
vt 0.7868887186050415 0.80675530433654785
vt 0.75758689641952515 0.80675530433654785
vt 0.72828501462936401 0.80675530433654785
vt 0.69898319244384766 0.80675530433654785
vt 0.66968131065368652 0.80675530433654785
vt 0.64037948846817017 0.80675530433654785
vt 0.61107766628265381 0.80675530433654785
vt 0.58177578449249268 0.80675530433654785
vt 0.55247396230697632 0.80675530433654785
vt 0.52317208051681519 0.80675530433654785
vt 0.49387025833129883 0.80675530433654785
vt 0.46456840634346008 0.80675530433654785
vt 0.43526652455329895 0.80675530433654785
vt 0.40596473217010498 0.80675530433654785
vt 0.37666288018226624 0.80675530433654785
vt 0.34736102819442749 0.80675530433654785
vt 0.31805917620658875 0.80675530433654785
vt 0.28875732421875 0.80675530433654785
vt 0.25945550203323364 0.80675530433654785
vt 0.23015366494655609 0.80675530433654785
vt 0.20085179805755615 0.80675530433654785
vt 0.17154994606971741 0.80675530433654785
vt 0.14224809408187866 0.80675530433654785
vt 0.1129462867975235 0.80675530433654785
vt 0.083644434809684753 0.80675530433654785
vt 0.054342575371265411 0.80675530433654785
vt 0.0077887591905891895 0
vt 0.0077887591905891895 0.49001398682594299
vt 0.0077887591905891895 0.98002797365188599
vt 0.0077887591905891895 0.028824351727962494
vt 0.0077887591905891895 0.057648703455924988
vt 0.0077887591905891895 0.086473055183887482
vt 0.0077887591905891895 0.11529740691184998
vt 0.0077887591905891895 0.14412176609039307
vt 0.0077887591905891895 0.17294611036777496
vt 0.0077887591905891895 0.20177046954631805
vt 0.0077887591905891895 0.23059481382369995
vt 0.0077887591905891895 0.25941917300224304
vt 0.0077887591905891895 0.28824353218078613
vt 0.0077887591905891895 0.31706789135932922
vt 0.0077887591905891895 0.34589222073554993
vt 0.0077887591905891895 0.37471657991409302
vt 0.0077887591905891895 0.40354093909263611
vt 0.0077887591905891895 0.43236526846885681
vt 0.0077887591905891895 0.4611896276473999
vt 0.0077887591905891895 0.51883834600448608
vt 0.0077887591905891895 0.54766267538070679
vt 0.0077887591905891895 0.57648706436157227
vt 0.0077887591905891895 0.60531139373779297
vt 0.0077887591905891895 0.63413578271865845
vt 0.0077887591905891895 0.66296005249023438
vt 0.0077887591905891895 0.69178444147109985
vt 0.0077887591905891895 0.72060877084732056
vt 0.0077887591905891895 0.74943315982818604
vt 0.0077887591905891895 0.77825748920440674
vt 0.0077887591905891895 0.80708187818527222
vt 0.0077887591905891895 0.83590614795684814
vt 0.0077887591905891895 0.86473053693771362
vt 0.0077887591905891895 0.89355486631393433
vt 0.0077887591905891895 0.9223792552947998
vt 0.0077887591905891895 0.95120358467102051
vt 0 0.0065335198305547237
vt 0 0.97349441051483154
vt 0 0.94419258832931519
vt 0 0.91489070653915405
vt 0 0.8855888843536377
vt 0 0.85628706216812134
vt 0 0.82698523998260498
vt 0 0.79768335819244385
vt 0 0.76838147640228271
vt 0 0.73907965421676636
vt 0 0.70977783203125
vt 0 0.68047600984573364
vt 0 0.65117412805557251
vt 0 0.62187224626541138
vt 0 0.59257042407989502
vt 0 0.56326860189437866
vt 0 0.5339667797088623
vt 0 0.50466489791870117
vt 0 0.47536304593086243
vt 0 0.44606122374534607
vt 0 0.41675937175750732
vt 0 0.38745751976966858
vt 0 0.35815566778182983
vt 0 0.32885381579399109
vt 0 0.29955196380615234
vt 0 0.27025014162063599
vt 0 0.24094827473163605
vt 0 0.2116464376449585
vt 0 0.18234460055828094
vt 0 0.1530427485704422
vt 0 0.12374089658260345
vt 0 0.094439052045345306
vt 0 0.065137214958667755
vt 0 0.035835366696119308
vn -1 0 0
vn -1 0 0
vn -1 0 0
vn -1 0 0
vn -1 0 0
vn -1 0 0
vn -1 0 0
vn -1 0 0
vn -1 0 0
vn -1 0 0
vn -1 0 0
vn -1 0 0
vn -1 0 0
vn -1 0 0
vn -1 0 0
vn -1 0 0
vn -1 0 0
vn -1 0 0
vn -1 0 0
vn -1 0 0
vn -1 0 0
vn -1 0 0
vn -1 0 0
vn -1 0 0
vn -1 0 0
vn -1 0 0
vn -1 0 0
vn -1 0 0
vn -1 0 0
vn -1 0 0
vn -1 0 0
vn -1 0 0
vn -1 0 0
vn -1 0 0
vn -1 0 0
vn -1 0 0
vn -1 0 0
vn -1 0 0
vn -1 0 0
vn -1 0 0
vn -1 0 0
vn -1 0 0
vn -1 0 0
vn -1 0 0
vn -1 0 0
vn -1 0 0
vn -1 0 0
vn -1 0 0
vn -1 0 0
vn -1 0 0
vn -1 0 0
vn -1 0 0
vn -1 0 0
vn -1 0 0
vn -1 0 0
vn -1 0 0
vn -1 0 0
vn -1 0 0
vn -1 0 0
vn -1 0 0
vn -1 0 0
vn -1 0 0
vn -1 0 0
vn -1 0 0
vn -1 0 0
vn -1 0 0
vn 0.70710676908493042 0 -0.70710676908493042
vn 0.70710676908493042 0 -0.70710676908493042
vn 0.70710676908493042 0 -0.70710676908493042
vn 0.70710676908493042 0 -0.70710676908493042
vn 0.70710676908493042 0 -0.70710676908493042
vn 0.70710676908493042 0 -0.70710676908493042
vn 0.70710676908493042 0 -0.70710676908493042
vn 0.70710676908493042 0 -0.70710676908493042
vn 0.70710676908493042 0 -0.70710676908493042
vn 0.70710676908493042 0 -0.70710676908493042
vn 0.70710676908493042 0 -0.70710676908493042
vn 0.70710676908493042 0 -0.70710676908493042
vn 0.70710676908493042 0 -0.70710676908493042
vn 0.70710676908493042 0 -0.70710676908493042
vn 0.70710676908493042 0 -0.70710676908493042
vn 0.70710676908493042 0 -0.70710676908493042
vn 0.70710676908493042 0 -0.70710676908493042
vn 0.70710676908493042 0 -0.70710676908493042
vn 0.70710676908493042 0 -0.70710676908493042
vn 0.70710676908493042 0 -0.70710676908493042
vn 0.70710676908493042 0 -0.70710676908493042
vn 0.70710676908493042 0 -0.70710676908493042
vn 0.70710676908493042 0 -0.70710676908493042
vn 0.70710676908493042 0 -0.70710676908493042
vn 0.70710676908493042 0 -0.70710676908493042
vn 0.70710676908493042 0 -0.70710676908493042
vn 0.70710676908493042 0 -0.70710676908493042
vn 0.70710676908493042 0 -0.70710676908493042
vn 0.70710676908493042 0 -0.70710676908493042
vn 0.70710676908493042 0 -0.70710676908493042
vn 0.70710676908493042 0 -0.70710676908493042
vn 0.70710676908493042 0 -0.70710676908493042
vn 0.70710676908493042 0 -0.70710676908493042
vn 0.70710676908493042 0 -0.70710676908493042
vn 0.70710676908493042 0 -0.70710676908493042
vn 0.70710676908493042 0 -0.70710676908493042
vn 0.70710676908493042 0 -0.70710676908493042
vn 0.70710676908493042 0 -0.70710676908493042
vn 0.70710676908493042 0 -0.70710676908493042
vn 0.70710676908493042 0 -0.70710676908493042
vn 0.70710676908493042 0 -0.70710676908493042
vn 0.70710676908493042 0 -0.70710676908493042
vn 0.70710676908493042 0 -0.70710676908493042
vn 0.70710676908493042 0 -0.70710676908493042
vn 0.70710676908493042 0 -0.70710676908493042
vn 0.70710676908493042 0 -0.70710676908493042
vn 0.70710676908493042 0 -0.70710676908493042
vn 0.70710676908493042 0 -0.70710676908493042
vn 0.70710676908493042 0 -0.70710676908493042
vn 0.70710676908493042 0 -0.70710676908493042
vn 0.70710676908493042 0 -0.70710676908493042
vn 0.70710676908493042 0 -0.70710676908493042
vn 0.70710676908493042 0 -0.70710676908493042
vn 0.70710676908493042 0 -0.70710676908493042
vn 0.70710676908493042 0 -0.70710676908493042
vn 0.70710676908493042 0 -0.70710676908493042
vn 0.70710676908493042 0 -0.70710676908493042
vn 0.70710676908493042 0 -0.70710676908493042
vn 0.70710676908493042 0 -0.70710676908493042
vn 0.70710676908493042 0 -0.70710676908493042
vn 0.70710676908493042 0 -0.70710676908493042
vn 0.70710676908493042 0 -0.70710676908493042
vn 0.70710676908493042 0 -0.70710676908493042
vn 0.70710676908493042 0 -0.70710676908493042
vn -0.70710676908493042 0 -0.70710676908493042
vn -0.70710676908493042 0 -0.70710676908493042
vn -0.70710676908493042 0 -0.70710676908493042
vn -0.70710676908493042 0 -0.70710676908493042
vn -0.70710676908493042 0 -0.70710676908493042
vn -0.70710676908493042 0 -0.70710676908493042
vn -0.70710676908493042 0 -0.70710676908493042
vn -0.70710676908493042 0 -0.70710676908493042
vn -0.70710676908493042 0 -0.70710676908493042
vn -0.70710676908493042 0 -0.70710676908493042
vn -0.70710676908493042 0 -0.70710676908493042
vn -0.70710676908493042 0 -0.70710676908493042
vn -0.70710676908493042 0 -0.70710676908493042
vn -0.70710676908493042 0 -0.70710676908493042
vn -0.70710676908493042 0 -0.70710676908493042
vn -0.70710676908493042 0 -0.70710676908493042
vn -0.70710676908493042 0 -0.70710676908493042
vn -0.70710676908493042 0 -0.70710676908493042
vn -0.70710676908493042 0 -0.70710676908493042
vn -0.70710676908493042 0 -0.70710676908493042
vn -0.70710676908493042 0 -0.70710676908493042
vn -0.70710676908493042 0 -0.70710676908493042
vn -0.70710676908493042 0 -0.70710676908493042
vn -0.70710676908493042 0 -0.70710676908493042
vn -0.70710676908493042 0 -0.70710676908493042
vn -0.70710676908493042 0 -0.70710676908493042
vn -0.70710676908493042 0 -0.70710676908493042
vn -0.70710676908493042 0 -0.70710676908493042
vn -0.70710676908493042 0 -0.70710676908493042
vn -0.70710676908493042 0 -0.70710676908493042
vn -0.70710676908493042 0 -0.70710676908493042
vn -0.70710676908493042 0 -0.70710676908493042
vn -0.70710676908493042 0 -0.70710676908493042
vn -0.70710676908493042 0 -0.70710676908493042
vn -0.70710676908493042 0 -0.70710676908493042
vn -0.70710676908493042 0 -0.70710676908493042
vn -0.70710676908493042 0 -0.70710676908493042
vn -0.70710676908493042 0 -0.70710676908493042
vn -0.70710676908493042 0 -0.70710676908493042
vn -0.70710676908493042 0 -0.70710676908493042
vn -0.70710676908493042 0 -0.70710676908493042
vn -0.70710676908493042 0 -0.70710676908493042
vn -0.70710676908493042 0 -0.70710676908493042
vn -0.70710676908493042 0 -0.70710676908493042
vn -0.70710676908493042 0 -0.70710676908493042
vn -0.70710676908493042 0 -0.70710676908493042
vn -0.70710676908493042 0 -0.70710676908493042
vn -0.70710676908493042 0 -0.70710676908493042
vn -0.70710676908493042 0 -0.70710676908493042
vn -0.70710676908493042 0 -0.70710676908493042
vn -0.70710676908493042 0 -0.70710676908493042
vn -0.70710676908493042 0 -0.70710676908493042
vn -0.70710676908493042 0 -0.70710676908493042
vn -0.70710676908493042 0 -0.70710676908493042
vn -0.70710676908493042 0 -0.70710676908493042
vn -0.70710676908493042 0 -0.70710676908493042
vn -0.70710676908493042 0 -0.70710676908493042
vn -0.70710676908493042 0 -0.70710676908493042
vn -0.70710676908493042 0 -0.70710676908493042
vn -0.70710676908493042 0 -0.70710676908493042
vn -0.70710676908493042 0 -0.70710676908493042
vn -0.70710676908493042 0 -0.70710676908493042
vn -0.70710676908493042 0 -0.70710676908493042
vn -0.70710676908493042 0 -0.70710676908493042
vn 1 0 0
vn 1 0 0
vn 1 0 0
vn 1 0 0
vn 1 0 0
vn 1 0 0
vn 1 0 0
vn 1 0 0
vn 1 0 0
vn 1 0 0
vn 1 0 0
vn 1 0 0
vn 1 0 0
vn 1 0 0
vn 1 0 0
vn 1 0 0
vn 1 0 0
vn 1 0 0
vn 1 0 0
vn 1 0 0
vn 1 0 0
vn 1 0 0
vn 1 0 0
vn 1 0 0
vn 1 0 0
vn 1 0 0
vn 1 0 0
vn 1 0 0
vn 1 0 0
vn 1 0 0
vn 1 0 0
vn 1 0 0
vn 1 0 0
vn 1 0 0
vn 1 0 0
vn 1 0 0
vn 1 0 0
vn 1 0 0
vn 1 0 0
vn 1 0 0
vn 1 0 0
vn 1 0 0
vn 1 0 0
vn 1 0 0
vn 1 0 0
vn 1 0 0
vn 1 0 0
vn 1 0 0
vn 1 0 0
vn 1 0 0
vn 1 0 0
vn 1 0 0
vn 1 0 0
vn 1 0 0
vn 1 0 0
vn 1 0 0
vn 1 0 0
vn 1 0 0
vn 1 0 0
vn 1 0 0
vn 1 0 0
vn 1 0 0
vn 1 0 0
vn 1 0 0
vn 1 0 0
vn 1 0 0
vn 0 1 0
vn 0 1 0
vn 0 1 0
vn 0 1 0
vn 0 1 0
vn 0 1 0
vn 0 1 0
vn 0 1 0
vn 0 1 0
vn 0 1 0
vn 0 1 0
vn 0 1 0
vn 0 1 0
vn 0 1 0
vn 0 1 0
vn 0 1 0
vn 0 1 0
vn 0 1 0
vn 0 1 0
vn 0 1 0
vn 0 1 0
vn 0 1 0
vn 0 1 0
vn 0 1 0
vn 0 1 0
vn 0 1 0
vn 0 1 0
vn 0 1 0
vn 0 1 0
vn 0 1 0
vn 0 1 0
vn 0 1 0
vn 0 1 0
vn 0 1 0
vn 0 1 0
vn 0 1 0
vn 0 1 0
vn 0 1 0
vn 0 1 0
vn 0 1 0
vn 0 1 0
vn 0 1 0
vn 0 1 0
vn 0 1 0
vn 0 1 0
vn 0 1 0
vn 0 1 0
vn 0 1 0
vn 0 1 0
vn 0 1 0
vn 0 1 0
vn 0 1 0
vn 0 1 0
vn 0 1 0
vn 0 1 0
vn 0 1 0
vn 0 1 0
vn 0 1 0
vn 0 1 0
vn 0 1 0
vn 0 1 0
vn 0 1 0
vn 0 1 0
vn 0 1 0
vn 0 1 0
vn 0 1 0
vn 0 1 0
vn 0 1 0
vn 0 1 0
vn 0 1 0
vn 0 1 0
vn 0 0 1
vn 0 0 1
vn 0 0 1
vn 0 0 1
vn 0 0 1
vn 0 0 1
vn 0 0 1
vn 0 0 1
vn 0 0 1
vn 0 0 1
vn 0 0 1
vn 0 0 1
vn 0 0 1
vn 0 0 1
vn 0 0 1
vn 0 0 1
vn 0 0 1
vn 0 0 1
vn 0 0 1
vn 0 0 1
vn 0 0 1
vn 0 0 1
vn 0 0 1
vn 0 0 1
vn 0 0 1
vn 0 0 1
vn 0 0 1
vn 0 0 1
vn 0 0 1
vn 0 0 1
vn 0 0 1
vn 0 0 1
vn 0 0 1
vn 0 0 1
vn 0 0 1
vn 0 0 1
vn 0 0 1
vn 0 0 1
vn 0 0 1
vn 0 0 1
vn 0 0 1
vn 0 0 1
vn 0 0 1
vn 0 0 1
vn 0 0 1
vn 0 0 1
vn 0 0 1
vn 0 0 1
vn 0 0 1
vn 0 0 1
vn 0 0 1
vn 0 0 1
vn 0 0 1
vn 0 0 1
vn 0 0 1
vn 0 0 1
vn 0 0 1
vn 0 0 1
vn 0 0 1
vn 0 0 1
vn 0 0 1
vn 0 0 1
vn 0 0 1
vn 0 0 1
vn 0 0 1
vn 0 0 1
vn 0 0 1
vn 0 0 1
vn 0 -1 0
vn 0 -1 0
vn 0 -1 0
vn 0 -1 0
vn 0 -1 0
vn 0 -1 0
vn 0 -1 0
vn 0 -1 0
vn 0 -1 0
vn 0 -1 0
vn 0 -1 0
vn 0 -1 0
vn 0 -1 0
vn 0 -1 0
vn 0 -1 0
vn 0 -1 0
vn 0 -1 0
vn 0 -1 0
vn 0 -1 0
vn 0 -1 0
vn 0 -1 0
vn 0 -1 0
vn 0 -1 0
vn 0 -1 0
vn 0 -1 0
vn 0 -1 0
vn 0 -1 0
vn 0 -1 0
vn 0 -1 0
vn 0 -1 0
vn 0 -1 0
vn 0 -1 0
vn 0 -1 0
vn 0 -1 0
vn 0 -1 0
vn 0 -1 0
vn 0 -1 0
vn 0 -1 0
vn 0 -1 0
vn 0 -1 0
vn 0 -1 0
vn 0 -1 0
vn 0 -1 0
vn 0 -1 0
vn 0 -1 0
vn 0 -1 0
vn 0 -1 0
vn 0 -1 0
vn 0 -1 0
vn 0 -1 0
vn 0 -1 0
vn 0 -1 0
vn 0 -1 0
vn 0 -1 0
vn 0 -1 0
vn 0 -1 0
vn 0 -1 0
vn 0 -1 0
vn 0 -1 0
vn 0 -1 0
vn 0 -1 0
vn 0 -1 0
vn 0 -1 0
vn 0 -1 0
vn 0 -1 0
vn 0 -1 0
vn 0 -1 0
vn 0 -1 0
vn 0 -1 0
vn 0 -1 0
vn 0 -1 0
vn 0 0 1
vn 0 0 1
vn 0 0 1
vn 0 0 1
vn 0 0 1
vn 0 0 1
vn 0 0 1
vn 0 0 1
vn 0 0 1
vn 0 0 1
vn 0 0 1
vn 0 0 1
vn 0 0 1
vn 0 0 1
vn 0 0 1
vn 0 0 1
vn 0 0 1
vn 0 0 1
vn 0 0 1
vn 0 0 1
vn 0 0 1
vn 0 0 1
vn 0 0 1
vn 0 0 1
vn 0 0 1
vn 0 0 1
vn 0 0 1
vn 0 0 1
vn 0 0 1
vn 0 0 1
vn 0 0 1
vn 0 0 1
vn 0 0 1
vn 0 0 1
vn 0 0 1
vn 0 0 1
vn 0 0 1
vn 0 0 1
vn 0 0 1
vn 0 0 1
vn 0 0 1
vn 0 0 1
vn 0 0 1
vn 0 0 1
vn 0 0 1
vn 0 0 1
vn 0 0 1
vn 0 0 1
vn 0 0 1
vn 0 0 1
vn 0 0 1
vn 0 0 1
vn 0 0 1
vn 0 0 1
vn 0 0 1
vn 0 0 1
vn 0 0 1
vn 0 0 1
vn 0 0 1
vn 0 0 1
vn 0 0 1
vn 0 0 1
vn 0 0 1
vn 0 0 1
vn 0 0 1
vn 0 0 1
vn 0 0 1
vn 0 0 1
vn 0 0 1
vn 0 0 1
vn 0 0 1
vn 0 0 1
vn 0 0 1
vn 0 0 1
vn 0 0 1
vn 0 0 1
vn 0 0 1
vn 0 0 1
vn 0 0 1
vn 0 0 1
vn 0 0 1
vn 0 0 1
vn 0 0 1
vn 0 0 1
vn 0 0 1
vn 0 0 1
vn 0 0 1
vn 0 0 1
vn 0 0 1
vn 0 0 1
vn 0 0 1
vn 0 0 1
vn 0 0 1
vn 0 0 1
vn 0 0 1
vn 0 0 1
vn 0 0 1
vn 0 0 1
vn 0 0 1
vn 0 0 1
vn 0 0 1
vn 0 0 1
vn 0 0 1
vn 0 0 1
vn 0 0 1
vn 0 0 1
vn 0 0 1
vn 0 0 1
vn 0 0 1
vn 0 0 1
vn 0 0 1
vn 0 0 1
vn 0 0 1
vn 0 0 1
vn 0 0 1
vn 0 0 1
vn 0 0 1
vn 0 0 1
vn 0 0 1
vn 0 0 1
vn 0 0 1
vn 0 0 1
vn 0 0 1
vn 0 0 1
vn 0 0 1
vn 0 0 1
vn 0 0 1
vn 0 0 1
vn 0 0 1
vn 0 0 1
vn 0 0 1
vn 0 0 1
vn 0 0 1
vn 0 0 1
vn 0 0 1
vn 0 0 1
vn 0 -0.70710676908493042 -0.70710676908493042
vn 0 -0.70710676908493042 -0.70710676908493042
vn 0 -0.70710676908493042 -0.70710676908493042
vn 0 -0.70710676908493042 -0.70710676908493042
vn 0 -0.70710676908493042 -0.70710676908493042
vn 0 -0.70710676908493042 -0.70710676908493042
vn 0 -0.70710676908493042 -0.70710676908493042
vn 0 -0.70710676908493042 -0.70710676908493042
vn 0 -0.70710676908493042 -0.70710676908493042
vn 0 -0.70710676908493042 -0.70710676908493042
vn 0 -0.70710676908493042 -0.70710676908493042
vn 0 -0.70710676908493042 -0.70710676908493042
vn 0 -0.70710676908493042 -0.70710676908493042
vn 0 -0.70710676908493042 -0.70710676908493042
vn 0 -0.70710676908493042 -0.70710676908493042
vn 0 -0.70710676908493042 -0.70710676908493042
vn 0 -0.70710676908493042 -0.70710676908493042
vn 0 -0.70710676908493042 -0.70710676908493042
vn 0 -0.70710676908493042 -0.70710676908493042
vn 0 -0.70710676908493042 -0.70710676908493042
vn 0 -0.70710676908493042 -0.70710676908493042
vn 0 -0.70710676908493042 -0.70710676908493042
vn 0 -0.70710676908493042 -0.70710676908493042
vn 0 -0.70710676908493042 -0.70710676908493042
vn 0 -0.70710676908493042 -0.70710676908493042
vn 0 -0.70710676908493042 -0.70710676908493042
vn 0 -0.70710676908493042 -0.70710676908493042
vn 0 -0.70710676908493042 -0.70710676908493042
vn 0 -0.70710676908493042 -0.70710676908493042
vn 0 -0.70710676908493042 -0.70710676908493042
vn 0 -0.70710676908493042 -0.70710676908493042
vn 0 -0.70710676908493042 -0.70710676908493042
vn 0 -0.70710676908493042 -0.70710676908493042
vn 0 -0.70710676908493042 -0.70710676908493042
vn 0 -0.70710676908493042 -0.70710676908493042
vn 0 -0.70710676908493042 -0.70710676908493042
vn 0 -0.70710676908493042 -0.70710676908493042
vn 0 -0.70710676908493042 -0.70710676908493042
vn 0 -0.70710676908493042 -0.70710676908493042
vn 0 -0.70710676908493042 -0.70710676908493042
vn 0 -0.70710676908493042 -0.70710676908493042
vn 0 -0.70710676908493042 -0.70710676908493042
vn 0 -0.70710676908493042 -0.70710676908493042
vn 0 -0.70710676908493042 -0.70710676908493042
vn 0 -0.70710676908493042 -0.70710676908493042
vn 0 -0.70710676908493042 -0.70710676908493042
vn 0 -0.70710676908493042 -0.70710676908493042
vn 0 -0.70710676908493042 -0.70710676908493042
vn 0 -0.70710676908493042 -0.70710676908493042
vn 0 -0.70710676908493042 -0.70710676908493042
vn 0 -0.70710676908493042 -0.70710676908493042
vn 0 -0.70710676908493042 -0.70710676908493042
vn 0 -0.70710676908493042 -0.70710676908493042
vn 0 -0.70710676908493042 -0.70710676908493042
vn 0 -0.70710676908493042 -0.70710676908493042
vn 0 -0.70710676908493042 -0.70710676908493042
vn 0 -0.70710676908493042 -0.70710676908493042
vn 0 -0.70710676908493042 -0.70710676908493042
vn 0 -0.70710676908493042 -0.70710676908493042
vn 0 -0.70710676908493042 -0.70710676908493042
vn 0 -0.70710676908493042 -0.70710676908493042
vn 0 -0.70710676908493042 -0.70710676908493042
vn 0 -0.70710676908493042 -0.70710676908493042
vn 0 -0.70710676908493042 -0.70710676908493042
vn 0 -0.70710676908493042 -0.70710676908493042
vn 0 -0.70710676908493042 -0.70710676908493042
vn 0 -0.70710676908493042 -0.70710676908493042
vn 0 -0.70710676908493042 -0.70710676908493042
vn 0 -0.70710676908493042 -0.70710676908493042
vn 0 0 1
vn 0 0 1
vn 0 0 1
vn 0 0 1
vn 0 0 1
vn 0 0 1
vn 0 0 1
vn 0 0 1
vn 0 0 1
vn 0 0 1
vn 0 0 1
vn 0 0 1
vn 0 0 1
vn 0 0 1
vn 0 0 1
vn 0 0 1
vn 0 0 1
vn 0 0 1
vn 0 0 1
vn 0 0 1
vn 0 0 1
vn 0 0 1
vn 0 0 1
vn 0 0 1
vn 0 0 1
vn 0 0 1
vn 0 0 1
vn 0 0 1
vn 0 0 1
vn 0 0 1
vn 0 0 1
vn 0 0 1
vn 0 0 1
vn 0 0 1
vn 0 0 1
vn 0 0 1
vn 0 0 1
vn 0 0 1
vn 0 0 1
vn 0 0 1
vn 0 0 1
vn 0 0 1
vn 0 0 1
vn 0 0 1
vn 0 0 1
vn 0 0 1
vn 0 0 1
vn 0 0 1
vn 0 0 1
vn 0 0 1
vn 0 0 1
vn 0 0 1
vn 0 0 1
vn 0 0 1
vn 0 0 1
vn 0 0 1
vn 0 0 1
vn 0 0 1
vn 0 0 1
vn 0 0 1
vn 0 0 1
vn 0 0 1
vn 0 0 1
vn 0 0 1
vn 0 0 1
vn 0 0 1
vn 0 0 1
vn 0 0 1
vn 0 0.70710676908493042 -0.70710676908493042
vn 0 0.70710676908493042 -0.70710676908493042
vn 0 0.70710676908493042 -0.70710676908493042
vn 0 0.70710676908493042 -0.70710676908493042
vn 0 0.70710676908493042 -0.70710676908493042
vn 0 0.70710676908493042 -0.70710676908493042
vn 0 0.70710676908493042 -0.70710676908493042
vn 0 0.70710676908493042 -0.70710676908493042
vn 0 0.70710676908493042 -0.70710676908493042
vn 0 0.70710676908493042 -0.70710676908493042
vn 0 0.70710676908493042 -0.70710676908493042
vn 0 0.70710676908493042 -0.70710676908493042
vn 0 0.70710676908493042 -0.70710676908493042
vn 0 0.70710676908493042 -0.70710676908493042
vn 0 0.70710676908493042 -0.70710676908493042
vn 0 0.70710676908493042 -0.70710676908493042
vn 0 0.70710676908493042 -0.70710676908493042
vn 0 0.70710676908493042 -0.70710676908493042
vn 0 0.70710676908493042 -0.70710676908493042
vn 0 0.70710676908493042 -0.70710676908493042
vn 0 0.70710676908493042 -0.70710676908493042
vn 0 0.70710676908493042 -0.70710676908493042
vn 0 0.70710676908493042 -0.70710676908493042
vn 0 0.70710676908493042 -0.70710676908493042
vn 0 0.70710676908493042 -0.70710676908493042
vn 0 0.70710676908493042 -0.70710676908493042
vn 0 0.70710676908493042 -0.70710676908493042
vn 0 0.70710676908493042 -0.70710676908493042
vn 0 0.70710676908493042 -0.70710676908493042
vn 0 0.70710676908493042 -0.70710676908493042
vn 0 0.70710676908493042 -0.70710676908493042
vn 0 0.70710676908493042 -0.70710676908493042
vn 0 0.70710676908493042 -0.70710676908493042
vn 0 0.70710676908493042 -0.70710676908493042
vn 0 0.70710676908493042 -0.70710676908493042
vn 0 0.70710676908493042 -0.70710676908493042
vn 0 0.70710676908493042 -0.70710676908493042
vn 0 0.70710676908493042 -0.70710676908493042
vn 0 0.70710676908493042 -0.70710676908493042
vn 0 0.70710676908493042 -0.70710676908493042
vn 0 0.70710676908493042 -0.70710676908493042
vn 0 0.70710676908493042 -0.70710676908493042
vn 0 0.70710676908493042 -0.70710676908493042
vn 0 0.70710676908493042 -0.70710676908493042
vn 0 0.70710676908493042 -0.70710676908493042
vn 0 0.70710676908493042 -0.70710676908493042
vn 0 0.70710676908493042 -0.70710676908493042
vn 0 0.70710676908493042 -0.70710676908493042
vn 0 0.70710676908493042 -0.70710676908493042
vn 0 0.70710676908493042 -0.70710676908493042
vn 0 0.70710676908493042 -0.70710676908493042
vn 0 0.70710676908493042 -0.70710676908493042
vn 0 0.70710676908493042 -0.70710676908493042
vn 0 0.70710676908493042 -0.70710676908493042
vn 0 0.70710676908493042 -0.70710676908493042
vn 0 0.70710676908493042 -0.70710676908493042
vn 0 0.70710676908493042 -0.70710676908493042
vn 0 0.70710676908493042 -0.70710676908493042
vn 0 0.70710676908493042 -0.70710676908493042
vn 0 0.70710676908493042 -0.70710676908493042
vn 0 0.70710676908493042 -0.70710676908493042
vn 0 0.70710676908493042 -0.70710676908493042
vn 0 0.70710676908493042 -0.70710676908493042
vn 0 0.70710676908493042 -0.70710676908493042
vn 0 0.70710676908493042 -0.70710676908493042
vn 0 0.70710676908493042 -0.70710676908493042
vn 0 0.70710676908493042 -0.70710676908493042
vn 0 0.70710676908493042 -0.70710676908493042
vn 0 0.70710676908493042 -0.70710676908493042
f 846/846/846 813/813/813 847/847/847 848/848/848
f 844/844/844 845/845/845 849/849/849 850/850/850
f 845/845/845 846/846/846 848/848/848 849/849/849
f 842/842/842 843/843/843 851/851/851 852/852/852
f 840/840/840 841/841/841 853/853/853 854/854/854
f 841/841/841 842/842/842 852/852/852 853/853/853
f 843/843/843 844/844/844 850/850/850 851/851/851
f 838/838/838 839/839/839 855/855/855 856/856/856
f 836/836/836 837/837/837 857/857/857 858/858/858
f 837/837/837 838/838/838 856/856/856 857/857/857
f 839/839/839 840/840/840 854/854/854 855/855/855
f 835/835/835 836/836/836 858/858/858 859/859/859
f 833/833/833 834/834/834 860/860/860 861/861/861
f 834/834/834 835/835/835 859/859/859 860/860/860
f 832/832/832 833/833/833 861/861/861 862/862/862
f 831/831/831 832/832/832 862/862/862 863/863/863
f 829/829/829 830/830/830 864/864/864 865/865/865
f 830/830/830 831/831/831 863/863/863 864/864/864
f 827/827/827 828/828/828 866/866/866 867/867/867
f 825/825/825 826/826/826 868/868/868 869/869/869
f 826/826/826 827/827/827 867/867/867 868/868/868
f 828/828/828 829/829/829 865/865/865 866/866/866
f 823/823/823 824/824/824 870/870/870 871/871/871
f 821/821/821 822/822/822 872/872/872 873/873/873
f 822/822/822 823/823/823 871/871/871 872/872/872
f 819/819/819 820/820/820 874/874/874 875/875/875
f 817/817/817 818/818/818 876/876/876 877/877/877
f 814/814/814 817/817/817 877/877/877 878/878/878
f 818/818/818 819/819/819 875/875/875 876/876/876
f 820/820/820 821/821/821 873/873/873 874/874/874
f 824/824/824 825/825/825 869/869/869 870/870/870
f 847/847/847 813/813/813 815/815/815
f 814/814/814 878/878/878 816/816/816
f 942/942/942 912/912/912 879/879/879 881/881/881
f 940/940/940 941/941/941 882/882/882 883/883/883
f 941/941/941 942/942/942 881/881/881 882/882/882
f 938/938/938 939/939/939 884/884/884 885/885/885
f 936/936/936 937/937/937 886/886/886 887/887/887
f 937/937/937 938/938/938 885/885/885 886/886/886
f 939/939/939 940/940/940 883/883/883 884/884/884
f 934/934/934 935/935/935 888/888/888 889/889/889
f 932/932/932 933/933/933 890/890/890 891/891/891
f 933/933/933 934/934/934 889/889/889 890/890/890
f 930/930/930 931/931/931 892/892/892 893/893/893
f 928/928/928 929/929/929 894/894/894 895/895/895
f 929/929/929 930/930/930 893/893/893 894/894/894
f 931/931/931 932/932/932 891/891/891 892/892/892
f 935/935/935 936/936/936 887/887/887 888/888/888
f 926/926/926 927/927/927 896/896/896 897/897/897
f 924/924/924 925/925/925 898/898/898 899/899/899
f 925/925/925 926/926/926 897/897/897 898/898/898
f 922/922/922 923/923/923 900/900/900 901/901/901
f 920/920/920 921/921/921 902/902/902 903/903/903
f 921/921/921 922/922/922 901/901/901 902/902/902
f 923/923/923 924/924/924 899/899/899 900/900/900
f 918/918/918 919/919/919 904/904/904 905/905/905
f 916/916/916 917/917/917 906/906/906 907/907/907
f 917/917/917 918/918/918 905/905/905 906/906/906
f 914/914/914 915/915/915 908/908/908 909/909/909
f 911/911/911 913/913/913 910/910/910 880/880/880
f 913/913/913 914/914/914 909/909/909 910/910/910
f 915/915/915 916/916/916 907/907/907 908/908/908
f 919/919/919 920/920/920 903/903/903 904/904/904
f 927/927/927 928/928/928 895/895/895 896/896/896
f 974/974/974 943/943/943 976/976/976 977/977/977
f 972/972/972 973/973/973 978/978/978 979/979/979
f 973/973/973 974/974/974 977/977/977 978/978/978
f 970/970/970 971/971/971 980/980/980 981/981/981
f 968/968/968 969/969/969 982/982/982 983/983/983
f 969/969/969 970/970/970 981/981/981 982/982/982
f 971/971/971 972/972/972 979/979/979 980/980/980
f 966/966/966 967/967/967 984/984/984 985/985/985
f 964/964/964 965/965/965 986/986/986 987/987/987
f 965/965/965 966/966/966 985/985/985 986/986/986
f 962/962/962 963/963/963 988/988/988 989/989/989
f 960/960/960 961/961/961 990/990/990 991/991/991
f 961/961/961 962/962/962 989/989/989 990/990/990
f 963/963/963 964/964/964 987/987/987 988/988/988
f 967/967/967 968/968/968 983/983/983 984/984/984
f 958/958/958 959/959/959 992/992/992 993/993/993
f 956/956/956 957/957/957 994/994/994 995/995/995
f 957/957/957 958/958/958 993/993/993 994/994/994
f 954/954/954 955/955/955 996/996/996 997/997/997
f 952/952/952 953/953/953 998/998/998 999/999/999
f 953/953/953 954/954/954 997/997/997 998/998/998
f 955/955/955 956/956/956 995/995/995 996/996/996
f 950/950/950 951/951/951 1000/1000/1000 1001/1001/1001
f 948/948/948 949/949/949 1002/1002/1002 1003/1003/1003
f 949/949/949 950/950/950 1001/1001/1001 1002/1002/1002
f 946/946/946 947/947/947 1004/1004/1004 1005/1005/1005
f 944/944/944 945/945/945 1006/1006/1006 975/975/975
f 945/945/945 946/946/946 1005/1005/1005 1006/1006/1006
f 947/947/947 948/948/948 1003/1003/1003 1004/1004/1004
f 951/951/951 952/952/952 999/999/999 1000/1000/1000
f 959/959/959 960/960/960 991/991/991 992/992/992
f 1009/1009/1009 1072/1072/1072 1007/1007/1007
f 1070/1070/1070 1071/1071/1071 1011/1011/1011 1012/1012/1012
f 1071/1071/1071 1072/1072/1072 1009/1009/1009 1011/1011/1011
f 1068/1068/1068 1069/1069/1069 1013/1013/1013 1014/1014/1014
f 1066/1066/1066 1067/1067/1067 1015/1015/1015 1016/1016/1016
f 1067/1067/1067 1068/1068/1068 1014/1014/1014 1015/1015/1015
f 1069/1069/1069 1070/1070/1070 1012/1012/1012 1013/1013/1013
f 1064/1064/1064 1065/1065/1065 1017/1017/1017 1018/1018/1018
f 1062/1062/1062 1063/1063/1063 1019/1019/1019 1020/1020/1020
f 1063/1063/1063 1064/1064/1064 1018/1018/1018 1019/1019/1019
f 1060/1060/1060 1061/1061/1061 1021/1021/1021 1022/1022/1022
f 1058/1058/1058 1059/1059/1059 1023/1023/1023 1024/1024/1024
f 1059/1059/1059 1060/1060/1060 1022/1022/1022 1023/1023/1023
f 1061/1061/1061 1062/1062/1062 1020/1020/1020 1021/1021/1021
f 1065/1065/1065 1066/1066/1066 1016/1016/1016 1017/1017/1017
f 1056/1056/1056 1057/1057/1057 1025/1025/1025 1026/1026/1026
f 1054/1054/1054 1055/1055/1055 1027/1027/1027 1028/1028/1028
f 1055/1055/1055 1056/1056/1056 1026/1026/1026 1027/1027/1027
f 1052/1052/1052 1053/1053/1053 1029/1029/1029 1030/1030/1030
f 1050/1050/1050 1051/1051/1051 1031/1031/1031 1032/1032/1032
f 1051/1051/1051 1052/1052/1052 1030/1030/1030 1031/1031/1031
f 1053/1053/1053 1054/1054/1054 1028/1028/1028 1029/1029/1029
f 1048/1048/1048 1049/1049/1049 1033/1033/1033 1034/1034/1034
f 1046/1046/1046 1047/1047/1047 1035/1035/1035 1036/1036/1036
f 1047/1047/1047 1048/1048/1048 1034/1034/1034 1035/1035/1035
f 1044/1044/1044 1045/1045/1045 1037/1037/1037 1038/1038/1038
f 1042/1042/1042 1043/1043/1043 1039/1039/1039 1040/1040/1040
f 1041/1041/1041 1042/1042/1042 1040/1040/1040 1010/1010/1010
f 1043/1043/1043 1044/1044/1044 1038/1038/1038 1039/1039/1039
f 1045/1045/1045 1046/1046/1046 1036/1036/1036 1037/1037/1037
f 1049/1049/1049 1050/1050/1050 1032/1032/1032 1033/1033/1033
f 1057/1057/1057 1058/1058/1058 1024/1024/1024 1025/1025/1025
f 1041/1041/1041 1010/1010/1010 1008/1008/1008
f 1075/1075/1075 1078/1078/1078 1073/1073/1073
f 1142/1142/1142 1143/1143/1143 1079/1079/1079 1080/1080/1080
f 1143/1143/1143 1078/1078/1078 1075/1075/1075 1079/1079/1079
f 1140/1140/1140 1141/1141/1141 1081/1081/1081 1082/1082/1082
f 1138/1138/1138 1139/1139/1139 1083/1083/1083 1084/1084/1084
f 1139/1139/1139 1140/1140/1140 1082/1082/1082 1083/1083/1083
f 1141/1141/1141 1142/1142/1142 1080/1080/1080 1081/1081/1081
f 1136/1136/1136 1137/1137/1137 1085/1085/1085 1086/1086/1086
f 1134/1134/1134 1135/1135/1135 1087/1087/1087 1088/1088/1088
f 1135/1135/1135 1136/1136/1136 1086/1086/1086 1087/1087/1087
f 1132/1132/1132 1133/1133/1133 1089/1089/1089 1090/1090/1090
f 1130/1130/1130 1131/1131/1131 1091/1091/1091 1092/1092/1092
f 1129/1129/1129 1130/1130/1130 1092/1092/1092 1093/1093/1093
f 1131/1131/1131 1132/1132/1132 1090/1090/1090 1091/1091/1091
f 1133/1133/1133 1134/1134/1134 1088/1088/1088 1089/1089/1089
f 1137/1137/1137 1138/1138/1138 1084/1084/1084 1085/1085/1085
f 1127/1127/1127 1128/1128/1128 1094/1094/1094 1095/1095/1095
f 1125/1125/1125 1126/1126/1126 1097/1097/1097 1098/1098/1098
f 1126/1126/1126 1127/1127/1127 1096/1096/1096 1097/1097/1097
f 1123/1123/1123 1124/1124/1124 1099/1099/1099 1100/1100/1100
f 1121/1121/1121 1122/1122/1122 1101/1101/1101 1102/1102/1102
f 1120/1120/1120 1121/1121/1121 1102/1102/1102 1103/1103/1103
f 1122/1122/1122 1123/1123/1123 1100/1100/1100 1101/1101/1101
f 1124/1124/1124 1125/1125/1125 1098/1098/1098 1099/1099/1099
f 1118/1118/1118 1119/1119/1119 1104/1104/1104 1105/1105/1105
f 1116/1116/1116 1117/1117/1117 1106/1106/1106 1107/1107/1107
f 1117/1117/1117 1118/1118/1118 1105/1105/1105 1106/1106/1106
f 1114/1114/1114 1115/1115/1115 1108/1108/1108 1109/1109/1109
f 1112/1112/1112 1113/1113/1113 1110/1110/1110 1111/1111/1111
f 1077/1077/1077 1112/1112/1112 1111/1111/1111 1076/1076/1076
f 1113/1113/1113 1114/1114/1114 1109/1109/1109 1110/1110/1110
f 1115/1115/1115 1116/1116/1116 1107/1107/1107 1108/1108/1108
f 1119/1119/1119 1120/1120/1120 1103/1103/1103 1104/1104/1104
f 1128/1128/1128 1129/1129/1129 1093/1093/1093 1094/1094/1094
f 1095/1095/1095 1096/1096/1096 1127/1127/1127
f 1077/1077/1077 1076/1076/1076 1074/1074/1074
f 1148/1148/1148 1144/1144/1144 1146/1146/1146 1180/1180/1180
f 1178/1178/1178 1179/1179/1179 1181/1181/1181 1182/1182/1182
f 1179/1179/1179 1148/1148/1148 1180/1180/1180 1181/1181/1181
f 1176/1176/1176 1177/1177/1177 1183/1183/1183 1184/1184/1184
f 1174/1174/1174 1175/1175/1175 1185/1185/1185 1186/1186/1186
f 1175/1175/1175 1176/1176/1176 1184/1184/1184 1185/1185/1185
f 1177/1177/1177 1178/1178/1178 1182/1182/1182 1183/1183/1183
f 1172/1172/1172 1173/1173/1173 1187/1187/1187 1188/1188/1188
f 1170/1170/1170 1171/1171/1171 1189/1189/1189 1190/1190/1190
f 1171/1171/1171 1172/1172/1172 1188/1188/1188 1189/1189/1189
f 1168/1168/1168 1169/1169/1169 1191/1191/1191 1192/1192/1192
f 1166/1166/1166 1167/1167/1167 1193/1193/1193 1194/1194/1194
f 1165/1165/1165 1166/1166/1166 1194/1194/1194 1195/1195/1195
f 1167/1167/1167 1168/1168/1168 1192/1192/1192 1193/1193/1193
f 1169/1169/1169 1170/1170/1170 1190/1190/1190 1191/1191/1191
f 1173/1173/1173 1174/1174/1174 1186/1186/1186 1187/1187/1187
f 1163/1163/1163 1164/1164/1164 1196/1196/1196 1197/1197/1197
f 1161/1161/1161 1162/1162/1162 1198/1198/1198 1199/1199/1199
f 1162/1162/1162 1163/1163/1163 1197/1197/1197 1198/1198/1198
f 1159/1159/1159 1160/1160/1160 1200/1200/1200 1201/1201/1201
f 1157/1157/1157 1158/1158/1158 1202/1202/1202 1203/1203/1203
f 1158/1158/1158 1159/1159/1159 1201/1201/1201 1202/1202/1202
f 1160/1160/1160 1161/1161/1161 1199/1199/1199 1200/1200/1200
f 1155/1155/1155 1156/1156/1156 1204/1204/1204 1205/1205/1205
f 1153/1153/1153 1154/1154/1154 1206/1206/1206 1207/1207/1207
f 1154/1154/1154 1155/1155/1155 1205/1205/1205 1206/1206/1206
f 1151/1151/1151 1152/1152/1152 1208/1208/1208 1209/1209/1209
f 1149/1149/1149 1150/1150/1150 1210/1210/1210 1211/1211/1211
f 1145/1145/1145 1149/1149/1149 1211/1211/1211 1147/1147/1147
f 1150/1150/1150 1151/1151/1151 1209/1209/1209 1210/1210/1210
f 1152/1152/1152 1153/1153/1153 1207/1207/1207 1208/1208/1208
f 1156/1156/1156 1157/1157/1157 1203/1203/1203 1204/1204/1204
f 1164/1164/1164 1165/1165/1165 1195/1195/1195 1196/1196/1196
f 1250/1250/1250 1212/1212/1212 1217/1217/1217 1251/1251/1251
f 1248/1248/1248 1249/1249/1249 1252/1252/1252 1253/1253/1253
f 1249/1249/1249 1250/1250/1250 1251/1251/1251 1252/1252/1252
f 1246/1246/1246 1247/1247/1247 1254/1254/1254 1255/1255/1255
f 1244/1244/1244 1245/1245/1245 1256/1256/1256 1257/1257/1257
f 1245/1245/1245 1246/1246/1246 1255/1255/1255 1256/1256/1256
f 1247/1247/1247 1248/1248/1248 1253/1253/1253 1254/1254/1254
f 1242/1242/1242 1243/1243/1243 1258/1258/1258 1259/1259/1259
f 1240/1240/1240 1241/1241/1241 1260/1260/1260 1261/1261/1261
f 1241/1241/1241 1242/1242/1242 1259/1259/1259 1260/1260/1260
f 1238/1238/1238 1239/1239/1239 1262/1262/1262 1263/1263/1263
f 1236/1236/1236 1237/1237/1237 1264/1264/1264 1265/1265/1265
f 1235/1235/1235 1236/1236/1236 1265/1265/1265 1266/1266/1266
f 1237/1237/1237 1238/1238/1238 1263/1263/1263 1264/1264/1264
f 1239/1239/1239 1240/1240/1240 1261/1261/1261 1262/1262/1262
f 1243/1243/1243 1244/1244/1244 1257/1257/1257 1258/1258/1258
f 1267/1267/1267 1233/1233/1233 1234/1234/1234
f 1231/1231/1231 1232/1232/1232 1268/1268/1268 1269/1269/1269
f 1232/1232/1232 1233/1233/1233 1267/1267/1267 1268/1268/1268
f 1229/1229/1229 1230/1230/1230 1270/1270/1270 1271/1271/1271
f 1227/1227/1227 1228/1228/1228 1272/1272/1272 1273/1273/1273
f 1226/1226/1226 1227/1227/1227 1273/1273/1273 1274/1274/1274
f 1228/1228/1228 1229/1229/1229 1271/1271/1271 1272/1272/1272
f 1230/1230/1230 1231/1231/1231 1269/1269/1269 1270/1270/1270
f 1224/1224/1224 1225/1225/1225 1275/1275/1275 1276/1276/1276
f 1222/1222/1222 1223/1223/1223 1277/1277/1277 1278/1278/1278
f 1223/1223/1223 1224/1224/1224 1276/1276/1276 1277/1277/1277
f 1220/1220/1220 1221/1221/1221 1279/1279/1279 1280/1280/1280
f 1218/1218/1218 1219/1219/1219 1281/1281/1281 1282/1282/1282
f 1213/1213/1213 1218/1218/1218 1282/1282/1282 1216/1216/1216
f 1219/1219/1219 1220/1220/1220 1280/1280/1280 1281/1281/1281
f 1221/1221/1221 1222/1222/1222 1278/1278/1278 1279/1279/1279
f 1225/1225/1225 1226/1226/1226 1274/1274/1274 1275/1275/1275
f 1234/1234/1234 1235/1235/1235 1266/1266/1266
f 1212/1212/1212 1214/1214/1214 1217/1217/1217
f 1213/1213/1213 1216/1216/1216 1215/1215/1215
f 1234/1234/1234 1266/1266/1266 1267/1267/1267
f 1350/1350/1350 1283/1283/1283 1285/1285/1285 1287/1287/1287
f 1348/1348/1348 1349/1349/1349 1289/1289/1289 1290/1290/1290
f 1349/1349/1349 1350/1350/1350 1287/1287/1287 1289/1289/1289
f 1346/1346/1346 1347/1347/1347 1291/1291/1291 1292/1292/1292
f 1344/1344/1344 1345/1345/1345 1293/1293/1293 1294/1294/1294
f 1345/1345/1345 1346/1346/1346 1292/1292/1292 1293/1293/1293
f 1347/1347/1347 1348/1348/1348 1290/1290/1290 1291/1291/1291
f 1342/1342/1342 1343/1343/1343 1295/1295/1295 1296/1296/1296
f 1340/1340/1340 1341/1341/1341 1297/1297/1297 1298/1298/1298
f 1341/1341/1341 1342/1342/1342 1296/1296/1296 1297/1297/1297
f 1338/1338/1338 1339/1339/1339 1299/1299/1299 1300/1300/1300
f 1336/1336/1336 1337/1337/1337 1301/1301/1301 1302/1302/1302
f 1335/1335/1335 1336/1336/1336 1302/1302/1302 1303/1303/1303
f 1337/1337/1337 1338/1338/1338 1300/1300/1300 1301/1301/1301
f 1339/1339/1339 1340/1340/1340 1298/1298/1298 1299/1299/1299
f 1343/1343/1343 1344/1344/1344 1294/1294/1294 1295/1295/1295
f 1333/1333/1333 1334/1334/1334 1304/1304/1304 1305/1305/1305
f 1331/1331/1331 1332/1332/1332 1306/1306/1306 1307/1307/1307
f 1332/1332/1332 1333/1333/1333 1305/1305/1305 1306/1306/1306
f 1329/1329/1329 1330/1330/1330 1308/1308/1308 1309/1309/1309
f 1327/1327/1327 1328/1328/1328 1310/1310/1310 1311/1311/1311
f 1328/1328/1328 1329/1329/1329 1309/1309/1309 1310/1310/1310
f 1330/1330/1330 1331/1331/1331 1307/1307/1307 1308/1308/1308
f 1325/1325/1325 1326/1326/1326 1312/1312/1312 1313/1313/1313
f 1323/1323/1323 1324/1324/1324 1314/1314/1314 1315/1315/1315
f 1324/1324/1324 1325/1325/1325 1313/1313/1313 1314/1314/1314
f 1321/1321/1321 1322/1322/1322 1316/1316/1316 1317/1317/1317
f 1319/1319/1319 1320/1320/1320 1318/1318/1318 1288/1288/1288
f 1284/1284/1284 1319/1319/1319 1288/1288/1288 1286/1286/1286
f 1320/1320/1320 1321/1321/1321 1317/1317/1317 1318/1318/1318
f 1322/1322/1322 1323/1323/1323 1315/1315/1315 1316/1316/1316
f 1326/1326/1326 1327/1327/1327 1311/1311/1311 1312/1312/1312
f 1334/1334/1334 1335/1335/1335 1303/1303/1303 1304/1304/1304
f 1385/1385/1385 1351/1351/1351 1352/1352/1352 1386/1386/1386
f 1383/1383/1383 1384/1384/1384 1387/1387/1387 1388/1388/1388
f 1384/1384/1384 1385/1385/1385 1386/1386/1386 1387/1387/1387
f 1381/1381/1381 1382/1382/1382 1389/1389/1389 1390/1390/1390
f 1379/1379/1379 1380/1380/1380 1391/1391/1391 1392/1392/1392
f 1380/1380/1380 1381/1381/1381 1390/1390/1390 1391/1391/1391
f 1382/1382/1382 1383/1383/1383 1388/1388/1388 1389/1389/1389
f 1377/1377/1377 1378/1378/1378 1393/1393/1393 1394/1394/1394
f 1375/1375/1375 1376/1376/1376 1395/1395/1395 1396/1396/1396
f 1376/1376/1376 1377/1377/1377 1394/1394/1394 1395/1395/1395
f 1373/1373/1373 1374/1374/1374 1397/1397/1397 1398/1398/1398
f 1371/1371/1371 1372/1372/1372 1399/1399/1399 1400/1400/1400
f 1370/1370/1370 1371/1371/1371 1400/1400/1400 1401/1401/1401
f 1372/1372/1372 1373/1373/1373 1398/1398/1398 1399/1399/1399
f 1374/1374/1374 1375/1375/1375 1396/1396/1396 1397/1397/1397
f 1378/1378/1378 1379/1379/1379 1392/1392/1392 1393/1393/1393
f 1368/1368/1368 1369/1369/1369 1402/1402/1402 1403/1403/1403
f 1366/1366/1366 1367/1367/1367 1404/1404/1404 1405/1405/1405
f 1367/1367/1367 1368/1368/1368 1403/1403/1403 1404/1404/1404
f 1364/1364/1364 1365/1365/1365 1406/1406/1406 1407/1407/1407
f 1362/1362/1362 1363/1363/1363 1408/1408/1408 1409/1409/1409
f 1363/1363/1363 1364/1364/1364 1407/1407/1407 1408/1408/1408
f 1365/1365/1365 1366/1366/1366 1405/1405/1405 1406/1406/1406
f 1360/1360/1360 1361/1361/1361 1410/1410/1410 1411/1411/1411
f 1358/1358/1358 1359/1359/1359 1412/1412/1412 1413/1413/1413
f 1359/1359/1359 1360/1360/1360 1411/1411/1411 1412/1412/1412
f 1356/1356/1356 1357/1357/1357 1414/1414/1414 1415/1415/1415
f 1354/1354/1354 1355/1355/1355 1416/1416/1416 1417/1417/1417
f 1353/1353/1353 1354/1354/1354 1417/1417/1417 1418/1418/1418
f 1355/1355/1355 1356/1356/1356 1415/1415/1415 1416/1416/1416
f 1357/1357/1357 1358/1358/1358 1413/1413/1413 1414/1414/1414
f 1361/1361/1361 1362/1362/1362 1409/1409/1409 1410/1410/1410
f 1369/1369/1369 1370/1370/1370 1401/1401/1401 1402/1402/1402
f 1453/1453/1453 1419/1419/1419 1454/1454/1454 1455/1455/1455
f 1451/1451/1451 1452/1452/1452 1456/1456/1456 1457/1457/1457
f 1452/1452/1452 1453/1453/1453 1455/1455/1455 1456/1456/1456
f 1449/1449/1449 1450/1450/1450 1458/1458/1458 1459/1459/1459
f 1447/1447/1447 1448/1448/1448 1460/1460/1460 1461/1461/1461
f 1448/1448/1448 1449/1449/1449 1459/1459/1459 1460/1460/1460
f 1450/1450/1450 1451/1451/1451 1457/1457/1457 1458/1458/1458
f 1445/1445/1445 1446/1446/1446 1462/1462/1462 1463/1463/1463
f 1443/1443/1443 1444/1444/1444 1464/1464/1464 1465/1465/1465
f 1444/1444/1444 1445/1445/1445 1463/1463/1463 1464/1464/1464
f 1441/1441/1441 1442/1442/1442 1466/1466/1466 1467/1467/1467
f 1439/1439/1439 1440/1440/1440 1468/1468/1468 1469/1469/1469
f 1438/1438/1438 1439/1439/1439 1469/1469/1469 1470/1470/1470
f 1440/1440/1440 1441/1441/1441 1467/1467/1467 1468/1468/1468
f 1442/1442/1442 1443/1443/1443 1465/1465/1465 1466/1466/1466
f 1446/1446/1446 1447/1447/1447 1461/1461/1461 1462/1462/1462
f 1471/1471/1471 1437/1437/1437 1420/1420/1420
f 1435/1435/1435 1436/1436/1436 1472/1472/1472 1473/1473/1473
f 1436/1436/1436 1437/1437/1437 1471/1471/1471 1472/1472/1472
f 1433/1433/1433 1434/1434/1434 1474/1474/1474 1475/1475/1475
f 1431/1431/1431 1432/1432/1432 1476/1476/1476 1477/1477/1477
f 1432/1432/1432 1433/1433/1433 1475/1475/1475 1476/1476/1476
f 1434/1434/1434 1435/1435/1435 1473/1473/1473 1474/1474/1474
f 1429/1429/1429 1430/1430/1430 1478/1478/1478 1479/1479/1479
f 1427/1427/1427 1428/1428/1428 1480/1480/1480 1481/1481/1481
f 1428/1428/1428 1429/1429/1429 1479/1479/1479 1480/1480/1480
f 1425/1425/1425 1426/1426/1426 1482/1482/1482 1483/1483/1483
f 1423/1423/1423 1424/1424/1424 1484/1484/1484 1485/1485/1485
f 1422/1422/1422 1423/1423/1423 1485/1485/1485 1486/1486/1486
f 1424/1424/1424 1425/1425/1425 1483/1483/1483 1484/1484/1484
f 1426/1426/1426 1427/1427/1427 1481/1481/1481 1482/1482/1482
f 1430/1430/1430 1431/1431/1431 1477/1477/1477 1478/1478/1478
f 1420/1420/1420 1438/1438/1438 1470/1470/1470
f 1470/1470/1470 1471/1471/1471 1420/1420/1420
f 1486/1486/1486 1487/1487/1487 1421/1421/1421 1422/1422/1422
f 1523/1523/1523 1490/1490/1490 1491/1491/1491 1524/1524/1524
f 1521/1521/1521 1522/1522/1522 1525/1525/1525 1526/1526/1526
f 1522/1522/1522 1523/1523/1523 1524/1524/1524 1525/1525/1525
f 1519/1519/1519 1520/1520/1520 1527/1527/1527 1528/1528/1528
f 1517/1517/1517 1518/1518/1518 1529/1529/1529 1530/1530/1530
f 1518/1518/1518 1519/1519/1519 1528/1528/1528 1529/1529/1529
f 1520/1520/1520 1521/1521/1521 1526/1526/1526 1527/1527/1527
f 1515/1515/1515 1516/1516/1516 1531/1531/1531 1532/1532/1532
f 1513/1513/1513 1514/1514/1514 1533/1533/1533 1534/1534/1534
f 1514/1514/1514 1515/1515/1515 1532/1532/1532 1533/1533/1533
f 1511/1511/1511 1512/1512/1512 1535/1535/1535 1536/1536/1536
f 1509/1509/1509 1510/1510/1510 1537/1537/1537 1538/1538/1538
f 1508/1508/1508 1509/1509/1509 1538/1538/1538 1539/1539/1539
f 1510/1510/1510 1511/1511/1511 1536/1536/1536 1537/1537/1537
f 1512/1512/1512 1513/1513/1513 1534/1534/1534 1535/1535/1535
f 1516/1516/1516 1517/1517/1517 1530/1530/1530 1531/1531/1531
f 1506/1506/1506 1507/1507/1507 1540/1540/1540 1541/1541/1541
f 1504/1504/1504 1505/1505/1505 1542/1542/1542 1543/1543/1543
f 1505/1505/1505 1506/1506/1506 1541/1541/1541 1542/1542/1542
f 1502/1502/1502 1503/1503/1503 1544/1544/1544 1545/1545/1545
f 1500/1500/1500 1501/1501/1501 1546/1546/1546 1547/1547/1547
f 1501/1501/1501 1502/1502/1502 1545/1545/1545 1546/1546/1546
f 1503/1503/1503 1504/1504/1504 1543/1543/1543 1544/1544/1544
f 1498/1498/1498 1499/1499/1499 1548/1548/1548 1549/1549/1549
f 1496/1496/1496 1497/1497/1497 1550/1550/1550 1551/1551/1551
f 1497/1497/1497 1498/1498/1498 1549/1549/1549 1550/1550/1550
f 1494/1494/1494 1495/1495/1495 1552/1552/1552 1553/1553/1553
f 1492/1492/1492 1493/1493/1493 1554/1554/1554 1555/1555/1555
f 1489/1489/1489 1492/1492/1492 1555/1555/1555 1488/1488/1488
f 1493/1493/1493 1494/1494/1494 1553/1553/1553 1554/1554/1554
f 1495/1495/1495 1496/1496/1496 1551/1551/1551 1552/1552/1552
f 1499/1499/1499 1500/1500/1500 1547/1547/1547 1548/1548/1548
f 1507/1507/1507 1508/1508/1508 1539/1539/1539 1540/1540/1540
f 1624/1624/1624 1591/1591/1591 1556/1556/1556 1559/1559/1559
f 1622/1622/1622 1623/1623/1623 1560/1560/1560 1561/1561/1561
f 1623/1623/1623 1624/1624/1624 1559/1559/1559 1560/1560/1560
f 1620/1620/1620 1621/1621/1621 1562/1562/1562 1563/1563/1563
f 1618/1618/1618 1619/1619/1619 1564/1564/1564 1565/1565/1565
f 1619/1619/1619 1620/1620/1620 1563/1563/1563 1564/1564/1564
f 1621/1621/1621 1622/1622/1622 1561/1561/1561 1562/1562/1562
f 1616/1616/1616 1617/1617/1617 1566/1566/1566 1567/1567/1567
f 1614/1614/1614 1615/1615/1615 1568/1568/1568 1569/1569/1569
f 1615/1615/1615 1616/1616/1616 1567/1567/1567 1568/1568/1568
f 1612/1612/1612 1613/1613/1613 1570/1570/1570 1571/1571/1571
f 1610/1610/1610 1611/1611/1611 1572/1572/1572 1573/1573/1573
f 1609/1609/1609 1610/1610/1610 1573/1573/1573 1574/1574/1574
f 1611/1611/1611 1612/1612/1612 1571/1571/1571 1572/1572/1572
f 1613/1613/1613 1614/1614/1614 1569/1569/1569 1570/1570/1570
f 1617/1617/1617 1618/1618/1618 1565/1565/1565 1566/1566/1566
f 1607/1607/1607 1608/1608/1608 1575/1575/1575 1576/1576/1576
f 1605/1605/1605 1606/1606/1606 1577/1577/1577 1578/1578/1578
f 1606/1606/1606 1607/1607/1607 1576/1576/1576 1577/1577/1577
f 1603/1603/1603 1604/1604/1604 1579/1579/1579 1580/1580/1580
f 1601/1601/1601 1602/1602/1602 1581/1581/1581 1582/1582/1582
f 1602/1602/1602 1603/1603/1603 1580/1580/1580 1581/1581/1581
f 1604/1604/1604 1605/1605/1605 1578/1578/1578 1579/1579/1579
f 1599/1599/1599 1600/1600/1600 1583/1583/1583 1584/1584/1584
f 1597/1597/1597 1598/1598/1598 1585/1585/1585 1586/1586/1586
f 1598/1598/1598 1599/1599/1599 1584/1584/1584 1585/1585/1585
f 1595/1595/1595 1596/1596/1596 1587/1587/1587 1588/1588/1588
f 1593/1593/1593 1594/1594/1594 1589/1589/1589 1590/1590/1590
f 1592/1592/1592 1593/1593/1593 1590/1590/1590 1558/1558/1558
f 1594/1594/1594 1595/1595/1595 1588/1588/1588 1589/1589/1589
f 1596/1596/1596 1597/1597/1597 1586/1586/1586 1587/1587/1587
f 1600/1600/1600 1601/1601/1601 1582/1582/1582 1583/1583/1583
f 1608/1608/1608 1609/1609/1609 1574/1574/1574 1557/1557/1557
f 1608/1608/1608 1557/1557/1557 1575/1575/1575
usemtl Default
v -750 890 -30
v -750 2250 -30
v -750 890 -20
v -750 2250 -20
v -750 2206.129150390625 -30
v -750 2162.258056640625 -30
v -750 2118.38720703125 -30
v -750 2074.51611328125 -30
v -750 2030.6451416015625 -30
v -750 1986.774169921875 -30
v -750 1942.9031982421875 -30
v -750 1899.0322265625 -30
v -750 1855.1612548828125 -30
v -750 1811.290283203125 -30
v -750 1767.4193115234375 -30
v -750 1723.54833984375 -30
v -750 1679.6773681640625 -30
v -750 1635.806396484375 -30
v -750 1591.9354248046875 -30
v -750 1548.0645751953125 -30
v -750 1504.193603515625 -30
v -750 1460.3226318359375 -30
v -750 1416.45166015625 -30
v -750 1372.5806884765625 -30
v -750 1328.709716796875 -30
v -750 1284.8387451171875 -30
v -750 1240.9677734375 -30
v -750 1197.0968017578125 -30
v -750 1153.225830078125 -30
v -750 1109.3548583984375 -30
v -750 1065.48388671875 -30
v -750 1021.6129150390625 -30
v -750 977.741943359375 -30
v -750 933.8709716796875 -30
v -750 900 -20
v -750 943.225830078125 -20
v -750 986.45159912109375 -20
v -750 1029.6773681640625 -20
v -750 1072.9031982421875 -20
v -750 1116.1290283203125 -20
v -750 1159.3548583984375 -20
v -750 1202.5806884765625 -20
v -750 1245.806396484375 -20
v -750 1289.0322265625 -20
v -750 1332.258056640625 -20
v -750 1375.48388671875 -20
v -750 1418.709716796875 -20
v -750 1461.9354248046875 -20
v -750 1505.1612548828125 -20
v -750 1548.3870849609375 -20
v -750 1591.6129150390625 -20
v -750 1634.8387451171875 -20
v -750 1678.0645751953125 -20
v -750 1721.290283203125 -20
v -750 1764.51611328125 -20
v -750 1807.741943359375 -20
v -750 1850.9677734375 -20
v -750 1894.193603515625 -20
v -750 1937.4193115234375 -20
v -750 1980.6451416015625 -20
v -750 2023.8709716796875 -20
v -750 2067.0966796875 -20
v -750 2110.322509765625 -20
v -750 2153.54833984375 -20
v -750 2196.774169921875 -20
v -750 2240 -20
v -750 890 -30
v -750 2250 -30
v -750 933.8709716796875 -30
v -750 977.741943359375 -30
v -750 1021.6129150390625 -30
v -750 1065.48388671875 -30
v -750 1109.3548583984375 -30
v -750 1153.225830078125 -30
v -750 1197.0968017578125 -30
v -750 1240.9677734375 -30
v -750 1284.8387451171875 -30
v -750 1328.709716796875 -30
v -750 1372.5806884765625 -30
v -750 1416.45166015625 -30
v -750 1460.3226318359375 -30
v -750 1504.193603515625 -30
v -750 1548.0645751953125 -30
v -750 1591.9354248046875 -30
v -750 1635.806396484375 -30
v -750 1679.6773681640625 -30
v -750 1723.54833984375 -30
v -750 1767.4193115234375 -30
v -750 1811.290283203125 -30
v -750 1855.1612548828125 -30
v -750 1899.0322265625 -30
v -750 1942.9031982421875 -30
v -750 1986.774169921875 -30
v -750 2030.6451416015625 -30
v -750 2074.51611328125 -30
v -750 2118.38720703125 -30
v -750 2162.258056640625 -30
v -750 2206.129150390625 -30
v -740 2240 -20
v -740 900 -20
v -740 2196.774169921875 -20
v -740 2153.54833984375 -20
v -740 2110.322509765625 -20
v -740 2067.0966796875 -20
v -740 2023.8709716796875 -20
v -740 1980.6451416015625 -20
v -740 1937.4193115234375 -20
v -740 1894.193603515625 -20
v -740 1850.9677734375 -20
v -740 1807.741943359375 -20
v -740 1764.51611328125 -20
v -740 1721.290283203125 -20
v -740 1678.0645751953125 -20
v -740 1634.8387451171875 -20
v -740 1591.6129150390625 -20
v -740 1548.3870849609375 -20
v -740 1505.1612548828125 -20
v -740 1461.9354248046875 -20
v -740 1418.709716796875 -20
v -740 1375.48388671875 -20
v -740 1332.258056640625 -20
v -740 1289.0322265625 -20
v -740 1245.806396484375 -20
v -740 1202.5806884765625 -20
v -740 1159.3548583984375 -20
v -740 1116.1290283203125 -20
v -740 1072.9031982421875 -20
v -740 1029.6773681640625 -20
v -740 986.45159912109375 -20
v -740 943.225830078125 -20
v 750 890 -30
v 750 2250 -30
v 750 2206.129150390625 -30
v 750 2162.258056640625 -30
v 750 2118.38720703125 -30
v 750 2074.51611328125 -30
v 750 2030.6451416015625 -30
v 750 1986.774169921875 -30
v 750 1942.9031982421875 -30
v 750 1899.0322265625 -30
v 750 1855.1612548828125 -30
v 750 1811.290283203125 -30
v 750 1767.4193115234375 -30
v 750 1723.54833984375 -30
v 750 1679.6773681640625 -30
v 750 1635.806396484375 -30
v 750 1591.9354248046875 -30
v 750 1548.0645751953125 -30
v 750 1504.193603515625 -30
v 750 1460.3226318359375 -30
v 750 1416.45166015625 -30
v 750 1372.5806884765625 -30
v 750 1328.709716796875 -30
v 750 1284.8387451171875 -30
v 750 1240.9677734375 -30
v 750 1197.0968017578125 -30
v 750 1153.225830078125 -30
v 750 1109.3548583984375 -30
v 750 1065.48388671875 -30
v 750 1021.6129150390625 -30
v 750 977.741943359375 -30
v 750 933.8709716796875 -30
v 740 2240 -20
v 740 900 -20
v 740 943.225830078125 -20
v 740 986.45159912109375 -20
v 740 1029.6773681640625 -20
v 740 1072.9031982421875 -20
v 740 1116.1290283203125 -20
v 740 1159.3548583984375 -20
v 740 1202.5806884765625 -20
v 740 1245.806396484375 -20
v 740 1289.0322265625 -20
v 740 1332.258056640625 -20
v 740 1375.48388671875 -20
v 740 1418.709716796875 -20
v 740 1461.9354248046875 -20
v 740 1505.1612548828125 -20
v 740 1548.3870849609375 -20
v 740 1591.6129150390625 -20
v 740 1634.8387451171875 -20
v 740 1678.0645751953125 -20
v 740 1721.290283203125 -20
v 740 1764.51611328125 -20
v 740 1807.741943359375 -20
v 740 1850.9677734375 -20
v 740 1894.193603515625 -20
v 740 1937.4193115234375 -20
v 740 1980.6451416015625 -20
v 740 2023.8709716796875 -20
v 740 2067.0966796875 -20
v 740 2110.322509765625 -20
v 740 2153.54833984375 -20
v 740 2196.774169921875 -20
v 750 890 -20
v 750 2250 -20
v 750 890 -30
v 750 2250 -30
v 750 933.8709716796875 -30
v 750 977.741943359375 -30
v 750 1021.6129150390625 -30
v 750 1065.48388671875 -30
v 750 1109.3548583984375 -30
v 750 1153.225830078125 -30
v 750 1197.0968017578125 -30
v 750 1240.9677734375 -30
v 750 1284.8387451171875 -30
v 750 1328.709716796875 -30
v 750 1372.5806884765625 -30
v 750 1416.45166015625 -30
v 750 1460.3226318359375 -30
v 750 1504.193603515625 -30
v 750 1548.0645751953125 -30
v 750 1591.9354248046875 -30
v 750 1635.806396484375 -30
v 750 1679.6773681640625 -30
v 750 1723.54833984375 -30
v 750 1767.4193115234375 -30
v 750 1811.290283203125 -30
v 750 1855.1612548828125 -30
v 750 1899.0322265625 -30
v 750 1942.9031982421875 -30
v 750 1986.774169921875 -30
v 750 2030.6451416015625 -30
v 750 2074.51611328125 -30
v 750 2118.38720703125 -30
v 750 2162.258056640625 -30
v 750 2206.129150390625 -30
v 750 2240 -20
v 750 2196.774169921875 -20
v 750 2153.54833984375 -20
v 750 2110.322509765625 -20
v 750 2067.0966796875 -20
v 750 2023.8709716796875 -20
v 750 1980.6451416015625 -20
v 750 1937.4193115234375 -20
v 750 1894.193603515625 -20
v 750 1850.9677734375 -20
v 750 1807.741943359375 -20
v 750 1764.51611328125 -20
v 750 1721.290283203125 -20
v 750 1678.0645751953125 -20
v 750 1634.8387451171875 -20
v 750 1591.6129150390625 -20
v 750 1548.3870849609375 -20
v 750 1505.1612548828125 -20
v 750 1461.9354248046875 -20
v 750 1418.709716796875 -20
v 750 1375.48388671875 -20
v 750 1332.258056640625 -20
v 750 1289.0322265625 -20
v 750 1245.806396484375 -20
v 750 1202.5806884765625 -20
v 750 1159.3548583984375 -20
v 750 1116.1290283203125 -20
v 750 1072.9031982421875 -20
v 750 1029.6773681640625 -20
v 750 986.45159912109375 -20
v 750 943.225830078125 -20
v 750 900 -20
v 750 2250 -20
v -750 2250 -20
v 750 2250 -30
v -750 2250 -30
v -740 2250 -20
v 740 2250 -20
v 705.88232421875 2250 -30
v 661.76470947265625 2250 -30
v 617.64703369140625 2250 -30
v 573.5294189453125 2250 -30
v 529.4117431640625 2250 -30
v 485.29412841796875 2250 -30
v 441.17648315429688 2250 -30
v 397.058837890625 2250 -30
v 352.941162109375 2250 -30
v 308.82351684570312 2250 -30
v 264.70587158203125 2250 -30
v 220.58824157714844 2250 -30
v 176.4705810546875 2250 -30
v 132.35293579101562 2250 -30
v 88.23529052734375 2250 -30
v 44.117645263671875 2250 -30
v 0 2250 -30
v -44.117645263671875 2250 -30
v -88.23529052734375 2250 -30
v -132.35293579101562 2250 -30
v -176.4705810546875 2250 -30
v -220.58824157714844 2250 -30
v -264.70587158203125 2250 -30
v -308.82351684570312 2250 -30
v -352.941162109375 2250 -30
v -397.058837890625 2250 -30
v -441.17648315429688 2250 -30
v -485.29412841796875 2250 -30
v -529.4117431640625 2250 -30
v -573.5294189453125 2250 -30
v -617.64703369140625 2250 -30
v -661.76470947265625 2250 -30
v -705.88232421875 2250 -30
v -695.1514892578125 2250 -20
v -650.30303955078125 2250 -20
v -605.45452880859375 2250 -20
v -560.6060791015625 2250 -20
v -515.757568359375 2250 -20
v -470.90908813476562 2250 -20
v -426.06060791015625 2250 -20
v -381.21212768554688 2250 -20
v -336.3636474609375 2250 -20
v -291.51513671875 2250 -20
v -246.66667175292969 2250 -20
v -201.81817626953125 2250 -20
v -156.96969604492188 2250 -20
v -112.1212158203125 2250 -20
v -67.272727966308594 2250 -20
v -22.42424201965332 2250 -20
v 22.42424201965332 2250 -20
v 67.272727966308594 2250 -20
v 112.1212158203125 2250 -20
v 156.96969604492188 2250 -20
v 201.81817626953125 2250 -20
v 246.66667175292969 2250 -20
v 291.51513671875 2250 -20
v 336.3636474609375 2250 -20
v 381.21212768554688 2250 -20
v 426.06060791015625 2250 -20
v 470.90908813476562 2250 -20
v 515.757568359375 2250 -20
v 560.6060791015625 2250 -20
v 605.45452880859375 2250 -20
v 650.30303955078125 2250 -20
v 695.1514892578125 2250 -20
v 740 890 -20
v 740 2250 -20
v 750 890 -20
v 750 2250 -20
v 740 900 -20
v 740 2240 -20
v 740 2196.774169921875 -20
v 740 2153.54833984375 -20
v 740 2110.322509765625 -20
v 740 2067.0966796875 -20
v 740 2023.8709716796875 -20
v 740 1980.6451416015625 -20
v 740 1937.4193115234375 -20
v 740 1894.193603515625 -20
v 740 1850.9677734375 -20
v 740 1807.741943359375 -20
v 740 1764.51611328125 -20
v 740 1721.290283203125 -20
v 740 1678.0645751953125 -20
v 740 1634.8387451171875 -20
v 740 1591.6129150390625 -20
v 740 1548.3870849609375 -20
v 740 1505.1612548828125 -20
v 740 1461.9354248046875 -20
v 740 1418.709716796875 -20
v 740 1375.48388671875 -20
v 740 1332.258056640625 -20
v 740 1289.0322265625 -20
v 740 1245.806396484375 -20
v 740 1202.5806884765625 -20
v 740 1159.3548583984375 -20
v 740 1116.1290283203125 -20
v 740 1072.9031982421875 -20
v 740 1029.6773681640625 -20
v 740 986.45159912109375 -20
v 740 943.225830078125 -20
v 750 900 -20
v 750 943.225830078125 -20
v 750 986.45159912109375 -20
v 750 1029.6773681640625 -20
v 750 1072.9031982421875 -20
v 750 1116.1290283203125 -20
v 750 1159.3548583984375 -20
v 750 1202.5806884765625 -20
v 750 1245.806396484375 -20
v 750 1289.0322265625 -20
v 750 1332.258056640625 -20
v 750 1375.48388671875 -20
v 750 1418.709716796875 -20
v 750 1461.9354248046875 -20
v 750 1505.1612548828125 -20
v 750 1548.3870849609375 -20
v 750 1591.6129150390625 -20
v 750 1634.8387451171875 -20
v 750 1678.0645751953125 -20
v 750 1721.290283203125 -20
v 750 1764.51611328125 -20
v 750 1807.741943359375 -20
v 750 1850.9677734375 -20
v 750 1894.193603515625 -20
v 750 1937.4193115234375 -20
v 750 1980.6451416015625 -20
v 750 2023.8709716796875 -20
v 750 2067.0966796875 -20
v 750 2110.322509765625 -20
v 750 2153.54833984375 -20
v 750 2196.774169921875 -20
v 750 2240 -20
v 750 890 -30
v -750 890 -30
v 750 890 -20
v -750 890 -20
v -740 890 -20
v 740 890 -20
v -705.88232421875 890 -30
v -661.76470947265625 890 -30
v -617.64703369140625 890 -30
v -573.5294189453125 890 -30
v -529.4117431640625 890 -30
v -485.29412841796875 890 -30
v -441.17648315429688 890 -30
v -397.058837890625 890 -30
v -352.941162109375 890 -30
v -308.82351684570312 890 -30
v -264.70587158203125 890 -30
v -220.58824157714844 890 -30
v -176.4705810546875 890 -30
v -132.35293579101562 890 -30
v -88.23529052734375 890 -30
v -44.117645263671875 890 -30
v 0 890 -30
v 44.117645263671875 890 -30
v 88.23529052734375 890 -30
v 132.35293579101562 890 -30
v 176.4705810546875 890 -30
v 220.58824157714844 890 -30
v 264.70587158203125 890 -30
v 308.82351684570312 890 -30
v 352.941162109375 890 -30
v 397.058837890625 890 -30
v 441.17648315429688 890 -30
v 485.29412841796875 890 -30
v 529.4117431640625 890 -30
v 573.5294189453125 890 -30
v 617.64703369140625 890 -30
v 661.76470947265625 890 -30
v 705.88232421875 890 -30
v 695.1514892578125 890 -20
v 650.30303955078125 890 -20
v 605.45452880859375 890 -20
v 560.6060791015625 890 -20
v 515.757568359375 890 -20
v 470.90908813476562 890 -20
v 426.06060791015625 890 -20
v 381.21212768554688 890 -20
v 336.3636474609375 890 -20
v 291.51513671875 890 -20
v 246.66667175292969 890 -20
v 201.81817626953125 890 -20
v 156.96969604492188 890 -20
v 112.1212158203125 890 -20
v 67.272727966308594 890 -20
v 22.42424201965332 890 -20
v -22.42424201965332 890 -20
v -67.272727966308594 890 -20
v -112.1212158203125 890 -20
v -156.96969604492188 890 -20
v -201.81817626953125 890 -20
v -246.66667175292969 890 -20
v -291.51513671875 890 -20
v -336.3636474609375 890 -20
v -381.21212768554688 890 -20
v -426.06060791015625 890 -20
v -470.90908813476562 890 -20
v -515.757568359375 890 -20
v -560.6060791015625 890 -20
v -605.45452880859375 890 -20
v -650.30303955078125 890 -20
v -695.1514892578125 890 -20
v -750 890 -20
v -750 2250 -20
v -740 890 -20
v -740 2250 -20
v -740 900 -20
v -740 2240 -20
v -740 943.225830078125 -20
v -740 986.45159912109375 -20
v -740 1029.6773681640625 -20
v -740 1072.9031982421875 -20
v -740 1116.1290283203125 -20
v -740 1159.3548583984375 -20
v -740 1202.5806884765625 -20
v -740 1245.806396484375 -20
v -740 1289.0322265625 -20
v -740 1332.258056640625 -20
v -740 1375.48388671875 -20
v -740 1418.709716796875 -20
v -740 1461.9354248046875 -20
v -740 1505.1612548828125 -20
v -740 1548.3870849609375 -20
v -740 1591.6129150390625 -20
v -740 1634.8387451171875 -20
v -740 1678.0645751953125 -20
v -740 1721.290283203125 -20
v -740 1764.51611328125 -20
v -740 1807.741943359375 -20
v -740 1850.9677734375 -20
v -740 1894.193603515625 -20
v -740 1937.4193115234375 -20
v -740 1980.6451416015625 -20
v -740 2023.8709716796875 -20
v -740 2067.0966796875 -20
v -740 2110.322509765625 -20
v -740 2153.54833984375 -20
v -740 2196.774169921875 -20
v -750 2240 -20
v -750 2196.774169921875 -20
v -750 2153.54833984375 -20
v -750 2110.322509765625 -20
v -750 2067.0966796875 -20
v -750 2023.8709716796875 -20
v -750 1980.6451416015625 -20
v -750 1937.4193115234375 -20
v -750 1894.193603515625 -20
v -750 1850.9677734375 -20
v -750 1807.741943359375 -20
v -750 1764.51611328125 -20
v -750 1721.290283203125 -20
v -750 1678.0645751953125 -20
v -750 1634.8387451171875 -20
v -750 1591.6129150390625 -20
v -750 1548.3870849609375 -20
v -750 1505.1612548828125 -20
v -750 1461.9354248046875 -20
v -750 1418.709716796875 -20
v -750 1375.48388671875 -20
v -750 1332.258056640625 -20
v -750 1289.0322265625 -20
v -750 1245.806396484375 -20
v -750 1202.5806884765625 -20
v -750 1159.3548583984375 -20
v -750 1116.1290283203125 -20
v -750 1072.9031982421875 -20
v -750 1029.6773681640625 -20
v -750 986.45159912109375 -20
v -750 943.225830078125 -20
v -750 900 -20
v 740 2240 -20
v 740 2250 -20
v -740 2240 -20
v -695.1514892578125 2240 -20
v -650.30303955078125 2240 -20
v -605.45452880859375 2240 -20
v -560.6060791015625 2240 -20
v -515.757568359375 2240 -20
v -470.90908813476562 2240 -20
v -426.06060791015625 2240 -20
v -381.21212768554688 2240 -20
v -336.3636474609375 2240 -20
v -291.51513671875 2240 -20
v -246.66667175292969 2240 -20
v -201.81817626953125 2240 -20
v -156.96969604492188 2240 -20
v -112.1212158203125 2240 -20
v -67.272727966308594 2240 -20
v -22.42424201965332 2240 -20
v 22.42424201965332 2240 -20
v 67.272727966308594 2240 -20
v 112.1212158203125 2240 -20
v 156.96969604492188 2240 -20
v 201.81817626953125 2240 -20
v 246.66667175292969 2240 -20
v 291.51513671875 2240 -20
v 336.3636474609375 2240 -20
v 381.21212768554688 2240 -20
v 426.06060791015625 2240 -20
v 470.90908813476562 2240 -20
v 515.757568359375 2240 -20
v 560.6060791015625 2240 -20
v 605.45452880859375 2240 -20
v 650.30303955078125 2240 -20
v 695.1514892578125 2240 -20
v 695.1514892578125 2250 -20
v 650.30303955078125 2250 -20
v 605.45452880859375 2250 -20
v 560.6060791015625 2250 -20
v 515.757568359375 2250 -20
v 470.90908813476562 2250 -20
v 426.06060791015625 2250 -20
v 381.21212768554688 2250 -20
v 336.3636474609375 2250 -20
v 291.51513671875 2250 -20
v 246.66667175292969 2250 -20
v 201.81817626953125 2250 -20
v 156.96969604492188 2250 -20
v 112.1212158203125 2250 -20
v 67.272727966308594 2250 -20
v 22.42424201965332 2250 -20
v -22.42424201965332 2250 -20
v -67.272727966308594 2250 -20
v -112.1212158203125 2250 -20
v -156.96969604492188 2250 -20
v -201.81817626953125 2250 -20
v -246.66667175292969 2250 -20
v -291.51513671875 2250 -20
v -336.3636474609375 2250 -20
v -381.21212768554688 2250 -20
v -426.06060791015625 2250 -20
v -470.90908813476562 2250 -20
v -515.757568359375 2250 -20
v -560.6060791015625 2250 -20
v -605.45452880859375 2250 -20
v -650.30303955078125 2250 -20
v -695.1514892578125 2250 -20
v -740 2250 -20
v 750 2250 -30
v 0 2250 -30
v -750 2250 -30
v -705.88232421875 2250 -30
v -661.76470947265625 2250 -30
v -617.64703369140625 2250 -30
v -573.5294189453125 2250 -30
v -529.4117431640625 2250 -30
v -485.29412841796875 2250 -30
v -441.17648315429688 2250 -30
v -397.058837890625 2250 -30
v -352.941162109375 2250 -30
v -308.82351684570312 2250 -30
v -264.70587158203125 2250 -30
v -220.58824157714844 2250 -30
v -176.4705810546875 2250 -30
v -132.35293579101562 2250 -30
v -88.23529052734375 2250 -30
v -44.117645263671875 2250 -30
v 44.117645263671875 2250 -30
v 88.23529052734375 2250 -30
v 132.35293579101562 2250 -30
v 176.4705810546875 2250 -30
v 220.58824157714844 2250 -30
v 264.70587158203125 2250 -30
v 308.82351684570312 2250 -30
v 352.941162109375 2250 -30
v 397.058837890625 2250 -30
v 441.17648315429688 2250 -30
v 485.29412841796875 2250 -30
v 529.4117431640625 2250 -30
v 573.5294189453125 2250 -30
v 617.64703369140625 2250 -30
v 661.76470947265625 2250 -30
v 705.88232421875 2250 -30
v 740 2240 -20
v 695.1514892578125 2240 -20
v 650.30303955078125 2240 -20
v 605.45452880859375 2240 -20
v 560.6060791015625 2240 -20
v 515.757568359375 2240 -20
v 470.90908813476562 2240 -20
v 426.06060791015625 2240 -20
v 381.21212768554688 2240 -20
v 336.3636474609375 2240 -20
v 291.51513671875 2240 -20
v 246.66667175292969 2240 -20
v 201.81817626953125 2240 -20
v 156.96969604492188 2240 -20
v 112.1212158203125 2240 -20
v 67.272727966308594 2240 -20
v 22.42424201965332 2240 -20
v -22.42424201965332 2240 -20
v -67.272727966308594 2240 -20
v -112.1212158203125 2240 -20
v -156.96969604492188 2240 -20
v -201.81817626953125 2240 -20
v -246.66667175292969 2240 -20
v -291.51513671875 2240 -20
v -336.3636474609375 2240 -20
v -381.21212768554688 2240 -20
v -426.06060791015625 2240 -20
v -470.90908813476562 2240 -20
v -515.757568359375 2240 -20
v -560.6060791015625 2240 -20
v -605.45452880859375 2240 -20
v -650.30303955078125 2240 -20
v -695.1514892578125 2240 -20
v -740 2240 -20
v -740 900 -20
v -740 890 -20
v 740 890 -20
v 740 900 -20
v -695.1514892578125 890 -20
v -650.30303955078125 890 -20
v -605.45452880859375 890 -20
v -560.6060791015625 890 -20
v -515.757568359375 890 -20
v -470.90908813476562 890 -20
v -426.06060791015625 890 -20
v -381.21212768554688 890 -20
v -336.3636474609375 890 -20
v -291.51513671875 890 -20
v -246.66667175292969 890 -20
v -201.81817626953125 890 -20
v -156.96969604492188 890 -20
v -112.1212158203125 890 -20
v -67.272727966308594 890 -20
v -22.42424201965332 890 -20
v 22.42424201965332 890 -20
v 67.272727966308594 890 -20
v 112.1212158203125 890 -20
v 156.96969604492188 890 -20
v 201.81817626953125 890 -20
v 246.66667175292969 890 -20
v 291.51513671875 890 -20
v 336.3636474609375 890 -20
v 381.21212768554688 890 -20
v 426.06060791015625 890 -20
v 470.90908813476562 890 -20
v 515.757568359375 890 -20
v 560.6060791015625 890 -20
v 605.45452880859375 890 -20
v 650.30303955078125 890 -20
v 695.1514892578125 890 -20
v 695.1514892578125 900 -20
v 650.30303955078125 900 -20
v 605.45452880859375 900 -20
v 560.6060791015625 900 -20
v 515.757568359375 900 -20
v 470.90908813476562 900 -20
v 426.06060791015625 900 -20
v 381.21212768554688 900 -20
v 336.3636474609375 900 -20
v 291.51513671875 900 -20
v 246.66667175292969 900 -20
v 201.81817626953125 900 -20
v 156.96969604492188 900 -20
v 112.1212158203125 900 -20
v 67.272727966308594 900 -20
v 22.42424201965332 900 -20
v -22.42424201965332 900 -20
v -67.272727966308594 900 -20
v -112.1212158203125 900 -20
v -156.96969604492188 900 -20
v -201.81817626953125 900 -20
v -246.66667175292969 900 -20
v -291.51513671875 900 -20
v -336.3636474609375 900 -20
v -381.21212768554688 900 -20
v -426.06060791015625 900 -20
v -470.90908813476562 900 -20
v -515.757568359375 900 -20
v -560.6060791015625 900 -20
v -605.45452880859375 900 -20
v -650.30303955078125 900 -20
v -695.1514892578125 900 -20
v 750 890 -30
v 0 890 -30
v -750 890 -30
v 705.88232421875 890 -30
v 661.76470947265625 890 -30
v 617.64703369140625 890 -30
v 573.5294189453125 890 -30
v 529.4117431640625 890 -30
v 485.29412841796875 890 -30
v 441.17648315429688 890 -30
v 397.058837890625 890 -30
v 352.941162109375 890 -30
v 308.82351684570312 890 -30
v 264.70587158203125 890 -30
v 220.58824157714844 890 -30
v 176.4705810546875 890 -30
v 132.35293579101562 890 -30
v 88.23529052734375 890 -30
v 44.117645263671875 890 -30
v -44.117645263671875 890 -30
v -88.23529052734375 890 -30
v -132.35293579101562 890 -30
v -176.4705810546875 890 -30
v -220.58824157714844 890 -30
v -264.70587158203125 890 -30
v -308.82351684570312 890 -30
v -352.941162109375 890 -30
v -397.058837890625 890 -30
v -441.17648315429688 890 -30
v -485.29412841796875 890 -30
v -529.4117431640625 890 -30
v -573.5294189453125 890 -30
v -617.64703369140625 890 -30
v -661.76470947265625 890 -30
v -705.88232421875 890 -30
v 740 900 -20
v -740 900 -20
v -695.1514892578125 900 -20
v -650.30303955078125 900 -20
v -605.45452880859375 900 -20
v -560.6060791015625 900 -20
v -515.757568359375 900 -20
v -470.90908813476562 900 -20
v -426.06060791015625 900 -20
v -381.21212768554688 900 -20
v -336.3636474609375 900 -20
v -291.51513671875 900 -20
v -246.66667175292969 900 -20
v -201.81817626953125 900 -20
v -156.96969604492188 900 -20
v -112.1212158203125 900 -20
v -67.272727966308594 900 -20
v -22.42424201965332 900 -20
v 22.42424201965332 900 -20
v 67.272727966308594 900 -20
v 112.1212158203125 900 -20
v 156.96969604492188 900 -20
v 201.81817626953125 900 -20
v 246.66667175292969 900 -20
v 291.51513671875 900 -20
v 336.3636474609375 900 -20
v 381.21212768554688 900 -20
v 426.06060791015625 900 -20
v 470.90908813476562 900 -20
v 515.757568359375 900 -20
v 560.6060791015625 900 -20
v 605.45452880859375 900 -20
v 650.30303955078125 900 -20
v 695.1514892578125 900 -20
vt 0.9083939790725708 0.09064038097858429
vt 0.018507204949855804 0.09064038097858429
vt 0.9083939790725708 0.097183667123317719
vt 0.018507204949855804 0.097183667123317719
vt 0.047213256359100342 0.09064038097858429
vt 0.075919255614280701 0.09064038097858429
vt 0.10462530702352524 0.09064038097858429
vt 0.133331298828125 0.09064038097858429
vt 0.16203735768795013 0.09064038097858429
vt 0.19074335694313049 0.09064038097858429
vt 0.21944940090179443 0.09064038097858429
vt 0.24815540015697479 0.09064038097858429
vt 0.27686145901679993 0.09064038097858429
vt 0.30556744337081909 0.09064038097858429
vt 0.33427351713180542 0.09064038097858429
vt 0.36297950148582458 0.09064038097858429
vt 0.39168554544448853 0.09064038097858429
vt 0.42039155960083008 0.09064038097858429
vt 0.44909760355949402 0.09064038097858429
vt 0.47780361771583557 0.09064038097858429
vt 0.50650966167449951 0.09064038097858429
vt 0.53521567583084106 0.09064038097858429
vt 0.56392168998718262 0.09064038097858429
vt 0.59262770414352417 0.09064038097858429
vt 0.6213337779045105 0.09064038097858429
vt 0.65003979206085205 0.09064038097858429
vt 0.6787458062171936 0.09064038097858429
vt 0.70745182037353516 0.09064038097858429
vt 0.73615783452987671 0.09064038097858429
vt 0.76486390829086304 0.09064038097858429
vt 0.79356992244720459 0.09064038097858429
vt 0.82227593660354614 0.09064038097858429
vt 0.8509819507598877 0.09064038097858429
vt 0.87968796491622925 0.09064038097858429
vt 0.90185070037841797 0.097183667123317719
vt 0.87356686592102051 0.097183667123317719
vt 0.84528297185897827 0.097183667123317719
vt 0.81699907779693604 0.097183667123317719
vt 0.78871524333953857 0.097183667123317719
vt 0.76043134927749634 0.097183667123317719
vt 0.7321474552154541 0.097183667123317719
vt 0.70386356115341187 0.097183667123317719
vt 0.67557966709136963 0.097183667123317719
vt 0.64729583263397217 0.097183667123317719
vt 0.61901193857192993 0.097183667123317719
vt 0.5907280445098877 0.097183667123317719
vt 0.56244421005249023 0.097183667123317719
vt 0.534160315990448 0.097183667123317719
vt 0.50587642192840576 0.097183667123317719
vt 0.47759255766868591 0.097183667123317719
vt 0.44930866360664368 0.097183667123317719
vt 0.42102476954460144 0.097183667123317719
vt 0.39274093508720398 0.097183667123317719
vt 0.36445701122283936 0.097183667123317719
vt 0.33617311716079712 0.097183667123317719
vt 0.30788928270339966 0.097183667123317719
vt 0.27960538864135742 0.097183667123317719
vt 0.25132149457931519 0.097183667123317719
vt 0.22303766012191772 0.097183667123317719
vt 0.19475376605987549 0.097183667123317719
vt 0.16646987199783325 0.097183667123317719
vt 0.1381860226392746 0.097183667123317719
vt 0.10990212857723236 0.097183667123317719
vt 0.081618234515190125 0.097183667123317719
vt 0.053334392607212067 0.097183667123317719
vt 0.025050496682524681 0.097183667123317719
vt 0.9083939790725708 0.5
vt 0.018507204949855804 0.5
vt 0.87968796491622925 0.5
vt 0.8509819507598877 0.5
vt 0.82227593660354614 0.5
vt 0.79356992244720459 0.5
vt 0.76486390829086304 0.5
vt 0.73615783452987671 0.5
vt 0.70745182037353516 0.5
vt 0.6787458062171936 0.5
vt 0.65003979206085205 0.5
vt 0.6213337779045105 0.5
vt 0.59262770414352417 0.5
vt 0.56392168998718262 0.5
vt 0.53521567583084106 0.5
vt 0.50650966167449951 0.5
vt 0.47780361771583557 0.5
vt 0.44909760355949402 0.5
vt 0.42039155960083008 0.5
vt 0.39168554544448853 0.5
vt 0.36297950148582458 0.5
vt 0.33427351713180542 0.5
vt 0.30556744337081909 0.5
vt 0.27686145901679993 0.5
vt 0.24815540015697479 0.5
vt 0.21944940090179443 0.5
vt 0.19074335694313049 0.5
vt 0.16203735768795013 0.5
vt 0.133331298828125 0.5
vt 0.10462530702352524 0.5
vt 0.075919255614280701 0.5
vt 0.047213256359100342 0.5
vt 0.025050496682524681 0.49074640870094299
vt 0.90185070037841797 0.49074640870094299
vt 0.053334392607212067 0.49074640870094299
vt 0.081618234515190125 0.49074640870094299
vt 0.10990212857723236 0.49074640870094299
vt 0.1381860226392746 0.49074640870094299
vt 0.16646987199783325 0.49074640870094299
vt 0.19475376605987549 0.49074640870094299
vt 0.22303766012191772 0.49074640870094299
vt 0.25132149457931519 0.49074640870094299
vt 0.27960538864135742 0.49074640870094299
vt 0.30788928270339966 0.49074640870094299
vt 0.33617311716079712 0.49074640870094299
vt 0.36445701122283936 0.49074640870094299
vt 0.39274093508720398 0.49074640870094299
vt 0.42102476954460144 0.49074640870094299
vt 0.44930866360664368 0.49074640870094299
vt 0.47759255766868591 0.49074640870094299
vt 0.50587642192840576 0.49074640870094299
vt 0.534160315990448 0.49074640870094299
vt 0.56244421005249023 0.49074640870094299
vt 0.5907280445098877 0.49074640870094299
vt 0.61901193857192993 0.49074640870094299
vt 0.64729583263397217 0.49074640870094299
vt 0.67557966709136963 0.49074640870094299
vt 0.70386356115341187 0.49074640870094299
vt 0.7321474552154541 0.49074640870094299
vt 0.76043134927749634 0.49074640870094299
vt 0.78871524333953857 0.49074640870094299
vt 0.81699907779693604 0.49074640870094299
vt 0.84528297185897827 0.49074640870094299
vt 0.87356686592102051 0.49074640870094299
vt 0.9083939790725708 0.36256152391433716
vt 0.018507204949855804 0.36256152391433716
vt 0.047213256359100342 0.36256152391433716
vt 0.075919255614280701 0.36256152391433716
vt 0.10462530702352524 0.36256152391433716
vt 0.133331298828125 0.36256152391433716
vt 0.16203735768795013 0.36256152391433716
vt 0.19074335694313049 0.36256152391433716
vt 0.21944940090179443 0.36256152391433716
vt 0.24815540015697479 0.36256152391433716
vt 0.27686145901679993 0.36256152391433716
vt 0.30556744337081909 0.36256152391433716
vt 0.33427351713180542 0.36256152391433716
vt 0.36297950148582458 0.36256152391433716
vt 0.39168554544448853 0.36256152391433716
vt 0.42039155960083008 0.36256152391433716
vt 0.44909760355949402 0.36256152391433716
vt 0.47780361771583557 0.36256152391433716
vt 0.50650966167449951 0.36256152391433716
vt 0.53521567583084106 0.36256152391433716
vt 0.56392168998718262 0.36256152391433716
vt 0.59262770414352417 0.36256152391433716
vt 0.6213337779045105 0.36256152391433716
vt 0.65003979206085205 0.36256152391433716
vt 0.6787458062171936 0.36256152391433716
vt 0.70745182037353516 0.36256152391433716
vt 0.73615783452987671 0.36256152391433716
vt 0.76486390829086304 0.36256152391433716
vt 0.79356992244720459 0.36256152391433716
vt 0.82227593660354614 0.36256152391433716
vt 0.8509819507598877 0.36256152391433716
vt 0.87968796491622925 0.36256152391433716
vt 0.025050496682524681 0.37181514501571655
vt 0.90185070037841797 0.37181514501571655
vt 0.87356686592102051 0.37181514501571655
vt 0.84528297185897827 0.37181514501571655
vt 0.81699907779693604 0.37181514501571655
vt 0.78871524333953857 0.37181514501571655
vt 0.76043134927749634 0.37181514501571655
vt 0.7321474552154541 0.37181514501571655
vt 0.70386356115341187 0.37181514501571655
vt 0.67557966709136963 0.37181514501571655
vt 0.64729583263397217 0.37181514501571655
vt 0.61901193857192993 0.37181514501571655
vt 0.5907280445098877 0.37181514501571655
vt 0.56244421005249023 0.37181514501571655
vt 0.534160315990448 0.37181514501571655
vt 0.50587642192840576 0.37181514501571655
vt 0.47759255766868591 0.37181514501571655
vt 0.44930866360664368 0.37181514501571655
vt 0.42102476954460144 0.37181514501571655
vt 0.39274093508720398 0.37181514501571655
vt 0.36445701122283936 0.37181514501571655
vt 0.33617311716079712 0.37181514501571655
vt 0.30788928270339966 0.37181514501571655
vt 0.27960538864135742 0.37181514501571655
vt 0.25132149457931519 0.37181514501571655
vt 0.22303766012191772 0.37181514501571655
vt 0.19475376605987549 0.37181514501571655
vt 0.16646987199783325 0.37181514501571655
vt 0.1381860226392746 0.37181514501571655
vt 0.10990212857723236 0.37181514501571655
vt 0.081618234515190125 0.37181514501571655
vt 0.053334392607212067 0.37181514501571655
vt 0.9083939790725708 0
vt 0.018507204949855804 0
vt 0.9083939790725708 0.0065432852134108543
vt 0.018507204949855804 0.0065432852134108543
vt 0.87968796491622925 0.0065432852134108543
vt 0.8509819507598877 0.0065432852134108543
vt 0.82227593660354614 0.0065432852134108543
vt 0.79356992244720459 0.0065432852134108543
vt 0.76486390829086304 0.0065432852134108543
vt 0.73615783452987671 0.0065432852134108543
vt 0.70745182037353516 0.0065432852134108543
vt 0.6787458062171936 0.0065432852134108543
vt 0.65003979206085205 0.0065432852134108543
vt 0.6213337779045105 0.0065432852134108543
vt 0.59262770414352417 0.0065432852134108543
vt 0.56392168998718262 0.0065432852134108543
vt 0.53521567583084106 0.0065432852134108543
vt 0.50650966167449951 0.0065432852134108543
vt 0.47780361771583557 0.0065432852134108543
vt 0.44909760355949402 0.0065432852134108543
vt 0.42039155960083008 0.0065432852134108543
vt 0.39168554544448853 0.0065432852134108543
vt 0.36297950148582458 0.0065432852134108543
vt 0.33427351713180542 0.0065432852134108543
vt 0.30556744337081909 0.0065432852134108543
vt 0.27686145901679993 0.0065432852134108543
vt 0.24815540015697479 0.0065432852134108543
vt 0.21944940090179443 0.0065432852134108543
vt 0.19074335694313049 0.0065432852134108543
vt 0.16203735768795013 0.0065432852134108543
vt 0.133331298828125 0.0065432852134108543
vt 0.10462530702352524 0.0065432852134108543
vt 0.075919255614280701 0.0065432852134108543
vt 0.047213256359100342 0.0065432852134108543
vt 0.025050496682524681 0
vt 0.053334392607212067 0
vt 0.081618234515190125 0
vt 0.10990212857723236 0
vt 0.1381860226392746 0
vt 0.16646987199783325 0
vt 0.19475376605987549 0
vt 0.22303766012191772 0
vt 0.25132149457931519 0
vt 0.27960538864135742 0
vt 0.30788928270339966 0
vt 0.33617311716079712 0
vt 0.36445701122283936 0
vt 0.39274093508720398 0
vt 0.42102476954460144 0
vt 0.44930866360664368 0
vt 0.47759255766868591 0
vt 0.50587642192840576 0
vt 0.534160315990448 0
vt 0.56244421005249023 0
vt 0.5907280445098877 0
vt 0.61901193857192993 0
vt 0.64729583263397217 0
vt 0.67557966709136963 0
vt 0.70386356115341187 0
vt 0.7321474552154541 0
vt 0.76043134927749634 0
vt 0.78871524333953857 0
vt 0.81699907779693604 0
vt 0.84528297185897827 0
vt 0.87356686592102051 0
vt 0.90185070037841797 0
vt 0.99853515625 0.70957165956497192
vt 0.018507204949855804 0.70957165956497192
vt 0.99853515625 0.71611493825912476
vt 0.018507204949855804 0.71611493825912476
vt 0.025040719658136368 0.70957165956497192
vt 0.99200165271759033 0.70957165956497192
vt 0.9697108268737793 0.71611493825912476
vt 0.94088643789291382 0.71611493825912476
vt 0.91206210851669312 0.71611493825912476
vt 0.88323777914047241 0.71611493825912476
vt 0.85441339015960693 0.71611493825912476
vt 0.82558906078338623 0.71611493825912476
vt 0.79676467180252075 0.71611493825912476
vt 0.76794034242630005 0.71611493825912476
vt 0.73911595344543457 0.71611493825912476
vt 0.71029162406921387 0.71611493825912476
vt 0.68146729469299316 0.71611493825912476
vt 0.65264290571212769 0.71611493825912476
vt 0.62381857633590698 0.71611493825912476
vt 0.59499424695968628 0.71611493825912476
vt 0.5661698579788208 0.71611493825912476
vt 0.5373455286026001 0.71611493825912476
vt 0.50852119922637939 0.71611493825912476
vt 0.47969681024551392 0.71611493825912476
vt 0.45087248086929321 0.71611493825912476
vt 0.42204809188842773 0.71611493825912476
vt 0.39322379231452942 0.71611493825912476
vt 0.36439940333366394 0.71611493825912476
vt 0.33557507395744324 0.71611493825912476
vt 0.30675071477890015 0.71611493825912476
vt 0.27792638540267944 0.71611493825912476
vt 0.24910199642181396 0.71611493825912476
vt 0.22027768194675446 0.71611493825912476
vt 0.19145330786705017 0.71611493825912476
vt 0.16262897849082947 0.71611493825912476
vt 0.13380460441112518 0.71611493825912476
vt 0.10498028248548508 0.71611493825912476
vt 0.076155908405780792 0.71611493825912476
vt 0.047331582754850388 0.71611493825912476
vt 0.054342575371265411 0.70957165956497192
vt 0.083644434809684753 0.70957165956497192
vt 0.1129462867975235 0.70957165956497192
vt 0.14224809408187866 0.70957165956497192
vt 0.17154994606971741 0.70957165956497192
vt 0.20085179805755615 0.70957165956497192
vt 0.23015366494655609 0.70957165956497192
vt 0.25945550203323364 0.70957165956497192
vt 0.28875732421875 0.70957165956497192
vt 0.31805917620658875 0.70957165956497192
vt 0.34736102819442749 0.70957165956497192
vt 0.37666288018226624 0.70957165956497192
vt 0.40596473217010498 0.70957165956497192
vt 0.43526652455329895 0.70957165956497192
vt 0.46456840634346008 0.70957165956497192
vt 0.49387025833129883 0.70957165956497192
vt 0.52317208051681519 0.70957165956497192
vt 0.55247396230697632 0.70957165956497192
vt 0.58177578449249268 0.70957165956497192
vt 0.61107766628265381 0.70957165956497192
vt 0.64037948846817017 0.70957165956497192
vt 0.66968131065368652 0.70957165956497192
vt 0.69898319244384766 0.70957165956497192
vt 0.72828501462936401 0.70957165956497192
vt 0.75758689641952515 0.70957165956497192
vt 0.7868887186050415 0.70957165956497192
vt 0.81619054079055786 0.70957165956497192
vt 0.84549242258071899 0.70957165956497192
vt 0.87479424476623535 0.70957165956497192
vt 0.90409612655639648 0.70957165956497192
vt 0.93339794874191284 0.70957165956497192
vt 0.9626997709274292 0.70957165956497192
vt 0.9083939790725708 0.27192115783691406
vt 0.018507204949855804 0.27192115783691406
vt 0.9083939790725708 0.27846443653106689
vt 0.018507204949855804 0.27846443653106689
vt 0.90185070037841797 0.27192115783691406
vt 0.025050496682524681 0.27192115783691406
vt 0.053334392607212067 0.27192115783691406
vt 0.081618234515190125 0.27192115783691406
vt 0.10990212857723236 0.27192115783691406
vt 0.1381860226392746 0.27192115783691406
vt 0.16646987199783325 0.27192115783691406
vt 0.19475376605987549 0.27192115783691406
vt 0.22303766012191772 0.27192115783691406
vt 0.25132149457931519 0.27192115783691406
vt 0.27960538864135742 0.27192115783691406
vt 0.30788928270339966 0.27192115783691406
vt 0.33617311716079712 0.27192115783691406
vt 0.36445701122283936 0.27192115783691406
vt 0.39274093508720398 0.27192115783691406
vt 0.42102476954460144 0.27192115783691406
vt 0.44930866360664368 0.27192115783691406
vt 0.47759255766868591 0.27192115783691406
vt 0.50587642192840576 0.27192115783691406
vt 0.534160315990448 0.27192115783691406
vt 0.56244421005249023 0.27192115783691406
vt 0.5907280445098877 0.27192115783691406
vt 0.61901193857192993 0.27192115783691406
vt 0.64729583263397217 0.27192115783691406
vt 0.67557966709136963 0.27192115783691406
vt 0.70386356115341187 0.27192115783691406
vt 0.7321474552154541 0.27192115783691406
vt 0.76043134927749634 0.27192115783691406
vt 0.78871524333953857 0.27192115783691406
vt 0.81699907779693604 0.27192115783691406
vt 0.84528297185897827 0.27192115783691406
vt 0.87356686592102051 0.27192115783691406
vt 0.90185070037841797 0.27846443653106689
vt 0.87356686592102051 0.27846443653106689
vt 0.84528297185897827 0.27846443653106689
vt 0.81699907779693604 0.27846443653106689
vt 0.78871524333953857 0.27846443653106689
vt 0.76043134927749634 0.27846443653106689
vt 0.7321474552154541 0.27846443653106689
vt 0.70386356115341187 0.27846443653106689
vt 0.67557966709136963 0.27846443653106689
vt 0.64729583263397217 0.27846443653106689
vt 0.61901193857192993 0.27846443653106689
vt 0.5907280445098877 0.27846443653106689
vt 0.56244421005249023 0.27846443653106689
vt 0.534160315990448 0.27846443653106689
vt 0.50587642192840576 0.27846443653106689
vt 0.47759255766868591 0.27846443653106689
vt 0.44930866360664368 0.27846443653106689
vt 0.42102476954460144 0.27846443653106689
vt 0.39274093508720398 0.27846443653106689
vt 0.36445701122283936 0.27846443653106689
vt 0.33617311716079712 0.27846443653106689
vt 0.30788928270339966 0.27846443653106689
vt 0.27960538864135742 0.27846443653106689
vt 0.25132149457931519 0.27846443653106689
vt 0.22303766012191772 0.27846443653106689
vt 0.19475376605987549 0.27846443653106689
vt 0.16646987199783325 0.27846443653106689
vt 0.1381860226392746 0.27846443653106689
vt 0.10990212857723236 0.27846443653106689
vt 0.081618234515190125 0.27846443653106689
vt 0.053334392607212067 0.27846443653106689
vt 0.025050496682524681 0.27846443653106689
vt 0.99853515625 0.61893123388290405
vt 0.018507204949855804 0.61893123388290405
vt 0.99853515625 0.62547457218170166
vt 0.018507204949855804 0.62547457218170166
vt 0.025040719658136368 0.62547457218170166
vt 0.99200165271759033 0.62547457218170166
vt 0.047331582754850388 0.61893123388290405
vt 0.076155908405780792 0.61893123388290405
vt 0.10498028248548508 0.61893123388290405
vt 0.13380460441112518 0.61893123388290405
vt 0.16262897849082947 0.61893123388290405
vt 0.19145330786705017 0.61893123388290405
vt 0.22027768194675446 0.61893123388290405
vt 0.24910199642181396 0.61893123388290405
vt 0.27792638540267944 0.61893123388290405
vt 0.30675071477890015 0.61893123388290405
vt 0.33557507395744324 0.61893123388290405
vt 0.36439940333366394 0.61893123388290405
vt 0.39322379231452942 0.61893123388290405
vt 0.42204809188842773 0.61893123388290405
vt 0.45087248086929321 0.61893123388290405
vt 0.47969681024551392 0.61893123388290405
vt 0.50852119922637939 0.61893123388290405
vt 0.5373455286026001 0.61893123388290405
vt 0.5661698579788208 0.61893123388290405
vt 0.59499424695968628 0.61893123388290405
vt 0.62381857633590698 0.61893123388290405
vt 0.65264290571212769 0.61893123388290405
vt 0.68146729469299316 0.61893123388290405
vt 0.71029162406921387 0.61893123388290405
vt 0.73911595344543457 0.61893123388290405
vt 0.76794034242630005 0.61893123388290405
vt 0.79676467180252075 0.61893123388290405
vt 0.82558906078338623 0.61893123388290405
vt 0.85441339015960693 0.61893123388290405
vt 0.88323777914047241 0.61893123388290405
vt 0.91206210851669312 0.61893123388290405
vt 0.94088643789291382 0.61893123388290405
vt 0.9697108268737793 0.61893123388290405
vt 0.9626997709274292 0.62547457218170166
vt 0.93339794874191284 0.62547457218170166
vt 0.90409612655639648 0.62547457218170166
vt 0.87479424476623535 0.62547457218170166
vt 0.84549242258071899 0.62547457218170166
vt 0.81619054079055786 0.62547457218170166
vt 0.7868887186050415 0.62547457218170166
vt 0.75758689641952515 0.62547457218170166
vt 0.72828501462936401 0.62547457218170166
vt 0.69898319244384766 0.62547457218170166
vt 0.66968131065368652 0.62547457218170166
vt 0.64037948846817017 0.62547457218170166
vt 0.61107766628265381 0.62547457218170166
vt 0.58177578449249268 0.62547457218170166
vt 0.55247396230697632 0.62547457218170166
vt 0.52317208051681519 0.62547457218170166
vt 0.49387025833129883 0.62547457218170166
vt 0.46456840634346008 0.62547457218170166
vt 0.43526652455329895 0.62547457218170166
vt 0.40596473217010498 0.62547457218170166
vt 0.37666288018226624 0.62547457218170166
vt 0.34736102819442749 0.62547457218170166
vt 0.31805917620658875 0.62547457218170166
vt 0.28875732421875 0.62547457218170166
vt 0.25945550203323364 0.62547457218170166
vt 0.23015366494655609 0.62547457218170166
vt 0.20085179805755615 0.62547457218170166
vt 0.17154994606971741 0.62547457218170166
vt 0.14224809408187866 0.62547457218170166
vt 0.1129462867975235 0.62547457218170166
vt 0.083644434809684753 0.62547457218170166
vt 0.054342575371265411 0.62547457218170166
vt 0.9083939790725708 0.18128076195716858
vt 0.018507204949855804 0.18128076195716858
vt 0.9083939790725708 0.1878240555524826
vt 0.018507204949855804 0.1878240555524826
vt 0.90185070037841797 0.1878240555524826
vt 0.025050496682524681 0.1878240555524826
vt 0.87356686592102051 0.1878240555524826
vt 0.84528297185897827 0.1878240555524826
vt 0.81699907779693604 0.1878240555524826
vt 0.78871524333953857 0.1878240555524826
vt 0.76043134927749634 0.1878240555524826
vt 0.7321474552154541 0.1878240555524826
vt 0.70386356115341187 0.1878240555524826
vt 0.67557966709136963 0.1878240555524826
vt 0.64729583263397217 0.1878240555524826
vt 0.61901193857192993 0.1878240555524826
vt 0.5907280445098877 0.1878240555524826
vt 0.56244421005249023 0.1878240555524826
vt 0.534160315990448 0.1878240555524826
vt 0.50587642192840576 0.1878240555524826
vt 0.47759255766868591 0.1878240555524826
vt 0.44930866360664368 0.1878240555524826
vt 0.42102476954460144 0.1878240555524826
vt 0.39274093508720398 0.1878240555524826
vt 0.36445701122283936 0.1878240555524826
vt 0.33617311716079712 0.1878240555524826
vt 0.30788928270339966 0.1878240555524826
vt 0.27960538864135742 0.1878240555524826
vt 0.25132149457931519 0.1878240555524826
vt 0.22303766012191772 0.1878240555524826
vt 0.19475376605987549 0.1878240555524826
vt 0.16646987199783325 0.1878240555524826
vt 0.1381860226392746 0.1878240555524826
vt 0.10990212857723236 0.1878240555524826
vt 0.081618234515190125 0.1878240555524826
vt 0.053334392607212067 0.1878240555524826
vt 0.025050496682524681 0.18128076195716858
vt 0.053334392607212067 0.18128076195716858
vt 0.081618234515190125 0.18128076195716858
vt 0.10990212857723236 0.18128076195716858
vt 0.1381860226392746 0.18128076195716858
vt 0.16646987199783325 0.18128076195716858
vt 0.19475376605987549 0.18128076195716858
vt 0.22303766012191772 0.18128076195716858
vt 0.25132149457931519 0.18128076195716858
vt 0.27960538864135742 0.18128076195716858
vt 0.30788928270339966 0.18128076195716858
vt 0.33617311716079712 0.18128076195716858
vt 0.36445701122283936 0.18128076195716858
vt 0.39274093508720398 0.18128076195716858
vt 0.42102476954460144 0.18128076195716858
vt 0.44930866360664368 0.18128076195716858
vt 0.47759255766868591 0.18128076195716858
vt 0.50587642192840576 0.18128076195716858
vt 0.534160315990448 0.18128076195716858
vt 0.56244421005249023 0.18128076195716858
vt 0.5907280445098877 0.18128076195716858
vt 0.61901193857192993 0.18128076195716858
vt 0.64729583263397217 0.18128076195716858
vt 0.67557966709136963 0.18128076195716858
vt 0.70386356115341187 0.18128076195716858
vt 0.7321474552154541 0.18128076195716858
vt 0.76043134927749634 0.18128076195716858
vt 0.78871524333953857 0.18128076195716858
vt 0.81699907779693604 0.18128076195716858
vt 0.84528297185897827 0.18128076195716858
vt 0.87356686592102051 0.18128076195716858
vt 0.90185070037841797 0.18128076195716858
vt 0.99200165271759033 0.89085239171981812
vt 0.99200165271759033 0.89739567041397095
vt 0.025040719658136368 0.89085239171981812
vt 0.054342575371265411 0.89085239171981812
vt 0.083644434809684753 0.89085239171981812
vt 0.1129462867975235 0.89085239171981812
vt 0.14224809408187866 0.89085239171981812
vt 0.17154994606971741 0.89085239171981812
vt 0.20085179805755615 0.89085239171981812
vt 0.23015366494655609 0.89085239171981812
vt 0.25945550203323364 0.89085239171981812
vt 0.28875732421875 0.89085239171981812
vt 0.31805917620658875 0.89085239171981812
vt 0.34736102819442749 0.89085239171981812
vt 0.37666288018226624 0.89085239171981812
vt 0.40596473217010498 0.89085239171981812
vt 0.43526652455329895 0.89085239171981812
vt 0.46456840634346008 0.89085239171981812
vt 0.49387025833129883 0.89085239171981812
vt 0.52317208051681519 0.89085239171981812
vt 0.55247396230697632 0.89085239171981812
vt 0.58177578449249268 0.89085239171981812
vt 0.61107766628265381 0.89085239171981812
vt 0.64037948846817017 0.89085239171981812
vt 0.66968131065368652 0.89085239171981812
vt 0.69898319244384766 0.89085239171981812
vt 0.72828501462936401 0.89085239171981812
vt 0.75758689641952515 0.89085239171981812
vt 0.7868887186050415 0.89085239171981812
vt 0.81619054079055786 0.89085239171981812
vt 0.84549242258071899 0.89085239171981812
vt 0.87479424476623535 0.89085239171981812
vt 0.90409612655639648 0.89085239171981812
vt 0.93339794874191284 0.89085239171981812
vt 0.9626997709274292 0.89085239171981812
vt 0.9626997709274292 0.89739567041397095
vt 0.93339794874191284 0.89739567041397095
vt 0.90409612655639648 0.89739567041397095
vt 0.87479424476623535 0.89739567041397095
vt 0.84549242258071899 0.89739567041397095
vt 0.81619054079055786 0.89739567041397095
vt 0.7868887186050415 0.89739567041397095
vt 0.75758689641952515 0.89739567041397095
vt 0.72828501462936401 0.89739567041397095
vt 0.69898319244384766 0.89739567041397095
vt 0.66968131065368652 0.89739567041397095
vt 0.64037948846817017 0.89739567041397095
vt 0.61107766628265381 0.89739567041397095
vt 0.58177578449249268 0.89739567041397095
vt 0.55247396230697632 0.89739567041397095
vt 0.52317208051681519 0.89739567041397095
vt 0.49387025833129883 0.89739567041397095
vt 0.46456840634346008 0.89739567041397095
vt 0.43526652455329895 0.89739567041397095
vt 0.40596473217010498 0.89739567041397095
vt 0.37666288018226624 0.89739567041397095
vt 0.34736102819442749 0.89739567041397095
vt 0.31805917620658875 0.89739567041397095
vt 0.28875732421875 0.89739567041397095
vt 0.25945550203323364 0.89739567041397095
vt 0.23015366494655609 0.89739567041397095
vt 0.20085179805755615 0.89739567041397095
vt 0.17154994606971741 0.89739567041397095
vt 0.14224809408187866 0.89739567041397095
vt 0.1129462867975235 0.89739567041397095
vt 0.083644434809684753 0.89739567041397095
vt 0.054342575371265411 0.89739567041397095
vt 0.025040719658136368 0.89739567041397095
vt 0.0092536024749279022 0
vt 0.0092536024749279022 0.49001398682594299
vt 0.0092536024749279022 0.98002797365188599
vt 0.0092536024749279022 0.95120358467102051
vt 0.0092536024749279022 0.9223792552947998
vt 0.0092536024749279022 0.89355486631393433
vt 0.0092536024749279022 0.86473053693771362
vt 0.0092536024749279022 0.83590614795684814
vt 0.0092536024749279022 0.80708187818527222
vt 0.0092536024749279022 0.77825748920440674
vt 0.0092536024749279022 0.74943315982818604
vt 0.0092536024749279022 0.72060877084732056
vt 0.0092536024749279022 0.69178444147109985
vt 0.0092536024749279022 0.66296005249023438
vt 0.0092536024749279022 0.63413578271865845
vt 0.0092536024749279022 0.60531139373779297
vt 0.0092536024749279022 0.57648706436157227
vt 0.0092536024749279022 0.54766267538070679
vt 0.0092536024749279022 0.51883834600448608
vt 0.0092536024749279022 0.4611896276473999
vt 0.0092536024749279022 0.43236526846885681
vt 0.0092536024749279022 0.40354093909263611
vt 0.0092536024749279022 0.37471657991409302
vt 0.0092536024749279022 0.34589222073554993
vt 0.0092536024749279022 0.31706789135932922
vt 0.0092536024749279022 0.28824353218078613
vt 0.0092536024749279022 0.25941917300224304
vt 0.0092536024749279022 0.23059481382369995
vt 0.0092536024749279022 0.20177046954631805
vt 0.0092536024749279022 0.17294611036777496
vt 0.0092536024749279022 0.14412176609039307
vt 0.0092536024749279022 0.11529740691184998
vt 0.0092536024749279022 0.086473055183887482
vt 0.0092536024749279022 0.057648703455924988
vt 0.0092536024749279022 0.028824351727962494
vt 0.017042361199855804 0.0065335198305547237
vt 0.017042361199855804 0.035835366696119308
vt 0.017042361199855804 0.065137214958667755
vt 0.017042361199855804 0.094439052045345306
vt 0.017042361199855804 0.12374089658260345
vt 0.017042361199855804 0.1530427485704422
vt 0.017042361199855804 0.18234460055828094
vt 0.017042361199855804 0.2116464376449585
vt 0.017042361199855804 0.24094827473163605
vt 0.017042361199855804 0.27025014162063599
vt 0.017042361199855804 0.29955196380615234
vt 0.017042361199855804 0.32885381579399109
vt 0.017042361199855804 0.35815566778182983
vt 0.017042361199855804 0.38745751976966858
vt 0.017042361199855804 0.41675937175750732
vt 0.017042361199855804 0.44606122374534607
vt 0.017042361199855804 0.47536304593086243
vt 0.017042361199855804 0.50466489791870117
vt 0.017042361199855804 0.5339667797088623
vt 0.017042361199855804 0.56326860189437866
vt 0.017042361199855804 0.59257042407989502
vt 0.017042361199855804 0.62187224626541138
vt 0.017042361199855804 0.65117412805557251
vt 0.017042361199855804 0.68047600984573364
vt 0.017042361199855804 0.70977783203125
vt 0.017042361199855804 0.73907965421676636
vt 0.017042361199855804 0.76838147640228271
vt 0.017042361199855804 0.79768335819244385
vt 0.017042361199855804 0.82698523998260498
vt 0.017042361199855804 0.85628706216812134
vt 0.017042361199855804 0.8855888843536377
vt 0.017042361199855804 0.91489070653915405
vt 0.017042361199855804 0.94419258832931519
vt 0.017042361199855804 0.97349441051483154
vt 0.025040719658136368 0.80675530433654785
vt 0.025040719658136368 0.80021202564239502
vt 0.99200165271759033 0.80021202564239502
vt 0.99200165271759033 0.80675530433654785
vt 0.054342575371265411 0.80021202564239502
vt 0.083644434809684753 0.80021202564239502
vt 0.1129462867975235 0.80021202564239502
vt 0.14224809408187866 0.80021202564239502
vt 0.17154994606971741 0.80021202564239502
vt 0.20085179805755615 0.80021202564239502
vt 0.23015366494655609 0.80021202564239502
vt 0.25945550203323364 0.80021202564239502
vt 0.28875732421875 0.80021202564239502
vt 0.31805917620658875 0.80021202564239502
vt 0.34736102819442749 0.80021202564239502
vt 0.37666288018226624 0.80021202564239502
vt 0.40596473217010498 0.80021202564239502
vt 0.43526652455329895 0.80021202564239502
vt 0.46456840634346008 0.80021202564239502
vt 0.49387025833129883 0.80021202564239502
vt 0.52317208051681519 0.80021202564239502
vt 0.55247396230697632 0.80021202564239502
vt 0.58177578449249268 0.80021202564239502
vt 0.61107766628265381 0.80021202564239502
vt 0.64037948846817017 0.80021202564239502
vt 0.66968131065368652 0.80021202564239502
vt 0.69898319244384766 0.80021202564239502
vt 0.72828501462936401 0.80021202564239502
vt 0.75758689641952515 0.80021202564239502
vt 0.7868887186050415 0.80021202564239502
vt 0.81619054079055786 0.80021202564239502
vt 0.84549242258071899 0.80021202564239502
vt 0.87479424476623535 0.80021202564239502
vt 0.90409612655639648 0.80021202564239502
vt 0.93339794874191284 0.80021202564239502
vt 0.9626997709274292 0.80021202564239502
vt 0.9626997709274292 0.80675530433654785
vt 0.93339794874191284 0.80675530433654785
vt 0.90409612655639648 0.80675530433654785
vt 0.87479424476623535 0.80675530433654785
vt 0.84549242258071899 0.80675530433654785
vt 0.81619054079055786 0.80675530433654785
vt 0.7868887186050415 0.80675530433654785
vt 0.75758689641952515 0.80675530433654785
vt 0.72828501462936401 0.80675530433654785
vt 0.69898319244384766 0.80675530433654785
vt 0.66968131065368652 0.80675530433654785
vt 0.64037948846817017 0.80675530433654785
vt 0.61107766628265381 0.80675530433654785
vt 0.58177578449249268 0.80675530433654785
vt 0.55247396230697632 0.80675530433654785
vt 0.52317208051681519 0.80675530433654785
vt 0.49387025833129883 0.80675530433654785
vt 0.46456840634346008 0.80675530433654785
vt 0.43526652455329895 0.80675530433654785
vt 0.40596473217010498 0.80675530433654785
vt 0.37666288018226624 0.80675530433654785
vt 0.34736102819442749 0.80675530433654785
vt 0.31805917620658875 0.80675530433654785
vt 0.28875732421875 0.80675530433654785
vt 0.25945550203323364 0.80675530433654785
vt 0.23015366494655609 0.80675530433654785
vt 0.20085179805755615 0.80675530433654785
vt 0.17154994606971741 0.80675530433654785
vt 0.14224809408187866 0.80675530433654785
vt 0.1129462867975235 0.80675530433654785
vt 0.083644434809684753 0.80675530433654785
vt 0.054342575371265411 0.80675530433654785
vt 0.0077887591905891895 0
vt 0.0077887591905891895 0.49001398682594299
vt 0.0077887591905891895 0.98002797365188599
vt 0.0077887591905891895 0.028824351727962494
vt 0.0077887591905891895 0.057648703455924988
vt 0.0077887591905891895 0.086473055183887482
vt 0.0077887591905891895 0.11529740691184998
vt 0.0077887591905891895 0.14412176609039307
vt 0.0077887591905891895 0.17294611036777496
vt 0.0077887591905891895 0.20177046954631805
vt 0.0077887591905891895 0.23059481382369995
vt 0.0077887591905891895 0.25941917300224304
vt 0.0077887591905891895 0.28824353218078613
vt 0.0077887591905891895 0.31706789135932922
vt 0.0077887591905891895 0.34589222073554993
vt 0.0077887591905891895 0.37471657991409302
vt 0.0077887591905891895 0.40354093909263611
vt 0.0077887591905891895 0.43236526846885681
vt 0.0077887591905891895 0.4611896276473999
vt 0.0077887591905891895 0.51883834600448608
vt 0.0077887591905891895 0.54766267538070679
vt 0.0077887591905891895 0.57648706436157227
vt 0.0077887591905891895 0.60531139373779297
vt 0.0077887591905891895 0.63413578271865845
vt 0.0077887591905891895 0.66296005249023438
vt 0.0077887591905891895 0.69178444147109985
vt 0.0077887591905891895 0.72060877084732056
vt 0.0077887591905891895 0.74943315982818604
vt 0.0077887591905891895 0.77825748920440674
vt 0.0077887591905891895 0.80708187818527222
vt 0.0077887591905891895 0.83590614795684814
vt 0.0077887591905891895 0.86473053693771362
vt 0.0077887591905891895 0.89355486631393433
vt 0.0077887591905891895 0.9223792552947998
vt 0.0077887591905891895 0.95120358467102051
vt 0 0.0065335198305547237
vt 0 0.97349441051483154
vt 0 0.94419258832931519
vt 0 0.91489070653915405
vt 0 0.8855888843536377
vt 0 0.85628706216812134
vt 0 0.82698523998260498
vt 0 0.79768335819244385
vt 0 0.76838147640228271
vt 0 0.73907965421676636
vt 0 0.70977783203125
vt 0 0.68047600984573364
vt 0 0.65117412805557251
vt 0 0.62187224626541138
vt 0 0.59257042407989502
vt 0 0.56326860189437866
vt 0 0.5339667797088623
vt 0 0.50466489791870117
vt 0 0.47536304593086243
vt 0 0.44606122374534607
vt 0 0.41675937175750732
vt 0 0.38745751976966858
vt 0 0.35815566778182983
vt 0 0.32885381579399109
vt 0 0.29955196380615234
vt 0 0.27025014162063599
vt 0 0.24094827473163605
vt 0 0.2116464376449585
vt 0 0.18234460055828094
vt 0 0.1530427485704422
vt 0 0.12374089658260345
vt 0 0.094439052045345306
vt 0 0.065137214958667755
vt 0 0.035835366696119308
vn -1 0 0
vn -1 0 0
vn -1 0 0
vn -1 0 0
vn -1 0 0
vn -1 0 0
vn -1 0 0
vn -1 0 0
vn -1 0 0
vn -1 0 0
vn -1 0 0
vn -1 0 0
vn -1 0 0
vn -1 0 0
vn -1 0 0
vn -1 0 0
vn -1 0 0
vn -1 0 0
vn -1 0 0
vn -1 0 0
vn -1 0 0
vn -1 0 0
vn -1 0 0
vn -1 0 0
vn -1 0 0
vn -1 0 0
vn -1 0 0
vn -1 0 0
vn -1 0 0
vn -1 0 0
vn -1 0 0
vn -1 0 0
vn -1 0 0
vn -1 0 0
vn -1 0 0
vn -1 0 0
vn -1 0 0
vn -1 0 0
vn -1 0 0
vn -1 0 0
vn -1 0 0
vn -1 0 0
vn -1 0 0
vn -1 0 0
vn -1 0 0
vn -1 0 0
vn -1 0 0
vn -1 0 0
vn -1 0 0
vn -1 0 0
vn -1 0 0
vn -1 0 0
vn -1 0 0
vn -1 0 0
vn -1 0 0
vn -1 0 0
vn -1 0 0
vn -1 0 0
vn -1 0 0
vn -1 0 0
vn -1 0 0
vn -1 0 0
vn -1 0 0
vn -1 0 0
vn -1 0 0
vn -1 0 0
vn 0.70710676908493042 0 -0.70710676908493042
vn 0.70710676908493042 0 -0.70710676908493042
vn 0.70710676908493042 0 -0.70710676908493042
vn 0.70710676908493042 0 -0.70710676908493042
vn 0.70710676908493042 0 -0.70710676908493042
vn 0.70710676908493042 0 -0.70710676908493042
vn 0.70710676908493042 0 -0.70710676908493042
vn 0.70710676908493042 0 -0.70710676908493042
vn 0.70710676908493042 0 -0.70710676908493042
vn 0.70710676908493042 0 -0.70710676908493042
vn 0.70710676908493042 0 -0.70710676908493042
vn 0.70710676908493042 0 -0.70710676908493042
vn 0.70710676908493042 0 -0.70710676908493042
vn 0.70710676908493042 0 -0.70710676908493042
vn 0.70710676908493042 0 -0.70710676908493042
vn 0.70710676908493042 0 -0.70710676908493042
vn 0.70710676908493042 0 -0.70710676908493042
vn 0.70710676908493042 0 -0.70710676908493042
vn 0.70710676908493042 0 -0.70710676908493042
vn 0.70710676908493042 0 -0.70710676908493042
vn 0.70710676908493042 0 -0.70710676908493042
vn 0.70710676908493042 0 -0.70710676908493042
vn 0.70710676908493042 0 -0.70710676908493042
vn 0.70710676908493042 0 -0.70710676908493042
vn 0.70710676908493042 0 -0.70710676908493042
vn 0.70710676908493042 0 -0.70710676908493042
vn 0.70710676908493042 0 -0.70710676908493042
vn 0.70710676908493042 0 -0.70710676908493042
vn 0.70710676908493042 0 -0.70710676908493042
vn 0.70710676908493042 0 -0.70710676908493042
vn 0.70710676908493042 0 -0.70710676908493042
vn 0.70710676908493042 0 -0.70710676908493042
vn 0.70710676908493042 0 -0.70710676908493042
vn 0.70710676908493042 0 -0.70710676908493042
vn 0.70710676908493042 0 -0.70710676908493042
vn 0.70710676908493042 0 -0.70710676908493042
vn 0.70710676908493042 0 -0.70710676908493042
vn 0.70710676908493042 0 -0.70710676908493042
vn 0.70710676908493042 0 -0.70710676908493042
vn 0.70710676908493042 0 -0.70710676908493042
vn 0.70710676908493042 0 -0.70710676908493042
vn 0.70710676908493042 0 -0.70710676908493042
vn 0.70710676908493042 0 -0.70710676908493042
vn 0.70710676908493042 0 -0.70710676908493042
vn 0.70710676908493042 0 -0.70710676908493042
vn 0.70710676908493042 0 -0.70710676908493042
vn 0.70710676908493042 0 -0.70710676908493042
vn 0.70710676908493042 0 -0.70710676908493042
vn 0.70710676908493042 0 -0.70710676908493042
vn 0.70710676908493042 0 -0.70710676908493042
vn 0.70710676908493042 0 -0.70710676908493042
vn 0.70710676908493042 0 -0.70710676908493042
vn 0.70710676908493042 0 -0.70710676908493042
vn 0.70710676908493042 0 -0.70710676908493042
vn 0.70710676908493042 0 -0.70710676908493042
vn 0.70710676908493042 0 -0.70710676908493042
vn 0.70710676908493042 0 -0.70710676908493042
vn 0.70710676908493042 0 -0.70710676908493042
vn 0.70710676908493042 0 -0.70710676908493042
vn 0.70710676908493042 0 -0.70710676908493042
vn 0.70710676908493042 0 -0.70710676908493042
vn 0.70710676908493042 0 -0.70710676908493042
vn 0.70710676908493042 0 -0.70710676908493042
vn 0.70710676908493042 0 -0.70710676908493042
vn -0.70710676908493042 0 -0.70710676908493042
vn -0.70710676908493042 0 -0.70710676908493042
vn -0.70710676908493042 0 -0.70710676908493042
vn -0.70710676908493042 0 -0.70710676908493042
vn -0.70710676908493042 0 -0.70710676908493042
vn -0.70710676908493042 0 -0.70710676908493042
vn -0.70710676908493042 0 -0.70710676908493042
vn -0.70710676908493042 0 -0.70710676908493042
vn -0.70710676908493042 0 -0.70710676908493042
vn -0.70710676908493042 0 -0.70710676908493042
vn -0.70710676908493042 0 -0.70710676908493042
vn -0.70710676908493042 0 -0.70710676908493042
vn -0.70710676908493042 0 -0.70710676908493042
vn -0.70710676908493042 0 -0.70710676908493042
vn -0.70710676908493042 0 -0.70710676908493042
vn -0.70710676908493042 0 -0.70710676908493042
vn -0.70710676908493042 0 -0.70710676908493042
vn -0.70710676908493042 0 -0.70710676908493042
vn -0.70710676908493042 0 -0.70710676908493042
vn -0.70710676908493042 0 -0.70710676908493042
vn -0.70710676908493042 0 -0.70710676908493042
vn -0.70710676908493042 0 -0.70710676908493042
vn -0.70710676908493042 0 -0.70710676908493042
vn -0.70710676908493042 0 -0.70710676908493042
vn -0.70710676908493042 0 -0.70710676908493042
vn -0.70710676908493042 0 -0.70710676908493042
vn -0.70710676908493042 0 -0.70710676908493042
vn -0.70710676908493042 0 -0.70710676908493042
vn -0.70710676908493042 0 -0.70710676908493042
vn -0.70710676908493042 0 -0.70710676908493042
vn -0.70710676908493042 0 -0.70710676908493042
vn -0.70710676908493042 0 -0.70710676908493042
vn -0.70710676908493042 0 -0.70710676908493042
vn -0.70710676908493042 0 -0.70710676908493042
vn -0.70710676908493042 0 -0.70710676908493042
vn -0.70710676908493042 0 -0.70710676908493042
vn -0.70710676908493042 0 -0.70710676908493042
vn -0.70710676908493042 0 -0.70710676908493042
vn -0.70710676908493042 0 -0.70710676908493042
vn -0.70710676908493042 0 -0.70710676908493042
vn -0.70710676908493042 0 -0.70710676908493042
vn -0.70710676908493042 0 -0.70710676908493042
vn -0.70710676908493042 0 -0.70710676908493042
vn -0.70710676908493042 0 -0.70710676908493042
vn -0.70710676908493042 0 -0.70710676908493042
vn -0.70710676908493042 0 -0.70710676908493042
vn -0.70710676908493042 0 -0.70710676908493042
vn -0.70710676908493042 0 -0.70710676908493042
vn -0.70710676908493042 0 -0.70710676908493042
vn -0.70710676908493042 0 -0.70710676908493042
vn -0.70710676908493042 0 -0.70710676908493042
vn -0.70710676908493042 0 -0.70710676908493042
vn -0.70710676908493042 0 -0.70710676908493042
vn -0.70710676908493042 0 -0.70710676908493042
vn -0.70710676908493042 0 -0.70710676908493042
vn -0.70710676908493042 0 -0.70710676908493042
vn -0.70710676908493042 0 -0.70710676908493042
vn -0.70710676908493042 0 -0.70710676908493042
vn -0.70710676908493042 0 -0.70710676908493042
vn -0.70710676908493042 0 -0.70710676908493042
vn -0.70710676908493042 0 -0.70710676908493042
vn -0.70710676908493042 0 -0.70710676908493042
vn -0.70710676908493042 0 -0.70710676908493042
vn -0.70710676908493042 0 -0.70710676908493042
vn 1 0 0
vn 1 0 0
vn 1 0 0
vn 1 0 0
vn 1 0 0
vn 1 0 0
vn 1 0 0
vn 1 0 0
vn 1 0 0
vn 1 0 0
vn 1 0 0
vn 1 0 0
vn 1 0 0
vn 1 0 0
vn 1 0 0
vn 1 0 0
vn 1 0 0
vn 1 0 0
vn 1 0 0
vn 1 0 0
vn 1 0 0
vn 1 0 0
vn 1 0 0
vn 1 0 0
vn 1 0 0
vn 1 0 0
vn 1 0 0
vn 1 0 0
vn 1 0 0
vn 1 0 0
vn 1 0 0
vn 1 0 0
vn 1 0 0
vn 1 0 0
vn 1 0 0
vn 1 0 0
vn 1 0 0
vn 1 0 0
vn 1 0 0
vn 1 0 0
vn 1 0 0
vn 1 0 0
vn 1 0 0
vn 1 0 0
vn 1 0 0
vn 1 0 0
vn 1 0 0
vn 1 0 0
vn 1 0 0
vn 1 0 0
vn 1 0 0
vn 1 0 0
vn 1 0 0
vn 1 0 0
vn 1 0 0
vn 1 0 0
vn 1 0 0
vn 1 0 0
vn 1 0 0
vn 1 0 0
vn 1 0 0
vn 1 0 0
vn 1 0 0
vn 1 0 0
vn 1 0 0
vn 1 0 0
vn 0 1 0
vn 0 1 0
vn 0 1 0
vn 0 1 0
vn 0 1 0
vn 0 1 0
vn 0 1 0
vn 0 1 0
vn 0 1 0
vn 0 1 0
vn 0 1 0
vn 0 1 0
vn 0 1 0
vn 0 1 0
vn 0 1 0
vn 0 1 0
vn 0 1 0
vn 0 1 0
vn 0 1 0
vn 0 1 0
vn 0 1 0
vn 0 1 0
vn 0 1 0
vn 0 1 0
vn 0 1 0
vn 0 1 0
vn 0 1 0
vn 0 1 0
vn 0 1 0
vn 0 1 0
vn 0 1 0
vn 0 1 0
vn 0 1 0
vn 0 1 0
vn 0 1 0
vn 0 1 0
vn 0 1 0
vn 0 1 0
vn 0 1 0
vn 0 1 0
vn 0 1 0
vn 0 1 0
vn 0 1 0
vn 0 1 0
vn 0 1 0
vn 0 1 0
vn 0 1 0
vn 0 1 0
vn 0 1 0
vn 0 1 0
vn 0 1 0
vn 0 1 0
vn 0 1 0
vn 0 1 0
vn 0 1 0
vn 0 1 0
vn 0 1 0
vn 0 1 0
vn 0 1 0
vn 0 1 0
vn 0 1 0
vn 0 1 0
vn 0 1 0
vn 0 1 0
vn 0 1 0
vn 0 1 0
vn 0 1 0
vn 0 1 0
vn 0 1 0
vn 0 1 0
vn 0 1 0
vn 0 0 1
vn 0 0 1
vn 0 0 1
vn 0 0 1
vn 0 0 1
vn 0 0 1
vn 0 0 1
vn 0 0 1
vn 0 0 1
vn 0 0 1
vn 0 0 1
vn 0 0 1
vn 0 0 1
vn 0 0 1
vn 0 0 1
vn 0 0 1
vn 0 0 1
vn 0 0 1
vn 0 0 1
vn 0 0 1
vn 0 0 1
vn 0 0 1
vn 0 0 1
vn 0 0 1
vn 0 0 1
vn 0 0 1
vn 0 0 1
vn 0 0 1
vn 0 0 1
vn 0 0 1
vn 0 0 1
vn 0 0 1
vn 0 0 1
vn 0 0 1
vn 0 0 1
vn 0 0 1
vn 0 0 1
vn 0 0 1
vn 0 0 1
vn 0 0 1
vn 0 0 1
vn 0 0 1
vn 0 0 1
vn 0 0 1
vn 0 0 1
vn 0 0 1
vn 0 0 1
vn 0 0 1
vn 0 0 1
vn 0 0 1
vn 0 0 1
vn 0 0 1
vn 0 0 1
vn 0 0 1
vn 0 0 1
vn 0 0 1
vn 0 0 1
vn 0 0 1
vn 0 0 1
vn 0 0 1
vn 0 0 1
vn 0 0 1
vn 0 0 1
vn 0 0 1
vn 0 0 1
vn 0 0 1
vn 0 0 1
vn 0 0 1
vn 0 -1 0
vn 0 -1 0
vn 0 -1 0
vn 0 -1 0
vn 0 -1 0
vn 0 -1 0
vn 0 -1 0
vn 0 -1 0
vn 0 -1 0
vn 0 -1 0
vn 0 -1 0
vn 0 -1 0
vn 0 -1 0
vn 0 -1 0
vn 0 -1 0
vn 0 -1 0
vn 0 -1 0
vn 0 -1 0
vn 0 -1 0
vn 0 -1 0
vn 0 -1 0
vn 0 -1 0
vn 0 -1 0
vn 0 -1 0
vn 0 -1 0
vn 0 -1 0
vn 0 -1 0
vn 0 -1 0
vn 0 -1 0
vn 0 -1 0
vn 0 -1 0
vn 0 -1 0
vn 0 -1 0
vn 0 -1 0
vn 0 -1 0
vn 0 -1 0
vn 0 -1 0
vn 0 -1 0
vn 0 -1 0
vn 0 -1 0
vn 0 -1 0
vn 0 -1 0
vn 0 -1 0
vn 0 -1 0
vn 0 -1 0
vn 0 -1 0
vn 0 -1 0
vn 0 -1 0
vn 0 -1 0
vn 0 -1 0
vn 0 -1 0
vn 0 -1 0
vn 0 -1 0
vn 0 -1 0
vn 0 -1 0
vn 0 -1 0
vn 0 -1 0
vn 0 -1 0
vn 0 -1 0
vn 0 -1 0
vn 0 -1 0
vn 0 -1 0
vn 0 -1 0
vn 0 -1 0
vn 0 -1 0
vn 0 -1 0
vn 0 -1 0
vn 0 -1 0
vn 0 -1 0
vn 0 -1 0
vn 0 -1 0
vn 0 0 1
vn 0 0 1
vn 0 0 1
vn 0 0 1
vn 0 0 1
vn 0 0 1
vn 0 0 1
vn 0 0 1
vn 0 0 1
vn 0 0 1
vn 0 0 1
vn 0 0 1
vn 0 0 1
vn 0 0 1
vn 0 0 1
vn 0 0 1
vn 0 0 1
vn 0 0 1
vn 0 0 1
vn 0 0 1
vn 0 0 1
vn 0 0 1
vn 0 0 1
vn 0 0 1
vn 0 0 1
vn 0 0 1
vn 0 0 1
vn 0 0 1
vn 0 0 1
vn 0 0 1
vn 0 0 1
vn 0 0 1
vn 0 0 1
vn 0 0 1
vn 0 0 1
vn 0 0 1
vn 0 0 1
vn 0 0 1
vn 0 0 1
vn 0 0 1
vn 0 0 1
vn 0 0 1
vn 0 0 1
vn 0 0 1
vn 0 0 1
vn 0 0 1
vn 0 0 1
vn 0 0 1
vn 0 0 1
vn 0 0 1
vn 0 0 1
vn 0 0 1
vn 0 0 1
vn 0 0 1
vn 0 0 1
vn 0 0 1
vn 0 0 1
vn 0 0 1
vn 0 0 1
vn 0 0 1
vn 0 0 1
vn 0 0 1
vn 0 0 1
vn 0 0 1
vn 0 0 1
vn 0 0 1
vn 0 0 1
vn 0 0 1
vn 0 0 1
vn 0 0 1
vn 0 0 1
vn 0 0 1
vn 0 0 1
vn 0 0 1
vn 0 0 1
vn 0 0 1
vn 0 0 1
vn 0 0 1
vn 0 0 1
vn 0 0 1
vn 0 0 1
vn 0 0 1
vn 0 0 1
vn 0 0 1
vn 0 0 1
vn 0 0 1
vn 0 0 1
vn 0 0 1
vn 0 0 1
vn 0 0 1
vn 0 0 1
vn 0 0 1
vn 0 0 1
vn 0 0 1
vn 0 0 1
vn 0 0 1
vn 0 0 1
vn 0 0 1
vn 0 0 1
vn 0 0 1
vn 0 0 1
vn 0 0 1
vn 0 0 1
vn 0 0 1
vn 0 0 1
vn 0 0 1
vn 0 0 1
vn 0 0 1
vn 0 0 1
vn 0 0 1
vn 0 0 1
vn 0 0 1
vn 0 0 1
vn 0 0 1
vn 0 0 1
vn 0 0 1
vn 0 0 1
vn 0 0 1
vn 0 0 1
vn 0 0 1
vn 0 0 1
vn 0 0 1
vn 0 0 1
vn 0 0 1
vn 0 0 1
vn 0 0 1
vn 0 0 1
vn 0 0 1
vn 0 0 1
vn 0 0 1
vn 0 0 1
vn 0 0 1
vn 0 0 1
vn 0 0 1
vn 0 0 1
vn 0 0 1
vn 0 -0.70710676908493042 -0.70710676908493042
vn 0 -0.70710676908493042 -0.70710676908493042
vn 0 -0.70710676908493042 -0.70710676908493042
vn 0 -0.70710676908493042 -0.70710676908493042
vn 0 -0.70710676908493042 -0.70710676908493042
vn 0 -0.70710676908493042 -0.70710676908493042
vn 0 -0.70710676908493042 -0.70710676908493042
vn 0 -0.70710676908493042 -0.70710676908493042
vn 0 -0.70710676908493042 -0.70710676908493042
vn 0 -0.70710676908493042 -0.70710676908493042
vn 0 -0.70710676908493042 -0.70710676908493042
vn 0 -0.70710676908493042 -0.70710676908493042
vn 0 -0.70710676908493042 -0.70710676908493042
vn 0 -0.70710676908493042 -0.70710676908493042
vn 0 -0.70710676908493042 -0.70710676908493042
vn 0 -0.70710676908493042 -0.70710676908493042
vn 0 -0.70710676908493042 -0.70710676908493042
vn 0 -0.70710676908493042 -0.70710676908493042
vn 0 -0.70710676908493042 -0.70710676908493042
vn 0 -0.70710676908493042 -0.70710676908493042
vn 0 -0.70710676908493042 -0.70710676908493042
vn 0 -0.70710676908493042 -0.70710676908493042
vn 0 -0.70710676908493042 -0.70710676908493042
vn 0 -0.70710676908493042 -0.70710676908493042
vn 0 -0.70710676908493042 -0.70710676908493042
vn 0 -0.70710676908493042 -0.70710676908493042
vn 0 -0.70710676908493042 -0.70710676908493042
vn 0 -0.70710676908493042 -0.70710676908493042
vn 0 -0.70710676908493042 -0.70710676908493042
vn 0 -0.70710676908493042 -0.70710676908493042
vn 0 -0.70710676908493042 -0.70710676908493042
vn 0 -0.70710676908493042 -0.70710676908493042
vn 0 -0.70710676908493042 -0.70710676908493042
vn 0 -0.70710676908493042 -0.70710676908493042
vn 0 -0.70710676908493042 -0.70710676908493042
vn 0 -0.70710676908493042 -0.70710676908493042
vn 0 -0.70710676908493042 -0.70710676908493042
vn 0 -0.70710676908493042 -0.70710676908493042
vn 0 -0.70710676908493042 -0.70710676908493042
vn 0 -0.70710676908493042 -0.70710676908493042
vn 0 -0.70710676908493042 -0.70710676908493042
vn 0 -0.70710676908493042 -0.70710676908493042
vn 0 -0.70710676908493042 -0.70710676908493042
vn 0 -0.70710676908493042 -0.70710676908493042
vn 0 -0.70710676908493042 -0.70710676908493042
vn 0 -0.70710676908493042 -0.70710676908493042
vn 0 -0.70710676908493042 -0.70710676908493042
vn 0 -0.70710676908493042 -0.70710676908493042
vn 0 -0.70710676908493042 -0.70710676908493042
vn 0 -0.70710676908493042 -0.70710676908493042
vn 0 -0.70710676908493042 -0.70710676908493042
vn 0 -0.70710676908493042 -0.70710676908493042
vn 0 -0.70710676908493042 -0.70710676908493042
vn 0 -0.70710676908493042 -0.70710676908493042
vn 0 -0.70710676908493042 -0.70710676908493042
vn 0 -0.70710676908493042 -0.70710676908493042
vn 0 -0.70710676908493042 -0.70710676908493042
vn 0 -0.70710676908493042 -0.70710676908493042
vn 0 -0.70710676908493042 -0.70710676908493042
vn 0 -0.70710676908493042 -0.70710676908493042
vn 0 -0.70710676908493042 -0.70710676908493042
vn 0 -0.70710676908493042 -0.70710676908493042
vn 0 -0.70710676908493042 -0.70710676908493042
vn 0 -0.70710676908493042 -0.70710676908493042
vn 0 -0.70710676908493042 -0.70710676908493042
vn 0 -0.70710676908493042 -0.70710676908493042
vn 0 -0.70710676908493042 -0.70710676908493042
vn 0 -0.70710676908493042 -0.70710676908493042
vn 0 -0.70710676908493042 -0.70710676908493042
vn 0 0 1
vn 0 0 1
vn 0 0 1
vn 0 0 1
vn 0 0 1
vn 0 0 1
vn 0 0 1
vn 0 0 1
vn 0 0 1
vn 0 0 1
vn 0 0 1
vn 0 0 1
vn 0 0 1
vn 0 0 1
vn 0 0 1
vn 0 0 1
vn 0 0 1
vn 0 0 1
vn 0 0 1
vn 0 0 1
vn 0 0 1
vn 0 0 1
vn 0 0 1
vn 0 0 1
vn 0 0 1
vn 0 0 1
vn 0 0 1
vn 0 0 1
vn 0 0 1
vn 0 0 1
vn 0 0 1
vn 0 0 1
vn 0 0 1
vn 0 0 1
vn 0 0 1
vn 0 0 1
vn 0 0 1
vn 0 0 1
vn 0 0 1
vn 0 0 1
vn 0 0 1
vn 0 0 1
vn 0 0 1
vn 0 0 1
vn 0 0 1
vn 0 0 1
vn 0 0 1
vn 0 0 1
vn 0 0 1
vn 0 0 1
vn 0 0 1
vn 0 0 1
vn 0 0 1
vn 0 0 1
vn 0 0 1
vn 0 0 1
vn 0 0 1
vn 0 0 1
vn 0 0 1
vn 0 0 1
vn 0 0 1
vn 0 0 1
vn 0 0 1
vn 0 0 1
vn 0 0 1
vn 0 0 1
vn 0 0 1
vn 0 0 1
vn 0 0.70710676908493042 -0.70710676908493042
vn 0 0.70710676908493042 -0.70710676908493042
vn 0 0.70710676908493042 -0.70710676908493042
vn 0 0.70710676908493042 -0.70710676908493042
vn 0 0.70710676908493042 -0.70710676908493042
vn 0 0.70710676908493042 -0.70710676908493042
vn 0 0.70710676908493042 -0.70710676908493042
vn 0 0.70710676908493042 -0.70710676908493042
vn 0 0.70710676908493042 -0.70710676908493042
vn 0 0.70710676908493042 -0.70710676908493042
vn 0 0.70710676908493042 -0.70710676908493042
vn 0 0.70710676908493042 -0.70710676908493042
vn 0 0.70710676908493042 -0.70710676908493042
vn 0 0.70710676908493042 -0.70710676908493042
vn 0 0.70710676908493042 -0.70710676908493042
vn 0 0.70710676908493042 -0.70710676908493042
vn 0 0.70710676908493042 -0.70710676908493042
vn 0 0.70710676908493042 -0.70710676908493042
vn 0 0.70710676908493042 -0.70710676908493042
vn 0 0.70710676908493042 -0.70710676908493042
vn 0 0.70710676908493042 -0.70710676908493042
vn 0 0.70710676908493042 -0.70710676908493042
vn 0 0.70710676908493042 -0.70710676908493042
vn 0 0.70710676908493042 -0.70710676908493042
vn 0 0.70710676908493042 -0.70710676908493042
vn 0 0.70710676908493042 -0.70710676908493042
vn 0 0.70710676908493042 -0.70710676908493042
vn 0 0.70710676908493042 -0.70710676908493042
vn 0 0.70710676908493042 -0.70710676908493042
vn 0 0.70710676908493042 -0.70710676908493042
vn 0 0.70710676908493042 -0.70710676908493042
vn 0 0.70710676908493042 -0.70710676908493042
vn 0 0.70710676908493042 -0.70710676908493042
vn 0 0.70710676908493042 -0.70710676908493042
vn 0 0.70710676908493042 -0.70710676908493042
vn 0 0.70710676908493042 -0.70710676908493042
vn 0 0.70710676908493042 -0.70710676908493042
vn 0 0.70710676908493042 -0.70710676908493042
vn 0 0.70710676908493042 -0.70710676908493042
vn 0 0.70710676908493042 -0.70710676908493042
vn 0 0.70710676908493042 -0.70710676908493042
vn 0 0.70710676908493042 -0.70710676908493042
vn 0 0.70710676908493042 -0.70710676908493042
vn 0 0.70710676908493042 -0.70710676908493042
vn 0 0.70710676908493042 -0.70710676908493042
vn 0 0.70710676908493042 -0.70710676908493042
vn 0 0.70710676908493042 -0.70710676908493042
vn 0 0.70710676908493042 -0.70710676908493042
vn 0 0.70710676908493042 -0.70710676908493042
vn 0 0.70710676908493042 -0.70710676908493042
vn 0 0.70710676908493042 -0.70710676908493042
vn 0 0.70710676908493042 -0.70710676908493042
vn 0 0.70710676908493042 -0.70710676908493042
vn 0 0.70710676908493042 -0.70710676908493042
vn 0 0.70710676908493042 -0.70710676908493042
vn 0 0.70710676908493042 -0.70710676908493042
vn 0 0.70710676908493042 -0.70710676908493042
vn 0 0.70710676908493042 -0.70710676908493042
vn 0 0.70710676908493042 -0.70710676908493042
vn 0 0.70710676908493042 -0.70710676908493042
vn 0 0.70710676908493042 -0.70710676908493042
vn 0 0.70710676908493042 -0.70710676908493042
vn 0 0.70710676908493042 -0.70710676908493042
vn 0 0.70710676908493042 -0.70710676908493042
vn 0 0.70710676908493042 -0.70710676908493042
vn 0 0.70710676908493042 -0.70710676908493042
vn 0 0.70710676908493042 -0.70710676908493042
vn 0 0.70710676908493042 -0.70710676908493042
vn 0 0.70710676908493042 -0.70710676908493042
f 1658/1658/1658 1625/1625/1625 1659/1659/1659 1660/1660/1660
f 1656/1656/1656 1657/1657/1657 1661/1661/1661 1662/1662/1662
f 1657/1657/1657 1658/1658/1658 1660/1660/1660 1661/1661/1661
f 1654/1654/1654 1655/1655/1655 1663/1663/1663 1664/1664/1664
f 1652/1652/1652 1653/1653/1653 1665/1665/1665 1666/1666/1666
f 1653/1653/1653 1654/1654/1654 1664/1664/1664 1665/1665/1665
f 1655/1655/1655 1656/1656/1656 1662/1662/1662 1663/1663/1663
f 1650/1650/1650 1651/1651/1651 1667/1667/1667 1668/1668/1668
f 1648/1648/1648 1649/1649/1649 1669/1669/1669 1670/1670/1670
f 1649/1649/1649 1650/1650/1650 1668/1668/1668 1669/1669/1669
f 1651/1651/1651 1652/1652/1652 1666/1666/1666 1667/1667/1667
f 1647/1647/1647 1648/1648/1648 1670/1670/1670 1671/1671/1671
f 1645/1645/1645 1646/1646/1646 1672/1672/1672 1673/1673/1673
f 1646/1646/1646 1647/1647/1647 1671/1671/1671 1672/1672/1672
f 1644/1644/1644 1645/1645/1645 1673/1673/1673 1674/1674/1674
f 1643/1643/1643 1644/1644/1644 1674/1674/1674 1675/1675/1675
f 1641/1641/1641 1642/1642/1642 1676/1676/1676 1677/1677/1677
f 1642/1642/1642 1643/1643/1643 1675/1675/1675 1676/1676/1676
f 1639/1639/1639 1640/1640/1640 1678/1678/1678 1679/1679/1679
f 1637/1637/1637 1638/1638/1638 1680/1680/1680 1681/1681/1681
f 1638/1638/1638 1639/1639/1639 1679/1679/1679 1680/1680/1680
f 1640/1640/1640 1641/1641/1641 1677/1677/1677 1678/1678/1678
f 1635/1635/1635 1636/1636/1636 1682/1682/1682 1683/1683/1683
f 1633/1633/1633 1634/1634/1634 1684/1684/1684 1685/1685/1685
f 1634/1634/1634 1635/1635/1635 1683/1683/1683 1684/1684/1684
f 1631/1631/1631 1632/1632/1632 1686/1686/1686 1687/1687/1687
f 1629/1629/1629 1630/1630/1630 1688/1688/1688 1689/1689/1689
f 1626/1626/1626 1629/1629/1629 1689/1689/1689 1690/1690/1690
f 1630/1630/1630 1631/1631/1631 1687/1687/1687 1688/1688/1688
f 1632/1632/1632 1633/1633/1633 1685/1685/1685 1686/1686/1686
f 1636/1636/1636 1637/1637/1637 1681/1681/1681 1682/1682/1682
f 1659/1659/1659 1625/1625/1625 1627/1627/1627
f 1626/1626/1626 1690/1690/1690 1628/1628/1628
f 1754/1754/1754 1724/1724/1724 1691/1691/1691 1693/1693/1693
f 1752/1752/1752 1753/1753/1753 1694/1694/1694 1695/1695/1695
f 1753/1753/1753 1754/1754/1754 1693/1693/1693 1694/1694/1694
f 1750/1750/1750 1751/1751/1751 1696/1696/1696 1697/1697/1697
f 1748/1748/1748 1749/1749/1749 1698/1698/1698 1699/1699/1699
f 1749/1749/1749 1750/1750/1750 1697/1697/1697 1698/1698/1698
f 1751/1751/1751 1752/1752/1752 1695/1695/1695 1696/1696/1696
f 1746/1746/1746 1747/1747/1747 1700/1700/1700 1701/1701/1701
f 1744/1744/1744 1745/1745/1745 1702/1702/1702 1703/1703/1703
f 1745/1745/1745 1746/1746/1746 1701/1701/1701 1702/1702/1702
f 1742/1742/1742 1743/1743/1743 1704/1704/1704 1705/1705/1705
f 1740/1740/1740 1741/1741/1741 1706/1706/1706 1707/1707/1707
f 1741/1741/1741 1742/1742/1742 1705/1705/1705 1706/1706/1706
f 1743/1743/1743 1744/1744/1744 1703/1703/1703 1704/1704/1704
f 1747/1747/1747 1748/1748/1748 1699/1699/1699 1700/1700/1700
f 1738/1738/1738 1739/1739/1739 1708/1708/1708 1709/1709/1709
f 1736/1736/1736 1737/1737/1737 1710/1710/1710 1711/1711/1711
f 1737/1737/1737 1738/1738/1738 1709/1709/1709 1710/1710/1710
f 1734/1734/1734 1735/1735/1735 1712/1712/1712 1713/1713/1713
f 1732/1732/1732 1733/1733/1733 1714/1714/1714 1715/1715/1715
f 1733/1733/1733 1734/1734/1734 1713/1713/1713 1714/1714/1714
f 1735/1735/1735 1736/1736/1736 1711/1711/1711 1712/1712/1712
f 1730/1730/1730 1731/1731/1731 1716/1716/1716 1717/1717/1717
f 1728/1728/1728 1729/1729/1729 1718/1718/1718 1719/1719/1719
f 1729/1729/1729 1730/1730/1730 1717/1717/1717 1718/1718/1718
f 1726/1726/1726 1727/1727/1727 1720/1720/1720 1721/1721/1721
f 1723/1723/1723 1725/1725/1725 1722/1722/1722 1692/1692/1692
f 1725/1725/1725 1726/1726/1726 1721/1721/1721 1722/1722/1722
f 1727/1727/1727 1728/1728/1728 1719/1719/1719 1720/1720/1720
f 1731/1731/1731 1732/1732/1732 1715/1715/1715 1716/1716/1716
f 1739/1739/1739 1740/1740/1740 1707/1707/1707 1708/1708/1708
f 1786/1786/1786 1755/1755/1755 1788/1788/1788 1789/1789/1789
f 1784/1784/1784 1785/1785/1785 1790/1790/1790 1791/1791/1791
f 1785/1785/1785 1786/1786/1786 1789/1789/1789 1790/1790/1790
f 1782/1782/1782 1783/1783/1783 1792/1792/1792 1793/1793/1793
f 1780/1780/1780 1781/1781/1781 1794/1794/1794 1795/1795/1795
f 1781/1781/1781 1782/1782/1782 1793/1793/1793 1794/1794/1794
f 1783/1783/1783 1784/1784/1784 1791/1791/1791 1792/1792/1792
f 1778/1778/1778 1779/1779/1779 1796/1796/1796 1797/1797/1797
f 1776/1776/1776 1777/1777/1777 1798/1798/1798 1799/1799/1799
f 1777/1777/1777 1778/1778/1778 1797/1797/1797 1798/1798/1798
f 1774/1774/1774 1775/1775/1775 1800/1800/1800 1801/1801/1801
f 1772/1772/1772 1773/1773/1773 1802/1802/1802 1803/1803/1803
f 1773/1773/1773 1774/1774/1774 1801/1801/1801 1802/1802/1802
f 1775/1775/1775 1776/1776/1776 1799/1799/1799 1800/1800/1800
f 1779/1779/1779 1780/1780/1780 1795/1795/1795 1796/1796/1796
f 1770/1770/1770 1771/1771/1771 1804/1804/1804 1805/1805/1805
f 1768/1768/1768 1769/1769/1769 1806/1806/1806 1807/1807/1807
f 1769/1769/1769 1770/1770/1770 1805/1805/1805 1806/1806/1806
f 1766/1766/1766 1767/1767/1767 1808/1808/1808 1809/1809/1809
f 1764/1764/1764 1765/1765/1765 1810/1810/1810 1811/1811/1811
f 1765/1765/1765 1766/1766/1766 1809/1809/1809 1810/1810/1810
f 1767/1767/1767 1768/1768/1768 1807/1807/1807 1808/1808/1808
f 1762/1762/1762 1763/1763/1763 1812/1812/1812 1813/1813/1813
f 1760/1760/1760 1761/1761/1761 1814/1814/1814 1815/1815/1815
f 1761/1761/1761 1762/1762/1762 1813/1813/1813 1814/1814/1814
f 1758/1758/1758 1759/1759/1759 1816/1816/1816 1817/1817/1817
f 1756/1756/1756 1757/1757/1757 1818/1818/1818 1787/1787/1787
f 1757/1757/1757 1758/1758/1758 1817/1817/1817 1818/1818/1818
f 1759/1759/1759 1760/1760/1760 1815/1815/1815 1816/1816/1816
f 1763/1763/1763 1764/1764/1764 1811/1811/1811 1812/1812/1812
f 1771/1771/1771 1772/1772/1772 1803/1803/1803 1804/1804/1804
f 1821/1821/1821 1884/1884/1884 1819/1819/1819
f 1882/1882/1882 1883/1883/1883 1823/1823/1823 1824/1824/1824
f 1883/1883/1883 1884/1884/1884 1821/1821/1821 1823/1823/1823
f 1880/1880/1880 1881/1881/1881 1825/1825/1825 1826/1826/1826
f 1878/1878/1878 1879/1879/1879 1827/1827/1827 1828/1828/1828
f 1879/1879/1879 1880/1880/1880 1826/1826/1826 1827/1827/1827
f 1881/1881/1881 1882/1882/1882 1824/1824/1824 1825/1825/1825
f 1876/1876/1876 1877/1877/1877 1829/1829/1829 1830/1830/1830
f 1874/1874/1874 1875/1875/1875 1831/1831/1831 1832/1832/1832
f 1875/1875/1875 1876/1876/1876 1830/1830/1830 1831/1831/1831
f 1872/1872/1872 1873/1873/1873 1833/1833/1833 1834/1834/1834
f 1870/1870/1870 1871/1871/1871 1835/1835/1835 1836/1836/1836
f 1871/1871/1871 1872/1872/1872 1834/1834/1834 1835/1835/1835
f 1873/1873/1873 1874/1874/1874 1832/1832/1832 1833/1833/1833
f 1877/1877/1877 1878/1878/1878 1828/1828/1828 1829/1829/1829
f 1868/1868/1868 1869/1869/1869 1837/1837/1837 1838/1838/1838
f 1866/1866/1866 1867/1867/1867 1839/1839/1839 1840/1840/1840
f 1867/1867/1867 1868/1868/1868 1838/1838/1838 1839/1839/1839
f 1864/1864/1864 1865/1865/1865 1841/1841/1841 1842/1842/1842
f 1862/1862/1862 1863/1863/1863 1843/1843/1843 1844/1844/1844
f 1863/1863/1863 1864/1864/1864 1842/1842/1842 1843/1843/1843
f 1865/1865/1865 1866/1866/1866 1840/1840/1840 1841/1841/1841
f 1860/1860/1860 1861/1861/1861 1845/1845/1845 1846/1846/1846
f 1858/1858/1858 1859/1859/1859 1847/1847/1847 1848/1848/1848
f 1859/1859/1859 1860/1860/1860 1846/1846/1846 1847/1847/1847
f 1856/1856/1856 1857/1857/1857 1849/1849/1849 1850/1850/1850
f 1854/1854/1854 1855/1855/1855 1851/1851/1851 1852/1852/1852
f 1853/1853/1853 1854/1854/1854 1852/1852/1852 1822/1822/1822
f 1855/1855/1855 1856/1856/1856 1850/1850/1850 1851/1851/1851
f 1857/1857/1857 1858/1858/1858 1848/1848/1848 1849/1849/1849
f 1861/1861/1861 1862/1862/1862 1844/1844/1844 1845/1845/1845
f 1869/1869/1869 1870/1870/1870 1836/1836/1836 1837/1837/1837
f 1853/1853/1853 1822/1822/1822 1820/1820/1820
f 1887/1887/1887 1890/1890/1890 1885/1885/1885
f 1954/1954/1954 1955/1955/1955 1891/1891/1891 1892/1892/1892
f 1955/1955/1955 1890/1890/1890 1887/1887/1887 1891/1891/1891
f 1952/1952/1952 1953/1953/1953 1893/1893/1893 1894/1894/1894
f 1950/1950/1950 1951/1951/1951 1895/1895/1895 1896/1896/1896
f 1951/1951/1951 1952/1952/1952 1894/1894/1894 1895/1895/1895
f 1953/1953/1953 1954/1954/1954 1892/1892/1892 1893/1893/1893
f 1948/1948/1948 1949/1949/1949 1897/1897/1897 1898/1898/1898
f 1946/1946/1946 1947/1947/1947 1899/1899/1899 1900/1900/1900
f 1947/1947/1947 1948/1948/1948 1898/1898/1898 1899/1899/1899
f 1944/1944/1944 1945/1945/1945 1901/1901/1901 1902/1902/1902
f 1942/1942/1942 1943/1943/1943 1903/1903/1903 1904/1904/1904
f 1941/1941/1941 1942/1942/1942 1904/1904/1904 1905/1905/1905
f 1943/1943/1943 1944/1944/1944 1902/1902/1902 1903/1903/1903
f 1945/1945/1945 1946/1946/1946 1900/1900/1900 1901/1901/1901
f 1949/1949/1949 1950/1950/1950 1896/1896/1896 1897/1897/1897
f 1907/1907/1907 1939/1939/1939 1940/1940/1940
f 1937/1937/1937 1938/1938/1938 1909/1909/1909 1910/1910/1910
f 1938/1938/1938 1939/1939/1939 1908/1908/1908 1909/1909/1909
f 1935/1935/1935 1936/1936/1936 1911/1911/1911 1912/1912/1912
f 1933/1933/1933 1934/1934/1934 1913/1913/1913 1914/1914/1914
f 1932/1932/1932 1933/1933/1933 1914/1914/1914 1915/1915/1915
f 1934/1934/1934 1935/1935/1935 1912/1912/1912 1913/1913/1913
f 1936/1936/1936 1937/1937/1937 1910/1910/1910 1911/1911/1911
f 1930/1930/1930 1931/1931/1931 1916/1916/1916 1917/1917/1917
f 1928/1928/1928 1929/1929/1929 1918/1918/1918 1919/1919/1919
f 1929/1929/1929 1930/1930/1930 1917/1917/1917 1918/1918/1918
f 1926/1926/1926 1927/1927/1927 1920/1920/1920 1921/1921/1921
f 1924/1924/1924 1925/1925/1925 1922/1922/1922 1923/1923/1923
f 1889/1889/1889 1924/1924/1924 1923/1923/1923 1888/1888/1888
f 1925/1925/1925 1926/1926/1926 1921/1921/1921 1922/1922/1922
f 1927/1927/1927 1928/1928/1928 1919/1919/1919 1920/1920/1920
f 1931/1931/1931 1932/1932/1932 1915/1915/1915 1916/1916/1916
f 1940/1940/1940 1941/1941/1941 1905/1905/1905 1906/1906/1906
f 1906/1906/1906 1907/1907/1907 1940/1940/1940
f 1907/1907/1907 1908/1908/1908 1939/1939/1939
f 1889/1889/1889 1888/1888/1888 1886/1886/1886
f 1960/1960/1960 1956/1956/1956 1958/1958/1958 1992/1992/1992
f 1990/1990/1990 1991/1991/1991 1993/1993/1993 1994/1994/1994
f 1991/1991/1991 1960/1960/1960 1992/1992/1992 1993/1993/1993
f 1988/1988/1988 1989/1989/1989 1995/1995/1995 1996/1996/1996
f 1986/1986/1986 1987/1987/1987 1997/1997/1997 1998/1998/1998
f 1987/1987/1987 1988/1988/1988 1996/1996/1996 1997/1997/1997
f 1989/1989/1989 1990/1990/1990 1994/1994/1994 1995/1995/1995
f 1984/1984/1984 1985/1985/1985 1999/1999/1999 2000/2000/2000
f 1982/1982/1982 1983/1983/1983 2001/2001/2001 2002/2002/2002
f 1983/1983/1983 1984/1984/1984 2000/2000/2000 2001/2001/2001
f 1980/1980/1980 1981/1981/1981 2003/2003/2003 2004/2004/2004
f 1978/1978/1978 1979/1979/1979 2005/2005/2005 2006/2006/2006
f 1977/1977/1977 1978/1978/1978 2006/2006/2006 2007/2007/2007
f 1979/1979/1979 1980/1980/1980 2004/2004/2004 2005/2005/2005
f 1981/1981/1981 1982/1982/1982 2002/2002/2002 2003/2003/2003
f 1985/1985/1985 1986/1986/1986 1998/1998/1998 1999/1999/1999
f 1975/1975/1975 1976/1976/1976 2008/2008/2008 2009/2009/2009
f 1973/1973/1973 1974/1974/1974 2010/2010/2010 2011/2011/2011
f 1974/1974/1974 1975/1975/1975 2009/2009/2009 2010/2010/2010
f 1971/1971/1971 1972/1972/1972 2012/2012/2012 2013/2013/2013
f 1969/1969/1969 1970/1970/1970 2014/2014/2014 2015/2015/2015
f 1970/1970/1970 1971/1971/1971 2013/2013/2013 2014/2014/2014
f 1972/1972/1972 1973/1973/1973 2011/2011/2011 2012/2012/2012
f 1967/1967/1967 1968/1968/1968 2016/2016/2016 2017/2017/2017
f 1965/1965/1965 1966/1966/1966 2018/2018/2018 2019/2019/2019
f 1966/1966/1966 1967/1967/1967 2017/2017/2017 2018/2018/2018
f 1963/1963/1963 1964/1964/1964 2020/2020/2020 2021/2021/2021
f 1961/1961/1961 1962/1962/1962 2022/2022/2022 2023/2023/2023
f 1957/1957/1957 1961/1961/1961 2023/2023/2023 1959/1959/1959
f 1962/1962/1962 1963/1963/1963 2021/2021/2021 2022/2022/2022
f 1964/1964/1964 1965/1965/1965 2019/2019/2019 2020/2020/2020
f 1968/1968/1968 1969/1969/1969 2015/2015/2015 2016/2016/2016
f 1976/1976/1976 1977/1977/1977 2007/2007/2007 2008/2008/2008
f 2062/2062/2062 2024/2024/2024 2029/2029/2029 2063/2063/2063
f 2060/2060/2060 2061/2061/2061 2064/2064/2064 2065/2065/2065
f 2061/2061/2061 2062/2062/2062 2063/2063/2063 2064/2064/2064
f 2058/2058/2058 2059/2059/2059 2066/2066/2066 2067/2067/2067
f 2056/2056/2056 2057/2057/2057 2068/2068/2068 2069/2069/2069
f 2057/2057/2057 2058/2058/2058 2067/2067/2067 2068/2068/2068
f 2059/2059/2059 2060/2060/2060 2065/2065/2065 2066/2066/2066
f 2054/2054/2054 2055/2055/2055 2070/2070/2070 2071/2071/2071
f 2052/2052/2052 2053/2053/2053 2072/2072/2072 2073/2073/2073
f 2053/2053/2053 2054/2054/2054 2071/2071/2071 2072/2072/2072
f 2050/2050/2050 2051/2051/2051 2074/2074/2074 2075/2075/2075
f 2048/2048/2048 2049/2049/2049 2076/2076/2076 2077/2077/2077
f 2047/2047/2047 2048/2048/2048 2077/2077/2077 2078/2078/2078
f 2049/2049/2049 2050/2050/2050 2075/2075/2075 2076/2076/2076
f 2051/2051/2051 2052/2052/2052 2073/2073/2073 2074/2074/2074
f 2055/2055/2055 2056/2056/2056 2069/2069/2069 2070/2070/2070
f 2079/2079/2079 2045/2045/2045 2046/2046/2046
f 2043/2043/2043 2044/2044/2044 2080/2080/2080 2081/2081/2081
f 2044/2044/2044 2045/2045/2045 2079/2079/2079 2080/2080/2080
f 2041/2041/2041 2042/2042/2042 2082/2082/2082 2083/2083/2083
f 2039/2039/2039 2040/2040/2040 2084/2084/2084 2085/2085/2085
f 2038/2038/2038 2039/2039/2039 2085/2085/2085 2086/2086/2086
f 2040/2040/2040 2041/2041/2041 2083/2083/2083 2084/2084/2084
f 2042/2042/2042 2043/2043/2043 2081/2081/2081 2082/2082/2082
f 2036/2036/2036 2037/2037/2037 2087/2087/2087 2088/2088/2088
f 2034/2034/2034 2035/2035/2035 2089/2089/2089 2090/2090/2090
f 2035/2035/2035 2036/2036/2036 2088/2088/2088 2089/2089/2089
f 2032/2032/2032 2033/2033/2033 2091/2091/2091 2092/2092/2092
f 2030/2030/2030 2031/2031/2031 2093/2093/2093 2094/2094/2094
f 2025/2025/2025 2030/2030/2030 2094/2094/2094 2028/2028/2028
f 2031/2031/2031 2032/2032/2032 2092/2092/2092 2093/2093/2093
f 2033/2033/2033 2034/2034/2034 2090/2090/2090 2091/2091/2091
f 2037/2037/2037 2038/2038/2038 2086/2086/2086 2087/2087/2087
f 2046/2046/2046 2047/2047/2047 2078/2078/2078
f 2024/2024/2024 2026/2026/2026 2029/2029/2029
f 2025/2025/2025 2028/2028/2028 2027/2027/2027
f 2046/2046/2046 2078/2078/2078 2079/2079/2079
f 2162/2162/2162 2095/2095/2095 2097/2097/2097 2099/2099/2099
f 2160/2160/2160 2161/2161/2161 2101/2101/2101 2102/2102/2102
f 2161/2161/2161 2162/2162/2162 2099/2099/2099 2101/2101/2101
f 2158/2158/2158 2159/2159/2159 2103/2103/2103 2104/2104/2104
f 2156/2156/2156 2157/2157/2157 2105/2105/2105 2106/2106/2106
f 2157/2157/2157 2158/2158/2158 2104/2104/2104 2105/2105/2105
f 2159/2159/2159 2160/2160/2160 2102/2102/2102 2103/2103/2103
f 2154/2154/2154 2155/2155/2155 2107/2107/2107 2108/2108/2108
f 2152/2152/2152 2153/2153/2153 2109/2109/2109 2110/2110/2110
f 2153/2153/2153 2154/2154/2154 2108/2108/2108 2109/2109/2109
f 2150/2150/2150 2151/2151/2151 2111/2111/2111 2112/2112/2112
f 2148/2148/2148 2149/2149/2149 2113/2113/2113 2114/2114/2114
f 2147/2147/2147 2148/2148/2148 2114/2114/2114 2115/2115/2115
f 2149/2149/2149 2150/2150/2150 2112/2112/2112 2113/2113/2113
f 2151/2151/2151 2152/2152/2152 2110/2110/2110 2111/2111/2111
f 2155/2155/2155 2156/2156/2156 2106/2106/2106 2107/2107/2107
f 2145/2145/2145 2146/2146/2146 2116/2116/2116 2117/2117/2117
f 2143/2143/2143 2144/2144/2144 2118/2118/2118 2119/2119/2119
f 2144/2144/2144 2145/2145/2145 2117/2117/2117 2118/2118/2118
f 2141/2141/2141 2142/2142/2142 2120/2120/2120 2121/2121/2121
f 2139/2139/2139 2140/2140/2140 2122/2122/2122 2123/2123/2123
f 2140/2140/2140 2141/2141/2141 2121/2121/2121 2122/2122/2122
f 2142/2142/2142 2143/2143/2143 2119/2119/2119 2120/2120/2120
f 2137/2137/2137 2138/2138/2138 2124/2124/2124 2125/2125/2125
f 2135/2135/2135 2136/2136/2136 2126/2126/2126 2127/2127/2127
f 2136/2136/2136 2137/2137/2137 2125/2125/2125 2126/2126/2126
f 2133/2133/2133 2134/2134/2134 2128/2128/2128 2129/2129/2129
f 2131/2131/2131 2132/2132/2132 2130/2130/2130 2100/2100/2100
f 2096/2096/2096 2131/2131/2131 2100/2100/2100 2098/2098/2098
f 2132/2132/2132 2133/2133/2133 2129/2129/2129 2130/2130/2130
f 2134/2134/2134 2135/2135/2135 2127/2127/2127 2128/2128/2128
f 2138/2138/2138 2139/2139/2139 2123/2123/2123 2124/2124/2124
f 2146/2146/2146 2147/2147/2147 2115/2115/2115 2116/2116/2116
f 2197/2197/2197 2163/2163/2163 2164/2164/2164 2198/2198/2198
f 2195/2195/2195 2196/2196/2196 2199/2199/2199 2200/2200/2200
f 2196/2196/2196 2197/2197/2197 2198/2198/2198 2199/2199/2199
f 2193/2193/2193 2194/2194/2194 2201/2201/2201 2202/2202/2202
f 2191/2191/2191 2192/2192/2192 2203/2203/2203 2204/2204/2204
f 2192/2192/2192 2193/2193/2193 2202/2202/2202 2203/2203/2203
f 2194/2194/2194 2195/2195/2195 2200/2200/2200 2201/2201/2201
f 2189/2189/2189 2190/2190/2190 2205/2205/2205 2206/2206/2206
f 2187/2187/2187 2188/2188/2188 2207/2207/2207 2208/2208/2208
f 2188/2188/2188 2189/2189/2189 2206/2206/2206 2207/2207/2207
f 2185/2185/2185 2186/2186/2186 2209/2209/2209 2210/2210/2210
f 2183/2183/2183 2184/2184/2184 2211/2211/2211 2212/2212/2212
f 2182/2182/2182 2183/2183/2183 2212/2212/2212 2213/2213/2213
f 2184/2184/2184 2185/2185/2185 2210/2210/2210 2211/2211/2211
f 2186/2186/2186 2187/2187/2187 2208/2208/2208 2209/2209/2209
f 2190/2190/2190 2191/2191/2191 2204/2204/2204 2205/2205/2205
f 2180/2180/2180 2181/2181/2181 2214/2214/2214 2215/2215/2215
f 2178/2178/2178 2179/2179/2179 2216/2216/2216 2217/2217/2217
f 2179/2179/2179 2180/2180/2180 2215/2215/2215 2216/2216/2216
f 2176/2176/2176 2177/2177/2177 2218/2218/2218 2219/2219/2219
f 2174/2174/2174 2175/2175/2175 2220/2220/2220 2221/2221/2221
f 2175/2175/2175 2176/2176/2176 2219/2219/2219 2220/2220/2220
f 2177/2177/2177 2178/2178/2178 2217/2217/2217 2218/2218/2218
f 2172/2172/2172 2173/2173/2173 2222/2222/2222 2223/2223/2223
f 2170/2170/2170 2171/2171/2171 2224/2224/2224 2225/2225/2225
f 2171/2171/2171 2172/2172/2172 2223/2223/2223 2224/2224/2224
f 2168/2168/2168 2169/2169/2169 2226/2226/2226 2227/2227/2227
f 2166/2166/2166 2167/2167/2167 2228/2228/2228 2229/2229/2229
f 2165/2165/2165 2166/2166/2166 2229/2229/2229 2230/2230/2230
f 2167/2167/2167 2168/2168/2168 2227/2227/2227 2228/2228/2228
f 2169/2169/2169 2170/2170/2170 2225/2225/2225 2226/2226/2226
f 2173/2173/2173 2174/2174/2174 2221/2221/2221 2222/2222/2222
f 2181/2181/2181 2182/2182/2182 2213/2213/2213 2214/2214/2214
f 2265/2265/2265 2231/2231/2231 2266/2266/2266 2267/2267/2267
f 2263/2263/2263 2264/2264/2264 2268/2268/2268 2269/2269/2269
f 2264/2264/2264 2265/2265/2265 2267/2267/2267 2268/2268/2268
f 2261/2261/2261 2262/2262/2262 2270/2270/2270 2271/2271/2271
f 2259/2259/2259 2260/2260/2260 2272/2272/2272 2273/2273/2273
f 2260/2260/2260 2261/2261/2261 2271/2271/2271 2272/2272/2272
f 2262/2262/2262 2263/2263/2263 2269/2269/2269 2270/2270/2270
f 2257/2257/2257 2258/2258/2258 2274/2274/2274 2275/2275/2275
f 2255/2255/2255 2256/2256/2256 2276/2276/2276 2277/2277/2277
f 2256/2256/2256 2257/2257/2257 2275/2275/2275 2276/2276/2276
f 2253/2253/2253 2254/2254/2254 2278/2278/2278 2279/2279/2279
f 2251/2251/2251 2252/2252/2252 2280/2280/2280 2281/2281/2281
f 2250/2250/2250 2251/2251/2251 2281/2281/2281 2282/2282/2282
f 2252/2252/2252 2253/2253/2253 2279/2279/2279 2280/2280/2280
f 2254/2254/2254 2255/2255/2255 2277/2277/2277 2278/2278/2278
f 2258/2258/2258 2259/2259/2259 2273/2273/2273 2274/2274/2274
f 2283/2283/2283 2249/2249/2249 2232/2232/2232
f 2247/2247/2247 2248/2248/2248 2284/2284/2284 2285/2285/2285
f 2248/2248/2248 2249/2249/2249 2283/2283/2283 2284/2284/2284
f 2245/2245/2245 2246/2246/2246 2286/2286/2286 2287/2287/2287
f 2243/2243/2243 2244/2244/2244 2288/2288/2288 2289/2289/2289
f 2244/2244/2244 2245/2245/2245 2287/2287/2287 2288/2288/2288
f 2246/2246/2246 2247/2247/2247 2285/2285/2285 2286/2286/2286
f 2241/2241/2241 2242/2242/2242 2290/2290/2290 2291/2291/2291
f 2239/2239/2239 2240/2240/2240 2292/2292/2292 2293/2293/2293
f 2240/2240/2240 2241/2241/2241 2291/2291/2291 2292/2292/2292
f 2237/2237/2237 2238/2238/2238 2294/2294/2294 2295/2295/2295
f 2235/2235/2235 2236/2236/2236 2296/2296/2296 2297/2297/2297
f 2234/2234/2234 2235/2235/2235 2297/2297/2297 2298/2298/2298
f 2236/2236/2236 2237/2237/2237 2295/2295/2295 2296/2296/2296
f 2238/2238/2238 2239/2239/2239 2293/2293/2293 2294/2294/2294
f 2242/2242/2242 2243/2243/2243 2289/2289/2289 2290/2290/2290
f 2232/2232/2232 2250/2250/2250 2282/2282/2282
f 2282/2282/2282 2283/2283/2283 2232/2232/2232
f 2298/2298/2298 2299/2299/2299 2233/2233/2233 2234/2234/2234
f 2335/2335/2335 2302/2302/2302 2303/2303/2303 2336/2336/2336
f 2333/2333/2333 2334/2334/2334 2337/2337/2337 2338/2338/2338
f 2334/2334/2334 2335/2335/2335 2336/2336/2336 2337/2337/2337
f 2331/2331/2331 2332/2332/2332 2339/2339/2339 2340/2340/2340
f 2329/2329/2329 2330/2330/2330 2341/2341/2341 2342/2342/2342
f 2330/2330/2330 2331/2331/2331 2340/2340/2340 2341/2341/2341
f 2332/2332/2332 2333/2333/2333 2338/2338/2338 2339/2339/2339
f 2327/2327/2327 2328/2328/2328 2343/2343/2343 2344/2344/2344
f 2325/2325/2325 2326/2326/2326 2345/2345/2345 2346/2346/2346
f 2326/2326/2326 2327/2327/2327 2344/2344/2344 2345/2345/2345
f 2323/2323/2323 2324/2324/2324 2347/2347/2347 2348/2348/2348
f 2321/2321/2321 2322/2322/2322 2349/2349/2349 2350/2350/2350
f 2320/2320/2320 2321/2321/2321 2350/2350/2350 2351/2351/2351
f 2322/2322/2322 2323/2323/2323 2348/2348/2348 2349/2349/2349
f 2324/2324/2324 2325/2325/2325 2346/2346/2346 2347/2347/2347
f 2328/2328/2328 2329/2329/2329 2342/2342/2342 2343/2343/2343
f 2318/2318/2318 2319/2319/2319 2352/2352/2352 2353/2353/2353
f 2316/2316/2316 2317/2317/2317 2354/2354/2354 2355/2355/2355
f 2317/2317/2317 2318/2318/2318 2353/2353/2353 2354/2354/2354
f 2314/2314/2314 2315/2315/2315 2356/2356/2356 2357/2357/2357
f 2312/2312/2312 2313/2313/2313 2358/2358/2358 2359/2359/2359
f 2313/2313/2313 2314/2314/2314 2357/2357/2357 2358/2358/2358
f 2315/2315/2315 2316/2316/2316 2355/2355/2355 2356/2356/2356
f 2310/2310/2310 2311/2311/2311 2360/2360/2360 2361/2361/2361
f 2308/2308/2308 2309/2309/2309 2362/2362/2362 2363/2363/2363
f 2309/2309/2309 2310/2310/2310 2361/2361/2361 2362/2362/2362
f 2306/2306/2306 2307/2307/2307 2364/2364/2364 2365/2365/2365
f 2304/2304/2304 2305/2305/2305 2366/2366/2366 2367/2367/2367
f 2301/2301/2301 2304/2304/2304 2367/2367/2367 2300/2300/2300
f 2305/2305/2305 2306/2306/2306 2365/2365/2365 2366/2366/2366
f 2307/2307/2307 2308/2308/2308 2363/2363/2363 2364/2364/2364
f 2311/2311/2311 2312/2312/2312 2359/2359/2359 2360/2360/2360
f 2319/2319/2319 2320/2320/2320 2351/2351/2351 2352/2352/2352
f 2436/2436/2436 2403/2403/2403 2368/2368/2368 2371/2371/2371
f 2434/2434/2434 2435/2435/2435 2372/2372/2372 2373/2373/2373
f 2435/2435/2435 2436/2436/2436 2371/2371/2371 2372/2372/2372
f 2432/2432/2432 2433/2433/2433 2374/2374/2374 2375/2375/2375
f 2430/2430/2430 2431/2431/2431 2376/2376/2376 2377/2377/2377
f 2431/2431/2431 2432/2432/2432 2375/2375/2375 2376/2376/2376
f 2433/2433/2433 2434/2434/2434 2373/2373/2373 2374/2374/2374
f 2428/2428/2428 2429/2429/2429 2378/2378/2378 2379/2379/2379
f 2426/2426/2426 2427/2427/2427 2380/2380/2380 2381/2381/2381
f 2427/2427/2427 2428/2428/2428 2379/2379/2379 2380/2380/2380
f 2424/2424/2424 2425/2425/2425 2382/2382/2382 2383/2383/2383
f 2422/2422/2422 2423/2423/2423 2384/2384/2384 2385/2385/2385
f 2421/2421/2421 2422/2422/2422 2385/2385/2385 2386/2386/2386
f 2423/2423/2423 2424/2424/2424 2383/2383/2383 2384/2384/2384
f 2425/2425/2425 2426/2426/2426 2381/2381/2381 2382/2382/2382
f 2429/2429/2429 2430/2430/2430 2377/2377/2377 2378/2378/2378
f 2419/2419/2419 2420/2420/2420 2387/2387/2387 2388/2388/2388
f 2417/2417/2417 2418/2418/2418 2389/2389/2389 2390/2390/2390
f 2418/2418/2418 2419/2419/2419 2388/2388/2388 2389/2389/2389
f 2415/2415/2415 2416/2416/2416 2391/2391/2391 2392/2392/2392
f 2413/2413/2413 2414/2414/2414 2393/2393/2393 2394/2394/2394
f 2414/2414/2414 2415/2415/2415 2392/2392/2392 2393/2393/2393
f 2416/2416/2416 2417/2417/2417 2390/2390/2390 2391/2391/2391
f 2411/2411/2411 2412/2412/2412 2395/2395/2395 2396/2396/2396
f 2409/2409/2409 2410/2410/2410 2397/2397/2397 2398/2398/2398
f 2410/2410/2410 2411/2411/2411 2396/2396/2396 2397/2397/2397
f 2407/2407/2407 2408/2408/2408 2399/2399/2399 2400/2400/2400
f 2405/2405/2405 2406/2406/2406 2401/2401/2401 2402/2402/2402
f 2404/2404/2404 2405/2405/2405 2402/2402/2402 2370/2370/2370
f 2406/2406/2406 2407/2407/2407 2400/2400/2400 2401/2401/2401
f 2408/2408/2408 2409/2409/2409 2398/2398/2398 2399/2399/2399
f 2412/2412/2412 2413/2413/2413 2394/2394/2394 2395/2395/2395
f 2420/2420/2420 2421/2421/2421 2369/2369/2369
f 2420/2420/2420 2369/2369/2369 2387/2387/2387
f 2421/2421/2421 2386/2386/2386 2369/2369/2369
