# Rhino

mtllib Lab_7.mtl
usemtl Default
v -2370 2340 -10
v -2370 2330 -10
v -2550 2340 -10
v -2550 2330 -10
v -2730 2340 -10
v -2730 2330 -10
v -2415 2340 -10
v -2460 2340 -10
v -2505 2340 -10
v -2595 2340 -10
v -2640 2340 -10
v -2685 2340 -10
v -2685 2330 -10
v -2640 2330 -10
v -2595 2330 -10
v -2505 2330 -10
v -2460 2330 -10
v -2415 2330 -10
v -2370 2340 -1010
v -2370 2330 -1010
v -2370 2340 -10
v -2370 2330 -10
v -2370 2340 -966.521728515625
v -2370 2340 -923.04345703125
v -2370 2340 -879.56524658203125
v -2370 2340 -836.08697509765625
v -2370 2340 -792.60870361328125
v -2370 2340 -749.13043212890625
v -2370 2340 -705.65216064453125
v -2370 2340 -662.17388916015625
v -2370 2340 -618.6956787109375
v -2370 2340 -575.2174072265625
v -2370 2340 -531.7391357421875
v -2370 2340 -488.2608642578125
v -2370 2340 -444.78262329101562
v -2370 2340 -401.30435180664062
v -2370 2340 -357.82608032226562
v -2370 2340 -314.34783935546875
v -2370 2340 -270.86956787109375
v -2370 2340 -227.39131164550781
v -2370 2340 -183.91304016113281
v -2370 2340 -140.43478393554688
v -2370 2340 -96.956520080566406
v -2370 2340 -53.478260040283203
v -2370 2330 -53.478260040283203
v -2370 2330 -96.956520080566406
v -2370 2330 -140.43478393554688
v -2370 2330 -183.91304016113281
v -2370 2330 -227.39131164550781
v -2370 2330 -270.86956787109375
v -2370 2330 -314.34783935546875
v -2370 2330 -357.82608032226562
v -2370 2330 -401.30435180664062
v -2370 2330 -444.78262329101562
v -2370 2330 -488.2608642578125
v -2370 2330 -531.7391357421875
v -2370 2330 -575.2174072265625
v -2370 2330 -618.6956787109375
v -2370 2330 -662.17388916015625
v -2370 2330 -705.65216064453125
v -2370 2330 -749.13043212890625
v -2370 2330 -792.60870361328125
v -2370 2330 -836.08697509765625
v -2370 2330 -879.56524658203125
v -2370 2330 -923.04345703125
v -2370 2330 -966.521728515625
v -2370 2330 -10
v -2370 2330 -1010
v -2730 2330 -10
v -2730 2330 -1010
v -2415 2330 -10
v -2460 2330 -10
v -2505 2330 -10
v -2550 2330 -10
v -2595 2330 -10
v -2640 2330 -10
v -2685 2330 -10
v -2550 2330 -1010
v -2550 2330 -510
v -2550 2330 -260
v -2460 2330 -510
v -2460 2330 -260
v -2460 2330 -135
v -2415 2330 -260
v -2415 2330 -135
v -2550 2330 -135
v -2505 2330 -260
v -2505 2330 -135
v -2640 2330 -510
v -2640 2330 -260
v -2640 2330 -135
v -2595 2330 -260
v -2595 2330 -135
v -2685 2330 -260
v -2685 2330 -135
v -2370 2330 -966.521728515625
v -2370 2330 -923.04345703125
v -2370 2330 -879.56524658203125
v -2370 2330 -836.08697509765625
v -2370 2330 -792.60870361328125
v -2370 2330 -749.13043212890625
v -2370 2330 -705.65216064453125
v -2370 2330 -662.17388916015625
v -2370 2330 -618.6956787109375
v -2370 2330 -575.2174072265625
v -2370 2330 -531.7391357421875
v -2370 2330 -488.2608642578125
v -2370 2330 -444.78262329101562
v -2370 2330 -401.30435180664062
v -2370 2330 -357.82608032226562
v -2370 2330 -314.34783935546875
v -2370 2330 -270.86956787109375
v -2370 2330 -227.39131164550781
v -2370 2330 -183.91304016113281
v -2370 2330 -140.43478393554688
v -2370 2330 -96.956520080566406
v -2370 2330 -53.478260040283203
v -2550 2330 -760
v -2460 2330 -1010
v -2460 2330 -760
v -2460 2330 -885
v -2415 2330 -1010
v -2415 2330 -760
v -2415 2330 -885
v -2460 2330 -635
v -2415 2330 -510
v -2415 2330 -635
v -2460 2330 -385
v -2415 2330 -385
v -2730 2330 -51.666667938232422
v -2730 2330 -93.333335876464844
v -2730 2330 -135
v -2730 2330 -176.66667175292969
v -2730 2330 -218.33332824707031
v -2730 2330 -260
v -2730 2330 -301.66665649414062
v -2730 2330 -343.33334350585938
v -2730 2330 -385
v -2730 2330 -426.66665649414062
v -2730 2330 -468.33334350585938
v -2730 2330 -510
v -2730 2330 -551.66668701171875
v -2730 2330 -593.33331298828125
v -2730 2330 -635
v -2730 2330 -676.66668701171875
v -2730 2330 -718.33331298828125
v -2730 2330 -760
v -2730 2330 -801.66668701171875
v -2730 2330 -843.33331298828125
v -2730 2330 -885
v -2730 2330 -926.66668701171875
v -2730 2330 -968.33331298828125
v -2685 2330 -510
v -2640 2330 -385
v -2685 2330 -385
v -2640 2330 -1010
v -2640 2330 -760
v -2685 2330 -760
v -2640 2330 -635
v -2685 2330 -635
v -2685 2330 -1010
v -2640 2330 -885
v -2685 2330 -885
v -2595 2330 -1010
v -2505 2330 -1010
v -2550 2330 -885
v -2595 2330 -760
v -2595 2330 -885
v -2505 2330 -760
v -2505 2330 -885
v -2730 2340 -1010
v -2730 2330 -1010
v -2550 2340 -1010
v -2550 2330 -1010
v -2370 2340 -1010
v -2370 2330 -1010
v -2685 2340 -1010
v -2640 2340 -1010
v -2595 2340 -1010
v -2505 2340 -1010
v -2460 2340 -1010
v -2415 2340 -1010
v -2415 2330 -1010
v -2460 2330 -1010
v -2505 2330 -1010
v -2595 2330 -1010
v -2640 2330 -1010
v -2685 2330 -1010
v -2370 2340 -10
v -2370 2340 -1010
v -2730 2340 -10
v -2730 2340 -1010
v -2415 2340 -10
v -2460 2340 -10
v -2505 2340 -10
v -2550 2340 -10
v -2595 2340 -10
v -2640 2340 -10
v -2685 2340 -10
v -2550 2340 -1010
v -2550 2340 -510
v -2550 2340 -260
v -2460 2340 -510
v -2460 2340 -260
v -2460 2340 -135
v -2415 2340 -260
v -2415 2340 -135
v -2550 2340 -135
v -2505 2340 -260
v -2505 2340 -135
v -2730 2340 -260
v -2640 2340 -510
v -2640 2340 -260
v -2640 2340 -135
v -2595 2340 -260
v -2595 2340 -135
v -2730 2340 -135
v -2685 2340 -260
v -2685 2340 -135
v -2370 2340 -966.521728515625
v -2370 2340 -923.04345703125
v -2370 2340 -879.56524658203125
v -2370 2340 -836.08697509765625
v -2370 2340 -792.60870361328125
v -2370 2340 -749.13043212890625
v -2370 2340 -705.65216064453125
v -2370 2340 -662.17388916015625
v -2370 2340 -618.6956787109375
v -2370 2340 -575.2174072265625
v -2370 2340 -531.7391357421875
v -2370 2340 -488.2608642578125
v -2370 2340 -444.78262329101562
v -2370 2340 -401.30435180664062
v -2370 2340 -357.82608032226562
v -2370 2340 -314.34783935546875
v -2370 2340 -270.86956787109375
v -2370 2340 -227.39131164550781
v -2370 2340 -183.91304016113281
v -2370 2340 -140.43478393554688
v -2370 2340 -96.956520080566406
v -2370 2340 -53.478260040283203
v -2550 2340 -760
v -2460 2340 -1010
v -2460 2340 -760
v -2460 2340 -885
v -2415 2340 -1010
v -2415 2340 -760
v -2415 2340 -885
v -2460 2340 -635
v -2415 2340 -510
v -2415 2340 -635
v -2460 2340 -385
v -2415 2340 -385
v -2730 2340 -51.666667938232422
v -2730 2340 -93.333335876464844
v -2730 2340 -176.66667175292969
v -2730 2340 -218.33332824707031
v -2730 2340 -301.66665649414062
v -2730 2340 -343.33334350585938
v -2730 2340 -385
v -2730 2340 -426.66665649414062
v -2730 2340 -468.33334350585938
v -2730 2340 -510
v -2730 2340 -551.66668701171875
v -2730 2340 -593.33331298828125
v -2730 2340 -635
v -2730 2340 -676.66668701171875
v -2730 2340 -718.33331298828125
v -2730 2340 -760
v -2730 2340 -801.66668701171875
v -2730 2340 -843.33331298828125
v -2730 2340 -885
v -2730 2340 -926.66668701171875
v -2730 2340 -968.33331298828125
v -2685 2340 -510
v -2640 2340 -385
v -2685 2340 -385
v -2640 2340 -1010
v -2640 2340 -760
v -2685 2340 -760
v -2640 2340 -635
v -2685 2340 -635
v -2685 2340 -1010
v -2640 2340 -885
v -2685 2340 -885
v -2595 2340 -1010
v -2505 2340 -1010
v -2550 2340 -885
v -2595 2340 -760
v -2595 2340 -885
v -2505 2340 -760
v -2505 2340 -885
v -2730 2340 -1010
v -2730 2340 -10
v -2730 2330 -10
v -2730 2330 -1010
v -2730 2340 -968.33331298828125
v -2730 2340 -926.66668701171875
v -2730 2340 -885
v -2730 2340 -843.33331298828125
v -2730 2340 -801.66668701171875
v -2730 2340 -760
v -2730 2340 -718.33331298828125
v -2730 2340 -676.66668701171875
v -2730 2340 -635
v -2730 2340 -593.33331298828125
v -2730 2340 -551.66668701171875
v -2730 2340 -510
v -2730 2340 -468.33334350585938
v -2730 2340 -426.66665649414062
v -2730 2340 -385
v -2730 2340 -343.33334350585938
v -2730 2340 -301.66665649414062
v -2730 2340 -260
v -2730 2340 -218.33332824707031
v -2730 2340 -176.66667175292969
v -2730 2340 -135
v -2730 2340 -93.333335876464844
v -2730 2340 -51.666667938232422
v -2730 2330 -51.666667938232422
v -2730 2330 -93.333335876464844
v -2730 2330 -135
v -2730 2330 -176.66667175292969
v -2730 2330 -218.33332824707031
v -2730 2330 -260
v -2730 2330 -301.66665649414062
v -2730 2330 -343.33334350585938
v -2730 2330 -385
v -2730 2330 -426.66665649414062
v -2730 2330 -468.33334350585938
v -2730 2330 -510
v -2730 2330 -551.66668701171875
v -2730 2330 -593.33331298828125
v -2730 2330 -635
v -2730 2330 -676.66668701171875
v -2730 2330 -718.33331298828125
v -2730 2330 -760
v -2730 2330 -801.66668701171875
v -2730 2330 -843.33331298828125
v -2730 2330 -885
v -2730 2330 -926.66668701171875
v -2730 2330 -968.33331298828125
vt 0.019417475908994675 0.013513513840734959
vt 0.019417475908994675 0.023222250863909721
vt 0.19417475163936615 0.013513513840734959
vt 0.19417475163936615 0.023222250863909721
vt 0.36893203854560852 0.013513513840734959
vt 0.36893203854560852 0.023222250863909721
vt 0.063106797635555267 0.013513513840734959
vt 0.10679611563682556 0.013513513840734959
vt 0.15048544108867645 0.013513513840734959
vt 0.23786407709121704 0.013513513840734959
vt 0.28155338764190674 0.013513513840734959
vt 0.32524272799491882 0.013513513840734959
vt 0.32524272799491882 0.023222250863909721
vt 0.28155338764190674 0.023222250863909721
vt 0.23786407709121704 0.023222250863909721
vt 0.15048544108867645 0.023222250863909721
vt 0.10679611563682556 0.023222250863909721
vt 0.063106797635555267 0.023222250863909721
vt 0.0082438942044973373 0
vt 0 0
vt 0.0082438942044973373 0.97087377309799194
vt 0 0.97087377309799194
vt 0.0082438942044973373 0.042211905121803284
vt 0.0082438942044973373 0.084423810243606567
vt 0.0082438942044973373 0.12663571536540985
vt 0.0082438942044973373 0.16884762048721313
vt 0.0082438942044973373 0.21105951070785522
vt 0.0082438942044973373 0.2532714307308197
vt 0.0082438942044973373 0.29548332095146179
vt 0.0082438942044973373 0.33769524097442627
vt 0.0082438942044973373 0.37990713119506836
vt 0.0082438942044973373 0.42211902141571045
vt 0.0082438942044973373 0.46433094143867493
vt 0.0082438942044973373 0.5065428614616394
vt 0.0082438942044973373 0.54875475168228149
vt 0.0082438942044973373 0.59096664190292358
vt 0.0082438942044973373 0.63317859172821045
vt 0.0082438942044973373 0.67539048194885254
vt 0.0082438942044973373 0.71760237216949463
vt 0.0082438942044973373 0.75981426239013672
vt 0.0082438942044973373 0.80202615261077881
vt 0.0082438942044973373 0.8442380428314209
vt 0.0082438942044973373 0.88644999265670776
vt 0.0082438942044973373 0.92866188287734985
vt 0 0.92866188287734985
vt 0 0.88644999265670776
vt 0 0.8442380428314209
vt 0 0.80202615261077881
vt 0 0.75981426239013672
vt 0 0.71760237216949463
vt 0 0.67539048194885254
vt 0 0.63317859172821045
vt 0 0.59096664190292358
vt 0 0.54875475168228149
vt 0 0.5065428614616394
vt 0 0.46433094143867493
vt 0 0.42211902141571045
vt 0 0.37990713119506836
vt 0 0.33769524097442627
vt 0 0.29548332095146179
vt 0 0.2532714307308197
vt 0 0.21105951070785522
vt 0 0.16884762048721313
vt 0 0.12663571536540985
vt 0 0.084423810243606567
vt 0 0.042211905121803284
vt 0.98882639408111572 0.51351350545883179
vt 0.019417475908994675 0.51351350545883179
vt 0.98882639408111572 0.86302804946899414
vt 0.019417475908994675 0.86302804946899414
vt 0.98882639408111572 0.55720281600952148
vt 0.98882639408111572 0.60089212656021118
vt 0.98882639408111572 0.64458149671554565
vt 0.98882639408111572 0.68827080726623535
vt 0.98882639408111572 0.73196011781692505
vt 0.98882639408111572 0.77564942836761475
vt 0.98882639408111572 0.81933873891830444
vt 0.019417475908994675 0.68827080726623535
vt 0.50412195920944214 0.68827080726623535
vt 0.74647420644760132 0.68827080726623535
vt 0.50412195920944214 0.60089212656021118
vt 0.74647420644760132 0.60089212656021118
vt 0.86765033006668091 0.60089212656021118
vt 0.74647420644760132 0.55720281600952148
vt 0.86765033006668091 0.55720281600952148
vt 0.86765033006668091 0.68827080726623535
vt 0.74647420644760132 0.64458149671554565
vt 0.86765033006668091 0.64458149671554565
vt 0.50412195920944214 0.77564942836761475
vt 0.74647420644760132 0.77564942836761475
vt 0.86765033006668091 0.77564942836761475
vt 0.74647420644760132 0.73196011781692505
vt 0.86765033006668091 0.73196011781692505
vt 0.74647420644760132 0.81933873891830444
vt 0.86765033006668091 0.81933873891830444
vt 0.061565682291984558 0.51351350545883179
vt 0.10371388494968414 0.51351350545883179
vt 0.1458621472120285 0.51351350545883179
vt 0.18801034986972809 0.51351350545883179
vt 0.23015855252742767 0.51351350545883179
vt 0.27230677008628845 0.51351350545883179
vt 0.31445497274398804 0.51351350545883179
vt 0.35660317540168762 0.51351350545883179
vt 0.39875143766403198 0.51351350545883179
vt 0.44089964032173157 0.51351350545883179
vt 0.48304784297943115 0.51351350545883179
vt 0.52519607543945312 0.51351350545883179
vt 0.5673443078994751 0.51351350545883179
vt 0.60949248075485229 0.51351350545883179
vt 0.65164071321487427 0.51351350545883179
vt 0.69378894567489624 0.51351350545883179
vt 0.73593711853027344 0.51351350545883179
vt 0.77808535099029541 0.51351350545883179
vt 0.82023358345031738 0.51351350545883179
vt 0.86238175630569458 0.51351350545883179
vt 0.90452998876571655 0.51351350545883179
vt 0.94667822122573853 0.51351350545883179
vt 0.26176971197128296 0.68827080726623535
vt 0.019417475908994675 0.60089212656021118
vt 0.26176971197128296 0.60089212656021118
vt 0.14059358835220337 0.60089212656021118
vt 0.019417475908994675 0.55720281600952148
vt 0.26176971197128296 0.55720281600952148
vt 0.14059358835220337 0.55720281600952148
vt 0.38294583559036255 0.60089212656021118
vt 0.50412195920944214 0.55720281600952148
vt 0.38294583559036255 0.55720281600952148
vt 0.62529808282852173 0.60089212656021118
vt 0.62529808282852173 0.55720281600952148
vt 0.94843435287475586 0.86302804946899414
vt 0.908042311668396 0.86302804946899414
vt 0.86765033006668091 0.86302804946899414
vt 0.82725822925567627 0.86302804946899414
vt 0.78686624765396118 0.86302804946899414
vt 0.74647420644760132 0.86302804946899414
vt 0.70608216524124146 0.86302804946899414
vt 0.66569012403488159 0.86302804946899414
vt 0.62529808282852173 0.86302804946899414
vt 0.58490604162216187 0.86302804946899414
vt 0.544514000415802 0.86302804946899414
vt 0.50412195920944214 0.86302804946899414
vt 0.46372988820075989 0.86302804946899414
vt 0.42333787679672241 0.86302804946899414
vt 0.38294583559036255 0.86302804946899414
vt 0.3425537645816803 0.86302804946899414
vt 0.30216178297996521 0.86302804946899414
vt 0.26176971197128296 0.86302804946899414
vt 0.2213776558637619 0.86302804946899414
vt 0.18098565936088562 0.86302804946899414
vt 0.14059358835220337 0.86302804946899414
vt 0.10020153224468231 0.86302804946899414
vt 0.05980953574180603 0.86302804946899414
vt 0.50412195920944214 0.81933873891830444
vt 0.62529808282852173 0.77564942836761475
vt 0.62529808282852173 0.81933873891830444
vt 0.019417475908994675 0.77564942836761475
vt 0.26176971197128296 0.77564942836761475
vt 0.26176971197128296 0.81933873891830444
vt 0.38294583559036255 0.77564942836761475
vt 0.38294583559036255 0.81933873891830444
vt 0.019417475908994675 0.81933873891830444
vt 0.14059358835220337 0.77564942836761475
vt 0.14059358835220337 0.81933873891830444
vt 0.019417475908994675 0.73196011781692505
vt 0.019417475908994675 0.64458149671554565
vt 0.14059358835220337 0.68827080726623535
vt 0.26176971197128296 0.73196011781692505
vt 0.14059358835220337 0.73196011781692505
vt 0.26176971197128296 0.64458149671554565
vt 0.14059358835220337 0.64458149671554565
vt 0.019417475908994675 0
vt 0.019417475908994675 0.0097087379544973373
vt 0.19417475163936615 0
vt 0.19417475163936615 0.0097087379544973373
vt 0.36893203854560852 0
vt 0.36893203854560852 0.0097087379544973373
vt 0.063106797635555267 0
vt 0.10679611563682556 0
vt 0.15048544108867645 0
vt 0.23786407709121704 0
vt 0.28155338764190674 0
vt 0.32524272799491882 0
vt 0.32524272799491882 0.0097087379544973373
vt 0.28155338764190674 0.0097087379544973373
vt 0.23786407709121704 0.0097087379544973373
vt 0.15048544108867645 0.0097087379544973373
vt 0.10679611563682556 0.0097087379544973373
vt 0.063106797635555267 0.0097087379544973373
vt 0.98882639408111572 0.027027027681469917
vt 0.019417475908994675 0.027027027681469917
vt 0.98882639408111572 0.37654158473014832
vt 0.019417475908994675 0.37654158473014832
vt 0.98882639408111572 0.070716343820095062
vt 0.98882639408111572 0.11440566927194595
vt 0.98882639408111572 0.15809498727321625
vt 0.98882639408111572 0.20178431272506714
vt 0.98882639408111572 0.24547362327575684
vt 0.98882639408111572 0.28916296362876892
vt 0.98882639408111572 0.33285227417945862
vt 0.019417475908994675 0.20178431272506714
vt 0.50412195920944214 0.20178431272506714
vt 0.74647420644760132 0.20178431272506714
vt 0.50412195920944214 0.11440566927194595
vt 0.74647420644760132 0.11440566927194595
vt 0.86765033006668091 0.11440566927194595
vt 0.74647420644760132 0.070716343820095062
vt 0.86765033006668091 0.070716343820095062
vt 0.86765033006668091 0.20178431272506714
vt 0.74647420644760132 0.15809498727321625
vt 0.86765033006668091 0.15809498727321625
vt 0.74647420644760132 0.37654158473014832
vt 0.50412195920944214 0.28916296362876892
vt 0.74647420644760132 0.28916296362876892
vt 0.86765033006668091 0.28916296362876892
vt 0.74647420644760132 0.24547362327575684
vt 0.86765033006668091 0.24547362327575684
vt 0.86765033006668091 0.37654158473014832
vt 0.74647420644760132 0.33285227417945862
vt 0.86765033006668091 0.33285227417945862
vt 0.061565682291984558 0.027027027681469917
vt 0.10371388494968414 0.027027027681469917
vt 0.1458621472120285 0.027027027681469917
vt 0.18801034986972809 0.027027027681469917
vt 0.23015855252742767 0.027027027681469917
vt 0.27230677008628845 0.027027027681469917
vt 0.31445497274398804 0.027027027681469917
vt 0.35660317540168762 0.027027027681469917
vt 0.39875143766403198 0.027027027681469917
vt 0.44089964032173157 0.027027027681469917
vt 0.48304784297943115 0.027027027681469917
vt 0.52519607543945312 0.027027027681469917
vt 0.5673443078994751 0.027027027681469917
vt 0.60949248075485229 0.027027027681469917
vt 0.65164071321487427 0.027027027681469917
vt 0.69378894567489624 0.027027027681469917
vt 0.73593711853027344 0.027027027681469917
vt 0.77808535099029541 0.027027027681469917
vt 0.82023358345031738 0.027027027681469917
vt 0.86238175630569458 0.027027027681469917
vt 0.90452998876571655 0.027027027681469917
vt 0.94667822122573853 0.027027027681469917
vt 0.26176971197128296 0.20178431272506714
vt 0.019417475908994675 0.11440566927194595
vt 0.26176971197128296 0.11440566927194595
vt 0.14059358835220337 0.11440566927194595
vt 0.019417475908994675 0.070716343820095062
vt 0.26176971197128296 0.070716343820095062
vt 0.14059358835220337 0.070716343820095062
vt 0.38294583559036255 0.11440566927194595
vt 0.50412195920944214 0.070716343820095062
vt 0.38294583559036255 0.070716343820095062
vt 0.62529808282852173 0.11440566927194595
vt 0.62529808282852173 0.070716343820095062
vt 0.94843435287475586 0.37654158473014832
vt 0.908042311668396 0.37654158473014832
vt 0.82725822925567627 0.37654158473014832
vt 0.78686624765396118 0.37654158473014832
vt 0.70608216524124146 0.37654158473014832
vt 0.66569012403488159 0.37654158473014832
vt 0.62529808282852173 0.37654158473014832
vt 0.58490604162216187 0.37654158473014832
vt 0.544514000415802 0.37654158473014832
vt 0.50412195920944214 0.37654158473014832
vt 0.46372988820075989 0.37654158473014832
vt 0.42333787679672241 0.37654158473014832
vt 0.38294583559036255 0.37654158473014832
vt 0.3425537645816803 0.37654158473014832
vt 0.30216178297996521 0.37654158473014832
vt 0.26176971197128296 0.37654158473014832
vt 0.2213776558637619 0.37654158473014832
vt 0.18098565936088562 0.37654158473014832
vt 0.14059358835220337 0.37654158473014832
vt 0.10020153224468231 0.37654158473014832
vt 0.05980953574180603 0.37654158473014832
vt 0.50412195920944214 0.33285227417945862
vt 0.62529808282852173 0.28916296362876892
vt 0.62529808282852173 0.33285227417945862
vt 0.019417475908994675 0.28916296362876892
vt 0.26176971197128296 0.28916296362876892
vt 0.26176971197128296 0.33285227417945862
vt 0.38294583559036255 0.28916296362876892
vt 0.38294583559036255 0.33285227417945862
vt 0.019417475908994675 0.33285227417945862
vt 0.14059358835220337 0.28916296362876892
vt 0.14059358835220337 0.33285227417945862
vt 0.019417475908994675 0.24547362327575684
vt 0.019417475908994675 0.15809498727321625
vt 0.14059358835220337 0.20178431272506714
vt 0.26176971197128296 0.24547362327575684
vt 0.14059358835220337 0.24547362327575684
vt 0.26176971197128296 0.15809498727321625
vt 0.14059358835220337 0.15809498727321625
vt 0.017952632158994675 0
vt 0.017952632158994675 0.96945160627365112
vt 0.0097087379544973373 0.96945160627365112
vt 0.0097087379544973373 0
vt 0.017952632158994675 0.040393814444541931
vt 0.017952632158994675 0.080787628889083862
vt 0.017952632158994675 0.12118145078420639
vt 0.017952632158994675 0.16157525777816772
vt 0.017952632158994675 0.20196908712387085
vt 0.017952632158994675 0.24236290156841278
vt 0.017952632158994675 0.2827567458152771
vt 0.017952632158994675 0.32315051555633545
vt 0.017952632158994675 0.36354434490203857
vt 0.017952632158994675 0.4039381742477417
vt 0.017952632158994675 0.44433197379112244
vt 0.017952632158994675 0.48472580313682556
vt 0.017952632158994675 0.52511966228485107
vt 0.017952632158994675 0.5655134916305542
vt 0.017952632158994675 0.60590726137161255
vt 0.017952632158994675 0.6463010311126709
vt 0.017952632158994675 0.68669486045837402
vt 0.017952632158994675 0.72708868980407715
vt 0.017952632158994675 0.76748251914978027
vt 0.017952632158994675 0.8078763484954834
vt 0.017952632158994675 0.84827011823654175
vt 0.017952632158994675 0.88866394758224487
vt 0.017952632158994675 0.929057776927948
vt 0.0097087379544973373 0.929057776927948
vt 0.0097087379544973373 0.88866394758224487
vt 0.0097087379544973373 0.84827011823654175
vt 0.0097087379544973373 0.8078763484954834
vt 0.0097087379544973373 0.76748251914978027
vt 0.0097087379544973373 0.72708868980407715
vt 0.0097087379544973373 0.68669486045837402
vt 0.0097087379544973373 0.6463010311126709
vt 0.0097087379544973373 0.60590726137161255
vt 0.0097087379544973373 0.5655134916305542
vt 0.0097087379544973373 0.52511966228485107
vt 0.0097087379544973373 0.48472580313682556
vt 0.0097087379544973373 0.44433197379112244
vt 0.0097087379544973373 0.4039381742477417
vt 0.0097087379544973373 0.36354434490203857
vt 0.0097087379544973373 0.32315051555633545
vt 0.0097087379544973373 0.2827567458152771
vt 0.0097087379544973373 0.24236290156841278
vt 0.0097087379544973373 0.20196908712387085
vt 0.0097087379544973373 0.16157525777816772
vt 0.0097087379544973373 0.12118145078420639
vt 0.0097087379544973373 0.080787628889083862
vt 0.0097087379544973373 0.040393814444541931
vn 0 0 1
vn 0 0 1
vn 0 0 1
vn 0 0 1
vn 0 0 1
vn 0 0 1
vn 0 0 1
vn 0 0 1
vn 0 0 1
vn 0 0 1
vn 0 0 1
vn 0 0 1
vn 0 0 1
vn 0 0 1
vn 0 0 1
vn 0 0 1
vn 0 0 1
vn 0 0 1
vn 1 0 0
vn 1 0 0
vn 1 0 0
vn 1 0 0
vn 1 0 0
vn 1 0 0
vn 1 0 0
vn 1 0 0
vn 1 0 0
vn 1 0 0
vn 1 0 0
vn 1 0 0
vn 1 0 0
vn 1 0 0
vn 1 0 0
vn 1 0 0
vn 1 0 0
vn 1 0 0
vn 1 0 0
vn 1 0 0
vn 1 0 0
vn 1 0 0
vn 1 0 0
vn 1 0 0
vn 1 0 0
vn 1 0 0
vn 1 0 0
vn 1 0 0
vn 1 0 0
vn 1 0 0
vn 1 0 0
vn 1 0 0
vn 1 0 0
vn 1 0 0
vn 1 0 0
vn 1 0 0
vn 1 0 0
vn 1 0 0
vn 1 0 0
vn 1 0 0
vn 1 0 0
vn 1 0 0
vn 1 0 0
vn 1 0 0
vn 1 0 0
vn 1 0 0
vn 1 0 0
vn 1 0 0
vn 0 -1 0
vn 0 -1 0
vn 0 -1 0
vn 0 -1 0
vn 0 -1 0
vn 0 -1 0
vn 0 -1 0
vn 0 -1 0
vn 0 -1 0
vn 0 -1 0
vn 0 -1 0
vn 0 -1 0
vn 0 -1 0
vn 0 -1 0
vn 0 -1 0
vn 0 -1 0
vn 0 -1 0
vn 0 -1 0
vn 0 -1 0
vn 0 -1 0
vn 0 -1 0
vn 0 -1 0
vn 0 -1 0
vn 0 -1 0
vn 0 -1 0
vn 0 -1 0
vn 0 -1 0
vn 0 -1 0
vn 0 -1 0
vn 0 -1 0
vn 0 -1 0
vn 0 -1 0
vn 0 -1 0
vn 0 -1 0
vn 0 -1 0
vn 0 -1 0
vn 0 -1 0
vn 0 -1 0
vn 0 -1 0
vn 0 -1 0
vn 0 -1 0
vn 0 -1 0
vn 0 -1 0
vn 0 -1 0
vn 0 -1 0
vn 0 -1 0
vn 0 -1 0
vn 0 -1 0
vn 0 -1 0
vn 0 -1 0
vn 0 -1 0
vn 0 -1 0
vn 0 -1 0
vn 0 -1 0
vn 0 -1 0
vn 0 -1 0
vn 0 -1 0
vn 0 -1 0
vn 0 -1 0
vn 0 -1 0
vn 0 -1 0
vn 0 -1 0
vn 0 -1 0
vn 0 -1 0
vn 0 -1 0
vn 0 -1 0
vn 0 -1 0
vn 0 -1 0
vn 0 -1 0
vn 0 -1 0
vn 0 -1 0
vn 0 -1 0
vn 0 -1 0
vn 0 -1 0
vn 0 -1 0
vn 0 -1 0
vn 0 -1 0
vn 0 -1 0
vn 0 -1 0
vn 0 -1 0
vn 0 -1 0
vn 0 -1 0
vn 0 -1 0
vn 0 -1 0
vn 0 -1 0
vn 0 -1 0
vn 0 -1 0
vn 0 -1 0
vn 0 -1 0
vn 0 -1 0
vn 0 -1 0
vn 0 -1 0
vn 0 -1 0
vn 0 -1 0
vn 0 -1 0
vn 0 -1 0
vn 0 -1 0
vn 0 -1 0
vn 0 -1 0
vn 0 -1 0
vn 0 -1 0
vn 0 -1 0
vn 0 -1 0
vn 0 -1 0
vn 0 0 -1
vn 0 0 -1
vn 0 0 -1
vn 0 0 -1
vn 0 0 -1
vn 0 0 -1
vn 0 0 -1
vn 0 0 -1
vn 0 0 -1
vn 0 0 -1
vn 0 0 -1
vn 0 0 -1
vn 0 0 -1
vn 0 0 -1
vn 0 0 -1
vn 0 0 -1
vn 0 0 -1
vn 0 0 -1
vn 0 1 0
vn 0 1 0
vn 0 1 0
vn 0 1 0
vn 0 1 0
vn 0 1 0
vn 0 1 0
vn 0 1 0
vn 0 1 0
vn 0 1 0
vn 0 1 0
vn 0 1 0
vn 0 1 0
vn 0 1 0
vn 0 1 0
vn 0 1 0
vn 0 1 0
vn 0 1 0
vn 0 1 0
vn 0 1 0
vn 0 1 0
vn 0 1 0
vn 0 1 0
vn 0 1 0
vn 0 1 0
vn 0 1 0
vn 0 1 0
vn 0 1 0
vn 0 1 0
vn 0 1 0
vn 0 1 0
vn 0 1 0
vn 0 1 0
vn 0 1 0
vn 0 1 0
vn 0 1 0
vn 0 1 0
vn 0 1 0
vn 0 1 0
vn 0 1 0
vn 0 1 0
vn 0 1 0
vn 0 1 0
vn 0 1 0
vn 0 1 0
vn 0 1 0
vn 0 1 0
vn 0 1 0
vn 0 1 0
vn 0 1 0
vn 0 1 0
vn 0 1 0
vn 0 1 0
vn 0 1 0
vn 0 1 0
vn 0 1 0
vn 0 1 0
vn 0 1 0
vn 0 1 0
vn 0 1 0
vn 0 1 0
vn 0 1 0
vn 0 1 0
vn 0 1 0
vn 0 1 0
vn 0 1 0
vn 0 1 0
vn 0 1 0
vn 0 1 0
vn 0 1 0
vn 0 1 0
vn 0 1 0
vn 0 1 0
vn 0 1 0
vn 0 1 0
vn 0 1 0
vn 0 1 0
vn 0 1 0
vn 0 1 0
vn 0 1 0
vn 0 1 0
vn 0 1 0
vn 0 1 0
vn 0 1 0
vn 0 1 0
vn 0 1 0
vn 0 1 0
vn 0 1 0
vn 0 1 0
vn 0 1 0
vn 0 1 0
vn 0 1 0
vn 0 1 0
vn 0 1 0
vn 0 1 0
vn 0 1 0
vn 0 1 0
vn 0 1 0
vn 0 1 0
vn 0 1 0
vn 0 1 0
vn 0 1 0
vn 0 1 0
vn 0 1 0
vn -1 0 0
vn -1 0 0
vn -1 0 0
vn -1 0 0
vn -1 0 0
vn -1 0 0
vn -1 0 0
vn -1 0 0
vn -1 0 0
vn -1 0 0
vn -1 0 0
vn -1 0 0
vn -1 0 0
vn -1 0 0
vn -1 0 0
vn -1 0 0
vn -1 0 0
vn -1 0 0
vn -1 0 0
vn -1 0 0
vn -1 0 0
vn -1 0 0
vn -1 0 0
vn -1 0 0
vn -1 0 0
vn -1 0 0
vn -1 0 0
vn -1 0 0
vn -1 0 0
vn -1 0 0
vn -1 0 0
vn -1 0 0
vn -1 0 0
vn -1 0 0
vn -1 0 0
vn -1 0 0
vn -1 0 0
vn -1 0 0
vn -1 0 0
vn -1 0 0
vn -1 0 0
vn -1 0 0
vn -1 0 0
vn -1 0 0
vn -1 0 0
vn -1 0 0
vn -1 0 0
vn -1 0 0
vn -1 0 0
vn -1 0 0
f 7/7/7 18/18/18 2/2/2 1/1/1
f 9/9/9 16/16/16 17/17/17 8/8/8
f 8/8/8 17/17/17 18/18/18 7/7/7
f 3/3/3 4/4/4 16/16/16 9/9/9
f 11/11/11 14/14/14 15/15/15 10/10/10
f 5/5/5 6/6/6 13/13/13 12/12/12
f 12/12/12 13/13/13 14/14/14 11/11/11
f 10/10/10 15/15/15 4/4/4 3/3/3
f 23/23/23 66/66/66 20/20/20 19/19/19
f 24/24/24 65/65/65 66/66/66 23/23/23
f 26/26/26 63/63/63 64/64/64 25/25/25
f 27/27/27 62/62/62 63/63/63 26/26/26
f 25/25/25 64/64/64 65/65/65 24/24/24
f 29/29/29 60/60/60 61/61/61 28/28/28
f 30/30/30 59/59/59 60/60/60 29/29/29
f 31/31/31 32/32/32 57/57/57 58/58/58
f 32/32/32 33/33/33 56/56/56 57/57/57
f 31/31/31 58/58/58 59/59/59 30/30/30
f 28/28/28 61/61/61 62/62/62 27/27/27
f 56/56/56 33/33/33 34/34/34 55/55/55
f 35/35/35 54/54/54 55/55/55 34/34/34
f 36/36/36 53/53/53 54/54/54 35/35/35
f 38/38/38 51/51/51 52/52/52 37/37/37
f 39/39/39 50/50/50 51/51/51 38/38/38
f 37/37/37 52/52/52 53/53/53 36/36/36
f 41/41/41 48/48/48 49/49/49 40/40/40
f 42/42/42 47/47/47 48/48/48 41/41/41
f 44/44/44 45/45/45 46/46/46 43/43/43
f 21/21/21 22/22/22 45/45/45 44/44/44
f 43/43/43 46/46/46 47/47/47 42/42/42
f 40/40/40 49/49/49 50/50/50 39/39/39
f 163/163/163 162/162/162 157/157/157 158/158/158
f 168/168/168 166/166/166 118/118/118 167/167/167
f 162/162/162 168/168/168 167/167/167 157/157/157
f 159/159/159 157/157/157 167/167/167
f 167/167/167 118/118/118 79/79/79
f 79/79/79 89/89/89 159/159/159
f 159/159/159 167/167/167 79/79/79
f 158/158/158 157/157/157 159/159/159 160/160/160
f 160/160/160 159/159/159 89/89/89 153/153/153
f 170/170/170 121/121/121 120/120/120 169/169/169
f 166/166/166 170/170/170 169/169/169 118/118/118
f 121/121/121 124/124/124 123/123/123 120/120/120
f 120/120/120 123/123/123 127/127/127 125/125/125
f 125/125/125 127/127/127 126/126/126 81/81/81
f 169/169/169 120/120/120 125/125/125
f 125/125/125 81/81/81 79/79/79
f 79/79/79 118/118/118 169/169/169
f 169/169/169 125/125/125 79/79/79
f 128/128/128 82/82/82 87/87/87
f 87/87/87 80/80/80 79/79/79
f 79/79/79 81/81/81 128/128/128
f 128/128/128 87/87/87 79/79/79
f 81/81/81 126/126/126 129/129/129 128/128/128
f 128/128/128 129/129/129 84/84/84 82/82/82
f 82/82/82 84/84/84 85/85/85 83/83/83
f 80/80/80 87/87/87 88/88/88 86/86/86
f 87/87/87 82/82/82 83/83/83 88/88/88
f 153/153/153 89/89/89 154/154/154 155/155/155
f 155/155/155 154/154/154 90/90/90 94/94/94
f 92/92/92 90/90/90 154/154/154
f 154/154/154 89/89/89 79/79/79
f 79/79/79 80/80/80 92/92/92
f 92/92/92 154/154/154 79/79/79
f 90/90/90 92/92/92 93/93/93 91/91/91
f 92/92/92 80/80/80 86/86/86 93/93/93
f 94/94/94 90/90/90 91/91/91 95/95/95
f 71/71/71 117/117/117 67/67/67
f 85/85/85 115/115/115 116/116/116
f 85/85/85 114/114/114 115/115/115
f 116/116/116 117/117/117 85/85/85
f 84/84/84 112/112/112 113/113/113
f 129/129/129 110/110/110 111/111/111
f 129/129/129 109/109/109 110/110/110
f 111/111/111 112/112/112 84/84/84
f 113/113/113 114/114/114 84/84/84
f 85/85/85 84/84/84 114/114/114
f 85/85/85 71/71/71 72/72/72 83/83/83
f 73/73/73 88/88/88 83/83/83 72/72/72
f 74/74/74 86/86/86 88/88/88 73/73/73
f 108/108/108 109/109/109 129/129/129
f 129/129/129 111/111/111 84/84/84
f 129/129/129 126/126/126 107/107/107 108/108/108
f 86/86/86 74/74/74 75/75/75 93/93/93
f 71/71/71 85/85/85 117/117/117
f 126/126/126 106/106/106 107/107/107
f 127/127/127 104/104/104 105/105/105
f 127/127/127 103/103/103 104/104/104
f 105/105/105 106/106/106 126/126/126
f 123/123/123 101/101/101 102/102/102
f 123/123/123 100/100/100 101/101/101
f 124/124/124 98/98/98 99/99/99
f 124/124/124 97/97/97 98/98/98
f 99/99/99 100/100/100 123/123/123
f 102/102/102 103/103/103 127/127/127
f 127/127/127 123/123/123 102/102/102
f 121/121/121 119/119/119 122/122/122 124/124/124
f 97/97/97 124/124/124 96/96/96
f 123/123/123 124/124/124 99/99/99
f 68/68/68 96/96/96 122/122/122
f 122/122/122 96/96/96 124/124/124
f 170/170/170 165/165/165 119/119/119 121/121/121
f 165/165/165 170/170/170 166/166/166 78/78/78
f 126/126/126 127/127/127 105/105/105
f 76/76/76 91/91/91 93/93/93 75/75/75
f 130/130/130 77/77/77 69/69/69
f 77/77/77 95/95/95 91/91/91 76/76/76
f 95/95/95 77/77/77 130/130/130 131/131/131
f 155/155/155 94/94/94 136/136/136 137/137/137
f 153/153/153 155/155/155 139/139/139 140/140/140
f 94/94/94 95/95/95 133/133/133 134/134/134
f 95/95/95 131/131/131 132/132/132
f 94/94/94 134/134/134 135/135/135
f 95/95/95 132/132/132 133/133/133
f 155/155/155 137/137/137 138/138/138
f 153/153/153 140/140/140 141/141/141
f 155/155/155 138/138/138 139/139/139
f 94/94/94 135/135/135 136/136/136
f 142/142/142 153/153/153 141/141/141
f 168/168/168 164/164/164 78/78/78 166/166/166
f 158/158/158 160/160/160 145/145/145 146/146/146
f 163/163/163 158/158/158 148/148/148 149/149/149
f 153/153/153 142/142/142 143/143/143
f 164/164/164 168/168/168 162/162/162 156/156/156
f 163/163/163 161/161/161 156/156/156 162/162/162
f 161/161/161 163/163/163 151/151/151 152/152/152
f 153/153/153 143/143/143 160/160/160
f 160/160/160 143/143/143 144/144/144
f 158/158/158 146/146/146 147/147/147
f 160/160/160 144/144/144 145/145/145
f 163/163/163 149/149/149 150/150/150
f 161/161/161 152/152/152 70/70/70
f 163/163/163 150/150/150 151/151/151
f 158/158/158 147/147/147 148/148/148
f 177/177/177 188/188/188 172/172/172 171/171/171
f 179/179/179 186/186/186 187/187/187 178/178/178
f 178/178/178 187/187/187 188/188/188 177/177/177
f 173/173/173 174/174/174 186/186/186 179/179/179
f 181/181/181 184/184/184 185/185/185 180/180/180
f 175/175/175 176/176/176 183/183/183 182/182/182
f 182/182/182 183/183/183 184/184/184 181/181/181
f 180/180/180 185/185/185 174/174/174 173/173/173
f 285/285/285 280/280/280 279/279/279 284/284/284
f 290/290/290 289/289/289 242/242/242 288/288/288
f 284/284/284 279/279/279 289/289/289 290/290/290
f 281/281/281 289/289/289 279/279/279
f 289/289/289 201/201/201 242/242/242
f 201/201/201 281/281/281 212/212/212
f 281/281/281 201/201/201 289/289/289
f 280/280/280 282/282/282 281/281/281 279/279/279
f 282/282/282 275/275/275 212/212/212 281/281/281
f 292/292/292 291/291/291 244/244/244 245/245/245
f 288/288/288 242/242/242 291/291/291 292/292/292
f 245/245/245 244/244/244 247/247/247 248/248/248
f 244/244/244 249/249/249 251/251/251 247/247/247
f 249/249/249 203/203/203 250/250/250 251/251/251
f 291/291/291 249/249/249 244/244/244
f 249/249/249 201/201/201 203/203/203
f 201/201/201 291/291/291 242/242/242
f 291/291/291 201/201/201 249/249/249
f 252/252/252 209/209/209 204/204/204
f 209/209/209 201/201/201 202/202/202
f 201/201/201 252/252/252 203/203/203
f 252/252/252 201/201/201 209/209/209
f 203/203/203 252/252/252 253/253/253 250/250/250
f 252/252/252 204/204/204 206/206/206 253/253/253
f 204/204/204 205/205/205 207/207/207 206/206/206
f 202/202/202 208/208/208 210/210/210 209/209/209
f 209/209/209 210/210/210 205/205/205 204/204/204
f 275/275/275 277/277/277 276/276/276 212/212/212
f 277/277/277 218/218/218 213/213/213 276/276/276
f 215/215/215 276/276/276 213/213/213
f 276/276/276 201/201/201 212/212/212
f 201/201/201 215/215/215 202/202/202
f 215/215/215 201/201/201 276/276/276
f 213/213/213 214/214/214 216/216/216 215/215/215
f 215/215/215 216/216/216 208/208/208 202/202/202
f 218/218/218 219/219/219 214/214/214 213/213/213
f 193/193/193 189/189/189 241/241/241
f 207/207/207 240/240/240 239/239/239
f 207/207/207 239/239/239 238/238/238
f 240/240/240 207/207/207 241/241/241
f 206/206/206 237/237/237 236/236/236
f 253/253/253 235/235/235 234/234/234
f 253/253/253 234/234/234 233/233/233
f 235/235/235 206/206/206 236/236/236
f 237/237/237 206/206/206 238/238/238
f 207/207/207 238/238/238 206/206/206
f 207/207/207 205/205/205 194/194/194 193/193/193
f 195/195/195 194/194/194 205/205/205 210/210/210
f 196/196/196 195/195/195 210/210/210 208/208/208
f 232/232/232 253/253/253 233/233/233
f 253/253/253 206/206/206 235/235/235
f 253/253/253 232/232/232 231/231/231 250/250/250
f 208/208/208 216/216/216 197/197/197 196/196/196
f 193/193/193 241/241/241 207/207/207
f 250/250/250 231/231/231 230/230/230
f 251/251/251 229/229/229 228/228/228
f 251/251/251 228/228/228 227/227/227
f 229/229/229 250/250/250 230/230/230
f 247/247/247 226/226/226 225/225/225
f 247/247/247 225/225/225 224/224/224
f 248/248/248 223/223/223 222/222/222
f 248/248/248 222/222/222 221/221/221
f 223/223/223 247/247/247 224/224/224
f 226/226/226 251/251/251 227/227/227
f 251/251/251 226/226/226 247/247/247
f 245/245/245 248/248/248 246/246/246 243/243/243
f 221/221/221 220/220/220 248/248/248
f 247/247/247 223/223/223 248/248/248
f 190/190/190 246/246/246 220/220/220
f 246/246/246 248/248/248 220/220/220
f 292/292/292 245/245/245 243/243/243 287/287/287
f 287/287/287 200/200/200 288/288/288 292/292/292
f 250/250/250 229/229/229 251/251/251
f 198/198/198 197/197/197 216/216/216 214/214/214
f 254/254/254 191/191/191 199/199/199
f 199/199/199 198/198/198 214/214/214 219/219/219
f 219/219/219 255/255/255 254/254/254 199/199/199
f 277/277/277 259/259/259 258/258/258 218/218/218
f 275/275/275 262/262/262 261/261/261 277/277/277
f 218/218/218 257/257/257 256/256/256 219/219/219
f 219/219/219 217/217/217 255/255/255
f 218/218/218 211/211/211 257/257/257
f 219/219/219 256/256/256 217/217/217
f 277/277/277 260/260/260 259/259/259
f 275/275/275 263/263/263 262/262/262
f 277/277/277 261/261/261 260/260/260
f 218/218/218 258/258/258 211/211/211
f 264/264/264 263/263/263 275/275/275
f 290/290/290 288/288/288 200/200/200 286/286/286
f 280/280/280 268/268/268 267/267/267 282/282/282
f 285/285/285 271/271/271 270/270/270 280/280/280
f 275/275/275 265/265/265 264/264/264
f 286/286/286 278/278/278 284/284/284 290/290/290
f 285/285/285 284/284/284 278/278/278 283/283/283
f 283/283/283 274/274/274 273/273/273 285/285/285
f 275/275/275 282/282/282 265/265/265
f 282/282/282 266/266/266 265/265/265
f 280/280/280 269/269/269 268/268/268
f 282/282/282 267/267/267 266/266/266
f 285/285/285 272/272/272 271/271/271
f 283/283/283 192/192/192 274/274/274
f 285/285/285 273/273/273 272/272/272
f 280/280/280 270/270/270 269/269/269
f 297/297/297 293/293/293 296/296/296 342/342/342
f 298/298/298 297/297/297 342/342/342 341/341/341
f 300/300/300 299/299/299 340/340/340 339/339/339
f 300/300/300 339/339/339 338/338/338 301/301/301
f 299/299/299 298/298/298 341/341/341 340/340/340
f 303/303/303 302/302/302 337/337/337 336/336/336
f 303/303/303 336/336/336 335/335/335 304/304/304
f 306/306/306 305/305/305 334/334/334 333/333/333
f 306/306/306 333/333/333 332/332/332 307/307/307
f 304/304/304 335/335/335 334/334/334 305/305/305
f 301/301/301 338/338/338 337/337/337 302/302/302
f 331/331/331 308/308/308 307/307/307 332/332/332
f 309/309/309 330/330/330 329/329/329 310/310/310
f 310/310/310 329/329/329 328/328/328 311/311/311
f 312/312/312 327/327/327 326/326/326 313/313/313
f 313/313/313 326/326/326 325/325/325 314/314/314
f 311/311/311 328/328/328 327/327/327 312/312/312
f 315/315/315 324/324/324 323/323/323 316/316/316
f 316/316/316 323/323/323 322/322/322 317/317/317
f 318/318/318 321/321/321 320/320/320 319/319/319
f 319/319/319 320/320/320 295/295/295 294/294/294
f 317/317/317 322/322/322 321/321/321 318/318/318
f 314/314/314 325/325/325 324/324/324 315/315/315
f 309/309/309 308/308/308 331/331/331 330/330/330
usemtl Default
v -2370 2340 -1030
v -2370 2330 -1030
v -2550 2340 -1030
v -2550 2330 -1030
v -2730 2340 -1030
v -2730 2330 -1030
v -2415 2340 -1030
v -2460 2340 -1030
v -2505 2340 -1030
v -2595 2340 -1030
v -2640 2340 -1030
v -2685 2340 -1030
v -2685 2330 -1030
v -2640 2330 -1030
v -2595 2330 -1030
v -2505 2330 -1030
v -2460 2330 -1030
v -2415 2330 -1030
v -2370 2340 -2030
v -2370 2330 -2030
v -2370 2340 -1030
v -2370 2330 -1030
v -2370 2340 -1986.521728515625
v -2370 2340 -1943.04345703125
v -2370 2340 -1899.565185546875
v -2370 2340 -1856.0869140625
v -2370 2340 -1812.608642578125
v -2370 2340 -1769.1304931640625
v -2370 2340 -1725.6522216796875
v -2370 2340 -1682.1739501953125
v -2370 2340 -1638.6956787109375
v -2370 2340 -1595.2174072265625
v -2370 2340 -1551.7391357421875
v -2370 2340 -1508.2608642578125
v -2370 2340 -1464.7825927734375
v -2370 2340 -1421.3043212890625
v -2370 2340 -1377.8260498046875
v -2370 2340 -1334.3477783203125
v -2370 2340 -1290.8695068359375
v -2370 2340 -1247.391357421875
v -2370 2340 -1203.9130859375
v -2370 2340 -1160.434814453125
v -2370 2340 -1116.95654296875
v -2370 2340 -1073.478271484375
v -2370 2330 -1073.478271484375
v -2370 2330 -1116.95654296875
v -2370 2330 -1160.434814453125
v -2370 2330 -1203.9130859375
v -2370 2330 -1247.391357421875
v -2370 2330 -1290.8695068359375
v -2370 2330 -1334.3477783203125
v -2370 2330 -1377.8260498046875
v -2370 2330 -1421.3043212890625
v -2370 2330 -1464.7825927734375
v -2370 2330 -1508.2608642578125
v -2370 2330 -1551.7391357421875
v -2370 2330 -1595.2174072265625
v -2370 2330 -1638.6956787109375
v -2370 2330 -1682.1739501953125
v -2370 2330 -1725.6522216796875
v -2370 2330 -1769.1304931640625
v -2370 2330 -1812.608642578125
v -2370 2330 -1856.0869140625
v -2370 2330 -1899.565185546875
v -2370 2330 -1943.04345703125
v -2370 2330 -1986.521728515625
v -2370 2330 -1030
v -2370 2330 -2030
v -2730 2330 -1030
v -2730 2330 -2030
v -2415 2330 -1030
v -2460 2330 -1030
v -2505 2330 -1030
v -2550 2330 -1030
v -2595 2330 -1030
v -2640 2330 -1030
v -2685 2330 -1030
v -2550 2330 -2030
v -2550 2330 -1530
v -2550 2330 -1280
v -2460 2330 -1530
v -2460 2330 -1280
v -2460 2330 -1155
v -2415 2330 -1280
v -2415 2330 -1155
v -2550 2330 -1155
v -2505 2330 -1280
v -2505 2330 -1155
v -2640 2330 -1530
v -2640 2330 -1280
v -2640 2330 -1155
v -2595 2330 -1280
v -2595 2330 -1155
v -2685 2330 -1280
v -2685 2330 -1155
v -2370 2330 -1986.521728515625
v -2370 2330 -1943.04345703125
v -2370 2330 -1899.565185546875
v -2370 2330 -1856.0869140625
v -2370 2330 -1812.608642578125
v -2370 2330 -1769.1304931640625
v -2370 2330 -1725.6522216796875
v -2370 2330 -1682.1739501953125
v -2370 2330 -1638.6956787109375
v -2370 2330 -1595.2174072265625
v -2370 2330 -1551.7391357421875
v -2370 2330 -1508.2608642578125
v -2370 2330 -1464.7825927734375
v -2370 2330 -1421.3043212890625
v -2370 2330 -1377.8260498046875
v -2370 2330 -1334.3477783203125
v -2370 2330 -1290.8695068359375
v -2370 2330 -1247.391357421875
v -2370 2330 -1203.9130859375
v -2370 2330 -1160.434814453125
v -2370 2330 -1116.95654296875
v -2370 2330 -1073.478271484375
v -2550 2330 -1780
v -2460 2330 -2030
v -2460 2330 -1780
v -2460 2330 -1905
v -2415 2330 -2030
v -2415 2330 -1780
v -2415 2330 -1905
v -2460 2330 -1655
v -2415 2330 -1530
v -2415 2330 -1655
v -2460 2330 -1405
v -2415 2330 -1405
v -2730 2330 -1073.478271484375
v -2730 2330 -1116.95654296875
v -2730 2330 -1160.434814453125
v -2730 2330 -1203.9130859375
v -2730 2330 -1247.391357421875
v -2730 2330 -1290.8695068359375
v -2730 2330 -1334.3477783203125
v -2730 2330 -1377.8260498046875
v -2730 2330 -1421.3043212890625
v -2730 2330 -1464.7825927734375
v -2730 2330 -1508.2608642578125
v -2730 2330 -1551.7391357421875
v -2730 2330 -1595.2174072265625
v -2730 2330 -1638.6956787109375
v -2730 2330 -1682.1739501953125
v -2730 2330 -1725.6522216796875
v -2730 2330 -1769.1304931640625
v -2730 2330 -1812.608642578125
v -2730 2330 -1856.0869140625
v -2730 2330 -1899.565185546875
v -2730 2330 -1943.04345703125
v -2730 2330 -1986.521728515625
v -2685 2330 -1530
v -2640 2330 -1405
v -2685 2330 -1405
v -2640 2330 -2030
v -2640 2330 -1780
v -2685 2330 -1780
v -2640 2330 -1655
v -2685 2330 -1655
v -2685 2330 -2030
v -2640 2330 -1905
v -2685 2330 -1905
v -2595 2330 -2030
v -2505 2330 -2030
v -2550 2330 -1905
v -2595 2330 -1780
v -2595 2330 -1905
v -2505 2330 -1780
v -2505 2330 -1905
v -2730 2340 -2030
v -2730 2330 -2030
v -2550 2340 -2030
v -2550 2330 -2030
v -2370 2340 -2030
v -2370 2330 -2030
v -2685 2340 -2030
v -2640 2340 -2030
v -2595 2340 -2030
v -2505 2340 -2030
v -2460 2340 -2030
v -2415 2340 -2030
v -2415 2330 -2030
v -2460 2330 -2030
v -2505 2330 -2030
v -2595 2330 -2030
v -2640 2330 -2030
v -2685 2330 -2030
v -2370 2340 -1030
v -2370 2340 -2030
v -2730 2340 -1030
v -2730 2340 -2030
v -2415 2340 -1030
v -2460 2340 -1030
v -2505 2340 -1030
v -2550 2340 -1030
v -2595 2340 -1030
v -2640 2340 -1030
v -2685 2340 -1030
v -2550 2340 -2030
v -2550 2340 -1530
v -2550 2340 -1280
v -2460 2340 -1530
v -2460 2340 -1280
v -2460 2340 -1155
v -2415 2340 -1280
v -2415 2340 -1155
v -2550 2340 -1155
v -2505 2340 -1280
v -2505 2340 -1155
v -2640 2340 -1530
v -2640 2340 -1280
v -2640 2340 -1155
v -2595 2340 -1280
v -2595 2340 -1155
v -2685 2340 -1280
v -2685 2340 -1155
v -2370 2340 -1986.521728515625
v -2370 2340 -1943.04345703125
v -2370 2340 -1899.565185546875
v -2370 2340 -1856.0869140625
v -2370 2340 -1812.608642578125
v -2370 2340 -1769.1304931640625
v -2370 2340 -1725.6522216796875
v -2370 2340 -1682.1739501953125
v -2370 2340 -1638.6956787109375
v -2370 2340 -1595.2174072265625
v -2370 2340 -1551.7391357421875
v -2370 2340 -1508.2608642578125
v -2370 2340 -1464.7825927734375
v -2370 2340 -1421.3043212890625
v -2370 2340 -1377.8260498046875
v -2370 2340 -1334.3477783203125
v -2370 2340 -1290.8695068359375
v -2370 2340 -1247.391357421875
v -2370 2340 -1203.9130859375
v -2370 2340 -1160.434814453125
v -2370 2340 -1116.95654296875
v -2370 2340 -1073.478271484375
v -2550 2340 -1780
v -2460 2340 -2030
v -2460 2340 -1780
v -2460 2340 -1905
v -2415 2340 -2030
v -2415 2340 -1780
v -2415 2340 -1905
v -2460 2340 -1655
v -2415 2340 -1530
v -2415 2340 -1655
v -2460 2340 -1405
v -2415 2340 -1405
v -2730 2340 -1073.478271484375
v -2730 2340 -1116.95654296875
v -2730 2340 -1160.434814453125
v -2730 2340 -1203.9130859375
v -2730 2340 -1247.391357421875
v -2730 2340 -1290.8695068359375
v -2730 2340 -1334.3477783203125
v -2730 2340 -1377.8260498046875
v -2730 2340 -1421.3043212890625
v -2730 2340 -1464.7825927734375
v -2730 2340 -1508.2608642578125
v -2730 2340 -1551.7391357421875
v -2730 2340 -1595.2174072265625
v -2730 2340 -1638.6956787109375
v -2730 2340 -1682.1739501953125
v -2730 2340 -1725.6522216796875
v -2730 2340 -1769.1304931640625
v -2730 2340 -1812.608642578125
v -2730 2340 -1856.0869140625
v -2730 2340 -1899.565185546875
v -2730 2340 -1943.04345703125
v -2730 2340 -1986.521728515625
v -2685 2340 -1530
v -2640 2340 -1405
v -2685 2340 -1405
v -2640 2340 -2030
v -2640 2340 -1780
v -2685 2340 -1780
v -2640 2340 -1655
v -2685 2340 -1655
v -2685 2340 -2030
v -2640 2340 -1905
v -2685 2340 -1905
v -2595 2340 -2030
v -2505 2340 -2030
v -2550 2340 -1905
v -2595 2340 -1780
v -2595 2340 -1905
v -2505 2340 -1780
v -2505 2340 -1905
v -2730 2330 -2030
v -2730 2340 -1030
v -2730 2330 -1030
v -2730 2340 -2030
v -2730 2340 -1986.521728515625
v -2730 2340 -1943.04345703125
v -2730 2340 -1899.565185546875
v -2730 2340 -1856.0869140625
v -2730 2340 -1812.608642578125
v -2730 2340 -1769.1304931640625
v -2730 2340 -1725.6522216796875
v -2730 2340 -1682.1739501953125
v -2730 2340 -1638.6956787109375
v -2730 2340 -1595.2174072265625
v -2730 2340 -1551.7391357421875
v -2730 2340 -1508.2608642578125
v -2730 2340 -1464.7825927734375
v -2730 2340 -1421.3043212890625
v -2730 2340 -1377.8260498046875
v -2730 2340 -1334.3477783203125
v -2730 2340 -1290.8695068359375
v -2730 2340 -1247.391357421875
v -2730 2340 -1203.9130859375
v -2730 2340 -1160.434814453125
v -2730 2340 -1116.95654296875
v -2730 2340 -1073.478271484375
v -2730 2330 -1073.478271484375
v -2730 2330 -1116.95654296875
v -2730 2330 -1160.434814453125
v -2730 2330 -1203.9130859375
v -2730 2330 -1247.391357421875
v -2730 2330 -1290.8695068359375
v -2730 2330 -1334.3477783203125
v -2730 2330 -1377.8260498046875
v -2730 2330 -1421.3043212890625
v -2730 2330 -1464.7825927734375
v -2730 2330 -1508.2608642578125
v -2730 2330 -1551.7391357421875
v -2730 2330 -1595.2174072265625
v -2730 2330 -1638.6956787109375
v -2730 2330 -1682.1739501953125
v -2730 2330 -1725.6522216796875
v -2730 2330 -1769.1304931640625
v -2730 2330 -1812.608642578125
v -2730 2330 -1856.0869140625
v -2730 2330 -1899.565185546875
v -2730 2330 -1943.04345703125
v -2730 2330 -1986.521728515625
vt 0.019607843831181526 0.013248542323708534
vt 0.019607843831181526 0.023052463307976723
vt 0.19607843458652496 0.013248542323708534
vt 0.19607843458652496 0.023052463307976723
vt 0.37254902720451355 0.013248542323708534
vt 0.37254902720451355 0.023052463307976723
vt 0.063725493848323822 0.013248542323708534
vt 0.10784313827753067 0.013248542323708534
vt 0.15196079015731812 0.013248542323708534
vt 0.24019607901573181 0.013248542323708534
vt 0.28431373834609985 0.013248542323708534
vt 0.32843136787414551 0.013248542323708534
vt 0.32843136787414551 0.023052463307976723
vt 0.28431373834609985 0.023052463307976723
vt 0.24019607901573181 0.023052463307976723
vt 0.15196079015731812 0.023052463307976723
vt 0.10784313827753067 0.023052463307976723
vt 0.063725493848323822 0.023052463307976723
vt 0.018143000081181526 0
vt 0.0098039219155907631 0
vt 0.018143000081181526 0.97892731428146362
vt 0.0098039219155907631 0.97892731428146362
vt 0.018143000081181526 0.042562056332826614
vt 0.018143000081181526 0.085124112665653229
vt 0.018143000081181526 0.12768617272377014
vt 0.018143000081181526 0.17024822533130646
vt 0.018143000081181526 0.21281027793884277
vt 0.018143000081181526 0.25537234544754028
vt 0.018143000081181526 0.29793438315391541
vt 0.018143000081181526 0.34049645066261292
vt 0.018143000081181526 0.38305851817131042
vt 0.018143000081181526 0.42562055587768555
vt 0.018143000081181526 0.46818262338638306
vt 0.018143000081181526 0.51074469089508057
vt 0.018143000081181526 0.5533066987991333
vt 0.018143000081181526 0.59586876630783081
vt 0.018143000081181526 0.6384308934211731
vt 0.018143000081181526 0.68099290132522583
vt 0.018143000081181526 0.72355496883392334
vt 0.018143000081181526 0.76611703634262085
vt 0.018143000081181526 0.80867904424667358
vt 0.018143000081181526 0.85124111175537109
vt 0.018143000081181526 0.89380323886871338
vt 0.018143000081181526 0.93636524677276611
vt 0.0098039219155907631 0.93636524677276611
vt 0.0098039219155907631 0.89380323886871338
vt 0.0098039219155907631 0.85124111175537109
vt 0.0098039219155907631 0.80867904424667358
vt 0.0098039219155907631 0.76611703634262085
vt 0.0098039219155907631 0.72355496883392334
vt 0.0098039219155907631 0.68099290132522583
vt 0.0098039219155907631 0.6384308934211731
vt 0.0098039219155907631 0.59586876630783081
vt 0.0098039219155907631 0.5533066987991333
vt 0.0098039219155907631 0.51074469089508057
vt 0.0098039219155907631 0.46818262338638306
vt 0.0098039219155907631 0.42562055587768555
vt 0.0098039219155907631 0.38305851817131042
vt 0.0098039219155907631 0.34049645066261292
vt 0.0098039219155907631 0.29793438315391541
vt 0.0098039219155907631 0.25537234544754028
vt 0.0098039219155907631 0.21281027793884277
vt 0.0098039219155907631 0.17024822533130646
vt 0.0098039219155907631 0.12768617272377014
vt 0.0098039219155907631 0.085124112665653229
vt 0.0098039219155907631 0.042562056332826614
vt 0.99853515625 0.5034446120262146
vt 0.019607843831181526 0.5034446120262146
vt 0.99853515625 0.85638582706451416
vt 0.019607843831181526 0.85638582706451416
vt 0.99853515625 0.54756224155426025
vt 0.99853515625 0.59167993068695068
vt 0.99853515625 0.63579756021499634
vt 0.99853515625 0.67991518974304199
vt 0.99853515625 0.72403287887573242
vt 0.99853515625 0.76815050840377808
vt 0.99853515625 0.81226813793182373
vt 0.019607843831181526 0.67991518974304199
vt 0.50907152891159058 0.67991518974304199
vt 0.7538033127784729 0.67991518974304199
vt 0.50907152891159058 0.59167993068695068
vt 0.7538033127784729 0.59167993068695068
vt 0.87616926431655884 0.59167993068695068
vt 0.7538033127784729 0.54756224155426025
vt 0.87616926431655884 0.54756224155426025
vt 0.87616926431655884 0.67991518974304199
vt 0.7538033127784729 0.63579756021499634
vt 0.87616926431655884 0.63579756021499634
vt 0.50907152891159058 0.76815050840377808
vt 0.7538033127784729 0.76815050840377808
vt 0.87616926431655884 0.76815050840377808
vt 0.7538033127784729 0.72403287887573242
vt 0.87616926431655884 0.72403287887573242
vt 0.7538033127784729 0.81226813793182373
vt 0.87616926431655884 0.81226813793182373
vt 0.062169890850782394 0.5034446120262146
vt 0.10473193973302841 0.5034446120262146
vt 0.14729404449462891 0.5034446120262146
vt 0.18985608220100403 0.5034446120262146
vt 0.23241813480854034 0.5034446120262146
vt 0.27498018741607666 0.5034446120262146
vt 0.31754222512245178 0.5034446120262146
vt 0.3601042628288269 0.5034446120262146
vt 0.40266638994216919 0.5034446120262146
vt 0.44522842764854431 0.5034446120262146
vt 0.48779046535491943 0.5034446120262146
vt 0.53035253286361694 0.5034446120262146
vt 0.57291460037231445 0.5034446120262146
vt 0.61547666788101196 0.5034446120262146
vt 0.6580386757850647 0.5034446120262146
vt 0.70060074329376221 0.5034446120262146
vt 0.74316281080245972 0.5034446120262146
vt 0.78572487831115723 0.5034446120262146
vt 0.82828694581985474 0.5034446120262146
vt 0.87084901332855225 0.5034446120262146
vt 0.91341102123260498 0.5034446120262146
vt 0.95597308874130249 0.5034446120262146
vt 0.26433968544006348 0.67991518974304199
vt 0.019607843831181526 0.59167993068695068
vt 0.26433968544006348 0.59167993068695068
vt 0.14197376370429993 0.59167993068695068
vt 0.019607843831181526 0.54756224155426025
vt 0.26433968544006348 0.54756224155426025
vt 0.14197376370429993 0.54756224155426025
vt 0.38670557737350464 0.59167993068695068
vt 0.50907152891159058 0.54756224155426025
vt 0.38670557737350464 0.54756224155426025
vt 0.63143742084503174 0.59167993068695068
vt 0.63143742084503174 0.54756224155426025
vt 0.95597308874130249 0.85638582706451416
vt 0.91341102123260498 0.85638582706451416
vt 0.87084901332855225 0.85638582706451416
vt 0.82828694581985474 0.85638582706451416
vt 0.78572487831115723 0.85638582706451416
vt 0.74316281080245972 0.85638582706451416
vt 0.70060074329376221 0.85638582706451416
vt 0.6580386757850647 0.85638582706451416
vt 0.61547666788101196 0.85638582706451416
vt 0.57291460037231445 0.85638582706451416
vt 0.53035253286361694 0.85638582706451416
vt 0.48779046535491943 0.85638582706451416
vt 0.44522842764854431 0.85638582706451416
vt 0.40266638994216919 0.85638582706451416
vt 0.3601042628288269 0.85638582706451416
vt 0.31754222512245178 0.85638582706451416
vt 0.27498018741607666 0.85638582706451416
vt 0.23241813480854034 0.85638582706451416
vt 0.18985608220100403 0.85638582706451416
vt 0.14729404449462891 0.85638582706451416
vt 0.10473193973302841 0.85638582706451416
vt 0.062169890850782394 0.85638582706451416
vt 0.50907152891159058 0.81226813793182373
vt 0.63143742084503174 0.76815050840377808
vt 0.63143742084503174 0.81226813793182373
vt 0.019607843831181526 0.76815050840377808
vt 0.26433968544006348 0.76815050840377808
vt 0.26433968544006348 0.81226813793182373
vt 0.38670557737350464 0.76815050840377808
vt 0.38670557737350464 0.81226813793182373
vt 0.019607843831181526 0.81226813793182373
vt 0.14197376370429993 0.76815050840377808
vt 0.14197376370429993 0.81226813793182373
vt 0.019607843831181526 0.72403287887573242
vt 0.019607843831181526 0.63579756021499634
vt 0.14197376370429993 0.67991518974304199
vt 0.26433968544006348 0.72403287887573242
vt 0.14197376370429993 0.72403287887573242
vt 0.26433968544006348 0.63579756021499634
vt 0.14197376370429993 0.63579756021499634
vt 0.019607843831181526 0
vt 0.019607843831181526 0.0098039219155907631
vt 0.19607843458652496 0
vt 0.19607843458652496 0.0098039219155907631
vt 0.37254902720451355 0
vt 0.37254902720451355 0.0098039219155907631
vt 0.063725493848323822 0
vt 0.10784313827753067 0
vt 0.15196079015731812 0
vt 0.24019607901573181 0
vt 0.28431373834609985 0
vt 0.32843136787414551 0
vt 0.32843136787414551 0.0098039219155907631
vt 0.28431373834609985 0.0098039219155907631
vt 0.24019607901573181 0.0098039219155907631
vt 0.15196079015731812 0.0098039219155907631
vt 0.10784313827753067 0.0098039219155907631
vt 0.063725493848323822 0.0098039219155907631
vt 0.99853515625 0.026497084647417068
vt 0.019607843831181526 0.026497084647417068
vt 0.99853515625 0.37943825125694275
vt 0.019607843831181526 0.37943825125694275
vt 0.99853515625 0.070614732801914215
vt 0.99853515625 0.11473237723112106
vt 0.99853515625 0.15885002911090851
vt 0.99853515625 0.20296767354011536
vt 0.99853515625 0.2470853179693222
vt 0.99853515625 0.29120296239852905
vt 0.99853515625 0.33532062172889709
vt 0.019607843831181526 0.20296767354011536
vt 0.50907152891159058 0.20296767354011536
vt 0.7538033127784729 0.20296767354011536
vt 0.50907152891159058 0.11473237723112106
vt 0.7538033127784729 0.11473237723112106
vt 0.87616926431655884 0.11473237723112106
vt 0.7538033127784729 0.070614732801914215
vt 0.87616926431655884 0.070614732801914215
vt 0.87616926431655884 0.20296767354011536
vt 0.7538033127784729 0.15885002911090851
vt 0.87616926431655884 0.15885002911090851
vt 0.50907152891159058 0.29120296239852905
vt 0.7538033127784729 0.29120296239852905
vt 0.87616926431655884 0.29120296239852905
vt 0.7538033127784729 0.2470853179693222
vt 0.87616926431655884 0.2470853179693222
vt 0.7538033127784729 0.33532062172889709
vt 0.87616926431655884 0.33532062172889709
vt 0.062169890850782394 0.026497084647417068
vt 0.10473193973302841 0.026497084647417068
vt 0.14729404449462891 0.026497084647417068
vt 0.18985608220100403 0.026497084647417068
vt 0.23241813480854034 0.026497084647417068
vt 0.27498018741607666 0.026497084647417068
vt 0.31754222512245178 0.026497084647417068
vt 0.3601042628288269 0.026497084647417068
vt 0.40266638994216919 0.026497084647417068
vt 0.44522842764854431 0.026497084647417068
vt 0.48779046535491943 0.026497084647417068
vt 0.53035253286361694 0.026497084647417068
vt 0.57291460037231445 0.026497084647417068
vt 0.61547666788101196 0.026497084647417068
vt 0.6580386757850647 0.026497084647417068
vt 0.70060074329376221 0.026497084647417068
vt 0.74316281080245972 0.026497084647417068
vt 0.78572487831115723 0.026497084647417068
vt 0.82828694581985474 0.026497084647417068
vt 0.87084901332855225 0.026497084647417068
vt 0.91341102123260498 0.026497084647417068
vt 0.95597308874130249 0.026497084647417068
vt 0.26433968544006348 0.20296767354011536
vt 0.019607843831181526 0.11473237723112106
vt 0.26433968544006348 0.11473237723112106
vt 0.14197376370429993 0.11473237723112106
vt 0.019607843831181526 0.070614732801914215
vt 0.26433968544006348 0.070614732801914215
vt 0.14197376370429993 0.070614732801914215
vt 0.38670557737350464 0.11473237723112106
vt 0.50907152891159058 0.070614732801914215
vt 0.38670557737350464 0.070614732801914215
vt 0.63143742084503174 0.11473237723112106
vt 0.63143742084503174 0.070614732801914215
vt 0.95597308874130249 0.37943825125694275
vt 0.91341102123260498 0.37943825125694275
vt 0.87084901332855225 0.37943825125694275
vt 0.82828694581985474 0.37943825125694275
vt 0.78572487831115723 0.37943825125694275
vt 0.74316281080245972 0.37943825125694275
vt 0.70060074329376221 0.37943825125694275
vt 0.6580386757850647 0.37943825125694275
vt 0.61547666788101196 0.37943825125694275
vt 0.57291460037231445 0.37943825125694275
vt 0.53035253286361694 0.37943825125694275
vt 0.48779046535491943 0.37943825125694275
vt 0.44522842764854431 0.37943825125694275
vt 0.40266638994216919 0.37943825125694275
vt 0.3601042628288269 0.37943825125694275
vt 0.31754222512245178 0.37943825125694275
vt 0.27498018741607666 0.37943825125694275
vt 0.23241813480854034 0.37943825125694275
vt 0.18985608220100403 0.37943825125694275
vt 0.14729404449462891 0.37943825125694275
vt 0.10473193973302841 0.37943825125694275
vt 0.062169890850782394 0.37943825125694275
vt 0.50907152891159058 0.33532062172889709
vt 0.63143742084503174 0.29120296239852905
vt 0.63143742084503174 0.33532062172889709
vt 0.019607843831181526 0.29120296239852905
vt 0.26433968544006348 0.29120296239852905
vt 0.26433968544006348 0.33532062172889709
vt 0.38670557737350464 0.29120296239852905
vt 0.38670557737350464 0.33532062172889709
vt 0.019607843831181526 0.33532062172889709
vt 0.14197376370429993 0.29120296239852905
vt 0.14197376370429993 0.33532062172889709
vt 0.019607843831181526 0.2470853179693222
vt 0.019607843831181526 0.15885002911090851
vt 0.14197376370429993 0.20296767354011536
vt 0.26433968544006348 0.2470853179693222
vt 0.14197376370429993 0.2470853179693222
vt 0.26433968544006348 0.15885002911090851
vt 0.14197376370429993 0.15885002911090851
vt 0 0
vt 0.0083390781655907631 0.97892731428146362
vt 0 0.97892731428146362
vt 0.0083390781655907631 0
vt 0.0083390781655907631 0.042562056332826614
vt 0.0083390781655907631 0.085124112665653229
vt 0.0083390781655907631 0.12768617272377014
vt 0.0083390781655907631 0.17024822533130646
vt 0.0083390781655907631 0.21281027793884277
vt 0.0083390781655907631 0.25537234544754028
vt 0.0083390781655907631 0.29793438315391541
vt 0.0083390781655907631 0.34049645066261292
vt 0.0083390781655907631 0.38305851817131042
vt 0.0083390781655907631 0.42562055587768555
vt 0.0083390781655907631 0.46818262338638306
vt 0.0083390781655907631 0.51074469089508057
vt 0.0083390781655907631 0.5533066987991333
vt 0.0083390781655907631 0.59586876630783081
vt 0.0083390781655907631 0.6384308934211731
vt 0.0083390781655907631 0.68099290132522583
vt 0.0083390781655907631 0.72355496883392334
vt 0.0083390781655907631 0.76611703634262085
vt 0.0083390781655907631 0.80867904424667358
vt 0.0083390781655907631 0.85124111175537109
vt 0.0083390781655907631 0.89380323886871338
vt 0.0083390781655907631 0.93636524677276611
vt 0 0.93636524677276611
vt 0 0.89380323886871338
vt 0 0.85124111175537109
vt 0 0.80867904424667358
vt 0 0.76611703634262085
vt 0 0.72355496883392334
vt 0 0.68099290132522583
vt 0 0.6384308934211731
vt 0 0.59586876630783081
vt 0 0.5533066987991333
vt 0 0.51074469089508057
vt 0 0.46818262338638306
vt 0 0.42562055587768555
vt 0 0.38305851817131042
vt 0 0.34049645066261292
vt 0 0.29793438315391541
vt 0 0.25537234544754028
vt 0 0.21281027793884277
vt 0 0.17024822533130646
vt 0 0.12768617272377014
vt 0 0.085124112665653229
vt 0 0.042562056332826614
vn 0 0 1
vn 0 0 1
vn 0 0 1
vn 0 0 1
vn 0 0 1
vn 0 0 1
vn 0 0 1
vn 0 0 1
vn 0 0 1
vn 0 0 1
vn 0 0 1
vn 0 0 1
vn 0 0 1
vn 0 0 1
vn 0 0 1
vn 0 0 1
vn 0 0 1
vn 0 0 1
vn 1 0 0
vn 1 0 0
vn 1 0 0
vn 1 0 0
vn 1 0 0
vn 1 0 0
vn 1 0 0
vn 1 0 0
vn 1 0 0
vn 1 0 0
vn 1 0 0
vn 1 0 0
vn 1 0 0
vn 1 0 0
vn 1 0 0
vn 1 0 0
vn 1 0 0
vn 1 0 0
vn 1 0 0
vn 1 0 0
vn 1 0 0
vn 1 0 0
vn 1 0 0
vn 1 0 0
vn 1 0 0
vn 1 0 0
vn 1 0 0
vn 1 0 0
vn 1 0 0
vn 1 0 0
vn 1 0 0
vn 1 0 0
vn 1 0 0
vn 1 0 0
vn 1 0 0
vn 1 0 0
vn 1 0 0
vn 1 0 0
vn 1 0 0
vn 1 0 0
vn 1 0 0
vn 1 0 0
vn 1 0 0
vn 1 0 0
vn 1 0 0
vn 1 0 0
vn 1 0 0
vn 1 0 0
vn 0 -1 0
vn 0 -1 0
vn 0 -1 0
vn 0 -1 0
vn 0 -1 0
vn 0 -1 0
vn 0 -1 0
vn 0 -1 0
vn 0 -1 0
vn 0 -1 0
vn 0 -1 0
vn 0 -1 0
vn 0 -1 0
vn 0 -1 0
vn 0 -1 0
vn 0 -1 0
vn 0 -1 0
vn 0 -1 0
vn 0 -1 0
vn 0 -1 0
vn 0 -1 0
vn 0 -1 0
vn 0 -1 0
vn 0 -1 0
vn 0 -1 0
vn 0 -1 0
vn 0 -1 0
vn 0 -1 0
vn 0 -1 0
vn 0 -1 0
vn 0 -1 0
vn 0 -1 0
vn 0 -1 0
vn 0 -1 0
vn 0 -1 0
vn 0 -1 0
vn 0 -1 0
vn 0 -1 0
vn 0 -1 0
vn 0 -1 0
vn 0 -1 0
vn 0 -1 0
vn 0 -1 0
vn 0 -1 0
vn 0 -1 0
vn 0 -1 0
vn 0 -1 0
vn 0 -1 0
vn 0 -1 0
vn 0 -1 0
vn 0 -1 0
vn 0 -1 0
vn 0 -1 0
vn 0 -1 0
vn 0 -1 0
vn 0 -1 0
vn 0 -1 0
vn 0 -1 0
vn 0 -1 0
vn 0 -1 0
vn 0 -1 0
vn 0 -1 0
vn 0 -1 0
vn 0 -1 0
vn 0 -1 0
vn 0 -1 0
vn 0 -1 0
vn 0 -1 0
vn 0 -1 0
vn 0 -1 0
vn 0 -1 0
vn 0 -1 0
vn 0 -1 0
vn 0 -1 0
vn 0 -1 0
vn 0 -1 0
vn 0 -1 0
vn 0 -1 0
vn 0 -1 0
vn 0 -1 0
vn 0 -1 0
vn 0 -1 0
vn 0 -1 0
vn 0 -1 0
vn 0 -1 0
vn 0 -1 0
vn 0 -1 0
vn 0 -1 0
vn 0 -1 0
vn 0 -1 0
vn 0 -1 0
vn 0 -1 0
vn 0 -1 0
vn 0 -1 0
vn 0 -1 0
vn 0 -1 0
vn 0 -1 0
vn 0 -1 0
vn 0 -1 0
vn 0 -1 0
vn 0 -1 0
vn 0 -1 0
vn 0 -1 0
vn 0 0 -1
vn 0 0 -1
vn 0 0 -1
vn 0 0 -1
vn 0 0 -1
vn 0 0 -1
vn 0 0 -1
vn 0 0 -1
vn 0 0 -1
vn 0 0 -1
vn 0 0 -1
vn 0 0 -1
vn 0 0 -1
vn 0 0 -1
vn 0 0 -1
vn 0 0 -1
vn 0 0 -1
vn 0 0 -1
vn 0 1 0
vn 0 1 0
vn 0 1 0
vn 0 1 0
vn 0 1 0
vn 0 1 0
vn 0 1 0
vn 0 1 0
vn 0 1 0
vn 0 1 0
vn 0 1 0
vn 0 1 0
vn 0 1 0
vn 0 1 0
vn 0 1 0
vn 0 1 0
vn 0 1 0
vn 0 1 0
vn 0 1 0
vn 0 1 0
vn 0 1 0
vn 0 1 0
vn 0 1 0
vn 0 1 0
vn 0 1 0
vn 0 1 0
vn 0 1 0
vn 0 1 0
vn 0 1 0
vn 0 1 0
vn 0 1 0
vn 0 1 0
vn 0 1 0
vn 0 1 0
vn 0 1 0
vn 0 1 0
vn 0 1 0
vn 0 1 0
vn 0 1 0
vn 0 1 0
vn 0 1 0
vn 0 1 0
vn 0 1 0
vn 0 1 0
vn 0 1 0
vn 0 1 0
vn 0 1 0
vn 0 1 0
vn 0 1 0
vn 0 1 0
vn 0 1 0
vn 0 1 0
vn 0 1 0
vn 0 1 0
vn 0 1 0
vn 0 1 0
vn 0 1 0
vn 0 1 0
vn 0 1 0
vn 0 1 0
vn 0 1 0
vn 0 1 0
vn 0 1 0
vn 0 1 0
vn 0 1 0
vn 0 1 0
vn 0 1 0
vn 0 1 0
vn 0 1 0
vn 0 1 0
vn 0 1 0
vn 0 1 0
vn 0 1 0
vn 0 1 0
vn 0 1 0
vn 0 1 0
vn 0 1 0
vn 0 1 0
vn 0 1 0
vn 0 1 0
vn 0 1 0
vn 0 1 0
vn 0 1 0
vn 0 1 0
vn 0 1 0
vn 0 1 0
vn 0 1 0
vn 0 1 0
vn 0 1 0
vn 0 1 0
vn 0 1 0
vn 0 1 0
vn 0 1 0
vn 0 1 0
vn 0 1 0
vn 0 1 0
vn 0 1 0
vn 0 1 0
vn 0 1 0
vn 0 1 0
vn 0 1 0
vn 0 1 0
vn 0 1 0
vn -1 0 0
vn -1 0 0
vn -1 0 0
vn -1 0 0
vn -1 0 0
vn -1 0 0
vn -1 0 0
vn -1 0 0
vn -1 0 0
vn -1 0 0
vn -1 0 0
vn -1 0 0
vn -1 0 0
vn -1 0 0
vn -1 0 0
vn -1 0 0
vn -1 0 0
vn -1 0 0
vn -1 0 0
vn -1 0 0
vn -1 0 0
vn -1 0 0
vn -1 0 0
vn -1 0 0
vn -1 0 0
vn -1 0 0
vn -1 0 0
vn -1 0 0
vn -1 0 0
vn -1 0 0
vn -1 0 0
vn -1 0 0
vn -1 0 0
vn -1 0 0
vn -1 0 0
vn -1 0 0
vn -1 0 0
vn -1 0 0
vn -1 0 0
vn -1 0 0
vn -1 0 0
vn -1 0 0
vn -1 0 0
vn -1 0 0
vn -1 0 0
vn -1 0 0
vn -1 0 0
vn -1 0 0
f 349/349/349 360/360/360 344/344/344 343/343/343
f 351/351/351 358/358/358 359/359/359 350/350/350
f 350/350/350 359/359/359 360/360/360 349/349/349
f 345/345/345 346/346/346 358/358/358 351/351/351
f 353/353/353 356/356/356 357/357/357 352/352/352
f 347/347/347 348/348/348 355/355/355 354/354/354
f 354/354/354 355/355/355 356/356/356 353/353/353
f 352/352/352 357/357/357 346/346/346 345/345/345
f 365/365/365 408/408/408 362/362/362 361/361/361
f 366/366/366 407/407/407 408/408/408 365/365/365
f 368/368/368 405/405/405 406/406/406 367/367/367
f 369/369/369 404/404/404 405/405/405 368/368/368
f 367/367/367 406/406/406 407/407/407 366/366/366
f 371/371/371 402/402/402 403/403/403 370/370/370
f 372/372/372 401/401/401 402/402/402 371/371/371
f 373/373/373 374/374/374 399/399/399 400/400/400
f 374/374/374 375/375/375 398/398/398 399/399/399
f 373/373/373 400/400/400 401/401/401 372/372/372
f 370/370/370 403/403/403 404/404/404 369/369/369
f 398/398/398 375/375/375 376/376/376 397/397/397
f 377/377/377 396/396/396 397/397/397 376/376/376
f 378/378/378 395/395/395 396/396/396 377/377/377
f 380/380/380 393/393/393 394/394/394 379/379/379
f 381/381/381 392/392/392 393/393/393 380/380/380
f 379/379/379 394/394/394 395/395/395 378/378/378
f 383/383/383 390/390/390 391/391/391 382/382/382
f 384/384/384 389/389/389 390/390/390 383/383/383
f 386/386/386 387/387/387 388/388/388 385/385/385
f 363/363/363 364/364/364 387/387/387 386/386/386
f 385/385/385 388/388/388 389/389/389 384/384/384
f 382/382/382 391/391/391 392/392/392 381/381/381
f 504/504/504 503/503/503 498/498/498 499/499/499
f 509/509/509 507/507/507 460/460/460 508/508/508
f 503/503/503 509/509/509 508/508/508 498/498/498
f 500/500/500 498/498/498 508/508/508
f 508/508/508 460/460/460 421/421/421
f 421/421/421 431/431/431 500/500/500
f 500/500/500 508/508/508 421/421/421
f 499/499/499 498/498/498 500/500/500 501/501/501
f 501/501/501 500/500/500 431/431/431 494/494/494
f 511/511/511 463/463/463 462/462/462 510/510/510
f 507/507/507 511/511/511 510/510/510 460/460/460
f 463/463/463 466/466/466 465/465/465 462/462/462
f 462/462/462 465/465/465 469/469/469 467/467/467
f 467/467/467 469/469/469 468/468/468 423/423/423
f 510/510/510 462/462/462 467/467/467
f 467/467/467 423/423/423 421/421/421
f 421/421/421 460/460/460 510/510/510
f 510/510/510 467/467/467 421/421/421
f 470/470/470 424/424/424 429/429/429
f 429/429/429 422/422/422 421/421/421
f 421/421/421 423/423/423 470/470/470
f 470/470/470 429/429/429 421/421/421
f 423/423/423 468/468/468 471/471/471 470/470/470
f 470/470/470 471/471/471 426/426/426 424/424/424
f 424/424/424 426/426/426 427/427/427 425/425/425
f 422/422/422 429/429/429 430/430/430 428/428/428
f 429/429/429 424/424/424 425/425/425 430/430/430
f 494/494/494 431/431/431 495/495/495 496/496/496
f 496/496/496 495/495/495 432/432/432 436/436/436
f 434/434/434 432/432/432 495/495/495
f 495/495/495 431/431/431 421/421/421
f 421/421/421 422/422/422 434/434/434
f 434/434/434 495/495/495 421/421/421
f 432/432/432 434/434/434 435/435/435 433/433/433
f 434/434/434 422/422/422 428/428/428 435/435/435
f 436/436/436 432/432/432 433/433/433 437/437/437
f 413/413/413 459/459/459 409/409/409
f 427/427/427 457/457/457 458/458/458
f 427/427/427 456/456/456 457/457/457
f 458/458/458 459/459/459 427/427/427
f 426/426/426 454/454/454 455/455/455
f 471/471/471 452/452/452 453/453/453
f 471/471/471 451/451/451 452/452/452
f 453/453/453 454/454/454 426/426/426
f 455/455/455 456/456/456 426/426/426
f 427/427/427 426/426/426 456/456/456
f 427/427/427 413/413/413 414/414/414 425/425/425
f 415/415/415 430/430/430 425/425/425 414/414/414
f 416/416/416 428/428/428 430/430/430 415/415/415
f 450/450/450 451/451/451 471/471/471
f 471/471/471 453/453/453 426/426/426
f 471/471/471 468/468/468 449/449/449 450/450/450
f 428/428/428 416/416/416 417/417/417 435/435/435
f 413/413/413 427/427/427 459/459/459
f 468/468/468 448/448/448 449/449/449
f 469/469/469 446/446/446 447/447/447
f 469/469/469 445/445/445 446/446/446
f 447/447/447 448/448/448 468/468/468
f 465/465/465 443/443/443 444/444/444
f 465/465/465 442/442/442 443/443/443
f 466/466/466 440/440/440 441/441/441
f 466/466/466 439/439/439 440/440/440
f 441/441/441 442/442/442 465/465/465
f 444/444/444 445/445/445 469/469/469
f 469/469/469 465/465/465 444/444/444
f 463/463/463 461/461/461 464/464/464 466/466/466
f 439/439/439 466/466/466 438/438/438
f 465/465/465 466/466/466 441/441/441
f 410/410/410 438/438/438 464/464/464
f 464/464/464 438/438/438 466/466/466
f 511/511/511 506/506/506 461/461/461 463/463/463
f 506/506/506 511/511/511 507/507/507 420/420/420
f 468/468/468 469/469/469 447/447/447
f 435/435/435 417/417/417 418/418/418 433/433/433
f 419/419/419 437/437/437 433/433/433 418/418/418
f 437/437/437 419/419/419 472/472/472 473/473/473
f 496/496/496 436/436/436 478/478/478 479/479/479
f 494/494/494 496/496/496 481/481/481 482/482/482
f 436/436/436 437/437/437 475/475/475 476/476/476
f 472/472/472 419/419/419 411/411/411
f 437/437/437 474/474/474 475/475/475
f 437/437/437 473/473/473 474/474/474
f 436/436/436 477/477/477 478/478/478
f 496/496/496 480/480/480 481/481/481
f 496/496/496 479/479/479 480/480/480
f 436/436/436 476/476/476 477/477/477
f 483/483/483 494/494/494 482/482/482
f 509/509/509 505/505/505 420/420/420 507/507/507
f 499/499/499 501/501/501 486/486/486 487/487/487
f 504/504/504 499/499/499 489/489/489 490/490/490
f 494/494/494 483/483/483 484/484/484
f 505/505/505 509/509/509 503/503/503 497/497/497
f 504/504/504 502/502/502 497/497/497 503/503/503
f 502/502/502 504/504/504 492/492/492 493/493/493
f 494/494/494 484/484/484 501/501/501
f 501/501/501 484/484/484 485/485/485
f 499/499/499 487/487/487 488/488/488
f 501/501/501 485/485/485 486/486/486
f 504/504/504 490/490/490 491/491/491
f 502/502/502 493/493/493 412/412/412
f 504/504/504 491/491/491 492/492/492
f 499/499/499 488/488/488 489/489/489
f 518/518/518 529/529/529 513/513/513 512/512/512
f 520/520/520 527/527/527 528/528/528 519/519/519
f 519/519/519 528/528/528 529/529/529 518/518/518
f 514/514/514 515/515/515 527/527/527 520/520/520
f 522/522/522 525/525/525 526/526/526 521/521/521
f 516/516/516 517/517/517 524/524/524 523/523/523
f 523/523/523 524/524/524 525/525/525 522/522/522
f 521/521/521 526/526/526 515/515/515 514/514/514
f 625/625/625 620/620/620 619/619/619 624/624/624
f 630/630/630 629/629/629 581/581/581 628/628/628
f 624/624/624 619/619/619 629/629/629 630/630/630
f 621/621/621 629/629/629 619/619/619
f 629/629/629 542/542/542 581/581/581
f 542/542/542 621/621/621 552/552/552
f 621/621/621 542/542/542 629/629/629
f 620/620/620 622/622/622 621/621/621 619/619/619
f 622/622/622 615/615/615 552/552/552 621/621/621
f 632/632/632 631/631/631 583/583/583 584/584/584
f 628/628/628 581/581/581 631/631/631 632/632/632
f 584/584/584 583/583/583 586/586/586 587/587/587
f 583/583/583 588/588/588 590/590/590 586/586/586
f 588/588/588 544/544/544 589/589/589 590/590/590
f 631/631/631 588/588/588 583/583/583
f 588/588/588 542/542/542 544/544/544
f 542/542/542 631/631/631 581/581/581
f 631/631/631 542/542/542 588/588/588
f 591/591/591 550/550/550 545/545/545
f 550/550/550 542/542/542 543/543/543
f 542/542/542 591/591/591 544/544/544
f 591/591/591 542/542/542 550/550/550
f 544/544/544 591/591/591 592/592/592 589/589/589
f 591/591/591 545/545/545 547/547/547 592/592/592
f 545/545/545 546/546/546 548/548/548 547/547/547
f 543/543/543 549/549/549 551/551/551 550/550/550
f 550/550/550 551/551/551 546/546/546 545/545/545
f 615/615/615 617/617/617 616/616/616 552/552/552
f 617/617/617 557/557/557 553/553/553 616/616/616
f 555/555/555 616/616/616 553/553/553
f 616/616/616 542/542/542 552/552/552
f 542/542/542 555/555/555 543/543/543
f 555/555/555 542/542/542 616/616/616
f 553/553/553 554/554/554 556/556/556 555/555/555
f 555/555/555 556/556/556 549/549/549 543/543/543
f 557/557/557 558/558/558 554/554/554 553/553/553
f 534/534/534 530/530/530 580/580/580
f 548/548/548 579/579/579 578/578/578
f 548/548/548 578/578/578 577/577/577
f 579/579/579 548/548/548 580/580/580
f 547/547/547 576/576/576 575/575/575
f 592/592/592 574/574/574 573/573/573
f 592/592/592 573/573/573 572/572/572
f 574/574/574 547/547/547 575/575/575
f 576/576/576 547/547/547 577/577/577
f 548/548/548 577/577/577 547/547/547
f 548/548/548 546/546/546 535/535/535 534/534/534
f 536/536/536 535/535/535 546/546/546 551/551/551
f 537/537/537 536/536/536 551/551/551 549/549/549
f 571/571/571 592/592/592 572/572/572
f 592/592/592 547/547/547 574/574/574
f 592/592/592 571/571/571 570/570/570 589/589/589
f 549/549/549 556/556/556 538/538/538 537/537/537
f 534/534/534 580/580/580 548/548/548
f 589/589/589 570/570/570 569/569/569
f 590/590/590 568/568/568 567/567/567
f 590/590/590 567/567/567 566/566/566
f 568/568/568 589/589/589 569/569/569
f 586/586/586 565/565/565 564/564/564
f 586/586/586 564/564/564 563/563/563
f 587/587/587 562/562/562 561/561/561
f 587/587/587 561/561/561 560/560/560
f 562/562/562 586/586/586 563/563/563
f 565/565/565 590/590/590 566/566/566
f 590/590/590 565/565/565 586/586/586
f 584/584/584 587/587/587 585/585/585 582/582/582
f 560/560/560 559/559/559 587/587/587
f 586/586/586 562/562/562 587/587/587
f 531/531/531 585/585/585 559/559/559
f 585/585/585 587/587/587 559/559/559
f 632/632/632 584/584/584 582/582/582 627/627/627
f 627/627/627 541/541/541 628/628/628 632/632/632
f 589/589/589 568/568/568 590/590/590
f 556/556/556 554/554/554 539/539/539 538/538/538
f 540/540/540 539/539/539 554/554/554 558/558/558
f 558/558/558 594/594/594 593/593/593 540/540/540
f 617/617/617 600/600/600 599/599/599 557/557/557
f 615/615/615 603/603/603 602/602/602 617/617/617
f 557/557/557 597/597/597 596/596/596 558/558/558
f 593/593/593 532/532/532 540/540/540
f 558/558/558 596/596/596 595/595/595
f 558/558/558 595/595/595 594/594/594
f 557/557/557 599/599/599 598/598/598
f 617/617/617 602/602/602 601/601/601
f 617/617/617 601/601/601 600/600/600
f 557/557/557 598/598/598 597/597/597
f 604/604/604 603/603/603 615/615/615
f 630/630/630 628/628/628 541/541/541 626/626/626
f 620/620/620 608/608/608 607/607/607 622/622/622
f 625/625/625 611/611/611 610/610/610 620/620/620
f 615/615/615 605/605/605 604/604/604
f 626/626/626 618/618/618 624/624/624 630/630/630
f 625/625/625 624/624/624 618/618/618 623/623/623
f 623/623/623 614/614/614 613/613/613 625/625/625
f 615/615/615 622/622/622 605/605/605
f 622/622/622 606/606/606 605/605/605
f 620/620/620 609/609/609 608/608/608
f 622/622/622 607/607/607 606/606/606
f 625/625/625 612/612/612 611/611/611
f 623/623/623 533/533/533 614/614/614
f 625/625/625 613/613/613 612/612/612
f 620/620/620 610/610/610 609/609/609
f 637/637/637 636/636/636 633/633/633 680/680/680
f 637/637/637 680/680/680 679/679/679 638/638/638
f 640/640/640 639/639/639 678/678/678 677/677/677
f 641/641/641 640/640/640 677/677/677 676/676/676
f 638/638/638 679/679/679 678/678/678 639/639/639
f 643/643/643 642/642/642 675/675/675 674/674/674
f 644/644/644 643/643/643 674/674/674 673/673/673
f 646/646/646 645/645/645 672/672/672 671/671/671
f 646/646/646 671/671/671 670/670/670 647/647/647
f 645/645/645 644/644/644 673/673/673 672/672/672
f 642/642/642 641/641/641 676/676/676 675/675/675
f 669/669/669 648/648/648 647/647/647 670/670/670
f 649/649/649 648/648/648 669/669/669 668/668/668
f 650/650/650 649/649/649 668/668/668 667/667/667
f 652/652/652 651/651/651 666/666/666 665/665/665
f 652/652/652 665/665/665 664/664/664 653/653/653
f 651/651/651 650/650/650 667/667/667 666/666/666
f 655/655/655 654/654/654 663/663/663 662/662/662
f 655/655/655 662/662/662 661/661/661 656/656/656
f 657/657/657 660/660/660 659/659/659 658/658/658
f 634/634/634 658/658/658 659/659/659 635/635/635
f 656/656/656 661/661/661 660/660/660 657/657/657
f 653/653/653 664/664/664 663/663/663 654/654/654
usemtl Default
v -2370 2340 -2050
v -2370 2330 -2050
v -2550 2340 -2050
v -2550 2330 -2050
v -2730 2340 -2050
v -2730 2330 -2050
v -2415 2340 -2050
v -2460 2340 -2050
v -2505 2340 -2050
v -2595 2340 -2050
v -2640 2340 -2050
v -2685 2340 -2050
v -2685 2330 -2050
v -2640 2330 -2050
v -2595 2330 -2050
v -2505 2330 -2050
v -2460 2330 -2050
v -2415 2330 -2050
v -2370 2340 -3050
v -2370 2330 -3050
v -2370 2340 -2050
v -2370 2330 -2050
v -2370 2340 -3006.521728515625
v -2370 2340 -2963.04345703125
v -2370 2340 -2919.565185546875
v -2370 2340 -2876.0869140625
v -2370 2340 -2832.608642578125
v -2370 2340 -2789.13037109375
v -2370 2340 -2745.652099609375
v -2370 2340 -2702.173828125
v -2370 2340 -2658.695556640625
v -2370 2340 -2615.21728515625
v -2370 2340 -2571.739013671875
v -2370 2340 -2528.260986328125
v -2370 2340 -2484.78271484375
v -2370 2340 -2441.304443359375
v -2370 2340 -2397.826171875
v -2370 2340 -2354.347900390625
v -2370 2340 -2310.86962890625
v -2370 2340 -2267.391357421875
v -2370 2340 -2223.9130859375
v -2370 2340 -2180.434814453125
v -2370 2340 -2136.95654296875
v -2370 2340 -2093.478271484375
v -2370 2330 -2093.478271484375
v -2370 2330 -2136.95654296875
v -2370 2330 -2180.434814453125
v -2370 2330 -2223.9130859375
v -2370 2330 -2267.391357421875
v -2370 2330 -2310.86962890625
v -2370 2330 -2354.347900390625
v -2370 2330 -2397.826171875
v -2370 2330 -2441.304443359375
v -2370 2330 -2484.78271484375
v -2370 2330 -2528.260986328125
v -2370 2330 -2571.739013671875
v -2370 2330 -2615.21728515625
v -2370 2330 -2658.695556640625
v -2370 2330 -2702.173828125
v -2370 2330 -2745.652099609375
v -2370 2330 -2789.13037109375
v -2370 2330 -2832.608642578125
v -2370 2330 -2876.0869140625
v -2370 2330 -2919.565185546875
v -2370 2330 -2963.04345703125
v -2370 2330 -3006.521728515625
v -2370 2330 -2050
v -2370 2330 -3050
v -2730 2330 -2050
v -2730 2330 -3050
v -2415 2330 -2050
v -2460 2330 -2050
v -2505 2330 -2050
v -2550 2330 -2050
v -2595 2330 -2050
v -2640 2330 -2050
v -2685 2330 -2050
v -2550 2330 -3050
v -2550 2330 -2550
v -2550 2330 -2300
v -2460 2330 -2550
v -2460 2330 -2300
v -2460 2330 -2175
v -2415 2330 -2300
v -2415 2330 -2175
v -2550 2330 -2175
v -2505 2330 -2300
v -2505 2330 -2175
v -2640 2330 -2550
v -2640 2330 -2300
v -2640 2330 -2175
v -2595 2330 -2300
v -2595 2330 -2175
v -2685 2330 -2300
v -2685 2330 -2175
v -2370 2330 -3006.521728515625
v -2370 2330 -2963.04345703125
v -2370 2330 -2919.565185546875
v -2370 2330 -2876.0869140625
v -2370 2330 -2832.608642578125
v -2370 2330 -2789.13037109375
v -2370 2330 -2745.652099609375
v -2370 2330 -2702.173828125
v -2370 2330 -2658.695556640625
v -2370 2330 -2615.21728515625
v -2370 2330 -2571.739013671875
v -2370 2330 -2528.260986328125
v -2370 2330 -2484.78271484375
v -2370 2330 -2441.304443359375
v -2370 2330 -2397.826171875
v -2370 2330 -2354.347900390625
v -2370 2330 -2310.86962890625
v -2370 2330 -2267.391357421875
v -2370 2330 -2223.9130859375
v -2370 2330 -2180.434814453125
v -2370 2330 -2136.95654296875
v -2370 2330 -2093.478271484375
v -2550 2330 -2800
v -2460 2330 -3050
v -2460 2330 -2800
v -2460 2330 -2925
v -2415 2330 -3050
v -2415 2330 -2800
v -2415 2330 -2925
v -2460 2330 -2675
v -2415 2330 -2550
v -2415 2330 -2675
v -2460 2330 -2425
v -2415 2330 -2425
v -2730 2330 -2093.478271484375
v -2730 2330 -2136.95654296875
v -2730 2330 -2180.434814453125
v -2730 2330 -2223.9130859375
v -2730 2330 -2267.391357421875
v -2730 2330 -2310.86962890625
v -2730 2330 -2354.347900390625
v -2730 2330 -2397.826171875
v -2730 2330 -2441.304443359375
v -2730 2330 -2484.78271484375
v -2730 2330 -2528.260986328125
v -2730 2330 -2571.739013671875
v -2730 2330 -2615.21728515625
v -2730 2330 -2658.695556640625
v -2730 2330 -2702.173828125
v -2730 2330 -2745.652099609375
v -2730 2330 -2789.13037109375
v -2730 2330 -2832.608642578125
v -2730 2330 -2876.0869140625
v -2730 2330 -2919.565185546875
v -2730 2330 -2963.04345703125
v -2730 2330 -3006.521728515625
v -2685 2330 -2550
v -2640 2330 -2425
v -2685 2330 -2425
v -2640 2330 -3050
v -2640 2330 -2800
v -2685 2330 -2800
v -2640 2330 -2675
v -2685 2330 -2675
v -2685 2330 -3050
v -2640 2330 -2925
v -2685 2330 -2925
v -2595 2330 -3050
v -2505 2330 -3050
v -2550 2330 -2925
v -2595 2330 -2800
v -2595 2330 -2925
v -2505 2330 -2800
v -2505 2330 -2925
v -2730 2340 -3050
v -2730 2330 -3050
v -2550 2340 -3050
v -2550 2330 -3050
v -2370 2340 -3050
v -2370 2330 -3050
v -2685 2340 -3050
v -2640 2340 -3050
v -2595 2340 -3050
v -2505 2340 -3050
v -2460 2340 -3050
v -2415 2340 -3050
v -2415 2330 -3050
v -2460 2330 -3050
v -2505 2330 -3050
v -2595 2330 -3050
v -2640 2330 -3050
v -2685 2330 -3050
v -2370 2340 -2050
v -2370 2340 -3050
v -2730 2340 -2050
v -2730 2340 -3050
v -2415 2340 -2050
v -2460 2340 -2050
v -2505 2340 -2050
v -2550 2340 -2050
v -2595 2340 -2050
v -2640 2340 -2050
v -2685 2340 -2050
v -2550 2340 -3050
v -2550 2340 -2550
v -2550 2340 -2300
v -2460 2340 -2550
v -2460 2340 -2300
v -2460 2340 -2175
v -2415 2340 -2300
v -2415 2340 -2175
v -2550 2340 -2175
v -2505 2340 -2300
v -2505 2340 -2175
v -2640 2340 -2550
v -2640 2340 -2300
v -2640 2340 -2175
v -2595 2340 -2300
v -2595 2340 -2175
v -2685 2340 -2300
v -2685 2340 -2175
v -2370 2340 -3006.521728515625
v -2370 2340 -2963.04345703125
v -2370 2340 -2919.565185546875
v -2370 2340 -2876.0869140625
v -2370 2340 -2832.608642578125
v -2370 2340 -2789.13037109375
v -2370 2340 -2745.652099609375
v -2370 2340 -2702.173828125
v -2370 2340 -2658.695556640625
v -2370 2340 -2615.21728515625
v -2370 2340 -2571.739013671875
v -2370 2340 -2528.260986328125
v -2370 2340 -2484.78271484375
v -2370 2340 -2441.304443359375
v -2370 2340 -2397.826171875
v -2370 2340 -2354.347900390625
v -2370 2340 -2310.86962890625
v -2370 2340 -2267.391357421875
v -2370 2340 -2223.9130859375
v -2370 2340 -2180.434814453125
v -2370 2340 -2136.95654296875
v -2370 2340 -2093.478271484375
v -2550 2340 -2800
v -2460 2340 -3050
v -2460 2340 -2800
v -2460 2340 -2925
v -2415 2340 -3050
v -2415 2340 -2800
v -2415 2340 -2925
v -2460 2340 -2675
v -2415 2340 -2550
v -2415 2340 -2675
v -2460 2340 -2425
v -2415 2340 -2425
v -2730 2340 -2093.478271484375
v -2730 2340 -2136.95654296875
v -2730 2340 -2180.434814453125
v -2730 2340 -2223.9130859375
v -2730 2340 -2267.391357421875
v -2730 2340 -2310.86962890625
v -2730 2340 -2354.347900390625
v -2730 2340 -2397.826171875
v -2730 2340 -2441.304443359375
v -2730 2340 -2484.78271484375
v -2730 2340 -2528.260986328125
v -2730 2340 -2571.739013671875
v -2730 2340 -2615.21728515625
v -2730 2340 -2658.695556640625
v -2730 2340 -2702.173828125
v -2730 2340 -2745.652099609375
v -2730 2340 -2789.13037109375
v -2730 2340 -2832.608642578125
v -2730 2340 -2876.0869140625
v -2730 2340 -2919.565185546875
v -2730 2340 -2963.04345703125
v -2730 2340 -3006.521728515625
v -2685 2340 -2550
v -2640 2340 -2425
v -2685 2340 -2425
v -2640 2340 -3050
v -2640 2340 -2800
v -2685 2340 -2800
v -2640 2340 -2675
v -2685 2340 -2675
v -2685 2340 -3050
v -2640 2340 -2925
v -2685 2340 -2925
v -2595 2340 -3050
v -2505 2340 -3050
v -2550 2340 -2925
v -2595 2340 -2800
v -2595 2340 -2925
v -2505 2340 -2800
v -2505 2340 -2925
v -2730 2340 -3050
v -2730 2330 -3050
v -2730 2340 -2050
v -2730 2330 -2050
v -2730 2340 -3006.521728515625
v -2730 2340 -2963.04345703125
v -2730 2340 -2919.565185546875
v -2730 2340 -2876.0869140625
v -2730 2340 -2832.608642578125
v -2730 2340 -2789.13037109375
v -2730 2340 -2745.652099609375
v -2730 2340 -2702.173828125
v -2730 2340 -2658.695556640625
v -2730 2340 -2615.21728515625
v -2730 2340 -2571.739013671875
v -2730 2340 -2528.260986328125
v -2730 2340 -2484.78271484375
v -2730 2340 -2441.304443359375
v -2730 2340 -2397.826171875
v -2730 2340 -2354.347900390625
v -2730 2340 -2310.86962890625
v -2730 2340 -2267.391357421875
v -2730 2340 -2223.9130859375
v -2730 2340 -2180.434814453125
v -2730 2340 -2136.95654296875
v -2730 2340 -2093.478271484375
v -2730 2330 -2093.478271484375
v -2730 2330 -2136.95654296875
v -2730 2330 -2180.434814453125
v -2730 2330 -2223.9130859375
v -2730 2330 -2267.391357421875
v -2730 2330 -2310.86962890625
v -2730 2330 -2354.347900390625
v -2730 2330 -2397.826171875
v -2730 2330 -2441.304443359375
v -2730 2330 -2484.78271484375
v -2730 2330 -2528.260986328125
v -2730 2330 -2571.739013671875
v -2730 2330 -2615.21728515625
v -2730 2330 -2658.695556640625
v -2730 2330 -2702.173828125
v -2730 2330 -2745.652099609375
v -2730 2330 -2789.13037109375
v -2730 2330 -2832.608642578125
v -2730 2330 -2876.0869140625
v -2730 2330 -2919.565185546875
v -2730 2330 -2963.04345703125
v -2730 2330 -3006.521728515625
vt 0.019607843831181526 0.013248542323708534
vt 0.019607843831181526 0.023052463307976723
vt 0.19607843458652496 0.013248542323708534
vt 0.19607843458652496 0.023052463307976723
vt 0.37254902720451355 0.013248542323708534
vt 0.37254902720451355 0.023052463307976723
vt 0.063725493848323822 0.013248542323708534
vt 0.10784313827753067 0.013248542323708534
vt 0.15196079015731812 0.013248542323708534
vt 0.24019607901573181 0.013248542323708534
vt 0.28431373834609985 0.013248542323708534
vt 0.32843136787414551 0.013248542323708534
vt 0.32843136787414551 0.023052463307976723
vt 0.28431373834609985 0.023052463307976723
vt 0.24019607901573181 0.023052463307976723
vt 0.15196079015731812 0.023052463307976723
vt 0.10784313827753067 0.023052463307976723
vt 0.063725493848323822 0.023052463307976723
vt 0.018143000081181526 0
vt 0.0098039219155907631 0
vt 0.018143000081181526 0.97892731428146362
vt 0.0098039219155907631 0.97892731428146362
vt 0.018143000081181526 0.042562056332826614
vt 0.018143000081181526 0.085124112665653229
vt 0.018143000081181526 0.12768617272377014
vt 0.018143000081181526 0.17024822533130646
vt 0.018143000081181526 0.21281027793884277
vt 0.018143000081181526 0.25537234544754028
vt 0.018143000081181526 0.29793438315391541
vt 0.018143000081181526 0.34049645066261292
vt 0.018143000081181526 0.38305851817131042
vt 0.018143000081181526 0.42562055587768555
vt 0.018143000081181526 0.46818262338638306
vt 0.018143000081181526 0.51074469089508057
vt 0.018143000081181526 0.5533066987991333
vt 0.018143000081181526 0.59586876630783081
vt 0.018143000081181526 0.6384308934211731
vt 0.018143000081181526 0.68099290132522583
vt 0.018143000081181526 0.72355496883392334
vt 0.018143000081181526 0.76611703634262085
vt 0.018143000081181526 0.80867904424667358
vt 0.018143000081181526 0.85124111175537109
vt 0.018143000081181526 0.89380323886871338
vt 0.018143000081181526 0.93636524677276611
vt 0.0098039219155907631 0.93636524677276611
vt 0.0098039219155907631 0.89380323886871338
vt 0.0098039219155907631 0.85124111175537109
vt 0.0098039219155907631 0.80867904424667358
vt 0.0098039219155907631 0.76611703634262085
vt 0.0098039219155907631 0.72355496883392334
vt 0.0098039219155907631 0.68099290132522583
vt 0.0098039219155907631 0.6384308934211731
vt 0.0098039219155907631 0.59586876630783081
vt 0.0098039219155907631 0.5533066987991333
vt 0.0098039219155907631 0.51074469089508057
vt 0.0098039219155907631 0.46818262338638306
vt 0.0098039219155907631 0.42562055587768555
vt 0.0098039219155907631 0.38305851817131042
vt 0.0098039219155907631 0.34049645066261292
vt 0.0098039219155907631 0.29793438315391541
vt 0.0098039219155907631 0.25537234544754028
vt 0.0098039219155907631 0.21281027793884277
vt 0.0098039219155907631 0.17024822533130646
vt 0.0098039219155907631 0.12768617272377014
vt 0.0098039219155907631 0.085124112665653229
vt 0.0098039219155907631 0.042562056332826614
vt 0.99853515625 0.5034446120262146
vt 0.019607843831181526 0.5034446120262146
vt 0.99853515625 0.85638582706451416
vt 0.019607843831181526 0.85638582706451416
vt 0.99853515625 0.54756224155426025
vt 0.99853515625 0.59167993068695068
vt 0.99853515625 0.63579756021499634
vt 0.99853515625 0.67991518974304199
vt 0.99853515625 0.72403287887573242
vt 0.99853515625 0.76815050840377808
vt 0.99853515625 0.81226813793182373
vt 0.019607843831181526 0.67991518974304199
vt 0.50907152891159058 0.67991518974304199
vt 0.7538033127784729 0.67991518974304199
vt 0.50907152891159058 0.59167993068695068
vt 0.7538033127784729 0.59167993068695068
vt 0.87616926431655884 0.59167993068695068
vt 0.7538033127784729 0.54756224155426025
vt 0.87616926431655884 0.54756224155426025
vt 0.87616926431655884 0.67991518974304199
vt 0.7538033127784729 0.63579756021499634
vt 0.87616926431655884 0.63579756021499634
vt 0.50907152891159058 0.76815050840377808
vt 0.7538033127784729 0.76815050840377808
vt 0.87616926431655884 0.76815050840377808
vt 0.7538033127784729 0.72403287887573242
vt 0.87616926431655884 0.72403287887573242
vt 0.7538033127784729 0.81226813793182373
vt 0.87616926431655884 0.81226813793182373
vt 0.062169890850782394 0.5034446120262146
vt 0.10473193973302841 0.5034446120262146
vt 0.14729404449462891 0.5034446120262146
vt 0.18985608220100403 0.5034446120262146
vt 0.23241813480854034 0.5034446120262146
vt 0.27498018741607666 0.5034446120262146
vt 0.31754222512245178 0.5034446120262146
vt 0.3601042628288269 0.5034446120262146
vt 0.40266638994216919 0.5034446120262146
vt 0.44522842764854431 0.5034446120262146
vt 0.48779046535491943 0.5034446120262146
vt 0.53035253286361694 0.5034446120262146
vt 0.57291460037231445 0.5034446120262146
vt 0.61547666788101196 0.5034446120262146
vt 0.6580386757850647 0.5034446120262146
vt 0.70060074329376221 0.5034446120262146
vt 0.74316281080245972 0.5034446120262146
vt 0.78572487831115723 0.5034446120262146
vt 0.82828694581985474 0.5034446120262146
vt 0.87084901332855225 0.5034446120262146
vt 0.91341102123260498 0.5034446120262146
vt 0.95597308874130249 0.5034446120262146
vt 0.26433968544006348 0.67991518974304199
vt 0.019607843831181526 0.59167993068695068
vt 0.26433968544006348 0.59167993068695068
vt 0.14197376370429993 0.59167993068695068
vt 0.019607843831181526 0.54756224155426025
vt 0.26433968544006348 0.54756224155426025
vt 0.14197376370429993 0.54756224155426025
vt 0.38670557737350464 0.59167993068695068
vt 0.50907152891159058 0.54756224155426025
vt 0.38670557737350464 0.54756224155426025
vt 0.63143742084503174 0.59167993068695068
vt 0.63143742084503174 0.54756224155426025
vt 0.95597308874130249 0.85638582706451416
vt 0.91341102123260498 0.85638582706451416
vt 0.87084901332855225 0.85638582706451416
vt 0.82828694581985474 0.85638582706451416
vt 0.78572487831115723 0.85638582706451416
vt 0.74316281080245972 0.85638582706451416
vt 0.70060074329376221 0.85638582706451416
vt 0.6580386757850647 0.85638582706451416
vt 0.61547666788101196 0.85638582706451416
vt 0.57291460037231445 0.85638582706451416
vt 0.53035253286361694 0.85638582706451416
vt 0.48779046535491943 0.85638582706451416
vt 0.44522842764854431 0.85638582706451416
vt 0.40266638994216919 0.85638582706451416
vt 0.3601042628288269 0.85638582706451416
vt 0.31754222512245178 0.85638582706451416
vt 0.27498018741607666 0.85638582706451416
vt 0.23241813480854034 0.85638582706451416
vt 0.18985608220100403 0.85638582706451416
vt 0.14729404449462891 0.85638582706451416
vt 0.10473193973302841 0.85638582706451416
vt 0.062169890850782394 0.85638582706451416
vt 0.50907152891159058 0.81226813793182373
vt 0.63143742084503174 0.76815050840377808
vt 0.63143742084503174 0.81226813793182373
vt 0.019607843831181526 0.76815050840377808
vt 0.26433968544006348 0.76815050840377808
vt 0.26433968544006348 0.81226813793182373
vt 0.38670557737350464 0.76815050840377808
vt 0.38670557737350464 0.81226813793182373
vt 0.019607843831181526 0.81226813793182373
vt 0.14197376370429993 0.76815050840377808
vt 0.14197376370429993 0.81226813793182373
vt 0.019607843831181526 0.72403287887573242
vt 0.019607843831181526 0.63579756021499634
vt 0.14197376370429993 0.67991518974304199
vt 0.26433968544006348 0.72403287887573242
vt 0.14197376370429993 0.72403287887573242
vt 0.26433968544006348 0.63579756021499634
vt 0.14197376370429993 0.63579756021499634
vt 0.019607843831181526 0
vt 0.019607843831181526 0.0098039219155907631
vt 0.19607843458652496 0
vt 0.19607843458652496 0.0098039219155907631
vt 0.37254902720451355 0
vt 0.37254902720451355 0.0098039219155907631
vt 0.063725493848323822 0
vt 0.10784313827753067 0
vt 0.15196079015731812 0
vt 0.24019607901573181 0
vt 0.28431373834609985 0
vt 0.32843136787414551 0
vt 0.32843136787414551 0.0098039219155907631
vt 0.28431373834609985 0.0098039219155907631
vt 0.24019607901573181 0.0098039219155907631
vt 0.15196079015731812 0.0098039219155907631
vt 0.10784313827753067 0.0098039219155907631
vt 0.063725493848323822 0.0098039219155907631
vt 0.99853515625 0.026497084647417068
vt 0.019607843831181526 0.026497084647417068
vt 0.99853515625 0.37943825125694275
vt 0.019607843831181526 0.37943825125694275
vt 0.99853515625 0.070614732801914215
vt 0.99853515625 0.11473237723112106
vt 0.99853515625 0.15885002911090851
vt 0.99853515625 0.20296767354011536
vt 0.99853515625 0.2470853179693222
vt 0.99853515625 0.29120296239852905
vt 0.99853515625 0.33532062172889709
vt 0.019607843831181526 0.20296767354011536
vt 0.50907152891159058 0.20296767354011536
vt 0.7538033127784729 0.20296767354011536
vt 0.50907152891159058 0.11473237723112106
vt 0.7538033127784729 0.11473237723112106
vt 0.87616926431655884 0.11473237723112106
vt 0.7538033127784729 0.070614732801914215
vt 0.87616926431655884 0.070614732801914215
vt 0.87616926431655884 0.20296767354011536
vt 0.7538033127784729 0.15885002911090851
vt 0.87616926431655884 0.15885002911090851
vt 0.50907152891159058 0.29120296239852905
vt 0.7538033127784729 0.29120296239852905
vt 0.87616926431655884 0.29120296239852905
vt 0.7538033127784729 0.2470853179693222
vt 0.87616926431655884 0.2470853179693222
vt 0.7538033127784729 0.33532062172889709
vt 0.87616926431655884 0.33532062172889709
vt 0.062169890850782394 0.026497084647417068
vt 0.10473193973302841 0.026497084647417068
vt 0.14729404449462891 0.026497084647417068
vt 0.18985608220100403 0.026497084647417068
vt 0.23241813480854034 0.026497084647417068
vt 0.27498018741607666 0.026497084647417068
vt 0.31754222512245178 0.026497084647417068
vt 0.3601042628288269 0.026497084647417068
vt 0.40266638994216919 0.026497084647417068
vt 0.44522842764854431 0.026497084647417068
vt 0.48779046535491943 0.026497084647417068
vt 0.53035253286361694 0.026497084647417068
vt 0.57291460037231445 0.026497084647417068
vt 0.61547666788101196 0.026497084647417068
vt 0.6580386757850647 0.026497084647417068
vt 0.70060074329376221 0.026497084647417068
vt 0.74316281080245972 0.026497084647417068
vt 0.78572487831115723 0.026497084647417068
vt 0.82828694581985474 0.026497084647417068
vt 0.87084901332855225 0.026497084647417068
vt 0.91341102123260498 0.026497084647417068
vt 0.95597308874130249 0.026497084647417068
vt 0.26433968544006348 0.20296767354011536
vt 0.019607843831181526 0.11473237723112106
vt 0.26433968544006348 0.11473237723112106
vt 0.14197376370429993 0.11473237723112106
vt 0.019607843831181526 0.070614732801914215
vt 0.26433968544006348 0.070614732801914215
vt 0.14197376370429993 0.070614732801914215
vt 0.38670557737350464 0.11473237723112106
vt 0.50907152891159058 0.070614732801914215
vt 0.38670557737350464 0.070614732801914215
vt 0.63143742084503174 0.11473237723112106
vt 0.63143742084503174 0.070614732801914215
vt 0.95597308874130249 0.37943825125694275
vt 0.91341102123260498 0.37943825125694275
vt 0.87084901332855225 0.37943825125694275
vt 0.82828694581985474 0.37943825125694275
vt 0.78572487831115723 0.37943825125694275
vt 0.74316281080245972 0.37943825125694275
vt 0.70060074329376221 0.37943825125694275
vt 0.6580386757850647 0.37943825125694275
vt 0.61547666788101196 0.37943825125694275
vt 0.57291460037231445 0.37943825125694275
vt 0.53035253286361694 0.37943825125694275
vt 0.48779046535491943 0.37943825125694275
vt 0.44522842764854431 0.37943825125694275
vt 0.40266638994216919 0.37943825125694275
vt 0.3601042628288269 0.37943825125694275
vt 0.31754222512245178 0.37943825125694275
vt 0.27498018741607666 0.37943825125694275
vt 0.23241813480854034 0.37943825125694275
vt 0.18985608220100403 0.37943825125694275
vt 0.14729404449462891 0.37943825125694275
vt 0.10473193973302841 0.37943825125694275
vt 0.062169890850782394 0.37943825125694275
vt 0.50907152891159058 0.33532062172889709
vt 0.63143742084503174 0.29120296239852905
vt 0.63143742084503174 0.33532062172889709
vt 0.019607843831181526 0.29120296239852905
vt 0.26433968544006348 0.29120296239852905
vt 0.26433968544006348 0.33532062172889709
vt 0.38670557737350464 0.29120296239852905
vt 0.38670557737350464 0.33532062172889709
vt 0.019607843831181526 0.33532062172889709
vt 0.14197376370429993 0.29120296239852905
vt 0.14197376370429993 0.33532062172889709
vt 0.019607843831181526 0.2470853179693222
vt 0.019607843831181526 0.15885002911090851
vt 0.14197376370429993 0.20296767354011536
vt 0.26433968544006348 0.2470853179693222
vt 0.14197376370429993 0.2470853179693222
vt 0.26433968544006348 0.15885002911090851
vt 0.14197376370429993 0.15885002911090851
vt 0.0083390781655907631 0
vt 0 0
vt 0.0083390781655907631 0.97892731428146362
vt 0 0.97892731428146362
vt 0.0083390781655907631 0.042562056332826614
vt 0.0083390781655907631 0.085124112665653229
vt 0.0083390781655907631 0.12768617272377014
vt 0.0083390781655907631 0.17024822533130646
vt 0.0083390781655907631 0.21281027793884277
vt 0.0083390781655907631 0.25537234544754028
vt 0.0083390781655907631 0.29793438315391541
vt 0.0083390781655907631 0.34049645066261292
vt 0.0083390781655907631 0.38305851817131042
vt 0.0083390781655907631 0.42562055587768555
vt 0.0083390781655907631 0.46818262338638306
vt 0.0083390781655907631 0.51074469089508057
vt 0.0083390781655907631 0.5533066987991333
vt 0.0083390781655907631 0.59586876630783081
vt 0.0083390781655907631 0.6384308934211731
vt 0.0083390781655907631 0.68099290132522583
vt 0.0083390781655907631 0.72355496883392334
vt 0.0083390781655907631 0.76611703634262085
vt 0.0083390781655907631 0.80867904424667358
vt 0.0083390781655907631 0.85124111175537109
vt 0.0083390781655907631 0.89380323886871338
vt 0.0083390781655907631 0.93636524677276611
vt 0 0.93636524677276611
vt 0 0.89380323886871338
vt 0 0.85124111175537109
vt 0 0.80867904424667358
vt 0 0.76611703634262085
vt 0 0.72355496883392334
vt 0 0.68099290132522583
vt 0 0.6384308934211731
vt 0 0.59586876630783081
vt 0 0.5533066987991333
vt 0 0.51074469089508057
vt 0 0.46818262338638306
vt 0 0.42562055587768555
vt 0 0.38305851817131042
vt 0 0.34049645066261292
vt 0 0.29793438315391541
vt 0 0.25537234544754028
vt 0 0.21281027793884277
vt 0 0.17024822533130646
vt 0 0.12768617272377014
vt 0 0.085124112665653229
vt 0 0.042562056332826614
vn 0 0 1
vn 0 0 1
vn 0 0 1
vn 0 0 1
vn 0 0 1
vn 0 0 1
vn 0 0 1
vn 0 0 1
vn 0 0 1
vn 0 0 1
vn 0 0 1
vn 0 0 1
vn 0 0 1
vn 0 0 1
vn 0 0 1
vn 0 0 1
vn 0 0 1
vn 0 0 1
vn 1 0 0
vn 1 0 0
vn 1 0 0
vn 1 0 0
vn 1 0 0
vn 1 0 0
vn 1 0 0
vn 1 0 0
vn 1 0 0
vn 1 0 0
vn 1 0 0
vn 1 0 0
vn 1 0 0
vn 1 0 0
vn 1 0 0
vn 1 0 0
vn 1 0 0
vn 1 0 0
vn 1 0 0
vn 1 0 0
vn 1 0 0
vn 1 0 0
vn 1 0 0
vn 1 0 0
vn 1 0 0
vn 1 0 0
vn 1 0 0
vn 1 0 0
vn 1 0 0
vn 1 0 0
vn 1 0 0
vn 1 0 0
vn 1 0 0
vn 1 0 0
vn 1 0 0
vn 1 0 0
vn 1 0 0
vn 1 0 0
vn 1 0 0
vn 1 0 0
vn 1 0 0
vn 1 0 0
vn 1 0 0
vn 1 0 0
vn 1 0 0
vn 1 0 0
vn 1 0 0
vn 1 0 0
vn 0 -1 0
vn 0 -1 0
vn 0 -1 0
vn 0 -1 0
vn 0 -1 0
vn 0 -1 0
vn 0 -1 0
vn 0 -1 0
vn 0 -1 0
vn 0 -1 0
vn 0 -1 0
vn 0 -1 0
vn 0 -1 0
vn 0 -1 0
vn 0 -1 0
vn 0 -1 0
vn 0 -1 0
vn 0 -1 0
vn 0 -1 0
vn 0 -1 0
vn 0 -1 0
vn 0 -1 0
vn 0 -1 0
vn 0 -1 0
vn 0 -1 0
vn 0 -1 0
vn 0 -1 0
vn 0 -1 0
vn 0 -1 0
vn 0 -1 0
vn 0 -1 0
vn 0 -1 0
vn 0 -1 0
vn 0 -1 0
vn 0 -1 0
vn 0 -1 0
vn 0 -1 0
vn 0 -1 0
vn 0 -1 0
vn 0 -1 0
vn 0 -1 0
vn 0 -1 0
vn 0 -1 0
vn 0 -1 0
vn 0 -1 0
vn 0 -1 0
vn 0 -1 0
vn 0 -1 0
vn 0 -1 0
vn 0 -1 0
vn 0 -1 0
vn 0 -1 0
vn 0 -1 0
vn 0 -1 0
vn 0 -1 0
vn 0 -1 0
vn 0 -1 0
vn 0 -1 0
vn 0 -1 0
vn 0 -1 0
vn 0 -1 0
vn 0 -1 0
vn 0 -1 0
vn 0 -1 0
vn 0 -1 0
vn 0 -1 0
vn 0 -1 0
vn 0 -1 0
vn 0 -1 0
vn 0 -1 0
vn 0 -1 0
vn 0 -1 0
vn 0 -1 0
vn 0 -1 0
vn 0 -1 0
vn 0 -1 0
vn 0 -1 0
vn 0 -1 0
vn 0 -1 0
vn 0 -1 0
vn 0 -1 0
vn 0 -1 0
vn 0 -1 0
vn 0 -1 0
vn 0 -1 0
vn 0 -1 0
vn 0 -1 0
vn 0 -1 0
vn 0 -1 0
vn 0 -1 0
vn 0 -1 0
vn 0 -1 0
vn 0 -1 0
vn 0 -1 0
vn 0 -1 0
vn 0 -1 0
vn 0 -1 0
vn 0 -1 0
vn 0 -1 0
vn 0 -1 0
vn 0 -1 0
vn 0 -1 0
vn 0 -1 0
vn 0 0 -1
vn 0 0 -1
vn 0 0 -1
vn 0 0 -1
vn 0 0 -1
vn 0 0 -1
vn 0 0 -1
vn 0 0 -1
vn 0 0 -1
vn 0 0 -1
vn 0 0 -1
vn 0 0 -1
vn 0 0 -1
vn 0 0 -1
vn 0 0 -1
vn 0 0 -1
vn 0 0 -1
vn 0 0 -1
vn 0 1 0
vn 0 1 0
vn 0 1 0
vn 0 1 0
vn 0 1 0
vn 0 1 0
vn 0 1 0
vn 0 1 0
vn 0 1 0
vn 0 1 0
vn 0 1 0
vn 0 1 0
vn 0 1 0
vn 0 1 0
vn 0 1 0
vn 0 1 0
vn 0 1 0
vn 0 1 0
vn 0 1 0
vn 0 1 0
vn 0 1 0
vn 0 1 0
vn 0 1 0
vn 0 1 0
vn 0 1 0
vn 0 1 0
vn 0 1 0
vn 0 1 0
vn 0 1 0
vn 0 1 0
vn 0 1 0
vn 0 1 0
vn 0 1 0
vn 0 1 0
vn 0 1 0
vn 0 1 0
vn 0 1 0
vn 0 1 0
vn 0 1 0
vn 0 1 0
vn 0 1 0
vn 0 1 0
vn 0 1 0
vn 0 1 0
vn 0 1 0
vn 0 1 0
vn 0 1 0
vn 0 1 0
vn 0 1 0
vn 0 1 0
vn 0 1 0
vn 0 1 0
vn 0 1 0
vn 0 1 0
vn 0 1 0
vn 0 1 0
vn 0 1 0
vn 0 1 0
vn 0 1 0
vn 0 1 0
vn 0 1 0
vn 0 1 0
vn 0 1 0
vn 0 1 0
vn 0 1 0
vn 0 1 0
vn 0 1 0
vn 0 1 0
vn 0 1 0
vn 0 1 0
vn 0 1 0
vn 0 1 0
vn 0 1 0
vn 0 1 0
vn 0 1 0
vn 0 1 0
vn 0 1 0
vn 0 1 0
vn 0 1 0
vn 0 1 0
vn 0 1 0
vn 0 1 0
vn 0 1 0
vn 0 1 0
vn 0 1 0
vn 0 1 0
vn 0 1 0
vn 0 1 0
vn 0 1 0
vn 0 1 0
vn 0 1 0
vn 0 1 0
vn 0 1 0
vn 0 1 0
vn 0 1 0
vn 0 1 0
vn 0 1 0
vn 0 1 0
vn 0 1 0
vn 0 1 0
vn 0 1 0
vn 0 1 0
vn 0 1 0
vn -1 0 0
vn -1 0 0
vn -1 0 0
vn -1 0 0
vn -1 0 0
vn -1 0 0
vn -1 0 0
vn -1 0 0
vn -1 0 0
vn -1 0 0
vn -1 0 0
vn -1 0 0
vn -1 0 0
vn -1 0 0
vn -1 0 0
vn -1 0 0
vn -1 0 0
vn -1 0 0
vn -1 0 0
vn -1 0 0
vn -1 0 0
vn -1 0 0
vn -1 0 0
vn -1 0 0
vn -1 0 0
vn -1 0 0
vn -1 0 0
vn -1 0 0
vn -1 0 0
vn -1 0 0
vn -1 0 0
vn -1 0 0
vn -1 0 0
vn -1 0 0
vn -1 0 0
vn -1 0 0
vn -1 0 0
vn -1 0 0
vn -1 0 0
vn -1 0 0
vn -1 0 0
vn -1 0 0
vn -1 0 0
vn -1 0 0
vn -1 0 0
vn -1 0 0
vn -1 0 0
vn -1 0 0
f 687/687/687 698/698/698 682/682/682 681/681/681
f 689/689/689 696/696/696 697/697/697 688/688/688
f 688/688/688 697/697/697 698/698/698 687/687/687
f 683/683/683 684/684/684 696/696/696 689/689/689
f 691/691/691 694/694/694 695/695/695 690/690/690
f 685/685/685 686/686/686 693/693/693 692/692/692
f 692/692/692 693/693/693 694/694/694 691/691/691
f 690/690/690 695/695/695 684/684/684 683/683/683
f 699/699/699 703/703/703 746/746/746 700/700/700
f 703/703/703 704/704/704 745/745/745 746/746/746
f 705/705/705 706/706/706 743/743/743 744/744/744
f 707/707/707 742/742/742 743/743/743 706/706/706
f 704/704/704 705/705/705 744/744/744 745/745/745
f 709/709/709 740/740/740 741/741/741 708/708/708
f 710/710/710 739/739/739 740/740/740 709/709/709
f 711/711/711 712/712/712 737/737/737 738/738/738
f 712/712/712 713/713/713 736/736/736 737/737/737
f 711/711/711 738/738/738 739/739/739 710/710/710
f 708/708/708 741/741/741 742/742/742 707/707/707
f 736/736/736 713/713/713 714/714/714 735/735/735
f 715/715/715 734/734/734 735/735/735 714/714/714
f 716/716/716 733/733/733 734/734/734 715/715/715
f 717/717/717 718/718/718 731/731/731 732/732/732
f 718/718/718 719/719/719 730/730/730 731/731/731
f 717/717/717 732/732/732 733/733/733 716/716/716
f 721/721/721 728/728/728 729/729/729 720/720/720
f 722/722/722 727/727/727 728/728/728 721/721/721
f 724/724/724 725/725/725 726/726/726 723/723/723
f 701/701/701 702/702/702 725/725/725 724/724/724
f 723/723/723 726/726/726 727/727/727 722/722/722
f 720/720/720 729/729/729 730/730/730 719/719/719
f 842/842/842 841/841/841 836/836/836 837/837/837
f 847/847/847 845/845/845 798/798/798 846/846/846
f 841/841/841 847/847/847 846/846/846 836/836/836
f 838/838/838 836/836/836 846/846/846
f 846/846/846 798/798/798 759/759/759
f 759/759/759 769/769/769 838/838/838
f 838/838/838 846/846/846 759/759/759
f 837/837/837 836/836/836 838/838/838 839/839/839
f 839/839/839 838/838/838 769/769/769 832/832/832
f 849/849/849 801/801/801 800/800/800 848/848/848
f 845/845/845 849/849/849 848/848/848 798/798/798
f 801/801/801 804/804/804 803/803/803 800/800/800
f 800/800/800 803/803/803 807/807/807 805/805/805
f 805/805/805 807/807/807 806/806/806 761/761/761
f 848/848/848 800/800/800 805/805/805
f 805/805/805 761/761/761 759/759/759
f 759/759/759 798/798/798 848/848/848
f 848/848/848 805/805/805 759/759/759
f 808/808/808 762/762/762 767/767/767
f 767/767/767 760/760/760 759/759/759
f 759/759/759 761/761/761 808/808/808
f 808/808/808 767/767/767 759/759/759
f 761/761/761 806/806/806 809/809/809 808/808/808
f 808/808/808 809/809/809 764/764/764 762/762/762
f 762/762/762 764/764/764 765/765/765 763/763/763
f 760/760/760 767/767/767 768/768/768 766/766/766
f 767/767/767 762/762/762 763/763/763 768/768/768
f 832/832/832 769/769/769 833/833/833 834/834/834
f 834/834/834 833/833/833 770/770/770 774/774/774
f 772/772/772 770/770/770 833/833/833
f 833/833/833 769/769/769 759/759/759
f 759/759/759 760/760/760 772/772/772
f 772/772/772 833/833/833 759/759/759
f 770/770/770 772/772/772 773/773/773 771/771/771
f 772/772/772 760/760/760 766/766/766 773/773/773
f 774/774/774 770/770/770 771/771/771 775/775/775
f 751/751/751 797/797/797 747/747/747
f 765/765/765 795/795/795 796/796/796
f 765/765/765 794/794/794 795/795/795
f 796/796/796 797/797/797 765/765/765
f 764/764/764 792/792/792 793/793/793
f 809/809/809 790/790/790 791/791/791
f 809/809/809 789/789/789 790/790/790
f 791/791/791 792/792/792 764/764/764
f 793/793/793 794/794/794 764/764/764
f 765/765/765 764/764/764 794/794/794
f 765/765/765 751/751/751 752/752/752 763/763/763
f 753/753/753 768/768/768 763/763/763 752/752/752
f 754/754/754 766/766/766 768/768/768 753/753/753
f 788/788/788 789/789/789 809/809/809
f 809/809/809 791/791/791 764/764/764
f 809/809/809 806/806/806 787/787/787 788/788/788
f 766/766/766 754/754/754 755/755/755 773/773/773
f 751/751/751 765/765/765 797/797/797
f 806/806/806 786/786/786 787/787/787
f 807/807/807 784/784/784 785/785/785
f 807/807/807 783/783/783 784/784/784
f 785/785/785 786/786/786 806/806/806
f 803/803/803 781/781/781 782/782/782
f 803/803/803 780/780/780 781/781/781
f 804/804/804 778/778/778 779/779/779
f 804/804/804 777/777/777 778/778/778
f 779/779/779 780/780/780 803/803/803
f 782/782/782 783/783/783 807/807/807
f 807/807/807 803/803/803 782/782/782
f 801/801/801 799/799/799 802/802/802 804/804/804
f 777/777/777 804/804/804 776/776/776
f 803/803/803 804/804/804 779/779/779
f 748/748/748 776/776/776 802/802/802
f 802/802/802 776/776/776 804/804/804
f 849/849/849 844/844/844 799/799/799 801/801/801
f 844/844/844 849/849/849 845/845/845 758/758/758
f 806/806/806 807/807/807 785/785/785
f 773/773/773 755/755/755 756/756/756 771/771/771
f 757/757/757 775/775/775 771/771/771 756/756/756
f 775/775/775 757/757/757 810/810/810 811/811/811
f 834/834/834 774/774/774 816/816/816 817/817/817
f 832/832/832 834/834/834 819/819/819 820/820/820
f 774/774/774 775/775/775 813/813/813 814/814/814
f 810/810/810 757/757/757 749/749/749
f 775/775/775 812/812/812 813/813/813
f 775/775/775 811/811/811 812/812/812
f 774/774/774 815/815/815 816/816/816
f 834/834/834 818/818/818 819/819/819
f 834/834/834 817/817/817 818/818/818
f 774/774/774 814/814/814 815/815/815
f 821/821/821 832/832/832 820/820/820
f 847/847/847 843/843/843 758/758/758 845/845/845
f 837/837/837 839/839/839 824/824/824 825/825/825
f 842/842/842 837/837/837 827/827/827 828/828/828
f 832/832/832 821/821/821 822/822/822
f 843/843/843 847/847/847 841/841/841 835/835/835
f 842/842/842 840/840/840 835/835/835 841/841/841
f 840/840/840 842/842/842 830/830/830 831/831/831
f 832/832/832 822/822/822 839/839/839
f 839/839/839 822/822/822 823/823/823
f 837/837/837 825/825/825 826/826/826
f 839/839/839 823/823/823 824/824/824
f 842/842/842 828/828/828 829/829/829
f 840/840/840 831/831/831 750/750/750
f 842/842/842 829/829/829 830/830/830
f 837/837/837 826/826/826 827/827/827
f 856/856/856 867/867/867 851/851/851 850/850/850
f 858/858/858 865/865/865 866/866/866 857/857/857
f 857/857/857 866/866/866 867/867/867 856/856/856
f 852/852/852 853/853/853 865/865/865 858/858/858
f 860/860/860 863/863/863 864/864/864 859/859/859
f 854/854/854 855/855/855 862/862/862 861/861/861
f 861/861/861 862/862/862 863/863/863 860/860/860
f 859/859/859 864/864/864 853/853/853 852/852/852
f 963/963/963 958/958/958 957/957/957 962/962/962
f 968/968/968 967/967/967 919/919/919 966/966/966
f 962/962/962 957/957/957 967/967/967 968/968/968
f 959/959/959 967/967/967 957/957/957
f 967/967/967 880/880/880 919/919/919
f 880/880/880 959/959/959 890/890/890
f 959/959/959 880/880/880 967/967/967
f 958/958/958 960/960/960 959/959/959 957/957/957
f 960/960/960 953/953/953 890/890/890 959/959/959
f 970/970/970 969/969/969 921/921/921 922/922/922
f 966/966/966 919/919/919 969/969/969 970/970/970
f 922/922/922 921/921/921 924/924/924 925/925/925
f 921/921/921 926/926/926 928/928/928 924/924/924
f 926/926/926 882/882/882 927/927/927 928/928/928
f 969/969/969 926/926/926 921/921/921
f 926/926/926 880/880/880 882/882/882
f 880/880/880 969/969/969 919/919/919
f 969/969/969 880/880/880 926/926/926
f 929/929/929 888/888/888 883/883/883
f 888/888/888 880/880/880 881/881/881
f 880/880/880 929/929/929 882/882/882
f 929/929/929 880/880/880 888/888/888
f 882/882/882 929/929/929 930/930/930 927/927/927
f 929/929/929 883/883/883 885/885/885 930/930/930
f 883/883/883 884/884/884 886/886/886 885/885/885
f 881/881/881 887/887/887 889/889/889 888/888/888
f 888/888/888 889/889/889 884/884/884 883/883/883
f 953/953/953 955/955/955 954/954/954 890/890/890
f 955/955/955 895/895/895 891/891/891 954/954/954
f 893/893/893 954/954/954 891/891/891
f 954/954/954 880/880/880 890/890/890
f 880/880/880 893/893/893 881/881/881
f 893/893/893 880/880/880 954/954/954
f 891/891/891 892/892/892 894/894/894 893/893/893
f 893/893/893 894/894/894 887/887/887 881/881/881
f 895/895/895 896/896/896 892/892/892 891/891/891
f 872/872/872 868/868/868 918/918/918
f 886/886/886 917/917/917 916/916/916
f 886/886/886 916/916/916 915/915/915
f 917/917/917 886/886/886 918/918/918
f 885/885/885 914/914/914 913/913/913
f 930/930/930 912/912/912 911/911/911
f 930/930/930 911/911/911 910/910/910
f 912/912/912 885/885/885 913/913/913
f 914/914/914 885/885/885 915/915/915
f 886/886/886 915/915/915 885/885/885
f 886/886/886 884/884/884 873/873/873 872/872/872
f 874/874/874 873/873/873 884/884/884 889/889/889
f 875/875/875 874/874/874 889/889/889 887/887/887
f 909/909/909 930/930/930 910/910/910
f 930/930/930 885/885/885 912/912/912
f 930/930/930 909/909/909 908/908/908 927/927/927
f 887/887/887 894/894/894 876/876/876 875/875/875
f 872/872/872 918/918/918 886/886/886
f 927/927/927 908/908/908 907/907/907
f 928/928/928 906/906/906 905/905/905
f 928/928/928 905/905/905 904/904/904
f 906/906/906 927/927/927 907/907/907
f 924/924/924 903/903/903 902/902/902
f 924/924/924 902/902/902 901/901/901
f 925/925/925 900/900/900 899/899/899
f 925/925/925 899/899/899 898/898/898
f 900/900/900 924/924/924 901/901/901
f 903/903/903 928/928/928 904/904/904
f 928/928/928 903/903/903 924/924/924
f 922/922/922 925/925/925 923/923/923 920/920/920
f 898/898/898 897/897/897 925/925/925
f 924/924/924 900/900/900 925/925/925
f 869/869/869 923/923/923 897/897/897
f 923/923/923 925/925/925 897/897/897
f 970/970/970 922/922/922 920/920/920 965/965/965
f 965/965/965 879/879/879 966/966/966 970/970/970
f 927/927/927 906/906/906 928/928/928
f 894/894/894 892/892/892 877/877/877 876/876/876
f 878/878/878 877/877/877 892/892/892 896/896/896
f 896/896/896 932/932/932 931/931/931 878/878/878
f 955/955/955 938/938/938 937/937/937 895/895/895
f 953/953/953 941/941/941 940/940/940 955/955/955
f 895/895/895 935/935/935 934/934/934 896/896/896
f 931/931/931 870/870/870 878/878/878
f 896/896/896 934/934/934 933/933/933
f 896/896/896 933/933/933 932/932/932
f 895/895/895 937/937/937 936/936/936
f 955/955/955 940/940/940 939/939/939
f 955/955/955 939/939/939 938/938/938
f 895/895/895 936/936/936 935/935/935
f 942/942/942 941/941/941 953/953/953
f 968/968/968 966/966/966 879/879/879 964/964/964
f 958/958/958 946/946/946 945/945/945 960/960/960
f 963/963/963 949/949/949 948/948/948 958/958/958
f 953/953/953 943/943/943 942/942/942
f 964/964/964 956/956/956 962/962/962 968/968/968
f 963/963/963 962/962/962 956/956/956 961/961/961
f 961/961/961 952/952/952 951/951/951 963/963/963
f 953/953/953 960/960/960 943/943/943
f 960/960/960 944/944/944 943/943/943
f 958/958/958 947/947/947 946/946/946
f 960/960/960 945/945/945 944/944/944
f 963/963/963 950/950/950 949/949/949
f 961/961/961 871/871/871 952/952/952
f 963/963/963 951/951/951 950/950/950
f 958/958/958 948/948/948 947/947/947
f 975/975/975 971/971/971 972/972/972 1018/1018/1018
f 976/976/976 975/975/975 1018/1018/1018 1017/1017/1017
f 978/978/978 977/977/977 1016/1016/1016 1015/1015/1015
f 978/978/978 1015/1015/1015 1014/1014/1014 979/979/979
f 977/977/977 976/976/976 1017/1017/1017 1016/1016/1016
f 981/981/981 980/980/980 1013/1013/1013 1012/1012/1012
f 982/982/982 981/981/981 1012/1012/1012 1011/1011/1011
f 984/984/984 983/983/983 1010/1010/1010 1009/1009/1009
f 985/985/985 984/984/984 1009/1009/1009 1008/1008/1008
f 983/983/983 982/982/982 1011/1011/1011 1010/1010/1010
f 979/979/979 1014/1014/1014 1013/1013/1013 980/980/980
f 1008/1008/1008 1007/1007/1007 986/986/986 985/985/985
f 987/987/987 986/986/986 1007/1007/1007 1006/1006/1006
f 988/988/988 987/987/987 1006/1006/1006 1005/1005/1005
f 990/990/990 989/989/989 1004/1004/1004 1003/1003/1003
f 991/991/991 990/990/990 1003/1003/1003 1002/1002/1002
f 989/989/989 988/988/988 1005/1005/1005 1004/1004/1004
f 992/992/992 1001/1001/1001 1000/1000/1000 993/993/993
f 994/994/994 993/993/993 1000/1000/1000 999/999/999
f 996/996/996 995/995/995 998/998/998 997/997/997
f 973/973/973 996/996/996 997/997/997 974/974/974
f 995/995/995 994/994/994 999/999/999 998/998/998
f 991/991/991 1002/1002/1002 1001/1001/1001 992/992/992
usemtl Default
v -2370 2340 -3070
v -2370 2330 -3070
v -2550 2340 -3070
v -2550 2330 -3070
v -2730 2340 -3070
v -2730 2330 -3070
v -2415 2340 -3070
v -2460 2340 -3070
v -2505 2340 -3070
v -2595 2340 -3070
v -2640 2340 -3070
v -2685 2340 -3070
v -2685 2330 -3070
v -2640 2330 -3070
v -2595 2330 -3070
v -2505 2330 -3070
v -2460 2330 -3070
v -2415 2330 -3070
v -2370 2340 -4070
v -2370 2330 -4070
v -2370 2340 -3070
v -2370 2330 -3070
v -2370 2340 -4026.521728515625
v -2370 2340 -3983.04345703125
v -2370 2340 -3939.565185546875
v -2370 2340 -3896.0869140625
v -2370 2340 -3852.608642578125
v -2370 2340 -3809.13037109375
v -2370 2340 -3765.652099609375
v -2370 2340 -3722.173828125
v -2370 2340 -3678.695556640625
v -2370 2340 -3635.21728515625
v -2370 2340 -3591.739013671875
v -2370 2340 -3548.260986328125
v -2370 2340 -3504.78271484375
v -2370 2340 -3461.304443359375
v -2370 2340 -3417.826171875
v -2370 2340 -3374.347900390625
v -2370 2340 -3330.86962890625
v -2370 2340 -3287.391357421875
v -2370 2340 -3243.9130859375
v -2370 2340 -3200.434814453125
v -2370 2340 -3156.95654296875
v -2370 2340 -3113.478271484375
v -2370 2330 -3113.478271484375
v -2370 2330 -3156.95654296875
v -2370 2330 -3200.434814453125
v -2370 2330 -3243.9130859375
v -2370 2330 -3287.391357421875
v -2370 2330 -3330.86962890625
v -2370 2330 -3374.347900390625
v -2370 2330 -3417.826171875
v -2370 2330 -3461.304443359375
v -2370 2330 -3504.78271484375
v -2370 2330 -3548.260986328125
v -2370 2330 -3591.739013671875
v -2370 2330 -3635.21728515625
v -2370 2330 -3678.695556640625
v -2370 2330 -3722.173828125
v -2370 2330 -3765.652099609375
v -2370 2330 -3809.13037109375
v -2370 2330 -3852.608642578125
v -2370 2330 -3896.0869140625
v -2370 2330 -3939.565185546875
v -2370 2330 -3983.04345703125
v -2370 2330 -4026.521728515625
v -2370 2330 -3070
v -2370 2330 -4070
v -2730 2330 -3070
v -2730 2330 -4070
v -2415 2330 -3070
v -2460 2330 -3070
v -2505 2330 -3070
v -2550 2330 -3070
v -2595 2330 -3070
v -2640 2330 -3070
v -2685 2330 -3070
v -2550 2330 -4070
v -2550 2330 -3570
v -2550 2330 -3320
v -2460 2330 -3570
v -2460 2330 -3320
v -2460 2330 -3195
v -2415 2330 -3320
v -2415 2330 -3195
v -2550 2330 -3195
v -2505 2330 -3320
v -2505 2330 -3195
v -2640 2330 -3570
v -2640 2330 -3320
v -2640 2330 -3195
v -2595 2330 -3320
v -2595 2330 -3195
v -2685 2330 -3320
v -2685 2330 -3195
v -2370 2330 -4026.521728515625
v -2370 2330 -3983.04345703125
v -2370 2330 -3939.565185546875
v -2370 2330 -3896.0869140625
v -2370 2330 -3852.608642578125
v -2370 2330 -3809.13037109375
v -2370 2330 -3765.652099609375
v -2370 2330 -3722.173828125
v -2370 2330 -3678.695556640625
v -2370 2330 -3635.21728515625
v -2370 2330 -3591.739013671875
v -2370 2330 -3548.260986328125
v -2370 2330 -3504.78271484375
v -2370 2330 -3461.304443359375
v -2370 2330 -3417.826171875
v -2370 2330 -3374.347900390625
v -2370 2330 -3330.86962890625
v -2370 2330 -3287.391357421875
v -2370 2330 -3243.9130859375
v -2370 2330 -3200.434814453125
v -2370 2330 -3156.95654296875
v -2370 2330 -3113.478271484375
v -2550 2330 -3820
v -2460 2330 -4070
v -2460 2330 -3820
v -2460 2330 -3945
v -2415 2330 -4070
v -2415 2330 -3820
v -2415 2330 -3945
v -2460 2330 -3695
v -2415 2330 -3570
v -2415 2330 -3695
v -2460 2330 -3445
v -2415 2330 -3445
v -2730 2330 -3113.478271484375
v -2730 2330 -3156.95654296875
v -2730 2330 -3200.434814453125
v -2730 2330 -3243.9130859375
v -2730 2330 -3287.391357421875
v -2730 2330 -3330.86962890625
v -2730 2330 -3374.347900390625
v -2730 2330 -3417.826171875
v -2730 2330 -3461.304443359375
v -2730 2330 -3504.78271484375
v -2730 2330 -3548.260986328125
v -2730 2330 -3591.739013671875
v -2730 2330 -3635.21728515625
v -2730 2330 -3678.695556640625
v -2730 2330 -3722.173828125
v -2730 2330 -3765.652099609375
v -2730 2330 -3809.13037109375
v -2730 2330 -3852.608642578125
v -2730 2330 -3896.0869140625
v -2730 2330 -3939.565185546875
v -2730 2330 -3983.04345703125
v -2730 2330 -4026.521728515625
v -2685 2330 -3570
v -2640 2330 -3445
v -2685 2330 -3445
v -2640 2330 -4070
v -2640 2330 -3820
v -2685 2330 -3820
v -2640 2330 -3695
v -2685 2330 -3695
v -2685 2330 -4070
v -2640 2330 -3945
v -2685 2330 -3945
v -2595 2330 -4070
v -2505 2330 -4070
v -2550 2330 -3945
v -2595 2330 -3820
v -2595 2330 -3945
v -2505 2330 -3820
v -2505 2330 -3945
v -2730 2340 -4070
v -2730 2330 -4070
v -2550 2340 -4070
v -2550 2330 -4070
v -2370 2340 -4070
v -2370 2330 -4070
v -2685 2340 -4070
v -2640 2340 -4070
v -2595 2340 -4070
v -2505 2340 -4070
v -2460 2340 -4070
v -2415 2340 -4070
v -2415 2330 -4070
v -2460 2330 -4070
v -2505 2330 -4070
v -2595 2330 -4070
v -2640 2330 -4070
v -2685 2330 -4070
v -2370 2340 -3070
v -2370 2340 -4070
v -2730 2340 -3070
v -2730 2340 -4070
v -2415 2340 -3070
v -2460 2340 -3070
v -2505 2340 -3070
v -2550 2340 -3070
v -2595 2340 -3070
v -2640 2340 -3070
v -2685 2340 -3070
v -2550 2340 -4070
v -2550 2340 -3570
v -2550 2340 -3320
v -2460 2340 -3570
v -2460 2340 -3320
v -2460 2340 -3195
v -2415 2340 -3320
v -2415 2340 -3195
v -2550 2340 -3195
v -2505 2340 -3320
v -2505 2340 -3195
v -2640 2340 -3570
v -2640 2340 -3320
v -2640 2340 -3195
v -2595 2340 -3320
v -2595 2340 -3195
v -2685 2340 -3320
v -2685 2340 -3195
v -2370 2340 -4026.521728515625
v -2370 2340 -3983.04345703125
v -2370 2340 -3939.565185546875
v -2370 2340 -3896.0869140625
v -2370 2340 -3852.608642578125
v -2370 2340 -3809.13037109375
v -2370 2340 -3765.652099609375
v -2370 2340 -3722.173828125
v -2370 2340 -3678.695556640625
v -2370 2340 -3635.21728515625
v -2370 2340 -3591.739013671875
v -2370 2340 -3548.260986328125
v -2370 2340 -3504.78271484375
v -2370 2340 -3461.304443359375
v -2370 2340 -3417.826171875
v -2370 2340 -3374.347900390625
v -2370 2340 -3330.86962890625
v -2370 2340 -3287.391357421875
v -2370 2340 -3243.9130859375
v -2370 2340 -3200.434814453125
v -2370 2340 -3156.95654296875
v -2370 2340 -3113.478271484375
v -2550 2340 -3820
v -2460 2340 -4070
v -2460 2340 -3820
v -2460 2340 -3945
v -2415 2340 -4070
v -2415 2340 -3820
v -2415 2340 -3945
v -2460 2340 -3695
v -2415 2340 -3570
v -2415 2340 -3695
v -2460 2340 -3445
v -2415 2340 -3445
v -2730 2340 -3113.478271484375
v -2730 2340 -3156.95654296875
v -2730 2340 -3200.434814453125
v -2730 2340 -3243.9130859375
v -2730 2340 -3287.391357421875
v -2730 2340 -3330.86962890625
v -2730 2340 -3374.347900390625
v -2730 2340 -3417.826171875
v -2730 2340 -3461.304443359375
v -2730 2340 -3504.78271484375
v -2730 2340 -3548.260986328125
v -2730 2340 -3591.739013671875
v -2730 2340 -3635.21728515625
v -2730 2340 -3678.695556640625
v -2730 2340 -3722.173828125
v -2730 2340 -3765.652099609375
v -2730 2340 -3809.13037109375
v -2730 2340 -3852.608642578125
v -2730 2340 -3896.0869140625
v -2730 2340 -3939.565185546875
v -2730 2340 -3983.04345703125
v -2730 2340 -4026.521728515625
v -2685 2340 -3570
v -2640 2340 -3445
v -2685 2340 -3445
v -2640 2340 -4070
v -2640 2340 -3820
v -2685 2340 -3820
v -2640 2340 -3695
v -2685 2340 -3695
v -2685 2340 -4070
v -2640 2340 -3945
v -2685 2340 -3945
v -2595 2340 -4070
v -2505 2340 -4070
v -2550 2340 -3945
v -2595 2340 -3820
v -2595 2340 -3945
v -2505 2340 -3820
v -2505 2340 -3945
v -2730 2340 -4070
v -2730 2340 -3070
v -2730 2330 -4070
v -2730 2340 -4026.521728515625
v -2730 2340 -3983.04345703125
v -2730 2340 -3939.565185546875
v -2730 2340 -3896.0869140625
v -2730 2340 -3852.608642578125
v -2730 2340 -3809.13037109375
v -2730 2340 -3765.652099609375
v -2730 2340 -3722.173828125
v -2730 2340 -3678.695556640625
v -2730 2340 -3635.21728515625
v -2730 2340 -3591.739013671875
v -2730 2340 -3548.260986328125
v -2730 2340 -3504.78271484375
v -2730 2340 -3461.304443359375
v -2730 2340 -3417.826171875
v -2730 2340 -3374.347900390625
v -2730 2340 -3330.86962890625
v -2730 2340 -3287.391357421875
v -2730 2340 -3243.9130859375
v -2730 2340 -3200.434814453125
v -2730 2340 -3156.95654296875
v -2730 2340 -3113.478271484375
v -2730 2330 -3070
v -2730 2330 -3113.478271484375
v -2730 2330 -3156.95654296875
v -2730 2330 -3200.434814453125
v -2730 2330 -3243.9130859375
v -2730 2330 -3287.391357421875
v -2730 2330 -3330.86962890625
v -2730 2330 -3374.347900390625
v -2730 2330 -3417.826171875
v -2730 2330 -3461.304443359375
v -2730 2330 -3504.78271484375
v -2730 2330 -3548.260986328125
v -2730 2330 -3591.739013671875
v -2730 2330 -3635.21728515625
v -2730 2330 -3678.695556640625
v -2730 2330 -3722.173828125
v -2730 2330 -3765.652099609375
v -2730 2330 -3809.13037109375
v -2730 2330 -3852.608642578125
v -2730 2330 -3896.0869140625
v -2730 2330 -3939.565185546875
v -2730 2330 -3983.04345703125
v -2730 2330 -4026.521728515625
vt 0.019607843831181526 0.013248542323708534
vt 0.019607843831181526 0.023052463307976723
vt 0.19607843458652496 0.013248542323708534
vt 0.19607843458652496 0.023052463307976723
vt 0.37254902720451355 0.013248542323708534
vt 0.37254902720451355 0.023052463307976723
vt 0.063725493848323822 0.013248542323708534
vt 0.10784313827753067 0.013248542323708534
vt 0.15196079015731812 0.013248542323708534
vt 0.24019607901573181 0.013248542323708534
vt 0.28431373834609985 0.013248542323708534
vt 0.32843136787414551 0.013248542323708534
vt 0.32843136787414551 0.023052463307976723
vt 0.28431373834609985 0.023052463307976723
vt 0.24019607901573181 0.023052463307976723
vt 0.15196079015731812 0.023052463307976723
vt 0.10784313827753067 0.023052463307976723
vt 0.063725493848323822 0.023052463307976723
vt 0.0083390781655907631 0
vt 0 0
vt 0.0083390781655907631 0.97892731428146362
vt 0 0.97892731428146362
vt 0.0083390781655907631 0.042562056332826614
vt 0.0083390781655907631 0.085124112665653229
vt 0.0083390781655907631 0.12768617272377014
vt 0.0083390781655907631 0.17024822533130646
vt 0.0083390781655907631 0.21281027793884277
vt 0.0083390781655907631 0.25537234544754028
vt 0.0083390781655907631 0.29793438315391541
vt 0.0083390781655907631 0.34049645066261292
vt 0.0083390781655907631 0.38305851817131042
vt 0.0083390781655907631 0.42562055587768555
vt 0.0083390781655907631 0.46818262338638306
vt 0.0083390781655907631 0.51074469089508057
vt 0.0083390781655907631 0.5533066987991333
vt 0.0083390781655907631 0.59586876630783081
vt 0.0083390781655907631 0.6384308934211731
vt 0.0083390781655907631 0.68099290132522583
vt 0.0083390781655907631 0.72355496883392334
vt 0.0083390781655907631 0.76611703634262085
vt 0.0083390781655907631 0.80867904424667358
vt 0.0083390781655907631 0.85124111175537109
vt 0.0083390781655907631 0.89380323886871338
vt 0.0083390781655907631 0.93636524677276611
vt 0 0.93636524677276611
vt 0 0.89380323886871338
vt 0 0.85124111175537109
vt 0 0.80867904424667358
vt 0 0.76611703634262085
vt 0 0.72355496883392334
vt 0 0.68099290132522583
vt 0 0.6384308934211731
vt 0 0.59586876630783081
vt 0 0.5533066987991333
vt 0 0.51074469089508057
vt 0 0.46818262338638306
vt 0 0.42562055587768555
vt 0 0.38305851817131042
vt 0 0.34049645066261292
vt 0 0.29793438315391541
vt 0 0.25537234544754028
vt 0 0.21281027793884277
vt 0 0.17024822533130646
vt 0 0.12768617272377014
vt 0 0.085124112665653229
vt 0 0.042562056332826614
vt 0.99853515625 0.5034446120262146
vt 0.019607843831181526 0.5034446120262146
vt 0.99853515625 0.85638582706451416
vt 0.019607843831181526 0.85638582706451416
vt 0.99853515625 0.54756224155426025
vt 0.99853515625 0.59167993068695068
vt 0.99853515625 0.63579756021499634
vt 0.99853515625 0.67991518974304199
vt 0.99853515625 0.72403287887573242
vt 0.99853515625 0.76815050840377808
vt 0.99853515625 0.81226813793182373
vt 0.019607843831181526 0.67991518974304199
vt 0.50907152891159058 0.67991518974304199
vt 0.7538033127784729 0.67991518974304199
vt 0.50907152891159058 0.59167993068695068
vt 0.7538033127784729 0.59167993068695068
vt 0.87616926431655884 0.59167993068695068
vt 0.7538033127784729 0.54756224155426025
vt 0.87616926431655884 0.54756224155426025
vt 0.87616926431655884 0.67991518974304199
vt 0.7538033127784729 0.63579756021499634
vt 0.87616926431655884 0.63579756021499634
vt 0.50907152891159058 0.76815050840377808
vt 0.7538033127784729 0.76815050840377808
vt 0.87616926431655884 0.76815050840377808
vt 0.7538033127784729 0.72403287887573242
vt 0.87616926431655884 0.72403287887573242
vt 0.7538033127784729 0.81226813793182373
vt 0.87616926431655884 0.81226813793182373
vt 0.062169890850782394 0.5034446120262146
vt 0.10473193973302841 0.5034446120262146
vt 0.14729404449462891 0.5034446120262146
vt 0.18985608220100403 0.5034446120262146
vt 0.23241813480854034 0.5034446120262146
vt 0.27498018741607666 0.5034446120262146
vt 0.31754222512245178 0.5034446120262146
vt 0.3601042628288269 0.5034446120262146
vt 0.40266638994216919 0.5034446120262146
vt 0.44522842764854431 0.5034446120262146
vt 0.48779046535491943 0.5034446120262146
vt 0.53035253286361694 0.5034446120262146
vt 0.57291460037231445 0.5034446120262146
vt 0.61547666788101196 0.5034446120262146
vt 0.6580386757850647 0.5034446120262146
vt 0.70060074329376221 0.5034446120262146
vt 0.74316281080245972 0.5034446120262146
vt 0.78572487831115723 0.5034446120262146
vt 0.82828694581985474 0.5034446120262146
vt 0.87084901332855225 0.5034446120262146
vt 0.91341102123260498 0.5034446120262146
vt 0.95597308874130249 0.5034446120262146
vt 0.26433968544006348 0.67991518974304199
vt 0.019607843831181526 0.59167993068695068
vt 0.26433968544006348 0.59167993068695068
vt 0.14197376370429993 0.59167993068695068
vt 0.019607843831181526 0.54756224155426025
vt 0.26433968544006348 0.54756224155426025
vt 0.14197376370429993 0.54756224155426025
vt 0.38670557737350464 0.59167993068695068
vt 0.50907152891159058 0.54756224155426025
vt 0.38670557737350464 0.54756224155426025
vt 0.63143742084503174 0.59167993068695068
vt 0.63143742084503174 0.54756224155426025
vt 0.95597308874130249 0.85638582706451416
vt 0.91341102123260498 0.85638582706451416
vt 0.87084901332855225 0.85638582706451416
vt 0.82828694581985474 0.85638582706451416
vt 0.78572487831115723 0.85638582706451416
vt 0.74316281080245972 0.85638582706451416
vt 0.70060074329376221 0.85638582706451416
vt 0.6580386757850647 0.85638582706451416
vt 0.61547666788101196 0.85638582706451416
vt 0.57291460037231445 0.85638582706451416
vt 0.53035253286361694 0.85638582706451416
vt 0.48779046535491943 0.85638582706451416
vt 0.44522842764854431 0.85638582706451416
vt 0.40266638994216919 0.85638582706451416
vt 0.3601042628288269 0.85638582706451416
vt 0.31754222512245178 0.85638582706451416
vt 0.27498018741607666 0.85638582706451416
vt 0.23241813480854034 0.85638582706451416
vt 0.18985608220100403 0.85638582706451416
vt 0.14729404449462891 0.85638582706451416
vt 0.10473193973302841 0.85638582706451416
vt 0.062169890850782394 0.85638582706451416
vt 0.50907152891159058 0.81226813793182373
vt 0.63143742084503174 0.76815050840377808
vt 0.63143742084503174 0.81226813793182373
vt 0.019607843831181526 0.76815050840377808
vt 0.26433968544006348 0.76815050840377808
vt 0.26433968544006348 0.81226813793182373
vt 0.38670557737350464 0.76815050840377808
vt 0.38670557737350464 0.81226813793182373
vt 0.019607843831181526 0.81226813793182373
vt 0.14197376370429993 0.76815050840377808
vt 0.14197376370429993 0.81226813793182373
vt 0.019607843831181526 0.72403287887573242
vt 0.019607843831181526 0.63579756021499634
vt 0.14197376370429993 0.67991518974304199
vt 0.26433968544006348 0.72403287887573242
vt 0.14197376370429993 0.72403287887573242
vt 0.26433968544006348 0.63579756021499634
vt 0.14197376370429993 0.63579756021499634
vt 0.019607843831181526 0
vt 0.019607843831181526 0.0098039219155907631
vt 0.19607843458652496 0
vt 0.19607843458652496 0.0098039219155907631
vt 0.37254902720451355 0
vt 0.37254902720451355 0.0098039219155907631
vt 0.063725493848323822 0
vt 0.10784313827753067 0
vt 0.15196079015731812 0
vt 0.24019607901573181 0
vt 0.28431373834609985 0
vt 0.32843136787414551 0
vt 0.32843136787414551 0.0098039219155907631
vt 0.28431373834609985 0.0098039219155907631
vt 0.24019607901573181 0.0098039219155907631
vt 0.15196079015731812 0.0098039219155907631
vt 0.10784313827753067 0.0098039219155907631
vt 0.063725493848323822 0.0098039219155907631
vt 0.99853515625 0.026497084647417068
vt 0.019607843831181526 0.026497084647417068
vt 0.99853515625 0.37943825125694275
vt 0.019607843831181526 0.37943825125694275
vt 0.99853515625 0.070614732801914215
vt 0.99853515625 0.11473237723112106
vt 0.99853515625 0.15885002911090851
vt 0.99853515625 0.20296767354011536
vt 0.99853515625 0.2470853179693222
vt 0.99853515625 0.29120296239852905
vt 0.99853515625 0.33532062172889709
vt 0.019607843831181526 0.20296767354011536
vt 0.50907152891159058 0.20296767354011536
vt 0.7538033127784729 0.20296767354011536
vt 0.50907152891159058 0.11473237723112106
vt 0.7538033127784729 0.11473237723112106
vt 0.87616926431655884 0.11473237723112106
vt 0.7538033127784729 0.070614732801914215
vt 0.87616926431655884 0.070614732801914215
vt 0.87616926431655884 0.20296767354011536
vt 0.7538033127784729 0.15885002911090851
vt 0.87616926431655884 0.15885002911090851
vt 0.50907152891159058 0.29120296239852905
vt 0.7538033127784729 0.29120296239852905
vt 0.87616926431655884 0.29120296239852905
vt 0.7538033127784729 0.2470853179693222
vt 0.87616926431655884 0.2470853179693222
vt 0.7538033127784729 0.33532062172889709
vt 0.87616926431655884 0.33532062172889709
vt 0.062169890850782394 0.026497084647417068
vt 0.10473193973302841 0.026497084647417068
vt 0.14729404449462891 0.026497084647417068
vt 0.18985608220100403 0.026497084647417068
vt 0.23241813480854034 0.026497084647417068
vt 0.27498018741607666 0.026497084647417068
vt 0.31754222512245178 0.026497084647417068
vt 0.3601042628288269 0.026497084647417068
vt 0.40266638994216919 0.026497084647417068
vt 0.44522842764854431 0.026497084647417068
vt 0.48779046535491943 0.026497084647417068
vt 0.53035253286361694 0.026497084647417068
vt 0.57291460037231445 0.026497084647417068
vt 0.61547666788101196 0.026497084647417068
vt 0.6580386757850647 0.026497084647417068
vt 0.70060074329376221 0.026497084647417068
vt 0.74316281080245972 0.026497084647417068
vt 0.78572487831115723 0.026497084647417068
vt 0.82828694581985474 0.026497084647417068
vt 0.87084901332855225 0.026497084647417068
vt 0.91341102123260498 0.026497084647417068
vt 0.95597308874130249 0.026497084647417068
vt 0.26433968544006348 0.20296767354011536
vt 0.019607843831181526 0.11473237723112106
vt 0.26433968544006348 0.11473237723112106
vt 0.14197376370429993 0.11473237723112106
vt 0.019607843831181526 0.070614732801914215
vt 0.26433968544006348 0.070614732801914215
vt 0.14197376370429993 0.070614732801914215
vt 0.38670557737350464 0.11473237723112106
vt 0.50907152891159058 0.070614732801914215
vt 0.38670557737350464 0.070614732801914215
vt 0.63143742084503174 0.11473237723112106
vt 0.63143742084503174 0.070614732801914215
vt 0.95597308874130249 0.37943825125694275
vt 0.91341102123260498 0.37943825125694275
vt 0.87084901332855225 0.37943825125694275
vt 0.82828694581985474 0.37943825125694275
vt 0.78572487831115723 0.37943825125694275
vt 0.74316281080245972 0.37943825125694275
vt 0.70060074329376221 0.37943825125694275
vt 0.6580386757850647 0.37943825125694275
vt 0.61547666788101196 0.37943825125694275
vt 0.57291460037231445 0.37943825125694275
vt 0.53035253286361694 0.37943825125694275
vt 0.48779046535491943 0.37943825125694275
vt 0.44522842764854431 0.37943825125694275
vt 0.40266638994216919 0.37943825125694275
vt 0.3601042628288269 0.37943825125694275
vt 0.31754222512245178 0.37943825125694275
vt 0.27498018741607666 0.37943825125694275
vt 0.23241813480854034 0.37943825125694275
vt 0.18985608220100403 0.37943825125694275
vt 0.14729404449462891 0.37943825125694275
vt 0.10473193973302841 0.37943825125694275
vt 0.062169890850782394 0.37943825125694275
vt 0.50907152891159058 0.33532062172889709
vt 0.63143742084503174 0.29120296239852905
vt 0.63143742084503174 0.33532062172889709
vt 0.019607843831181526 0.29120296239852905
vt 0.26433968544006348 0.29120296239852905
vt 0.26433968544006348 0.33532062172889709
vt 0.38670557737350464 0.29120296239852905
vt 0.38670557737350464 0.33532062172889709
vt 0.019607843831181526 0.33532062172889709
vt 0.14197376370429993 0.29120296239852905
vt 0.14197376370429993 0.33532062172889709
vt 0.019607843831181526 0.2470853179693222
vt 0.019607843831181526 0.15885002911090851
vt 0.14197376370429993 0.20296767354011536
vt 0.26433968544006348 0.2470853179693222
vt 0.14197376370429993 0.2470853179693222
vt 0.26433968544006348 0.15885002911090851
vt 0.14197376370429993 0.15885002911090851
vt 0.018143000081181526 0
vt 0.018143000081181526 0.97892731428146362
vt 0.0098039219155907631 0
vt 0.018143000081181526 0.042562056332826614
vt 0.018143000081181526 0.085124112665653229
vt 0.018143000081181526 0.12768617272377014
vt 0.018143000081181526 0.17024822533130646
vt 0.018143000081181526 0.21281027793884277
vt 0.018143000081181526 0.25537234544754028
vt 0.018143000081181526 0.29793438315391541
vt 0.018143000081181526 0.34049645066261292
vt 0.018143000081181526 0.38305851817131042
vt 0.018143000081181526 0.42562055587768555
vt 0.018143000081181526 0.46818262338638306
vt 0.018143000081181526 0.51074469089508057
vt 0.018143000081181526 0.5533066987991333
vt 0.018143000081181526 0.59586876630783081
vt 0.018143000081181526 0.6384308934211731
vt 0.018143000081181526 0.68099290132522583
vt 0.018143000081181526 0.72355496883392334
vt 0.018143000081181526 0.76611703634262085
vt 0.018143000081181526 0.80867904424667358
vt 0.018143000081181526 0.85124111175537109
vt 0.018143000081181526 0.89380323886871338
vt 0.018143000081181526 0.93636524677276611
vt 0.0098039219155907631 0.97892731428146362
vt 0.0098039219155907631 0.93636524677276611
vt 0.0098039219155907631 0.89380323886871338
vt 0.0098039219155907631 0.85124111175537109
vt 0.0098039219155907631 0.80867904424667358
vt 0.0098039219155907631 0.76611703634262085
vt 0.0098039219155907631 0.72355496883392334
vt 0.0098039219155907631 0.68099290132522583
vt 0.0098039219155907631 0.6384308934211731
vt 0.0098039219155907631 0.59586876630783081
vt 0.0098039219155907631 0.5533066987991333
vt 0.0098039219155907631 0.51074469089508057
vt 0.0098039219155907631 0.46818262338638306
vt 0.0098039219155907631 0.42562055587768555
vt 0.0098039219155907631 0.38305851817131042
vt 0.0098039219155907631 0.34049645066261292
vt 0.0098039219155907631 0.29793438315391541
vt 0.0098039219155907631 0.25537234544754028
vt 0.0098039219155907631 0.21281027793884277
vt 0.0098039219155907631 0.17024822533130646
vt 0.0098039219155907631 0.12768617272377014
vt 0.0098039219155907631 0.085124112665653229
vt 0.0098039219155907631 0.042562056332826614
vn 0 0 1
vn 0 0 1
vn 0 0 1
vn 0 0 1
vn 0 0 1
vn 0 0 1
vn 0 0 1
vn 0 0 1
vn 0 0 1
vn 0 0 1
vn 0 0 1
vn 0 0 1
vn 0 0 1
vn 0 0 1
vn 0 0 1
vn 0 0 1
vn 0 0 1
vn 0 0 1
vn 1 0 0
vn 1 0 0
vn 1 0 0
vn 1 0 0
vn 1 0 0
vn 1 0 0
vn 1 0 0
vn 1 0 0
vn 1 0 0
vn 1 0 0
vn 1 0 0
vn 1 0 0
vn 1 0 0
vn 1 0 0
vn 1 0 0
vn 1 0 0
vn 1 0 0
vn 1 0 0
vn 1 0 0
vn 1 0 0
vn 1 0 0
vn 1 0 0
vn 1 0 0
vn 1 0 0
vn 1 0 0
vn 1 0 0
vn 1 0 0
vn 1 0 0
vn 1 0 0
vn 1 0 0
vn 1 0 0
vn 1 0 0
vn 1 0 0
vn 1 0 0
vn 1 0 0
vn 1 0 0
vn 1 0 0
vn 1 0 0
vn 1 0 0
vn 1 0 0
vn 1 0 0
vn 1 0 0
vn 1 0 0
vn 1 0 0
vn 1 0 0
vn 1 0 0
vn 1 0 0
vn 1 0 0
vn 0 -1 0
vn 0 -1 0
vn 0 -1 0
vn 0 -1 0
vn 0 -1 0
vn 0 -1 0
vn 0 -1 0
vn 0 -1 0
vn 0 -1 0
vn 0 -1 0
vn 0 -1 0
vn 0 -1 0
vn 0 -1 0
vn 0 -1 0
vn 0 -1 0
vn 0 -1 0
vn 0 -1 0
vn 0 -1 0
vn 0 -1 0
vn 0 -1 0
vn 0 -1 0
vn 0 -1 0
vn 0 -1 0
vn 0 -1 0
vn 0 -1 0
vn 0 -1 0
vn 0 -1 0
vn 0 -1 0
vn 0 -1 0
vn 0 -1 0
vn 0 -1 0
vn 0 -1 0
vn 0 -1 0
vn 0 -1 0
vn 0 -1 0
vn 0 -1 0
vn 0 -1 0
vn 0 -1 0
vn 0 -1 0
vn 0 -1 0
vn 0 -1 0
vn 0 -1 0
vn 0 -1 0
vn 0 -1 0
vn 0 -1 0
vn 0 -1 0
vn 0 -1 0
vn 0 -1 0
vn 0 -1 0
vn 0 -1 0
vn 0 -1 0
vn 0 -1 0
vn 0 -1 0
vn 0 -1 0
vn 0 -1 0
vn 0 -1 0
vn 0 -1 0
vn 0 -1 0
vn 0 -1 0
vn 0 -1 0
vn 0 -1 0
vn 0 -1 0
vn 0 -1 0
vn 0 -1 0
vn 0 -1 0
vn 0 -1 0
vn 0 -1 0
vn 0 -1 0
vn 0 -1 0
vn 0 -1 0
vn 0 -1 0
vn 0 -1 0
vn 0 -1 0
vn 0 -1 0
vn 0 -1 0
vn 0 -1 0
vn 0 -1 0
vn 0 -1 0
vn 0 -1 0
vn 0 -1 0
vn 0 -1 0
vn 0 -1 0
vn 0 -1 0
vn 0 -1 0
vn 0 -1 0
vn 0 -1 0
vn 0 -1 0
vn 0 -1 0
vn 0 -1 0
vn 0 -1 0
vn 0 -1 0
vn 0 -1 0
vn 0 -1 0
vn 0 -1 0
vn 0 -1 0
vn 0 -1 0
vn 0 -1 0
vn 0 -1 0
vn 0 -1 0
vn 0 -1 0
vn 0 -1 0
vn 0 -1 0
vn 0 -1 0
vn 0 0 -1
vn 0 0 -1
vn 0 0 -1
vn 0 0 -1
vn 0 0 -1
vn 0 0 -1
vn 0 0 -1
vn 0 0 -1
vn 0 0 -1
vn 0 0 -1
vn 0 0 -1
vn 0 0 -1
vn 0 0 -1
vn 0 0 -1
vn 0 0 -1
vn 0 0 -1
vn 0 0 -1
vn 0 0 -1
vn 0 1 0
vn 0 1 0
vn 0 1 0
vn 0 1 0
vn 0 1 0
vn 0 1 0
vn 0 1 0
vn 0 1 0
vn 0 1 0
vn 0 1 0
vn 0 1 0
vn 0 1 0
vn 0 1 0
vn 0 1 0
vn 0 1 0
vn 0 1 0
vn 0 1 0
vn 0 1 0
vn 0 1 0
vn 0 1 0
vn 0 1 0
vn 0 1 0
vn 0 1 0
vn 0 1 0
vn 0 1 0
vn 0 1 0
vn 0 1 0
vn 0 1 0
vn 0 1 0
vn 0 1 0
vn 0 1 0
vn 0 1 0
vn 0 1 0
vn 0 1 0
vn 0 1 0
vn 0 1 0
vn 0 1 0
vn 0 1 0
vn 0 1 0
vn 0 1 0
vn 0 1 0
vn 0 1 0
vn 0 1 0
vn 0 1 0
vn 0 1 0
vn 0 1 0
vn 0 1 0
vn 0 1 0
vn 0 1 0
vn 0 1 0
vn 0 1 0
vn 0 1 0
vn 0 1 0
vn 0 1 0
vn 0 1 0
vn 0 1 0
vn 0 1 0
vn 0 1 0
vn 0 1 0
vn 0 1 0
vn 0 1 0
vn 0 1 0
vn 0 1 0
vn 0 1 0
vn 0 1 0
vn 0 1 0
vn 0 1 0
vn 0 1 0
vn 0 1 0
vn 0 1 0
vn 0 1 0
vn 0 1 0
vn 0 1 0
vn 0 1 0
vn 0 1 0
vn 0 1 0
vn 0 1 0
vn 0 1 0
vn 0 1 0
vn 0 1 0
vn 0 1 0
vn 0 1 0
vn 0 1 0
vn 0 1 0
vn 0 1 0
vn 0 1 0
vn 0 1 0
vn 0 1 0
vn 0 1 0
vn 0 1 0
vn 0 1 0
vn 0 1 0
vn 0 1 0
vn 0 1 0
vn 0 1 0
vn 0 1 0
vn 0 1 0
vn 0 1 0
vn 0 1 0
vn 0 1 0
vn 0 1 0
vn 0 1 0
vn 0 1 0
vn -1 0 0
vn -1 0 0
vn -1 0 0
vn -1 0 0
vn -1 0 0
vn -1 0 0
vn -1 0 0
vn -1 0 0
vn -1 0 0
vn -1 0 0
vn -1 0 0
vn -1 0 0
vn -1 0 0
vn -1 0 0
vn -1 0 0
vn -1 0 0
vn -1 0 0
vn -1 0 0
vn -1 0 0
vn -1 0 0
vn -1 0 0
vn -1 0 0
vn -1 0 0
vn -1 0 0
vn -1 0 0
vn -1 0 0
vn -1 0 0
vn -1 0 0
vn -1 0 0
vn -1 0 0
vn -1 0 0
vn -1 0 0
vn -1 0 0
vn -1 0 0
vn -1 0 0
vn -1 0 0
vn -1 0 0
vn -1 0 0
vn -1 0 0
vn -1 0 0
vn -1 0 0
vn -1 0 0
vn -1 0 0
vn -1 0 0
vn -1 0 0
vn -1 0 0
vn -1 0 0
vn -1 0 0
f 1025/1025/1025 1036/1036/1036 1020/1020/1020 1019/1019/1019
f 1027/1027/1027 1034/1034/1034 1035/1035/1035 1026/1026/1026
f 1026/1026/1026 1035/1035/1035 1036/1036/1036 1025/1025/1025
f 1021/1021/1021 1022/1022/1022 1034/1034/1034 1027/1027/1027
f 1029/1029/1029 1032/1032/1032 1033/1033/1033 1028/1028/1028
f 1023/1023/1023 1024/1024/1024 1031/1031/1031 1030/1030/1030
f 1030/1030/1030 1031/1031/1031 1032/1032/1032 1029/1029/1029
f 1028/1028/1028 1033/1033/1033 1022/1022/1022 1021/1021/1021
f 1041/1041/1041 1084/1084/1084 1038/1038/1038 1037/1037/1037
f 1042/1042/1042 1083/1083/1083 1084/1084/1084 1041/1041/1041
f 1044/1044/1044 1081/1081/1081 1082/1082/1082 1043/1043/1043
f 1045/1045/1045 1080/1080/1080 1081/1081/1081 1044/1044/1044
f 1043/1043/1043 1082/1082/1082 1083/1083/1083 1042/1042/1042
f 1047/1047/1047 1078/1078/1078 1079/1079/1079 1046/1046/1046
f 1048/1048/1048 1077/1077/1077 1078/1078/1078 1047/1047/1047
f 1050/1050/1050 1075/1075/1075 1076/1076/1076 1049/1049/1049
f 1051/1051/1051 1074/1074/1074 1075/1075/1075 1050/1050/1050
f 1049/1049/1049 1076/1076/1076 1077/1077/1077 1048/1048/1048
f 1046/1046/1046 1079/1079/1079 1080/1080/1080 1045/1045/1045
f 1074/1074/1074 1051/1051/1051 1052/1052/1052 1073/1073/1073
f 1053/1053/1053 1072/1072/1072 1073/1073/1073 1052/1052/1052
f 1054/1054/1054 1071/1071/1071 1072/1072/1072 1053/1053/1053
f 1056/1056/1056 1069/1069/1069 1070/1070/1070 1055/1055/1055
f 1057/1057/1057 1068/1068/1068 1069/1069/1069 1056/1056/1056
f 1055/1055/1055 1070/1070/1070 1071/1071/1071 1054/1054/1054
f 1059/1059/1059 1066/1066/1066 1067/1067/1067 1058/1058/1058
f 1060/1060/1060 1065/1065/1065 1066/1066/1066 1059/1059/1059
f 1062/1062/1062 1063/1063/1063 1064/1064/1064 1061/1061/1061
f 1039/1039/1039 1040/1040/1040 1063/1063/1063 1062/1062/1062
f 1061/1061/1061 1064/1064/1064 1065/1065/1065 1060/1060/1060
f 1058/1058/1058 1067/1067/1067 1068/1068/1068 1057/1057/1057
f 1180/1180/1180 1179/1179/1179 1174/1174/1174 1175/1175/1175
f 1185/1185/1185 1183/1183/1183 1136/1136/1136 1184/1184/1184
f 1179/1179/1179 1185/1185/1185 1184/1184/1184 1174/1174/1174
f 1176/1176/1176 1174/1174/1174 1184/1184/1184
f 1184/1184/1184 1136/1136/1136 1097/1097/1097
f 1097/1097/1097 1107/1107/1107 1176/1176/1176
f 1176/1176/1176 1184/1184/1184 1097/1097/1097
f 1175/1175/1175 1174/1174/1174 1176/1176/1176 1177/1177/1177
f 1177/1177/1177 1176/1176/1176 1107/1107/1107 1170/1170/1170
f 1187/1187/1187 1139/1139/1139 1138/1138/1138 1186/1186/1186
f 1183/1183/1183 1187/1187/1187 1186/1186/1186 1136/1136/1136
f 1139/1139/1139 1142/1142/1142 1141/1141/1141 1138/1138/1138
f 1138/1138/1138 1141/1141/1141 1145/1145/1145 1143/1143/1143
f 1143/1143/1143 1145/1145/1145 1144/1144/1144 1099/1099/1099
f 1186/1186/1186 1138/1138/1138 1143/1143/1143
f 1143/1143/1143 1099/1099/1099 1097/1097/1097
f 1097/1097/1097 1136/1136/1136 1186/1186/1186
f 1186/1186/1186 1143/1143/1143 1097/1097/1097
f 1146/1146/1146 1100/1100/1100 1105/1105/1105
f 1105/1105/1105 1098/1098/1098 1097/1097/1097
f 1097/1097/1097 1099/1099/1099 1146/1146/1146
f 1146/1146/1146 1105/1105/1105 1097/1097/1097
f 1099/1099/1099 1144/1144/1144 1147/1147/1147 1146/1146/1146
f 1146/1146/1146 1147/1147/1147 1102/1102/1102 1100/1100/1100
f 1100/1100/1100 1102/1102/1102 1103/1103/1103 1101/1101/1101
f 1098/1098/1098 1105/1105/1105 1106/1106/1106 1104/1104/1104
f 1105/1105/1105 1100/1100/1100 1101/1101/1101 1106/1106/1106
f 1170/1170/1170 1107/1107/1107 1171/1171/1171 1172/1172/1172
f 1172/1172/1172 1171/1171/1171 1108/1108/1108 1112/1112/1112
f 1110/1110/1110 1108/1108/1108 1171/1171/1171
f 1171/1171/1171 1107/1107/1107 1097/1097/1097
f 1097/1097/1097 1098/1098/1098 1110/1110/1110
f 1110/1110/1110 1171/1171/1171 1097/1097/1097
f 1108/1108/1108 1110/1110/1110 1111/1111/1111 1109/1109/1109
f 1110/1110/1110 1098/1098/1098 1104/1104/1104 1111/1111/1111
f 1112/1112/1112 1108/1108/1108 1109/1109/1109 1113/1113/1113
f 1089/1089/1089 1135/1135/1135 1085/1085/1085
f 1103/1103/1103 1133/1133/1133 1134/1134/1134
f 1103/1103/1103 1132/1132/1132 1133/1133/1133
f 1134/1134/1134 1135/1135/1135 1103/1103/1103
f 1102/1102/1102 1130/1130/1130 1131/1131/1131
f 1147/1147/1147 1128/1128/1128 1129/1129/1129
f 1147/1147/1147 1127/1127/1127 1128/1128/1128
f 1129/1129/1129 1130/1130/1130 1102/1102/1102
f 1131/1131/1131 1132/1132/1132 1102/1102/1102
f 1103/1103/1103 1102/1102/1102 1132/1132/1132
f 1103/1103/1103 1089/1089/1089 1090/1090/1090 1101/1101/1101
f 1091/1091/1091 1106/1106/1106 1101/1101/1101 1090/1090/1090
f 1092/1092/1092 1104/1104/1104 1106/1106/1106 1091/1091/1091
f 1126/1126/1126 1127/1127/1127 1147/1147/1147
f 1147/1147/1147 1129/1129/1129 1102/1102/1102
f 1147/1147/1147 1144/1144/1144 1125/1125/1125 1126/1126/1126
f 1104/1104/1104 1092/1092/1092 1093/1093/1093 1111/1111/1111
f 1089/1089/1089 1103/1103/1103 1135/1135/1135
f 1144/1144/1144 1124/1124/1124 1125/1125/1125
f 1145/1145/1145 1122/1122/1122 1123/1123/1123
f 1145/1145/1145 1121/1121/1121 1122/1122/1122
f 1123/1123/1123 1124/1124/1124 1144/1144/1144
f 1141/1141/1141 1119/1119/1119 1120/1120/1120
f 1141/1141/1141 1118/1118/1118 1119/1119/1119
f 1142/1142/1142 1116/1116/1116 1117/1117/1117
f 1142/1142/1142 1115/1115/1115 1116/1116/1116
f 1117/1117/1117 1118/1118/1118 1141/1141/1141
f 1120/1120/1120 1121/1121/1121 1145/1145/1145
f 1145/1145/1145 1141/1141/1141 1120/1120/1120
f 1139/1139/1139 1137/1137/1137 1140/1140/1140 1142/1142/1142
f 1115/1115/1115 1142/1142/1142 1114/1114/1114
f 1141/1141/1141 1142/1142/1142 1117/1117/1117
f 1086/1086/1086 1114/1114/1114 1140/1140/1140
f 1140/1140/1140 1114/1114/1114 1142/1142/1142
f 1187/1187/1187 1182/1182/1182 1137/1137/1137 1139/1139/1139
f 1182/1182/1182 1187/1187/1187 1183/1183/1183 1096/1096/1096
f 1144/1144/1144 1145/1145/1145 1123/1123/1123
f 1111/1111/1111 1093/1093/1093 1094/1094/1094 1109/1109/1109
f 1095/1095/1095 1113/1113/1113 1109/1109/1109 1094/1094/1094
f 1113/1113/1113 1095/1095/1095 1148/1148/1148 1149/1149/1149
f 1172/1172/1172 1112/1112/1112 1154/1154/1154 1155/1155/1155
f 1170/1170/1170 1172/1172/1172 1157/1157/1157 1158/1158/1158
f 1112/1112/1112 1113/1113/1113 1151/1151/1151 1152/1152/1152
f 1148/1148/1148 1095/1095/1095 1087/1087/1087
f 1113/1113/1113 1150/1150/1150 1151/1151/1151
f 1113/1113/1113 1149/1149/1149 1150/1150/1150
f 1112/1112/1112 1153/1153/1153 1154/1154/1154
f 1172/1172/1172 1156/1156/1156 1157/1157/1157
f 1172/1172/1172 1155/1155/1155 1156/1156/1156
f 1112/1112/1112 1152/1152/1152 1153/1153/1153
f 1159/1159/1159 1170/1170/1170 1158/1158/1158
f 1185/1185/1185 1181/1181/1181 1096/1096/1096 1183/1183/1183
f 1175/1175/1175 1177/1177/1177 1162/1162/1162 1163/1163/1163
f 1180/1180/1180 1175/1175/1175 1165/1165/1165 1166/1166/1166
f 1170/1170/1170 1159/1159/1159 1160/1160/1160
f 1181/1181/1181 1185/1185/1185 1179/1179/1179 1173/1173/1173
f 1180/1180/1180 1178/1178/1178 1173/1173/1173 1179/1179/1179
f 1178/1178/1178 1180/1180/1180 1168/1168/1168 1169/1169/1169
f 1170/1170/1170 1160/1160/1160 1177/1177/1177
f 1177/1177/1177 1160/1160/1160 1161/1161/1161
f 1175/1175/1175 1163/1163/1163 1164/1164/1164
f 1177/1177/1177 1161/1161/1161 1162/1162/1162
f 1180/1180/1180 1166/1166/1166 1167/1167/1167
f 1178/1178/1178 1169/1169/1169 1088/1088/1088
f 1180/1180/1180 1167/1167/1167 1168/1168/1168
f 1175/1175/1175 1164/1164/1164 1165/1165/1165
f 1194/1194/1194 1205/1205/1205 1189/1189/1189 1188/1188/1188
f 1196/1196/1196 1203/1203/1203 1204/1204/1204 1195/1195/1195
f 1195/1195/1195 1204/1204/1204 1205/1205/1205 1194/1194/1194
f 1190/1190/1190 1191/1191/1191 1203/1203/1203 1196/1196/1196
f 1198/1198/1198 1201/1201/1201 1202/1202/1202 1197/1197/1197
f 1192/1192/1192 1193/1193/1193 1200/1200/1200 1199/1199/1199
f 1199/1199/1199 1200/1200/1200 1201/1201/1201 1198/1198/1198
f 1197/1197/1197 1202/1202/1202 1191/1191/1191 1190/1190/1190
f 1301/1301/1301 1296/1296/1296 1295/1295/1295 1300/1300/1300
f 1306/1306/1306 1305/1305/1305 1257/1257/1257 1304/1304/1304
f 1300/1300/1300 1295/1295/1295 1305/1305/1305 1306/1306/1306
f 1297/1297/1297 1305/1305/1305 1295/1295/1295
f 1305/1305/1305 1218/1218/1218 1257/1257/1257
f 1218/1218/1218 1297/1297/1297 1228/1228/1228
f 1297/1297/1297 1218/1218/1218 1305/1305/1305
f 1296/1296/1296 1298/1298/1298 1297/1297/1297 1295/1295/1295
f 1298/1298/1298 1291/1291/1291 1228/1228/1228 1297/1297/1297
f 1308/1308/1308 1307/1307/1307 1259/1259/1259 1260/1260/1260
f 1304/1304/1304 1257/1257/1257 1307/1307/1307 1308/1308/1308
f 1260/1260/1260 1259/1259/1259 1262/1262/1262 1263/1263/1263
f 1259/1259/1259 1264/1264/1264 1266/1266/1266 1262/1262/1262
f 1264/1264/1264 1220/1220/1220 1265/1265/1265 1266/1266/1266
f 1307/1307/1307 1264/1264/1264 1259/1259/1259
f 1264/1264/1264 1218/1218/1218 1220/1220/1220
f 1218/1218/1218 1307/1307/1307 1257/1257/1257
f 1307/1307/1307 1218/1218/1218 1264/1264/1264
f 1267/1267/1267 1226/1226/1226 1221/1221/1221
f 1226/1226/1226 1218/1218/1218 1219/1219/1219
f 1218/1218/1218 1267/1267/1267 1220/1220/1220
f 1267/1267/1267 1218/1218/1218 1226/1226/1226
f 1220/1220/1220 1267/1267/1267 1268/1268/1268 1265/1265/1265
f 1267/1267/1267 1221/1221/1221 1223/1223/1223 1268/1268/1268
f 1221/1221/1221 1222/1222/1222 1224/1224/1224 1223/1223/1223
f 1219/1219/1219 1225/1225/1225 1227/1227/1227 1226/1226/1226
f 1226/1226/1226 1227/1227/1227 1222/1222/1222 1221/1221/1221
f 1291/1291/1291 1293/1293/1293 1292/1292/1292 1228/1228/1228
f 1293/1293/1293 1233/1233/1233 1229/1229/1229 1292/1292/1292
f 1231/1231/1231 1292/1292/1292 1229/1229/1229
f 1292/1292/1292 1218/1218/1218 1228/1228/1228
f 1218/1218/1218 1231/1231/1231 1219/1219/1219
f 1231/1231/1231 1218/1218/1218 1292/1292/1292
f 1229/1229/1229 1230/1230/1230 1232/1232/1232 1231/1231/1231
f 1231/1231/1231 1232/1232/1232 1225/1225/1225 1219/1219/1219
f 1233/1233/1233 1234/1234/1234 1230/1230/1230 1229/1229/1229
f 1210/1210/1210 1206/1206/1206 1256/1256/1256
f 1224/1224/1224 1255/1255/1255 1254/1254/1254
f 1224/1224/1224 1254/1254/1254 1253/1253/1253
f 1255/1255/1255 1224/1224/1224 1256/1256/1256
f 1223/1223/1223 1252/1252/1252 1251/1251/1251
f 1268/1268/1268 1250/1250/1250 1249/1249/1249
f 1268/1268/1268 1249/1249/1249 1248/1248/1248
f 1250/1250/1250 1223/1223/1223 1251/1251/1251
f 1252/1252/1252 1223/1223/1223 1253/1253/1253
f 1224/1224/1224 1253/1253/1253 1223/1223/1223
f 1224/1224/1224 1222/1222/1222 1211/1211/1211 1210/1210/1210
f 1212/1212/1212 1211/1211/1211 1222/1222/1222 1227/1227/1227
f 1213/1213/1213 1212/1212/1212 1227/1227/1227 1225/1225/1225
f 1247/1247/1247 1268/1268/1268 1248/1248/1248
f 1268/1268/1268 1223/1223/1223 1250/1250/1250
f 1268/1268/1268 1247/1247/1247 1246/1246/1246 1265/1265/1265
f 1225/1225/1225 1232/1232/1232 1214/1214/1214 1213/1213/1213
f 1210/1210/1210 1256/1256/1256 1224/1224/1224
f 1265/1265/1265 1246/1246/1246 1245/1245/1245
f 1266/1266/1266 1244/1244/1244 1243/1243/1243
f 1266/1266/1266 1243/1243/1243 1242/1242/1242
f 1244/1244/1244 1265/1265/1265 1245/1245/1245
f 1262/1262/1262 1241/1241/1241 1240/1240/1240
f 1262/1262/1262 1240/1240/1240 1239/1239/1239
f 1263/1263/1263 1238/1238/1238 1237/1237/1237
f 1263/1263/1263 1237/1237/1237 1236/1236/1236
f 1238/1238/1238 1262/1262/1262 1239/1239/1239
f 1241/1241/1241 1266/1266/1266 1242/1242/1242
f 1266/1266/1266 1241/1241/1241 1262/1262/1262
f 1260/1260/1260 1263/1263/1263 1261/1261/1261 1258/1258/1258
f 1236/1236/1236 1235/1235/1235 1263/1263/1263
f 1262/1262/1262 1238/1238/1238 1263/1263/1263
f 1207/1207/1207 1261/1261/1261 1235/1235/1235
f 1261/1261/1261 1263/1263/1263 1235/1235/1235
f 1308/1308/1308 1260/1260/1260 1258/1258/1258 1303/1303/1303
f 1303/1303/1303 1217/1217/1217 1304/1304/1304 1308/1308/1308
f 1265/1265/1265 1244/1244/1244 1266/1266/1266
f 1232/1232/1232 1230/1230/1230 1215/1215/1215 1214/1214/1214
f 1216/1216/1216 1215/1215/1215 1230/1230/1230 1234/1234/1234
f 1234/1234/1234 1270/1270/1270 1269/1269/1269 1216/1216/1216
f 1293/1293/1293 1276/1276/1276 1275/1275/1275 1233/1233/1233
f 1291/1291/1291 1279/1279/1279 1278/1278/1278 1293/1293/1293
f 1233/1233/1233 1273/1273/1273 1272/1272/1272 1234/1234/1234
f 1269/1269/1269 1208/1208/1208 1216/1216/1216
f 1234/1234/1234 1272/1272/1272 1271/1271/1271
f 1234/1234/1234 1271/1271/1271 1270/1270/1270
f 1233/1233/1233 1275/1275/1275 1274/1274/1274
f 1293/1293/1293 1278/1278/1278 1277/1277/1277
f 1293/1293/1293 1277/1277/1277 1276/1276/1276
f 1233/1233/1233 1274/1274/1274 1273/1273/1273
f 1280/1280/1280 1279/1279/1279 1291/1291/1291
f 1306/1306/1306 1304/1304/1304 1217/1217/1217 1302/1302/1302
f 1296/1296/1296 1284/1284/1284 1283/1283/1283 1298/1298/1298
f 1301/1301/1301 1287/1287/1287 1286/1286/1286 1296/1296/1296
f 1291/1291/1291 1281/1281/1281 1280/1280/1280
f 1302/1302/1302 1294/1294/1294 1300/1300/1300 1306/1306/1306
f 1301/1301/1301 1300/1300/1300 1294/1294/1294 1299/1299/1299
f 1299/1299/1299 1290/1290/1290 1289/1289/1289 1301/1301/1301
f 1291/1291/1291 1298/1298/1298 1281/1281/1281
f 1298/1298/1298 1282/1282/1282 1281/1281/1281
f 1296/1296/1296 1285/1285/1285 1284/1284/1284
f 1298/1298/1298 1283/1283/1283 1282/1282/1282
f 1301/1301/1301 1288/1288/1288 1287/1287/1287
f 1299/1299/1299 1209/1209/1209 1290/1290/1290
f 1301/1301/1301 1289/1289/1289 1288/1288/1288
f 1296/1296/1296 1286/1286/1286 1285/1285/1285
f 1312/1312/1312 1309/1309/1309 1311/1311/1311 1356/1356/1356
f 1313/1313/1313 1312/1312/1312 1356/1356/1356 1355/1355/1355
f 1315/1315/1315 1314/1314/1314 1354/1354/1354 1353/1353/1353
f 1316/1316/1316 1315/1315/1315 1353/1353/1353 1352/1352/1352
f 1314/1314/1314 1313/1313/1313 1355/1355/1355 1354/1354/1354
f 1317/1317/1317 1351/1351/1351 1350/1350/1350 1318/1318/1318
f 1319/1319/1319 1318/1318/1318 1350/1350/1350 1349/1349/1349
f 1321/1321/1321 1320/1320/1320 1348/1348/1348 1347/1347/1347
f 1321/1321/1321 1347/1347/1347 1346/1346/1346 1322/1322/1322
f 1320/1320/1320 1319/1319/1319 1349/1349/1349 1348/1348/1348
f 1316/1316/1316 1352/1352/1352 1351/1351/1351 1317/1317/1317
f 1345/1345/1345 1323/1323/1323 1322/1322/1322 1346/1346/1346
f 1324/1324/1324 1323/1323/1323 1345/1345/1345 1344/1344/1344
f 1325/1325/1325 1324/1324/1324 1344/1344/1344 1343/1343/1343
f 1327/1327/1327 1326/1326/1326 1342/1342/1342 1341/1341/1341
f 1328/1328/1328 1327/1327/1327 1341/1341/1341 1340/1340/1340
f 1326/1326/1326 1325/1325/1325 1343/1343/1343 1342/1342/1342
f 1330/1330/1330 1329/1329/1329 1339/1339/1339 1338/1338/1338
f 1331/1331/1331 1330/1330/1330 1338/1338/1338 1337/1337/1337
f 1333/1333/1333 1332/1332/1332 1336/1336/1336 1335/1335/1335
f 1310/1310/1310 1333/1333/1333 1335/1335/1335 1334/1334/1334
f 1332/1332/1332 1331/1331/1331 1337/1337/1337 1336/1336/1336
f 1329/1329/1329 1328/1328/1328 1340/1340/1340 1339/1339/1339
usemtl Default
v -2370 2340 -4090
v -2370 2330 -4090
v -2550 2340 -4090
v -2550 2330 -4090
v -2730 2340 -4090
v -2730 2330 -4090
v -2415 2340 -4090
v -2460 2340 -4090
v -2505 2340 -4090
v -2595 2340 -4090
v -2640 2340 -4090
v -2685 2340 -4090
v -2685 2330 -4090
v -2640 2330 -4090
v -2595 2330 -4090
v -2505 2330 -4090
v -2460 2330 -4090
v -2415 2330 -4090
v -2370 2340 -5090
v -2370 2330 -5090
v -2370 2340 -4090
v -2370 2330 -4090
v -2370 2340 -5046.52197265625
v -2370 2340 -5003.04345703125
v -2370 2340 -4959.5654296875
v -2370 2340 -4916.0869140625
v -2370 2340 -4872.60888671875
v -2370 2340 -4829.13037109375
v -2370 2340 -4785.65234375
v -2370 2340 -4742.173828125
v -2370 2340 -4698.69580078125
v -2370 2340 -4655.21728515625
v -2370 2340 -4611.7392578125
v -2370 2340 -4568.2607421875
v -2370 2340 -4524.78271484375
v -2370 2340 -4481.30419921875
v -2370 2340 -4437.826171875
v -2370 2340 -4394.34765625
v -2370 2340 -4350.86962890625
v -2370 2340 -4307.39111328125
v -2370 2340 -4263.9130859375
v -2370 2340 -4220.4345703125
v -2370 2340 -4176.95654296875
v -2370 2340 -4133.47802734375
v -2370 2330 -4133.47802734375
v -2370 2330 -4176.95654296875
v -2370 2330 -4220.4345703125
v -2370 2330 -4263.9130859375
v -2370 2330 -4307.39111328125
v -2370 2330 -4350.86962890625
v -2370 2330 -4394.34765625
v -2370 2330 -4437.826171875
v -2370 2330 -4481.30419921875
v -2370 2330 -4524.78271484375
v -2370 2330 -4568.2607421875
v -2370 2330 -4611.7392578125
v -2370 2330 -4655.21728515625
v -2370 2330 -4698.69580078125
v -2370 2330 -4742.173828125
v -2370 2330 -4785.65234375
v -2370 2330 -4829.13037109375
v -2370 2330 -4872.60888671875
v -2370 2330 -4916.0869140625
v -2370 2330 -4959.5654296875
v -2370 2330 -5003.04345703125
v -2370 2330 -5046.52197265625
v -2370 2330 -4090
v -2370 2330 -5090
v -2730 2330 -4090
v -2730 2330 -5090
v -2415 2330 -4090
v -2460 2330 -4090
v -2505 2330 -4090
v -2550 2330 -4090
v -2595 2330 -4090
v -2640 2330 -4090
v -2685 2330 -4090
v -2550 2330 -5090
v -2550 2330 -4590
v -2550 2330 -4340
v -2460 2330 -4590
v -2460 2330 -4340
v -2460 2330 -4215
v -2415 2330 -4340
v -2415 2330 -4215
v -2550 2330 -4215
v -2505 2330 -4340
v -2505 2330 -4215
v -2640 2330 -4590
v -2640 2330 -4340
v -2640 2330 -4215
v -2595 2330 -4340
v -2595 2330 -4215
v -2685 2330 -4340
v -2685 2330 -4215
v -2370 2330 -5046.52197265625
v -2370 2330 -5003.04345703125
v -2370 2330 -4959.5654296875
v -2370 2330 -4916.0869140625
v -2370 2330 -4872.60888671875
v -2370 2330 -4829.13037109375
v -2370 2330 -4785.65234375
v -2370 2330 -4742.173828125
v -2370 2330 -4698.69580078125
v -2370 2330 -4655.21728515625
v -2370 2330 -4611.7392578125
v -2370 2330 -4568.2607421875
v -2370 2330 -4524.78271484375
v -2370 2330 -4481.30419921875
v -2370 2330 -4437.826171875
v -2370 2330 -4394.34765625
v -2370 2330 -4350.86962890625
v -2370 2330 -4307.39111328125
v -2370 2330 -4263.9130859375
v -2370 2330 -4220.4345703125
v -2370 2330 -4176.95654296875
v -2370 2330 -4133.47802734375
v -2550 2330 -4840
v -2460 2330 -5090
v -2460 2330 -4840
v -2460 2330 -4965
v -2415 2330 -5090
v -2415 2330 -4840
v -2415 2330 -4965
v -2460 2330 -4715
v -2415 2330 -4590
v -2415 2330 -4715
v -2460 2330 -4465
v -2415 2330 -4465
v -2730 2330 -4133.47802734375
v -2730 2330 -4176.95654296875
v -2730 2330 -4220.4345703125
v -2730 2330 -4263.9130859375
v -2730 2330 -4307.39111328125
v -2730 2330 -4350.86962890625
v -2730 2330 -4394.34765625
v -2730 2330 -4437.826171875
v -2730 2330 -4481.30419921875
v -2730 2330 -4524.78271484375
v -2730 2330 -4568.2607421875
v -2730 2330 -4611.7392578125
v -2730 2330 -4655.21728515625
v -2730 2330 -4698.69580078125
v -2730 2330 -4742.173828125
v -2730 2330 -4785.65234375
v -2730 2330 -4829.13037109375
v -2730 2330 -4872.60888671875
v -2730 2330 -4916.0869140625
v -2730 2330 -4959.5654296875
v -2730 2330 -5003.04345703125
v -2730 2330 -5046.52197265625
v -2685 2330 -4590
v -2640 2330 -4465
v -2685 2330 -4465
v -2640 2330 -5090
v -2640 2330 -4840
v -2685 2330 -4840
v -2640 2330 -4715
v -2685 2330 -4715
v -2685 2330 -5090
v -2640 2330 -4965
v -2685 2330 -4965
v -2595 2330 -5090
v -2505 2330 -5090
v -2550 2330 -4965
v -2595 2330 -4840
v -2595 2330 -4965
v -2505 2330 -4840
v -2505 2330 -4965
v -2730 2340 -5090
v -2730 2330 -5090
v -2550 2340 -5090
v -2550 2330 -5090
v -2370 2340 -5090
v -2370 2330 -5090
v -2685 2340 -5090
v -2640 2340 -5090
v -2595 2340 -5090
v -2505 2340 -5090
v -2460 2340 -5090
v -2415 2340 -5090
v -2415 2330 -5090
v -2460 2330 -5090
v -2505 2330 -5090
v -2595 2330 -5090
v -2640 2330 -5090
v -2685 2330 -5090
v -2370 2340 -4090
v -2370 2340 -5090
v -2730 2340 -4090
v -2730 2340 -5090
v -2415 2340 -4090
v -2460 2340 -4090
v -2505 2340 -4090
v -2550 2340 -4090
v -2595 2340 -4090
v -2640 2340 -4090
v -2685 2340 -4090
v -2550 2340 -5090
v -2550 2340 -4590
v -2550 2340 -4340
v -2460 2340 -4590
v -2460 2340 -4340
v -2460 2340 -4215
v -2415 2340 -4340
v -2415 2340 -4215
v -2550 2340 -4215
v -2505 2340 -4340
v -2505 2340 -4215
v -2640 2340 -4590
v -2640 2340 -4340
v -2640 2340 -4215
v -2595 2340 -4340
v -2595 2340 -4215
v -2685 2340 -4340
v -2685 2340 -4215
v -2370 2340 -5046.52197265625
v -2370 2340 -5003.04345703125
v -2370 2340 -4959.5654296875
v -2370 2340 -4916.0869140625
v -2370 2340 -4872.60888671875
v -2370 2340 -4829.13037109375
v -2370 2340 -4785.65234375
v -2370 2340 -4742.173828125
v -2370 2340 -4698.69580078125
v -2370 2340 -4655.21728515625
v -2370 2340 -4611.7392578125
v -2370 2340 -4568.2607421875
v -2370 2340 -4524.78271484375
v -2370 2340 -4481.30419921875
v -2370 2340 -4437.826171875
v -2370 2340 -4394.34765625
v -2370 2340 -4350.86962890625
v -2370 2340 -4307.39111328125
v -2370 2340 -4263.9130859375
v -2370 2340 -4220.4345703125
v -2370 2340 -4176.95654296875
v -2370 2340 -4133.47802734375
v -2550 2340 -4840
v -2460 2340 -5090
v -2460 2340 -4840
v -2460 2340 -4965
v -2415 2340 -5090
v -2415 2340 -4840
v -2415 2340 -4965
v -2460 2340 -4715
v -2415 2340 -4590
v -2415 2340 -4715
v -2460 2340 -4465
v -2415 2340 -4465
v -2730 2340 -4133.47802734375
v -2730 2340 -4176.95654296875
v -2730 2340 -4220.4345703125
v -2730 2340 -4263.9130859375
v -2730 2340 -4307.39111328125
v -2730 2340 -4350.86962890625
v -2730 2340 -4394.34765625
v -2730 2340 -4437.826171875
v -2730 2340 -4481.30419921875
v -2730 2340 -4524.78271484375
v -2730 2340 -4568.2607421875
v -2730 2340 -4611.7392578125
v -2730 2340 -4655.21728515625
v -2730 2340 -4698.69580078125
v -2730 2340 -4742.173828125
v -2730 2340 -4785.65234375
v -2730 2340 -4829.13037109375
v -2730 2340 -4872.60888671875
v -2730 2340 -4916.0869140625
v -2730 2340 -4959.5654296875
v -2730 2340 -5003.04345703125
v -2730 2340 -5046.52197265625
v -2685 2340 -4590
v -2640 2340 -4465
v -2685 2340 -4465
v -2640 2340 -5090
v -2640 2340 -4840
v -2685 2340 -4840
v -2640 2340 -4715
v -2685 2340 -4715
v -2685 2340 -5090
v -2640 2340 -4965
v -2685 2340 -4965
v -2595 2340 -5090
v -2505 2340 -5090
v -2550 2340 -4965
v -2595 2340 -4840
v -2595 2340 -4965
v -2505 2340 -4840
v -2505 2340 -4965
v -2730 2340 -5090
v -2730 2330 -5090
v -2730 2340 -4090
v -2730 2330 -4090
v -2730 2340 -5046.52197265625
v -2730 2340 -5003.04345703125
v -2730 2340 -4959.5654296875
v -2730 2340 -4916.0869140625
v -2730 2340 -4872.60888671875
v -2730 2340 -4829.13037109375
v -2730 2340 -4785.65234375
v -2730 2340 -4742.173828125
v -2730 2340 -4698.69580078125
v -2730 2340 -4655.21728515625
v -2730 2340 -4611.7392578125
v -2730 2340 -4568.2607421875
v -2730 2340 -4524.78271484375
v -2730 2340 -4481.30419921875
v -2730 2340 -4437.826171875
v -2730 2340 -4394.34765625
v -2730 2340 -4350.86962890625
v -2730 2340 -4307.39111328125
v -2730 2340 -4263.9130859375
v -2730 2340 -4220.4345703125
v -2730 2340 -4176.95654296875
v -2730 2340 -4133.47802734375
v -2730 2330 -4133.47802734375
v -2730 2330 -4176.95654296875
v -2730 2330 -4220.4345703125
v -2730 2330 -4263.9130859375
v -2730 2330 -4307.39111328125
v -2730 2330 -4350.86962890625
v -2730 2330 -4394.34765625
v -2730 2330 -4437.826171875
v -2730 2330 -4481.30419921875
v -2730 2330 -4524.78271484375
v -2730 2330 -4568.2607421875
v -2730 2330 -4611.7392578125
v -2730 2330 -4655.21728515625
v -2730 2330 -4698.69580078125
v -2730 2330 -4742.173828125
v -2730 2330 -4785.65234375
v -2730 2330 -4829.13037109375
v -2730 2330 -4872.60888671875
v -2730 2330 -4916.0869140625
v -2730 2330 -4959.5654296875
v -2730 2330 -5003.04345703125
v -2730 2330 -5046.52197265625
vt 0.019607843831181526 0.013248542323708534
vt 0.019607843831181526 0.023052463307976723
vt 0.19607843458652496 0.013248542323708534
vt 0.19607843458652496 0.023052463307976723
vt 0.37254902720451355 0.013248542323708534
vt 0.37254902720451355 0.023052463307976723
vt 0.063725493848323822 0.013248542323708534
vt 0.10784313827753067 0.013248542323708534
vt 0.15196079015731812 0.013248542323708534
vt 0.24019607901573181 0.013248542323708534
vt 0.28431373834609985 0.013248542323708534
vt 0.32843136787414551 0.013248542323708534
vt 0.32843136787414551 0.023052463307976723
vt 0.28431373834609985 0.023052463307976723
vt 0.24019607901573181 0.023052463307976723
vt 0.15196079015731812 0.023052463307976723
vt 0.10784313827753067 0.023052463307976723
vt 0.063725493848323822 0.023052463307976723
vt 0.018143000081181526 0
vt 0.0098039219155907631 0
vt 0.018143000081181526 0.97892731428146362
vt 0.0098039219155907631 0.97892731428146362
vt 0.018143000081181526 0.042562056332826614
vt 0.018143000081181526 0.085124112665653229
vt 0.018143000081181526 0.12768617272377014
vt 0.018143000081181526 0.17024822533130646
vt 0.018143000081181526 0.21281027793884277
vt 0.018143000081181526 0.25537234544754028
vt 0.018143000081181526 0.29793438315391541
vt 0.018143000081181526 0.34049645066261292
vt 0.018143000081181526 0.38305851817131042
vt 0.018143000081181526 0.42562055587768555
vt 0.018143000081181526 0.46818262338638306
vt 0.018143000081181526 0.51074469089508057
vt 0.018143000081181526 0.5533066987991333
vt 0.018143000081181526 0.59586876630783081
vt 0.018143000081181526 0.6384308934211731
vt 0.018143000081181526 0.68099290132522583
vt 0.018143000081181526 0.72355496883392334
vt 0.018143000081181526 0.76611703634262085
vt 0.018143000081181526 0.80867904424667358
vt 0.018143000081181526 0.85124111175537109
vt 0.018143000081181526 0.89380323886871338
vt 0.018143000081181526 0.93636524677276611
vt 0.0098039219155907631 0.93636524677276611
vt 0.0098039219155907631 0.89380323886871338
vt 0.0098039219155907631 0.85124111175537109
vt 0.0098039219155907631 0.80867904424667358
vt 0.0098039219155907631 0.76611703634262085
vt 0.0098039219155907631 0.72355496883392334
vt 0.0098039219155907631 0.68099290132522583
vt 0.0098039219155907631 0.6384308934211731
vt 0.0098039219155907631 0.59586876630783081
vt 0.0098039219155907631 0.5533066987991333
vt 0.0098039219155907631 0.51074469089508057
vt 0.0098039219155907631 0.46818262338638306
vt 0.0098039219155907631 0.42562055587768555
vt 0.0098039219155907631 0.38305851817131042
vt 0.0098039219155907631 0.34049645066261292
vt 0.0098039219155907631 0.29793438315391541
vt 0.0098039219155907631 0.25537234544754028
vt 0.0098039219155907631 0.21281027793884277
vt 0.0098039219155907631 0.17024822533130646
vt 0.0098039219155907631 0.12768617272377014
vt 0.0098039219155907631 0.085124112665653229
vt 0.0098039219155907631 0.042562056332826614
vt 0.99853515625 0.5034446120262146
vt 0.019607843831181526 0.5034446120262146
vt 0.99853515625 0.85638582706451416
vt 0.019607843831181526 0.85638582706451416
vt 0.99853515625 0.54756224155426025
vt 0.99853515625 0.59167993068695068
vt 0.99853515625 0.63579756021499634
vt 0.99853515625 0.67991518974304199
vt 0.99853515625 0.72403287887573242
vt 0.99853515625 0.76815050840377808
vt 0.99853515625 0.81226813793182373
vt 0.019607843831181526 0.67991518974304199
vt 0.50907152891159058 0.67991518974304199
vt 0.7538033127784729 0.67991518974304199
vt 0.50907152891159058 0.59167993068695068
vt 0.7538033127784729 0.59167993068695068
vt 0.87616926431655884 0.59167993068695068
vt 0.7538033127784729 0.54756224155426025
vt 0.87616926431655884 0.54756224155426025
vt 0.87616926431655884 0.67991518974304199
vt 0.7538033127784729 0.63579756021499634
vt 0.87616926431655884 0.63579756021499634
vt 0.50907152891159058 0.76815050840377808
vt 0.7538033127784729 0.76815050840377808
vt 0.87616926431655884 0.76815050840377808
vt 0.7538033127784729 0.72403287887573242
vt 0.87616926431655884 0.72403287887573242
vt 0.7538033127784729 0.81226813793182373
vt 0.87616926431655884 0.81226813793182373
vt 0.062169890850782394 0.5034446120262146
vt 0.10473193973302841 0.5034446120262146
vt 0.14729404449462891 0.5034446120262146
vt 0.18985608220100403 0.5034446120262146
vt 0.23241813480854034 0.5034446120262146
vt 0.27498018741607666 0.5034446120262146
vt 0.31754222512245178 0.5034446120262146
vt 0.3601042628288269 0.5034446120262146
vt 0.40266638994216919 0.5034446120262146
vt 0.44522842764854431 0.5034446120262146
vt 0.48779046535491943 0.5034446120262146
vt 0.53035253286361694 0.5034446120262146
vt 0.57291460037231445 0.5034446120262146
vt 0.61547666788101196 0.5034446120262146
vt 0.6580386757850647 0.5034446120262146
vt 0.70060074329376221 0.5034446120262146
vt 0.74316281080245972 0.5034446120262146
vt 0.78572487831115723 0.5034446120262146
vt 0.82828694581985474 0.5034446120262146
vt 0.87084901332855225 0.5034446120262146
vt 0.91341102123260498 0.5034446120262146
vt 0.95597308874130249 0.5034446120262146
vt 0.26433968544006348 0.67991518974304199
vt 0.019607843831181526 0.59167993068695068
vt 0.26433968544006348 0.59167993068695068
vt 0.14197376370429993 0.59167993068695068
vt 0.019607843831181526 0.54756224155426025
vt 0.26433968544006348 0.54756224155426025
vt 0.14197376370429993 0.54756224155426025
vt 0.38670557737350464 0.59167993068695068
vt 0.50907152891159058 0.54756224155426025
vt 0.38670557737350464 0.54756224155426025
vt 0.63143742084503174 0.59167993068695068
vt 0.63143742084503174 0.54756224155426025
vt 0.95597308874130249 0.85638582706451416
vt 0.91341102123260498 0.85638582706451416
vt 0.87084901332855225 0.85638582706451416
vt 0.82828694581985474 0.85638582706451416
vt 0.78572487831115723 0.85638582706451416
vt 0.74316281080245972 0.85638582706451416
vt 0.70060074329376221 0.85638582706451416
vt 0.6580386757850647 0.85638582706451416
vt 0.61547666788101196 0.85638582706451416
vt 0.57291460037231445 0.85638582706451416
vt 0.53035253286361694 0.85638582706451416
vt 0.48779046535491943 0.85638582706451416
vt 0.44522842764854431 0.85638582706451416
vt 0.40266638994216919 0.85638582706451416
vt 0.3601042628288269 0.85638582706451416
vt 0.31754222512245178 0.85638582706451416
vt 0.27498018741607666 0.85638582706451416
vt 0.23241813480854034 0.85638582706451416
vt 0.18985608220100403 0.85638582706451416
vt 0.14729404449462891 0.85638582706451416
vt 0.10473193973302841 0.85638582706451416
vt 0.062169890850782394 0.85638582706451416
vt 0.50907152891159058 0.81226813793182373
vt 0.63143742084503174 0.76815050840377808
vt 0.63143742084503174 0.81226813793182373
vt 0.019607843831181526 0.76815050840377808
vt 0.26433968544006348 0.76815050840377808
vt 0.26433968544006348 0.81226813793182373
vt 0.38670557737350464 0.76815050840377808
vt 0.38670557737350464 0.81226813793182373
vt 0.019607843831181526 0.81226813793182373
vt 0.14197376370429993 0.76815050840377808
vt 0.14197376370429993 0.81226813793182373
vt 0.019607843831181526 0.72403287887573242
vt 0.019607843831181526 0.63579756021499634
vt 0.14197376370429993 0.67991518974304199
vt 0.26433968544006348 0.72403287887573242
vt 0.14197376370429993 0.72403287887573242
vt 0.26433968544006348 0.63579756021499634
vt 0.14197376370429993 0.63579756021499634
vt 0.019607843831181526 0
vt 0.019607843831181526 0.0098039219155907631
vt 0.19607843458652496 0
vt 0.19607843458652496 0.0098039219155907631
vt 0.37254902720451355 0
vt 0.37254902720451355 0.0098039219155907631
vt 0.063725493848323822 0
vt 0.10784313827753067 0
vt 0.15196079015731812 0
vt 0.24019607901573181 0
vt 0.28431373834609985 0
vt 0.32843136787414551 0
vt 0.32843136787414551 0.0098039219155907631
vt 0.28431373834609985 0.0098039219155907631
vt 0.24019607901573181 0.0098039219155907631
vt 0.15196079015731812 0.0098039219155907631
vt 0.10784313827753067 0.0098039219155907631
vt 0.063725493848323822 0.0098039219155907631
vt 0.99853515625 0.026497084647417068
vt 0.019607843831181526 0.026497084647417068
vt 0.99853515625 0.37943825125694275
vt 0.019607843831181526 0.37943825125694275
vt 0.99853515625 0.070614732801914215
vt 0.99853515625 0.11473237723112106
vt 0.99853515625 0.15885002911090851
vt 0.99853515625 0.20296767354011536
vt 0.99853515625 0.2470853179693222
vt 0.99853515625 0.29120296239852905
vt 0.99853515625 0.33532062172889709
vt 0.019607843831181526 0.20296767354011536
vt 0.50907152891159058 0.20296767354011536
vt 0.7538033127784729 0.20296767354011536
vt 0.50907152891159058 0.11473237723112106
vt 0.7538033127784729 0.11473237723112106
vt 0.87616926431655884 0.11473237723112106
vt 0.7538033127784729 0.070614732801914215
vt 0.87616926431655884 0.070614732801914215
vt 0.87616926431655884 0.20296767354011536
vt 0.7538033127784729 0.15885002911090851
vt 0.87616926431655884 0.15885002911090851
vt 0.50907152891159058 0.29120296239852905
vt 0.7538033127784729 0.29120296239852905
vt 0.87616926431655884 0.29120296239852905
vt 0.7538033127784729 0.2470853179693222
vt 0.87616926431655884 0.2470853179693222
vt 0.7538033127784729 0.33532062172889709
vt 0.87616926431655884 0.33532062172889709
vt 0.062169890850782394 0.026497084647417068
vt 0.10473193973302841 0.026497084647417068
vt 0.14729404449462891 0.026497084647417068
vt 0.18985608220100403 0.026497084647417068
vt 0.23241813480854034 0.026497084647417068
vt 0.27498018741607666 0.026497084647417068
vt 0.31754222512245178 0.026497084647417068
vt 0.3601042628288269 0.026497084647417068
vt 0.40266638994216919 0.026497084647417068
vt 0.44522842764854431 0.026497084647417068
vt 0.48779046535491943 0.026497084647417068
vt 0.53035253286361694 0.026497084647417068
vt 0.57291460037231445 0.026497084647417068
vt 0.61547666788101196 0.026497084647417068
vt 0.6580386757850647 0.026497084647417068
vt 0.70060074329376221 0.026497084647417068
vt 0.74316281080245972 0.026497084647417068
vt 0.78572487831115723 0.026497084647417068
vt 0.82828694581985474 0.026497084647417068
vt 0.87084901332855225 0.026497084647417068
vt 0.91341102123260498 0.026497084647417068
vt 0.95597308874130249 0.026497084647417068
vt 0.26433968544006348 0.20296767354011536
vt 0.019607843831181526 0.11473237723112106
vt 0.26433968544006348 0.11473237723112106
vt 0.14197376370429993 0.11473237723112106
vt 0.019607843831181526 0.070614732801914215
vt 0.26433968544006348 0.070614732801914215
vt 0.14197376370429993 0.070614732801914215
vt 0.38670557737350464 0.11473237723112106
vt 0.50907152891159058 0.070614732801914215
vt 0.38670557737350464 0.070614732801914215
vt 0.63143742084503174 0.11473237723112106
vt 0.63143742084503174 0.070614732801914215
vt 0.95597308874130249 0.37943825125694275
vt 0.91341102123260498 0.37943825125694275
vt 0.87084901332855225 0.37943825125694275
vt 0.82828694581985474 0.37943825125694275
vt 0.78572487831115723 0.37943825125694275
vt 0.74316281080245972 0.37943825125694275
vt 0.70060074329376221 0.37943825125694275
vt 0.6580386757850647 0.37943825125694275
vt 0.61547666788101196 0.37943825125694275
vt 0.57291460037231445 0.37943825125694275
vt 0.53035253286361694 0.37943825125694275
vt 0.48779046535491943 0.37943825125694275
vt 0.44522842764854431 0.37943825125694275
vt 0.40266638994216919 0.37943825125694275
vt 0.3601042628288269 0.37943825125694275
vt 0.31754222512245178 0.37943825125694275
vt 0.27498018741607666 0.37943825125694275
vt 0.23241813480854034 0.37943825125694275
vt 0.18985608220100403 0.37943825125694275
vt 0.14729404449462891 0.37943825125694275
vt 0.10473193973302841 0.37943825125694275
vt 0.062169890850782394 0.37943825125694275
vt 0.50907152891159058 0.33532062172889709
vt 0.63143742084503174 0.29120296239852905
vt 0.63143742084503174 0.33532062172889709
vt 0.019607843831181526 0.29120296239852905
vt 0.26433968544006348 0.29120296239852905
vt 0.26433968544006348 0.33532062172889709
vt 0.38670557737350464 0.29120296239852905
vt 0.38670557737350464 0.33532062172889709
vt 0.019607843831181526 0.33532062172889709
vt 0.14197376370429993 0.29120296239852905
vt 0.14197376370429993 0.33532062172889709
vt 0.019607843831181526 0.2470853179693222
vt 0.019607843831181526 0.15885002911090851
vt 0.14197376370429993 0.20296767354011536
vt 0.26433968544006348 0.2470853179693222
vt 0.14197376370429993 0.2470853179693222
vt 0.26433968544006348 0.15885002911090851
vt 0.14197376370429993 0.15885002911090851
vt 0.0083390781655907631 0
vt 0 0
vt 0.0083390781655907631 0.97892731428146362
vt 0 0.97892731428146362
vt 0.0083390781655907631 0.042562056332826614
vt 0.0083390781655907631 0.085124112665653229
vt 0.0083390781655907631 0.12768617272377014
vt 0.0083390781655907631 0.17024822533130646
vt 0.0083390781655907631 0.21281027793884277
vt 0.0083390781655907631 0.25537234544754028
vt 0.0083390781655907631 0.29793438315391541
vt 0.0083390781655907631 0.34049645066261292
vt 0.0083390781655907631 0.38305851817131042
vt 0.0083390781655907631 0.42562055587768555
vt 0.0083390781655907631 0.46818262338638306
vt 0.0083390781655907631 0.51074469089508057
vt 0.0083390781655907631 0.5533066987991333
vt 0.0083390781655907631 0.59586876630783081
vt 0.0083390781655907631 0.6384308934211731
vt 0.0083390781655907631 0.68099290132522583
vt 0.0083390781655907631 0.72355496883392334
vt 0.0083390781655907631 0.76611703634262085
vt 0.0083390781655907631 0.80867904424667358
vt 0.0083390781655907631 0.85124111175537109
vt 0.0083390781655907631 0.89380323886871338
vt 0.0083390781655907631 0.93636524677276611
vt 0 0.93636524677276611
vt 0 0.89380323886871338
vt 0 0.85124111175537109
vt 0 0.80867904424667358
vt 0 0.76611703634262085
vt 0 0.72355496883392334
vt 0 0.68099290132522583
vt 0 0.6384308934211731
vt 0 0.59586876630783081
vt 0 0.5533066987991333
vt 0 0.51074469089508057
vt 0 0.46818262338638306
vt 0 0.42562055587768555
vt 0 0.38305851817131042
vt 0 0.34049645066261292
vt 0 0.29793438315391541
vt 0 0.25537234544754028
vt 0 0.21281027793884277
vt 0 0.17024822533130646
vt 0 0.12768617272377014
vt 0 0.085124112665653229
vt 0 0.042562056332826614
vn 0 0 1
vn 0 0 1
vn 0 0 1
vn 0 0 1
vn 0 0 1
vn 0 0 1
vn 0 0 1
vn 0 0 1
vn 0 0 1
vn 0 0 1
vn 0 0 1
vn 0 0 1
vn 0 0 1
vn 0 0 1
vn 0 0 1
vn 0 0 1
vn 0 0 1
vn 0 0 1
vn 1 0 0
vn 1 0 0
vn 1 0 0
vn 1 0 0
vn 1 0 0
vn 1 0 0
vn 1 0 0
vn 1 0 0
vn 1 0 0
vn 1 0 0
vn 1 0 0
vn 1 0 0
vn 1 0 0
vn 1 0 0
vn 1 0 0
vn 1 0 0
vn 1 0 0
vn 1 0 0
vn 1 0 0
vn 1 0 0
vn 1 0 0
vn 1 0 0
vn 1 0 0
vn 1 0 0
vn 1 0 0
vn 1 0 0
vn 1 0 0
vn 1 0 0
vn 1 0 0
vn 1 0 0
vn 1 0 0
vn 1 0 0
vn 1 0 0
vn 1 0 0
vn 1 0 0
vn 1 0 0
vn 1 0 0
vn 1 0 0
vn 1 0 0
vn 1 0 0
vn 1 0 0
vn 1 0 0
vn 1 0 0
vn 1 0 0
vn 1 0 0
vn 1 0 0
vn 1 0 0
vn 1 0 0
vn 0 -1 0
vn 0 -1 0
vn 0 -1 0
vn 0 -1 0
vn 0 -1 0
vn 0 -1 0
vn 0 -1 0
vn 0 -1 0
vn 0 -1 0
vn 0 -1 0
vn 0 -1 0
vn 0 -1 0
vn 0 -1 0
vn 0 -1 0
vn 0 -1 0
vn 0 -1 0
vn 0 -1 0
vn 0 -1 0
vn 0 -1 0
vn 0 -1 0
vn 0 -1 0
vn 0 -1 0
vn 0 -1 0
vn 0 -1 0
vn 0 -1 0
vn 0 -1 0
vn 0 -1 0
vn 0 -1 0
vn 0 -1 0
vn 0 -1 0
vn 0 -1 0
vn 0 -1 0
vn 0 -1 0
vn 0 -1 0
vn 0 -1 0
vn 0 -1 0
vn 0 -1 0
vn 0 -1 0
vn 0 -1 0
vn 0 -1 0
vn 0 -1 0
vn 0 -1 0
vn 0 -1 0
vn 0 -1 0
vn 0 -1 0
vn 0 -1 0
vn 0 -1 0
vn 0 -1 0
vn 0 -1 0
vn 0 -1 0
vn 0 -1 0
vn 0 -1 0
vn 0 -1 0
vn 0 -1 0
vn 0 -1 0
vn 0 -1 0
vn 0 -1 0
vn 0 -1 0
vn 0 -1 0
vn 0 -1 0
vn 0 -1 0
vn 0 -1 0
vn 0 -1 0
vn 0 -1 0
vn 0 -1 0
vn 0 -1 0
vn 0 -1 0
vn 0 -1 0
vn 0 -1 0
vn 0 -1 0
vn 0 -1 0
vn 0 -1 0
vn 0 -1 0
vn 0 -1 0
vn 0 -1 0
vn 0 -1 0
vn 0 -1 0
vn 0 -1 0
vn 0 -1 0
vn 0 -1 0
vn 0 -1 0
vn 0 -1 0
vn 0 -1 0
vn 0 -1 0
vn 0 -1 0
vn 0 -1 0
vn 0 -1 0
vn 0 -1 0
vn 0 -1 0
vn 0 -1 0
vn 0 -1 0
vn 0 -1 0
vn 0 -1 0
vn 0 -1 0
vn 0 -1 0
vn 0 -1 0
vn 0 -1 0
vn 0 -1 0
vn 0 -1 0
vn 0 -1 0
vn 0 -1 0
vn 0 -1 0
vn 0 -1 0
vn 0 0 -1
vn 0 0 -1
vn 0 0 -1
vn 0 0 -1
vn 0 0 -1
vn 0 0 -1
vn 0 0 -1
vn 0 0 -1
vn 0 0 -1
vn 0 0 -1
vn 0 0 -1
vn 0 0 -1
vn 0 0 -1
vn 0 0 -1
vn 0 0 -1
vn 0 0 -1
vn 0 0 -1
vn 0 0 -1
vn 0 1 0
vn 0 1 0
vn 0 1 0
vn 0 1 0
vn 0 1 0
vn 0 1 0
vn 0 1 0
vn 0 1 0
vn 0 1 0
vn 0 1 0
vn 0 1 0
vn 0 1 0
vn 0 1 0
vn 0 1 0
vn 0 1 0
vn 0 1 0
vn 0 1 0
vn 0 1 0
vn 0 1 0
vn 0 1 0
vn 0 1 0
vn 0 1 0
vn 0 1 0
vn 0 1 0
vn 0 1 0
vn 0 1 0
vn 0 1 0
vn 0 1 0
vn 0 1 0
vn 0 1 0
vn 0 1 0
vn 0 1 0
vn 0 1 0
vn 0 1 0
vn 0 1 0
vn 0 1 0
vn 0 1 0
vn 0 1 0
vn 0 1 0
vn 0 1 0
vn 0 1 0
vn 0 1 0
vn 0 1 0
vn 0 1 0
vn 0 1 0
vn 0 1 0
vn 0 1 0
vn 0 1 0
vn 0 1 0
vn 0 1 0
vn 0 1 0
vn 0 1 0
vn 0 1 0
vn 0 1 0
vn 0 1 0
vn 0 1 0
vn 0 1 0
vn 0 1 0
vn 0 1 0
vn 0 1 0
vn 0 1 0
vn 0 1 0
vn 0 1 0
vn 0 1 0
vn 0 1 0
vn 0 1 0
vn 0 1 0
vn 0 1 0
vn 0 1 0
vn 0 1 0
vn 0 1 0
vn 0 1 0
vn 0 1 0
vn 0 1 0
vn 0 1 0
vn 0 1 0
vn 0 1 0
vn 0 1 0
vn 0 1 0
vn 0 1 0
vn 0 1 0
vn 0 1 0
vn 0 1 0
vn 0 1 0
vn 0 1 0
vn 0 1 0
vn 0 1 0
vn 0 1 0
vn 0 1 0
vn 0 1 0
vn 0 1 0
vn 0 1 0
vn 0 1 0
vn 0 1 0
vn 0 1 0
vn 0 1 0
vn 0 1 0
vn 0 1 0
vn 0 1 0
vn 0 1 0
vn 0 1 0
vn 0 1 0
vn 0 1 0
vn -1 0 0
vn -1 0 0
vn -1 0 0
vn -1 0 0
vn -1 0 0
vn -1 0 0
vn -1 0 0
vn -1 0 0
vn -1 0 0
vn -1 0 0
vn -1 0 0
vn -1 0 0
vn -1 0 0
vn -1 0 0
vn -1 0 0
vn -1 0 0
vn -1 0 0
vn -1 0 0
vn -1 0 0
vn -1 0 0
vn -1 0 0
vn -1 0 0
vn -1 0 0
vn -1 0 0
vn -1 0 0
vn -1 0 0
vn -1 0 0
vn -1 0 0
vn -1 0 0
vn -1 0 0
vn -1 0 0
vn -1 0 0
vn -1 0 0
vn -1 0 0
vn -1 0 0
vn -1 0 0
vn -1 0 0
vn -1 0 0
vn -1 0 0
vn -1 0 0
vn -1 0 0
vn -1 0 0
vn -1 0 0
vn -1 0 0
vn -1 0 0
vn -1 0 0
vn -1 0 0
vn -1 0 0
f 1357/1357/1357 1363/1363/1363 1374/1374/1374 1358/1358/1358
f 1364/1364/1364 1365/1365/1365 1372/1372/1372 1373/1373/1373
f 1363/1363/1363 1364/1364/1364 1373/1373/1373 1374/1374/1374
f 1365/1365/1365 1359/1359/1359 1360/1360/1360 1372/1372/1372
f 1366/1366/1366 1367/1367/1367 1370/1370/1370 1371/1371/1371
f 1361/1361/1361 1362/1362/1362 1369/1369/1369 1368/1368/1368
f 1367/1367/1367 1368/1368/1368 1369/1369/1369 1370/1370/1370
f 1371/1371/1371 1360/1360/1360 1359/1359/1359 1366/1366/1366
f 1375/1375/1375 1379/1379/1379 1422/1422/1422 1376/1376/1376
f 1379/1379/1379 1380/1380/1380 1421/1421/1421 1422/1422/1422
f 1382/1382/1382 1419/1419/1419 1420/1420/1420 1381/1381/1381
f 1383/1383/1383 1418/1418/1418 1419/1419/1419 1382/1382/1382
f 1381/1381/1381 1420/1420/1420 1421/1421/1421 1380/1380/1380
f 1385/1385/1385 1416/1416/1416 1417/1417/1417 1384/1384/1384
f 1386/1386/1386 1415/1415/1415 1416/1416/1416 1385/1385/1385
f 1388/1388/1388 1413/1413/1413 1414/1414/1414 1387/1387/1387
f 1389/1389/1389 1412/1412/1412 1413/1413/1413 1388/1388/1388
f 1387/1387/1387 1414/1414/1414 1415/1415/1415 1386/1386/1386
f 1384/1384/1384 1417/1417/1417 1418/1418/1418 1383/1383/1383
f 1412/1412/1412 1389/1389/1389 1390/1390/1390 1411/1411/1411
f 1391/1391/1391 1410/1410/1410 1411/1411/1411 1390/1390/1390
f 1392/1392/1392 1409/1409/1409 1410/1410/1410 1391/1391/1391
f 1394/1394/1394 1407/1407/1407 1408/1408/1408 1393/1393/1393
f 1394/1394/1394 1395/1395/1395 1406/1406/1406 1407/1407/1407
f 1393/1393/1393 1408/1408/1408 1409/1409/1409 1392/1392/1392
f 1397/1397/1397 1404/1404/1404 1405/1405/1405 1396/1396/1396
f 1398/1398/1398 1403/1403/1403 1404/1404/1404 1397/1397/1397
f 1400/1400/1400 1401/1401/1401 1402/1402/1402 1399/1399/1399
f 1377/1377/1377 1378/1378/1378 1401/1401/1401 1400/1400/1400
f 1399/1399/1399 1402/1402/1402 1403/1403/1403 1398/1398/1398
f 1395/1395/1395 1396/1396/1396 1405/1405/1405 1406/1406/1406
f 1518/1518/1518 1517/1517/1517 1512/1512/1512 1513/1513/1513
f 1523/1523/1523 1521/1521/1521 1474/1474/1474 1522/1522/1522
f 1517/1517/1517 1523/1523/1523 1522/1522/1522 1512/1512/1512
f 1514/1514/1514 1512/1512/1512 1522/1522/1522
f 1522/1522/1522 1474/1474/1474 1435/1435/1435
f 1435/1435/1435 1445/1445/1445 1514/1514/1514
f 1514/1514/1514 1522/1522/1522 1435/1435/1435
f 1513/1513/1513 1512/1512/1512 1514/1514/1514 1515/1515/1515
f 1515/1515/1515 1514/1514/1514 1445/1445/1445 1508/1508/1508
f 1525/1525/1525 1477/1477/1477 1476/1476/1476 1524/1524/1524
f 1521/1521/1521 1525/1525/1525 1524/1524/1524 1474/1474/1474
f 1477/1477/1477 1480/1480/1480 1479/1479/1479 1476/1476/1476
f 1476/1476/1476 1479/1479/1479 1483/1483/1483 1481/1481/1481
f 1481/1481/1481 1483/1483/1483 1482/1482/1482 1437/1437/1437
f 1524/1524/1524 1476/1476/1476 1481/1481/1481
f 1481/1481/1481 1437/1437/1437 1435/1435/1435
f 1435/1435/1435 1474/1474/1474 1524/1524/1524
f 1524/1524/1524 1481/1481/1481 1435/1435/1435
f 1484/1484/1484 1438/1438/1438 1443/1443/1443
f 1443/1443/1443 1436/1436/1436 1435/1435/1435
f 1435/1435/1435 1437/1437/1437 1484/1484/1484
f 1484/1484/1484 1443/1443/1443 1435/1435/1435
f 1437/1437/1437 1482/1482/1482 1485/1485/1485 1484/1484/1484
f 1484/1484/1484 1485/1485/1485 1440/1440/1440 1438/1438/1438
f 1438/1438/1438 1440/1440/1440 1441/1441/1441 1439/1439/1439
f 1436/1436/1436 1443/1443/1443 1444/1444/1444 1442/1442/1442
f 1443/1443/1443 1438/1438/1438 1439/1439/1439 1444/1444/1444
f 1508/1508/1508 1445/1445/1445 1509/1509/1509 1510/1510/1510
f 1510/1510/1510 1509/1509/1509 1446/1446/1446 1450/1450/1450
f 1448/1448/1448 1446/1446/1446 1509/1509/1509
f 1509/1509/1509 1445/1445/1445 1435/1435/1435
f 1435/1435/1435 1436/1436/1436 1448/1448/1448
f 1448/1448/1448 1509/1509/1509 1435/1435/1435
f 1446/1446/1446 1448/1448/1448 1449/1449/1449 1447/1447/1447
f 1448/1448/1448 1436/1436/1436 1442/1442/1442 1449/1449/1449
f 1450/1450/1450 1446/1446/1446 1447/1447/1447 1451/1451/1451
f 1427/1427/1427 1473/1473/1473 1423/1423/1423
f 1441/1441/1441 1471/1471/1471 1472/1472/1472
f 1441/1441/1441 1470/1470/1470 1471/1471/1471
f 1472/1472/1472 1473/1473/1473 1441/1441/1441
f 1440/1440/1440 1468/1468/1468 1469/1469/1469
f 1485/1485/1485 1466/1466/1466 1467/1467/1467
f 1485/1485/1485 1465/1465/1465 1466/1466/1466
f 1467/1467/1467 1468/1468/1468 1440/1440/1440
f 1469/1469/1469 1470/1470/1470 1440/1440/1440
f 1441/1441/1441 1440/1440/1440 1470/1470/1470
f 1441/1441/1441 1427/1427/1427 1428/1428/1428 1439/1439/1439
f 1429/1429/1429 1444/1444/1444 1439/1439/1439 1428/1428/1428
f 1430/1430/1430 1442/1442/1442 1444/1444/1444 1429/1429/1429
f 1464/1464/1464 1465/1465/1465 1485/1485/1485
f 1485/1485/1485 1467/1467/1467 1440/1440/1440
f 1485/1485/1485 1482/1482/1482 1463/1463/1463 1464/1464/1464
f 1442/1442/1442 1430/1430/1430 1431/1431/1431 1449/1449/1449
f 1427/1427/1427 1441/1441/1441 1473/1473/1473
f 1482/1482/1482 1462/1462/1462 1463/1463/1463
f 1483/1483/1483 1460/1460/1460 1461/1461/1461
f 1483/1483/1483 1459/1459/1459 1460/1460/1460
f 1461/1461/1461 1462/1462/1462 1482/1482/1482
f 1479/1479/1479 1457/1457/1457 1458/1458/1458
f 1479/1479/1479 1456/1456/1456 1457/1457/1457
f 1480/1480/1480 1454/1454/1454 1455/1455/1455
f 1480/1480/1480 1453/1453/1453 1454/1454/1454
f 1455/1455/1455 1456/1456/1456 1479/1479/1479
f 1458/1458/1458 1459/1459/1459 1483/1483/1483
f 1483/1483/1483 1479/1479/1479 1458/1458/1458
f 1477/1477/1477 1475/1475/1475 1478/1478/1478 1480/1480/1480
f 1453/1453/1453 1480/1480/1480 1452/1452/1452
f 1479/1479/1479 1480/1480/1480 1455/1455/1455
f 1424/1424/1424 1452/1452/1452 1478/1478/1478
f 1478/1478/1478 1452/1452/1452 1480/1480/1480
f 1525/1525/1525 1520/1520/1520 1475/1475/1475 1477/1477/1477
f 1520/1520/1520 1525/1525/1525 1521/1521/1521 1434/1434/1434
f 1482/1482/1482 1483/1483/1483 1461/1461/1461
f 1449/1449/1449 1431/1431/1431 1432/1432/1432 1447/1447/1447
f 1433/1433/1433 1451/1451/1451 1447/1447/1447 1432/1432/1432
f 1451/1451/1451 1433/1433/1433 1486/1486/1486 1487/1487/1487
f 1510/1510/1510 1450/1450/1450 1492/1492/1492 1493/1493/1493
f 1508/1508/1508 1510/1510/1510 1495/1495/1495 1496/1496/1496
f 1450/1450/1450 1451/1451/1451 1489/1489/1489 1490/1490/1490
f 1486/1486/1486 1433/1433/1433 1425/1425/1425
f 1451/1451/1451 1488/1488/1488 1489/1489/1489
f 1451/1451/1451 1487/1487/1487 1488/1488/1488
f 1450/1450/1450 1491/1491/1491 1492/1492/1492
f 1510/1510/1510 1494/1494/1494 1495/1495/1495
f 1510/1510/1510 1493/1493/1493 1494/1494/1494
f 1450/1450/1450 1490/1490/1490 1491/1491/1491
f 1497/1497/1497 1508/1508/1508 1496/1496/1496
f 1523/1523/1523 1519/1519/1519 1434/1434/1434 1521/1521/1521
f 1513/1513/1513 1515/1515/1515 1500/1500/1500 1501/1501/1501
f 1518/1518/1518 1513/1513/1513 1503/1503/1503 1504/1504/1504
f 1508/1508/1508 1497/1497/1497 1498/1498/1498
f 1519/1519/1519 1523/1523/1523 1517/1517/1517 1511/1511/1511
f 1518/1518/1518 1516/1516/1516 1511/1511/1511 1517/1517/1517
f 1516/1516/1516 1518/1518/1518 1506/1506/1506 1507/1507/1507
f 1508/1508/1508 1498/1498/1498 1515/1515/1515
f 1515/1515/1515 1498/1498/1498 1499/1499/1499
f 1513/1513/1513 1501/1501/1501 1502/1502/1502
f 1515/1515/1515 1499/1499/1499 1500/1500/1500
f 1518/1518/1518 1504/1504/1504 1505/1505/1505
f 1516/1516/1516 1507/1507/1507 1426/1426/1426
f 1518/1518/1518 1505/1505/1505 1506/1506/1506
f 1513/1513/1513 1502/1502/1502 1503/1503/1503
f 1532/1532/1532 1543/1543/1543 1527/1527/1527 1526/1526/1526
f 1534/1534/1534 1541/1541/1541 1542/1542/1542 1533/1533/1533
f 1533/1533/1533 1542/1542/1542 1543/1543/1543 1532/1532/1532
f 1528/1528/1528 1529/1529/1529 1541/1541/1541 1534/1534/1534
f 1536/1536/1536 1539/1539/1539 1540/1540/1540 1535/1535/1535
f 1530/1530/1530 1531/1531/1531 1538/1538/1538 1537/1537/1537
f 1537/1537/1537 1538/1538/1538 1539/1539/1539 1536/1536/1536
f 1535/1535/1535 1540/1540/1540 1529/1529/1529 1528/1528/1528
f 1639/1639/1639 1634/1634/1634 1633/1633/1633 1638/1638/1638
f 1644/1644/1644 1643/1643/1643 1595/1595/1595 1642/1642/1642
f 1638/1638/1638 1633/1633/1633 1643/1643/1643 1644/1644/1644
f 1635/1635/1635 1643/1643/1643 1633/1633/1633
f 1643/1643/1643 1556/1556/1556 1595/1595/1595
f 1556/1556/1556 1635/1635/1635 1566/1566/1566
f 1635/1635/1635 1556/1556/1556 1643/1643/1643
f 1634/1634/1634 1636/1636/1636 1635/1635/1635 1633/1633/1633
f 1636/1636/1636 1629/1629/1629 1566/1566/1566 1635/1635/1635
f 1646/1646/1646 1645/1645/1645 1597/1597/1597 1598/1598/1598
f 1642/1642/1642 1595/1595/1595 1645/1645/1645 1646/1646/1646
f 1598/1598/1598 1597/1597/1597 1600/1600/1600 1601/1601/1601
f 1597/1597/1597 1602/1602/1602 1604/1604/1604 1600/1600/1600
f 1602/1602/1602 1558/1558/1558 1603/1603/1603 1604/1604/1604
f 1645/1645/1645 1602/1602/1602 1597/1597/1597
f 1602/1602/1602 1556/1556/1556 1558/1558/1558
f 1556/1556/1556 1645/1645/1645 1595/1595/1595
f 1645/1645/1645 1556/1556/1556 1602/1602/1602
f 1605/1605/1605 1564/1564/1564 1559/1559/1559
f 1564/1564/1564 1556/1556/1556 1557/1557/1557
f 1556/1556/1556 1605/1605/1605 1558/1558/1558
f 1605/1605/1605 1556/1556/1556 1564/1564/1564
f 1558/1558/1558 1605/1605/1605 1606/1606/1606 1603/1603/1603
f 1605/1605/1605 1559/1559/1559 1561/1561/1561 1606/1606/1606
f 1559/1559/1559 1560/1560/1560 1562/1562/1562 1561/1561/1561
f 1557/1557/1557 1563/1563/1563 1565/1565/1565 1564/1564/1564
f 1564/1564/1564 1565/1565/1565 1560/1560/1560 1559/1559/1559
f 1629/1629/1629 1631/1631/1631 1630/1630/1630 1566/1566/1566
f 1631/1631/1631 1571/1571/1571 1567/1567/1567 1630/1630/1630
f 1569/1569/1569 1630/1630/1630 1567/1567/1567
f 1630/1630/1630 1556/1556/1556 1566/1566/1566
f 1556/1556/1556 1569/1569/1569 1557/1557/1557
f 1569/1569/1569 1556/1556/1556 1630/1630/1630
f 1567/1567/1567 1568/1568/1568 1570/1570/1570 1569/1569/1569
f 1569/1569/1569 1570/1570/1570 1563/1563/1563 1557/1557/1557
f 1571/1571/1571 1572/1572/1572 1568/1568/1568 1567/1567/1567
f 1548/1548/1548 1544/1544/1544 1594/1594/1594
f 1562/1562/1562 1593/1593/1593 1592/1592/1592
f 1562/1562/1562 1592/1592/1592 1591/1591/1591
f 1593/1593/1593 1562/1562/1562 1594/1594/1594
f 1561/1561/1561 1590/1590/1590 1589/1589/1589
f 1606/1606/1606 1588/1588/1588 1587/1587/1587
f 1606/1606/1606 1587/1587/1587 1586/1586/1586
f 1588/1588/1588 1561/1561/1561 1589/1589/1589
f 1590/1590/1590 1561/1561/1561 1591/1591/1591
f 1562/1562/1562 1591/1591/1591 1561/1561/1561
f 1562/1562/1562 1560/1560/1560 1549/1549/1549 1548/1548/1548
f 1550/1550/1550 1549/1549/1549 1560/1560/1560 1565/1565/1565
f 1551/1551/1551 1550/1550/1550 1565/1565/1565 1563/1563/1563
f 1585/1585/1585 1606/1606/1606 1586/1586/1586
f 1606/1606/1606 1561/1561/1561 1588/1588/1588
f 1606/1606/1606 1585/1585/1585 1584/1584/1584 1603/1603/1603
f 1563/1563/1563 1570/1570/1570 1552/1552/1552 1551/1551/1551
f 1548/1548/1548 1594/1594/1594 1562/1562/1562
f 1603/1603/1603 1584/1584/1584 1583/1583/1583
f 1604/1604/1604 1582/1582/1582 1581/1581/1581
f 1604/1604/1604 1581/1581/1581 1580/1580/1580
f 1582/1582/1582 1603/1603/1603 1583/1583/1583
f 1600/1600/1600 1579/1579/1579 1578/1578/1578
f 1600/1600/1600 1578/1578/1578 1577/1577/1577
f 1601/1601/1601 1576/1576/1576 1575/1575/1575
f 1601/1601/1601 1575/1575/1575 1574/1574/1574
f 1576/1576/1576 1600/1600/1600 1577/1577/1577
f 1579/1579/1579 1604/1604/1604 1580/1580/1580
f 1604/1604/1604 1579/1579/1579 1600/1600/1600
f 1598/1598/1598 1601/1601/1601 1599/1599/1599 1596/1596/1596
f 1574/1574/1574 1573/1573/1573 1601/1601/1601
f 1600/1600/1600 1576/1576/1576 1601/1601/1601
f 1545/1545/1545 1599/1599/1599 1573/1573/1573
f 1599/1599/1599 1601/1601/1601 1573/1573/1573
f 1646/1646/1646 1598/1598/1598 1596/1596/1596 1641/1641/1641
f 1641/1641/1641 1555/1555/1555 1642/1642/1642 1646/1646/1646
f 1603/1603/1603 1582/1582/1582 1604/1604/1604
f 1570/1570/1570 1568/1568/1568 1553/1553/1553 1552/1552/1552
f 1554/1554/1554 1553/1553/1553 1568/1568/1568 1572/1572/1572
f 1572/1572/1572 1608/1608/1608 1607/1607/1607 1554/1554/1554
f 1631/1631/1631 1614/1614/1614 1613/1613/1613 1571/1571/1571
f 1629/1629/1629 1617/1617/1617 1616/1616/1616 1631/1631/1631
f 1571/1571/1571 1611/1611/1611 1610/1610/1610 1572/1572/1572
f 1607/1607/1607 1546/1546/1546 1554/1554/1554
f 1572/1572/1572 1610/1610/1610 1609/1609/1609
f 1572/1572/1572 1609/1609/1609 1608/1608/1608
f 1571/1571/1571 1613/1613/1613 1612/1612/1612
f 1631/1631/1631 1616/1616/1616 1615/1615/1615
f 1631/1631/1631 1615/1615/1615 1614/1614/1614
f 1571/1571/1571 1612/1612/1612 1611/1611/1611
f 1618/1618/1618 1617/1617/1617 1629/1629/1629
f 1644/1644/1644 1642/1642/1642 1555/1555/1555 1640/1640/1640
f 1634/1634/1634 1622/1622/1622 1621/1621/1621 1636/1636/1636
f 1639/1639/1639 1625/1625/1625 1624/1624/1624 1634/1634/1634
f 1629/1629/1629 1619/1619/1619 1618/1618/1618
f 1640/1640/1640 1632/1632/1632 1638/1638/1638 1644/1644/1644
f 1639/1639/1639 1638/1638/1638 1632/1632/1632 1637/1637/1637
f 1637/1637/1637 1628/1628/1628 1627/1627/1627 1639/1639/1639
f 1629/1629/1629 1636/1636/1636 1619/1619/1619
f 1636/1636/1636 1620/1620/1620 1619/1619/1619
f 1634/1634/1634 1623/1623/1623 1622/1622/1622
f 1636/1636/1636 1621/1621/1621 1620/1620/1620
f 1639/1639/1639 1626/1626/1626 1625/1625/1625
f 1637/1637/1637 1547/1547/1547 1628/1628/1628
f 1639/1639/1639 1627/1627/1627 1626/1626/1626
f 1634/1634/1634 1624/1624/1624 1623/1623/1623
f 1651/1651/1651 1647/1647/1647 1648/1648/1648 1694/1694/1694
f 1652/1652/1652 1651/1651/1651 1694/1694/1694 1693/1693/1693
f 1654/1654/1654 1653/1653/1653 1692/1692/1692 1691/1691/1691
f 1655/1655/1655 1654/1654/1654 1691/1691/1691 1690/1690/1690
f 1653/1653/1653 1652/1652/1652 1693/1693/1693 1692/1692/1692
f 1657/1657/1657 1656/1656/1656 1689/1689/1689 1688/1688/1688
f 1658/1658/1658 1657/1657/1657 1688/1688/1688 1687/1687/1687
f 1659/1659/1659 1686/1686/1686 1685/1685/1685 1660/1660/1660
f 1660/1660/1660 1685/1685/1685 1684/1684/1684 1661/1661/1661
f 1658/1658/1658 1687/1687/1687 1686/1686/1686 1659/1659/1659
f 1656/1656/1656 1655/1655/1655 1690/1690/1690 1689/1689/1689
f 1683/1683/1683 1662/1662/1662 1661/1661/1661 1684/1684/1684
f 1663/1663/1663 1662/1662/1662 1683/1683/1683 1682/1682/1682
f 1664/1664/1664 1663/1663/1663 1682/1682/1682 1681/1681/1681
f 1666/1666/1666 1665/1665/1665 1680/1680/1680 1679/1679/1679
f 1667/1667/1667 1666/1666/1666 1679/1679/1679 1678/1678/1678
f 1665/1665/1665 1664/1664/1664 1681/1681/1681 1680/1680/1680
f 1669/1669/1669 1668/1668/1668 1677/1677/1677 1676/1676/1676
f 1670/1670/1670 1669/1669/1669 1676/1676/1676 1675/1675/1675
f 1672/1672/1672 1671/1671/1671 1674/1674/1674 1673/1673/1673
f 1649/1649/1649 1672/1672/1672 1673/1673/1673 1650/1650/1650
f 1671/1671/1671 1670/1670/1670 1675/1675/1675 1674/1674/1674
f 1668/1668/1668 1667/1667/1667 1678/1678/1678 1677/1677/1677
usemtl Default
v -2370 2340 -5110
v -2370 2330 -5110
v -2550 2340 -5110
v -2550 2330 -5110
v -2730 2340 -5110
v -2730 2330 -5110
v -2415 2340 -5110
v -2460 2340 -5110
v -2505 2340 -5110
v -2595 2340 -5110
v -2640 2340 -5110
v -2685 2340 -5110
v -2685 2330 -5110
v -2640 2330 -5110
v -2595 2330 -5110
v -2505 2330 -5110
v -2460 2330 -5110
v -2415 2330 -5110
v -2370 2330 -5980
v -2370 2330 -5632
v -2370 2340 -5458
v -2370 2330 -5458
v -2370 2340 -5110
v -2370 2330 -5110
v -2370 2340 -5980
v -2370 2340 -5936.5
v -2370 2340 -5893
v -2370 2340 -5849.5
v -2370 2340 -5806
v -2370 2340 -5762.5
v -2370 2340 -5719
v -2370 2340 -5675.5
v -2370 2340 -5632
v -2370 2340 -5588.5
v -2370 2340 -5545
v -2370 2340 -5501.5
v -2370 2340 -5414.5
v -2370 2340 -5371
v -2370 2340 -5327.5
v -2370 2340 -5284
v -2370 2340 -5240.5
v -2370 2340 -5197
v -2370 2340 -5153.5
v -2370 2330 -5153.5
v -2370 2330 -5197
v -2370 2330 -5240.5
v -2370 2330 -5284
v -2370 2330 -5327.5
v -2370 2330 -5371
v -2370 2330 -5414.5
v -2370 2330 -5501.5
v -2370 2330 -5545
v -2370 2330 -5588.5
v -2370 2330 -5675.5
v -2370 2330 -5719
v -2370 2330 -5762.5
v -2370 2330 -5806
v -2370 2330 -5849.5
v -2370 2330 -5893
v -2370 2330 -5936.5
v -2370 2340 -5980
v -2370 2330 -5980
v -2550 2340 -5980
v -2550 2330 -5980
v -2730 2340 -5980
v -2730 2330 -5980
v -2415 2340 -5980
v -2460 2340 -5980
v -2505 2340 -5980
v -2595 2340 -5980
v -2640 2340 -5980
v -2685 2340 -5980
v -2685 2330 -5980
v -2640 2330 -5980
v -2595 2330 -5980
v -2505 2330 -5980
v -2460 2330 -5980
v -2415 2330 -5980
v -2370 2340 -5110
v -2730 2340 -5110
v -2730 2340 -5980
v -2415 2340 -5110
v -2460 2340 -5110
v -2505 2340 -5110
v -2550 2340 -5110
v -2595 2340 -5110
v -2640 2340 -5110
v -2685 2340 -5110
v -2550 2340 -5545
v -2550 2340 -5327.5
v -2460 2340 -5545
v -2460 2340 -5327.5
v -2460 2340 -5218.75
v -2415 2340 -5327.5
v -2415 2340 -5218.75
v -2550 2340 -5218.75
v -2505 2340 -5327.5
v -2505 2340 -5218.75
v -2640 2340 -5545
v -2640 2340 -5327.5
v -2640 2340 -5218.75
v -2595 2340 -5327.5
v -2595 2340 -5218.75
v -2685 2340 -5327.5
v -2685 2340 -5218.75
v -2370 2340 -5980
v -2370 2340 -5936.5
v -2370 2340 -5893
v -2370 2340 -5849.5
v -2370 2340 -5806
v -2370 2340 -5762.5
v -2370 2340 -5719
v -2370 2340 -5675.5
v -2370 2340 -5632
v -2370 2340 -5588.5
v -2370 2340 -5545
v -2370 2340 -5501.5
v -2370 2340 -5458
v -2370 2340 -5414.5
v -2370 2340 -5371
v -2370 2340 -5327.5
v -2370 2340 -5284
v -2370 2340 -5240.5
v -2370 2340 -5197
v -2370 2340 -5153.5
v -2550 2340 -5762.5
v -2460 2340 -5762.5
v -2460 2340 -5871.25
v -2415 2340 -5762.5
v -2415 2340 -5871.25
v -2460 2340 -5653.75
v -2415 2340 -5545
v -2415 2340 -5653.75
v -2460 2340 -5436.25
v -2415 2340 -5436.25
v -2730 2340 -5153.5
v -2730 2340 -5197
v -2730 2340 -5240.5
v -2730 2340 -5284
v -2730 2340 -5327.5
v -2730 2340 -5371
v -2730 2340 -5414.5
v -2730 2340 -5458
v -2730 2340 -5501.5
v -2730 2340 -5545
v -2730 2340 -5588.5
v -2730 2340 -5632
v -2730 2340 -5675.5
v -2730 2340 -5719
v -2730 2340 -5762.5
v -2730 2340 -5806
v -2730 2340 -5849.5
v -2730 2340 -5893
v -2730 2340 -5936.5
v -2685 2340 -5545
v -2640 2340 -5436.25
v -2685 2340 -5436.25
v -2640 2340 -5762.5
v -2685 2340 -5762.5
v -2640 2340 -5653.75
v -2685 2340 -5653.75
v -2685 2340 -5980
v -2640 2340 -5871.25
v -2685 2340 -5871.25
v -2640 2340 -5980
v -2595 2340 -5980
v -2550 2340 -5980
v -2505 2340 -5980
v -2460 2340 -5980
v -2415 2340 -5980
v -2550 2340 -5871.25
v -2595 2340 -5762.5
v -2595 2340 -5871.25
v -2505 2340 -5762.5
v -2505 2340 -5871.25
v -2370 2330 -5110
v -2370 2330 -5980
v -2730 2330 -5110
v -2415 2330 -5110
v -2460 2330 -5110
v -2505 2330 -5110
v -2550 2330 -5110
v -2595 2330 -5110
v -2640 2330 -5110
v -2685 2330 -5110
v -2550 2330 -5545
v -2550 2330 -5327.5
v -2460 2330 -5545
v -2460 2330 -5327.5
v -2460 2330 -5218.75
v -2415 2330 -5327.5
v -2415 2330 -5218.75
v -2550 2330 -5218.75
v -2505 2330 -5327.5
v -2505 2330 -5218.75
v -2640 2330 -5545
v -2640 2330 -5327.5
v -2640 2330 -5218.75
v -2595 2330 -5327.5
v -2595 2330 -5218.75
v -2685 2330 -5327.5
v -2685 2330 -5218.75
v -2370 2330 -5936.5
v -2370 2330 -5893
v -2370 2330 -5849.5
v -2370 2330 -5806
v -2370 2330 -5762.5
v -2370 2330 -5719
v -2370 2330 -5675.5
v -2370 2330 -5632
v -2370 2330 -5588.5
v -2370 2330 -5545
v -2370 2330 -5501.5
v -2370 2330 -5458
v -2370 2330 -5414.5
v -2370 2330 -5371
v -2370 2330 -5327.5
v -2370 2330 -5284
v -2370 2330 -5240.5
v -2370 2330 -5197
v -2370 2330 -5153.5
v -2550 2330 -5762.5
v -2460 2330 -5980
v -2460 2330 -5762.5
v -2460 2330 -5871.25
v -2415 2330 -5762.5
v -2415 2330 -5871.25
v -2460 2330 -5653.75
v -2415 2330 -5545
v -2415 2330 -5653.75
v -2460 2330 -5436.25
v -2415 2330 -5436.25
v -2730 2330 -5153.5
v -2730 2330 -5197
v -2730 2330 -5240.5
v -2730 2330 -5284
v -2730 2330 -5327.5
v -2730 2330 -5371
v -2730 2330 -5414.5
v -2730 2330 -5458
v -2730 2330 -5501.5
v -2730 2330 -5545
v -2730 2330 -5588.5
v -2730 2330 -5632
v -2730 2330 -5675.5
v -2730 2330 -5719
v -2730 2330 -5762.5
v -2730 2330 -5806
v -2730 2330 -5849.5
v -2730 2330 -5893
v -2730 2330 -5936.5
v -2685 2330 -5545
v -2640 2330 -5436.25
v -2685 2330 -5436.25
v -2640 2330 -5762.5
v -2685 2330 -5762.5
v -2640 2330 -5653.75
v -2685 2330 -5653.75
v -2640 2330 -5871.25
v -2685 2330 -5871.25
v -2730 2330 -5980
v -2685 2330 -5980
v -2640 2330 -5980
v -2595 2330 -5980
v -2550 2330 -5980
v -2505 2330 -5980
v -2415 2330 -5980
v -2550 2330 -5871.25
v -2595 2330 -5762.5
v -2595 2330 -5871.25
v -2505 2330 -5762.5
v -2505 2330 -5871.25
v -2730 2340 -5980
v -2730 2340 -5632
v -2730 2340 -5110
v -2730 2330 -5110
v -2730 2340 -5936.5
v -2730 2340 -5893
v -2730 2340 -5849.5
v -2730 2340 -5806
v -2730 2340 -5762.5
v -2730 2340 -5719
v -2730 2340 -5675.5
v -2730 2340 -5588.5
v -2730 2340 -5545
v -2730 2340 -5501.5
v -2730 2340 -5458
v -2730 2340 -5414.5
v -2730 2340 -5371
v -2730 2340 -5327.5
v -2730 2340 -5284
v -2730 2340 -5240.5
v -2730 2340 -5197
v -2730 2340 -5153.5
v -2730 2330 -5153.5
v -2730 2330 -5197
v -2730 2330 -5240.5
v -2730 2330 -5284
v -2730 2330 -5327.5
v -2730 2330 -5371
v -2730 2330 -5414.5
v -2730 2330 -5458
v -2730 2330 -5501.5
v -2730 2330 -5545
v -2730 2330 -5588.5
v -2730 2330 -5632
v -2730 2330 -5675.5
v -2730 2330 -5719
v -2730 2330 -5762.5
v -2730 2330 -5806
v -2730 2330 -5849.5
v -2730 2330 -5893
v -2730 2330 -5936.5
v -2730 2330 -5980
vt 0.02247191034257412 0.013209839351475239
vt 0.02247191034257412 0.024445794522762299
vt 0.22471910715103149 0.013209839351475239
vt 0.22471910715103149 0.024445794522762299
vt 0.42696627974510193 0.013209839351475239
vt 0.42696627974510193 0.024445794522762299
vt 0.073033705353736877 0.013209839351475239
vt 0.12359550595283508 0.013209839351475239
vt 0.17415730655193329 0.013209839351475239
vt 0.27528089284896851 0.013209839351475239
vt 0.32584270834922791 0.013209839351475239
vt 0.37640449404716492 0.013209839351475239
vt 0.37640449404716492 0.024445794522762299
vt 0.32584270834922791 0.024445794522762299
vt 0.27528089284896851 0.024445794522762299
vt 0.17415730655193329 0.024445794522762299
vt 0.12359550595283508 0.024445794522762299
vt 0.073033705353736877 0.024445794522762299
vt 0.01123595517128706 0
vt 0.01123595517128706 0.39042529463768005
vt 0.02100706659257412 0.58563798666000366
vt 0.01123595517128706 0.58563798666000366
vt 0.02100706659257412 0.97606325149536133
vt 0.01123595517128706 0.97606325149536133
vt 0.02100706659257412 0
vt 0.02100706659257412 0.048803161829710007
vt 0.02100706659257412 0.097606323659420013
vt 0.02100706659257412 0.14640949666500092
vt 0.02100706659257412 0.19521264731884003
vt 0.02100706659257412 0.24401581287384033
vt 0.02100706659257412 0.29281899333000183
vt 0.02100706659257412 0.34162214398384094
vt 0.02100706659257412 0.39042529463768005
vt 0.02100706659257412 0.43922844529151917
vt 0.02100706659257412 0.48803162574768066
vt 0.02100706659257412 0.53683477640151978
vt 0.02100706659257412 0.634441077709198
vt 0.02100706659257412 0.68324428796768188
vt 0.02100706659257412 0.732047438621521
vt 0.02100706659257412 0.78085058927536011
vt 0.02100706659257412 0.82965379953384399
vt 0.02100706659257412 0.87845689058303833
vt 0.02100706659257412 0.92726010084152222
vt 0.01123595517128706 0.92726010084152222
vt 0.01123595517128706 0.87845689058303833
vt 0.01123595517128706 0.82965379953384399
vt 0.01123595517128706 0.78085058927536011
vt 0.01123595517128706 0.732047438621521
vt 0.01123595517128706 0.68324428796768188
vt 0.01123595517128706 0.634441077709198
vt 0.01123595517128706 0.53683477640151978
vt 0.01123595517128706 0.48803162574768066
vt 0.01123595517128706 0.43922844529151917
vt 0.01123595517128706 0.34162214398384094
vt 0.01123595517128706 0.29281899333000183
vt 0.01123595517128706 0.24401581287384033
vt 0.01123595517128706 0.19521264731884003
vt 0.01123595517128706 0.14640949666500092
vt 0.01123595517128706 0.097606323659420013
vt 0.01123595517128706 0.048803161829710007
vt 0.02247191034257412 0
vt 0.02247191034257412 0.01123595517128706
vt 0.22471910715103149 0
vt 0.22471910715103149 0.01123595517128706
vt 0.42696627974510193 0
vt 0.42696627974510193 0.01123595517128706
vt 0.073033705353736877 0
vt 0.12359550595283508 0
vt 0.17415730655193329 0
vt 0.27528089284896851 0
vt 0.32584270834922791 0
vt 0.37640449404716492 0
vt 0.37640449404716492 0.01123595517128706
vt 0.32584270834922791 0.01123595517128706
vt 0.27528089284896851 0.01123595517128706
vt 0.17415730655193329 0.01123595517128706
vt 0.12359550595283508 0.01123595517128706
vt 0.073033705353736877 0.01123595517128706
vt 0.99853515625 0.026419678702950478
vt 0.99853515625 0.43091407418251038
vt 0.02247191034257412 0.43091407418251038
vt 0.99853515625 0.076981477439403534
vt 0.99853515625 0.12754327058792114
vt 0.99853515625 0.17810507118701935
vt 0.99853515625 0.22866687178611755
vt 0.99853515625 0.27922865748405457
vt 0.99853515625 0.32979047298431396
vt 0.99853515625 0.38035225868225098
vt 0.51050353050231934 0.22866687178611755
vt 0.75451934337615967 0.22866687178611755
vt 0.51050353050231934 0.12754327058792114
vt 0.75451934337615967 0.12754327058792114
vt 0.87652724981307983 0.12754327058792114
vt 0.75451934337615967 0.076981477439403534
vt 0.87652724981307983 0.076981477439403534
vt 0.87652724981307983 0.22866687178611755
vt 0.75451934337615967 0.17810507118701935
vt 0.87652724981307983 0.17810507118701935
vt 0.51050353050231934 0.32979047298431396
vt 0.75451934337615967 0.32979047298431396
vt 0.87652724981307983 0.32979047298431396
vt 0.75451934337615967 0.27922865748405457
vt 0.87652724981307983 0.27922865748405457
vt 0.75451934337615967 0.38035225868225098
vt 0.87652724981307983 0.38035225868225098
vt 0.02247191034257412 0.026419678702950478
vt 0.071275085210800171 0.026419678702950478
vt 0.12007825821638107 0.026419678702950478
vt 0.1688813716173172 0.026419678702950478
vt 0.2176845520734787 0.026419678702950478
vt 0.266487717628479 0.026419678702950478
vt 0.3152908980846405 0.026419678702950478
vt 0.364094078540802 0.026419678702950478
vt 0.41289719939231873 0.026419678702950478
vt 0.46170035004615784 0.026419678702950478
vt 0.51050353050231934 0.026419678702950478
vt 0.55930668115615845 0.026419678702950478
vt 0.60810983180999756 0.026419678702950478
vt 0.65691304206848145 0.026419678702950478
vt 0.70571619272232056 0.026419678702950478
vt 0.75451934337615967 0.026419678702950478
vt 0.80332249402999878 0.026419678702950478
vt 0.85212564468383789 0.026419678702950478
vt 0.90092885494232178 0.026419678702950478
vt 0.94973200559616089 0.026419678702950478
vt 0.266487717628479 0.22866687178611755
vt 0.266487717628479 0.12754327058792114
vt 0.14447981119155884 0.12754327058792114
vt 0.266487717628479 0.076981477439403534
vt 0.14447981119155884 0.076981477439403534
vt 0.38849562406539917 0.12754327058792114
vt 0.51050353050231934 0.076981477439403534
vt 0.38849562406539917 0.076981477439403534
vt 0.6325114369392395 0.12754327058792114
vt 0.6325114369392395 0.076981477439403534
vt 0.94973200559616089 0.43091407418251038
vt 0.90092885494232178 0.43091407418251038
vt 0.85212564468383789 0.43091407418251038
vt 0.80332249402999878 0.43091407418251038
vt 0.75451934337615967 0.43091407418251038
vt 0.70571619272232056 0.43091407418251038
vt 0.65691304206848145 0.43091407418251038
vt 0.60810983180999756 0.43091407418251038
vt 0.55930668115615845 0.43091407418251038
vt 0.51050353050231934 0.43091407418251038
vt 0.46170035004615784 0.43091407418251038
vt 0.41289719939231873 0.43091407418251038
vt 0.364094078540802 0.43091407418251038
vt 0.3152908980846405 0.43091407418251038
vt 0.266487717628479 0.43091407418251038
vt 0.2176845520734787 0.43091407418251038
vt 0.1688813716173172 0.43091407418251038
vt 0.12007825821638107 0.43091407418251038
vt 0.071275085210800171 0.43091407418251038
vt 0.51050353050231934 0.38035225868225098
vt 0.6325114369392395 0.32979047298431396
vt 0.6325114369392395 0.38035225868225098
vt 0.266487717628479 0.32979047298431396
vt 0.266487717628479 0.38035225868225098
vt 0.38849562406539917 0.32979047298431396
vt 0.38849562406539917 0.38035225868225098
vt 0.02247191034257412 0.38035225868225098
vt 0.14447981119155884 0.32979047298431396
vt 0.14447981119155884 0.38035225868225098
vt 0.02247191034257412 0.32979047298431396
vt 0.02247191034257412 0.27922865748405457
vt 0.02247191034257412 0.22866687178611755
vt 0.02247191034257412 0.17810507118701935
vt 0.02247191034257412 0.12754327058792114
vt 0.02247191034257412 0.076981477439403534
vt 0.14447981119155884 0.22866687178611755
vt 0.266487717628479 0.27922865748405457
vt 0.14447981119155884 0.27922865748405457
vt 0.266487717628479 0.17810507118701935
vt 0.14447981119155884 0.17810507118701935
vt 0.99853515625 0.50197386741638184
vt 0.02247191034257412 0.50197386741638184
vt 0.99853515625 0.90646827220916748
vt 0.99853515625 0.55253565311431885
vt 0.99853515625 0.60309749841690063
vt 0.99853515625 0.65365928411483765
vt 0.99853515625 0.70422106981277466
vt 0.99853515625 0.75478285551071167
vt 0.99853515625 0.80534464120864868
vt 0.99853515625 0.85590648651123047
vt 0.51050353050231934 0.70422106981277466
vt 0.75451934337615967 0.70422106981277466
vt 0.51050353050231934 0.60309749841690063
vt 0.75451934337615967 0.60309749841690063
vt 0.87652724981307983 0.60309749841690063
vt 0.75451934337615967 0.55253565311431885
vt 0.87652724981307983 0.55253565311431885
vt 0.87652724981307983 0.70422106981277466
vt 0.75451934337615967 0.65365928411483765
vt 0.87652724981307983 0.65365928411483765
vt 0.51050353050231934 0.80534464120864868
vt 0.75451934337615967 0.80534464120864868
vt 0.87652724981307983 0.80534464120864868
vt 0.75451934337615967 0.75478285551071167
vt 0.87652724981307983 0.75478285551071167
vt 0.75451934337615967 0.85590648651123047
vt 0.87652724981307983 0.85590648651123047
vt 0.071275085210800171 0.50197386741638184
vt 0.12007825821638107 0.50197386741638184
vt 0.1688813716173172 0.50197386741638184
vt 0.2176845520734787 0.50197386741638184
vt 0.266487717628479 0.50197386741638184
vt 0.3152908980846405 0.50197386741638184
vt 0.364094078540802 0.50197386741638184
vt 0.41289719939231873 0.50197386741638184
vt 0.46170035004615784 0.50197386741638184
vt 0.51050353050231934 0.50197386741638184
vt 0.55930668115615845 0.50197386741638184
vt 0.60810983180999756 0.50197386741638184
vt 0.65691304206848145 0.50197386741638184
vt 0.70571619272232056 0.50197386741638184
vt 0.75451934337615967 0.50197386741638184
vt 0.80332249402999878 0.50197386741638184
vt 0.85212564468383789 0.50197386741638184
vt 0.90092885494232178 0.50197386741638184
vt 0.94973200559616089 0.50197386741638184
vt 0.266487717628479 0.70422106981277466
vt 0.02247191034257412 0.60309749841690063
vt 0.266487717628479 0.60309749841690063
vt 0.14447981119155884 0.60309749841690063
vt 0.266487717628479 0.55253565311431885
vt 0.14447981119155884 0.55253565311431885
vt 0.38849562406539917 0.60309749841690063
vt 0.51050353050231934 0.55253565311431885
vt 0.38849562406539917 0.55253565311431885
vt 0.6325114369392395 0.60309749841690063
vt 0.6325114369392395 0.55253565311431885
vt 0.94973200559616089 0.90646827220916748
vt 0.90092885494232178 0.90646827220916748
vt 0.85212564468383789 0.90646827220916748
vt 0.80332249402999878 0.90646827220916748
vt 0.75451934337615967 0.90646827220916748
vt 0.70571619272232056 0.90646827220916748
vt 0.65691304206848145 0.90646827220916748
vt 0.60810983180999756 0.90646827220916748
vt 0.55930668115615845 0.90646827220916748
vt 0.51050353050231934 0.90646827220916748
vt 0.46170035004615784 0.90646827220916748
vt 0.41289719939231873 0.90646827220916748
vt 0.364094078540802 0.90646827220916748
vt 0.3152908980846405 0.90646827220916748
vt 0.266487717628479 0.90646827220916748
vt 0.2176845520734787 0.90646827220916748
vt 0.1688813716173172 0.90646827220916748
vt 0.12007825821638107 0.90646827220916748
vt 0.071275085210800171 0.90646827220916748
vt 0.51050353050231934 0.85590648651123047
vt 0.6325114369392395 0.80534464120864868
vt 0.6325114369392395 0.85590648651123047
vt 0.266487717628479 0.80534464120864868
vt 0.266487717628479 0.85590648651123047
vt 0.38849562406539917 0.80534464120864868
vt 0.38849562406539917 0.85590648651123047
vt 0.14447981119155884 0.80534464120864868
vt 0.14447981119155884 0.85590648651123047
vt 0.02247191034257412 0.90646827220916748
vt 0.02247191034257412 0.85590648651123047
vt 0.02247191034257412 0.80534464120864868
vt 0.02247191034257412 0.75478285551071167
vt 0.02247191034257412 0.70422106981277466
vt 0.02247191034257412 0.65365928411483765
vt 0.02247191034257412 0.55253565311431885
vt 0.14447981119155884 0.70422106981277466
vt 0.266487717628479 0.75478285551071167
vt 0.14447981119155884 0.75478285551071167
vt 0.266487717628479 0.65365928411483765
vt 0.14447981119155884 0.65365928411483765
vt 0.0097711114212870598 0
vt 0.0097711114212870598 0.39042529463768005
vt 0.0097711114212870598 0.97606325149536133
vt 0 0.97606325149536133
vt 0.0097711114212870598 0.048803161829710007
vt 0.0097711114212870598 0.097606323659420013
vt 0.0097711114212870598 0.14640949666500092
vt 0.0097711114212870598 0.19521264731884003
vt 0.0097711114212870598 0.24401581287384033
vt 0.0097711114212870598 0.29281899333000183
vt 0.0097711114212870598 0.34162214398384094
vt 0.0097711114212870598 0.43922844529151917
vt 0.0097711114212870598 0.48803162574768066
vt 0.0097711114212870598 0.53683477640151978
vt 0.0097711114212870598 0.58563798666000366
vt 0.0097711114212870598 0.634441077709198
vt 0.0097711114212870598 0.68324428796768188
vt 0.0097711114212870598 0.732047438621521
vt 0.0097711114212870598 0.78085058927536011
vt 0.0097711114212870598 0.82965379953384399
vt 0.0097711114212870598 0.87845689058303833
vt 0.0097711114212870598 0.92726010084152222
vt 0 0.92726010084152222
vt 0 0.87845689058303833
vt 0 0.82965379953384399
vt 0 0.78085058927536011
vt 0 0.732047438621521
vt 0 0.68324428796768188
vt 0 0.634441077709198
vt 0 0.58563798666000366
vt 0 0.53683477640151978
vt 0 0.48803162574768066
vt 0 0.43922844529151917
vt 0 0.39042529463768005
vt 0 0.34162214398384094
vt 0 0.29281899333000183
vt 0 0.24401581287384033
vt 0 0.19521264731884003
vt 0 0.14640949666500092
vt 0 0.097606323659420013
vt 0 0.048803161829710007
vt 0 0
vn 0 0 1
vn 0 0 1
vn 0 0 1
vn 0 0 1
vn 0 0 1
vn 0 0 1
vn 0 0 1
vn 0 0 1
vn 0 0 1
vn 0 0 1
vn 0 0 1
vn 0 0 1
vn 0 0 1
vn 0 0 1
vn 0 0 1
vn 0 0 1
vn 0 0 1
vn 0 0 1
vn 1 0 0
vn 1 0 0
vn 1 0 0
vn 1 0 0
vn 1 0 0
vn 1 0 0
vn 1 0 0
vn 1 0 0
vn 1 0 0
vn 1 0 0
vn 1 0 0
vn 1 0 0
vn 1 0 0
vn 1 0 0
vn 1 0 0
vn 1 0 0
vn 1 0 0
vn 1 0 0
vn 1 0 0
vn 1 0 0
vn 1 0 0
vn 1 0 0
vn 1 0 0
vn 1 0 0
vn 1 0 0
vn 1 0 0
vn 1 0 0
vn 1 0 0
vn 1 0 0
vn 1 0 0
vn 1 0 0
vn 1 0 0
vn 1 0 0
vn 1 0 0
vn 1 0 0
vn 1 0 0
vn 1 0 0
vn 1 0 0
vn 1 0 0
vn 1 0 0
vn 1 0 0
vn 1 0 0
vn 0 0 -1
vn 0 0 -1
vn 0 0 -1
vn 0 0 -1
vn 0 0 -1
vn 0 0 -1
vn 0 0 -1
vn 0 0 -1
vn 0 0 -1
vn 0 0 -1
vn 0 0 -1
vn 0 0 -1
vn 0 0 -1
vn 0 0 -1
vn 0 0 -1
vn 0 0 -1
vn 0 0 -1
vn 0 0 -1
vn 0 1 0
vn 0 1 0
vn 0 1 0
vn 0 1 0
vn 0 1 0
vn 0 1 0
vn 0 1 0
vn 0 1 0
vn 0 1 0
vn 0 1 0
vn 0 1 0
vn 0 1 0
vn 0 1 0
vn 0 1 0
vn 0 1 0
vn 0 1 0
vn 0 1 0
vn 0 1 0
vn 0 1 0
vn 0 1 0
vn 0 1 0
vn 0 1 0
vn 0 1 0
vn 0 1 0
vn 0 1 0
vn 0 1 0
vn 0 1 0
vn 0 1 0
vn 0 1 0
vn 0 1 0
vn 0 1 0
vn 0 1 0
vn 0 1 0
vn 0 1 0
vn 0 1 0
vn 0 1 0
vn 0 1 0
vn 0 1 0
vn 0 1 0
vn 0 1 0
vn 0 1 0
vn 0 1 0
vn 0 1 0
vn 0 1 0
vn 0 1 0
vn 0 1 0
vn 0 1 0
vn 0 1 0
vn 0 1 0
vn 0 1 0
vn 0 1 0
vn 0 1 0
vn 0 1 0
vn 0 1 0
vn 0 1 0
vn 0 1 0
vn 0 1 0
vn 0 1 0
vn 0 1 0
vn 0 1 0
vn 0 1 0
vn 0 1 0
vn 0 1 0
vn 0 1 0
vn 0 1 0
vn 0 1 0
vn 0 1 0
vn 0 1 0
vn 0 1 0
vn 0 1 0
vn 0 1 0
vn 0 1 0
vn 0 1 0
vn 0 1 0
vn 0 1 0
vn 0 1 0
vn 0 1 0
vn 0 1 0
vn 0 1 0
vn 0 1 0
vn 0 1 0
vn 0 1 0
vn 0 1 0
vn 0 1 0
vn 0 1 0
vn 0 1 0
vn 0 1 0
vn 0 1 0
vn 0 1 0
vn 0 1 0
vn 0 1 0
vn 0 1 0
vn 0 1 0
vn 0 1 0
vn 0 1 0
vn 0 1 0
vn 0 1 0
vn 0 -1 0
vn 0 -1 0
vn 0 -1 0
vn 0 -1 0
vn 0 -1 0
vn 0 -1 0
vn 0 -1 0
vn 0 -1 0
vn 0 -1 0
vn 0 -1 0
vn 0 -1 0
vn 0 -1 0
vn 0 -1 0
vn 0 -1 0
vn 0 -1 0
vn 0 -1 0
vn 0 -1 0
vn 0 -1 0
vn 0 -1 0
vn 0 -1 0
vn 0 -1 0
vn 0 -1 0
vn 0 -1 0
vn 0 -1 0
vn 0 -1 0
vn 0 -1 0
vn 0 -1 0
vn 0 -1 0
vn 0 -1 0
vn 0 -1 0
vn 0 -1 0
vn 0 -1 0
vn 0 -1 0
vn 0 -1 0
vn 0 -1 0
vn 0 -1 0
vn 0 -1 0
vn 0 -1 0
vn 0 -1 0
vn 0 -1 0
vn 0 -1 0
vn 0 -1 0
vn 0 -1 0
vn 0 -1 0
vn 0 -1 0
vn 0 -1 0
vn 0 -1 0
vn 0 -1 0
vn 0 -1 0
vn 0 -1 0
vn 0 -1 0
vn 0 -1 0
vn 0 -1 0
vn 0 -1 0
vn 0 -1 0
vn 0 -1 0
vn 0 -1 0
vn 0 -1 0
vn 0 -1 0
vn 0 -1 0
vn 0 -1 0
vn 0 -1 0
vn 0 -1 0
vn 0 -1 0
vn 0 -1 0
vn 0 -1 0
vn 0 -1 0
vn 0 -1 0
vn 0 -1 0
vn 0 -1 0
vn 0 -1 0
vn 0 -1 0
vn 0 -1 0
vn 0 -1 0
vn 0 -1 0
vn 0 -1 0
vn 0 -1 0
vn 0 -1 0
vn 0 -1 0
vn 0 -1 0
vn 0 -1 0
vn 0 -1 0
vn 0 -1 0
vn 0 -1 0
vn 0 -1 0
vn 0 -1 0
vn 0 -1 0
vn 0 -1 0
vn 0 -1 0
vn 0 -1 0
vn 0 -1 0
vn 0 -1 0
vn 0 -1 0
vn 0 -1 0
vn 0 -1 0
vn 0 -1 0
vn 0 -1 0
vn -1 0 0
vn -1 0 0
vn -1 0 0
vn -1 0 0
vn -1 0 0
vn -1 0 0
vn -1 0 0
vn -1 0 0
vn -1 0 0
vn -1 0 0
vn -1 0 0
vn -1 0 0
vn -1 0 0
vn -1 0 0
vn -1 0 0
vn -1 0 0
vn -1 0 0
vn -1 0 0
vn -1 0 0
vn -1 0 0
vn -1 0 0
vn -1 0 0
vn -1 0 0
vn -1 0 0
vn -1 0 0
vn -1 0 0
vn -1 0 0
vn -1 0 0
vn -1 0 0
vn -1 0 0
vn -1 0 0
vn -1 0 0
vn -1 0 0
vn -1 0 0
vn -1 0 0
vn -1 0 0
vn -1 0 0
vn -1 0 0
vn -1 0 0
vn -1 0 0
vn -1 0 0
vn -1 0 0
f 1701/1701/1701 1712/1712/1712 1696/1696/1696 1695/1695/1695
f 1703/1703/1703 1710/1710/1710 1711/1711/1711 1702/1702/1702
f 1702/1702/1702 1711/1711/1711 1712/1712/1712 1701/1701/1701
f 1697/1697/1697 1698/1698/1698 1710/1710/1710 1703/1703/1703
f 1705/1705/1705 1708/1708/1708 1709/1709/1709 1704/1704/1704
f 1699/1699/1699 1700/1700/1700 1707/1707/1707 1706/1706/1706
f 1706/1706/1706 1707/1707/1707 1708/1708/1708 1705/1705/1705
f 1704/1704/1704 1709/1709/1709 1698/1698/1698 1697/1697/1697
f 1719/1719/1719 1720/1720/1720 1754/1754/1754 1713/1713/1713
f 1721/1721/1721 1722/1722/1722 1752/1752/1752 1753/1753/1753
f 1722/1722/1722 1723/1723/1723 1751/1751/1751 1752/1752/1752
f 1720/1720/1720 1721/1721/1721 1753/1753/1753 1754/1754/1754
f 1724/1724/1724 1725/1725/1725 1749/1749/1749 1750/1750/1750
f 1726/1726/1726 1727/1727/1727 1714/1714/1714 1748/1748/1748
f 1727/1727/1727 1728/1728/1728 1747/1747/1747 1714/1714/1714
f 1725/1725/1725 1726/1726/1726 1748/1748/1748 1749/1749/1749
f 1723/1723/1723 1724/1724/1724 1750/1750/1750 1751/1751/1751
f 1728/1728/1728 1729/1729/1729 1746/1746/1746 1747/1747/1747
f 1715/1715/1715 1716/1716/1716 1745/1745/1745 1730/1730/1730
f 1731/1731/1731 1732/1732/1732 1743/1743/1743 1744/1744/1744
f 1732/1732/1732 1733/1733/1733 1742/1742/1742 1743/1743/1743
f 1715/1715/1715 1731/1731/1731 1744/1744/1744 1716/1716/1716
f 1734/1734/1734 1735/1735/1735 1740/1740/1740 1741/1741/1741
f 1736/1736/1736 1737/1737/1737 1738/1738/1738 1739/1739/1739
f 1737/1737/1737 1717/1717/1717 1718/1718/1718 1738/1738/1738
f 1735/1735/1735 1736/1736/1736 1739/1739/1739 1740/1740/1740
f 1733/1733/1733 1734/1734/1734 1741/1741/1741 1742/1742/1742
f 1730/1730/1730 1745/1745/1745 1746/1746/1746 1729/1729/1729
f 1761/1761/1761 1755/1755/1755 1756/1756/1756 1772/1772/1772
f 1763/1763/1763 1762/1762/1762 1771/1771/1771 1770/1770/1770
f 1762/1762/1762 1761/1761/1761 1772/1772/1772 1771/1771/1771
f 1757/1757/1757 1763/1763/1763 1770/1770/1770 1758/1758/1758
f 1765/1765/1765 1764/1764/1764 1769/1769/1769 1768/1768/1768
f 1759/1759/1759 1766/1766/1766 1767/1767/1767 1760/1760/1760
f 1766/1766/1766 1765/1765/1765 1768/1768/1768 1767/1767/1767
f 1764/1764/1764 1757/1757/1757 1758/1758/1758 1769/1769/1769
f 1858/1858/1858 1853/1853/1853 1852/1852/1852 1857/1857/1857
f 1867/1867/1867 1866/1866/1866 1820/1820/1820 1865/1865/1865
f 1857/1857/1857 1852/1852/1852 1866/1866/1866 1867/1867/1867
f 1854/1854/1854 1866/1866/1866 1852/1852/1852
f 1866/1866/1866 1783/1783/1783 1820/1820/1820
f 1783/1783/1783 1854/1854/1854 1793/1793/1793
f 1854/1854/1854 1783/1783/1783 1866/1866/1866
f 1853/1853/1853 1855/1855/1855 1854/1854/1854 1852/1852/1852
f 1855/1855/1855 1849/1849/1849 1793/1793/1793 1854/1854/1854
f 1869/1869/1869 1868/1868/1868 1821/1821/1821 1822/1822/1822
f 1865/1865/1865 1820/1820/1820 1868/1868/1868 1869/1869/1869
f 1822/1822/1822 1821/1821/1821 1823/1823/1823 1824/1824/1824
f 1821/1821/1821 1825/1825/1825 1827/1827/1827 1823/1823/1823
f 1825/1825/1825 1785/1785/1785 1826/1826/1826 1827/1827/1827
f 1868/1868/1868 1825/1825/1825 1821/1821/1821
f 1825/1825/1825 1783/1783/1783 1785/1785/1785
f 1783/1783/1783 1868/1868/1868 1820/1820/1820
f 1868/1868/1868 1783/1783/1783 1825/1825/1825
f 1828/1828/1828 1791/1791/1791 1786/1786/1786
f 1791/1791/1791 1783/1783/1783 1784/1784/1784
f 1783/1783/1783 1828/1828/1828 1785/1785/1785
f 1828/1828/1828 1783/1783/1783 1791/1791/1791
f 1785/1785/1785 1828/1828/1828 1829/1829/1829 1826/1826/1826
f 1828/1828/1828 1786/1786/1786 1788/1788/1788 1829/1829/1829
f 1786/1786/1786 1787/1787/1787 1789/1789/1789 1788/1788/1788
f 1784/1784/1784 1790/1790/1790 1792/1792/1792 1791/1791/1791
f 1791/1791/1791 1792/1792/1792 1787/1787/1787 1786/1786/1786
f 1849/1849/1849 1851/1851/1851 1850/1850/1850 1793/1793/1793
f 1851/1851/1851 1798/1798/1798 1794/1794/1794 1850/1850/1850
f 1796/1796/1796 1850/1850/1850 1794/1794/1794
f 1850/1850/1850 1783/1783/1783 1793/1793/1793
f 1783/1783/1783 1796/1796/1796 1784/1784/1784
f 1796/1796/1796 1783/1783/1783 1850/1850/1850
f 1794/1794/1794 1795/1795/1795 1797/1797/1797 1796/1796/1796
f 1796/1796/1796 1797/1797/1797 1790/1790/1790 1784/1784/1784
f 1798/1798/1798 1799/1799/1799 1795/1795/1795 1794/1794/1794
f 1776/1776/1776 1773/1773/1773 1819/1819/1819
f 1789/1789/1789 1818/1818/1818 1817/1817/1817
f 1789/1789/1789 1817/1817/1817 1816/1816/1816
f 1818/1818/1818 1789/1789/1789 1819/1819/1819
f 1788/1788/1788 1815/1815/1815 1814/1814/1814
f 1829/1829/1829 1813/1813/1813 1812/1812/1812
f 1829/1829/1829 1812/1812/1812 1811/1811/1811
f 1813/1813/1813 1829/1829/1829 1814/1814/1814
f 1815/1815/1815 1788/1788/1788 1816/1816/1816
f 1819/1819/1819 1789/1789/1789 1776/1776/1776
f 1789/1789/1789 1787/1787/1787 1777/1777/1777 1776/1776/1776
f 1778/1778/1778 1777/1777/1777 1787/1787/1787 1792/1792/1792
f 1779/1779/1779 1778/1778/1778 1792/1792/1792 1790/1790/1790
f 1814/1814/1814 1829/1829/1829 1788/1788/1788
f 1790/1790/1790 1797/1797/1797 1780/1780/1780 1779/1779/1779
f 1816/1816/1816 1788/1788/1788 1789/1789/1789
f 1826/1826/1826 1829/1829/1829 1811/1811/1811
f 1826/1826/1826 1810/1810/1810 1809/1809/1809
f 1827/1827/1827 1808/1808/1808 1807/1807/1807
f 1827/1827/1827 1807/1807/1807 1806/1806/1806
f 1808/1808/1808 1827/1827/1827 1809/1809/1809
f 1823/1823/1823 1805/1805/1805 1804/1804/1804
f 1824/1824/1824 1803/1803/1803 1802/1802/1802
f 1824/1824/1824 1802/1802/1802 1801/1801/1801
f 1803/1803/1803 1824/1824/1824 1804/1804/1804
f 1805/1805/1805 1823/1823/1823 1806/1806/1806
f 1827/1827/1827 1806/1806/1806 1823/1823/1823
f 1822/1822/1822 1824/1824/1824 1864/1864/1864 1863/1863/1863
f 1824/1824/1824 1801/1801/1801 1864/1864/1864
f 1823/1823/1823 1804/1804/1804 1824/1824/1824
f 1800/1800/1800 1864/1864/1864 1801/1801/1801
f 1869/1869/1869 1822/1822/1822 1863/1863/1863 1862/1862/1862
f 1862/1862/1862 1861/1861/1861 1865/1865/1865 1869/1869/1869
f 1826/1826/1826 1809/1809/1809 1827/1827/1827
f 1826/1826/1826 1811/1811/1811 1810/1810/1810
f 1797/1797/1797 1795/1795/1795 1781/1781/1781 1780/1780/1780
f 1782/1782/1782 1781/1781/1781 1795/1795/1795 1799/1799/1799
f 1799/1799/1799 1831/1831/1831 1830/1830/1830 1782/1782/1782
f 1851/1851/1851 1836/1836/1836 1835/1835/1835 1798/1798/1798
f 1849/1849/1849 1838/1838/1838 1837/1837/1837 1851/1851/1851
f 1798/1798/1798 1833/1833/1833 1832/1832/1832 1799/1799/1799
f 1830/1830/1830 1774/1774/1774 1782/1782/1782
f 1798/1798/1798 1834/1834/1834 1833/1833/1833
f 1799/1799/1799 1832/1832/1832 1831/1831/1831
f 1849/1849/1849 1839/1839/1839 1838/1838/1838
f 1851/1851/1851 1837/1837/1837 1836/1836/1836
f 1798/1798/1798 1835/1835/1835 1834/1834/1834
f 1840/1840/1840 1839/1839/1839 1849/1849/1849
f 1867/1867/1867 1865/1865/1865 1861/1861/1861 1860/1860/1860
f 1853/1853/1853 1843/1843/1843 1842/1842/1842 1855/1855/1855
f 1857/1857/1857 1867/1867/1867 1860/1860/1860 1859/1859/1859
f 1858/1858/1858 1857/1857/1857 1859/1859/1859 1856/1856/1856
f 1856/1856/1856 1848/1848/1848 1847/1847/1847 1858/1858/1858
f 1858/1858/1858 1846/1846/1846 1845/1845/1845 1853/1853/1853
f 1855/1855/1855 1841/1841/1841 1840/1840/1840
f 1853/1853/1853 1844/1844/1844 1843/1843/1843
f 1855/1855/1855 1842/1842/1842 1841/1841/1841
f 1856/1856/1856 1775/1775/1775 1848/1848/1848
f 1858/1858/1858 1847/1847/1847 1846/1846/1846
f 1853/1853/1853 1845/1845/1845 1844/1844/1844
f 1840/1840/1840 1849/1849/1849 1855/1855/1855
f 1954/1954/1954 1953/1953/1953 1949/1949/1949 1950/1950/1950
f 1964/1964/1964 1962/1962/1962 1916/1916/1916 1963/1963/1963
f 1953/1953/1953 1964/1964/1964 1963/1963/1963 1949/1949/1949
f 1951/1951/1951 1949/1949/1949 1963/1963/1963
f 1963/1963/1963 1916/1916/1916 1880/1880/1880
f 1880/1880/1880 1890/1890/1890 1951/1951/1951
f 1951/1951/1951 1963/1963/1963 1880/1880/1880
f 1950/1950/1950 1949/1949/1949 1951/1951/1951 1952/1952/1952
f 1952/1952/1952 1951/1951/1951 1890/1890/1890 1946/1946/1946
f 1966/1966/1966 1919/1919/1919 1918/1918/1918 1965/1965/1965
f 1962/1962/1962 1966/1966/1966 1965/1965/1965 1916/1916/1916
f 1919/1919/1919 1921/1921/1921 1920/1920/1920 1918/1918/1918
f 1918/1918/1918 1920/1920/1920 1924/1924/1924 1922/1922/1922
f 1922/1922/1922 1924/1924/1924 1923/1923/1923 1882/1882/1882
f 1965/1965/1965 1918/1918/1918 1922/1922/1922
f 1922/1922/1922 1882/1882/1882 1880/1880/1880
f 1880/1880/1880 1916/1916/1916 1965/1965/1965
f 1965/1965/1965 1922/1922/1922 1880/1880/1880
f 1925/1925/1925 1883/1883/1883 1888/1888/1888
f 1888/1888/1888 1881/1881/1881 1880/1880/1880
f 1880/1880/1880 1882/1882/1882 1925/1925/1925
f 1925/1925/1925 1888/1888/1888 1880/1880/1880
f 1882/1882/1882 1923/1923/1923 1926/1926/1926 1925/1925/1925
f 1925/1925/1925 1926/1926/1926 1885/1885/1885 1883/1883/1883
f 1883/1883/1883 1885/1885/1885 1886/1886/1886 1884/1884/1884
f 1881/1881/1881 1888/1888/1888 1889/1889/1889 1887/1887/1887
f 1888/1888/1888 1883/1883/1883 1884/1884/1884 1889/1889/1889
f 1946/1946/1946 1890/1890/1890 1947/1947/1947 1948/1948/1948
f 1948/1948/1948 1947/1947/1947 1891/1891/1891 1895/1895/1895
f 1893/1893/1893 1891/1891/1891 1947/1947/1947
f 1947/1947/1947 1890/1890/1890 1880/1880/1880
f 1880/1880/1880 1881/1881/1881 1893/1893/1893
f 1893/1893/1893 1947/1947/1947 1880/1880/1880
f 1891/1891/1891 1893/1893/1893 1894/1894/1894 1892/1892/1892
f 1893/1893/1893 1881/1881/1881 1887/1887/1887 1894/1894/1894
f 1895/1895/1895 1891/1891/1891 1892/1892/1892 1896/1896/1896
f 1873/1873/1873 1915/1915/1915 1870/1870/1870
f 1886/1886/1886 1913/1913/1913 1914/1914/1914
f 1886/1886/1886 1912/1912/1912 1913/1913/1913
f 1914/1914/1914 1915/1915/1915 1886/1886/1886
f 1885/1885/1885 1910/1910/1910 1911/1911/1911
f 1926/1926/1926 1908/1908/1908 1909/1909/1909
f 1926/1926/1926 1907/1907/1907 1908/1908/1908
f 1909/1909/1909 1910/1910/1910 1926/1926/1926
f 1911/1911/1911 1912/1912/1912 1885/1885/1885
f 1915/1915/1915 1873/1873/1873 1886/1886/1886
f 1886/1886/1886 1873/1873/1873 1874/1874/1874 1884/1884/1884
f 1875/1875/1875 1889/1889/1889 1884/1884/1884 1874/1874/1874
f 1876/1876/1876 1887/1887/1887 1889/1889/1889 1875/1875/1875
f 1910/1910/1910 1885/1885/1885 1926/1926/1926
f 1887/1887/1887 1876/1876/1876 1877/1877/1877 1894/1894/1894
f 1912/1912/1912 1886/1886/1886 1885/1885/1885
f 1923/1923/1923 1907/1907/1907 1926/1926/1926
f 1923/1923/1923 1905/1905/1905 1906/1906/1906
f 1924/1924/1924 1903/1903/1903 1904/1904/1904
f 1924/1924/1924 1902/1902/1902 1903/1903/1903
f 1904/1904/1904 1905/1905/1905 1924/1924/1924
f 1920/1920/1920 1900/1900/1900 1901/1901/1901
f 1921/1921/1921 1898/1898/1898 1899/1899/1899
f 1921/1921/1921 1897/1897/1897 1898/1898/1898
f 1899/1899/1899 1900/1900/1900 1921/1921/1921
f 1901/1901/1901 1902/1902/1902 1920/1920/1920
f 1924/1924/1924 1920/1920/1920 1902/1902/1902
f 1921/1921/1921 1919/1919/1919 1917/1917/1917 1961/1961/1961
f 1921/1921/1921 1961/1961/1961 1897/1897/1897
f 1920/1920/1920 1921/1921/1921 1900/1900/1900
f 1871/1871/1871 1897/1897/1897 1961/1961/1961
f 1966/1966/1966 1960/1960/1960 1917/1917/1917 1919/1919/1919
f 1960/1960/1960 1966/1966/1966 1962/1962/1962 1959/1959/1959
f 1923/1923/1923 1924/1924/1924 1905/1905/1905
f 1923/1923/1923 1906/1906/1906 1907/1907/1907
f 1894/1894/1894 1877/1877/1877 1878/1878/1878 1892/1892/1892
f 1879/1879/1879 1896/1896/1896 1892/1892/1892 1878/1878/1878
f 1896/1896/1896 1879/1879/1879 1927/1927/1927 1928/1928/1928
f 1948/1948/1948 1895/1895/1895 1932/1932/1932 1933/1933/1933
f 1946/1946/1946 1948/1948/1948 1934/1934/1934 1935/1935/1935
f 1895/1895/1895 1896/1896/1896 1929/1929/1929 1930/1930/1930
f 1927/1927/1927 1879/1879/1879 1872/1872/1872
f 1895/1895/1895 1930/1930/1930 1931/1931/1931
f 1896/1896/1896 1928/1928/1928 1929/1929/1929
f 1946/1946/1946 1935/1935/1935 1936/1936/1936
f 1948/1948/1948 1933/1933/1933 1934/1934/1934
f 1895/1895/1895 1931/1931/1931 1932/1932/1932
f 1937/1937/1937 1946/1946/1946 1936/1936/1936
f 1964/1964/1964 1958/1958/1958 1959/1959/1959 1962/1962/1962
f 1954/1954/1954 1950/1950/1950 1942/1942/1942 1943/1943/1943
f 1953/1953/1953 1957/1957/1957 1958/1958/1958 1964/1964/1964
f 1956/1956/1956 1957/1957/1957 1953/1953/1953 1954/1954/1954
f 1954/1954/1954 1945/1945/1945 1956/1956/1956
f 1950/1950/1950 1952/1952/1952 1939/1939/1939 1940/1940/1940
f 1952/1952/1952 1937/1937/1937 1938/1938/1938
f 1950/1950/1950 1940/1940/1940 1941/1941/1941
f 1952/1952/1952 1938/1938/1938 1939/1939/1939
f 1954/1954/1954 1944/1944/1944 1945/1945/1945
f 1956/1956/1956 1945/1945/1945 1955/1955/1955
f 1954/1954/1954 1943/1943/1943 1944/1944/1944
f 1950/1950/1950 1941/1941/1941 1942/1942/1942
f 1937/1937/1937 1952/1952/1952 1946/1946/1946
f 1967/1967/1967 2008/2008/2008 2007/2007/2007 1971/1971/1971
f 1972/1972/1972 2006/2006/2006 2005/2005/2005 1973/1973/1973
f 1973/1973/1973 2005/2005/2005 2004/2004/2004 1974/1974/1974
f 1971/1971/1971 2007/2007/2007 2006/2006/2006 1972/1972/1972
f 1975/1975/1975 2003/2003/2003 2002/2002/2002 1976/1976/1976
f 1977/1977/1977 2001/2001/2001 2000/2000/2000 1968/1968/1968
f 1968/1968/1968 2000/2000/2000 1999/1999/1999 1978/1978/1978
f 1976/1976/1976 2002/2002/2002 2001/2001/2001 1977/1977/1977
f 1974/1974/1974 2004/2004/2004 2003/2003/2003 1975/1975/1975
f 1998/1998/1998 1979/1979/1979 1978/1978/1978 1999/1999/1999
f 1980/1980/1980 1997/1997/1997 1996/1996/1996 1981/1981/1981
f 1982/1982/1982 1995/1995/1995 1994/1994/1994 1983/1983/1983
f 1983/1983/1983 1994/1994/1994 1993/1993/1993 1984/1984/1984
f 1981/1981/1981 1996/1996/1996 1995/1995/1995 1982/1982/1982
f 1985/1985/1985 1992/1992/1992 1991/1991/1991 1986/1986/1986
f 1988/1988/1988 1987/1987/1987 1990/1990/1990 1989/1989/1989
f 1969/1969/1969 1988/1988/1988 1989/1989/1989 1970/1970/1970
f 1986/1986/1986 1991/1991/1991 1990/1990/1990 1987/1987/1987
f 1984/1984/1984 1993/1993/1993 1992/1992/1992 1985/1985/1985
f 1997/1997/1997 1980/1980/1980 1979/1979/1979 1998/1998/1998
usemtl Default
v 2730 2340 -10
v 2730 2330 -10
v 1730 2340 -10
v 1730 2330 -10
v 1730 2340 -10
v 1730 2330 -10
v 1730 2340 -1010
v 1730 2330 -1010
v 1730 2340 -1010
v 1730 2330 -1010
v 2730 2340 -1010
v 2730 2330 -1010
v 2730 2340 -1010
v 2730 2330 -1010
v 2730 2340 -10
v 2730 2330 -10
v 2730 2340 -10
v 1730 2340 -10
v 1730 2340 -1010
v 2730 2340 -1010
v 2730 2330 -10
v 1730 2330 -10
v 1730 2330 -1010
v 2730 2330 -1010
vt 0 0
vt 0 0.50248730182647705
vt 0.25 0
vt 0.25 0.50248730182647705
vt 0.25 0
vt 0.25 0.50248730182647705
vt 0.5 0
vt 0.5 0.50248730182647705
vt 0.5 0
vt 0.5 0.50248730182647705
vt 0.75 0
vt 0.75 0.50248730182647705
vt 0.75 0
vt 0.75 0.50248730182647705
vt 1 0
vt 1 0.50248730182647705
vt 0 1
vt 0.25 1
vt 0.25 0.50248783826828003
vt 0 0.50248783826828003
vt 0.75 0.50248783826828003
vt 1 0.50248783826828003
vt 1 1
vt 0.75 1
vn 0 0 1
vn 0 0 1
vn 0 0 1
vn 0 0 1
vn -1 0 0
vn -1 0 0
vn -1 0 0
vn -1 0 0
vn 0 0 -1
vn 0 0 -1
vn 0 0 -1
vn 0 0 -1
vn 1 0 0
vn 1 0 0
vn 1 0 0
vn 1 0 0
vn 0 1 0
vn 0 1 0
vn 0 1 0
vn 0 1 0
vn 0 -1 0
vn 0 -1 0
vn 0 -1 0
vn 0 -1 0
f 2009/2009/2009 2011/2011/2011 2012/2012/2012 2010/2010/2010
f 2013/2013/2013 2015/2015/2015 2016/2016/2016 2014/2014/2014
f 2017/2017/2017 2019/2019/2019 2020/2020/2020 2018/2018/2018
f 2021/2021/2021 2023/2023/2023 2024/2024/2024 2022/2022/2022
f 2026/2026/2026 2025/2025/2025 2028/2028/2028
f 2028/2028/2028 2027/2027/2027 2026/2026/2026
f 2030/2030/2030 2032/2032/2032 2029/2029/2029
f 2032/2032/2032 2030/2030/2030 2031/2031/2031
usemtl Default
v 1710 2340 -10
v 1710 2330 -10
v 710 2340 -10
v 710 2330 -10
v 710 2340 -10
v 710 2330 -10
v 710 2340 -1010
v 710 2330 -1010
v 710 2340 -1010
v 710 2330 -1010
v 1710 2340 -1010
v 1710 2330 -1010
v 1710 2340 -1010
v 1710 2330 -1010
v 1710 2340 -10
v 1710 2330 -10
v 1710 2340 -10
v 710 2340 -10
v 710 2340 -1010
v 1710 2340 -1010
v 1710 2330 -10
v 710 2330 -10
v 710 2330 -1010
v 1710 2330 -1010
vt 0 0
vt 0 0.50248730182647705
vt 0.25 0
vt 0.25 0.50248730182647705
vt 0.25 0
vt 0.25 0.50248730182647705
vt 0.5 0
vt 0.5 0.50248730182647705
vt 0.5 0
vt 0.5 0.50248730182647705
vt 0.75 0
vt 0.75 0.50248730182647705
vt 0.75 0
vt 0.75 0.50248730182647705
vt 1 0
vt 1 0.50248730182647705
vt 0 1
vt 0.25 1
vt 0.25 0.50248783826828003
vt 0 0.50248783826828003
vt 0.75 0.50248783826828003
vt 1 0.50248783826828003
vt 1 1
vt 0.75 1
vn 0 0 1
vn 0 0 1
vn 0 0 1
vn 0 0 1
vn -1 0 0
vn -1 0 0
vn -1 0 0
vn -1 0 0
vn 0 0 -1
vn 0 0 -1
vn 0 0 -1
vn 0 0 -1
vn 1 0 0
vn 1 0 0
vn 1 0 0
vn 1 0 0
vn 0 1 0
vn 0 1 0
vn 0 1 0
vn 0 1 0
vn 0 -1 0
vn 0 -1 0
vn 0 -1 0
vn 0 -1 0
f 2033/2033/2033 2035/2035/2035 2036/2036/2036 2034/2034/2034
f 2037/2037/2037 2039/2039/2039 2040/2040/2040 2038/2038/2038
f 2041/2041/2041 2043/2043/2043 2044/2044/2044 2042/2042/2042
f 2045/2045/2045 2047/2047/2047 2048/2048/2048 2046/2046/2046
f 2050/2050/2050 2049/2049/2049 2052/2052/2052
f 2052/2052/2052 2051/2051/2051 2050/2050/2050
f 2054/2054/2054 2056/2056/2056 2053/2053/2053
f 2056/2056/2056 2054/2054/2054 2055/2055/2055
usemtl Default
v 690 2340 -10
v 690 2330 -10
v -310 2340 -10
v -310 2330 -10
v -310 2340 -10
v -310 2330 -10
v -310 2340 -1010
v -310 2330 -1010
v -310 2340 -1010
v -310 2330 -1010
v 690 2340 -1010
v 690 2330 -1010
v 690 2340 -1010
v 690 2330 -1010
v 690 2340 -10
v 690 2330 -10
v 690 2340 -10
v -310 2340 -10
v -310 2340 -1010
v 690 2340 -1010
v 690 2330 -10
v -310 2330 -10
v -310 2330 -1010
v 690 2330 -1010
vt 0 0
vt 0 0.50248730182647705
vt 0.25 0
vt 0.25 0.50248730182647705
vt 0.25 0
vt 0.25 0.50248730182647705
vt 0.5 0
vt 0.5 0.50248730182647705
vt 0.5 0
vt 0.5 0.50248730182647705
vt 0.75 0
vt 0.75 0.50248730182647705
vt 0.75 0
vt 0.75 0.50248730182647705
vt 1 0
vt 1 0.50248730182647705
vt 0 1
vt 0.25 1
vt 0.25 0.50248783826828003
vt 0 0.50248783826828003
vt 0.75 0.50248783826828003
vt 1 0.50248783826828003
vt 1 1
vt 0.75 1
vn 0 0 1
vn 0 0 1
vn 0 0 1
vn 0 0 1
vn -1 0 0
vn -1 0 0
vn -1 0 0
vn -1 0 0
vn 0 0 -1
vn 0 0 -1
vn 0 0 -1
vn 0 0 -1
vn 1 0 0
vn 1 0 0
vn 1 0 0
vn 1 0 0
vn 0 1 0
vn 0 1 0
vn 0 1 0
vn 0 1 0
vn 0 -1 0
vn 0 -1 0
vn 0 -1 0
vn 0 -1 0
f 2057/2057/2057 2059/2059/2059 2060/2060/2060 2058/2058/2058
f 2061/2061/2061 2063/2063/2063 2064/2064/2064 2062/2062/2062
f 2065/2065/2065 2067/2067/2067 2068/2068/2068 2066/2066/2066
f 2069/2069/2069 2071/2071/2071 2072/2072/2072 2070/2070/2070
f 2074/2074/2074 2073/2073/2073 2076/2076/2076
f 2076/2076/2076 2075/2075/2075 2074/2074/2074
f 2078/2078/2078 2080/2080/2080 2077/2077/2077
f 2080/2080/2080 2078/2078/2078 2079/2079/2079
usemtl Default
v -330 2340 -10
v -330 2330 -10
v -1330 2340 -10
v -1330 2330 -10
v -1330 2340 -10
v -1330 2330 -10
v -1330 2340 -1010
v -1330 2330 -1010
v -1330 2340 -1010
v -1330 2330 -1010
v -330 2340 -1010
v -330 2330 -1010
v -330 2340 -1010
v -330 2330 -1010
v -330 2340 -10
v -330 2330 -10
v -330 2340 -10
v -1330 2340 -10
v -1330 2340 -1010
v -330 2340 -1010
v -330 2330 -10
v -1330 2330 -10
v -1330 2330 -1010
v -330 2330 -1010
vt 0 0
vt 0 0.50248730182647705
vt 0.25 0
vt 0.25 0.50248730182647705
vt 0.25 0
vt 0.25 0.50248730182647705
vt 0.5 0
vt 0.5 0.50248730182647705
vt 0.5 0
vt 0.5 0.50248730182647705
vt 0.75 0
vt 0.75 0.50248730182647705
vt 0.75 0
vt 0.75 0.50248730182647705
vt 1 0
vt 1 0.50248730182647705
vt 0 1
vt 0.25 1
vt 0.25 0.50248783826828003
vt 0 0.50248783826828003
vt 0.75 0.50248783826828003
vt 1 0.50248783826828003
vt 1 1
vt 0.75 1
vn 0 0 1
vn 0 0 1
vn 0 0 1
vn 0 0 1
vn -1 0 0
vn -1 0 0
vn -1 0 0
vn -1 0 0
vn 0 0 -1
vn 0 0 -1
vn 0 0 -1
vn 0 0 -1
vn 1 0 0
vn 1 0 0
vn 1 0 0
vn 1 0 0
vn 0 1 0
vn 0 1 0
vn 0 1 0
vn 0 1 0
vn 0 -1 0
vn 0 -1 0
vn 0 -1 0
vn 0 -1 0
f 2081/2081/2081 2083/2083/2083 2084/2084/2084 2082/2082/2082
f 2085/2085/2085 2087/2087/2087 2088/2088/2088 2086/2086/2086
f 2089/2089/2089 2091/2091/2091 2092/2092/2092 2090/2090/2090
f 2093/2093/2093 2095/2095/2095 2096/2096/2096 2094/2094/2094
f 2098/2098/2098 2097/2097/2097 2100/2100/2100
f 2100/2100/2100 2099/2099/2099 2098/2098/2098
f 2102/2102/2102 2104/2104/2104 2101/2101/2101
f 2104/2104/2104 2102/2102/2102 2103/2103/2103
usemtl Default
v -1350 2340 -10
v -1350 2330 -10
v -2350 2340 -10
v -2350 2330 -10
v -2350 2340 -10
v -2350 2330 -10
v -2350 2340 -1010
v -2350 2330 -1010
v -2350 2340 -1010
v -2350 2330 -1010
v -1350 2340 -1010
v -1350 2330 -1010
v -1350 2340 -1010
v -1350 2330 -1010
v -1350 2340 -10
v -1350 2330 -10
v -1350 2340 -10
v -2350 2340 -10
v -2350 2340 -1010
v -1350 2340 -1010
v -1350 2330 -10
v -2350 2330 -10
v -2350 2330 -1010
v -1350 2330 -1010
vt 0 0
vt 0 0.50248730182647705
vt 0.25 0
vt 0.25 0.50248730182647705
vt 0.25 0
vt 0.25 0.50248730182647705
vt 0.5 0
vt 0.5 0.50248730182647705
vt 0.5 0
vt 0.5 0.50248730182647705
vt 0.75 0
vt 0.75 0.50248730182647705
vt 0.75 0
vt 0.75 0.50248730182647705
vt 1 0
vt 1 0.50248730182647705
vt 0 1
vt 0.25 1
vt 0.25 0.50248783826828003
vt 0 0.50248783826828003
vt 0.75 0.50248783826828003
vt 1 0.50248783826828003
vt 1 1
vt 0.75 1
vn 0 0 1
vn 0 0 1
vn 0 0 1
vn 0 0 1
vn -1 0 0
vn -1 0 0
vn -1 0 0
vn -1 0 0
vn 0 0 -1
vn 0 0 -1
vn 0 0 -1
vn 0 0 -1
vn 1 0 0
vn 1 0 0
vn 1 0 0
vn 1 0 0
vn 0 1 0
vn 0 1 0
vn 0 1 0
vn 0 1 0
vn 0 -1 0
vn 0 -1 0
vn 0 -1 0
vn 0 -1 0
f 2105/2105/2105 2107/2107/2107 2108/2108/2108 2106/2106/2106
f 2109/2109/2109 2111/2111/2111 2112/2112/2112 2110/2110/2110
f 2113/2113/2113 2115/2115/2115 2116/2116/2116 2114/2114/2114
f 2117/2117/2117 2119/2119/2119 2120/2120/2120 2118/2118/2118
f 2122/2122/2122 2121/2121/2121 2124/2124/2124
f 2124/2124/2124 2123/2123/2123 2122/2122/2122
f 2126/2126/2126 2128/2128/2128 2125/2125/2125
f 2128/2128/2128 2126/2126/2126 2127/2127/2127
usemtl Default
v 2730 2340 -1030
v 2730 2330 -1030
v 1730 2340 -1030
v 1730 2330 -1030
v 1730 2340 -1030
v 1730 2330 -1030
v 1730 2340 -2030
v 1730 2330 -2030
v 1730 2340 -2030
v 1730 2330 -2030
v 2730 2340 -2030
v 2730 2330 -2030
v 2730 2340 -2030
v 2730 2330 -2030
v 2730 2340 -1030
v 2730 2330 -1030
v 2730 2340 -1030
v 1730 2340 -1030
v 1730 2340 -2030
v 2730 2340 -2030
v 2730 2330 -1030
v 1730 2330 -1030
v 1730 2330 -2030
v 2730 2330 -2030
vt 0 0
vt 0 0.50248730182647705
vt 0.25 0
vt 0.25 0.50248730182647705
vt 0.25 0
vt 0.25 0.50248730182647705
vt 0.5 0
vt 0.5 0.50248730182647705
vt 0.5 0
vt 0.5 0.50248730182647705
vt 0.75 0
vt 0.75 0.50248730182647705
vt 0.75 0
vt 0.75 0.50248730182647705
vt 1 0
vt 1 0.50248730182647705
vt 0 1
vt 0.25 1
vt 0.25 0.50248783826828003
vt 0 0.50248783826828003
vt 0.75 0.50248783826828003
vt 1 0.50248783826828003
vt 1 1
vt 0.75 1
vn 0 0 1
vn 0 0 1
vn 0 0 1
vn 0 0 1
vn -1 0 0
vn -1 0 0
vn -1 0 0
vn -1 0 0
vn 0 0 -1
vn 0 0 -1
vn 0 0 -1
vn 0 0 -1
vn 1 0 0
vn 1 0 0
vn 1 0 0
vn 1 0 0
vn 0 1 0
vn 0 1 0
vn 0 1 0
vn 0 1 0
vn 0 -1 0
vn 0 -1 0
vn 0 -1 0
vn 0 -1 0
f 2129/2129/2129 2131/2131/2131 2132/2132/2132 2130/2130/2130
f 2133/2133/2133 2135/2135/2135 2136/2136/2136 2134/2134/2134
f 2137/2137/2137 2139/2139/2139 2140/2140/2140 2138/2138/2138
f 2141/2141/2141 2143/2143/2143 2144/2144/2144 2142/2142/2142
f 2146/2146/2146 2145/2145/2145 2148/2148/2148
f 2148/2148/2148 2147/2147/2147 2146/2146/2146
f 2150/2150/2150 2152/2152/2152 2149/2149/2149
f 2152/2152/2152 2150/2150/2150 2151/2151/2151
usemtl Default
v 1710 2340 -1030
v 1710 2330 -1030
v 710 2340 -1030
v 710 2330 -1030
v 710 2340 -1030
v 710 2330 -1030
v 710 2340 -2030
v 710 2330 -2030
v 710 2340 -2030
v 710 2330 -2030
v 1710 2340 -2030
v 1710 2330 -2030
v 1710 2340 -2030
v 1710 2330 -2030
v 1710 2340 -1030
v 1710 2330 -1030
v 1710 2340 -1030
v 710 2340 -1030
v 710 2340 -2030
v 1710 2340 -2030
v 1710 2330 -1030
v 710 2330 -1030
v 710 2330 -2030
v 1710 2330 -2030
vt 0 0
vt 0 0.50248730182647705
vt 0.25 0
vt 0.25 0.50248730182647705
vt 0.25 0
vt 0.25 0.50248730182647705
vt 0.5 0
vt 0.5 0.50248730182647705
vt 0.5 0
vt 0.5 0.50248730182647705
vt 0.75 0
vt 0.75 0.50248730182647705
vt 0.75 0
vt 0.75 0.50248730182647705
vt 1 0
vt 1 0.50248730182647705
vt 0 1
vt 0.25 1
vt 0.25 0.50248783826828003
vt 0 0.50248783826828003
vt 0.75 0.50248783826828003
vt 1 0.50248783826828003
vt 1 1
vt 0.75 1
vn 0 0 1
vn 0 0 1
vn 0 0 1
vn 0 0 1
vn -1 0 0
vn -1 0 0
vn -1 0 0
vn -1 0 0
vn 0 0 -1
vn 0 0 -1
vn 0 0 -1
vn 0 0 -1
vn 1 0 0
vn 1 0 0
vn 1 0 0
vn 1 0 0
vn 0 1 0
vn 0 1 0
vn 0 1 0
vn 0 1 0
vn 0 -1 0
vn 0 -1 0
vn 0 -1 0
vn 0 -1 0
f 2153/2153/2153 2155/2155/2155 2156/2156/2156 2154/2154/2154
f 2157/2157/2157 2159/2159/2159 2160/2160/2160 2158/2158/2158
f 2161/2161/2161 2163/2163/2163 2164/2164/2164 2162/2162/2162
f 2165/2165/2165 2167/2167/2167 2168/2168/2168 2166/2166/2166
f 2170/2170/2170 2169/2169/2169 2172/2172/2172
f 2172/2172/2172 2171/2171/2171 2170/2170/2170
f 2174/2174/2174 2176/2176/2176 2173/2173/2173
f 2176/2176/2176 2174/2174/2174 2175/2175/2175
usemtl Default
v 690 2340 -1030
v 690 2330 -1030
v -310 2340 -1030
v -310 2330 -1030
v -310 2340 -1030
v -310 2330 -1030
v -310 2340 -2030
v -310 2330 -2030
v -310 2340 -2030
v -310 2330 -2030
v 690 2340 -2030
v 690 2330 -2030
v 690 2340 -2030
v 690 2330 -2030
v 690 2340 -1030
v 690 2330 -1030
v 690 2340 -1030
v -310 2340 -1030
v -310 2340 -2030
v 690 2340 -2030
v 690 2330 -1030
v -310 2330 -1030
v -310 2330 -2030
v 690 2330 -2030
vt 0 0
vt 0 0.50248730182647705
vt 0.25 0
vt 0.25 0.50248730182647705
vt 0.25 0
vt 0.25 0.50248730182647705
vt 0.5 0
vt 0.5 0.50248730182647705
vt 0.5 0
vt 0.5 0.50248730182647705
vt 0.75 0
vt 0.75 0.50248730182647705
vt 0.75 0
vt 0.75 0.50248730182647705
vt 1 0
vt 1 0.50248730182647705
vt 0 1
vt 0.25 1
vt 0.25 0.50248783826828003
vt 0 0.50248783826828003
vt 0.75 0.50248783826828003
vt 1 0.50248783826828003
vt 1 1
vt 0.75 1
vn 0 0 1
vn 0 0 1
vn 0 0 1
vn 0 0 1
vn -1 0 0
vn -1 0 0
vn -1 0 0
vn -1 0 0
vn 0 0 -1
vn 0 0 -1
vn 0 0 -1
vn 0 0 -1
vn 1 0 0
vn 1 0 0
vn 1 0 0
vn 1 0 0
vn 0 1 0
vn 0 1 0
vn 0 1 0
vn 0 1 0
vn 0 -1 0
vn 0 -1 0
vn 0 -1 0
vn 0 -1 0
f 2177/2177/2177 2179/2179/2179 2180/2180/2180 2178/2178/2178
f 2181/2181/2181 2183/2183/2183 2184/2184/2184 2182/2182/2182
f 2185/2185/2185 2187/2187/2187 2188/2188/2188 2186/2186/2186
f 2189/2189/2189 2191/2191/2191 2192/2192/2192 2190/2190/2190
f 2194/2194/2194 2193/2193/2193 2196/2196/2196
f 2196/2196/2196 2195/2195/2195 2194/2194/2194
f 2198/2198/2198 2200/2200/2200 2197/2197/2197
f 2200/2200/2200 2198/2198/2198 2199/2199/2199
usemtl Default
v -330 2340 -1030
v -330 2330 -1030
v -1330 2340 -1030
v -1330 2330 -1030
v -1330 2340 -1030
v -1330 2330 -1030
v -1330 2340 -2030
v -1330 2330 -2030
v -1330 2340 -2030
v -1330 2330 -2030
v -330 2340 -2030
v -330 2330 -2030
v -330 2340 -2030
v -330 2330 -2030
v -330 2340 -1030
v -330 2330 -1030
v -330 2340 -1030
v -1330 2340 -1030
v -1330 2340 -2030
v -330 2340 -2030
v -330 2330 -1030
v -1330 2330 -1030
v -1330 2330 -2030
v -330 2330 -2030
vt 0 0
vt 0 0.50248730182647705
vt 0.25 0
vt 0.25 0.50248730182647705
vt 0.25 0
vt 0.25 0.50248730182647705
vt 0.5 0
vt 0.5 0.50248730182647705
vt 0.5 0
vt 0.5 0.50248730182647705
vt 0.75 0
vt 0.75 0.50248730182647705
vt 0.75 0
vt 0.75 0.50248730182647705
vt 1 0
vt 1 0.50248730182647705
vt 0 1
vt 0.25 1
vt 0.25 0.50248783826828003
vt 0 0.50248783826828003
vt 0.75 0.50248783826828003
vt 1 0.50248783826828003
vt 1 1
vt 0.75 1
vn 0 0 1
vn 0 0 1
vn 0 0 1
vn 0 0 1
vn -1 0 0
vn -1 0 0
vn -1 0 0
vn -1 0 0
vn 0 0 -1
vn 0 0 -1
vn 0 0 -1
vn 0 0 -1
vn 1 0 0
vn 1 0 0
vn 1 0 0
vn 1 0 0
vn 0 1 0
vn 0 1 0
vn 0 1 0
vn 0 1 0
vn 0 -1 0
vn 0 -1 0
vn 0 -1 0
vn 0 -1 0
f 2201/2201/2201 2203/2203/2203 2204/2204/2204 2202/2202/2202
f 2205/2205/2205 2207/2207/2207 2208/2208/2208 2206/2206/2206
f 2209/2209/2209 2211/2211/2211 2212/2212/2212 2210/2210/2210
f 2213/2213/2213 2215/2215/2215 2216/2216/2216 2214/2214/2214
f 2218/2218/2218 2217/2217/2217 2220/2220/2220
f 2220/2220/2220 2219/2219/2219 2218/2218/2218
f 2222/2222/2222 2224/2224/2224 2221/2221/2221
f 2224/2224/2224 2222/2222/2222 2223/2223/2223
usemtl Default
v -1350 2340 -1030
v -1350 2330 -1030
v -2350 2340 -1030
v -2350 2330 -1030
v -2350 2340 -1030
v -2350 2330 -1030
v -2350 2340 -2030
v -2350 2330 -2030
v -2350 2340 -2030
v -2350 2330 -2030
v -1350 2340 -2030
v -1350 2330 -2030
v -1350 2340 -2030
v -1350 2330 -2030
v -1350 2340 -1030
v -1350 2330 -1030
v -1350 2340 -1030
v -2350 2340 -1030
v -2350 2340 -2030
v -1350 2340 -2030
v -1350 2330 -1030
v -2350 2330 -1030
v -2350 2330 -2030
v -1350 2330 -2030
vt 0 0
vt 0 0.50248730182647705
vt 0.25 0
vt 0.25 0.50248730182647705
vt 0.25 0
vt 0.25 0.50248730182647705
vt 0.5 0
vt 0.5 0.50248730182647705
vt 0.5 0
vt 0.5 0.50248730182647705
vt 0.75 0
vt 0.75 0.50248730182647705
vt 0.75 0
vt 0.75 0.50248730182647705
vt 1 0
vt 1 0.50248730182647705
vt 0 1
vt 0.25 1
vt 0.25 0.50248783826828003
vt 0 0.50248783826828003
vt 0.75 0.50248783826828003
vt 1 0.50248783826828003
vt 1 1
vt 0.75 1
vn 0 0 1
vn 0 0 1
vn 0 0 1
vn 0 0 1
vn -1 0 0
vn -1 0 0
vn -1 0 0
vn -1 0 0
vn 0 0 -1
vn 0 0 -1
vn 0 0 -1
vn 0 0 -1
vn 1 0 0
vn 1 0 0
vn 1 0 0
vn 1 0 0
vn 0 1 0
vn 0 1 0
vn 0 1 0
vn 0 1 0
vn 0 -1 0
vn 0 -1 0
vn 0 -1 0
vn 0 -1 0
f 2225/2225/2225 2227/2227/2227 2228/2228/2228 2226/2226/2226
f 2229/2229/2229 2231/2231/2231 2232/2232/2232 2230/2230/2230
f 2233/2233/2233 2235/2235/2235 2236/2236/2236 2234/2234/2234
f 2237/2237/2237 2239/2239/2239 2240/2240/2240 2238/2238/2238
f 2242/2242/2242 2241/2241/2241 2244/2244/2244
f 2244/2244/2244 2243/2243/2243 2242/2242/2242
f 2246/2246/2246 2248/2248/2248 2245/2245/2245
f 2248/2248/2248 2246/2246/2246 2247/2247/2247
usemtl Default
v 2730 2340 -2050
v 2730 2330 -2050
v 1730 2340 -2050
v 1730 2330 -2050
v 1730 2340 -2050
v 1730 2330 -2050
v 1730 2340 -3050
v 1730 2330 -3050
v 1730 2340 -3050
v 1730 2330 -3050
v 2730 2340 -3050
v 2730 2330 -3050
v 2730 2340 -3050
v 2730 2330 -3050
v 2730 2340 -2050
v 2730 2330 -2050
v 2730 2340 -2050
v 1730 2340 -2050
v 1730 2340 -3050
v 2730 2340 -3050
v 2730 2330 -2050
v 1730 2330 -2050
v 1730 2330 -3050
v 2730 2330 -3050
vt 0 0
vt 0 0.50248730182647705
vt 0.25 0
vt 0.25 0.50248730182647705
vt 0.25 0
vt 0.25 0.50248730182647705
vt 0.5 0
vt 0.5 0.50248730182647705
vt 0.5 0
vt 0.5 0.50248730182647705
vt 0.75 0
vt 0.75 0.50248730182647705
vt 0.75 0
vt 0.75 0.50248730182647705
vt 1 0
vt 1 0.50248730182647705
vt 0 1
vt 0.25 1
vt 0.25 0.50248783826828003
vt 0 0.50248783826828003
vt 0.75 0.50248783826828003
vt 1 0.50248783826828003
vt 1 1
vt 0.75 1
vn 0 0 1
vn 0 0 1
vn 0 0 1
vn 0 0 1
vn -1 0 0
vn -1 0 0
vn -1 0 0
vn -1 0 0
vn 0 0 -1
vn 0 0 -1
vn 0 0 -1
vn 0 0 -1
vn 1 0 0
vn 1 0 0
vn 1 0 0
vn 1 0 0
vn 0 1 0
vn 0 1 0
vn 0 1 0
vn 0 1 0
vn 0 -1 0
vn 0 -1 0
vn 0 -1 0
vn 0 -1 0
f 2249/2249/2249 2251/2251/2251 2252/2252/2252 2250/2250/2250
f 2253/2253/2253 2255/2255/2255 2256/2256/2256 2254/2254/2254
f 2257/2257/2257 2259/2259/2259 2260/2260/2260 2258/2258/2258
f 2261/2261/2261 2263/2263/2263 2264/2264/2264 2262/2262/2262
f 2266/2266/2266 2265/2265/2265 2268/2268/2268
f 2268/2268/2268 2267/2267/2267 2266/2266/2266
f 2270/2270/2270 2272/2272/2272 2269/2269/2269
f 2272/2272/2272 2270/2270/2270 2271/2271/2271
usemtl Default
v 1710 2340 -2050
v 1710 2330 -2050
v 710 2340 -2050
v 710 2330 -2050
v 710 2340 -2050
v 710 2330 -2050
v 710 2340 -3050
v 710 2330 -3050
v 710 2340 -3050
v 710 2330 -3050
v 1710 2340 -3050
v 1710 2330 -3050
v 1710 2340 -3050
v 1710 2330 -3050
v 1710 2340 -2050
v 1710 2330 -2050
v 1710 2340 -2050
v 710 2340 -2050
v 710 2340 -3050
v 1710 2340 -3050
v 1710 2330 -2050
v 710 2330 -2050
v 710 2330 -3050
v 1710 2330 -3050
vt 0 0
vt 0 0.50248730182647705
vt 0.25 0
vt 0.25 0.50248730182647705
vt 0.25 0
vt 0.25 0.50248730182647705
vt 0.5 0
vt 0.5 0.50248730182647705
vt 0.5 0
vt 0.5 0.50248730182647705
vt 0.75 0
vt 0.75 0.50248730182647705
vt 0.75 0
vt 0.75 0.50248730182647705
vt 1 0
vt 1 0.50248730182647705
vt 0 1
vt 0.25 1
vt 0.25 0.50248783826828003
vt 0 0.50248783826828003
vt 0.75 0.50248783826828003
vt 1 0.50248783826828003
vt 1 1
vt 0.75 1
vn 0 0 1
vn 0 0 1
vn 0 0 1
vn 0 0 1
vn -1 0 0
vn -1 0 0
vn -1 0 0
vn -1 0 0
vn 0 0 -1
vn 0 0 -1
vn 0 0 -1
vn 0 0 -1
vn 1 0 0
vn 1 0 0
vn 1 0 0
vn 1 0 0
vn 0 1 0
vn 0 1 0
vn 0 1 0
vn 0 1 0
vn 0 -1 0
vn 0 -1 0
vn 0 -1 0
vn 0 -1 0
f 2273/2273/2273 2275/2275/2275 2276/2276/2276 2274/2274/2274
f 2277/2277/2277 2279/2279/2279 2280/2280/2280 2278/2278/2278
f 2281/2281/2281 2283/2283/2283 2284/2284/2284 2282/2282/2282
f 2285/2285/2285 2287/2287/2287 2288/2288/2288 2286/2286/2286
f 2290/2290/2290 2289/2289/2289 2292/2292/2292
f 2292/2292/2292 2291/2291/2291 2290/2290/2290
f 2294/2294/2294 2296/2296/2296 2293/2293/2293
f 2296/2296/2296 2294/2294/2294 2295/2295/2295
usemtl Default
v 690 2340 -2050
v 690 2330 -2050
v -310 2340 -2050
v -310 2330 -2050
v -310 2340 -2050
v -310 2330 -2050
v -310 2340 -3050
v -310 2330 -3050
v -310 2340 -3050
v -310 2330 -3050
v 690 2340 -3050
v 690 2330 -3050
v 690 2340 -3050
v 690 2330 -3050
v 690 2340 -2050
v 690 2330 -2050
v 690 2340 -2050
v -310 2340 -2050
v -310 2340 -3050
v 690 2340 -3050
v 690 2330 -2050
v -310 2330 -2050
v -310 2330 -3050
v 690 2330 -3050
vt 0 0
vt 0 0.50248730182647705
vt 0.25 0
vt 0.25 0.50248730182647705
vt 0.25 0
vt 0.25 0.50248730182647705
vt 0.5 0
vt 0.5 0.50248730182647705
vt 0.5 0
vt 0.5 0.50248730182647705
vt 0.75 0
vt 0.75 0.50248730182647705
vt 0.75 0
vt 0.75 0.50248730182647705
vt 1 0
vt 1 0.50248730182647705
vt 0 1
vt 0.25 1
vt 0.25 0.50248783826828003
vt 0 0.50248783826828003
vt 0.75 0.50248783826828003
vt 1 0.50248783826828003
vt 1 1
vt 0.75 1
vn 0 0 1
vn 0 0 1
vn 0 0 1
vn 0 0 1
vn -1 0 0
vn -1 0 0
vn -1 0 0
vn -1 0 0
vn 0 0 -1
vn 0 0 -1
vn 0 0 -1
vn 0 0 -1
vn 1 0 0
vn 1 0 0
vn 1 0 0
vn 1 0 0
vn 0 1 0
vn 0 1 0
vn 0 1 0
vn 0 1 0
vn 0 -1 0
vn 0 -1 0
vn 0 -1 0
vn 0 -1 0
f 2297/2297/2297 2299/2299/2299 2300/2300/2300 2298/2298/2298
f 2301/2301/2301 2303/2303/2303 2304/2304/2304 2302/2302/2302
f 2305/2305/2305 2307/2307/2307 2308/2308/2308 2306/2306/2306
f 2309/2309/2309 2311/2311/2311 2312/2312/2312 2310/2310/2310
f 2314/2314/2314 2313/2313/2313 2316/2316/2316
f 2316/2316/2316 2315/2315/2315 2314/2314/2314
f 2318/2318/2318 2320/2320/2320 2317/2317/2317
f 2320/2320/2320 2318/2318/2318 2319/2319/2319
usemtl Default
v -330 2340 -2050
v -330 2330 -2050
v -1330 2340 -2050
v -1330 2330 -2050
v -1330 2340 -2050
v -1330 2330 -2050
v -1330 2340 -3050
v -1330 2330 -3050
v -1330 2340 -3050
v -1330 2330 -3050
v -330 2340 -3050
v -330 2330 -3050
v -330 2340 -3050
v -330 2330 -3050
v -330 2340 -2050
v -330 2330 -2050
v -330 2340 -2050
v -1330 2340 -2050
v -1330 2340 -3050
v -330 2340 -3050
v -330 2330 -2050
v -1330 2330 -2050
v -1330 2330 -3050
v -330 2330 -3050
vt 0 0
vt 0 0.50248730182647705
vt 0.25 0
vt 0.25 0.50248730182647705
vt 0.25 0
vt 0.25 0.50248730182647705
vt 0.5 0
vt 0.5 0.50248730182647705
vt 0.5 0
vt 0.5 0.50248730182647705
vt 0.75 0
vt 0.75 0.50248730182647705
vt 0.75 0
vt 0.75 0.50248730182647705
vt 1 0
vt 1 0.50248730182647705
vt 0 1
vt 0.25 1
vt 0.25 0.50248783826828003
vt 0 0.50248783826828003
vt 0.75 0.50248783826828003
vt 1 0.50248783826828003
vt 1 1
vt 0.75 1
vn 0 0 1
vn 0 0 1
vn 0 0 1
vn 0 0 1
vn -1 0 0
vn -1 0 0
vn -1 0 0
vn -1 0 0
vn 0 0 -1
vn 0 0 -1
vn 0 0 -1
vn 0 0 -1
vn 1 0 0
vn 1 0 0
vn 1 0 0
vn 1 0 0
vn 0 1 0
vn 0 1 0
vn 0 1 0
vn 0 1 0
vn 0 -1 0
vn 0 -1 0
vn 0 -1 0
vn 0 -1 0
f 2321/2321/2321 2323/2323/2323 2324/2324/2324 2322/2322/2322
f 2325/2325/2325 2327/2327/2327 2328/2328/2328 2326/2326/2326
f 2329/2329/2329 2331/2331/2331 2332/2332/2332 2330/2330/2330
f 2333/2333/2333 2335/2335/2335 2336/2336/2336 2334/2334/2334
f 2338/2338/2338 2337/2337/2337 2340/2340/2340
f 2340/2340/2340 2339/2339/2339 2338/2338/2338
f 2342/2342/2342 2344/2344/2344 2341/2341/2341
f 2344/2344/2344 2342/2342/2342 2343/2343/2343
usemtl Default
v -1350 2340 -2050
v -1350 2330 -2050
v -2350 2340 -2050
v -2350 2330 -2050
v -2350 2340 -2050
v -2350 2330 -2050
v -2350 2340 -3050
v -2350 2330 -3050
v -2350 2340 -3050
v -2350 2330 -3050
v -1350 2340 -3050
v -1350 2330 -3050
v -1350 2340 -3050
v -1350 2330 -3050
v -1350 2340 -2050
v -1350 2330 -2050
v -1350 2340 -2050
v -2350 2340 -2050
v -2350 2340 -3050
v -1350 2340 -3050
v -1350 2330 -2050
v -2350 2330 -2050
v -2350 2330 -3050
v -1350 2330 -3050
vt 0 0
vt 0 0.50248730182647705
vt 0.25 0
vt 0.25 0.50248730182647705
vt 0.25 0
vt 0.25 0.50248730182647705
vt 0.5 0
vt 0.5 0.50248730182647705
vt 0.5 0
vt 0.5 0.50248730182647705
vt 0.75 0
vt 0.75 0.50248730182647705
vt 0.75 0
vt 0.75 0.50248730182647705
vt 1 0
vt 1 0.50248730182647705
vt 0 1
vt 0.25 1
vt 0.25 0.50248783826828003
vt 0 0.50248783826828003
vt 0.75 0.50248783826828003
vt 1 0.50248783826828003
vt 1 1
vt 0.75 1
vn 0 0 1
vn 0 0 1
vn 0 0 1
vn 0 0 1
vn -1 0 0
vn -1 0 0
vn -1 0 0
vn -1 0 0
vn 0 0 -1
vn 0 0 -1
vn 0 0 -1
vn 0 0 -1
vn 1 0 0
vn 1 0 0
vn 1 0 0
vn 1 0 0
vn 0 1 0
vn 0 1 0
vn 0 1 0
vn 0 1 0
vn 0 -1 0
vn 0 -1 0
vn 0 -1 0
vn 0 -1 0
f 2345/2345/2345 2347/2347/2347 2348/2348/2348 2346/2346/2346
f 2349/2349/2349 2351/2351/2351 2352/2352/2352 2350/2350/2350
f 2353/2353/2353 2355/2355/2355 2356/2356/2356 2354/2354/2354
f 2357/2357/2357 2359/2359/2359 2360/2360/2360 2358/2358/2358
f 2362/2362/2362 2361/2361/2361 2364/2364/2364
f 2364/2364/2364 2363/2363/2363 2362/2362/2362
f 2366/2366/2366 2368/2368/2368 2365/2365/2365
f 2368/2368/2368 2366/2366/2366 2367/2367/2367
usemtl Default
v 2730 2340 -3070
v 2730 2330 -3070
v 1730 2340 -3070
v 1730 2330 -3070
v 1730 2340 -3070
v 1730 2330 -3070
v 1730 2340 -4070
v 1730 2330 -4070
v 1730 2340 -4070
v 1730 2330 -4070
v 2730 2340 -4070
v 2730 2330 -4070
v 2730 2340 -4070
v 2730 2330 -4070
v 2730 2340 -3070
v 2730 2330 -3070
v 2730 2340 -3070
v 1730 2340 -3070
v 1730 2340 -4070
v 2730 2340 -4070
v 2730 2330 -3070
v 1730 2330 -3070
v 1730 2330 -4070
v 2730 2330 -4070
vt 0 0
vt 0 0.50248730182647705
vt 0.25 0
vt 0.25 0.50248730182647705
vt 0.25 0
vt 0.25 0.50248730182647705
vt 0.5 0
vt 0.5 0.50248730182647705
vt 0.5 0
vt 0.5 0.50248730182647705
vt 0.75 0
vt 0.75 0.50248730182647705
vt 0.75 0
vt 0.75 0.50248730182647705
vt 1 0
vt 1 0.50248730182647705
vt 0 1
vt 0.25 1
vt 0.25 0.50248783826828003
vt 0 0.50248783826828003
vt 0.75 0.50248783826828003
vt 1 0.50248783826828003
vt 1 1
vt 0.75 1
vn 0 0 1
vn 0 0 1
vn 0 0 1
vn 0 0 1
vn -1 0 0
vn -1 0 0
vn -1 0 0
vn -1 0 0
vn 0 0 -1
vn 0 0 -1
vn 0 0 -1
vn 0 0 -1
vn 1 0 0
vn 1 0 0
vn 1 0 0
vn 1 0 0
vn 0 1 0
vn 0 1 0
vn 0 1 0
vn 0 1 0
vn 0 -1 0
vn 0 -1 0
vn 0 -1 0
vn 0 -1 0
f 2369/2369/2369 2371/2371/2371 2372/2372/2372 2370/2370/2370
f 2373/2373/2373 2375/2375/2375 2376/2376/2376 2374/2374/2374
f 2377/2377/2377 2379/2379/2379 2380/2380/2380 2378/2378/2378
f 2381/2381/2381 2383/2383/2383 2384/2384/2384 2382/2382/2382
f 2386/2386/2386 2385/2385/2385 2388/2388/2388
f 2388/2388/2388 2387/2387/2387 2386/2386/2386
f 2390/2390/2390 2392/2392/2392 2389/2389/2389
f 2392/2392/2392 2390/2390/2390 2391/2391/2391
usemtl Default
v 1710 2340 -3070
v 1710 2330 -3070
v 710 2340 -3070
v 710 2330 -3070
v 710 2340 -3070
v 710 2330 -3070
v 710 2340 -4070
v 710 2330 -4070
v 710 2340 -4070
v 710 2330 -4070
v 1710 2340 -4070
v 1710 2330 -4070
v 1710 2340 -4070
v 1710 2330 -4070
v 1710 2340 -3070
v 1710 2330 -3070
v 1710 2340 -3070
v 710 2340 -3070
v 710 2340 -4070
v 1710 2340 -4070
v 1710 2330 -3070
v 710 2330 -3070
v 710 2330 -4070
v 1710 2330 -4070
vt 0 0
vt 0 0.50248730182647705
vt 0.25 0
vt 0.25 0.50248730182647705
vt 0.25 0
vt 0.25 0.50248730182647705
vt 0.5 0
vt 0.5 0.50248730182647705
vt 0.5 0
vt 0.5 0.50248730182647705
vt 0.75 0
vt 0.75 0.50248730182647705
vt 0.75 0
vt 0.75 0.50248730182647705
vt 1 0
vt 1 0.50248730182647705
vt 0 1
vt 0.25 1
vt 0.25 0.50248783826828003
vt 0 0.50248783826828003
vt 0.75 0.50248783826828003
vt 1 0.50248783826828003
vt 1 1
vt 0.75 1
vn 0 0 1
vn 0 0 1
vn 0 0 1
vn 0 0 1
vn -1 0 0
vn -1 0 0
vn -1 0 0
vn -1 0 0
vn 0 0 -1
vn 0 0 -1
vn 0 0 -1
vn 0 0 -1
vn 1 0 0
vn 1 0 0
vn 1 0 0
vn 1 0 0
vn 0 1 0
vn 0 1 0
vn 0 1 0
vn 0 1 0
vn 0 -1 0
vn 0 -1 0
vn 0 -1 0
vn 0 -1 0
f 2393/2393/2393 2395/2395/2395 2396/2396/2396 2394/2394/2394
f 2397/2397/2397 2399/2399/2399 2400/2400/2400 2398/2398/2398
f 2401/2401/2401 2403/2403/2403 2404/2404/2404 2402/2402/2402
f 2405/2405/2405 2407/2407/2407 2408/2408/2408 2406/2406/2406
f 2410/2410/2410 2409/2409/2409 2412/2412/2412
f 2412/2412/2412 2411/2411/2411 2410/2410/2410
f 2414/2414/2414 2416/2416/2416 2413/2413/2413
f 2416/2416/2416 2414/2414/2414 2415/2415/2415
usemtl Default
v 690 2340 -3070
v 690 2330 -3070
v -310 2340 -3070
v -310 2330 -3070
v -310 2340 -3070
v -310 2330 -3070
v -310 2340 -4070
v -310 2330 -4070
v -310 2340 -4070
v -310 2330 -4070
v 690 2340 -4070
v 690 2330 -4070
v 690 2340 -4070
v 690 2330 -4070
v 690 2340 -3070
v 690 2330 -3070
v 690 2340 -3070
v -310 2340 -3070
v -310 2340 -4070
v 690 2340 -4070
v 690 2330 -3070
v -310 2330 -3070
v -310 2330 -4070
v 690 2330 -4070
vt 0 0
vt 0 0.50248730182647705
vt 0.25 0
vt 0.25 0.50248730182647705
vt 0.25 0
vt 0.25 0.50248730182647705
vt 0.5 0
vt 0.5 0.50248730182647705
vt 0.5 0
vt 0.5 0.50248730182647705
vt 0.75 0
vt 0.75 0.50248730182647705
vt 0.75 0
vt 0.75 0.50248730182647705
vt 1 0
vt 1 0.50248730182647705
vt 0 1
vt 0.25 1
vt 0.25 0.50248783826828003
vt 0 0.50248783826828003
vt 0.75 0.50248783826828003
vt 1 0.50248783826828003
vt 1 1
vt 0.75 1
vn 0 0 1
vn 0 0 1
vn 0 0 1
vn 0 0 1
vn -1 0 0
vn -1 0 0
vn -1 0 0
vn -1 0 0
vn 0 0 -1
vn 0 0 -1
vn 0 0 -1
vn 0 0 -1
vn 1 0 0
vn 1 0 0
vn 1 0 0
vn 1 0 0
vn 0 1 0
vn 0 1 0
vn 0 1 0
vn 0 1 0
vn 0 -1 0
vn 0 -1 0
vn 0 -1 0
vn 0 -1 0
f 2417/2417/2417 2419/2419/2419 2420/2420/2420 2418/2418/2418
f 2421/2421/2421 2423/2423/2423 2424/2424/2424 2422/2422/2422
f 2425/2425/2425 2427/2427/2427 2428/2428/2428 2426/2426/2426
f 2429/2429/2429 2431/2431/2431 2432/2432/2432 2430/2430/2430
f 2434/2434/2434 2433/2433/2433 2436/2436/2436
f 2436/2436/2436 2435/2435/2435 2434/2434/2434
f 2438/2438/2438 2440/2440/2440 2437/2437/2437
f 2440/2440/2440 2438/2438/2438 2439/2439/2439
usemtl Default
v -330 2340 -3070
v -330 2330 -3070
v -1330 2340 -3070
v -1330 2330 -3070
v -1330 2340 -3070
v -1330 2330 -3070
v -1330 2340 -4070
v -1330 2330 -4070
v -1330 2340 -4070
v -1330 2330 -4070
v -330 2340 -4070
v -330 2330 -4070
v -330 2340 -4070
v -330 2330 -4070
v -330 2340 -3070
v -330 2330 -3070
v -330 2340 -3070
v -1330 2340 -3070
v -1330 2340 -4070
v -330 2340 -4070
v -330 2330 -3070
v -1330 2330 -3070
v -1330 2330 -4070
v -330 2330 -4070
vt 0 0
vt 0 0.50248730182647705
vt 0.25 0
vt 0.25 0.50248730182647705
vt 0.25 0
vt 0.25 0.50248730182647705
vt 0.5 0
vt 0.5 0.50248730182647705
vt 0.5 0
vt 0.5 0.50248730182647705
vt 0.75 0
vt 0.75 0.50248730182647705
vt 0.75 0
vt 0.75 0.50248730182647705
vt 1 0
vt 1 0.50248730182647705
vt 0 1
vt 0.25 1
vt 0.25 0.50248783826828003
vt 0 0.50248783826828003
vt 0.75 0.50248783826828003
vt 1 0.50248783826828003
vt 1 1
vt 0.75 1
vn 0 0 1
vn 0 0 1
vn 0 0 1
vn 0 0 1
vn -1 0 0
vn -1 0 0
vn -1 0 0
vn -1 0 0
vn 0 0 -1
vn 0 0 -1
vn 0 0 -1
vn 0 0 -1
vn 1 0 0
vn 1 0 0
vn 1 0 0
vn 1 0 0
vn 0 1 0
vn 0 1 0
vn 0 1 0
vn 0 1 0
vn 0 -1 0
vn 0 -1 0
vn 0 -1 0
vn 0 -1 0
f 2441/2441/2441 2443/2443/2443 2444/2444/2444 2442/2442/2442
f 2445/2445/2445 2447/2447/2447 2448/2448/2448 2446/2446/2446
f 2449/2449/2449 2451/2451/2451 2452/2452/2452 2450/2450/2450
f 2453/2453/2453 2455/2455/2455 2456/2456/2456 2454/2454/2454
f 2458/2458/2458 2457/2457/2457 2460/2460/2460
f 2460/2460/2460 2459/2459/2459 2458/2458/2458
f 2462/2462/2462 2464/2464/2464 2461/2461/2461
f 2464/2464/2464 2462/2462/2462 2463/2463/2463
usemtl Default
v -1350 2340 -3070
v -1350 2330 -3070
v -2350 2340 -3070
v -2350 2330 -3070
v -2350 2340 -3070
v -2350 2330 -3070
v -2350 2340 -4070
v -2350 2330 -4070
v -2350 2340 -4070
v -2350 2330 -4070
v -1350 2340 -4070
v -1350 2330 -4070
v -1350 2340 -4070
v -1350 2330 -4070
v -1350 2340 -3070
v -1350 2330 -3070
v -1350 2340 -3070
v -2350 2340 -3070
v -2350 2340 -4070
v -1350 2340 -4070
v -1350 2330 -3070
v -2350 2330 -3070
v -2350 2330 -4070
v -1350 2330 -4070
vt 0 0
vt 0 0.50248730182647705
vt 0.25 0
vt 0.25 0.50248730182647705
vt 0.25 0
vt 0.25 0.50248730182647705
vt 0.5 0
vt 0.5 0.50248730182647705
vt 0.5 0
vt 0.5 0.50248730182647705
vt 0.75 0
vt 0.75 0.50248730182647705
vt 0.75 0
vt 0.75 0.50248730182647705
vt 1 0
vt 1 0.50248730182647705
vt 0 1
vt 0.25 1
vt 0.25 0.50248783826828003
vt 0 0.50248783826828003
vt 0.75 0.50248783826828003
vt 1 0.50248783826828003
vt 1 1
vt 0.75 1
vn 0 0 1
vn 0 0 1
vn 0 0 1
vn 0 0 1
vn -1 0 0
vn -1 0 0
vn -1 0 0
vn -1 0 0
vn 0 0 -1
vn 0 0 -1
vn 0 0 -1
vn 0 0 -1
vn 1 0 0
vn 1 0 0
vn 1 0 0
vn 1 0 0
vn 0 1 0
vn 0 1 0
vn 0 1 0
vn 0 1 0
vn 0 -1 0
vn 0 -1 0
vn 0 -1 0
vn 0 -1 0
f 2465/2465/2465 2467/2467/2467 2468/2468/2468 2466/2466/2466
f 2469/2469/2469 2471/2471/2471 2472/2472/2472 2470/2470/2470
f 2473/2473/2473 2475/2475/2475 2476/2476/2476 2474/2474/2474
f 2477/2477/2477 2479/2479/2479 2480/2480/2480 2478/2478/2478
f 2482/2482/2482 2481/2481/2481 2484/2484/2484
f 2484/2484/2484 2483/2483/2483 2482/2482/2482
f 2486/2486/2486 2488/2488/2488 2485/2485/2485
f 2488/2488/2488 2486/2486/2486 2487/2487/2487
usemtl Default
v 2730 2340 -4090
v 2730 2330 -4090
v 1730 2340 -4090
v 1730 2330 -4090
v 1730 2340 -4090
v 1730 2330 -4090
v 1730 2340 -5090
v 1730 2330 -5090
v 1730 2340 -5090
v 1730 2330 -5090
v 2730 2340 -5090
v 2730 2330 -5090
v 2730 2340 -5090
v 2730 2330 -5090
v 2730 2340 -4090
v 2730 2330 -4090
v 2730 2340 -4090
v 1730 2340 -4090
v 1730 2340 -5090
v 2730 2340 -5090
v 2730 2330 -4090
v 1730 2330 -4090
v 1730 2330 -5090
v 2730 2330 -5090
vt 0 0
vt 0 0.50248730182647705
vt 0.25 0
vt 0.25 0.50248730182647705
vt 0.25 0
vt 0.25 0.50248730182647705
vt 0.5 0
vt 0.5 0.50248730182647705
vt 0.5 0
vt 0.5 0.50248730182647705
vt 0.75 0
vt 0.75 0.50248730182647705
vt 0.75 0
vt 0.75 0.50248730182647705
vt 1 0
vt 1 0.50248730182647705
vt 0 1
vt 0.25 1
vt 0.25 0.50248783826828003
vt 0 0.50248783826828003
vt 0.75 0.50248783826828003
vt 1 0.50248783826828003
vt 1 1
vt 0.75 1
vn 0 0 1
vn 0 0 1
vn 0 0 1
vn 0 0 1
vn -1 0 0
vn -1 0 0
vn -1 0 0
vn -1 0 0
vn 0 0 -1
vn 0 0 -1
vn 0 0 -1
vn 0 0 -1
vn 1 0 0
vn 1 0 0
vn 1 0 0
vn 1 0 0
vn 0 1 0
vn 0 1 0
vn 0 1 0
vn 0 1 0
vn 0 -1 0
vn 0 -1 0
vn 0 -1 0
vn 0 -1 0
f 2489/2489/2489 2491/2491/2491 2492/2492/2492 2490/2490/2490
f 2493/2493/2493 2495/2495/2495 2496/2496/2496 2494/2494/2494
f 2497/2497/2497 2499/2499/2499 2500/2500/2500 2498/2498/2498
f 2501/2501/2501 2503/2503/2503 2504/2504/2504 2502/2502/2502
f 2506/2506/2506 2505/2505/2505 2508/2508/2508
f 2508/2508/2508 2507/2507/2507 2506/2506/2506
f 2510/2510/2510 2512/2512/2512 2509/2509/2509
f 2512/2512/2512 2510/2510/2510 2511/2511/2511
usemtl Default
v 1710 2340 -4090
v 1710 2330 -4090
v 710 2340 -4090
v 710 2330 -4090
v 710 2340 -4090
v 710 2330 -4090
v 710 2340 -5090
v 710 2330 -5090
v 710 2340 -5090
v 710 2330 -5090
v 1710 2340 -5090
v 1710 2330 -5090
v 1710 2340 -5090
v 1710 2330 -5090
v 1710 2340 -4090
v 1710 2330 -4090
v 1710 2340 -4090
v 710 2340 -4090
v 710 2340 -5090
v 1710 2340 -5090
v 1710 2330 -4090
v 710 2330 -4090
v 710 2330 -5090
v 1710 2330 -5090
vt 0 0
vt 0 0.50248730182647705
vt 0.25 0
vt 0.25 0.50248730182647705
vt 0.25 0
vt 0.25 0.50248730182647705
vt 0.5 0
vt 0.5 0.50248730182647705
vt 0.5 0
vt 0.5 0.50248730182647705
vt 0.75 0
vt 0.75 0.50248730182647705
vt 0.75 0
vt 0.75 0.50248730182647705
vt 1 0
vt 1 0.50248730182647705
vt 0 1
vt 0.25 1
vt 0.25 0.50248783826828003
vt 0 0.50248783826828003
vt 0.75 0.50248783826828003
vt 1 0.50248783826828003
vt 1 1
vt 0.75 1
vn 0 0 1
vn 0 0 1
vn 0 0 1
vn 0 0 1
vn -1 0 0
vn -1 0 0
vn -1 0 0
vn -1 0 0
vn 0 0 -1
vn 0 0 -1
vn 0 0 -1
vn 0 0 -1
vn 1 0 0
vn 1 0 0
vn 1 0 0
vn 1 0 0
vn 0 1 0
vn 0 1 0
vn 0 1 0
vn 0 1 0
vn 0 -1 0
vn 0 -1 0
vn 0 -1 0
vn 0 -1 0
f 2513/2513/2513 2515/2515/2515 2516/2516/2516 2514/2514/2514
f 2517/2517/2517 2519/2519/2519 2520/2520/2520 2518/2518/2518
f 2521/2521/2521 2523/2523/2523 2524/2524/2524 2522/2522/2522
f 2525/2525/2525 2527/2527/2527 2528/2528/2528 2526/2526/2526
f 2530/2530/2530 2529/2529/2529 2532/2532/2532
f 2532/2532/2532 2531/2531/2531 2530/2530/2530
f 2534/2534/2534 2536/2536/2536 2533/2533/2533
f 2536/2536/2536 2534/2534/2534 2535/2535/2535
usemtl Default
v 690 2340 -4090
v 690 2330 -4090
v -310 2340 -4090
v -310 2330 -4090
v -310 2340 -4090
v -310 2330 -4090
v -310 2340 -5090
v -310 2330 -5090
v -310 2340 -5090
v -310 2330 -5090
v 690 2340 -5090
v 690 2330 -5090
v 690 2340 -5090
v 690 2330 -5090
v 690 2340 -4090
v 690 2330 -4090
v 690 2340 -4090
v -310 2340 -4090
v -310 2340 -5090
v 690 2340 -5090
v 690 2330 -4090
v -310 2330 -4090
v -310 2330 -5090
v 690 2330 -5090
vt 0 0
vt 0 0.50248730182647705
vt 0.25 0
vt 0.25 0.50248730182647705
vt 0.25 0
vt 0.25 0.50248730182647705
vt 0.5 0
vt 0.5 0.50248730182647705
vt 0.5 0
vt 0.5 0.50248730182647705
vt 0.75 0
vt 0.75 0.50248730182647705
vt 0.75 0
vt 0.75 0.50248730182647705
vt 1 0
vt 1 0.50248730182647705
vt 0 1
vt 0.25 1
vt 0.25 0.50248783826828003
vt 0 0.50248783826828003
vt 0.75 0.50248783826828003
vt 1 0.50248783826828003
vt 1 1
vt 0.75 1
vn 0 0 1
vn 0 0 1
vn 0 0 1
vn 0 0 1
vn -1 0 0
vn -1 0 0
vn -1 0 0
vn -1 0 0
vn 0 0 -1
vn 0 0 -1
vn 0 0 -1
vn 0 0 -1
vn 1 0 0
vn 1 0 0
vn 1 0 0
vn 1 0 0
vn 0 1 0
vn 0 1 0
vn 0 1 0
vn 0 1 0
vn 0 -1 0
vn 0 -1 0
vn 0 -1 0
vn 0 -1 0
f 2537/2537/2537 2539/2539/2539 2540/2540/2540 2538/2538/2538
f 2541/2541/2541 2543/2543/2543 2544/2544/2544 2542/2542/2542
f 2545/2545/2545 2547/2547/2547 2548/2548/2548 2546/2546/2546
f 2549/2549/2549 2551/2551/2551 2552/2552/2552 2550/2550/2550
f 2554/2554/2554 2553/2553/2553 2556/2556/2556
f 2556/2556/2556 2555/2555/2555 2554/2554/2554
f 2558/2558/2558 2560/2560/2560 2557/2557/2557
f 2560/2560/2560 2558/2558/2558 2559/2559/2559
usemtl Default
v -330 2340 -4090
v -330 2330 -4090
v -1330 2340 -4090
v -1330 2330 -4090
v -1330 2340 -4090
v -1330 2330 -4090
v -1330 2340 -5090
v -1330 2330 -5090
v -1330 2340 -5090
v -1330 2330 -5090
v -330 2340 -5090
v -330 2330 -5090
v -330 2340 -5090
v -330 2330 -5090
v -330 2340 -4090
v -330 2330 -4090
v -330 2340 -4090
v -1330 2340 -4090
v -1330 2340 -5090
v -330 2340 -5090
v -330 2330 -4090
v -1330 2330 -4090
v -1330 2330 -5090
v -330 2330 -5090
vt 0 0
vt 0 0.50248730182647705
vt 0.25 0
vt 0.25 0.50248730182647705
vt 0.25 0
vt 0.25 0.50248730182647705
vt 0.5 0
vt 0.5 0.50248730182647705
vt 0.5 0
vt 0.5 0.50248730182647705
vt 0.75 0
vt 0.75 0.50248730182647705
vt 0.75 0
vt 0.75 0.50248730182647705
vt 1 0
vt 1 0.50248730182647705
vt 0 1
vt 0.25 1
vt 0.25 0.50248783826828003
vt 0 0.50248783826828003
vt 0.75 0.50248783826828003
vt 1 0.50248783826828003
vt 1 1
vt 0.75 1
vn 0 0 1
vn 0 0 1
vn 0 0 1
vn 0 0 1
vn -1 0 0
vn -1 0 0
vn -1 0 0
vn -1 0 0
vn 0 0 -1
vn 0 0 -1
vn 0 0 -1
vn 0 0 -1
vn 1 0 0
vn 1 0 0
vn 1 0 0
vn 1 0 0
vn 0 1 0
vn 0 1 0
vn 0 1 0
vn 0 1 0
vn 0 -1 0
vn 0 -1 0
vn 0 -1 0
vn 0 -1 0
f 2561/2561/2561 2563/2563/2563 2564/2564/2564 2562/2562/2562
f 2565/2565/2565 2567/2567/2567 2568/2568/2568 2566/2566/2566
f 2569/2569/2569 2571/2571/2571 2572/2572/2572 2570/2570/2570
f 2573/2573/2573 2575/2575/2575 2576/2576/2576 2574/2574/2574
f 2578/2578/2578 2577/2577/2577 2580/2580/2580
f 2580/2580/2580 2579/2579/2579 2578/2578/2578
f 2582/2582/2582 2584/2584/2584 2581/2581/2581
f 2584/2584/2584 2582/2582/2582 2583/2583/2583
usemtl Default
v -1350 2340 -4090
v -1350 2330 -4090
v -2350 2340 -4090
v -2350 2330 -4090
v -2350 2340 -4090
v -2350 2330 -4090
v -2350 2340 -5090
v -2350 2330 -5090
v -2350 2340 -5090
v -2350 2330 -5090
v -1350 2340 -5090
v -1350 2330 -5090
v -1350 2340 -5090
v -1350 2330 -5090
v -1350 2340 -4090
v -1350 2330 -4090
v -1350 2340 -4090
v -2350 2340 -4090
v -2350 2340 -5090
v -1350 2340 -5090
v -1350 2330 -4090
v -2350 2330 -4090
v -2350 2330 -5090
v -1350 2330 -5090
vt 0 0
vt 0 0.50248730182647705
vt 0.25 0
vt 0.25 0.50248730182647705
vt 0.25 0
vt 0.25 0.50248730182647705
vt 0.5 0
vt 0.5 0.50248730182647705
vt 0.5 0
vt 0.5 0.50248730182647705
vt 0.75 0
vt 0.75 0.50248730182647705
vt 0.75 0
vt 0.75 0.50248730182647705
vt 1 0
vt 1 0.50248730182647705
vt 0 1
vt 0.25 1
vt 0.25 0.50248783826828003
vt 0 0.50248783826828003
vt 0.75 0.50248783826828003
vt 1 0.50248783826828003
vt 1 1
vt 0.75 1
vn 0 0 1
vn 0 0 1
vn 0 0 1
vn 0 0 1
vn -1 0 0
vn -1 0 0
vn -1 0 0
vn -1 0 0
vn 0 0 -1
vn 0 0 -1
vn 0 0 -1
vn 0 0 -1
vn 1 0 0
vn 1 0 0
vn 1 0 0
vn 1 0 0
vn 0 1 0
vn 0 1 0
vn 0 1 0
vn 0 1 0
vn 0 -1 0
vn 0 -1 0
vn 0 -1 0
vn 0 -1 0
f 2585/2585/2585 2587/2587/2587 2588/2588/2588 2586/2586/2586
f 2589/2589/2589 2591/2591/2591 2592/2592/2592 2590/2590/2590
f 2593/2593/2593 2595/2595/2595 2596/2596/2596 2594/2594/2594
f 2597/2597/2597 2599/2599/2599 2600/2600/2600 2598/2598/2598
f 2602/2602/2602 2601/2601/2601 2604/2604/2604
f 2604/2604/2604 2603/2603/2603 2602/2602/2602
f 2606/2606/2606 2608/2608/2608 2605/2605/2605
f 2608/2608/2608 2606/2606/2606 2607/2607/2607
usemtl Default
v 2730 2340 -5110
v 2730 2330 -5110
v 1730 2340 -5110
v 1730 2330 -5110
v 2686.521728515625 2340 -5110
v 2643.04345703125 2340 -5110
v 2599.565185546875 2340 -5110
v 2556.0869140625 2340 -5110
v 2512.608642578125 2340 -5110
v 2469.13037109375 2340 -5110
v 2425.652099609375 2340 -5110
v 2382.173828125 2340 -5110
v 2338.695556640625 2340 -5110
v 2295.21728515625 2340 -5110
v 2251.739013671875 2340 -5110
v 2208.260986328125 2340 -5110
v 2164.78271484375 2340 -5110
v 2121.304443359375 2340 -5110
v 2077.826171875 2340 -5110
v 2034.3477783203125 2340 -5110
v 1990.8695068359375 2340 -5110
v 1947.391357421875 2340 -5110
v 1903.9130859375 2340 -5110
v 1860.434814453125 2340 -5110
v 1816.95654296875 2340 -5110
v 1773.478271484375 2340 -5110
v 1773.478271484375 2330 -5110
v 1816.95654296875 2330 -5110
v 1860.434814453125 2330 -5110
v 1903.9130859375 2330 -5110
v 1947.391357421875 2330 -5110
v 1990.8695068359375 2330 -5110
v 2034.3477783203125 2330 -5110
v 2077.826171875 2330 -5110
v 2121.304443359375 2330 -5110
v 2164.78271484375 2330 -5110
v 2208.260986328125 2330 -5110
v 2251.739013671875 2330 -5110
v 2295.21728515625 2330 -5110
v 2338.695556640625 2330 -5110
v 2382.173828125 2330 -5110
v 2425.652099609375 2330 -5110
v 2469.13037109375 2330 -5110
v 2512.608642578125 2330 -5110
v 2556.0869140625 2330 -5110
v 2599.565185546875 2330 -5110
v 2643.04345703125 2330 -5110
v 2686.521728515625 2330 -5110
v 1730 2340 -5110
v 1730 2330 -5110
v 1730 2330 -5284
v 1730 2340 -5980
v 1730 2340 -5153.5
v 1730 2340 -5197
v 1730 2340 -5240.5
v 1730 2340 -5284
v 1730 2340 -5327.5
v 1730 2340 -5371
v 1730 2340 -5414.5
v 1730 2340 -5458
v 1730 2340 -5501.5
v 1730 2340 -5545
v 1730 2340 -5588.5
v 1730 2340 -5632
v 1730 2340 -5675.5
v 1730 2340 -5719
v 1730 2340 -5762.5
v 1730 2340 -5806
v 1730 2340 -5849.5
v 1730 2340 -5893
v 1730 2340 -5936.5
v 1730 2330 -5980
v 1730 2330 -5936.5
v 1730 2330 -5893
v 1730 2330 -5849.5
v 1730 2330 -5806
v 1730 2330 -5762.5
v 1730 2330 -5719
v 1730 2330 -5675.5
v 1730 2330 -5632
v 1730 2330 -5588.5
v 1730 2330 -5545
v 1730 2330 -5501.5
v 1730 2330 -5458
v 1730 2330 -5414.5
v 1730 2330 -5371
v 1730 2330 -5327.5
v 1730 2330 -5240.5
v 1730 2330 -5197
v 1730 2330 -5153.5
v 2730 2330 -5980
v 2730 2330 -5632
v 2730 2340 -5458
v 2730 2330 -5458
v 2730 2340 -5110
v 2730 2330 -5110
v 2730 2340 -5980
v 2730 2340 -5936.5
v 2730 2340 -5893
v 2730 2340 -5849.5
v 2730 2340 -5806
v 2730 2340 -5762.5
v 2730 2340 -5719
v 2730 2340 -5675.5
v 2730 2340 -5632
v 2730 2340 -5588.5
v 2730 2340 -5545
v 2730 2340 -5501.5
v 2730 2340 -5414.5
v 2730 2340 -5371
v 2730 2340 -5327.5
v 2730 2340 -5284
v 2730 2340 -5240.5
v 2730 2340 -5197
v 2730 2340 -5153.5
v 2730 2330 -5153.5
v 2730 2330 -5197
v 2730 2330 -5240.5
v 2730 2330 -5284
v 2730 2330 -5327.5
v 2730 2330 -5371
v 2730 2330 -5414.5
v 2730 2330 -5501.5
v 2730 2330 -5545
v 2730 2330 -5588.5
v 2730 2330 -5675.5
v 2730 2330 -5719
v 2730 2330 -5762.5
v 2730 2330 -5806
v 2730 2330 -5849.5
v 2730 2330 -5893
v 2730 2330 -5936.5
v 2730 2340 -5110
v 1730 2340 -5110
v 1730 2340 -5980
v 2686.521728515625 2340 -5110
v 2643.04345703125 2340 -5110
v 2599.565185546875 2340 -5110
v 2556.0869140625 2340 -5110
v 2512.608642578125 2340 -5110
v 2469.13037109375 2340 -5110
v 2425.652099609375 2340 -5110
v 2382.173828125 2340 -5110
v 2338.695556640625 2340 -5110
v 2295.21728515625 2340 -5110
v 2251.739013671875 2340 -5110
v 2208.260986328125 2340 -5110
v 2164.78271484375 2340 -5110
v 2121.304443359375 2340 -5110
v 2077.826171875 2340 -5110
v 2034.3477783203125 2340 -5110
v 1990.8695068359375 2340 -5110
v 1947.391357421875 2340 -5110
v 1903.9130859375 2340 -5110
v 1860.434814453125 2340 -5110
v 1816.95654296875 2340 -5110
v 1773.478271484375 2340 -5110
v 2230 2340 -5545
v 2230 2340 -5327.5
v 2480 2340 -5545
v 2480 2340 -5327.5
v 2480 2340 -5218.75
v 2605 2340 -5327.5
v 2605 2340 -5218.75
v 2230 2340 -5218.75
v 2355 2340 -5327.5
v 2355 2340 -5218.75
v 1980 2340 -5545
v 1980 2340 -5327.5
v 1980 2340 -5218.75
v 2105 2340 -5327.5
v 2105 2340 -5218.75
v 1855 2340 -5327.5
v 1855 2340 -5218.75
v 1730 2340 -5153.5
v 1730 2340 -5197
v 1730 2340 -5240.5
v 1730 2340 -5284
v 1730 2340 -5327.5
v 1730 2340 -5371
v 1730 2340 -5414.5
v 1730 2340 -5458
v 1730 2340 -5501.5
v 1730 2340 -5545
v 1730 2340 -5588.5
v 1730 2340 -5632
v 1730 2340 -5675.5
v 1730 2340 -5719
v 1730 2340 -5762.5
v 1730 2340 -5806
v 1730 2340 -5849.5
v 1730 2340 -5893
v 1730 2340 -5936.5
v 1855 2340 -5545
v 1980 2340 -5436.25
v 1855 2340 -5436.25
v 2230 2340 -5762.5
v 1980 2340 -5762.5
v 1855 2340 -5762.5
v 1980 2340 -5653.75
v 1855 2340 -5653.75
v 1980 2340 -5871.25
v 1855 2340 -5871.25
v 1773.478271484375 2340 -5980
v 1816.95654296875 2340 -5980
v 1860.434814453125 2340 -5980
v 1903.9130859375 2340 -5980
v 1947.391357421875 2340 -5980
v 1990.8695068359375 2340 -5980
v 2034.3477783203125 2340 -5980
v 2077.826171875 2340 -5980
v 2121.304443359375 2340 -5980
v 2164.78271484375 2340 -5980
v 2208.260986328125 2340 -5980
v 2251.739013671875 2340 -5980
v 2295.21728515625 2340 -5980
v 2338.695556640625 2340 -5980
v 2382.173828125 2340 -5980
v 2425.652099609375 2340 -5980
v 2469.13037109375 2340 -5980
v 2512.608642578125 2340 -5980
v 2556.0869140625 2340 -5980
v 2599.565185546875 2340 -5980
v 2643.04345703125 2340 -5980
v 2686.521728515625 2340 -5980
v 2230 2340 -5871.25
v 2105 2340 -5762.5
v 2105 2340 -5871.25
v 2480 2340 -5762.5
v 2480 2340 -5871.25
v 2355 2340 -5762.5
v 2355 2340 -5871.25
v 2605 2340 -5762.5
v 2605 2340 -5871.25
v 2730 2340 -5980
v 2730 2340 -5936.5
v 2730 2340 -5893
v 2730 2340 -5849.5
v 2730 2340 -5806
v 2730 2340 -5762.5
v 2730 2340 -5719
v 2730 2340 -5675.5
v 2730 2340 -5632
v 2730 2340 -5588.5
v 2730 2340 -5545
v 2730 2340 -5501.5
v 2730 2340 -5458
v 2730 2340 -5414.5
v 2730 2340 -5371
v 2730 2340 -5327.5
v 2730 2340 -5284
v 2730 2340 -5240.5
v 2730 2340 -5197
v 2730 2340 -5153.5
v 2480 2340 -5653.75
v 2605 2340 -5545
v 2605 2340 -5653.75
v 2480 2340 -5436.25
v 2605 2340 -5436.25
v 2730 2330 -5110
v 2730 2330 -5980
v 1730 2330 -5110
v 2686.521728515625 2330 -5110
v 2643.04345703125 2330 -5110
v 2599.565185546875 2330 -5110
v 2556.0869140625 2330 -5110
v 2512.608642578125 2330 -5110
v 2469.13037109375 2330 -5110
v 2425.652099609375 2330 -5110
v 2382.173828125 2330 -5110
v 2338.695556640625 2330 -5110
v 2295.21728515625 2330 -5110
v 2251.739013671875 2330 -5110
v 2208.260986328125 2330 -5110
v 2164.78271484375 2330 -5110
v 2121.304443359375 2330 -5110
v 2077.826171875 2330 -5110
v 2034.3477783203125 2330 -5110
v 1990.8695068359375 2330 -5110
v 1947.391357421875 2330 -5110
v 1903.9130859375 2330 -5110
v 1860.434814453125 2330 -5110
v 1816.95654296875 2330 -5110
v 1773.478271484375 2330 -5110
v 2230 2330 -5545
v 2230 2330 -5327.5
v 2480 2330 -5545
v 2480 2330 -5327.5
v 2480 2330 -5218.75
v 2605 2330 -5327.5
v 2605 2330 -5218.75
v 2230 2330 -5218.75
v 2355 2330 -5327.5
v 2355 2330 -5218.75
v 1980 2330 -5545
v 1980 2330 -5327.5
v 1980 2330 -5218.75
v 2105 2330 -5327.5
v 2105 2330 -5218.75
v 1855 2330 -5327.5
v 1855 2330 -5218.75
v 1730 2330 -5153.5
v 1730 2330 -5197
v 1730 2330 -5240.5
v 1730 2330 -5284
v 1730 2330 -5327.5
v 1730 2330 -5371
v 1730 2330 -5414.5
v 1730 2330 -5458
v 1730 2330 -5501.5
v 1730 2330 -5545
v 1730 2330 -5588.5
v 1730 2330 -5632
v 1730 2330 -5675.5
v 1730 2330 -5719
v 1730 2330 -5762.5
v 1730 2330 -5806
v 1730 2330 -5849.5
v 1730 2330 -5893
v 1730 2330 -5936.5
v 1855 2330 -5545
v 1980 2330 -5436.25
v 1855 2330 -5436.25
v 2230 2330 -5762.5
v 1980 2330 -5762.5
v 1855 2330 -5762.5
v 1980 2330 -5653.75
v 1855 2330 -5653.75
v 1980 2330 -5871.25
v 1855 2330 -5871.25
v 1730 2330 -5980
v 1773.478271484375 2330 -5980
v 1816.95654296875 2330 -5980
v 1860.434814453125 2330 -5980
v 1903.9130859375 2330 -5980
v 1947.391357421875 2330 -5980
v 1990.8695068359375 2330 -5980
v 2034.3477783203125 2330 -5980
v 2077.826171875 2330 -5980
v 2121.304443359375 2330 -5980
v 2164.78271484375 2330 -5980
v 2208.260986328125 2330 -5980
v 2251.739013671875 2330 -5980
v 2295.21728515625 2330 -5980
v 2338.695556640625 2330 -5980
v 2382.173828125 2330 -5980
v 2425.652099609375 2330 -5980
v 2469.13037109375 2330 -5980
v 2512.608642578125 2330 -5980
v 2556.0869140625 2330 -5980
v 2599.565185546875 2330 -5980
v 2643.04345703125 2330 -5980
v 2686.521728515625 2330 -5980
v 2230 2330 -5871.25
v 2105 2330 -5762.5
v 2105 2330 -5871.25
v 2480 2330 -5762.5
v 2480 2330 -5871.25
v 2355 2330 -5762.5
v 2355 2330 -5871.25
v 2605 2330 -5762.5
v 2605 2330 -5871.25
v 2730 2330 -5936.5
v 2730 2330 -5893
v 2730 2330 -5849.5
v 2730 2330 -5806
v 2730 2330 -5762.5
v 2730 2330 -5719
v 2730 2330 -5675.5
v 2730 2330 -5632
v 2730 2330 -5588.5
v 2730 2330 -5545
v 2730 2330 -5501.5
v 2730 2330 -5458
v 2730 2330 -5414.5
v 2730 2330 -5371
v 2730 2330 -5327.5
v 2730 2330 -5284
v 2730 2330 -5240.5
v 2730 2330 -5197
v 2730 2330 -5153.5
v 2480 2330 -5653.75
v 2605 2330 -5545
v 2605 2330 -5653.75
v 2480 2330 -5436.25
v 2605 2330 -5436.25
v 1730 2340 -5980
v 2730 2330 -5980
v 2730 2340 -5980
v 2686.521728515625 2340 -5980
v 2643.04345703125 2340 -5980
v 2599.565185546875 2340 -5980
v 2556.0869140625 2340 -5980
v 2512.608642578125 2340 -5980
v 2469.13037109375 2340 -5980
v 2425.652099609375 2340 -5980
v 2382.173828125 2340 -5980
v 2338.695556640625 2340 -5980
v 2295.21728515625 2340 -5980
v 2251.739013671875 2340 -5980
v 2208.260986328125 2340 -5980
v 2164.78271484375 2340 -5980
v 2121.304443359375 2340 -5980
v 2077.826171875 2340 -5980
v 2034.3477783203125 2340 -5980
v 1990.8695068359375 2340 -5980
v 1947.391357421875 2340 -5980
v 1903.9130859375 2340 -5980
v 1860.434814453125 2340 -5980
v 1816.95654296875 2340 -5980
v 1773.478271484375 2340 -5980
v 1730 2330 -5980
v 1773.478271484375 2330 -5980
v 1816.95654296875 2330 -5980
v 1860.434814453125 2330 -5980
v 1903.9130859375 2330 -5980
v 1947.391357421875 2330 -5980
v 1990.8695068359375 2330 -5980
v 2034.3477783203125 2330 -5980
v 2077.826171875 2330 -5980
v 2121.304443359375 2330 -5980
v 2164.78271484375 2330 -5980
v 2208.260986328125 2330 -5980
v 2251.739013671875 2330 -5980
v 2295.21728515625 2330 -5980
v 2338.695556640625 2330 -5980
v 2382.173828125 2330 -5980
v 2425.652099609375 2330 -5980
v 2469.13037109375 2330 -5980
v 2512.608642578125 2330 -5980
v 2556.0869140625 2330 -5980
v 2599.565185546875 2330 -5980
v 2643.04345703125 2330 -5980
v 2686.521728515625 2330 -5980
vt 0.017241379246115685 0
vt 0.01149425283074379 0
vt 0.017241379246115685 0.57471263408660889
vt 0.01149425283074379 0.57471263408660889
vt 0.017241379246115685 0.024987507611513138
vt 0.017241379246115685 0.049975015223026276
vt 0.017241379246115685 0.074962519109249115
vt 0.017241379246115685 0.099950030446052551
vt 0.017241379246115685 0.12493752688169479
vt 0.017241379246115685 0.14992503821849823
vt 0.017241379246115685 0.17491254210472107
vt 0.017241379246115685 0.1999000608921051
vt 0.017241379246115685 0.22488754987716675
vt 0.017241379246115685 0.24987505376338959
vt 0.017241379246115685 0.27486255764961243
vt 0.017241379246115685 0.29985007643699646
vt 0.017241379246115685 0.32483756542205811
vt 0.017241379246115685 0.34982508420944214
vt 0.017241379246115685 0.37481260299682617
vt 0.017241379246115685 0.39980012178421021
vt 0.017241379246115685 0.42478761076927185
vt 0.017241379246115685 0.4497750997543335
vt 0.017241379246115685 0.47476261854171753
vt 0.017241379246115685 0.49975010752677917
vt 0.017241379246115685 0.5247376561164856
vt 0.017241379246115685 0.54972511529922485
vt 0.01149425283074379 0.54972511529922485
vt 0.01149425283074379 0.5247376561164856
vt 0.01149425283074379 0.49975010752677917
vt 0.01149425283074379 0.47476261854171753
vt 0.01149425283074379 0.4497750997543335
vt 0.01149425283074379 0.42478761076927185
vt 0.01149425283074379 0.39980012178421021
vt 0.01149425283074379 0.37481260299682617
vt 0.01149425283074379 0.34982508420944214
vt 0.01149425283074379 0.32483756542205811
vt 0.01149425283074379 0.29985007643699646
vt 0.01149425283074379 0.27486255764961243
vt 0.01149425283074379 0.24987505376338959
vt 0.01149425283074379 0.22488754987716675
vt 0.01149425283074379 0.1999000608921051
vt 0.01149425283074379 0.17491254210472107
vt 0.01149425283074379 0.14992503821849823
vt 0.01149425283074379 0.12493752688169479
vt 0.01149425283074379 0.099950030446052551
vt 0.01149425283074379 0.074962519109249115
vt 0.01149425283074379 0.049975015223026276
vt 0.01149425283074379 0.024987507611513138
vt 0.01149425283074379 0
vt 0.0057471264153718948 0
vt 0.0057471264153718948 0.10000000149011612
vt 0.01149425283074379 0.5
vt 0.01149425283074379 0.02500000037252903
vt 0.01149425283074379 0.05000000074505806
vt 0.01149425283074379 0.075000002980232239
vt 0.01149425283074379 0.10000000149011612
vt 0.01149425283074379 0.125
vt 0.01149425283074379 0.15000000596046448
vt 0.01149425283074379 0.17499999701976776
vt 0.01149425283074379 0.20000000298023224
vt 0.01149425283074379 0.22499999403953552
vt 0.01149425283074379 0.25
vt 0.01149425283074379 0.27500000596046448
vt 0.01149425283074379 0.30000001192092896
vt 0.01149425283074379 0.32499998807907104
vt 0.01149425283074379 0.34999999403953552
vt 0.01149425283074379 0.375
vt 0.01149425283074379 0.40000000596046448
vt 0.01149425283074379 0.42500001192092896
vt 0.01149425283074379 0.44999998807907104
vt 0.01149425283074379 0.47499999403953552
vt 0.0057471264153718948 0.5
vt 0.0057471264153718948 0.47499999403953552
vt 0.0057471264153718948 0.44999998807907104
vt 0.0057471264153718948 0.42500001192092896
vt 0.0057471264153718948 0.40000000596046448
vt 0.0057471264153718948 0.375
vt 0.0057471264153718948 0.34999999403953552
vt 0.0057471264153718948 0.32499998807907104
vt 0.0057471264153718948 0.30000001192092896
vt 0.0057471264153718948 0.27500000596046448
vt 0.0057471264153718948 0.25
vt 0.0057471264153718948 0.22499999403953552
vt 0.0057471264153718948 0.20000000298023224
vt 0.0057471264153718948 0.17499999701976776
vt 0.0057471264153718948 0.15000000596046448
vt 0.0057471264153718948 0.125
vt 0.0057471264153718948 0.075000002980232239
vt 0.0057471264153718948 0.05000000074505806
vt 0.0057471264153718948 0.02500000037252903
vt 0 0
vt 0 0.20000000298023224
vt 0.0057471264153718948 0.30000001192092896
vt 0 0.30000001192092896
vt 0.0057471264153718948 0.5
vt 0 0.5
vt 0.0057471264153718948 0
vt 0.0057471264153718948 0.02500000037252903
vt 0.0057471264153718948 0.05000000074505806
vt 0.0057471264153718948 0.075000002980232239
vt 0.0057471264153718948 0.10000000149011612
vt 0.0057471264153718948 0.125
vt 0.0057471264153718948 0.15000000596046448
vt 0.0057471264153718948 0.17499999701976776
vt 0.0057471264153718948 0.20000000298023224
vt 0.0057471264153718948 0.22499999403953552
vt 0.0057471264153718948 0.25
vt 0.0057471264153718948 0.27500000596046448
vt 0.0057471264153718948 0.32499998807907104
vt 0.0057471264153718948 0.34999999403953552
vt 0.0057471264153718948 0.375
vt 0.0057471264153718948 0.40000000596046448
vt 0.0057471264153718948 0.42500001192092896
vt 0.0057471264153718948 0.44999998807907104
vt 0.0057471264153718948 0.47499999403953552
vt 0 0.47499999403953552
vt 0 0.44999998807907104
vt 0 0.42500001192092896
vt 0 0.40000000596046448
vt 0 0.375
vt 0 0.34999999403953552
vt 0 0.32499998807907104
vt 0 0.27500000596046448
vt 0 0.25
vt 0 0.22499999403953552
vt 0 0.17499999701976776
vt 0 0.15000000596046448
vt 0 0.125
vt 0 0.10000000149011612
vt 0 0.075000002980232239
vt 0 0.05000000074505806
vt 0 0.02500000037252903
vt 0.022988505661487579 0.5
vt 0.59623628854751587 0.5
vt 0.59623628854751587 0.99853515625
vt 0.047912321984767914 0.5
vt 0.072836138308048248 0.5
vt 0.097759954631328583 0.5
vt 0.12268377840518951 0.5
vt 0.14760759472846985 0.5
vt 0.17253141105175018 0.5
vt 0.19745522737503052 0.5
vt 0.22237904369831085 0.5
vt 0.24730286002159119 0.5
vt 0.27222666144371033 0.5
vt 0.29715049266815186 0.5
vt 0.32207432389259338 0.5
vt 0.34699812531471252 0.5
vt 0.37192192673683167 0.5
vt 0.39684578776359558 0.5
vt 0.42176958918571472 0.5
vt 0.44669339060783386 0.5
vt 0.47161722183227539 0.5
vt 0.49654102325439453 0.5
vt 0.52146482467651367 0.5
vt 0.54638868570327759 0.5
vt 0.57131248712539673 0.5
vt 0.30961239337921143 0.749267578125
vt 0.30961239337921143 0.6246337890625
vt 0.1663004606962204 0.749267578125
vt 0.1663004606962204 0.6246337890625
vt 0.1663004606962204 0.56231689453125
vt 0.09464447945356369 0.6246337890625
vt 0.09464447945356369 0.56231689453125
vt 0.30961239337921143 0.56231689453125
vt 0.23795643448829651 0.6246337890625
vt 0.23795643448829651 0.56231689453125
vt 0.45292434096336365 0.749267578125
vt 0.45292434096336365 0.6246337890625
vt 0.45292434096336365 0.56231689453125
vt 0.38126838207244873 0.6246337890625
vt 0.38126838207244873 0.56231689453125
vt 0.52458035945892334 0.6246337890625
vt 0.52458035945892334 0.56231689453125
vt 0.59623628854751587 0.52492678165435791
vt 0.59623628854751587 0.54985350370407104
vt 0.59623628854751587 0.57478028535842896
vt 0.59623628854751587 0.59970700740814209
vt 0.59623628854751587 0.6246337890625
vt 0.59623628854751587 0.64956057071685791
vt 0.59623628854751587 0.67448729276657104
vt 0.59623628854751587 0.69941407442092896
vt 0.59623628854751587 0.72434079647064209
vt 0.59623628854751587 0.749267578125
vt 0.59623628854751587 0.77419435977935791
vt 0.59623628854751587 0.79912108182907104
vt 0.59623628854751587 0.82404786348342896
vt 0.59623628854751587 0.84897458553314209
vt 0.59623628854751587 0.8739013671875
vt 0.59623628854751587 0.89882814884185791
vt 0.59623628854751587 0.92375487089157104
vt 0.59623628854751587 0.94868165254592896
vt 0.59623628854751587 0.97360837459564209
vt 0.52458035945892334 0.749267578125
vt 0.45292434096336365 0.68695068359375
vt 0.52458035945892334 0.68695068359375
vt 0.30961239337921143 0.8739013671875
vt 0.45292434096336365 0.8739013671875
vt 0.52458035945892334 0.8739013671875
vt 0.45292434096336365 0.81158447265625
vt 0.52458035945892334 0.81158447265625
vt 0.45292434096336365 0.93621826171875
vt 0.52458035945892334 0.93621826171875
vt 0.57131248712539673 0.99853515625
vt 0.54638868570327759 0.99853515625
vt 0.52146482467651367 0.99853515625
vt 0.49654102325439453 0.99853515625
vt 0.47161722183227539 0.99853515625
vt 0.44669339060783386 0.99853515625
vt 0.42176958918571472 0.99853515625
vt 0.39684578776359558 0.99853515625
vt 0.37192192673683167 0.99853515625
vt 0.34699812531471252 0.99853515625
vt 0.32207432389259338 0.99853515625
vt 0.29715049266815186 0.99853515625
vt 0.27222666144371033 0.99853515625
vt 0.24730286002159119 0.99853515625
vt 0.22237904369831085 0.99853515625
vt 0.19745522737503052 0.99853515625
vt 0.17253141105175018 0.99853515625
vt 0.14760759472846985 0.99853515625
vt 0.12268377840518951 0.99853515625
vt 0.097759954631328583 0.99853515625
vt 0.072836138308048248 0.99853515625
vt 0.047912321984767914 0.99853515625
vt 0.30961239337921143 0.93621826171875
vt 0.38126838207244873 0.8739013671875
vt 0.38126838207244873 0.93621826171875
vt 0.1663004606962204 0.8739013671875
vt 0.1663004606962204 0.93621826171875
vt 0.23795643448829651 0.8739013671875
vt 0.23795643448829651 0.93621826171875
vt 0.09464447945356369 0.8739013671875
vt 0.09464447945356369 0.93621826171875
vt 0.022988505661487579 0.99853515625
vt 0.022988505661487579 0.97360837459564209
vt 0.022988505661487579 0.94868165254592896
vt 0.022988505661487579 0.92375487089157104
vt 0.022988505661487579 0.89882814884185791
vt 0.022988505661487579 0.8739013671875
vt 0.022988505661487579 0.84897458553314209
vt 0.022988505661487579 0.82404786348342896
vt 0.022988505661487579 0.79912108182907104
vt 0.022988505661487579 0.77419435977935791
vt 0.022988505661487579 0.749267578125
vt 0.022988505661487579 0.72434079647064209
vt 0.022988505661487579 0.69941407442092896
vt 0.022988505661487579 0.67448729276657104
vt 0.022988505661487579 0.64956057071685791
vt 0.022988505661487579 0.6246337890625
vt 0.022988505661487579 0.59970700740814209
vt 0.022988505661487579 0.57478028535842896
vt 0.022988505661487579 0.54985350370407104
vt 0.022988505661487579 0.52492678165435791
vt 0.1663004606962204 0.81158447265625
vt 0.09464447945356369 0.749267578125
vt 0.09464447945356369 0.81158447265625
vt 0.1663004606962204 0.68695068359375
vt 0.09464447945356369 0.68695068359375
vt 0.022988505661487579 0
vt 0.022988505661487579 0.49853515625
vt 0.59623628854751587 0
vt 0.047912321984767914 0
vt 0.072836138308048248 0
vt 0.097759954631328583 0
vt 0.12268377840518951 0
vt 0.14760759472846985 0
vt 0.17253141105175018 0
vt 0.19745522737503052 0
vt 0.22237904369831085 0
vt 0.24730286002159119 0
vt 0.27222666144371033 0
vt 0.29715049266815186 0
vt 0.32207432389259338 0
vt 0.34699812531471252 0
vt 0.37192192673683167 0
vt 0.39684578776359558 0
vt 0.42176958918571472 0
vt 0.44669339060783386 0
vt 0.47161722183227539 0
vt 0.49654102325439453 0
vt 0.52146482467651367 0
vt 0.54638868570327759 0
vt 0.57131248712539673 0
vt 0.30961239337921143 0.249267578125
vt 0.30961239337921143 0.1246337890625
vt 0.1663004606962204 0.249267578125
vt 0.1663004606962204 0.1246337890625
vt 0.1663004606962204 0.06231689453125
vt 0.09464447945356369 0.1246337890625
vt 0.09464447945356369 0.06231689453125
vt 0.30961239337921143 0.06231689453125
vt 0.23795643448829651 0.1246337890625
vt 0.23795643448829651 0.06231689453125
vt 0.45292434096336365 0.249267578125
vt 0.45292434096336365 0.1246337890625
vt 0.45292434096336365 0.06231689453125
vt 0.38126838207244873 0.1246337890625
vt 0.38126838207244873 0.06231689453125
vt 0.52458035945892334 0.1246337890625
vt 0.52458035945892334 0.06231689453125
vt 0.59623628854751587 0.02492675743997097
vt 0.59623628854751587 0.04985351487994194
vt 0.59623628854751587 0.074780277907848358
vt 0.59623628854751587 0.099707029759883881
vt 0.59623628854751587 0.1246337890625
vt 0.59623628854751587 0.14956055581569672
vt 0.59623628854751587 0.17448730766773224
vt 0.59623628854751587 0.19941405951976776
vt 0.59623628854751587 0.22434081137180328
vt 0.59623628854751587 0.249267578125
vt 0.59623628854751587 0.27419432997703552
vt 0.59623628854751587 0.29912111163139343
vt 0.59623628854751587 0.32404783368110657
vt 0.59623628854751587 0.34897461533546448
vt 0.59623628854751587 0.3739013671875
vt 0.59623628854751587 0.39882811903953552
vt 0.59623628854751587 0.42375490069389343
vt 0.59623628854751587 0.44868162274360657
vt 0.59623628854751587 0.47360840439796448
vt 0.52458035945892334 0.249267578125
vt 0.45292434096336365 0.18695068359375
vt 0.52458035945892334 0.18695068359375
vt 0.30961239337921143 0.3739013671875
vt 0.45292434096336365 0.3739013671875
vt 0.52458035945892334 0.3739013671875
vt 0.45292434096336365 0.31158447265625
vt 0.52458035945892334 0.31158447265625
vt 0.45292434096336365 0.43621826171875
vt 0.52458035945892334 0.43621826171875
vt 0.59623628854751587 0.49853515625
vt 0.57131248712539673 0.49853515625
vt 0.54638868570327759 0.49853515625
vt 0.52146482467651367 0.49853515625
vt 0.49654102325439453 0.49853515625
vt 0.47161722183227539 0.49853515625
vt 0.44669339060783386 0.49853515625
vt 0.42176958918571472 0.49853515625
vt 0.39684578776359558 0.49853515625
vt 0.37192192673683167 0.49853515625
vt 0.34699812531471252 0.49853515625
vt 0.32207432389259338 0.49853515625
vt 0.29715049266815186 0.49853515625
vt 0.27222666144371033 0.49853515625
vt 0.24730286002159119 0.49853515625
vt 0.22237904369831085 0.49853515625
vt 0.19745522737503052 0.49853515625
vt 0.17253141105175018 0.49853515625
vt 0.14760759472846985 0.49853515625
vt 0.12268377840518951 0.49853515625
vt 0.097759954631328583 0.49853515625
vt 0.072836138308048248 0.49853515625
vt 0.047912321984767914 0.49853515625
vt 0.30961239337921143 0.43621826171875
vt 0.38126838207244873 0.3739013671875
vt 0.38126838207244873 0.43621826171875
vt 0.1663004606962204 0.3739013671875
vt 0.1663004606962204 0.43621826171875
vt 0.23795643448829651 0.3739013671875
vt 0.23795643448829651 0.43621826171875
vt 0.09464447945356369 0.3739013671875
vt 0.09464447945356369 0.43621826171875
vt 0.022988505661487579 0.47360840439796448
vt 0.022988505661487579 0.44868162274360657
vt 0.022988505661487579 0.42375490069389343
vt 0.022988505661487579 0.39882811903953552
vt 0.022988505661487579 0.3739013671875
vt 0.022988505661487579 0.34897461533546448
vt 0.022988505661487579 0.32404783368110657
vt 0.022988505661487579 0.29912111163139343
vt 0.022988505661487579 0.27419432997703552
vt 0.022988505661487579 0.249267578125
vt 0.022988505661487579 0.22434081137180328
vt 0.022988505661487579 0.19941405951976776
vt 0.022988505661487579 0.17448730766773224
vt 0.022988505661487579 0.14956055581569672
vt 0.022988505661487579 0.1246337890625
vt 0.022988505661487579 0.099707029759883881
vt 0.022988505661487579 0.074780277907848358
vt 0.022988505661487579 0.04985351487994194
vt 0.022988505661487579 0.02492675743997097
vt 0.1663004606962204 0.31158447265625
vt 0.09464447945356369 0.249267578125
vt 0.09464447945356369 0.31158447265625
vt 0.1663004606962204 0.18695068359375
vt 0.09464447945356369 0.18695068359375
vt 0.022988505661487579 0.57471263408660889
vt 0.017241379246115685 0
vt 0.022988505661487579 0
vt 0.022988505661487579 0.024987507611513138
vt 0.022988505661487579 0.049975015223026276
vt 0.022988505661487579 0.074962519109249115
vt 0.022988505661487579 0.099950030446052551
vt 0.022988505661487579 0.12493752688169479
vt 0.022988505661487579 0.14992503821849823
vt 0.022988505661487579 0.17491254210472107
vt 0.022988505661487579 0.1999000608921051
vt 0.022988505661487579 0.22488754987716675
vt 0.022988505661487579 0.24987505376338959
vt 0.022988505661487579 0.27486255764961243
vt 0.022988505661487579 0.29985007643699646
vt 0.022988505661487579 0.32483756542205811
vt 0.022988505661487579 0.34982508420944214
vt 0.022988505661487579 0.37481260299682617
vt 0.022988505661487579 0.39980012178421021
vt 0.022988505661487579 0.42478761076927185
vt 0.022988505661487579 0.4497750997543335
vt 0.022988505661487579 0.47476261854171753
vt 0.022988505661487579 0.49975010752677917
vt 0.022988505661487579 0.5247376561164856
vt 0.022988505661487579 0.54972511529922485
vt 0.017241379246115685 0.57471263408660889
vt 0.017241379246115685 0.54972511529922485
vt 0.017241379246115685 0.5247376561164856
vt 0.017241379246115685 0.49975010752677917
vt 0.017241379246115685 0.47476261854171753
vt 0.017241379246115685 0.4497750997543335
vt 0.017241379246115685 0.42478761076927185
vt 0.017241379246115685 0.39980012178421021
vt 0.017241379246115685 0.37481260299682617
vt 0.017241379246115685 0.34982508420944214
vt 0.017241379246115685 0.32483756542205811
vt 0.017241379246115685 0.29985007643699646
vt 0.017241379246115685 0.27486255764961243
vt 0.017241379246115685 0.24987505376338959
vt 0.017241379246115685 0.22488754987716675
vt 0.017241379246115685 0.1999000608921051
vt 0.017241379246115685 0.17491254210472107
vt 0.017241379246115685 0.14992503821849823
vt 0.017241379246115685 0.12493752688169479
vt 0.017241379246115685 0.099950030446052551
vt 0.017241379246115685 0.074962519109249115
vt 0.017241379246115685 0.049975015223026276
vt 0.017241379246115685 0.024987507611513138
vn 0 0 1
vn 0 0 1
vn 0 0 1
vn 0 0 1
vn 0 0 1
vn 0 0 1
vn 0 0 1
vn 0 0 1
vn 0 0 1
vn 0 0 1
vn 0 0 1
vn 0 0 1
vn 0 0 1
vn 0 0 1
vn 0 0 1
vn 0 0 1
vn 0 0 1
vn 0 0 1
vn 0 0 1
vn 0 0 1
vn 0 0 1
vn 0 0 1
vn 0 0 1
vn 0 0 1
vn 0 0 1
vn 0 0 1
vn 0 0 1
vn 0 0 1
vn 0 0 1
vn 0 0 1
vn 0 0 1
vn 0 0 1
vn 0 0 1
vn 0 0 1
vn 0 0 1
vn 0 0 1
vn 0 0 1
vn 0 0 1
vn 0 0 1
vn 0 0 1
vn 0 0 1
vn 0 0 1
vn 0 0 1
vn 0 0 1
vn 0 0 1
vn 0 0 1
vn 0 0 1
vn 0 0 1
vn -1 0 0
vn -1 0 0
vn -1 0 0
vn -1 0 0
vn -1 0 0
vn -1 0 0
vn -1 0 0
vn -1 0 0
vn -1 0 0
vn -1 0 0
vn -1 0 0
vn -1 0 0
vn -1 0 0
vn -1 0 0
vn -1 0 0
vn -1 0 0
vn -1 0 0
vn -1 0 0
vn -1 0 0
vn -1 0 0
vn -1 0 0
vn -1 0 0
vn -1 0 0
vn -1 0 0
vn -1 0 0
vn -1 0 0
vn -1 0 0
vn -1 0 0
vn -1 0 0
vn -1 0 0
vn -1 0 0
vn -1 0 0
vn -1 0 0
vn -1 0 0
vn -1 0 0
vn -1 0 0
vn -1 0 0
vn -1 0 0
vn -1 0 0
vn -1 0 0
vn -1 0 0
vn -1 0 0
vn 1 0 0
vn 1 0 0
vn 1 0 0
vn 1 0 0
vn 1 0 0
vn 1 0 0
vn 1 0 0
vn 1 0 0
vn 1 0 0
vn 1 0 0
vn 1 0 0
vn 1 0 0
vn 1 0 0
vn 1 0 0
vn 1 0 0
vn 1 0 0
vn 1 0 0
vn 1 0 0
vn 1 0 0
vn 1 0 0
vn 1 0 0
vn 1 0 0
vn 1 0 0
vn 1 0 0
vn 1 0 0
vn 1 0 0
vn 1 0 0
vn 1 0 0
vn 1 0 0
vn 1 0 0
vn 1 0 0
vn 1 0 0
vn 1 0 0
vn 1 0 0
vn 1 0 0
vn 1 0 0
vn 1 0 0
vn 1 0 0
vn 1 0 0
vn 1 0 0
vn 1 0 0
vn 1 0 0
vn 0 1 0
vn 0 1 0
vn 0 1 0
vn 0 1 0
vn 0 1 0
vn 0 1 0
vn 0 1 0
vn 0 1 0
vn 0 1 0
vn 0 1 0
vn 0 1 0
vn 0 1 0
vn 0 1 0
vn 0 1 0
vn 0 1 0
vn 0 1 0
vn 0 1 0
vn 0 1 0
vn 0 1 0
vn 0 1 0
vn 0 1 0
vn 0 1 0
vn 0 1 0
vn 0 1 0
vn 0 1 0
vn 0 1 0
vn 0 1 0
vn 0 1 0
vn 0 1 0
vn 0 1 0
vn 0 1 0
vn 0 1 0
vn 0 1 0
vn 0 1 0
vn 0 1 0
vn 0 1 0
vn 0 1 0
vn 0 1 0
vn 0 1 0
vn 0 1 0
vn 0 1 0
vn 0 1 0
vn 0 1 0
vn 0 1 0
vn 0 1 0
vn 0 1 0
vn 0 1 0
vn 0 1 0
vn 0 1 0
vn 0 1 0
vn 0 1 0
vn 0 1 0
vn 0 1 0
vn 0 1 0
vn 0 1 0
vn 0 1 0
vn 0 1 0
vn 0 1 0
vn 0 1 0
vn 0 1 0
vn 0 1 0
vn 0 1 0
vn 0 1 0
vn 0 1 0
vn 0 1 0
vn 0 1 0
vn 0 1 0
vn 0 1 0
vn 0 1 0
vn 0 1 0
vn 0 1 0
vn 0 1 0
vn 0 1 0
vn 0 1 0
vn 0 1 0
vn 0 1 0
vn 0 1 0
vn 0 1 0
vn 0 1 0
vn 0 1 0
vn 0 1 0
vn 0 1 0
vn 0 1 0
vn 0 1 0
vn 0 1 0
vn 0 1 0
vn 0 1 0
vn 0 1 0
vn 0 1 0
vn 0 1 0
vn 0 1 0
vn 0 1 0
vn 0 1 0
vn 0 1 0
vn 0 1 0
vn 0 1 0
vn 0 1 0
vn 0 1 0
vn 0 1 0
vn 0 1 0
vn 0 1 0
vn 0 1 0
vn 0 1 0
vn 0 1 0
vn 0 1 0
vn 0 1 0
vn 0 1 0
vn 0 1 0
vn 0 1 0
vn 0 1 0
vn 0 1 0
vn 0 1 0
vn 0 1 0
vn 0 1 0
vn 0 1 0
vn 0 1 0
vn 0 1 0
vn 0 1 0
vn 0 1 0
vn 0 1 0
vn 0 1 0
vn 0 1 0
vn 0 1 0
vn 0 1 0
vn 0 1 0
vn 0 1 0
vn 0 1 0
vn 0 -1 0
vn 0 -1 0
vn 0 -1 0
vn 0 -1 0
vn 0 -1 0
vn 0 -1 0
vn 0 -1 0
vn 0 -1 0
vn 0 -1 0
vn 0 -1 0
vn 0 -1 0
vn 0 -1 0
vn 0 -1 0
vn 0 -1 0
vn 0 -1 0
vn 0 -1 0
vn 0 -1 0
vn 0 -1 0
vn 0 -1 0
vn 0 -1 0
vn 0 -1 0
vn 0 -1 0
vn 0 -1 0
vn 0 -1 0
vn 0 -1 0
vn 0 -1 0
vn 0 -1 0
vn 0 -1 0
vn 0 -1 0
vn 0 -1 0
vn 0 -1 0
vn 0 -1 0
vn 0 -1 0
vn 0 -1 0
vn 0 -1 0
vn 0 -1 0
vn 0 -1 0
vn 0 -1 0
vn 0 -1 0
vn 0 -1 0
vn 0 -1 0
vn 0 -1 0
vn 0 -1 0
vn 0 -1 0
vn 0 -1 0
vn 0 -1 0
vn 0 -1 0
vn 0 -1 0
vn 0 -1 0
vn 0 -1 0
vn 0 -1 0
vn 0 -1 0
vn 0 -1 0
vn 0 -1 0
vn 0 -1 0
vn 0 -1 0
vn 0 -1 0
vn 0 -1 0
vn 0 -1 0
vn 0 -1 0
vn 0 -1 0
vn 0 -1 0
vn 0 -1 0
vn 0 -1 0
vn 0 -1 0
vn 0 -1 0
vn 0 -1 0
vn 0 -1 0
vn 0 -1 0
vn 0 -1 0
vn 0 -1 0
vn 0 -1 0
vn 0 -1 0
vn 0 -1 0
vn 0 -1 0
vn 0 -1 0
vn 0 -1 0
vn 0 -1 0
vn 0 -1 0
vn 0 -1 0
vn 0 -1 0
vn 0 -1 0
vn 0 -1 0
vn 0 -1 0
vn 0 -1 0
vn 0 -1 0
vn 0 -1 0
vn 0 -1 0
vn 0 -1 0
vn 0 -1 0
vn 0 -1 0
vn 0 -1 0
vn 0 -1 0
vn 0 -1 0
vn 0 -1 0
vn 0 -1 0
vn 0 -1 0
vn 0 -1 0
vn 0 -1 0
vn 0 -1 0
vn 0 -1 0
vn 0 -1 0
vn 0 -1 0
vn 0 -1 0
vn 0 -1 0
vn 0 -1 0
vn 0 -1 0
vn 0 -1 0
vn 0 -1 0
vn 0 -1 0
vn 0 -1 0
vn 0 -1 0
vn 0 -1 0
vn 0 -1 0
vn 0 -1 0
vn 0 -1 0
vn 0 -1 0
vn 0 -1 0
vn 0 -1 0
vn 0 -1 0
vn 0 -1 0
vn 0 -1 0
vn 0 -1 0
vn 0 -1 0
vn 0 -1 0
vn 0 -1 0
vn 0 -1 0
vn 0 0 -1
vn 0 0 -1
vn 0 0 -1
vn 0 0 -1
vn 0 0 -1
vn 0 0 -1
vn 0 0 -1
vn 0 0 -1
vn 0 0 -1
vn 0 0 -1
vn 0 0 -1
vn 0 0 -1
vn 0 0 -1
vn 0 0 -1
vn 0 0 -1
vn 0 0 -1
vn 0 0 -1
vn 0 0 -1
vn 0 0 -1
vn 0 0 -1
vn 0 0 -1
vn 0 0 -1
vn 0 0 -1
vn 0 0 -1
vn 0 0 -1
vn 0 0 -1
vn 0 0 -1
vn 0 0 -1
vn 0 0 -1
vn 0 0 -1
vn 0 0 -1
vn 0 0 -1
vn 0 0 -1
vn 0 0 -1
vn 0 0 -1
vn 0 0 -1
vn 0 0 -1
vn 0 0 -1
vn 0 0 -1
vn 0 0 -1
vn 0 0 -1
vn 0 0 -1
vn 0 0 -1
vn 0 0 -1
vn 0 0 -1
vn 0 0 -1
vn 0 0 -1
vn 0 0 -1
f 2609/2609/2609 2613/2613/2613 2656/2656/2656 2610/2610/2610
f 2613/2613/2613 2614/2614/2614 2655/2655/2655 2656/2656/2656
f 2616/2616/2616 2653/2653/2653 2654/2654/2654 2615/2615/2615
f 2617/2617/2617 2652/2652/2652 2653/2653/2653 2616/2616/2616
f 2614/2614/2614 2615/2615/2615 2654/2654/2654 2655/2655/2655
f 2619/2619/2619 2650/2650/2650 2651/2651/2651 2618/2618/2618
f 2620/2620/2620 2649/2649/2649 2650/2650/2650 2619/2619/2619
f 2621/2621/2621 2622/2622/2622 2647/2647/2647 2648/2648/2648
f 2622/2622/2622 2623/2623/2623 2646/2646/2646 2647/2647/2647
f 2621/2621/2621 2648/2648/2648 2649/2649/2649 2620/2620/2620
f 2618/2618/2618 2651/2651/2651 2652/2652/2652 2617/2617/2617
f 2623/2623/2623 2624/2624/2624 2645/2645/2645 2646/2646/2646
f 2625/2625/2625 2644/2644/2644 2645/2645/2645 2624/2624/2624
f 2626/2626/2626 2643/2643/2643 2644/2644/2644 2625/2625/2625
f 2628/2628/2628 2641/2641/2641 2642/2642/2642 2627/2627/2627
f 2629/2629/2629 2640/2640/2640 2641/2641/2641 2628/2628/2628
f 2627/2627/2627 2642/2642/2642 2643/2643/2643 2626/2626/2626
f 2631/2631/2631 2638/2638/2638 2639/2639/2639 2630/2630/2630
f 2631/2631/2631 2632/2632/2632 2637/2637/2637 2638/2638/2638
f 2634/2634/2634 2635/2635/2635 2636/2636/2636 2633/2633/2633
f 2611/2611/2611 2612/2612/2612 2635/2635/2635 2634/2634/2634
f 2632/2632/2632 2633/2633/2633 2636/2636/2636 2637/2637/2637
f 2630/2630/2630 2639/2639/2639 2640/2640/2640 2629/2629/2629
f 2657/2657/2657 2661/2661/2661 2698/2698/2698 2658/2658/2658
f 2662/2662/2662 2663/2663/2663 2696/2696/2696 2697/2697/2697
f 2663/2663/2663 2664/2664/2664 2659/2659/2659 2696/2696/2696
f 2661/2661/2661 2662/2662/2662 2697/2697/2697 2698/2698/2698
f 2665/2665/2665 2666/2666/2666 2694/2694/2694 2695/2695/2695
f 2668/2668/2668 2692/2692/2692 2693/2693/2693 2667/2667/2667
f 2669/2669/2669 2691/2691/2691 2692/2692/2692 2668/2668/2668
f 2666/2666/2666 2667/2667/2667 2693/2693/2693 2694/2694/2694
f 2664/2664/2664 2665/2665/2665 2695/2695/2695 2659/2659/2659
f 2670/2670/2670 2690/2690/2690 2691/2691/2691 2669/2669/2669
f 2671/2671/2671 2672/2672/2672 2688/2688/2688 2689/2689/2689
f 2673/2673/2673 2674/2674/2674 2686/2686/2686 2687/2687/2687
f 2674/2674/2674 2675/2675/2675 2685/2685/2685 2686/2686/2686
f 2672/2672/2672 2673/2673/2673 2687/2687/2687 2688/2688/2688
f 2676/2676/2676 2677/2677/2677 2683/2683/2683 2684/2684/2684
f 2678/2678/2678 2679/2679/2679 2681/2681/2681 2682/2682/2682
f 2660/2660/2660 2680/2680/2680 2681/2681/2681 2679/2679/2679
f 2677/2677/2677 2678/2678/2678 2682/2682/2682 2683/2683/2683
f 2675/2675/2675 2676/2676/2676 2684/2684/2684 2685/2685/2685
f 2689/2689/2689 2690/2690/2690 2670/2670/2670 2671/2671/2671
f 2705/2705/2705 2706/2706/2706 2740/2740/2740 2699/2699/2699
f 2707/2707/2707 2708/2708/2708 2738/2738/2738 2739/2739/2739
f 2708/2708/2708 2709/2709/2709 2737/2737/2737 2738/2738/2738
f 2706/2706/2706 2707/2707/2707 2739/2739/2739 2740/2740/2740
f 2710/2710/2710 2711/2711/2711 2735/2735/2735 2736/2736/2736
f 2712/2712/2712 2713/2713/2713 2700/2700/2700 2734/2734/2734
f 2713/2713/2713 2714/2714/2714 2733/2733/2733 2700/2700/2700
f 2711/2711/2711 2712/2712/2712 2734/2734/2734 2735/2735/2735
f 2709/2709/2709 2710/2710/2710 2736/2736/2736 2737/2737/2737
f 2714/2714/2714 2715/2715/2715 2732/2732/2732 2733/2733/2733
f 2701/2701/2701 2702/2702/2702 2731/2731/2731 2716/2716/2716
f 2717/2717/2717 2718/2718/2718 2729/2729/2729 2730/2730/2730
f 2718/2718/2718 2719/2719/2719 2728/2728/2728 2729/2729/2729
f 2701/2701/2701 2717/2717/2717 2730/2730/2730 2702/2702/2702
f 2720/2720/2720 2721/2721/2721 2726/2726/2726 2727/2727/2727
f 2722/2722/2722 2723/2723/2723 2724/2724/2724 2725/2725/2725
f 2723/2723/2723 2703/2703/2703 2704/2704/2704 2724/2724/2724
f 2721/2721/2721 2722/2722/2722 2725/2725/2725 2726/2726/2726
f 2719/2719/2719 2720/2720/2720 2727/2727/2727 2728/2728/2728
f 2716/2716/2716 2731/2731/2731 2732/2732/2732 2715/2715/2715
f 2811/2811/2811 2807/2807/2807 2806/2806/2806 2810/2810/2810
f 2836/2836/2836 2835/2835/2835 2805/2805/2805 2834/2834/2834
f 2810/2810/2810 2806/2806/2806 2835/2835/2835 2836/2836/2836
f 2808/2808/2808 2835/2835/2835 2806/2806/2806
f 2835/2835/2835 2766/2766/2766 2805/2805/2805
f 2766/2766/2766 2808/2808/2808 2776/2776/2776
f 2808/2808/2808 2766/2766/2766 2835/2835/2835
f 2807/2807/2807 2809/2809/2809 2808/2808/2808 2806/2806/2806
f 2809/2809/2809 2802/2802/2802 2776/2776/2776 2808/2808/2808
f 2840/2840/2840 2839/2839/2839 2837/2837/2837 2838/2838/2838
f 2834/2834/2834 2805/2805/2805 2839/2839/2839 2840/2840/2840
f 2838/2838/2838 2837/2837/2837 2841/2841/2841 2842/2842/2842
f 2837/2837/2837 2863/2863/2863 2865/2865/2865 2841/2841/2841
f 2863/2863/2863 2768/2768/2768 2864/2864/2864 2865/2865/2865
f 2839/2839/2839 2863/2863/2863 2837/2837/2837
f 2863/2863/2863 2766/2766/2766 2768/2768/2768
f 2766/2766/2766 2839/2839/2839 2805/2805/2805
f 2839/2839/2839 2766/2766/2766 2863/2863/2863
f 2866/2866/2866 2774/2774/2774 2769/2769/2769
f 2774/2774/2774 2766/2766/2766 2767/2767/2767
f 2766/2766/2766 2866/2866/2866 2768/2768/2768
f 2866/2866/2866 2766/2766/2766 2774/2774/2774
f 2768/2768/2768 2866/2866/2866 2867/2867/2867 2864/2864/2864
f 2866/2866/2866 2769/2769/2769 2771/2771/2771 2867/2867/2867
f 2769/2769/2769 2770/2770/2770 2772/2772/2772 2771/2771/2771
f 2767/2767/2767 2773/2773/2773 2775/2775/2775 2774/2774/2774
f 2774/2774/2774 2775/2775/2775 2770/2770/2770 2769/2769/2769
f 2802/2802/2802 2804/2804/2804 2803/2803/2803 2776/2776/2776
f 2804/2804/2804 2781/2781/2781 2777/2777/2777 2803/2803/2803
f 2779/2779/2779 2803/2803/2803 2777/2777/2777
f 2803/2803/2803 2766/2766/2766 2776/2776/2776
f 2766/2766/2766 2779/2779/2779 2767/2767/2767
f 2779/2779/2779 2766/2766/2766 2803/2803/2803
f 2777/2777/2777 2778/2778/2778 2780/2780/2780 2779/2779/2779
f 2779/2779/2779 2780/2780/2780 2773/2773/2773 2767/2767/2767
f 2781/2781/2781 2782/2782/2782 2778/2778/2778 2777/2777/2777
f 2744/2744/2744 2741/2741/2741 2862/2862/2862
f 2772/2772/2772 2862/2862/2862 2861/2861/2861
f 2862/2862/2862 2772/2772/2772 2745/2745/2745
f 2746/2746/2746 2745/2745/2745 2772/2772/2772
f 2744/2744/2744 2862/2862/2862 2745/2745/2745
f 2860/2860/2860 2772/2772/2772 2861/2861/2861
f 2772/2772/2772 2860/2860/2860 2859/2859/2859
f 2859/2859/2859 2858/2858/2858 2771/2771/2771
f 2857/2857/2857 2856/2856/2856 2867/2867/2867
f 2855/2855/2855 2854/2854/2854 2867/2867/2867
f 2867/2867/2867 2856/2856/2856 2855/2855/2855
f 2771/2771/2771 2858/2858/2858 2857/2857/2857
f 2772/2772/2772 2859/2859/2859 2771/2771/2771
f 2770/2770/2770 2748/2748/2748 2747/2747/2747 2772/2772/2772
f 2770/2770/2770 2750/2750/2750 2749/2749/2749
f 2775/2775/2775 2752/2752/2752 2751/2751/2751
f 2775/2775/2775 2751/2751/2751 2750/2750/2750
f 2770/2770/2770 2749/2749/2749 2748/2748/2748
f 2857/2857/2857 2867/2867/2867 2771/2771/2771
f 2773/2773/2773 2754/2754/2754 2753/2753/2753
f 2753/2753/2753 2775/2775/2775 2773/2773/2773
f 2773/2773/2773 2755/2755/2755 2754/2754/2754
f 2750/2750/2750 2770/2770/2770 2775/2775/2775
f 2775/2775/2775 2753/2753/2753 2752/2752/2752
f 2747/2747/2747 2746/2746/2746 2772/2772/2772
f 2864/2864/2864 2867/2867/2867 2854/2854/2854
f 2864/2864/2864 2853/2853/2853 2852/2852/2852
f 2852/2852/2852 2851/2851/2851 2865/2865/2865
f 2865/2865/2865 2850/2850/2850 2849/2849/2849
f 2850/2850/2850 2865/2865/2865 2851/2851/2851
f 2849/2849/2849 2848/2848/2848 2841/2841/2841
f 2841/2841/2841 2848/2848/2848 2847/2847/2847
f 2864/2864/2864 2854/2854/2854 2853/2853/2853
f 2846/2846/2846 2845/2845/2845 2842/2842/2842
f 2845/2845/2845 2844/2844/2844 2842/2842/2842
f 2833/2833/2833 2844/2844/2844 2843/2843/2843
f 2844/2844/2844 2833/2833/2833 2832/2832/2832
f 2842/2842/2842 2844/2844/2844 2832/2832/2832
f 2847/2847/2847 2846/2846/2846 2842/2842/2842
f 2864/2864/2864 2852/2852/2852 2865/2865/2865
f 2849/2849/2849 2841/2841/2841 2865/2865/2865
f 2847/2847/2847 2842/2842/2842 2841/2841/2841
f 2829/2829/2829 2838/2838/2838 2830/2830/2830
f 2830/2830/2830 2842/2842/2842 2831/2831/2831
f 2838/2838/2838 2827/2827/2827 2826/2826/2826 2840/2840/2840
f 2838/2838/2838 2842/2842/2842 2830/2830/2830
f 2832/2832/2832 2831/2831/2831 2842/2842/2842
f 2838/2838/2838 2829/2829/2829 2828/2828/2828
f 2838/2838/2838 2828/2828/2828 2827/2827/2827
f 2840/2840/2840 2826/2826/2826 2825/2825/2825
f 2824/2824/2824 2823/2823/2823 2834/2834/2834
f 2824/2824/2824 2840/2840/2840 2825/2825/2825
f 2834/2834/2834 2840/2840/2840 2824/2824/2824
f 2780/2780/2780 2756/2756/2756 2755/2755/2755 2773/2773/2773
f 2780/2780/2780 2757/2757/2757 2756/2756/2756
f 2780/2780/2780 2759/2759/2759 2758/2758/2758
f 2778/2778/2778 2760/2760/2760 2759/2759/2759
f 2780/2780/2780 2758/2758/2758 2757/2757/2757
f 2780/2780/2780 2778/2778/2778 2759/2759/2759
f 2761/2761/2761 2760/2760/2760 2778/2778/2778
f 2762/2762/2762 2761/2761/2761 2778/2778/2778
f 2782/2782/2782 2763/2763/2763 2762/2762/2762
f 2781/2781/2781 2786/2786/2786 2785/2785/2785 2782/2782/2782
f 2782/2782/2782 2764/2764/2764 2763/2763/2763
f 2762/2762/2762 2778/2778/2778 2782/2782/2782
f 2783/2783/2783 2765/2765/2765 2764/2764/2764
f 2783/2783/2783 2742/2742/2742 2765/2765/2765
f 2783/2783/2783 2782/2782/2782 2784/2784/2784
f 2784/2784/2784 2782/2782/2782 2785/2785/2785
f 2786/2786/2786 2781/2781/2781 2787/2787/2787
f 2804/2804/2804 2789/2789/2789 2788/2788/2788 2781/2781/2781
f 2788/2788/2788 2787/2787/2787 2781/2781/2781
f 2804/2804/2804 2790/2790/2790 2789/2789/2789
f 2802/2802/2802 2791/2791/2791 2790/2790/2790 2804/2804/2804
f 2792/2792/2792 2791/2791/2791 2802/2802/2802
f 2764/2764/2764 2782/2782/2782 2783/2783/2783
f 2822/2822/2822 2821/2821/2821 2834/2834/2834
f 2836/2836/2836 2834/2834/2834 2821/2821/2821
f 2823/2823/2823 2822/2822/2822 2834/2834/2834
f 2809/2809/2809 2794/2794/2794 2793/2793/2793 2802/2802/2802
f 2820/2820/2820 2836/2836/2836 2821/2821/2821
f 2810/2810/2810 2816/2816/2816 2815/2815/2815 2811/2811/2811
f 2836/2836/2836 2819/2819/2819 2818/2818/2818 2810/2810/2810
f 2836/2836/2836 2820/2820/2820 2819/2819/2819
f 2810/2810/2810 2817/2817/2817 2816/2816/2816
f 2815/2815/2815 2814/2814/2814 2811/2811/2811
f 2817/2817/2817 2810/2810/2810 2818/2818/2818
f 2809/2809/2809 2795/2795/2795 2794/2794/2794
f 2809/2809/2809 2796/2796/2796 2795/2795/2795
f 2809/2809/2809 2807/2807/2807 2796/2796/2796
f 2807/2807/2807 2798/2798/2798 2797/2797/2797
f 2807/2807/2807 2797/2797/2797 2796/2796/2796
f 2811/2811/2811 2799/2799/2799 2798/2798/2798 2807/2807/2807
f 2812/2812/2812 2801/2801/2801 2813/2813/2813
f 2811/2811/2811 2813/2813/2813 2801/2801/2801
f 2814/2814/2814 2813/2813/2813 2811/2811/2811
f 2811/2811/2811 2800/2800/2800 2799/2799/2799
f 2812/2812/2812 2743/2743/2743 2801/2801/2801
f 2811/2811/2811 2801/2801/2801 2800/2800/2800
f 2793/2793/2793 2792/2792/2792 2802/2802/2802
f 2938/2938/2938 2937/2937/2937 2933/2933/2933 2934/2934/2934
f 2964/2964/2964 2962/2962/2962 2932/2932/2932 2963/2963/2963
f 2937/2937/2937 2964/2964/2964 2963/2963/2963 2933/2933/2933
f 2935/2935/2935 2933/2933/2933 2963/2963/2963
f 2963/2963/2963 2932/2932/2932 2893/2893/2893
f 2893/2893/2893 2903/2903/2903 2935/2935/2935
f 2935/2935/2935 2963/2963/2963 2893/2893/2893
f 2934/2934/2934 2933/2933/2933 2935/2935/2935 2936/2936/2936
f 2936/2936/2936 2935/2935/2935 2903/2903/2903 2929/2929/2929
f 2968/2968/2968 2966/2966/2966 2965/2965/2965 2967/2967/2967
f 2962/2962/2962 2968/2968/2968 2967/2967/2967 2932/2932/2932
f 2966/2966/2966 2970/2970/2970 2969/2969/2969 2965/2965/2965
f 2965/2965/2965 2969/2969/2969 2992/2992/2992 2990/2990/2990
f 2990/2990/2990 2992/2992/2992 2991/2991/2991 2895/2895/2895
f 2967/2967/2967 2965/2965/2965 2990/2990/2990
f 2990/2990/2990 2895/2895/2895 2893/2893/2893
f 2893/2893/2893 2932/2932/2932 2967/2967/2967
f 2967/2967/2967 2990/2990/2990 2893/2893/2893
f 2993/2993/2993 2896/2896/2896 2901/2901/2901
f 2901/2901/2901 2894/2894/2894 2893/2893/2893
f 2893/2893/2893 2895/2895/2895 2993/2993/2993
f 2993/2993/2993 2901/2901/2901 2893/2893/2893
f 2895/2895/2895 2991/2991/2991 2994/2994/2994 2993/2993/2993
f 2993/2993/2993 2994/2994/2994 2898/2898/2898 2896/2896/2896
f 2896/2896/2896 2898/2898/2898 2899/2899/2899 2897/2897/2897
f 2894/2894/2894 2901/2901/2901 2902/2902/2902 2900/2900/2900
f 2901/2901/2901 2896/2896/2896 2897/2897/2897 2902/2902/2902
f 2929/2929/2929 2903/2903/2903 2930/2930/2930 2931/2931/2931
f 2931/2931/2931 2930/2930/2930 2904/2904/2904 2908/2908/2908
f 2906/2906/2906 2904/2904/2904 2930/2930/2930
f 2930/2930/2930 2903/2903/2903 2893/2893/2893
f 2893/2893/2893 2894/2894/2894 2906/2906/2906
f 2906/2906/2906 2930/2930/2930 2893/2893/2893
f 2904/2904/2904 2906/2906/2906 2907/2907/2907 2905/2905/2905
f 2906/2906/2906 2894/2894/2894 2900/2900/2900 2907/2907/2907
f 2908/2908/2908 2904/2904/2904 2905/2905/2905 2909/2909/2909
f 2871/2871/2871 2989/2989/2989 2868/2868/2868
f 2899/2899/2899 2988/2988/2988 2989/2989/2989
f 2989/2989/2989 2872/2872/2872 2899/2899/2899
f 2873/2873/2873 2899/2899/2899 2872/2872/2872
f 2871/2871/2871 2872/2872/2872 2989/2989/2989
f 2987/2987/2987 2988/2988/2988 2899/2899/2899
f 2899/2899/2899 2986/2986/2986 2987/2987/2987
f 2986/2986/2986 2898/2898/2898 2985/2985/2985
f 2984/2984/2984 2994/2994/2994 2983/2983/2983
f 2982/2982/2982 2994/2994/2994 2981/2981/2981
f 2994/2994/2994 2982/2982/2982 2983/2983/2983
f 2898/2898/2898 2984/2984/2984 2985/2985/2985
f 2899/2899/2899 2898/2898/2898 2986/2986/2986
f 2897/2897/2897 2899/2899/2899 2874/2874/2874 2875/2875/2875
f 2897/2897/2897 2876/2876/2876 2877/2877/2877
f 2902/2902/2902 2878/2878/2878 2879/2879/2879
f 2902/2902/2902 2877/2877/2877 2878/2878/2878
f 2897/2897/2897 2875/2875/2875 2876/2876/2876
f 2984/2984/2984 2898/2898/2898 2994/2994/2994
f 2900/2900/2900 2880/2880/2880 2881/2881/2881
f 2880/2880/2880 2900/2900/2900 2902/2902/2902
f 2900/2900/2900 2881/2881/2881 2882/2882/2882
f 2877/2877/2877 2902/2902/2902 2897/2897/2897
f 2902/2902/2902 2879/2879/2879 2880/2880/2880
f 2874/2874/2874 2899/2899/2899 2873/2873/2873
f 2991/2991/2991 2981/2981/2981 2994/2994/2994
f 2991/2991/2991 2979/2979/2979 2980/2980/2980
f 2979/2979/2979 2992/2992/2992 2978/2978/2978
f 2992/2992/2992 2976/2976/2976 2977/2977/2977
f 2977/2977/2977 2978/2978/2978 2992/2992/2992
f 2976/2976/2976 2969/2969/2969 2975/2975/2975
f 2969/2969/2969 2974/2974/2974 2975/2975/2975
f 2991/2991/2991 2980/2980/2980 2981/2981/2981
f 2973/2973/2973 2970/2970/2970 2972/2972/2972
f 2972/2972/2972 2970/2970/2970 2971/2971/2971
f 2961/2961/2961 2869/2869/2869 2971/2971/2971
f 2971/2971/2971 2960/2960/2960 2961/2961/2961
f 2970/2970/2970 2960/2960/2960 2971/2971/2971
f 2974/2974/2974 2970/2970/2970 2973/2973/2973
f 2991/2991/2991 2992/2992/2992 2979/2979/2979
f 2976/2976/2976 2992/2992/2992 2969/2969/2969
f 2974/2974/2974 2969/2969/2969 2970/2970/2970
f 2957/2957/2957 2958/2958/2958 2966/2966/2966
f 2958/2958/2958 2959/2959/2959 2970/2970/2970
f 2966/2966/2966 2968/2968/2968 2954/2954/2954 2955/2955/2955
f 2966/2966/2966 2958/2958/2958 2970/2970/2970
f 2960/2960/2960 2970/2970/2970 2959/2959/2959
f 2966/2966/2966 2956/2956/2956 2957/2957/2957
f 2966/2966/2966 2955/2955/2955 2956/2956/2956
f 2968/2968/2968 2953/2953/2953 2954/2954/2954
f 2952/2952/2952 2962/2962/2962 2951/2951/2951
f 2952/2952/2952 2953/2953/2953 2968/2968/2968
f 2962/2962/2962 2952/2952/2952 2968/2968/2968
f 2907/2907/2907 2900/2900/2900 2882/2882/2882 2883/2883/2883
f 2907/2907/2907 2883/2883/2883 2884/2884/2884
f 2907/2907/2907 2885/2885/2885 2886/2886/2886
f 2905/2905/2905 2886/2886/2886 2887/2887/2887
f 2907/2907/2907 2884/2884/2884 2885/2885/2885
f 2907/2907/2907 2886/2886/2886 2905/2905/2905
f 2888/2888/2888 2905/2905/2905 2887/2887/2887
f 2889/2889/2889 2905/2905/2905 2888/2888/2888
f 2909/2909/2909 2889/2889/2889 2890/2890/2890
f 2908/2908/2908 2909/2909/2909 2912/2912/2912 2913/2913/2913
f 2909/2909/2909 2890/2890/2890 2891/2891/2891
f 2889/2889/2889 2909/2909/2909 2905/2905/2905
f 2910/2910/2910 2891/2891/2891 2892/2892/2892
f 2910/2910/2910 2892/2892/2892 2870/2870/2870
f 2910/2910/2910 2911/2911/2911 2909/2909/2909
f 2911/2911/2911 2912/2912/2912 2909/2909/2909
f 2913/2913/2913 2914/2914/2914 2908/2908/2908
f 2931/2931/2931 2908/2908/2908 2915/2915/2915 2916/2916/2916
f 2915/2915/2915 2908/2908/2908 2914/2914/2914
f 2931/2931/2931 2916/2916/2916 2917/2917/2917
f 2929/2929/2929 2931/2931/2931 2917/2917/2917 2918/2918/2918
f 2919/2919/2919 2929/2929/2929 2918/2918/2918
f 2891/2891/2891 2910/2910/2910 2909/2909/2909
f 2950/2950/2950 2962/2962/2962 2949/2949/2949
f 2964/2964/2964 2949/2949/2949 2962/2962/2962
f 2951/2951/2951 2962/2962/2962 2950/2950/2950
f 2936/2936/2936 2929/2929/2929 2920/2920/2920 2921/2921/2921
f 2948/2948/2948 2949/2949/2949 2964/2964/2964
f 2937/2937/2937 2938/2938/2938 2943/2943/2943 2944/2944/2944
f 2964/2964/2964 2937/2937/2937 2946/2946/2946 2947/2947/2947
f 2964/2964/2964 2947/2947/2947 2948/2948/2948
f 2937/2937/2937 2944/2944/2944 2945/2945/2945
f 2943/2943/2943 2938/2938/2938 2942/2942/2942
f 2945/2945/2945 2946/2946/2946 2937/2937/2937
f 2936/2936/2936 2921/2921/2921 2922/2922/2922
f 2936/2936/2936 2922/2922/2922 2923/2923/2923
f 2936/2936/2936 2923/2923/2923 2934/2934/2934
f 2934/2934/2934 2924/2924/2924 2925/2925/2925
f 2934/2934/2934 2923/2923/2923 2924/2924/2924
f 2938/2938/2938 2934/2934/2934 2925/2925/2925 2926/2926/2926
f 2940/2940/2940 2941/2941/2941 2928/2928/2928
f 2938/2938/2938 2928/2928/2928 2941/2941/2941
f 2942/2942/2942 2938/2938/2938 2941/2941/2941
f 2938/2938/2938 2926/2926/2926 2927/2927/2927
f 2940/2940/2940 2928/2928/2928 2939/2939/2939
f 2938/2938/2938 2927/2927/2927 2928/2928/2928
f 2920/2920/2920 2929/2929/2929 2919/2919/2919
f 2997/2997/2997 2996/2996/2996 3042/3042/3042 2998/2998/2998
f 2998/2998/2998 3042/3042/3042 3041/3041/3041 2999/2999/2999
f 3000/3000/3000 3040/3040/3040 3039/3039/3039 3001/3001/3001
f 3001/3001/3001 3039/3039/3039 3038/3038/3038 3002/3002/3002
f 2999/2999/2999 3041/3041/3041 3040/3040/3040 3000/3000/3000
f 3003/3003/3003 3037/3037/3037 3036/3036/3036 3004/3004/3004
f 3004/3004/3004 3036/3036/3036 3035/3035/3035 3005/3005/3005
f 3006/3006/3006 3034/3034/3034 3033/3033/3033 3007/3007/3007
f 3007/3007/3007 3033/3033/3033 3032/3032/3032 3008/3008/3008
f 3005/3005/3005 3035/3035/3035 3034/3034/3034 3006/3006/3006
f 3002/3002/3002 3038/3038/3038 3037/3037/3037 3003/3003/3003
f 3031/3031/3031 3009/3009/3009 3008/3008/3008 3032/3032/3032
f 3009/3009/3009 3031/3031/3031 3030/3030/3030 3010/3010/3010
f 3010/3010/3010 3030/3030/3030 3029/3029/3029 3011/3011/3011
f 3012/3012/3012 3028/3028/3028 3027/3027/3027 3013/3013/3013
f 3013/3013/3013 3027/3027/3027 3026/3026/3026 3014/3014/3014
f 3012/3012/3012 3011/3011/3011 3029/3029/3029 3028/3028/3028
f 3015/3015/3015 3025/3025/3025 3024/3024/3024 3016/3016/3016
f 3016/3016/3016 3024/3024/3024 3023/3023/3023 3017/3017/3017
f 3018/3018/3018 3022/3022/3022 3021/3021/3021 3019/3019/3019
f 2995/2995/2995 3019/3019/3019 3021/3021/3021 3020/3020/3020
f 3017/3017/3017 3023/3023/3023 3022/3022/3022 3018/3018/3018
f 3014/3014/3014 3026/3026/3026 3025/3025/3025 3015/3015/3015
usemtl Default
v 1710 2340 -5110
v 1710 2330 -5110
v 710 2340 -5110
v 710 2330 -5110
v 1666.521728515625 2340 -5110
v 1623.04345703125 2340 -5110
v 1579.565185546875 2340 -5110
v 1536.0869140625 2340 -5110
v 1492.608642578125 2340 -5110
v 1449.1304931640625 2340 -5110
v 1405.6522216796875 2340 -5110
v 1362.1739501953125 2340 -5110
v 1318.6956787109375 2340 -5110
v 1275.2174072265625 2340 -5110
v 1231.7391357421875 2340 -5110
v 1188.2608642578125 2340 -5110
v 1144.7825927734375 2340 -5110
v 1101.3043212890625 2340 -5110
v 1057.8260498046875 2340 -5110
v 1014.3478393554688 2340 -5110
v 970.86956787109375 2340 -5110
v 927.39129638671875 2340 -5110
v 883.91302490234375 2340 -5110
v 840.43475341796875 2340 -5110
v 796.95654296875 2340 -5110
v 753.478271484375 2340 -5110
v 753.478271484375 2330 -5110
v 796.95654296875 2330 -5110
v 840.43475341796875 2330 -5110
v 883.91302490234375 2330 -5110
v 927.39129638671875 2330 -5110
v 970.86956787109375 2330 -5110
v 1014.3478393554688 2330 -5110
v 1057.8260498046875 2330 -5110
v 1101.3043212890625 2330 -5110
v 1144.7825927734375 2330 -5110
v 1188.2608642578125 2330 -5110
v 1231.7391357421875 2330 -5110
v 1275.2174072265625 2330 -5110
v 1318.6956787109375 2330 -5110
v 1362.1739501953125 2330 -5110
v 1405.6522216796875 2330 -5110
v 1449.1304931640625 2330 -5110
v 1492.608642578125 2330 -5110
v 1536.0869140625 2330 -5110
v 1579.565185546875 2330 -5110
v 1623.04345703125 2330 -5110
v 1666.521728515625 2330 -5110
v 710 2340 -5110
v 710 2330 -5110
v 710 2330 -5284
v 710 2340 -5980
v 710 2340 -5153.5
v 710 2340 -5197
v 710 2340 -5240.5
v 710 2340 -5284
v 710 2340 -5327.5
v 710 2340 -5371
v 710 2340 -5414.5
v 710 2340 -5458
v 710 2340 -5501.5
v 710 2340 -5545
v 710 2340 -5588.5
v 710 2340 -5632
v 710 2340 -5675.5
v 710 2340 -5719
v 710 2340 -5762.5
v 710 2340 -5806
v 710 2340 -5849.5
v 710 2340 -5893
v 710 2340 -5936.5
v 710 2330 -5980
v 710 2330 -5936.5
v 710 2330 -5893
v 710 2330 -5849.5
v 710 2330 -5806
v 710 2330 -5762.5
v 710 2330 -5719
v 710 2330 -5675.5
v 710 2330 -5632
v 710 2330 -5588.5
v 710 2330 -5545
v 710 2330 -5501.5
v 710 2330 -5458
v 710 2330 -5414.5
v 710 2330 -5371
v 710 2330 -5327.5
v 710 2330 -5240.5
v 710 2330 -5197
v 710 2330 -5153.5
v 1710 2330 -5980
v 1710 2330 -5632
v 1710 2340 -5458
v 1710 2330 -5458
v 1710 2340 -5110
v 1710 2330 -5110
v 1710 2340 -5980
v 1710 2340 -5936.5
v 1710 2340 -5893
v 1710 2340 -5849.5
v 1710 2340 -5806
v 1710 2340 -5762.5
v 1710 2340 -5719
v 1710 2340 -5675.5
v 1710 2340 -5632
v 1710 2340 -5588.5
v 1710 2340 -5545
v 1710 2340 -5501.5
v 1710 2340 -5414.5
v 1710 2340 -5371
v 1710 2340 -5327.5
v 1710 2340 -5284
v 1710 2340 -5240.5
v 1710 2340 -5197
v 1710 2340 -5153.5
v 1710 2330 -5153.5
v 1710 2330 -5197
v 1710 2330 -5240.5
v 1710 2330 -5284
v 1710 2330 -5327.5
v 1710 2330 -5371
v 1710 2330 -5414.5
v 1710 2330 -5501.5
v 1710 2330 -5545
v 1710 2330 -5588.5
v 1710 2330 -5675.5
v 1710 2330 -5719
v 1710 2330 -5762.5
v 1710 2330 -5806
v 1710 2330 -5849.5
v 1710 2330 -5893
v 1710 2330 -5936.5
v 1710 2340 -5110
v 710 2340 -5110
v 710 2340 -5980
v 1666.521728515625 2340 -5110
v 1623.04345703125 2340 -5110
v 1579.565185546875 2340 -5110
v 1536.0869140625 2340 -5110
v 1492.608642578125 2340 -5110
v 1449.1304931640625 2340 -5110
v 1405.6522216796875 2340 -5110
v 1362.1739501953125 2340 -5110
v 1318.6956787109375 2340 -5110
v 1275.2174072265625 2340 -5110
v 1231.7391357421875 2340 -5110
v 1188.2608642578125 2340 -5110
v 1144.7825927734375 2340 -5110
v 1101.3043212890625 2340 -5110
v 1057.8260498046875 2340 -5110
v 1014.3478393554688 2340 -5110
v 970.86956787109375 2340 -5110
v 927.39129638671875 2340 -5110
v 883.91302490234375 2340 -5110
v 840.43475341796875 2340 -5110
v 796.95654296875 2340 -5110
v 753.478271484375 2340 -5110
v 1210 2340 -5545
v 1210 2340 -5327.5
v 1460 2340 -5545
v 1460 2340 -5327.5
v 1460 2340 -5218.75
v 1585 2340 -5327.5
v 1585 2340 -5218.75
v 1210 2340 -5218.75
v 1335 2340 -5327.5
v 1335 2340 -5218.75
v 960 2340 -5545
v 960 2340 -5327.5
v 960 2340 -5218.75
v 1085 2340 -5327.5
v 1085 2340 -5218.75
v 835 2340 -5327.5
v 835 2340 -5218.75
v 710 2340 -5153.5
v 710 2340 -5197
v 710 2340 -5240.5
v 710 2340 -5284
v 710 2340 -5327.5
v 710 2340 -5371
v 710 2340 -5414.5
v 710 2340 -5458
v 710 2340 -5501.5
v 710 2340 -5545
v 710 2340 -5588.5
v 710 2340 -5632
v 710 2340 -5675.5
v 710 2340 -5719
v 710 2340 -5762.5
v 710 2340 -5806
v 710 2340 -5849.5
v 710 2340 -5893
v 710 2340 -5936.5
v 835 2340 -5545
v 960 2340 -5436.25
v 835 2340 -5436.25
v 1210 2340 -5762.5
v 960 2340 -5762.5
v 835 2340 -5762.5
v 960 2340 -5653.75
v 835 2340 -5653.75
v 960 2340 -5871.25
v 835 2340 -5871.25
v 753.478271484375 2340 -5980
v 796.95654296875 2340 -5980
v 840.43475341796875 2340 -5980
v 883.91302490234375 2340 -5980
v 927.39129638671875 2340 -5980
v 970.86956787109375 2340 -5980
v 1014.3478393554688 2340 -5980
v 1057.8260498046875 2340 -5980
v 1101.3043212890625 2340 -5980
v 1144.7825927734375 2340 -5980
v 1188.2608642578125 2340 -5980
v 1231.7391357421875 2340 -5980
v 1275.2174072265625 2340 -5980
v 1318.6956787109375 2340 -5980
v 1362.1739501953125 2340 -5980
v 1405.6522216796875 2340 -5980
v 1449.1304931640625 2340 -5980
v 1492.608642578125 2340 -5980
v 1536.0869140625 2340 -5980
v 1579.565185546875 2340 -5980
v 1623.04345703125 2340 -5980
v 1666.521728515625 2340 -5980
v 1210 2340 -5871.25
v 1085 2340 -5762.5
v 1085 2340 -5871.25
v 1460 2340 -5762.5
v 1460 2340 -5871.25
v 1335 2340 -5762.5
v 1335 2340 -5871.25
v 1585 2340 -5762.5
v 1585 2340 -5871.25
v 1710 2340 -5980
v 1710 2340 -5936.5
v 1710 2340 -5893
v 1710 2340 -5849.5
v 1710 2340 -5806
v 1710 2340 -5762.5
v 1710 2340 -5719
v 1710 2340 -5675.5
v 1710 2340 -5632
v 1710 2340 -5588.5
v 1710 2340 -5545
v 1710 2340 -5501.5
v 1710 2340 -5458
v 1710 2340 -5414.5
v 1710 2340 -5371
v 1710 2340 -5327.5
v 1710 2340 -5284
v 1710 2340 -5240.5
v 1710 2340 -5197
v 1710 2340 -5153.5
v 1460 2340 -5653.75
v 1585 2340 -5545
v 1585 2340 -5653.75
v 1460 2340 -5436.25
v 1585 2340 -5436.25
v 1710 2330 -5110
v 1710 2330 -5980
v 710 2330 -5110
v 1666.521728515625 2330 -5110
v 1623.04345703125 2330 -5110
v 1579.565185546875 2330 -5110
v 1536.0869140625 2330 -5110
v 1492.608642578125 2330 -5110
v 1449.1304931640625 2330 -5110
v 1405.6522216796875 2330 -5110
v 1362.1739501953125 2330 -5110
v 1318.6956787109375 2330 -5110
v 1275.2174072265625 2330 -5110
v 1231.7391357421875 2330 -5110
v 1188.2608642578125 2330 -5110
v 1144.7825927734375 2330 -5110
v 1101.3043212890625 2330 -5110
v 1057.8260498046875 2330 -5110
v 1014.3478393554688 2330 -5110
v 970.86956787109375 2330 -5110
v 927.39129638671875 2330 -5110
v 883.91302490234375 2330 -5110
v 840.43475341796875 2330 -5110
v 796.95654296875 2330 -5110
v 753.478271484375 2330 -5110
v 1210 2330 -5545
v 1210 2330 -5327.5
v 1460 2330 -5545
v 1460 2330 -5327.5
v 1460 2330 -5218.75
v 1585 2330 -5327.5
v 1585 2330 -5218.75
v 1210 2330 -5218.75
v 1335 2330 -5327.5
v 1335 2330 -5218.75
v 960 2330 -5545
v 960 2330 -5327.5
v 960 2330 -5218.75
v 1085 2330 -5327.5
v 1085 2330 -5218.75
v 835 2330 -5327.5
v 835 2330 -5218.75
v 710 2330 -5153.5
v 710 2330 -5197
v 710 2330 -5240.5
v 710 2330 -5284
v 710 2330 -5327.5
v 710 2330 -5371
v 710 2330 -5414.5
v 710 2330 -5458
v 710 2330 -5501.5
v 710 2330 -5545
v 710 2330 -5588.5
v 710 2330 -5632
v 710 2330 -5675.5
v 710 2330 -5719
v 710 2330 -5762.5
v 710 2330 -5806
v 710 2330 -5849.5
v 710 2330 -5893
v 710 2330 -5936.5
v 835 2330 -5545
v 960 2330 -5436.25
v 835 2330 -5436.25
v 1210 2330 -5762.5
v 960 2330 -5762.5
v 835 2330 -5762.5
v 960 2330 -5653.75
v 835 2330 -5653.75
v 960 2330 -5871.25
v 835 2330 -5871.25
v 710 2330 -5980
v 753.478271484375 2330 -5980
v 796.95654296875 2330 -5980
v 840.43475341796875 2330 -5980
v 883.91302490234375 2330 -5980
v 927.39129638671875 2330 -5980
v 970.86956787109375 2330 -5980
v 1014.3478393554688 2330 -5980
v 1057.8260498046875 2330 -5980
v 1101.3043212890625 2330 -5980
v 1144.7825927734375 2330 -5980
v 1188.2608642578125 2330 -5980
v 1231.7391357421875 2330 -5980
v 1275.2174072265625 2330 -5980
v 1318.6956787109375 2330 -5980
v 1362.1739501953125 2330 -5980
v 1405.6522216796875 2330 -5980
v 1449.1304931640625 2330 -5980
v 1492.608642578125 2330 -5980
v 1536.0869140625 2330 -5980
v 1579.565185546875 2330 -5980
v 1623.04345703125 2330 -5980
v 1666.521728515625 2330 -5980
v 1210 2330 -5871.25
v 1085 2330 -5762.5
v 1085 2330 -5871.25
v 1460 2330 -5762.5
v 1460 2330 -5871.25
v 1335 2330 -5762.5
v 1335 2330 -5871.25
v 1585 2330 -5762.5
v 1585 2330 -5871.25
v 1710 2330 -5936.5
v 1710 2330 -5893
v 1710 2330 -5849.5
v 1710 2330 -5806
v 1710 2330 -5762.5
v 1710 2330 -5719
v 1710 2330 -5675.5
v 1710 2330 -5632
v 1710 2330 -5588.5
v 1710 2330 -5545
v 1710 2330 -5501.5
v 1710 2330 -5458
v 1710 2330 -5414.5
v 1710 2330 -5371
v 1710 2330 -5327.5
v 1710 2330 -5284
v 1710 2330 -5240.5
v 1710 2330 -5197
v 1710 2330 -5153.5
v 1460 2330 -5653.75
v 1585 2330 -5545
v 1585 2330 -5653.75
v 1460 2330 -5436.25
v 1585 2330 -5436.25
v 1710 2330 -5980
v 710 2340 -5980
v 1710 2340 -5980
v 1666.521728515625 2340 -5980
v 1623.04345703125 2340 -5980
v 1579.565185546875 2340 -5980
v 1536.0869140625 2340 -5980
v 1492.608642578125 2340 -5980
v 1449.1304931640625 2340 -5980
v 1405.6522216796875 2340 -5980
v 1362.1739501953125 2340 -5980
v 1318.6956787109375 2340 -5980
v 1275.2174072265625 2340 -5980
v 1231.7391357421875 2340 -5980
v 1188.2608642578125 2340 -5980
v 1144.7825927734375 2340 -5980
v 1101.3043212890625 2340 -5980
v 1057.8260498046875 2340 -5980
v 1014.3478393554688 2340 -5980
v 970.86956787109375 2340 -5980
v 927.39129638671875 2340 -5980
v 883.91302490234375 2340 -5980
v 840.43475341796875 2340 -5980
v 796.95654296875 2340 -5980
v 753.478271484375 2340 -5980
v 710 2330 -5980
v 753.478271484375 2330 -5980
v 796.95654296875 2330 -5980
v 840.43475341796875 2330 -5980
v 883.91302490234375 2330 -5980
v 927.39129638671875 2330 -5980
v 970.86956787109375 2330 -5980
v 1014.3478393554688 2330 -5980
v 1057.8260498046875 2330 -5980
v 1101.3043212890625 2330 -5980
v 1144.7825927734375 2330 -5980
v 1188.2608642578125 2330 -5980
v 1231.7391357421875 2330 -5980
v 1275.2174072265625 2330 -5980
v 1318.6956787109375 2330 -5980
v 1362.1739501953125 2330 -5980
v 1405.6522216796875 2330 -5980
v 1449.1304931640625 2330 -5980
v 1492.608642578125 2330 -5980
v 1536.0869140625 2330 -5980
v 1579.565185546875 2330 -5980
v 1623.04345703125 2330 -5980
v 1666.521728515625 2330 -5980
vt 0.017241379246115685 0
vt 0.01149425283074379 0
vt 0.017241379246115685 0.57471263408660889
vt 0.01149425283074379 0.57471263408660889
vt 0.017241379246115685 0.024987507611513138
vt 0.017241379246115685 0.049975015223026276
vt 0.017241379246115685 0.074962519109249115
vt 0.017241379246115685 0.099950030446052551
vt 0.017241379246115685 0.12493752688169479
vt 0.017241379246115685 0.14992503821849823
vt 0.017241379246115685 0.17491254210472107
vt 0.017241379246115685 0.1999000608921051
vt 0.017241379246115685 0.22488754987716675
vt 0.017241379246115685 0.24987505376338959
vt 0.017241379246115685 0.27486255764961243
vt 0.017241379246115685 0.29985007643699646
vt 0.017241379246115685 0.32483756542205811
vt 0.017241379246115685 0.34982508420944214
vt 0.017241379246115685 0.37481260299682617
vt 0.017241379246115685 0.39980012178421021
vt 0.017241379246115685 0.42478761076927185
vt 0.017241379246115685 0.4497750997543335
vt 0.017241379246115685 0.47476261854171753
vt 0.017241379246115685 0.49975010752677917
vt 0.017241379246115685 0.5247376561164856
vt 0.017241379246115685 0.54972511529922485
vt 0.01149425283074379 0.54972511529922485
vt 0.01149425283074379 0.5247376561164856
vt 0.01149425283074379 0.49975010752677917
vt 0.01149425283074379 0.47476261854171753
vt 0.01149425283074379 0.4497750997543335
vt 0.01149425283074379 0.42478761076927185
vt 0.01149425283074379 0.39980012178421021
vt 0.01149425283074379 0.37481260299682617
vt 0.01149425283074379 0.34982508420944214
vt 0.01149425283074379 0.32483756542205811
vt 0.01149425283074379 0.29985007643699646
vt 0.01149425283074379 0.27486255764961243
vt 0.01149425283074379 0.24987505376338959
vt 0.01149425283074379 0.22488754987716675
vt 0.01149425283074379 0.1999000608921051
vt 0.01149425283074379 0.17491254210472107
vt 0.01149425283074379 0.14992503821849823
vt 0.01149425283074379 0.12493752688169479
vt 0.01149425283074379 0.099950030446052551
vt 0.01149425283074379 0.074962519109249115
vt 0.01149425283074379 0.049975015223026276
vt 0.01149425283074379 0.024987507611513138
vt 0.01149425283074379 0
vt 0.0057471264153718948 0
vt 0.0057471264153718948 0.10000000149011612
vt 0.01149425283074379 0.5
vt 0.01149425283074379 0.02500000037252903
vt 0.01149425283074379 0.05000000074505806
vt 0.01149425283074379 0.075000002980232239
vt 0.01149425283074379 0.10000000149011612
vt 0.01149425283074379 0.125
vt 0.01149425283074379 0.15000000596046448
vt 0.01149425283074379 0.17499999701976776
vt 0.01149425283074379 0.20000000298023224
vt 0.01149425283074379 0.22499999403953552
vt 0.01149425283074379 0.25
vt 0.01149425283074379 0.27500000596046448
vt 0.01149425283074379 0.30000001192092896
vt 0.01149425283074379 0.32499998807907104
vt 0.01149425283074379 0.34999999403953552
vt 0.01149425283074379 0.375
vt 0.01149425283074379 0.40000000596046448
vt 0.01149425283074379 0.42500001192092896
vt 0.01149425283074379 0.44999998807907104
vt 0.01149425283074379 0.47499999403953552
vt 0.0057471264153718948 0.5
vt 0.0057471264153718948 0.47499999403953552
vt 0.0057471264153718948 0.44999998807907104
vt 0.0057471264153718948 0.42500001192092896
vt 0.0057471264153718948 0.40000000596046448
vt 0.0057471264153718948 0.375
vt 0.0057471264153718948 0.34999999403953552
vt 0.0057471264153718948 0.32499998807907104
vt 0.0057471264153718948 0.30000001192092896
vt 0.0057471264153718948 0.27500000596046448
vt 0.0057471264153718948 0.25
vt 0.0057471264153718948 0.22499999403953552
vt 0.0057471264153718948 0.20000000298023224
vt 0.0057471264153718948 0.17499999701976776
vt 0.0057471264153718948 0.15000000596046448
vt 0.0057471264153718948 0.125
vt 0.0057471264153718948 0.075000002980232239
vt 0.0057471264153718948 0.05000000074505806
vt 0.0057471264153718948 0.02500000037252903
vt 0 0
vt 0 0.20000000298023224
vt 0.0057471264153718948 0.30000001192092896
vt 0 0.30000001192092896
vt 0.0057471264153718948 0.5
vt 0 0.5
vt 0.0057471264153718948 0
vt 0.0057471264153718948 0.02500000037252903
vt 0.0057471264153718948 0.05000000074505806
vt 0.0057471264153718948 0.075000002980232239
vt 0.0057471264153718948 0.10000000149011612
vt 0.0057471264153718948 0.125
vt 0.0057471264153718948 0.15000000596046448
vt 0.0057471264153718948 0.17499999701976776
vt 0.0057471264153718948 0.20000000298023224
vt 0.0057471264153718948 0.22499999403953552
vt 0.0057471264153718948 0.25
vt 0.0057471264153718948 0.27500000596046448
vt 0.0057471264153718948 0.32499998807907104
vt 0.0057471264153718948 0.34999999403953552
vt 0.0057471264153718948 0.375
vt 0.0057471264153718948 0.40000000596046448
vt 0.0057471264153718948 0.42500001192092896
vt 0.0057471264153718948 0.44999998807907104
vt 0.0057471264153718948 0.47499999403953552
vt 0 0.47499999403953552
vt 0 0.44999998807907104
vt 0 0.42500001192092896
vt 0 0.40000000596046448
vt 0 0.375
vt 0 0.34999999403953552
vt 0 0.32499998807907104
vt 0 0.27500000596046448
vt 0 0.25
vt 0 0.22499999403953552
vt 0 0.17499999701976776
vt 0 0.15000000596046448
vt 0 0.125
vt 0 0.10000000149011612
vt 0 0.075000002980232239
vt 0 0.05000000074505806
vt 0 0.02500000037252903
vt 0.022988505661487579 0.5
vt 0.59623628854751587 0.5
vt 0.59623628854751587 0.99853515625
vt 0.047912321984767914 0.5
vt 0.072836138308048248 0.5
vt 0.097759954631328583 0.5
vt 0.12268377840518951 0.5
vt 0.14760759472846985 0.5
vt 0.17253141105175018 0.5
vt 0.19745522737503052 0.5
vt 0.22237904369831085 0.5
vt 0.24730286002159119 0.5
vt 0.27222666144371033 0.5
vt 0.29715049266815186 0.5
vt 0.32207432389259338 0.5
vt 0.34699812531471252 0.5
vt 0.37192192673683167 0.5
vt 0.39684578776359558 0.5
vt 0.42176958918571472 0.5
vt 0.44669339060783386 0.5
vt 0.47161722183227539 0.5
vt 0.49654102325439453 0.5
vt 0.52146482467651367 0.5
vt 0.54638868570327759 0.5
vt 0.57131248712539673 0.5
vt 0.30961239337921143 0.749267578125
vt 0.30961239337921143 0.6246337890625
vt 0.1663004606962204 0.749267578125
vt 0.1663004606962204 0.6246337890625
vt 0.1663004606962204 0.56231689453125
vt 0.09464447945356369 0.6246337890625
vt 0.09464447945356369 0.56231689453125
vt 0.30961239337921143 0.56231689453125
vt 0.23795643448829651 0.6246337890625
vt 0.23795643448829651 0.56231689453125
vt 0.45292434096336365 0.749267578125
vt 0.45292434096336365 0.6246337890625
vt 0.45292434096336365 0.56231689453125
vt 0.38126838207244873 0.6246337890625
vt 0.38126838207244873 0.56231689453125
vt 0.52458035945892334 0.6246337890625
vt 0.52458035945892334 0.56231689453125
vt 0.59623628854751587 0.52492678165435791
vt 0.59623628854751587 0.54985350370407104
vt 0.59623628854751587 0.57478028535842896
vt 0.59623628854751587 0.59970700740814209
vt 0.59623628854751587 0.6246337890625
vt 0.59623628854751587 0.64956057071685791
vt 0.59623628854751587 0.67448729276657104
vt 0.59623628854751587 0.69941407442092896
vt 0.59623628854751587 0.72434079647064209
vt 0.59623628854751587 0.749267578125
vt 0.59623628854751587 0.77419435977935791
vt 0.59623628854751587 0.79912108182907104
vt 0.59623628854751587 0.82404786348342896
vt 0.59623628854751587 0.84897458553314209
vt 0.59623628854751587 0.8739013671875
vt 0.59623628854751587 0.89882814884185791
vt 0.59623628854751587 0.92375487089157104
vt 0.59623628854751587 0.94868165254592896
vt 0.59623628854751587 0.97360837459564209
vt 0.52458035945892334 0.749267578125
vt 0.45292434096336365 0.68695068359375
vt 0.52458035945892334 0.68695068359375
vt 0.30961239337921143 0.8739013671875
vt 0.45292434096336365 0.8739013671875
vt 0.52458035945892334 0.8739013671875
vt 0.45292434096336365 0.81158447265625
vt 0.52458035945892334 0.81158447265625
vt 0.45292434096336365 0.93621826171875
vt 0.52458035945892334 0.93621826171875
vt 0.57131248712539673 0.99853515625
vt 0.54638868570327759 0.99853515625
vt 0.52146482467651367 0.99853515625
vt 0.49654102325439453 0.99853515625
vt 0.47161722183227539 0.99853515625
vt 0.44669339060783386 0.99853515625
vt 0.42176958918571472 0.99853515625
vt 0.39684578776359558 0.99853515625
vt 0.37192192673683167 0.99853515625
vt 0.34699812531471252 0.99853515625
vt 0.32207432389259338 0.99853515625
vt 0.29715049266815186 0.99853515625
vt 0.27222666144371033 0.99853515625
vt 0.24730286002159119 0.99853515625
vt 0.22237904369831085 0.99853515625
vt 0.19745522737503052 0.99853515625
vt 0.17253141105175018 0.99853515625
vt 0.14760759472846985 0.99853515625
vt 0.12268377840518951 0.99853515625
vt 0.097759954631328583 0.99853515625
vt 0.072836138308048248 0.99853515625
vt 0.047912321984767914 0.99853515625
vt 0.30961239337921143 0.93621826171875
vt 0.38126838207244873 0.8739013671875
vt 0.38126838207244873 0.93621826171875
vt 0.1663004606962204 0.8739013671875
vt 0.1663004606962204 0.93621826171875
vt 0.23795643448829651 0.8739013671875
vt 0.23795643448829651 0.93621826171875
vt 0.09464447945356369 0.8739013671875
vt 0.09464447945356369 0.93621826171875
vt 0.022988505661487579 0.99853515625
vt 0.022988505661487579 0.97360837459564209
vt 0.022988505661487579 0.94868165254592896
vt 0.022988505661487579 0.92375487089157104
vt 0.022988505661487579 0.89882814884185791
vt 0.022988505661487579 0.8739013671875
vt 0.022988505661487579 0.84897458553314209
vt 0.022988505661487579 0.82404786348342896
vt 0.022988505661487579 0.79912108182907104
vt 0.022988505661487579 0.77419435977935791
vt 0.022988505661487579 0.749267578125
vt 0.022988505661487579 0.72434079647064209
vt 0.022988505661487579 0.69941407442092896
vt 0.022988505661487579 0.67448729276657104
vt 0.022988505661487579 0.64956057071685791
vt 0.022988505661487579 0.6246337890625
vt 0.022988505661487579 0.59970700740814209
vt 0.022988505661487579 0.57478028535842896
vt 0.022988505661487579 0.54985350370407104
vt 0.022988505661487579 0.52492678165435791
vt 0.1663004606962204 0.81158447265625
vt 0.09464447945356369 0.749267578125
vt 0.09464447945356369 0.81158447265625
vt 0.1663004606962204 0.68695068359375
vt 0.09464447945356369 0.68695068359375
vt 0.022988505661487579 0
vt 0.022988505661487579 0.49853515625
vt 0.59623628854751587 0
vt 0.047912321984767914 0
vt 0.072836138308048248 0
vt 0.097759954631328583 0
vt 0.12268377840518951 0
vt 0.14760759472846985 0
vt 0.17253141105175018 0
vt 0.19745522737503052 0
vt 0.22237904369831085 0
vt 0.24730286002159119 0
vt 0.27222666144371033 0
vt 0.29715049266815186 0
vt 0.32207432389259338 0
vt 0.34699812531471252 0
vt 0.37192192673683167 0
vt 0.39684578776359558 0
vt 0.42176958918571472 0
vt 0.44669339060783386 0
vt 0.47161722183227539 0
vt 0.49654102325439453 0
vt 0.52146482467651367 0
vt 0.54638868570327759 0
vt 0.57131248712539673 0
vt 0.30961239337921143 0.249267578125
vt 0.30961239337921143 0.1246337890625
vt 0.1663004606962204 0.249267578125
vt 0.1663004606962204 0.1246337890625
vt 0.1663004606962204 0.06231689453125
vt 0.09464447945356369 0.1246337890625
vt 0.09464447945356369 0.06231689453125
vt 0.30961239337921143 0.06231689453125
vt 0.23795643448829651 0.1246337890625
vt 0.23795643448829651 0.06231689453125
vt 0.45292434096336365 0.249267578125
vt 0.45292434096336365 0.1246337890625
vt 0.45292434096336365 0.06231689453125
vt 0.38126838207244873 0.1246337890625
vt 0.38126838207244873 0.06231689453125
vt 0.52458035945892334 0.1246337890625
vt 0.52458035945892334 0.06231689453125
vt 0.59623628854751587 0.02492675743997097
vt 0.59623628854751587 0.04985351487994194
vt 0.59623628854751587 0.074780277907848358
vt 0.59623628854751587 0.099707029759883881
vt 0.59623628854751587 0.1246337890625
vt 0.59623628854751587 0.14956055581569672
vt 0.59623628854751587 0.17448730766773224
vt 0.59623628854751587 0.19941405951976776
vt 0.59623628854751587 0.22434081137180328
vt 0.59623628854751587 0.249267578125
vt 0.59623628854751587 0.27419432997703552
vt 0.59623628854751587 0.29912111163139343
vt 0.59623628854751587 0.32404783368110657
vt 0.59623628854751587 0.34897461533546448
vt 0.59623628854751587 0.3739013671875
vt 0.59623628854751587 0.39882811903953552
vt 0.59623628854751587 0.42375490069389343
vt 0.59623628854751587 0.44868162274360657
vt 0.59623628854751587 0.47360840439796448
vt 0.52458035945892334 0.249267578125
vt 0.45292434096336365 0.18695068359375
vt 0.52458035945892334 0.18695068359375
vt 0.30961239337921143 0.3739013671875
vt 0.45292434096336365 0.3739013671875
vt 0.52458035945892334 0.3739013671875
vt 0.45292434096336365 0.31158447265625
vt 0.52458035945892334 0.31158447265625
vt 0.45292434096336365 0.43621826171875
vt 0.52458035945892334 0.43621826171875
vt 0.59623628854751587 0.49853515625
vt 0.57131248712539673 0.49853515625
vt 0.54638868570327759 0.49853515625
vt 0.52146482467651367 0.49853515625
vt 0.49654102325439453 0.49853515625
vt 0.47161722183227539 0.49853515625
vt 0.44669339060783386 0.49853515625
vt 0.42176958918571472 0.49853515625
vt 0.39684578776359558 0.49853515625
vt 0.37192192673683167 0.49853515625
vt 0.34699812531471252 0.49853515625
vt 0.32207432389259338 0.49853515625
vt 0.29715049266815186 0.49853515625
vt 0.27222666144371033 0.49853515625
vt 0.24730286002159119 0.49853515625
vt 0.22237904369831085 0.49853515625
vt 0.19745522737503052 0.49853515625
vt 0.17253141105175018 0.49853515625
vt 0.14760759472846985 0.49853515625
vt 0.12268377840518951 0.49853515625
vt 0.097759954631328583 0.49853515625
vt 0.072836138308048248 0.49853515625
vt 0.047912321984767914 0.49853515625
vt 0.30961239337921143 0.43621826171875
vt 0.38126838207244873 0.3739013671875
vt 0.38126838207244873 0.43621826171875
vt 0.1663004606962204 0.3739013671875
vt 0.1663004606962204 0.43621826171875
vt 0.23795643448829651 0.3739013671875
vt 0.23795643448829651 0.43621826171875
vt 0.09464447945356369 0.3739013671875
vt 0.09464447945356369 0.43621826171875
vt 0.022988505661487579 0.47360840439796448
vt 0.022988505661487579 0.44868162274360657
vt 0.022988505661487579 0.42375490069389343
vt 0.022988505661487579 0.39882811903953552
vt 0.022988505661487579 0.3739013671875
vt 0.022988505661487579 0.34897461533546448
vt 0.022988505661487579 0.32404783368110657
vt 0.022988505661487579 0.29912111163139343
vt 0.022988505661487579 0.27419432997703552
vt 0.022988505661487579 0.249267578125
vt 0.022988505661487579 0.22434081137180328
vt 0.022988505661487579 0.19941405951976776
vt 0.022988505661487579 0.17448730766773224
vt 0.022988505661487579 0.14956055581569672
vt 0.022988505661487579 0.1246337890625
vt 0.022988505661487579 0.099707029759883881
vt 0.022988505661487579 0.074780277907848358
vt 0.022988505661487579 0.04985351487994194
vt 0.022988505661487579 0.02492675743997097
vt 0.1663004606962204 0.31158447265625
vt 0.09464447945356369 0.249267578125
vt 0.09464447945356369 0.31158447265625
vt 0.1663004606962204 0.18695068359375
vt 0.09464447945356369 0.18695068359375
vt 0.017241379246115685 0
vt 0.022988505661487579 0.57471263408660889
vt 0.022988505661487579 0
vt 0.022988505661487579 0.024987507611513138
vt 0.022988505661487579 0.049975015223026276
vt 0.022988505661487579 0.074962519109249115
vt 0.022988505661487579 0.099950030446052551
vt 0.022988505661487579 0.12493752688169479
vt 0.022988505661487579 0.14992503821849823
vt 0.022988505661487579 0.17491254210472107
vt 0.022988505661487579 0.1999000608921051
vt 0.022988505661487579 0.22488754987716675
vt 0.022988505661487579 0.24987505376338959
vt 0.022988505661487579 0.27486255764961243
vt 0.022988505661487579 0.29985007643699646
vt 0.022988505661487579 0.32483756542205811
vt 0.022988505661487579 0.34982508420944214
vt 0.022988505661487579 0.37481260299682617
vt 0.022988505661487579 0.39980012178421021
vt 0.022988505661487579 0.42478761076927185
vt 0.022988505661487579 0.4497750997543335
vt 0.022988505661487579 0.47476261854171753
vt 0.022988505661487579 0.49975010752677917
vt 0.022988505661487579 0.5247376561164856
vt 0.022988505661487579 0.54972511529922485
vt 0.017241379246115685 0.57471263408660889
vt 0.017241379246115685 0.54972511529922485
vt 0.017241379246115685 0.5247376561164856
vt 0.017241379246115685 0.49975010752677917
vt 0.017241379246115685 0.47476261854171753
vt 0.017241379246115685 0.4497750997543335
vt 0.017241379246115685 0.42478761076927185
vt 0.017241379246115685 0.39980012178421021
vt 0.017241379246115685 0.37481260299682617
vt 0.017241379246115685 0.34982508420944214
vt 0.017241379246115685 0.32483756542205811
vt 0.017241379246115685 0.29985007643699646
vt 0.017241379246115685 0.27486255764961243
vt 0.017241379246115685 0.24987505376338959
vt 0.017241379246115685 0.22488754987716675
vt 0.017241379246115685 0.1999000608921051
vt 0.017241379246115685 0.17491254210472107
vt 0.017241379246115685 0.14992503821849823
vt 0.017241379246115685 0.12493752688169479
vt 0.017241379246115685 0.099950030446052551
vt 0.017241379246115685 0.074962519109249115
vt 0.017241379246115685 0.049975015223026276
vt 0.017241379246115685 0.024987507611513138
vn 0 0 1
vn 0 0 1
vn 0 0 1
vn 0 0 1
vn 0 0 1
vn 0 0 1
vn 0 0 1
vn 0 0 1
vn 0 0 1
vn 0 0 1
vn 0 0 1
vn 0 0 1
vn 0 0 1
vn 0 0 1
vn 0 0 1
vn 0 0 1
vn 0 0 1
vn 0 0 1
vn 0 0 1
vn 0 0 1
vn 0 0 1
vn 0 0 1
vn 0 0 1
vn 0 0 1
vn 0 0 1
vn 0 0 1
vn 0 0 1
vn 0 0 1
vn 0 0 1
vn 0 0 1
vn 0 0 1
vn 0 0 1
vn 0 0 1
vn 0 0 1
vn 0 0 1
vn 0 0 1
vn 0 0 1
vn 0 0 1
vn 0 0 1
vn 0 0 1
vn 0 0 1
vn 0 0 1
vn 0 0 1
vn 0 0 1
vn 0 0 1
vn 0 0 1
vn 0 0 1
vn 0 0 1
vn -1 0 0
vn -1 0 0
vn -1 0 0
vn -1 0 0
vn -1 0 0
vn -1 0 0
vn -1 0 0
vn -1 0 0
vn -1 0 0
vn -1 0 0
vn -1 0 0
vn -1 0 0
vn -1 0 0
vn -1 0 0
vn -1 0 0
vn -1 0 0
vn -1 0 0
vn -1 0 0
vn -1 0 0
vn -1 0 0
vn -1 0 0
vn -1 0 0
vn -1 0 0
vn -1 0 0
vn -1 0 0
vn -1 0 0
vn -1 0 0
vn -1 0 0
vn -1 0 0
vn -1 0 0
vn -1 0 0
vn -1 0 0
vn -1 0 0
vn -1 0 0
vn -1 0 0
vn -1 0 0
vn -1 0 0
vn -1 0 0
vn -1 0 0
vn -1 0 0
vn -1 0 0
vn -1 0 0
vn 1 0 0
vn 1 0 0
vn 1 0 0
vn 1 0 0
vn 1 0 0
vn 1 0 0
vn 1 0 0
vn 1 0 0
vn 1 0 0
vn 1 0 0
vn 1 0 0
vn 1 0 0
vn 1 0 0
vn 1 0 0
vn 1 0 0
vn 1 0 0
vn 1 0 0
vn 1 0 0
vn 1 0 0
vn 1 0 0
vn 1 0 0
vn 1 0 0
vn 1 0 0
vn 1 0 0
vn 1 0 0
vn 1 0 0
vn 1 0 0
vn 1 0 0
vn 1 0 0
vn 1 0 0
vn 1 0 0
vn 1 0 0
vn 1 0 0
vn 1 0 0
vn 1 0 0
vn 1 0 0
vn 1 0 0
vn 1 0 0
vn 1 0 0
vn 1 0 0
vn 1 0 0
vn 1 0 0
vn 0 1 0
vn 0 1 0
vn 0 1 0
vn 0 1 0
vn 0 1 0
vn 0 1 0
vn 0 1 0
vn 0 1 0
vn 0 1 0
vn 0 1 0
vn 0 1 0
vn 0 1 0
vn 0 1 0
vn 0 1 0
vn 0 1 0
vn 0 1 0
vn 0 1 0
vn 0 1 0
vn 0 1 0
vn 0 1 0
vn 0 1 0
vn 0 1 0
vn 0 1 0
vn 0 1 0
vn 0 1 0
vn 0 1 0
vn 0 1 0
vn 0 1 0
vn 0 1 0
vn 0 1 0
vn 0 1 0
vn 0 1 0
vn 0 1 0
vn 0 1 0
vn 0 1 0
vn 0 1 0
vn 0 1 0
vn 0 1 0
vn 0 1 0
vn 0 1 0
vn 0 1 0
vn 0 1 0
vn 0 1 0
vn 0 1 0
vn 0 1 0
vn 0 1 0
vn 0 1 0
vn 0 1 0
vn 0 1 0
vn 0 1 0
vn 0 1 0
vn 0 1 0
vn 0 1 0
vn 0 1 0
vn 0 1 0
vn 0 1 0
vn 0 1 0
vn 0 1 0
vn 0 1 0
vn 0 1 0
vn 0 1 0
vn 0 1 0
vn 0 1 0
vn 0 1 0
vn 0 1 0
vn 0 1 0
vn 0 1 0
vn 0 1 0
vn 0 1 0
vn 0 1 0
vn 0 1 0
vn 0 1 0
vn 0 1 0
vn 0 1 0
vn 0 1 0
vn 0 1 0
vn 0 1 0
vn 0 1 0
vn 0 1 0
vn 0 1 0
vn 0 1 0
vn 0 1 0
vn 0 1 0
vn 0 1 0
vn 0 1 0
vn 0 1 0
vn 0 1 0
vn 0 1 0
vn 0 1 0
vn 0 1 0
vn 0 1 0
vn 0 1 0
vn 0 1 0
vn 0 1 0
vn 0 1 0
vn 0 1 0
vn 0 1 0
vn 0 1 0
vn 0 1 0
vn 0 1 0
vn 0 1 0
vn 0 1 0
vn 0 1 0
vn 0 1 0
vn 0 1 0
vn 0 1 0
vn 0 1 0
vn 0 1 0
vn 0 1 0
vn 0 1 0
vn 0 1 0
vn 0 1 0
vn 0 1 0
vn 0 1 0
vn 0 1 0
vn 0 1 0
vn 0 1 0
vn 0 1 0
vn 0 1 0
vn 0 1 0
vn 0 1 0
vn 0 1 0
vn 0 1 0
vn 0 1 0
vn 0 1 0
vn 0 1 0
vn 0 1 0
vn 0 -1 0
vn 0 -1 0
vn 0 -1 0
vn 0 -1 0
vn 0 -1 0
vn 0 -1 0
vn 0 -1 0
vn 0 -1 0
vn 0 -1 0
vn 0 -1 0
vn 0 -1 0
vn 0 -1 0
vn 0 -1 0
vn 0 -1 0
vn 0 -1 0
vn 0 -1 0
vn 0 -1 0
vn 0 -1 0
vn 0 -1 0
vn 0 -1 0
vn 0 -1 0
vn 0 -1 0
vn 0 -1 0
vn 0 -1 0
vn 0 -1 0
vn 0 -1 0
vn 0 -1 0
vn 0 -1 0
vn 0 -1 0
vn 0 -1 0
vn 0 -1 0
vn 0 -1 0
vn 0 -1 0
vn 0 -1 0
vn 0 -1 0
vn 0 -1 0
vn 0 -1 0
vn 0 -1 0
vn 0 -1 0
vn 0 -1 0
vn 0 -1 0
vn 0 -1 0
vn 0 -1 0
vn 0 -1 0
vn 0 -1 0
vn 0 -1 0
vn 0 -1 0
vn 0 -1 0
vn 0 -1 0
vn 0 -1 0
vn 0 -1 0
vn 0 -1 0
vn 0 -1 0
vn 0 -1 0
vn 0 -1 0
vn 0 -1 0
vn 0 -1 0
vn 0 -1 0
vn 0 -1 0
vn 0 -1 0
vn 0 -1 0
vn 0 -1 0
vn 0 -1 0
vn 0 -1 0
vn 0 -1 0
vn 0 -1 0
vn 0 -1 0
vn 0 -1 0
vn 0 -1 0
vn 0 -1 0
vn 0 -1 0
vn 0 -1 0
vn 0 -1 0
vn 0 -1 0
vn 0 -1 0
vn 0 -1 0
vn 0 -1 0
vn 0 -1 0
vn 0 -1 0
vn 0 -1 0
vn 0 -1 0
vn 0 -1 0
vn 0 -1 0
vn 0 -1 0
vn 0 -1 0
vn 0 -1 0
vn 0 -1 0
vn 0 -1 0
vn 0 -1 0
vn 0 -1 0
vn 0 -1 0
vn 0 -1 0
vn 0 -1 0
vn 0 -1 0
vn 0 -1 0
vn 0 -1 0
vn 0 -1 0
vn 0 -1 0
vn 0 -1 0
vn 0 -1 0
vn 0 -1 0
vn 0 -1 0
vn 0 -1 0
vn 0 -1 0
vn 0 -1 0
vn 0 -1 0
vn 0 -1 0
vn 0 -1 0
vn 0 -1 0
vn 0 -1 0
vn 0 -1 0
vn 0 -1 0
vn 0 -1 0
vn 0 -1 0
vn 0 -1 0
vn 0 -1 0
vn 0 -1 0
vn 0 -1 0
vn 0 -1 0
vn 0 -1 0
vn 0 -1 0
vn 0 -1 0
vn 0 -1 0
vn 0 -1 0
vn 0 -1 0
vn 0 -1 0
vn 0 -1 0
vn 0 0 -1
vn 0 0 -1
vn 0 0 -1
vn 0 0 -1
vn 0 0 -1
vn 0 0 -1
vn 0 0 -1
vn 0 0 -1
vn 0 0 -1
vn 0 0 -1
vn 0 0 -1
vn 0 0 -1
vn 0 0 -1
vn 0 0 -1
vn 0 0 -1
vn 0 0 -1
vn 0 0 -1
vn 0 0 -1
vn 0 0 -1
vn 0 0 -1
vn 0 0 -1
vn 0 0 -1
vn 0 0 -1
vn 0 0 -1
vn 0 0 -1
vn 0 0 -1
vn 0 0 -1
vn 0 0 -1
vn 0 0 -1
vn 0 0 -1
vn 0 0 -1
vn 0 0 -1
vn 0 0 -1
vn 0 0 -1
vn 0 0 -1
vn 0 0 -1
vn 0 0 -1
vn 0 0 -1
vn 0 0 -1
vn 0 0 -1
vn 0 0 -1
vn 0 0 -1
vn 0 0 -1
vn 0 0 -1
vn 0 0 -1
vn 0 0 -1
vn 0 0 -1
vn 0 0 -1
f 3047/3047/3047 3090/3090/3090 3044/3044/3044 3043/3043/3043
f 3048/3048/3048 3089/3089/3089 3090/3090/3090 3047/3047/3047
f 3050/3050/3050 3087/3087/3087 3088/3088/3088 3049/3049/3049
f 3050/3050/3050 3051/3051/3051 3086/3086/3086 3087/3087/3087
f 3049/3049/3049 3088/3088/3088 3089/3089/3089 3048/3048/3048
f 3052/3052/3052 3053/3053/3053 3084/3084/3084 3085/3085/3085
f 3053/3053/3053 3054/3054/3054 3083/3083/3083 3084/3084/3084
f 3055/3055/3055 3056/3056/3056 3081/3081/3081 3082/3082/3082
f 3056/3056/3056 3057/3057/3057 3080/3080/3080 3081/3081/3081
f 3055/3055/3055 3082/3082/3082 3083/3083/3083 3054/3054/3054
f 3051/3051/3051 3052/3052/3052 3085/3085/3085 3086/3086/3086
f 3057/3057/3057 3058/3058/3058 3079/3079/3079 3080/3080/3080
f 3059/3059/3059 3078/3078/3078 3079/3079/3079 3058/3058/3058
f 3060/3060/3060 3077/3077/3077 3078/3078/3078 3059/3059/3059
f 3062/3062/3062 3075/3075/3075 3076/3076/3076 3061/3061/3061
f 3063/3063/3063 3074/3074/3074 3075/3075/3075 3062/3062/3062
f 3061/3061/3061 3076/3076/3076 3077/3077/3077 3060/3060/3060
f 3065/3065/3065 3072/3072/3072 3073/3073/3073 3064/3064/3064
f 3066/3066/3066 3071/3071/3071 3072/3072/3072 3065/3065/3065
f 3068/3068/3068 3069/3069/3069 3070/3070/3070 3067/3067/3067
f 3045/3045/3045 3046/3046/3046 3069/3069/3069 3068/3068/3068
f 3067/3067/3067 3070/3070/3070 3071/3071/3071 3066/3066/3066
f 3064/3064/3064 3073/3073/3073 3074/3074/3074 3063/3063/3063
f 3091/3091/3091 3095/3095/3095 3132/3132/3132 3092/3092/3092
f 3096/3096/3096 3097/3097/3097 3130/3130/3130 3131/3131/3131
f 3097/3097/3097 3098/3098/3098 3093/3093/3093 3130/3130/3130
f 3095/3095/3095 3096/3096/3096 3131/3131/3131 3132/3132/3132
f 3099/3099/3099 3100/3100/3100 3128/3128/3128 3129/3129/3129
f 3102/3102/3102 3126/3126/3126 3127/3127/3127 3101/3101/3101
f 3103/3103/3103 3125/3125/3125 3126/3126/3126 3102/3102/3102
f 3100/3100/3100 3101/3101/3101 3127/3127/3127 3128/3128/3128
f 3098/3098/3098 3099/3099/3099 3129/3129/3129 3093/3093/3093
f 3104/3104/3104 3124/3124/3124 3125/3125/3125 3103/3103/3103
f 3105/3105/3105 3106/3106/3106 3122/3122/3122 3123/3123/3123
f 3107/3107/3107 3108/3108/3108 3120/3120/3120 3121/3121/3121
f 3108/3108/3108 3109/3109/3109 3119/3119/3119 3120/3120/3120
f 3106/3106/3106 3107/3107/3107 3121/3121/3121 3122/3122/3122
f 3110/3110/3110 3111/3111/3111 3117/3117/3117 3118/3118/3118
f 3112/3112/3112 3113/3113/3113 3115/3115/3115 3116/3116/3116
f 3094/3094/3094 3114/3114/3114 3115/3115/3115 3113/3113/3113
f 3111/3111/3111 3112/3112/3112 3116/3116/3116 3117/3117/3117
f 3109/3109/3109 3110/3110/3110 3118/3118/3118 3119/3119/3119
f 3123/3123/3123 3124/3124/3124 3104/3104/3104 3105/3105/3105
f 3139/3139/3139 3140/3140/3140 3174/3174/3174 3133/3133/3133
f 3141/3141/3141 3142/3142/3142 3172/3172/3172 3173/3173/3173
f 3142/3142/3142 3143/3143/3143 3171/3171/3171 3172/3172/3172
f 3140/3140/3140 3141/3141/3141 3173/3173/3173 3174/3174/3174
f 3144/3144/3144 3145/3145/3145 3169/3169/3169 3170/3170/3170
f 3146/3146/3146 3147/3147/3147 3134/3134/3134 3168/3168/3168
f 3147/3147/3147 3148/3148/3148 3167/3167/3167 3134/3134/3134
f 3145/3145/3145 3146/3146/3146 3168/3168/3168 3169/3169/3169
f 3143/3143/3143 3144/3144/3144 3170/3170/3170 3171/3171/3171
f 3148/3148/3148 3149/3149/3149 3166/3166/3166 3167/3167/3167
f 3135/3135/3135 3136/3136/3136 3165/3165/3165 3150/3150/3150
f 3151/3151/3151 3152/3152/3152 3163/3163/3163 3164/3164/3164
f 3152/3152/3152 3153/3153/3153 3162/3162/3162 3163/3163/3163
f 3135/3135/3135 3151/3151/3151 3164/3164/3164 3136/3136/3136
f 3154/3154/3154 3155/3155/3155 3160/3160/3160 3161/3161/3161
f 3156/3156/3156 3157/3157/3157 3158/3158/3158 3159/3159/3159
f 3157/3157/3157 3137/3137/3137 3138/3138/3138 3158/3158/3158
f 3155/3155/3155 3156/3156/3156 3159/3159/3159 3160/3160/3160
f 3153/3153/3153 3154/3154/3154 3161/3161/3161 3162/3162/3162
f 3150/3150/3150 3165/3165/3165 3166/3166/3166 3149/3149/3149
f 3245/3245/3245 3241/3241/3241 3240/3240/3240 3244/3244/3244
f 3270/3270/3270 3269/3269/3269 3239/3239/3239 3268/3268/3268
f 3244/3244/3244 3240/3240/3240 3269/3269/3269 3270/3270/3270
f 3242/3242/3242 3269/3269/3269 3240/3240/3240
f 3269/3269/3269 3200/3200/3200 3239/3239/3239
f 3200/3200/3200 3242/3242/3242 3210/3210/3210
f 3242/3242/3242 3200/3200/3200 3269/3269/3269
f 3241/3241/3241 3243/3243/3243 3242/3242/3242 3240/3240/3240
f 3243/3243/3243 3236/3236/3236 3210/3210/3210 3242/3242/3242
f 3274/3274/3274 3273/3273/3273 3271/3271/3271 3272/3272/3272
f 3268/3268/3268 3239/3239/3239 3273/3273/3273 3274/3274/3274
f 3272/3272/3272 3271/3271/3271 3275/3275/3275 3276/3276/3276
f 3271/3271/3271 3297/3297/3297 3299/3299/3299 3275/3275/3275
f 3297/3297/3297 3202/3202/3202 3298/3298/3298 3299/3299/3299
f 3273/3273/3273 3297/3297/3297 3271/3271/3271
f 3297/3297/3297 3200/3200/3200 3202/3202/3202
f 3200/3200/3200 3273/3273/3273 3239/3239/3239
f 3273/3273/3273 3200/3200/3200 3297/3297/3297
f 3300/3300/3300 3208/3208/3208 3203/3203/3203
f 3208/3208/3208 3200/3200/3200 3201/3201/3201
f 3200/3200/3200 3300/3300/3300 3202/3202/3202
f 3300/3300/3300 3200/3200/3200 3208/3208/3208
f 3202/3202/3202 3300/3300/3300 3301/3301/3301 3298/3298/3298
f 3300/3300/3300 3203/3203/3203 3205/3205/3205 3301/3301/3301
f 3203/3203/3203 3204/3204/3204 3206/3206/3206 3205/3205/3205
f 3201/3201/3201 3207/3207/3207 3209/3209/3209 3208/3208/3208
f 3208/3208/3208 3209/3209/3209 3204/3204/3204 3203/3203/3203
f 3236/3236/3236 3238/3238/3238 3237/3237/3237 3210/3210/3210
f 3238/3238/3238 3215/3215/3215 3211/3211/3211 3237/3237/3237
f 3213/3213/3213 3237/3237/3237 3211/3211/3211
f 3237/3237/3237 3200/3200/3200 3210/3210/3210
f 3200/3200/3200 3213/3213/3213 3201/3201/3201
f 3213/3213/3213 3200/3200/3200 3237/3237/3237
f 3211/3211/3211 3212/3212/3212 3214/3214/3214 3213/3213/3213
f 3213/3213/3213 3214/3214/3214 3207/3207/3207 3201/3201/3201
f 3215/3215/3215 3216/3216/3216 3212/3212/3212 3211/3211/3211
f 3178/3178/3178 3175/3175/3175 3296/3296/3296
f 3206/3206/3206 3296/3296/3296 3295/3295/3295
f 3296/3296/3296 3206/3206/3206 3179/3179/3179
f 3180/3180/3180 3179/3179/3179 3206/3206/3206
f 3178/3178/3178 3296/3296/3296 3179/3179/3179
f 3294/3294/3294 3206/3206/3206 3295/3295/3295
f 3206/3206/3206 3294/3294/3294 3293/3293/3293
f 3293/3293/3293 3292/3292/3292 3205/3205/3205
f 3291/3291/3291 3290/3290/3290 3301/3301/3301
f 3289/3289/3289 3288/3288/3288 3301/3301/3301
f 3301/3301/3301 3290/3290/3290 3289/3289/3289
f 3205/3205/3205 3292/3292/3292 3291/3291/3291
f 3206/3206/3206 3293/3293/3293 3205/3205/3205
f 3204/3204/3204 3182/3182/3182 3181/3181/3181 3206/3206/3206
f 3204/3204/3204 3184/3184/3184 3183/3183/3183
f 3209/3209/3209 3186/3186/3186 3185/3185/3185
f 3209/3209/3209 3185/3185/3185 3184/3184/3184
f 3204/3204/3204 3183/3183/3183 3182/3182/3182
f 3291/3291/3291 3301/3301/3301 3205/3205/3205
f 3207/3207/3207 3188/3188/3188 3187/3187/3187
f 3187/3187/3187 3209/3209/3209 3207/3207/3207
f 3207/3207/3207 3189/3189/3189 3188/3188/3188
f 3184/3184/3184 3204/3204/3204 3209/3209/3209
f 3209/3209/3209 3187/3187/3187 3186/3186/3186
f 3181/3181/3181 3180/3180/3180 3206/3206/3206
f 3298/3298/3298 3301/3301/3301 3288/3288/3288
f 3298/3298/3298 3287/3287/3287 3286/3286/3286
f 3286/3286/3286 3285/3285/3285 3299/3299/3299
f 3299/3299/3299 3284/3284/3284 3283/3283/3283
f 3284/3284/3284 3299/3299/3299 3285/3285/3285
f 3283/3283/3283 3282/3282/3282 3275/3275/3275
f 3275/3275/3275 3282/3282/3282 3281/3281/3281
f 3298/3298/3298 3288/3288/3288 3287/3287/3287
f 3280/3280/3280 3279/3279/3279 3276/3276/3276
f 3279/3279/3279 3278/3278/3278 3276/3276/3276
f 3267/3267/3267 3278/3278/3278 3277/3277/3277
f 3278/3278/3278 3267/3267/3267 3266/3266/3266
f 3276/3276/3276 3278/3278/3278 3266/3266/3266
f 3281/3281/3281 3280/3280/3280 3276/3276/3276
f 3298/3298/3298 3286/3286/3286 3299/3299/3299
f 3283/3283/3283 3275/3275/3275 3299/3299/3299
f 3281/3281/3281 3276/3276/3276 3275/3275/3275
f 3263/3263/3263 3272/3272/3272 3264/3264/3264
f 3264/3264/3264 3276/3276/3276 3265/3265/3265
f 3272/3272/3272 3261/3261/3261 3260/3260/3260 3274/3274/3274
f 3272/3272/3272 3276/3276/3276 3264/3264/3264
f 3266/3266/3266 3265/3265/3265 3276/3276/3276
f 3272/3272/3272 3263/3263/3263 3262/3262/3262
f 3272/3272/3272 3262/3262/3262 3261/3261/3261
f 3274/3274/3274 3260/3260/3260 3259/3259/3259
f 3258/3258/3258 3257/3257/3257 3268/3268/3268
f 3258/3258/3258 3274/3274/3274 3259/3259/3259
f 3268/3268/3268 3274/3274/3274 3258/3258/3258
f 3214/3214/3214 3190/3190/3190 3189/3189/3189 3207/3207/3207
f 3214/3214/3214 3191/3191/3191 3190/3190/3190
f 3214/3214/3214 3193/3193/3193 3192/3192/3192
f 3212/3212/3212 3194/3194/3194 3193/3193/3193
f 3214/3214/3214 3192/3192/3192 3191/3191/3191
f 3214/3214/3214 3212/3212/3212 3193/3193/3193
f 3195/3195/3195 3194/3194/3194 3212/3212/3212
f 3196/3196/3196 3195/3195/3195 3212/3212/3212
f 3216/3216/3216 3197/3197/3197 3196/3196/3196
f 3215/3215/3215 3220/3220/3220 3219/3219/3219 3216/3216/3216
f 3216/3216/3216 3198/3198/3198 3197/3197/3197
f 3196/3196/3196 3212/3212/3212 3216/3216/3216
f 3217/3217/3217 3199/3199/3199 3198/3198/3198
f 3217/3217/3217 3176/3176/3176 3199/3199/3199
f 3217/3217/3217 3216/3216/3216 3218/3218/3218
f 3218/3218/3218 3216/3216/3216 3219/3219/3219
f 3220/3220/3220 3215/3215/3215 3221/3221/3221
f 3238/3238/3238 3223/3223/3223 3222/3222/3222 3215/3215/3215
f 3222/3222/3222 3221/3221/3221 3215/3215/3215
f 3238/3238/3238 3224/3224/3224 3223/3223/3223
f 3236/3236/3236 3225/3225/3225 3224/3224/3224 3238/3238/3238
f 3226/3226/3226 3225/3225/3225 3236/3236/3236
f 3198/3198/3198 3216/3216/3216 3217/3217/3217
f 3256/3256/3256 3255/3255/3255 3268/3268/3268
f 3270/3270/3270 3268/3268/3268 3255/3255/3255
f 3257/3257/3257 3256/3256/3256 3268/3268/3268
f 3243/3243/3243 3228/3228/3228 3227/3227/3227 3236/3236/3236
f 3254/3254/3254 3270/3270/3270 3255/3255/3255
f 3244/3244/3244 3250/3250/3250 3249/3249/3249 3245/3245/3245
f 3270/3270/3270 3253/3253/3253 3252/3252/3252 3244/3244/3244
f 3270/3270/3270 3254/3254/3254 3253/3253/3253
f 3244/3244/3244 3251/3251/3251 3250/3250/3250
f 3249/3249/3249 3248/3248/3248 3245/3245/3245
f 3251/3251/3251 3244/3244/3244 3252/3252/3252
f 3243/3243/3243 3229/3229/3229 3228/3228/3228
f 3243/3243/3243 3230/3230/3230 3229/3229/3229
f 3243/3243/3243 3241/3241/3241 3230/3230/3230
f 3241/3241/3241 3232/3232/3232 3231/3231/3231
f 3241/3241/3241 3231/3231/3231 3230/3230/3230
f 3245/3245/3245 3233/3233/3233 3232/3232/3232 3241/3241/3241
f 3246/3246/3246 3235/3235/3235 3247/3247/3247
f 3245/3245/3245 3247/3247/3247 3235/3235/3235
f 3248/3248/3248 3247/3247/3247 3245/3245/3245
f 3245/3245/3245 3234/3234/3234 3233/3233/3233
f 3246/3246/3246 3177/3177/3177 3235/3235/3235
f 3245/3245/3245 3235/3235/3235 3234/3234/3234
f 3227/3227/3227 3226/3226/3226 3236/3236/3236
f 3372/3372/3372 3371/3371/3371 3367/3367/3367 3368/3368/3368
f 3398/3398/3398 3396/3396/3396 3366/3366/3366 3397/3397/3397
f 3371/3371/3371 3398/3398/3398 3397/3397/3397 3367/3367/3367
f 3369/3369/3369 3367/3367/3367 3397/3397/3397
f 3397/3397/3397 3366/3366/3366 3327/3327/3327
f 3327/3327/3327 3337/3337/3337 3369/3369/3369
f 3369/3369/3369 3397/3397/3397 3327/3327/3327
f 3368/3368/3368 3367/3367/3367 3369/3369/3369 3370/3370/3370
f 3370/3370/3370 3369/3369/3369 3337/3337/3337 3363/3363/3363
f 3402/3402/3402 3400/3400/3400 3399/3399/3399 3401/3401/3401
f 3396/3396/3396 3402/3402/3402 3401/3401/3401 3366/3366/3366
f 3400/3400/3400 3404/3404/3404 3403/3403/3403 3399/3399/3399
f 3399/3399/3399 3403/3403/3403 3426/3426/3426 3424/3424/3424
f 3424/3424/3424 3426/3426/3426 3425/3425/3425 3329/3329/3329
f 3401/3401/3401 3399/3399/3399 3424/3424/3424
f 3424/3424/3424 3329/3329/3329 3327/3327/3327
f 3327/3327/3327 3366/3366/3366 3401/3401/3401
f 3401/3401/3401 3424/3424/3424 3327/3327/3327
f 3427/3427/3427 3330/3330/3330 3335/3335/3335
f 3335/3335/3335 3328/3328/3328 3327/3327/3327
f 3327/3327/3327 3329/3329/3329 3427/3427/3427
f 3427/3427/3427 3335/3335/3335 3327/3327/3327
f 3329/3329/3329 3425/3425/3425 3428/3428/3428 3427/3427/3427
f 3427/3427/3427 3428/3428/3428 3332/3332/3332 3330/3330/3330
f 3330/3330/3330 3332/3332/3332 3333/3333/3333 3331/3331/3331
f 3328/3328/3328 3335/3335/3335 3336/3336/3336 3334/3334/3334
f 3335/3335/3335 3330/3330/3330 3331/3331/3331 3336/3336/3336
f 3363/3363/3363 3337/3337/3337 3364/3364/3364 3365/3365/3365
f 3365/3365/3365 3364/3364/3364 3338/3338/3338 3342/3342/3342
f 3340/3340/3340 3338/3338/3338 3364/3364/3364
f 3364/3364/3364 3337/3337/3337 3327/3327/3327
f 3327/3327/3327 3328/3328/3328 3340/3340/3340
f 3340/3340/3340 3364/3364/3364 3327/3327/3327
f 3338/3338/3338 3340/3340/3340 3341/3341/3341 3339/3339/3339
f 3340/3340/3340 3328/3328/3328 3334/3334/3334 3341/3341/3341
f 3342/3342/3342 3338/3338/3338 3339/3339/3339 3343/3343/3343
f 3305/3305/3305 3423/3423/3423 3302/3302/3302
f 3333/3333/3333 3422/3422/3422 3423/3423/3423
f 3423/3423/3423 3306/3306/3306 3333/3333/3333
f 3307/3307/3307 3333/3333/3333 3306/3306/3306
f 3305/3305/3305 3306/3306/3306 3423/3423/3423
f 3421/3421/3421 3422/3422/3422 3333/3333/3333
f 3333/3333/3333 3420/3420/3420 3421/3421/3421
f 3420/3420/3420 3332/3332/3332 3419/3419/3419
f 3418/3418/3418 3428/3428/3428 3417/3417/3417
f 3416/3416/3416 3428/3428/3428 3415/3415/3415
f 3428/3428/3428 3416/3416/3416 3417/3417/3417
f 3332/3332/3332 3418/3418/3418 3419/3419/3419
f 3333/3333/3333 3332/3332/3332 3420/3420/3420
f 3331/3331/3331 3333/3333/3333 3308/3308/3308 3309/3309/3309
f 3331/3331/3331 3310/3310/3310 3311/3311/3311
f 3336/3336/3336 3312/3312/3312 3313/3313/3313
f 3336/3336/3336 3311/3311/3311 3312/3312/3312
f 3331/3331/3331 3309/3309/3309 3310/3310/3310
f 3418/3418/3418 3332/3332/3332 3428/3428/3428
f 3334/3334/3334 3314/3314/3314 3315/3315/3315
f 3314/3314/3314 3334/3334/3334 3336/3336/3336
f 3334/3334/3334 3315/3315/3315 3316/3316/3316
f 3311/3311/3311 3336/3336/3336 3331/3331/3331
f 3336/3336/3336 3313/3313/3313 3314/3314/3314
f 3308/3308/3308 3333/3333/3333 3307/3307/3307
f 3425/3425/3425 3415/3415/3415 3428/3428/3428
f 3425/3425/3425 3413/3413/3413 3414/3414/3414
f 3413/3413/3413 3426/3426/3426 3412/3412/3412
f 3426/3426/3426 3410/3410/3410 3411/3411/3411
f 3411/3411/3411 3412/3412/3412 3426/3426/3426
f 3410/3410/3410 3403/3403/3403 3409/3409/3409
f 3403/3403/3403 3408/3408/3408 3409/3409/3409
f 3425/3425/3425 3414/3414/3414 3415/3415/3415
f 3407/3407/3407 3404/3404/3404 3406/3406/3406
f 3406/3406/3406 3404/3404/3404 3405/3405/3405
f 3395/3395/3395 3303/3303/3303 3405/3405/3405
f 3405/3405/3405 3394/3394/3394 3395/3395/3395
f 3404/3404/3404 3394/3394/3394 3405/3405/3405
f 3408/3408/3408 3404/3404/3404 3407/3407/3407
f 3425/3425/3425 3426/3426/3426 3413/3413/3413
f 3410/3410/3410 3426/3426/3426 3403/3403/3403
f 3408/3408/3408 3403/3403/3403 3404/3404/3404
f 3391/3391/3391 3392/3392/3392 3400/3400/3400
f 3392/3392/3392 3393/3393/3393 3404/3404/3404
f 3400/3400/3400 3402/3402/3402 3388/3388/3388 3389/3389/3389
f 3400/3400/3400 3392/3392/3392 3404/3404/3404
f 3394/3394/3394 3404/3404/3404 3393/3393/3393
f 3400/3400/3400 3390/3390/3390 3391/3391/3391
f 3400/3400/3400 3389/3389/3389 3390/3390/3390
f 3402/3402/3402 3387/3387/3387 3388/3388/3388
f 3386/3386/3386 3396/3396/3396 3385/3385/3385
f 3386/3386/3386 3387/3387/3387 3402/3402/3402
f 3396/3396/3396 3386/3386/3386 3402/3402/3402
f 3341/3341/3341 3334/3334/3334 3316/3316/3316 3317/3317/3317
f 3341/3341/3341 3317/3317/3317 3318/3318/3318
f 3341/3341/3341 3319/3319/3319 3320/3320/3320
f 3339/3339/3339 3320/3320/3320 3321/3321/3321
f 3341/3341/3341 3318/3318/3318 3319/3319/3319
f 3341/3341/3341 3320/3320/3320 3339/3339/3339
f 3322/3322/3322 3339/3339/3339 3321/3321/3321
f 3323/3323/3323 3339/3339/3339 3322/3322/3322
f 3343/3343/3343 3323/3323/3323 3324/3324/3324
f 3342/3342/3342 3343/3343/3343 3346/3346/3346 3347/3347/3347
f 3343/3343/3343 3324/3324/3324 3325/3325/3325
f 3323/3323/3323 3343/3343/3343 3339/3339/3339
f 3344/3344/3344 3325/3325/3325 3326/3326/3326
f 3344/3344/3344 3326/3326/3326 3304/3304/3304
f 3344/3344/3344 3345/3345/3345 3343/3343/3343
f 3345/3345/3345 3346/3346/3346 3343/3343/3343
f 3347/3347/3347 3348/3348/3348 3342/3342/3342
f 3365/3365/3365 3342/3342/3342 3349/3349/3349 3350/3350/3350
f 3349/3349/3349 3342/3342/3342 3348/3348/3348
f 3365/3365/3365 3350/3350/3350 3351/3351/3351
f 3363/3363/3363 3365/3365/3365 3351/3351/3351 3352/3352/3352
f 3353/3353/3353 3363/3363/3363 3352/3352/3352
f 3325/3325/3325 3344/3344/3344 3343/3343/3343
f 3384/3384/3384 3396/3396/3396 3383/3383/3383
f 3398/3398/3398 3383/3383/3383 3396/3396/3396
f 3385/3385/3385 3396/3396/3396 3384/3384/3384
f 3370/3370/3370 3363/3363/3363 3354/3354/3354 3355/3355/3355
f 3382/3382/3382 3383/3383/3383 3398/3398/3398
f 3371/3371/3371 3372/3372/3372 3377/3377/3377 3378/3378/3378
f 3398/3398/3398 3371/3371/3371 3380/3380/3380 3381/3381/3381
f 3398/3398/3398 3381/3381/3381 3382/3382/3382
f 3371/3371/3371 3378/3378/3378 3379/3379/3379
f 3377/3377/3377 3372/3372/3372 3376/3376/3376
f 3379/3379/3379 3380/3380/3380 3371/3371/3371
f 3370/3370/3370 3355/3355/3355 3356/3356/3356
f 3370/3370/3370 3356/3356/3356 3357/3357/3357
f 3370/3370/3370 3357/3357/3357 3368/3368/3368
f 3368/3368/3368 3358/3358/3358 3359/3359/3359
f 3368/3368/3368 3357/3357/3357 3358/3358/3358
f 3372/3372/3372 3368/3368/3368 3359/3359/3359 3360/3360/3360
f 3374/3374/3374 3375/3375/3375 3362/3362/3362
f 3372/3372/3372 3362/3362/3362 3375/3375/3375
f 3376/3376/3376 3372/3372/3372 3375/3375/3375
f 3372/3372/3372 3360/3360/3360 3361/3361/3361
f 3374/3374/3374 3362/3362/3362 3373/3373/3373
f 3372/3372/3372 3361/3361/3361 3362/3362/3362
f 3354/3354/3354 3363/3363/3363 3353/3353/3353
f 3431/3431/3431 3429/3429/3429 3476/3476/3476 3432/3432/3432
f 3432/3432/3432 3476/3476/3476 3475/3475/3475 3433/3433/3433
f 3434/3434/3434 3474/3474/3474 3473/3473/3473 3435/3435/3435
f 3435/3435/3435 3473/3473/3473 3472/3472/3472 3436/3436/3436
f 3433/3433/3433 3475/3475/3475 3474/3474/3474 3434/3434/3434
f 3437/3437/3437 3471/3471/3471 3470/3470/3470 3438/3438/3438
f 3438/3438/3438 3470/3470/3470 3469/3469/3469 3439/3439/3439
f 3441/3441/3441 3440/3440/3440 3468/3468/3468 3467/3467/3467
f 3442/3442/3442 3441/3441/3441 3467/3467/3467 3466/3466/3466
f 3440/3440/3440 3439/3439/3439 3469/3469/3469 3468/3468/3468
f 3436/3436/3436 3472/3472/3472 3471/3471/3471 3437/3437/3437
f 3465/3465/3465 3443/3443/3443 3442/3442/3442 3466/3466/3466
f 3443/3443/3443 3465/3465/3465 3464/3464/3464 3444/3444/3444
f 3444/3444/3444 3464/3464/3464 3463/3463/3463 3445/3445/3445
f 3446/3446/3446 3462/3462/3462 3461/3461/3461 3447/3447/3447
f 3447/3447/3447 3461/3461/3461 3460/3460/3460 3448/3448/3448
f 3445/3445/3445 3463/3463/3463 3462/3462/3462 3446/3446/3446
f 3450/3450/3450 3449/3449/3449 3459/3459/3459 3458/3458/3458
f 3451/3451/3451 3450/3450/3450 3458/3458/3458 3457/3457/3457
f 3452/3452/3452 3456/3456/3456 3455/3455/3455 3453/3453/3453
f 3453/3453/3453 3455/3455/3455 3454/3454/3454 3430/3430/3430
f 3452/3452/3452 3451/3451/3451 3457/3457/3457 3456/3456/3456
f 3448/3448/3448 3460/3460/3460 3459/3459/3459 3449/3449/3449
usemtl Default
v 690 2340 -5110
v 690 2330 -5110
v -310 2340 -5110
v -310 2330 -5110
v 646.521728515625 2340 -5110
v 603.04345703125 2340 -5110
v 559.56524658203125 2340 -5110
v 516.08697509765625 2340 -5110
v 472.60870361328125 2340 -5110
v 429.13043212890625 2340 -5110
v 385.65216064453125 2340 -5110
v 342.17391967773438 2340 -5110
v 298.69564819335938 2340 -5110
v 255.21739196777344 2340 -5110
v 211.7391357421875 2340 -5110
v 168.2608642578125 2340 -5110
v 124.78260803222656 2340 -5110
v 81.304344177246094 2340 -5110
v 37.826087951660156 2340 -5110
v -5.6521739959716797 2340 -5110
v -49.130435943603516 2340 -5110
v -92.608695983886719 2340 -5110
v -136.08695983886719 2340 -5110
v -179.56521606445312 2340 -5110
v -223.04347229003906 2340 -5110
v -266.521728515625 2340 -5110
v -266.521728515625 2330 -5110
v -223.04347229003906 2330 -5110
v -179.56521606445312 2330 -5110
v -136.08695983886719 2330 -5110
v -92.608695983886719 2330 -5110
v -49.130435943603516 2330 -5110
v -5.6521739959716797 2330 -5110
v 37.826087951660156 2330 -5110
v 81.304344177246094 2330 -5110
v 124.78260803222656 2330 -5110
v 168.2608642578125 2330 -5110
v 211.7391357421875 2330 -5110
v 255.21739196777344 2330 -5110
v 298.69564819335938 2330 -5110
v 342.17391967773438 2330 -5110
v 385.65216064453125 2330 -5110
v 429.13043212890625 2330 -5110
v 472.60870361328125 2330 -5110
v 516.08697509765625 2330 -5110
v 559.56524658203125 2330 -5110
v 603.04345703125 2330 -5110
v 646.521728515625 2330 -5110
v -310 2340 -5110
v -310 2330 -5110
v -310 2340 -5284
v -310 2330 -5284
v -310 2340 -5458
v -310 2340 -5806
v -310 2340 -5980
v -310 2340 -5153.5
v -310 2340 -5197
v -310 2340 -5240.5
v -310 2340 -5327.5
v -310 2340 -5371
v -310 2340 -5414.5
v -310 2340 -5501.5
v -310 2340 -5545
v -310 2340 -5588.5
v -310 2340 -5632
v -310 2340 -5675.5
v -310 2340 -5719
v -310 2340 -5762.5
v -310 2340 -5849.5
v -310 2340 -5893
v -310 2340 -5936.5
v -310 2330 -5980
v -310 2330 -5936.5
v -310 2330 -5893
v -310 2330 -5849.5
v -310 2330 -5806
v -310 2330 -5762.5
v -310 2330 -5719
v -310 2330 -5675.5
v -310 2330 -5632
v -310 2330 -5588.5
v -310 2330 -5545
v -310 2330 -5501.5
v -310 2330 -5458
v -310 2330 -5414.5
v -310 2330 -5371
v -310 2330 -5327.5
v -310 2330 -5240.5
v -310 2330 -5197
v -310 2330 -5153.5
v 690 2330 -5980
v 690 2330 -5632
v 690 2340 -5458
v 690 2330 -5458
v 690 2330 -5284
v 690 2340 -5110
v 690 2330 -5110
v 690 2340 -5980
v 690 2340 -5936.5
v 690 2340 -5893
v 690 2340 -5849.5
v 690 2340 -5806
v 690 2340 -5762.5
v 690 2340 -5719
v 690 2340 -5675.5
v 690 2340 -5632
v 690 2340 -5588.5
v 690 2340 -5545
v 690 2340 -5501.5
v 690 2340 -5414.5
v 690 2340 -5371
v 690 2340 -5327.5
v 690 2340 -5284
v 690 2340 -5240.5
v 690 2340 -5197
v 690 2340 -5153.5
v 690 2330 -5153.5
v 690 2330 -5197
v 690 2330 -5240.5
v 690 2330 -5327.5
v 690 2330 -5371
v 690 2330 -5414.5
v 690 2330 -5501.5
v 690 2330 -5545
v 690 2330 -5588.5
v 690 2330 -5675.5
v 690 2330 -5719
v 690 2330 -5762.5
v 690 2330 -5806
v 690 2330 -5849.5
v 690 2330 -5893
v 690 2330 -5936.5
v 690 2340 -5110
v -310 2340 -5110
v -310 2340 -5980
v 646.521728515625 2340 -5110
v 603.04345703125 2340 -5110
v 559.56524658203125 2340 -5110
v 516.08697509765625 2340 -5110
v 472.60870361328125 2340 -5110
v 429.13043212890625 2340 -5110
v 385.65216064453125 2340 -5110
v 342.17391967773438 2340 -5110
v 298.69564819335938 2340 -5110
v 255.21739196777344 2340 -5110
v 211.7391357421875 2340 -5110
v 168.2608642578125 2340 -5110
v 124.78260803222656 2340 -5110
v 81.304344177246094 2340 -5110
v 37.826087951660156 2340 -5110
v -5.6521739959716797 2340 -5110
v -49.130435943603516 2340 -5110
v -92.608695983886719 2340 -5110
v -136.08695983886719 2340 -5110
v -179.56521606445312 2340 -5110
v -223.04347229003906 2340 -5110
v -266.521728515625 2340 -5110
v 190 2340 -5545
v 190 2340 -5327.5
v 440 2340 -5545
v 440 2340 -5327.5
v 440 2340 -5218.75
v 565 2340 -5327.5
v 565 2340 -5218.75
v 190 2340 -5218.75
v 315 2340 -5327.5
v 315 2340 -5218.75
v -60 2340 -5545
v -60 2340 -5327.5
v -60 2340 -5218.75
v 65 2340 -5327.5
v 65 2340 -5218.75
v -185 2340 -5327.5
v -185 2340 -5218.75
v -310 2340 -5153.5
v -310 2340 -5197
v -310 2340 -5240.5
v -310 2340 -5284
v -310 2340 -5327.5
v -310 2340 -5371
v -310 2340 -5414.5
v -310 2340 -5458
v -310 2340 -5501.5
v -310 2340 -5545
v -310 2340 -5588.5
v -310 2340 -5632
v -310 2340 -5675.5
v -310 2340 -5719
v -310 2340 -5762.5
v -310 2340 -5806
v -310 2340 -5849.5
v -310 2340 -5893
v -310 2340 -5936.5
v -185 2340 -5545
v -60 2340 -5436.25
v -185 2340 -5436.25
v 190 2340 -5762.5
v -60 2340 -5762.5
v -185 2340 -5762.5
v -60 2340 -5653.75
v -185 2340 -5653.75
v -60 2340 -5871.25
v -185 2340 -5871.25
v -266.521728515625 2340 -5980
v -223.04347229003906 2340 -5980
v -179.56521606445312 2340 -5980
v -136.08695983886719 2340 -5980
v -92.608695983886719 2340 -5980
v -49.130435943603516 2340 -5980
v -5.6521739959716797 2340 -5980
v 37.826087951660156 2340 -5980
v 81.304344177246094 2340 -5980
v 124.78260803222656 2340 -5980
v 168.2608642578125 2340 -5980
v 211.7391357421875 2340 -5980
v 255.21739196777344 2340 -5980
v 298.69564819335938 2340 -5980
v 342.17391967773438 2340 -5980
v 385.65216064453125 2340 -5980
v 429.13043212890625 2340 -5980
v 472.60870361328125 2340 -5980
v 516.08697509765625 2340 -5980
v 559.56524658203125 2340 -5980
v 603.04345703125 2340 -5980
v 646.521728515625 2340 -5980
v 190 2340 -5871.25
v 65 2340 -5762.5
v 65 2340 -5871.25
v 440 2340 -5762.5
v 440 2340 -5871.25
v 315 2340 -5762.5
v 315 2340 -5871.25
v 565 2340 -5762.5
v 565 2340 -5871.25
v 690 2340 -5980
v 690 2340 -5936.5
v 690 2340 -5893
v 690 2340 -5849.5
v 690 2340 -5806
v 690 2340 -5762.5
v 690 2340 -5719
v 690 2340 -5675.5
v 690 2340 -5632
v 690 2340 -5588.5
v 690 2340 -5545
v 690 2340 -5501.5
v 690 2340 -5458
v 690 2340 -5414.5
v 690 2340 -5371
v 690 2340 -5327.5
v 690 2340 -5284
v 690 2340 -5240.5
v 690 2340 -5197
v 690 2340 -5153.5
v 440 2340 -5653.75
v 565 2340 -5545
v 565 2340 -5653.75
v 440 2340 -5436.25
v 565 2340 -5436.25
v 690 2330 -5110
v 690 2330 -5980
v -310 2330 -5110
v 646.521728515625 2330 -5110
v 603.04345703125 2330 -5110
v 559.56524658203125 2330 -5110
v 516.08697509765625 2330 -5110
v 472.60870361328125 2330 -5110
v 429.13043212890625 2330 -5110
v 385.65216064453125 2330 -5110
v 342.17391967773438 2330 -5110
v 298.69564819335938 2330 -5110
v 255.21739196777344 2330 -5110
v 211.7391357421875 2330 -5110
v 168.2608642578125 2330 -5110
v 124.78260803222656 2330 -5110
v 81.304344177246094 2330 -5110
v 37.826087951660156 2330 -5110
v -5.6521739959716797 2330 -5110
v -49.130435943603516 2330 -5110
v -92.608695983886719 2330 -5110
v -136.08695983886719 2330 -5110
v -179.56521606445312 2330 -5110
v -223.04347229003906 2330 -5110
v -266.521728515625 2330 -5110
v 190 2330 -5545
v 190 2330 -5327.5
v 440 2330 -5545
v 440 2330 -5327.5
v 440 2330 -5218.75
v 565 2330 -5327.5
v 565 2330 -5218.75
v 190 2330 -5218.75
v 315 2330 -5327.5
v 315 2330 -5218.75
v -60 2330 -5545
v -60 2330 -5327.5
v -60 2330 -5218.75
v 65 2330 -5327.5
v 65 2330 -5218.75
v -185 2330 -5327.5
v -185 2330 -5218.75
v -310 2330 -5153.5
v -310 2330 -5197
v -310 2330 -5240.5
v -310 2330 -5284
v -310 2330 -5327.5
v -310 2330 -5371
v -310 2330 -5414.5
v -310 2330 -5458
v -310 2330 -5501.5
v -310 2330 -5545
v -310 2330 -5588.5
v -310 2330 -5632
v -310 2330 -5675.5
v -310 2330 -5719
v -310 2330 -5762.5
v -310 2330 -5806
v -310 2330 -5849.5
v -310 2330 -5893
v -310 2330 -5936.5
v -185 2330 -5545
v -60 2330 -5436.25
v -185 2330 -5436.25
v 190 2330 -5762.5
v -60 2330 -5762.5
v -185 2330 -5762.5
v -60 2330 -5653.75
v -185 2330 -5653.75
v -60 2330 -5871.25
v -185 2330 -5871.25
v -310 2330 -5980
v -266.521728515625 2330 -5980
v -223.04347229003906 2330 -5980
v -179.56521606445312 2330 -5980
v -136.08695983886719 2330 -5980
v -92.608695983886719 2330 -5980
v -49.130435943603516 2330 -5980
v -5.6521739959716797 2330 -5980
v 37.826087951660156 2330 -5980
v 81.304344177246094 2330 -5980
v 124.78260803222656 2330 -5980
v 168.2608642578125 2330 -5980
v 211.7391357421875 2330 -5980
v 255.21739196777344 2330 -5980
v 298.69564819335938 2330 -5980
v 342.17391967773438 2330 -5980
v 385.65216064453125 2330 -5980
v 429.13043212890625 2330 -5980
v 472.60870361328125 2330 -5980
v 516.08697509765625 2330 -5980
v 559.56524658203125 2330 -5980
v 603.04345703125 2330 -5980
v 646.521728515625 2330 -5980
v 190 2330 -5871.25
v 65 2330 -5762.5
v 65 2330 -5871.25
v 440 2330 -5762.5
v 440 2330 -5871.25
v 315 2330 -5762.5
v 315 2330 -5871.25
v 565 2330 -5762.5
v 565 2330 -5871.25
v 690 2330 -5936.5
v 690 2330 -5893
v 690 2330 -5849.5
v 690 2330 -5806
v 690 2330 -5762.5
v 690 2330 -5719
v 690 2330 -5675.5
v 690 2330 -5632
v 690 2330 -5588.5
v 690 2330 -5545
v 690 2330 -5501.5
v 690 2330 -5458
v 690 2330 -5414.5
v 690 2330 -5371
v 690 2330 -5327.5
v 690 2330 -5284
v 690 2330 -5240.5
v 690 2330 -5197
v 690 2330 -5153.5
v 440 2330 -5653.75
v 565 2330 -5545
v 565 2330 -5653.75
v 440 2330 -5436.25
v 565 2330 -5436.25
v 690 2340 -5980
v 690 2330 -5980
v -310 2340 -5980
v 646.521728515625 2340 -5980
v 603.04345703125 2340 -5980
v 559.56524658203125 2340 -5980
v 516.08697509765625 2340 -5980
v 472.60870361328125 2340 -5980
v 429.13043212890625 2340 -5980
v 385.65216064453125 2340 -5980
v 342.17391967773438 2340 -5980
v 298.69564819335938 2340 -5980
v 255.21739196777344 2340 -5980
v 211.7391357421875 2340 -5980
v 168.2608642578125 2340 -5980
v 124.78260803222656 2340 -5980
v 81.304344177246094 2340 -5980
v 37.826087951660156 2340 -5980
v -5.6521739959716797 2340 -5980
v -49.130435943603516 2340 -5980
v -92.608695983886719 2340 -5980
v -136.08695983886719 2340 -5980
v -179.56521606445312 2340 -5980
v -223.04347229003906 2340 -5980
v -266.521728515625 2340 -5980
v -310 2330 -5980
v -266.521728515625 2330 -5980
v -223.04347229003906 2330 -5980
v -179.56521606445312 2330 -5980
v -136.08695983886719 2330 -5980
v -92.608695983886719 2330 -5980
v -49.130435943603516 2330 -5980
v -5.6521739959716797 2330 -5980
v 37.826087951660156 2330 -5980
v 81.304344177246094 2330 -5980
v 124.78260803222656 2330 -5980
v 168.2608642578125 2330 -5980
v 211.7391357421875 2330 -5980
v 255.21739196777344 2330 -5980
v 298.69564819335938 2330 -5980
v 342.17391967773438 2330 -5980
v 385.65216064453125 2330 -5980
v 429.13043212890625 2330 -5980
v 472.60870361328125 2330 -5980
v 516.08697509765625 2330 -5980
v 559.56524658203125 2330 -5980
v 603.04345703125 2330 -5980
v 646.521728515625 2330 -5980
vt 0.017241379246115685 0
vt 0.01149425283074379 0
vt 0.017241379246115685 0.57471263408660889
vt 0.01149425283074379 0.57471263408660889
vt 0.017241379246115685 0.024987507611513138
vt 0.017241379246115685 0.049975015223026276
vt 0.017241379246115685 0.074962519109249115
vt 0.017241379246115685 0.099950030446052551
vt 0.017241379246115685 0.12493752688169479
vt 0.017241379246115685 0.14992503821849823
vt 0.017241379246115685 0.17491254210472107
vt 0.017241379246115685 0.1999000608921051
vt 0.017241379246115685 0.22488754987716675
vt 0.017241379246115685 0.24987505376338959
vt 0.017241379246115685 0.27486255764961243
vt 0.017241379246115685 0.29985007643699646
vt 0.017241379246115685 0.32483756542205811
vt 0.017241379246115685 0.34982508420944214
vt 0.017241379246115685 0.37481260299682617
vt 0.017241379246115685 0.39980012178421021
vt 0.017241379246115685 0.42478761076927185
vt 0.017241379246115685 0.4497750997543335
vt 0.017241379246115685 0.47476261854171753
vt 0.017241379246115685 0.49975010752677917
vt 0.017241379246115685 0.5247376561164856
vt 0.017241379246115685 0.54972511529922485
vt 0.01149425283074379 0.54972511529922485
vt 0.01149425283074379 0.5247376561164856
vt 0.01149425283074379 0.49975010752677917
vt 0.01149425283074379 0.47476261854171753
vt 0.01149425283074379 0.4497750997543335
vt 0.01149425283074379 0.42478761076927185
vt 0.01149425283074379 0.39980012178421021
vt 0.01149425283074379 0.37481260299682617
vt 0.01149425283074379 0.34982508420944214
vt 0.01149425283074379 0.32483756542205811
vt 0.01149425283074379 0.29985007643699646
vt 0.01149425283074379 0.27486255764961243
vt 0.01149425283074379 0.24987505376338959
vt 0.01149425283074379 0.22488754987716675
vt 0.01149425283074379 0.1999000608921051
vt 0.01149425283074379 0.17491254210472107
vt 0.01149425283074379 0.14992503821849823
vt 0.01149425283074379 0.12493752688169479
vt 0.01149425283074379 0.099950030446052551
vt 0.01149425283074379 0.074962519109249115
vt 0.01149425283074379 0.049975015223026276
vt 0.01149425283074379 0.024987507611513138
vt 0.01149425283074379 0
vt 0.0057471264153718948 0
vt 0.01149425283074379 0.10000000149011612
vt 0.0057471264153718948 0.10000000149011612
vt 0.01149425283074379 0.20000000298023224
vt 0.01149425283074379 0.40000000596046448
vt 0.01149425283074379 0.5
vt 0.01149425283074379 0.02500000037252903
vt 0.01149425283074379 0.05000000074505806
vt 0.01149425283074379 0.075000002980232239
vt 0.01149425283074379 0.125
vt 0.01149425283074379 0.15000000596046448
vt 0.01149425283074379 0.17499999701976776
vt 0.01149425283074379 0.22499999403953552
vt 0.01149425283074379 0.25
vt 0.01149425283074379 0.27500000596046448
vt 0.01149425283074379 0.30000001192092896
vt 0.01149425283074379 0.32499998807907104
vt 0.01149425283074379 0.34999999403953552
vt 0.01149425283074379 0.375
vt 0.01149425283074379 0.42500001192092896
vt 0.01149425283074379 0.44999998807907104
vt 0.01149425283074379 0.47499999403953552
vt 0.0057471264153718948 0.5
vt 0.0057471264153718948 0.47499999403953552
vt 0.0057471264153718948 0.44999998807907104
vt 0.0057471264153718948 0.42500001192092896
vt 0.0057471264153718948 0.40000000596046448
vt 0.0057471264153718948 0.375
vt 0.0057471264153718948 0.34999999403953552
vt 0.0057471264153718948 0.32499998807907104
vt 0.0057471264153718948 0.30000001192092896
vt 0.0057471264153718948 0.27500000596046448
vt 0.0057471264153718948 0.25
vt 0.0057471264153718948 0.22499999403953552
vt 0.0057471264153718948 0.20000000298023224
vt 0.0057471264153718948 0.17499999701976776
vt 0.0057471264153718948 0.15000000596046448
vt 0.0057471264153718948 0.125
vt 0.0057471264153718948 0.075000002980232239
vt 0.0057471264153718948 0.05000000074505806
vt 0.0057471264153718948 0.02500000037252903
vt 0 0
vt 0 0.20000000298023224
vt 0.0057471264153718948 0.30000001192092896
vt 0 0.30000001192092896
vt 0 0.40000000596046448
vt 0.0057471264153718948 0.5
vt 0 0.5
vt 0.0057471264153718948 0
vt 0.0057471264153718948 0.02500000037252903
vt 0.0057471264153718948 0.05000000074505806
vt 0.0057471264153718948 0.075000002980232239
vt 0.0057471264153718948 0.10000000149011612
vt 0.0057471264153718948 0.125
vt 0.0057471264153718948 0.15000000596046448
vt 0.0057471264153718948 0.17499999701976776
vt 0.0057471264153718948 0.20000000298023224
vt 0.0057471264153718948 0.22499999403953552
vt 0.0057471264153718948 0.25
vt 0.0057471264153718948 0.27500000596046448
vt 0.0057471264153718948 0.32499998807907104
vt 0.0057471264153718948 0.34999999403953552
vt 0.0057471264153718948 0.375
vt 0.0057471264153718948 0.40000000596046448
vt 0.0057471264153718948 0.42500001192092896
vt 0.0057471264153718948 0.44999998807907104
vt 0.0057471264153718948 0.47499999403953552
vt 0 0.47499999403953552
vt 0 0.44999998807907104
vt 0 0.42500001192092896
vt 0 0.375
vt 0 0.34999999403953552
vt 0 0.32499998807907104
vt 0 0.27500000596046448
vt 0 0.25
vt 0 0.22499999403953552
vt 0 0.17499999701976776
vt 0 0.15000000596046448
vt 0 0.125
vt 0 0.10000000149011612
vt 0 0.075000002980232239
vt 0 0.05000000074505806
vt 0 0.02500000037252903
vt 0.022988505661487579 0.5
vt 0.59623628854751587 0.5
vt 0.59623628854751587 0.99853515625
vt 0.047912321984767914 0.5
vt 0.072836138308048248 0.5
vt 0.097759954631328583 0.5
vt 0.12268377840518951 0.5
vt 0.14760759472846985 0.5
vt 0.17253141105175018 0.5
vt 0.19745522737503052 0.5
vt 0.22237904369831085 0.5
vt 0.24730286002159119 0.5
vt 0.27222666144371033 0.5
vt 0.29715049266815186 0.5
vt 0.32207432389259338 0.5
vt 0.34699812531471252 0.5
vt 0.37192192673683167 0.5
vt 0.39684578776359558 0.5
vt 0.42176958918571472 0.5
vt 0.44669339060783386 0.5
vt 0.47161722183227539 0.5
vt 0.49654102325439453 0.5
vt 0.52146482467651367 0.5
vt 0.54638868570327759 0.5
vt 0.57131248712539673 0.5
vt 0.30961239337921143 0.749267578125
vt 0.30961239337921143 0.6246337890625
vt 0.1663004606962204 0.749267578125
vt 0.1663004606962204 0.6246337890625
vt 0.1663004606962204 0.56231689453125
vt 0.09464447945356369 0.6246337890625
vt 0.09464447945356369 0.56231689453125
vt 0.30961239337921143 0.56231689453125
vt 0.23795643448829651 0.6246337890625
vt 0.23795643448829651 0.56231689453125
vt 0.45292434096336365 0.749267578125
vt 0.45292434096336365 0.6246337890625
vt 0.45292434096336365 0.56231689453125
vt 0.38126838207244873 0.6246337890625
vt 0.38126838207244873 0.56231689453125
vt 0.52458035945892334 0.6246337890625
vt 0.52458035945892334 0.56231689453125
vt 0.59623628854751587 0.52492678165435791
vt 0.59623628854751587 0.54985350370407104
vt 0.59623628854751587 0.57478028535842896
vt 0.59623628854751587 0.59970700740814209
vt 0.59623628854751587 0.6246337890625
vt 0.59623628854751587 0.64956057071685791
vt 0.59623628854751587 0.67448729276657104
vt 0.59623628854751587 0.69941407442092896
vt 0.59623628854751587 0.72434079647064209
vt 0.59623628854751587 0.749267578125
vt 0.59623628854751587 0.77419435977935791
vt 0.59623628854751587 0.79912108182907104
vt 0.59623628854751587 0.82404786348342896
vt 0.59623628854751587 0.84897458553314209
vt 0.59623628854751587 0.8739013671875
vt 0.59623628854751587 0.89882814884185791
vt 0.59623628854751587 0.92375487089157104
vt 0.59623628854751587 0.94868165254592896
vt 0.59623628854751587 0.97360837459564209
vt 0.52458035945892334 0.749267578125
vt 0.45292434096336365 0.68695068359375
vt 0.52458035945892334 0.68695068359375
vt 0.30961239337921143 0.8739013671875
vt 0.45292434096336365 0.8739013671875
vt 0.52458035945892334 0.8739013671875
vt 0.45292434096336365 0.81158447265625
vt 0.52458035945892334 0.81158447265625
vt 0.45292434096336365 0.93621826171875
vt 0.52458035945892334 0.93621826171875
vt 0.57131248712539673 0.99853515625
vt 0.54638868570327759 0.99853515625
vt 0.52146482467651367 0.99853515625
vt 0.49654102325439453 0.99853515625
vt 0.47161722183227539 0.99853515625
vt 0.44669339060783386 0.99853515625
vt 0.42176958918571472 0.99853515625
vt 0.39684578776359558 0.99853515625
vt 0.37192192673683167 0.99853515625
vt 0.34699812531471252 0.99853515625
vt 0.32207432389259338 0.99853515625
vt 0.29715049266815186 0.99853515625
vt 0.27222666144371033 0.99853515625
vt 0.24730286002159119 0.99853515625
vt 0.22237904369831085 0.99853515625
vt 0.19745522737503052 0.99853515625
vt 0.17253141105175018 0.99853515625
vt 0.14760759472846985 0.99853515625
vt 0.12268377840518951 0.99853515625
vt 0.097759954631328583 0.99853515625
vt 0.072836138308048248 0.99853515625
vt 0.047912321984767914 0.99853515625
vt 0.30961239337921143 0.93621826171875
vt 0.38126838207244873 0.8739013671875
vt 0.38126838207244873 0.93621826171875
vt 0.1663004606962204 0.8739013671875
vt 0.1663004606962204 0.93621826171875
vt 0.23795643448829651 0.8739013671875
vt 0.23795643448829651 0.93621826171875
vt 0.09464447945356369 0.8739013671875
vt 0.09464447945356369 0.93621826171875
vt 0.022988505661487579 0.99853515625
vt 0.022988505661487579 0.97360837459564209
vt 0.022988505661487579 0.94868165254592896
vt 0.022988505661487579 0.92375487089157104
vt 0.022988505661487579 0.89882814884185791
vt 0.022988505661487579 0.8739013671875
vt 0.022988505661487579 0.84897458553314209
vt 0.022988505661487579 0.82404786348342896
vt 0.022988505661487579 0.79912108182907104
vt 0.022988505661487579 0.77419435977935791
vt 0.022988505661487579 0.749267578125
vt 0.022988505661487579 0.72434079647064209
vt 0.022988505661487579 0.69941407442092896
vt 0.022988505661487579 0.67448729276657104
vt 0.022988505661487579 0.64956057071685791
vt 0.022988505661487579 0.6246337890625
vt 0.022988505661487579 0.59970700740814209
vt 0.022988505661487579 0.57478028535842896
vt 0.022988505661487579 0.54985350370407104
vt 0.022988505661487579 0.52492678165435791
vt 0.1663004606962204 0.81158447265625
vt 0.09464447945356369 0.749267578125
vt 0.09464447945356369 0.81158447265625
vt 0.1663004606962204 0.68695068359375
vt 0.09464447945356369 0.68695068359375
vt 0.022988505661487579 0
vt 0.022988505661487579 0.49853515625
vt 0.59623628854751587 0
vt 0.047912321984767914 0
vt 0.072836138308048248 0
vt 0.097759954631328583 0
vt 0.12268377840518951 0
vt 0.14760759472846985 0
vt 0.17253141105175018 0
vt 0.19745522737503052 0
vt 0.22237904369831085 0
vt 0.24730286002159119 0
vt 0.27222666144371033 0
vt 0.29715049266815186 0
vt 0.32207432389259338 0
vt 0.34699812531471252 0
vt 0.37192192673683167 0
vt 0.39684578776359558 0
vt 0.42176958918571472 0
vt 0.44669339060783386 0
vt 0.47161722183227539 0
vt 0.49654102325439453 0
vt 0.52146482467651367 0
vt 0.54638868570327759 0
vt 0.57131248712539673 0
vt 0.30961239337921143 0.249267578125
vt 0.30961239337921143 0.1246337890625
vt 0.1663004606962204 0.249267578125
vt 0.1663004606962204 0.1246337890625
vt 0.1663004606962204 0.06231689453125
vt 0.09464447945356369 0.1246337890625
vt 0.09464447945356369 0.06231689453125
vt 0.30961239337921143 0.06231689453125
vt 0.23795643448829651 0.1246337890625
vt 0.23795643448829651 0.06231689453125
vt 0.45292434096336365 0.249267578125
vt 0.45292434096336365 0.1246337890625
vt 0.45292434096336365 0.06231689453125
vt 0.38126838207244873 0.1246337890625
vt 0.38126838207244873 0.06231689453125
vt 0.52458035945892334 0.1246337890625
vt 0.52458035945892334 0.06231689453125
vt 0.59623628854751587 0.02492675743997097
vt 0.59623628854751587 0.04985351487994194
vt 0.59623628854751587 0.074780277907848358
vt 0.59623628854751587 0.099707029759883881
vt 0.59623628854751587 0.1246337890625
vt 0.59623628854751587 0.14956055581569672
vt 0.59623628854751587 0.17448730766773224
vt 0.59623628854751587 0.19941405951976776
vt 0.59623628854751587 0.22434081137180328
vt 0.59623628854751587 0.249267578125
vt 0.59623628854751587 0.27419432997703552
vt 0.59623628854751587 0.29912111163139343
vt 0.59623628854751587 0.32404783368110657
vt 0.59623628854751587 0.34897461533546448
vt 0.59623628854751587 0.3739013671875
vt 0.59623628854751587 0.39882811903953552
vt 0.59623628854751587 0.42375490069389343
vt 0.59623628854751587 0.44868162274360657
vt 0.59623628854751587 0.47360840439796448
vt 0.52458035945892334 0.249267578125
vt 0.45292434096336365 0.18695068359375
vt 0.52458035945892334 0.18695068359375
vt 0.30961239337921143 0.3739013671875
vt 0.45292434096336365 0.3739013671875
vt 0.52458035945892334 0.3739013671875
vt 0.45292434096336365 0.31158447265625
vt 0.52458035945892334 0.31158447265625
vt 0.45292434096336365 0.43621826171875
vt 0.52458035945892334 0.43621826171875
vt 0.59623628854751587 0.49853515625
vt 0.57131248712539673 0.49853515625
vt 0.54638868570327759 0.49853515625
vt 0.52146482467651367 0.49853515625
vt 0.49654102325439453 0.49853515625
vt 0.47161722183227539 0.49853515625
vt 0.44669339060783386 0.49853515625
vt 0.42176958918571472 0.49853515625
vt 0.39684578776359558 0.49853515625
vt 0.37192192673683167 0.49853515625
vt 0.34699812531471252 0.49853515625
vt 0.32207432389259338 0.49853515625
vt 0.29715049266815186 0.49853515625
vt 0.27222666144371033 0.49853515625
vt 0.24730286002159119 0.49853515625
vt 0.22237904369831085 0.49853515625
vt 0.19745522737503052 0.49853515625
vt 0.17253141105175018 0.49853515625
vt 0.14760759472846985 0.49853515625
vt 0.12268377840518951 0.49853515625
vt 0.097759954631328583 0.49853515625
vt 0.072836138308048248 0.49853515625
vt 0.047912321984767914 0.49853515625
vt 0.30961239337921143 0.43621826171875
vt 0.38126838207244873 0.3739013671875
vt 0.38126838207244873 0.43621826171875
vt 0.1663004606962204 0.3739013671875
vt 0.1663004606962204 0.43621826171875
vt 0.23795643448829651 0.3739013671875
vt 0.23795643448829651 0.43621826171875
vt 0.09464447945356369 0.3739013671875
vt 0.09464447945356369 0.43621826171875
vt 0.022988505661487579 0.47360840439796448
vt 0.022988505661487579 0.44868162274360657
vt 0.022988505661487579 0.42375490069389343
vt 0.022988505661487579 0.39882811903953552
vt 0.022988505661487579 0.3739013671875
vt 0.022988505661487579 0.34897461533546448
vt 0.022988505661487579 0.32404783368110657
vt 0.022988505661487579 0.29912111163139343
vt 0.022988505661487579 0.27419432997703552
vt 0.022988505661487579 0.249267578125
vt 0.022988505661487579 0.22434081137180328
vt 0.022988505661487579 0.19941405951976776
vt 0.022988505661487579 0.17448730766773224
vt 0.022988505661487579 0.14956055581569672
vt 0.022988505661487579 0.1246337890625
vt 0.022988505661487579 0.099707029759883881
vt 0.022988505661487579 0.074780277907848358
vt 0.022988505661487579 0.04985351487994194
vt 0.022988505661487579 0.02492675743997097
vt 0.1663004606962204 0.31158447265625
vt 0.09464447945356369 0.249267578125
vt 0.09464447945356369 0.31158447265625
vt 0.1663004606962204 0.18695068359375
vt 0.09464447945356369 0.18695068359375
vt 0.022988505661487579 0
vt 0.017241379246115685 0
vt 0.022988505661487579 0.57471263408660889
vt 0.022988505661487579 0.024987507611513138
vt 0.022988505661487579 0.049975015223026276
vt 0.022988505661487579 0.074962519109249115
vt 0.022988505661487579 0.099950030446052551
vt 0.022988505661487579 0.12493752688169479
vt 0.022988505661487579 0.14992503821849823
vt 0.022988505661487579 0.17491254210472107
vt 0.022988505661487579 0.1999000608921051
vt 0.022988505661487579 0.22488754987716675
vt 0.022988505661487579 0.24987505376338959
vt 0.022988505661487579 0.27486255764961243
vt 0.022988505661487579 0.29985007643699646
vt 0.022988505661487579 0.32483756542205811
vt 0.022988505661487579 0.34982508420944214
vt 0.022988505661487579 0.37481260299682617
vt 0.022988505661487579 0.39980012178421021
vt 0.022988505661487579 0.42478761076927185
vt 0.022988505661487579 0.4497750997543335
vt 0.022988505661487579 0.47476261854171753
vt 0.022988505661487579 0.49975010752677917
vt 0.022988505661487579 0.5247376561164856
vt 0.022988505661487579 0.54972511529922485
vt 0.017241379246115685 0.57471263408660889
vt 0.017241379246115685 0.54972511529922485
vt 0.017241379246115685 0.5247376561164856
vt 0.017241379246115685 0.49975010752677917
vt 0.017241379246115685 0.47476261854171753
vt 0.017241379246115685 0.4497750997543335
vt 0.017241379246115685 0.42478761076927185
vt 0.017241379246115685 0.39980012178421021
vt 0.017241379246115685 0.37481260299682617
vt 0.017241379246115685 0.34982508420944214
vt 0.017241379246115685 0.32483756542205811
vt 0.017241379246115685 0.29985007643699646
vt 0.017241379246115685 0.27486255764961243
vt 0.017241379246115685 0.24987505376338959
vt 0.017241379246115685 0.22488754987716675
vt 0.017241379246115685 0.1999000608921051
vt 0.017241379246115685 0.17491254210472107
vt 0.017241379246115685 0.14992503821849823
vt 0.017241379246115685 0.12493752688169479
vt 0.017241379246115685 0.099950030446052551
vt 0.017241379246115685 0.074962519109249115
vt 0.017241379246115685 0.049975015223026276
vt 0.017241379246115685 0.024987507611513138
vn 0 0 1
vn 0 0 1
vn 0 0 1
vn 0 0 1
vn 0 0 1
vn 0 0 1
vn 0 0 1
vn 0 0 1
vn 0 0 1
vn 0 0 1
vn 0 0 1
vn 0 0 1
vn 0 0 1
vn 0 0 1
vn 0 0 1
vn 0 0 1
vn 0 0 1
vn 0 0 1
vn 0 0 1
vn 0 0 1
vn 0 0 1
vn 0 0 1
vn 0 0 1
vn 0 0 1
vn 0 0 1
vn 0 0 1
vn 0 0 1
vn 0 0 1
vn 0 0 1
vn 0 0 1
vn 0 0 1
vn 0 0 1
vn 0 0 1
vn 0 0 1
vn 0 0 1
vn 0 0 1
vn 0 0 1
vn 0 0 1
vn 0 0 1
vn 0 0 1
vn 0 0 1
vn 0 0 1
vn 0 0 1
vn 0 0 1
vn 0 0 1
vn 0 0 1
vn 0 0 1
vn 0 0 1
vn -1 0 0
vn -1 0 0
vn -1 0 0
vn -1 0 0
vn -1 0 0
vn -1 0 0
vn -1 0 0
vn -1 0 0
vn -1 0 0
vn -1 0 0
vn -1 0 0
vn -1 0 0
vn -1 0 0
vn -1 0 0
vn -1 0 0
vn -1 0 0
vn -1 0 0
vn -1 0 0
vn -1 0 0
vn -1 0 0
vn -1 0 0
vn -1 0 0
vn -1 0 0
vn -1 0 0
vn -1 0 0
vn -1 0 0
vn -1 0 0
vn -1 0 0
vn -1 0 0
vn -1 0 0
vn -1 0 0
vn -1 0 0
vn -1 0 0
vn -1 0 0
vn -1 0 0
vn -1 0 0
vn -1 0 0
vn -1 0 0
vn -1 0 0
vn -1 0 0
vn -1 0 0
vn -1 0 0
vn 1 0 0
vn 1 0 0
vn 1 0 0
vn 1 0 0
vn 1 0 0
vn 1 0 0
vn 1 0 0
vn 1 0 0
vn 1 0 0
vn 1 0 0
vn 1 0 0
vn 1 0 0
vn 1 0 0
vn 1 0 0
vn 1 0 0
vn 1 0 0
vn 1 0 0
vn 1 0 0
vn 1 0 0
vn 1 0 0
vn 1 0 0
vn 1 0 0
vn 1 0 0
vn 1 0 0
vn 1 0 0
vn 1 0 0
vn 1 0 0
vn 1 0 0
vn 1 0 0
vn 1 0 0
vn 1 0 0
vn 1 0 0
vn 1 0 0
vn 1 0 0
vn 1 0 0
vn 1 0 0
vn 1 0 0
vn 1 0 0
vn 1 0 0
vn 1 0 0
vn 1 0 0
vn 1 0 0
vn 0 1 0
vn 0 1 0
vn 0 1 0
vn 0 1 0
vn 0 1 0
vn 0 1 0
vn 0 1 0
vn 0 1 0
vn 0 1 0
vn 0 1 0
vn 0 1 0
vn 0 1 0
vn 0 1 0
vn 0 1 0
vn 0 1 0
vn 0 1 0
vn 0 1 0
vn 0 1 0
vn 0 1 0
vn 0 1 0
vn 0 1 0
vn 0 1 0
vn 0 1 0
vn 0 1 0
vn 0 1 0
vn 0 1 0
vn 0 1 0
vn 0 1 0
vn 0 1 0
vn 0 1 0
vn 0 1 0
vn 0 1 0
vn 0 1 0
vn 0 1 0
vn 0 1 0
vn 0 1 0
vn 0 1 0
vn 0 1 0
vn 0 1 0
vn 0 1 0
vn 0 1 0
vn 0 1 0
vn 0 1 0
vn 0 1 0
vn 0 1 0
vn 0 1 0
vn 0 1 0
vn 0 1 0
vn 0 1 0
vn 0 1 0
vn 0 1 0
vn 0 1 0
vn 0 1 0
vn 0 1 0
vn 0 1 0
vn 0 1 0
vn 0 1 0
vn 0 1 0
vn 0 1 0
vn 0 1 0
vn 0 1 0
vn 0 1 0
vn 0 1 0
vn 0 1 0
vn 0 1 0
vn 0 1 0
vn 0 1 0
vn 0 1 0
vn 0 1 0
vn 0 1 0
vn 0 1 0
vn 0 1 0
vn 0 1 0
vn 0 1 0
vn 0 1 0
vn 0 1 0
vn 0 1 0
vn 0 1 0
vn 0 1 0
vn 0 1 0
vn 0 1 0
vn 0 1 0
vn 0 1 0
vn 0 1 0
vn 0 1 0
vn 0 1 0
vn 0 1 0
vn 0 1 0
vn 0 1 0
vn 0 1 0
vn 0 1 0
vn 0 1 0
vn 0 1 0
vn 0 1 0
vn 0 1 0
vn 0 1 0
vn 0 1 0
vn 0 1 0
vn 0 1 0
vn 0 1 0
vn 0 1 0
vn 0 1 0
vn 0 1 0
vn 0 1 0
vn 0 1 0
vn 0 1 0
vn 0 1 0
vn 0 1 0
vn 0 1 0
vn 0 1 0
vn 0 1 0
vn 0 1 0
vn 0 1 0
vn 0 1 0
vn 0 1 0
vn 0 1 0
vn 0 1 0
vn 0 1 0
vn 0 1 0
vn 0 1 0
vn 0 1 0
vn 0 1 0
vn 0 1 0
vn 0 1 0
vn 0 1 0
vn 0 1 0
vn 0 1 0
vn 0 -1 0
vn 0 -1 0
vn 0 -1 0
vn 0 -1 0
vn 0 -1 0
vn 0 -1 0
vn 0 -1 0
vn 0 -1 0
vn 0 -1 0
vn 0 -1 0
vn 0 -1 0
vn 0 -1 0
vn 0 -1 0
vn 0 -1 0
vn 0 -1 0
vn 0 -1 0
vn 0 -1 0
vn 0 -1 0
vn 0 -1 0
vn 0 -1 0
vn 0 -1 0
vn 0 -1 0
vn 0 -1 0
vn 0 -1 0
vn 0 -1 0
vn 0 -1 0
vn 0 -1 0
vn 0 -1 0
vn 0 -1 0
vn 0 -1 0
vn 0 -1 0
vn 0 -1 0
vn 0 -1 0
vn 0 -1 0
vn 0 -1 0
vn 0 -1 0
vn 0 -1 0
vn 0 -1 0
vn 0 -1 0
vn 0 -1 0
vn 0 -1 0
vn 0 -1 0
vn 0 -1 0
vn 0 -1 0
vn 0 -1 0
vn 0 -1 0
vn 0 -1 0
vn 0 -1 0
vn 0 -1 0
vn 0 -1 0
vn 0 -1 0
vn 0 -1 0
vn 0 -1 0
vn 0 -1 0
vn 0 -1 0
vn 0 -1 0
vn 0 -1 0
vn 0 -1 0
vn 0 -1 0
vn 0 -1 0
vn 0 -1 0
vn 0 -1 0
vn 0 -1 0
vn 0 -1 0
vn 0 -1 0
vn 0 -1 0
vn 0 -1 0
vn 0 -1 0
vn 0 -1 0
vn 0 -1 0
vn 0 -1 0
vn 0 -1 0
vn 0 -1 0
vn 0 -1 0
vn 0 -1 0
vn 0 -1 0
vn 0 -1 0
vn 0 -1 0
vn 0 -1 0
vn 0 -1 0
vn 0 -1 0
vn 0 -1 0
vn 0 -1 0
vn 0 -1 0
vn 0 -1 0
vn 0 -1 0
vn 0 -1 0
vn 0 -1 0
vn 0 -1 0
vn 0 -1 0
vn 0 -1 0
vn 0 -1 0
vn 0 -1 0
vn 0 -1 0
vn 0 -1 0
vn 0 -1 0
vn 0 -1 0
vn 0 -1 0
vn 0 -1 0
vn 0 -1 0
vn 0 -1 0
vn 0 -1 0
vn 0 -1 0
vn 0 -1 0
vn 0 -1 0
vn 0 -1 0
vn 0 -1 0
vn 0 -1 0
vn 0 -1 0
vn 0 -1 0
vn 0 -1 0
vn 0 -1 0
vn 0 -1 0
vn 0 -1 0
vn 0 -1 0
vn 0 -1 0
vn 0 -1 0
vn 0 -1 0
vn 0 -1 0
vn 0 -1 0
vn 0 -1 0
vn 0 -1 0
vn 0 -1 0
vn 0 -1 0
vn 0 -1 0
vn 0 -1 0
vn 0 -1 0
vn 0 0 -1
vn 0 0 -1
vn 0 0 -1
vn 0 0 -1
vn 0 0 -1
vn 0 0 -1
vn 0 0 -1
vn 0 0 -1
vn 0 0 -1
vn 0 0 -1
vn 0 0 -1
vn 0 0 -1
vn 0 0 -1
vn 0 0 -1
vn 0 0 -1
vn 0 0 -1
vn 0 0 -1
vn 0 0 -1
vn 0 0 -1
vn 0 0 -1
vn 0 0 -1
vn 0 0 -1
vn 0 0 -1
vn 0 0 -1
vn 0 0 -1
vn 0 0 -1
vn 0 0 -1
vn 0 0 -1
vn 0 0 -1
vn 0 0 -1
vn 0 0 -1
vn 0 0 -1
vn 0 0 -1
vn 0 0 -1
vn 0 0 -1
vn 0 0 -1
vn 0 0 -1
vn 0 0 -1
vn 0 0 -1
vn 0 0 -1
vn 0 0 -1
vn 0 0 -1
vn 0 0 -1
vn 0 0 -1
vn 0 0 -1
vn 0 0 -1
vn 0 0 -1
vn 0 0 -1
f 3481/3481/3481 3524/3524/3524 3478/3478/3478 3477/3477/3477
f 3482/3482/3482 3523/3523/3523 3524/3524/3524 3481/3481/3481
f 3484/3484/3484 3521/3521/3521 3522/3522/3522 3483/3483/3483
f 3484/3484/3484 3485/3485/3485 3520/3520/3520 3521/3521/3521
f 3483/3483/3483 3522/3522/3522 3523/3523/3523 3482/3482/3482
f 3487/3487/3487 3518/3518/3518 3519/3519/3519 3486/3486/3486
f 3488/3488/3488 3517/3517/3517 3518/3518/3518 3487/3487/3487
f 3489/3489/3489 3490/3490/3490 3515/3515/3515 3516/3516/3516
f 3490/3490/3490 3491/3491/3491 3514/3514/3514 3515/3515/3515
f 3488/3488/3488 3489/3489/3489 3516/3516/3516 3517/3517/3517
f 3485/3485/3485 3486/3486/3486 3519/3519/3519 3520/3520/3520
f 3514/3514/3514 3491/3491/3491 3492/3492/3492 3513/3513/3513
f 3493/3493/3493 3512/3512/3512 3513/3513/3513 3492/3492/3492
f 3493/3493/3493 3494/3494/3494 3511/3511/3511 3512/3512/3512
f 3496/3496/3496 3509/3509/3509 3510/3510/3510 3495/3495/3495
f 3497/3497/3497 3508/3508/3508 3509/3509/3509 3496/3496/3496
f 3494/3494/3494 3495/3495/3495 3510/3510/3510 3511/3511/3511
f 3498/3498/3498 3499/3499/3499 3506/3506/3506 3507/3507/3507
f 3500/3500/3500 3505/3505/3505 3506/3506/3506 3499/3499/3499
f 3502/3502/3502 3503/3503/3503 3504/3504/3504 3501/3501/3501
f 3479/3479/3479 3480/3480/3480 3503/3503/3503 3502/3502/3502
f 3501/3501/3501 3504/3504/3504 3505/3505/3505 3500/3500/3500
f 3497/3497/3497 3498/3498/3498 3507/3507/3507 3508/3508/3508
f 3525/3525/3525 3532/3532/3532 3566/3566/3566 3526/3526/3526
f 3533/3533/3533 3534/3534/3534 3564/3564/3564 3565/3565/3565
f 3534/3534/3534 3527/3527/3527 3528/3528/3528 3564/3564/3564
f 3532/3532/3532 3533/3533/3533 3565/3565/3565 3566/3566/3566
f 3535/3535/3535 3536/3536/3536 3562/3562/3562 3563/3563/3563
f 3537/3537/3537 3529/3529/3529 3560/3560/3560 3561/3561/3561
f 3529/3529/3529 3538/3538/3538 3559/3559/3559 3560/3560/3560
f 3536/3536/3536 3537/3537/3537 3561/3561/3561 3562/3562/3562
f 3535/3535/3535 3563/3563/3563 3528/3528/3528 3527/3527/3527
f 3539/3539/3539 3558/3558/3558 3559/3559/3559 3538/3538/3538
f 3540/3540/3540 3541/3541/3541 3556/3556/3556 3557/3557/3557
f 3542/3542/3542 3543/3543/3543 3554/3554/3554 3555/3555/3555
f 3543/3543/3543 3544/3544/3544 3553/3553/3553 3554/3554/3554
f 3541/3541/3541 3542/3542/3542 3555/3555/3555 3556/3556/3556
f 3530/3530/3530 3545/3545/3545 3551/3551/3551 3552/3552/3552
f 3546/3546/3546 3547/3547/3547 3549/3549/3549 3550/3550/3550
f 3547/3547/3547 3531/3531/3531 3548/3548/3548 3549/3549/3549
f 3545/3545/3545 3546/3546/3546 3550/3550/3550 3551/3551/3551
f 3544/3544/3544 3530/3530/3530 3552/3552/3552 3553/3553/3553
f 3557/3557/3557 3558/3558/3558 3539/3539/3539 3540/3540/3540
f 3574/3574/3574 3575/3575/3575 3608/3608/3608 3567/3567/3567
f 3576/3576/3576 3577/3577/3577 3606/3606/3606 3607/3607/3607
f 3577/3577/3577 3578/3578/3578 3605/3605/3605 3606/3606/3606
f 3575/3575/3575 3576/3576/3576 3607/3607/3607 3608/3608/3608
f 3579/3579/3579 3580/3580/3580 3603/3603/3603 3604/3604/3604
f 3581/3581/3581 3582/3582/3582 3568/3568/3568 3602/3602/3602
f 3582/3582/3582 3583/3583/3583 3601/3601/3601 3568/3568/3568
f 3580/3580/3580 3581/3581/3581 3602/3602/3602 3603/3603/3603
f 3578/3578/3578 3579/3579/3579 3604/3604/3604 3605/3605/3605
f 3583/3583/3583 3584/3584/3584 3600/3600/3600 3601/3601/3601
f 3569/3569/3569 3570/3570/3570 3599/3599/3599 3585/3585/3585
f 3586/3586/3586 3587/3587/3587 3597/3597/3597 3598/3598/3598
f 3587/3587/3587 3588/3588/3588 3596/3596/3596 3597/3597/3597
f 3569/3569/3569 3586/3586/3586 3598/3598/3598 3570/3570/3570
f 3589/3589/3589 3590/3590/3590 3595/3595/3595 3571/3571/3571
f 3591/3591/3591 3592/3592/3592 3593/3593/3593 3594/3594/3594
f 3592/3592/3592 3572/3572/3572 3573/3573/3573 3593/3593/3593
f 3590/3590/3590 3591/3591/3591 3594/3594/3594 3595/3595/3595
f 3588/3588/3588 3589/3589/3589 3571/3571/3571 3596/3596/3596
f 3585/3585/3585 3599/3599/3599 3600/3600/3600 3584/3584/3584
f 3679/3679/3679 3675/3675/3675 3674/3674/3674 3678/3678/3678
f 3704/3704/3704 3703/3703/3703 3673/3673/3673 3702/3702/3702
f 3678/3678/3678 3674/3674/3674 3703/3703/3703 3704/3704/3704
f 3676/3676/3676 3703/3703/3703 3674/3674/3674
f 3703/3703/3703 3634/3634/3634 3673/3673/3673
f 3634/3634/3634 3676/3676/3676 3644/3644/3644
f 3676/3676/3676 3634/3634/3634 3703/3703/3703
f 3675/3675/3675 3677/3677/3677 3676/3676/3676 3674/3674/3674
f 3677/3677/3677 3670/3670/3670 3644/3644/3644 3676/3676/3676
f 3708/3708/3708 3707/3707/3707 3705/3705/3705 3706/3706/3706
f 3702/3702/3702 3673/3673/3673 3707/3707/3707 3708/3708/3708
f 3706/3706/3706 3705/3705/3705 3709/3709/3709 3710/3710/3710
f 3705/3705/3705 3731/3731/3731 3733/3733/3733 3709/3709/3709
f 3731/3731/3731 3636/3636/3636 3732/3732/3732 3733/3733/3733
f 3707/3707/3707 3731/3731/3731 3705/3705/3705
f 3731/3731/3731 3634/3634/3634 3636/3636/3636
f 3634/3634/3634 3707/3707/3707 3673/3673/3673
f 3707/3707/3707 3634/3634/3634 3731/3731/3731
f 3734/3734/3734 3642/3642/3642 3637/3637/3637
f 3642/3642/3642 3634/3634/3634 3635/3635/3635
f 3634/3634/3634 3734/3734/3734 3636/3636/3636
f 3734/3734/3734 3634/3634/3634 3642/3642/3642
f 3636/3636/3636 3734/3734/3734 3735/3735/3735 3732/3732/3732
f 3734/3734/3734 3637/3637/3637 3639/3639/3639 3735/3735/3735
f 3637/3637/3637 3638/3638/3638 3640/3640/3640 3639/3639/3639
f 3635/3635/3635 3641/3641/3641 3643/3643/3643 3642/3642/3642
f 3642/3642/3642 3643/3643/3643 3638/3638/3638 3637/3637/3637
f 3670/3670/3670 3672/3672/3672 3671/3671/3671 3644/3644/3644
f 3672/3672/3672 3649/3649/3649 3645/3645/3645 3671/3671/3671
f 3647/3647/3647 3671/3671/3671 3645/3645/3645
f 3671/3671/3671 3634/3634/3634 3644/3644/3644
f 3634/3634/3634 3647/3647/3647 3635/3635/3635
f 3647/3647/3647 3634/3634/3634 3671/3671/3671
f 3645/3645/3645 3646/3646/3646 3648/3648/3648 3647/3647/3647
f 3647/3647/3647 3648/3648/3648 3641/3641/3641 3635/3635/3635
f 3649/3649/3649 3650/3650/3650 3646/3646/3646 3645/3645/3645
f 3612/3612/3612 3609/3609/3609 3730/3730/3730
f 3640/3640/3640 3730/3730/3730 3729/3729/3729
f 3730/3730/3730 3640/3640/3640 3613/3613/3613
f 3614/3614/3614 3613/3613/3613 3640/3640/3640
f 3612/3612/3612 3730/3730/3730 3613/3613/3613
f 3728/3728/3728 3640/3640/3640 3729/3729/3729
f 3640/3640/3640 3728/3728/3728 3727/3727/3727
f 3727/3727/3727 3726/3726/3726 3639/3639/3639
f 3725/3725/3725 3724/3724/3724 3735/3735/3735
f 3723/3723/3723 3722/3722/3722 3735/3735/3735
f 3735/3735/3735 3724/3724/3724 3723/3723/3723
f 3639/3639/3639 3726/3726/3726 3725/3725/3725
f 3640/3640/3640 3727/3727/3727 3639/3639/3639
f 3638/3638/3638 3616/3616/3616 3615/3615/3615 3640/3640/3640
f 3638/3638/3638 3618/3618/3618 3617/3617/3617
f 3643/3643/3643 3620/3620/3620 3619/3619/3619
f 3643/3643/3643 3619/3619/3619 3618/3618/3618
f 3638/3638/3638 3617/3617/3617 3616/3616/3616
f 3725/3725/3725 3735/3735/3735 3639/3639/3639
f 3641/3641/3641 3622/3622/3622 3621/3621/3621
f 3621/3621/3621 3643/3643/3643 3641/3641/3641
f 3641/3641/3641 3623/3623/3623 3622/3622/3622
f 3618/3618/3618 3638/3638/3638 3643/3643/3643
f 3643/3643/3643 3621/3621/3621 3620/3620/3620
f 3615/3615/3615 3614/3614/3614 3640/3640/3640
f 3732/3732/3732 3735/3735/3735 3722/3722/3722
f 3732/3732/3732 3721/3721/3721 3720/3720/3720
f 3720/3720/3720 3719/3719/3719 3733/3733/3733
f 3733/3733/3733 3718/3718/3718 3717/3717/3717
f 3718/3718/3718 3733/3733/3733 3719/3719/3719
f 3717/3717/3717 3716/3716/3716 3709/3709/3709
f 3709/3709/3709 3716/3716/3716 3715/3715/3715
f 3732/3732/3732 3722/3722/3722 3721/3721/3721
f 3714/3714/3714 3713/3713/3713 3710/3710/3710
f 3713/3713/3713 3712/3712/3712 3710/3710/3710
f 3701/3701/3701 3712/3712/3712 3711/3711/3711
f 3712/3712/3712 3701/3701/3701 3700/3700/3700
f 3710/3710/3710 3712/3712/3712 3700/3700/3700
f 3715/3715/3715 3714/3714/3714 3710/3710/3710
f 3732/3732/3732 3720/3720/3720 3733/3733/3733
f 3717/3717/3717 3709/3709/3709 3733/3733/3733
f 3715/3715/3715 3710/3710/3710 3709/3709/3709
f 3697/3697/3697 3706/3706/3706 3698/3698/3698
f 3698/3698/3698 3710/3710/3710 3699/3699/3699
f 3706/3706/3706 3695/3695/3695 3694/3694/3694 3708/3708/3708
f 3706/3706/3706 3710/3710/3710 3698/3698/3698
f 3700/3700/3700 3699/3699/3699 3710/3710/3710
f 3706/3706/3706 3697/3697/3697 3696/3696/3696
f 3706/3706/3706 3696/3696/3696 3695/3695/3695
f 3708/3708/3708 3694/3694/3694 3693/3693/3693
f 3692/3692/3692 3691/3691/3691 3702/3702/3702
f 3692/3692/3692 3708/3708/3708 3693/3693/3693
f 3702/3702/3702 3708/3708/3708 3692/3692/3692
f 3648/3648/3648 3624/3624/3624 3623/3623/3623 3641/3641/3641
f 3648/3648/3648 3625/3625/3625 3624/3624/3624
f 3648/3648/3648 3627/3627/3627 3626/3626/3626
f 3646/3646/3646 3628/3628/3628 3627/3627/3627
f 3648/3648/3648 3626/3626/3626 3625/3625/3625
f 3648/3648/3648 3646/3646/3646 3627/3627/3627
f 3629/3629/3629 3628/3628/3628 3646/3646/3646
f 3630/3630/3630 3629/3629/3629 3646/3646/3646
f 3650/3650/3650 3631/3631/3631 3630/3630/3630
f 3649/3649/3649 3654/3654/3654 3653/3653/3653 3650/3650/3650
f 3650/3650/3650 3632/3632/3632 3631/3631/3631
f 3630/3630/3630 3646/3646/3646 3650/3650/3650
f 3651/3651/3651 3633/3633/3633 3632/3632/3632
f 3651/3651/3651 3610/3610/3610 3633/3633/3633
f 3651/3651/3651 3650/3650/3650 3652/3652/3652
f 3652/3652/3652 3650/3650/3650 3653/3653/3653
f 3654/3654/3654 3649/3649/3649 3655/3655/3655
f 3672/3672/3672 3657/3657/3657 3656/3656/3656 3649/3649/3649
f 3656/3656/3656 3655/3655/3655 3649/3649/3649
f 3672/3672/3672 3658/3658/3658 3657/3657/3657
f 3670/3670/3670 3659/3659/3659 3658/3658/3658 3672/3672/3672
f 3660/3660/3660 3659/3659/3659 3670/3670/3670
f 3632/3632/3632 3650/3650/3650 3651/3651/3651
f 3690/3690/3690 3689/3689/3689 3702/3702/3702
f 3704/3704/3704 3702/3702/3702 3689/3689/3689
f 3691/3691/3691 3690/3690/3690 3702/3702/3702
f 3677/3677/3677 3662/3662/3662 3661/3661/3661 3670/3670/3670
f 3688/3688/3688 3704/3704/3704 3689/3689/3689
f 3678/3678/3678 3684/3684/3684 3683/3683/3683 3679/3679/3679
f 3704/3704/3704 3687/3687/3687 3686/3686/3686 3678/3678/3678
f 3704/3704/3704 3688/3688/3688 3687/3687/3687
f 3678/3678/3678 3685/3685/3685 3684/3684/3684
f 3683/3683/3683 3682/3682/3682 3679/3679/3679
f 3685/3685/3685 3678/3678/3678 3686/3686/3686
f 3677/3677/3677 3663/3663/3663 3662/3662/3662
f 3677/3677/3677 3664/3664/3664 3663/3663/3663
f 3677/3677/3677 3675/3675/3675 3664/3664/3664
f 3675/3675/3675 3666/3666/3666 3665/3665/3665
f 3675/3675/3675 3665/3665/3665 3664/3664/3664
f 3679/3679/3679 3667/3667/3667 3666/3666/3666 3675/3675/3675
f 3680/3680/3680 3669/3669/3669 3681/3681/3681
f 3679/3679/3679 3681/3681/3681 3669/3669/3669
f 3682/3682/3682 3681/3681/3681 3679/3679/3679
f 3679/3679/3679 3668/3668/3668 3667/3667/3667
f 3680/3680/3680 3611/3611/3611 3669/3669/3669
f 3679/3679/3679 3669/3669/3669 3668/3668/3668
f 3661/3661/3661 3660/3660/3660 3670/3670/3670
f 3806/3806/3806 3805/3805/3805 3801/3801/3801 3802/3802/3802
f 3832/3832/3832 3830/3830/3830 3800/3800/3800 3831/3831/3831
f 3805/3805/3805 3832/3832/3832 3831/3831/3831 3801/3801/3801
f 3803/3803/3803 3801/3801/3801 3831/3831/3831
f 3831/3831/3831 3800/3800/3800 3761/3761/3761
f 3761/3761/3761 3771/3771/3771 3803/3803/3803
f 3803/3803/3803 3831/3831/3831 3761/3761/3761
f 3802/3802/3802 3801/3801/3801 3803/3803/3803 3804/3804/3804
f 3804/3804/3804 3803/3803/3803 3771/3771/3771 3797/3797/3797
f 3836/3836/3836 3834/3834/3834 3833/3833/3833 3835/3835/3835
f 3830/3830/3830 3836/3836/3836 3835/3835/3835 3800/3800/3800
f 3834/3834/3834 3838/3838/3838 3837/3837/3837 3833/3833/3833
f 3833/3833/3833 3837/3837/3837 3860/3860/3860 3858/3858/3858
f 3858/3858/3858 3860/3860/3860 3859/3859/3859 3763/3763/3763
f 3835/3835/3835 3833/3833/3833 3858/3858/3858
f 3858/3858/3858 3763/3763/3763 3761/3761/3761
f 3761/3761/3761 3800/3800/3800 3835/3835/3835
f 3835/3835/3835 3858/3858/3858 3761/3761/3761
f 3861/3861/3861 3764/3764/3764 3769/3769/3769
f 3769/3769/3769 3762/3762/3762 3761/3761/3761
f 3761/3761/3761 3763/3763/3763 3861/3861/3861
f 3861/3861/3861 3769/3769/3769 3761/3761/3761
f 3763/3763/3763 3859/3859/3859 3862/3862/3862 3861/3861/3861
f 3861/3861/3861 3862/3862/3862 3766/3766/3766 3764/3764/3764
f 3764/3764/3764 3766/3766/3766 3767/3767/3767 3765/3765/3765
f 3762/3762/3762 3769/3769/3769 3770/3770/3770 3768/3768/3768
f 3769/3769/3769 3764/3764/3764 3765/3765/3765 3770/3770/3770
f 3797/3797/3797 3771/3771/3771 3798/3798/3798 3799/3799/3799
f 3799/3799/3799 3798/3798/3798 3772/3772/3772 3776/3776/3776
f 3774/3774/3774 3772/3772/3772 3798/3798/3798
f 3798/3798/3798 3771/3771/3771 3761/3761/3761
f 3761/3761/3761 3762/3762/3762 3774/3774/3774
f 3774/3774/3774 3798/3798/3798 3761/3761/3761
f 3772/3772/3772 3774/3774/3774 3775/3775/3775 3773/3773/3773
f 3774/3774/3774 3762/3762/3762 3768/3768/3768 3775/3775/3775
f 3776/3776/3776 3772/3772/3772 3773/3773/3773 3777/3777/3777
f 3739/3739/3739 3857/3857/3857 3736/3736/3736
f 3767/3767/3767 3856/3856/3856 3857/3857/3857
f 3857/3857/3857 3740/3740/3740 3767/3767/3767
f 3741/3741/3741 3767/3767/3767 3740/3740/3740
f 3739/3739/3739 3740/3740/3740 3857/3857/3857
f 3855/3855/3855 3856/3856/3856 3767/3767/3767
f 3767/3767/3767 3854/3854/3854 3855/3855/3855
f 3854/3854/3854 3766/3766/3766 3853/3853/3853
f 3852/3852/3852 3862/3862/3862 3851/3851/3851
f 3850/3850/3850 3862/3862/3862 3849/3849/3849
f 3862/3862/3862 3850/3850/3850 3851/3851/3851
f 3766/3766/3766 3852/3852/3852 3853/3853/3853
f 3767/3767/3767 3766/3766/3766 3854/3854/3854
f 3765/3765/3765 3767/3767/3767 3742/3742/3742 3743/3743/3743
f 3765/3765/3765 3744/3744/3744 3745/3745/3745
f 3770/3770/3770 3746/3746/3746 3747/3747/3747
f 3770/3770/3770 3745/3745/3745 3746/3746/3746
f 3765/3765/3765 3743/3743/3743 3744/3744/3744
f 3852/3852/3852 3766/3766/3766 3862/3862/3862
f 3768/3768/3768 3748/3748/3748 3749/3749/3749
f 3748/3748/3748 3768/3768/3768 3770/3770/3770
f 3768/3768/3768 3749/3749/3749 3750/3750/3750
f 3745/3745/3745 3770/3770/3770 3765/3765/3765
f 3770/3770/3770 3747/3747/3747 3748/3748/3748
f 3742/3742/3742 3767/3767/3767 3741/3741/3741
f 3859/3859/3859 3849/3849/3849 3862/3862/3862
f 3859/3859/3859 3847/3847/3847 3848/3848/3848
f 3847/3847/3847 3860/3860/3860 3846/3846/3846
f 3860/3860/3860 3844/3844/3844 3845/3845/3845
f 3845/3845/3845 3846/3846/3846 3860/3860/3860
f 3844/3844/3844 3837/3837/3837 3843/3843/3843
f 3837/3837/3837 3842/3842/3842 3843/3843/3843
f 3859/3859/3859 3848/3848/3848 3849/3849/3849
f 3841/3841/3841 3838/3838/3838 3840/3840/3840
f 3840/3840/3840 3838/3838/3838 3839/3839/3839
f 3829/3829/3829 3737/3737/3737 3839/3839/3839
f 3839/3839/3839 3828/3828/3828 3829/3829/3829
f 3838/3838/3838 3828/3828/3828 3839/3839/3839
f 3842/3842/3842 3838/3838/3838 3841/3841/3841
f 3859/3859/3859 3860/3860/3860 3847/3847/3847
f 3844/3844/3844 3860/3860/3860 3837/3837/3837
f 3842/3842/3842 3837/3837/3837 3838/3838/3838
f 3825/3825/3825 3826/3826/3826 3834/3834/3834
f 3826/3826/3826 3827/3827/3827 3838/3838/3838
f 3834/3834/3834 3836/3836/3836 3822/3822/3822 3823/3823/3823
f 3834/3834/3834 3826/3826/3826 3838/3838/3838
f 3828/3828/3828 3838/3838/3838 3827/3827/3827
f 3834/3834/3834 3824/3824/3824 3825/3825/3825
f 3834/3834/3834 3823/3823/3823 3824/3824/3824
f 3836/3836/3836 3821/3821/3821 3822/3822/3822
f 3820/3820/3820 3830/3830/3830 3819/3819/3819
f 3820/3820/3820 3821/3821/3821 3836/3836/3836
f 3830/3830/3830 3820/3820/3820 3836/3836/3836
f 3775/3775/3775 3768/3768/3768 3750/3750/3750 3751/3751/3751
f 3775/3775/3775 3751/3751/3751 3752/3752/3752
f 3775/3775/3775 3753/3753/3753 3754/3754/3754
f 3773/3773/3773 3754/3754/3754 3755/3755/3755
f 3775/3775/3775 3752/3752/3752 3753/3753/3753
f 3775/3775/3775 3754/3754/3754 3773/3773/3773
f 3756/3756/3756 3773/3773/3773 3755/3755/3755
f 3757/3757/3757 3773/3773/3773 3756/3756/3756
f 3777/3777/3777 3757/3757/3757 3758/3758/3758
f 3776/3776/3776 3777/3777/3777 3780/3780/3780 3781/3781/3781
f 3777/3777/3777 3758/3758/3758 3759/3759/3759
f 3757/3757/3757 3777/3777/3777 3773/3773/3773
f 3778/3778/3778 3759/3759/3759 3760/3760/3760
f 3778/3778/3778 3760/3760/3760 3738/3738/3738
f 3778/3778/3778 3779/3779/3779 3777/3777/3777
f 3779/3779/3779 3780/3780/3780 3777/3777/3777
f 3781/3781/3781 3782/3782/3782 3776/3776/3776
f 3799/3799/3799 3776/3776/3776 3783/3783/3783 3784/3784/3784
f 3783/3783/3783 3776/3776/3776 3782/3782/3782
f 3799/3799/3799 3784/3784/3784 3785/3785/3785
f 3797/3797/3797 3799/3799/3799 3785/3785/3785 3786/3786/3786
f 3787/3787/3787 3797/3797/3797 3786/3786/3786
f 3759/3759/3759 3778/3778/3778 3777/3777/3777
f 3818/3818/3818 3830/3830/3830 3817/3817/3817
f 3832/3832/3832 3817/3817/3817 3830/3830/3830
f 3819/3819/3819 3830/3830/3830 3818/3818/3818
f 3804/3804/3804 3797/3797/3797 3788/3788/3788 3789/3789/3789
f 3816/3816/3816 3817/3817/3817 3832/3832/3832
f 3805/3805/3805 3806/3806/3806 3811/3811/3811 3812/3812/3812
f 3832/3832/3832 3805/3805/3805 3814/3814/3814 3815/3815/3815
f 3832/3832/3832 3815/3815/3815 3816/3816/3816
f 3805/3805/3805 3812/3812/3812 3813/3813/3813
f 3811/3811/3811 3806/3806/3806 3810/3810/3810
f 3813/3813/3813 3814/3814/3814 3805/3805/3805
f 3804/3804/3804 3789/3789/3789 3790/3790/3790
f 3804/3804/3804 3790/3790/3790 3791/3791/3791
f 3804/3804/3804 3791/3791/3791 3802/3802/3802
f 3802/3802/3802 3792/3792/3792 3793/3793/3793
f 3802/3802/3802 3791/3791/3791 3792/3792/3792
f 3806/3806/3806 3802/3802/3802 3793/3793/3793 3794/3794/3794
f 3808/3808/3808 3809/3809/3809 3796/3796/3796
f 3806/3806/3806 3796/3796/3796 3809/3809/3809
f 3810/3810/3810 3806/3806/3806 3809/3809/3809
f 3806/3806/3806 3794/3794/3794 3795/3795/3795
f 3808/3808/3808 3796/3796/3796 3807/3807/3807
f 3806/3806/3806 3795/3795/3795 3796/3796/3796
f 3788/3788/3788 3797/3797/3797 3787/3787/3787
f 3866/3866/3866 3863/3863/3863 3864/3864/3864 3910/3910/3910
f 3867/3867/3867 3866/3866/3866 3910/3910/3910 3909/3909/3909
f 3868/3868/3868 3908/3908/3908 3907/3907/3907 3869/3869/3869
f 3870/3870/3870 3869/3869/3869 3907/3907/3907 3906/3906/3906
f 3867/3867/3867 3909/3909/3909 3908/3908/3908 3868/3868/3868
f 3872/3872/3872 3871/3871/3871 3905/3905/3905 3904/3904/3904
f 3873/3873/3873 3872/3872/3872 3904/3904/3904 3903/3903/3903
f 3875/3875/3875 3874/3874/3874 3902/3902/3902 3901/3901/3901
f 3876/3876/3876 3875/3875/3875 3901/3901/3901 3900/3900/3900
f 3874/3874/3874 3873/3873/3873 3903/3903/3903 3902/3902/3902
f 3871/3871/3871 3870/3870/3870 3906/3906/3906 3905/3905/3905
f 3900/3900/3900 3899/3899/3899 3877/3877/3877 3876/3876/3876
f 3878/3878/3878 3877/3877/3877 3899/3899/3899 3898/3898/3898
f 3879/3879/3879 3878/3878/3878 3898/3898/3898 3897/3897/3897
f 3880/3880/3880 3896/3896/3896 3895/3895/3895 3881/3881/3881
f 3881/3881/3881 3895/3895/3895 3894/3894/3894 3882/3882/3882
f 3880/3880/3880 3879/3879/3879 3897/3897/3897 3896/3896/3896
f 3884/3884/3884 3883/3883/3883 3893/3893/3893 3892/3892/3892
f 3884/3884/3884 3892/3892/3892 3891/3891/3891 3885/3885/3885
f 3887/3887/3887 3886/3886/3886 3890/3890/3890 3889/3889/3889
f 3865/3865/3865 3887/3887/3887 3889/3889/3889 3888/3888/3888
f 3885/3885/3885 3891/3891/3891 3890/3890/3890 3886/3886/3886
f 3883/3883/3883 3882/3882/3882 3894/3894/3894 3893/3893/3893
usemtl Default
v -330 2340 -5110
v -330 2330 -5110
v -1330 2340 -5110
v -1330 2330 -5110
v -373.478271484375 2340 -5110
v -416.95651245117188 2340 -5110
v -460.43478393554688 2340 -5110
v -503.91305541992188 2340 -5110
v -547.39129638671875 2340 -5110
v -590.86956787109375 2340 -5110
v -634.34783935546875 2340 -5110
v -677.82611083984375 2340 -5110
v -721.3043212890625 2340 -5110
v -764.7825927734375 2340 -5110
v -808.2608642578125 2340 -5110
v -851.7391357421875 2340 -5110
v -895.2174072265625 2340 -5110
v -938.6956787109375 2340 -5110
v -982.17388916015625 2340 -5110
v -1025.6522216796875 2340 -5110
v -1069.1304931640625 2340 -5110
v -1112.608642578125 2340 -5110
v -1156.0869140625 2340 -5110
v -1199.565185546875 2340 -5110
v -1243.04345703125 2340 -5110
v -1286.521728515625 2340 -5110
v -1286.521728515625 2330 -5110
v -1243.04345703125 2330 -5110
v -1199.565185546875 2330 -5110
v -1156.0869140625 2330 -5110
v -1112.608642578125 2330 -5110
v -1069.1304931640625 2330 -5110
v -1025.6522216796875 2330 -5110
v -982.17388916015625 2330 -5110
v -938.6956787109375 2330 -5110
v -895.2174072265625 2330 -5110
v -851.7391357421875 2330 -5110
v -808.2608642578125 2330 -5110
v -764.7825927734375 2330 -5110
v -721.3043212890625 2330 -5110
v -677.82611083984375 2330 -5110
v -634.34783935546875 2330 -5110
v -590.86956787109375 2330 -5110
v -547.39129638671875 2330 -5110
v -503.91305541992188 2330 -5110
v -460.43478393554688 2330 -5110
v -416.95651245117188 2330 -5110
v -373.478271484375 2330 -5110
v -1330 2340 -5110
v -1330 2330 -5110
v -1330 2330 -5284
v -1330 2340 -5980
v -1330 2340 -5153.5
v -1330 2340 -5197
v -1330 2340 -5240.5
v -1330 2340 -5284
v -1330 2340 -5327.5
v -1330 2340 -5371
v -1330 2340 -5414.5
v -1330 2340 -5458
v -1330 2340 -5501.5
v -1330 2340 -5545
v -1330 2340 -5588.5
v -1330 2340 -5632
v -1330 2340 -5675.5
v -1330 2340 -5719
v -1330 2340 -5762.5
v -1330 2340 -5806
v -1330 2340 -5849.5
v -1330 2340 -5893
v -1330 2340 -5936.5
v -1330 2330 -5980
v -1330 2330 -5936.5
v -1330 2330 -5893
v -1330 2330 -5849.5
v -1330 2330 -5806
v -1330 2330 -5762.5
v -1330 2330 -5719
v -1330 2330 -5675.5
v -1330 2330 -5632
v -1330 2330 -5588.5
v -1330 2330 -5545
v -1330 2330 -5501.5
v -1330 2330 -5458
v -1330 2330 -5414.5
v -1330 2330 -5371
v -1330 2330 -5327.5
v -1330 2330 -5240.5
v -1330 2330 -5197
v -1330 2330 -5153.5
v -330 2330 -5980
v -330 2330 -5632
v -330 2340 -5458
v -330 2330 -5458
v -330 2330 -5284
v -330 2340 -5110
v -330 2330 -5110
v -330 2340 -5980
v -330 2340 -5936.5
v -330 2340 -5893
v -330 2340 -5849.5
v -330 2340 -5806
v -330 2340 -5762.5
v -330 2340 -5719
v -330 2340 -5675.5
v -330 2340 -5632
v -330 2340 -5588.5
v -330 2340 -5545
v -330 2340 -5501.5
v -330 2340 -5414.5
v -330 2340 -5371
v -330 2340 -5327.5
v -330 2340 -5284
v -330 2340 -5240.5
v -330 2340 -5197
v -330 2340 -5153.5
v -330 2330 -5153.5
v -330 2330 -5197
v -330 2330 -5240.5
v -330 2330 -5327.5
v -330 2330 -5371
v -330 2330 -5414.5
v -330 2330 -5501.5
v -330 2330 -5545
v -330 2330 -5588.5
v -330 2330 -5675.5
v -330 2330 -5719
v -330 2330 -5762.5
v -330 2330 -5806
v -330 2330 -5849.5
v -330 2330 -5893
v -330 2330 -5936.5
v -330 2340 -5110
v -1330 2340 -5110
v -1330 2340 -5980
v -373.478271484375 2340 -5110
v -416.95651245117188 2340 -5110
v -460.43478393554688 2340 -5110
v -503.91305541992188 2340 -5110
v -547.39129638671875 2340 -5110
v -590.86956787109375 2340 -5110
v -634.34783935546875 2340 -5110
v -677.82611083984375 2340 -5110
v -721.3043212890625 2340 -5110
v -764.7825927734375 2340 -5110
v -808.2608642578125 2340 -5110
v -851.7391357421875 2340 -5110
v -895.2174072265625 2340 -5110
v -938.6956787109375 2340 -5110
v -982.17388916015625 2340 -5110
v -1025.6522216796875 2340 -5110
v -1069.1304931640625 2340 -5110
v -1112.608642578125 2340 -5110
v -1156.0869140625 2340 -5110
v -1199.565185546875 2340 -5110
v -1243.04345703125 2340 -5110
v -1286.521728515625 2340 -5110
v -830 2340 -5545
v -830 2340 -5327.5
v -580 2340 -5545
v -580 2340 -5327.5
v -580 2340 -5218.75
v -455 2340 -5327.5
v -455 2340 -5218.75
v -830 2340 -5218.75
v -705 2340 -5327.5
v -705 2340 -5218.75
v -1080 2340 -5545
v -1080 2340 -5327.5
v -1080 2340 -5218.75
v -955 2340 -5327.5
v -955 2340 -5218.75
v -1205 2340 -5327.5
v -1205 2340 -5218.75
v -1330 2340 -5153.5
v -1330 2340 -5197
v -1330 2340 -5240.5
v -1330 2340 -5284
v -1330 2340 -5327.5
v -1330 2340 -5371
v -1330 2340 -5414.5
v -1330 2340 -5458
v -1330 2340 -5501.5
v -1330 2340 -5545
v -1330 2340 -5588.5
v -1330 2340 -5632
v -1330 2340 -5675.5
v -1330 2340 -5719
v -1330 2340 -5762.5
v -1330 2340 -5806
v -1330 2340 -5849.5
v -1330 2340 -5893
v -1330 2340 -5936.5
v -1205 2340 -5545
v -1080 2340 -5436.25
v -1205 2340 -5436.25
v -830 2340 -5762.5
v -1080 2340 -5762.5
v -1205 2340 -5762.5
v -1080 2340 -5653.75
v -1205 2340 -5653.75
v -1080 2340 -5871.25
v -1205 2340 -5871.25
v -1286.521728515625 2340 -5980
v -1243.04345703125 2340 -5980
v -1199.565185546875 2340 -5980
v -1156.0869140625 2340 -5980
v -1112.608642578125 2340 -5980
v -1069.1304931640625 2340 -5980
v -1025.6522216796875 2340 -5980
v -982.17388916015625 2340 -5980
v -938.6956787109375 2340 -5980
v -895.2174072265625 2340 -5980
v -851.7391357421875 2340 -5980
v -808.2608642578125 2340 -5980
v -764.7825927734375 2340 -5980
v -721.3043212890625 2340 -5980
v -677.82611083984375 2340 -5980
v -634.34783935546875 2340 -5980
v -590.86956787109375 2340 -5980
v -547.39129638671875 2340 -5980
v -503.91305541992188 2340 -5980
v -460.43478393554688 2340 -5980
v -416.95651245117188 2340 -5980
v -373.478271484375 2340 -5980
v -830 2340 -5871.25
v -955 2340 -5762.5
v -955 2340 -5871.25
v -580 2340 -5762.5
v -580 2340 -5871.25
v -705 2340 -5762.5
v -705 2340 -5871.25
v -455 2340 -5762.5
v -455 2340 -5871.25
v -330 2340 -5980
v -330 2340 -5936.5
v -330 2340 -5893
v -330 2340 -5849.5
v -330 2340 -5806
v -330 2340 -5762.5
v -330 2340 -5719
v -330 2340 -5675.5
v -330 2340 -5632
v -330 2340 -5588.5
v -330 2340 -5545
v -330 2340 -5501.5
v -330 2340 -5458
v -330 2340 -5414.5
v -330 2340 -5371
v -330 2340 -5327.5
v -330 2340 -5284
v -330 2340 -5240.5
v -330 2340 -5197
v -330 2340 -5153.5
v -580 2340 -5653.75
v -455 2340 -5545
v -455 2340 -5653.75
v -580 2340 -5436.25
v -455 2340 -5436.25
v -330 2330 -5110
v -330 2330 -5980
v -1330 2330 -5110
v -373.478271484375 2330 -5110
v -416.95651245117188 2330 -5110
v -460.43478393554688 2330 -5110
v -503.91305541992188 2330 -5110
v -547.39129638671875 2330 -5110
v -590.86956787109375 2330 -5110
v -634.34783935546875 2330 -5110
v -677.82611083984375 2330 -5110
v -721.3043212890625 2330 -5110
v -764.7825927734375 2330 -5110
v -808.2608642578125 2330 -5110
v -851.7391357421875 2330 -5110
v -895.2174072265625 2330 -5110
v -938.6956787109375 2330 -5110
v -982.17388916015625 2330 -5110
v -1025.6522216796875 2330 -5110
v -1069.1304931640625 2330 -5110
v -1112.608642578125 2330 -5110
v -1156.0869140625 2330 -5110
v -1199.565185546875 2330 -5110
v -1243.04345703125 2330 -5110
v -1286.521728515625 2330 -5110
v -830 2330 -5545
v -830 2330 -5327.5
v -580 2330 -5545
v -580 2330 -5327.5
v -580 2330 -5218.75
v -455 2330 -5327.5
v -455 2330 -5218.75
v -830 2330 -5218.75
v -705 2330 -5327.5
v -705 2330 -5218.75
v -1080 2330 -5545
v -1080 2330 -5327.5
v -1080 2330 -5218.75
v -955 2330 -5327.5
v -955 2330 -5218.75
v -1205 2330 -5327.5
v -1205 2330 -5218.75
v -1330 2330 -5153.5
v -1330 2330 -5197
v -1330 2330 -5240.5
v -1330 2330 -5284
v -1330 2330 -5327.5
v -1330 2330 -5371
v -1330 2330 -5414.5
v -1330 2330 -5458
v -1330 2330 -5501.5
v -1330 2330 -5545
v -1330 2330 -5588.5
v -1330 2330 -5632
v -1330 2330 -5675.5
v -1330 2330 -5719
v -1330 2330 -5762.5
v -1330 2330 -5806
v -1330 2330 -5849.5
v -1330 2330 -5893
v -1330 2330 -5936.5
v -1205 2330 -5545
v -1080 2330 -5436.25
v -1205 2330 -5436.25
v -830 2330 -5762.5
v -1080 2330 -5762.5
v -1205 2330 -5762.5
v -1080 2330 -5653.75
v -1205 2330 -5653.75
v -1080 2330 -5871.25
v -1205 2330 -5871.25
v -1330 2330 -5980
v -1286.521728515625 2330 -5980
v -1243.04345703125 2330 -5980
v -1199.565185546875 2330 -5980
v -1156.0869140625 2330 -5980
v -1112.608642578125 2330 -5980
v -1069.1304931640625 2330 -5980
v -1025.6522216796875 2330 -5980
v -982.17388916015625 2330 -5980
v -938.6956787109375 2330 -5980
v -895.2174072265625 2330 -5980
v -851.7391357421875 2330 -5980
v -808.2608642578125 2330 -5980
v -764.7825927734375 2330 -5980
v -721.3043212890625 2330 -5980
v -677.82611083984375 2330 -5980
v -634.34783935546875 2330 -5980
v -590.86956787109375 2330 -5980
v -547.39129638671875 2330 -5980
v -503.91305541992188 2330 -5980
v -460.43478393554688 2330 -5980
v -416.95651245117188 2330 -5980
v -373.478271484375 2330 -5980
v -830 2330 -5871.25
v -955 2330 -5762.5
v -955 2330 -5871.25
v -580 2330 -5762.5
v -580 2330 -5871.25
v -705 2330 -5762.5
v -705 2330 -5871.25
v -455 2330 -5762.5
v -455 2330 -5871.25
v -330 2330 -5936.5
v -330 2330 -5893
v -330 2330 -5849.5
v -330 2330 -5806
v -330 2330 -5762.5
v -330 2330 -5719
v -330 2330 -5675.5
v -330 2330 -5632
v -330 2330 -5588.5
v -330 2330 -5545
v -330 2330 -5501.5
v -330 2330 -5458
v -330 2330 -5414.5
v -330 2330 -5371
v -330 2330 -5327.5
v -330 2330 -5284
v -330 2330 -5240.5
v -330 2330 -5197
v -330 2330 -5153.5
v -580 2330 -5653.75
v -455 2330 -5545
v -455 2330 -5653.75
v -580 2330 -5436.25
v -455 2330 -5436.25
v -330 2340 -5980
v -1330 2340 -5980
v -1330 2330 -5980
v -330 2330 -5980
v -373.478271484375 2340 -5980
v -416.95651245117188 2340 -5980
v -460.43478393554688 2340 -5980
v -503.91305541992188 2340 -5980
v -547.39129638671875 2340 -5980
v -590.86956787109375 2340 -5980
v -634.34783935546875 2340 -5980
v -677.82611083984375 2340 -5980
v -721.3043212890625 2340 -5980
v -764.7825927734375 2340 -5980
v -808.2608642578125 2340 -5980
v -851.7391357421875 2340 -5980
v -895.2174072265625 2340 -5980
v -938.6956787109375 2340 -5980
v -982.17388916015625 2340 -5980
v -1025.6522216796875 2340 -5980
v -1069.1304931640625 2340 -5980
v -1112.608642578125 2340 -5980
v -1156.0869140625 2340 -5980
v -1199.565185546875 2340 -5980
v -1243.04345703125 2340 -5980
v -1286.521728515625 2340 -5980
v -1286.521728515625 2330 -5980
v -1243.04345703125 2330 -5980
v -1199.565185546875 2330 -5980
v -1156.0869140625 2330 -5980
v -1112.608642578125 2330 -5980
v -1069.1304931640625 2330 -5980
v -1025.6522216796875 2330 -5980
v -982.17388916015625 2330 -5980
v -938.6956787109375 2330 -5980
v -895.2174072265625 2330 -5980
v -851.7391357421875 2330 -5980
v -808.2608642578125 2330 -5980
v -764.7825927734375 2330 -5980
v -721.3043212890625 2330 -5980
v -677.82611083984375 2330 -5980
v -634.34783935546875 2330 -5980
v -590.86956787109375 2330 -5980
v -547.39129638671875 2330 -5980
v -503.91305541992188 2330 -5980
v -460.43478393554688 2330 -5980
v -416.95651245117188 2330 -5980
v -373.478271484375 2330 -5980
vt 0.017241379246115685 0
vt 0.01149425283074379 0
vt 0.017241379246115685 0.57471263408660889
vt 0.01149425283074379 0.57471263408660889
vt 0.017241379246115685 0.024987507611513138
vt 0.017241379246115685 0.049975015223026276
vt 0.017241379246115685 0.074962519109249115
vt 0.017241379246115685 0.099950030446052551
vt 0.017241379246115685 0.12493752688169479
vt 0.017241379246115685 0.14992503821849823
vt 0.017241379246115685 0.17491254210472107
vt 0.017241379246115685 0.1999000608921051
vt 0.017241379246115685 0.22488754987716675
vt 0.017241379246115685 0.24987505376338959
vt 0.017241379246115685 0.27486255764961243
vt 0.017241379246115685 0.29985007643699646
vt 0.017241379246115685 0.32483756542205811
vt 0.017241379246115685 0.34982508420944214
vt 0.017241379246115685 0.37481260299682617
vt 0.017241379246115685 0.39980012178421021
vt 0.017241379246115685 0.42478761076927185
vt 0.017241379246115685 0.4497750997543335
vt 0.017241379246115685 0.47476261854171753
vt 0.017241379246115685 0.49975010752677917
vt 0.017241379246115685 0.5247376561164856
vt 0.017241379246115685 0.54972511529922485
vt 0.01149425283074379 0.54972511529922485
vt 0.01149425283074379 0.5247376561164856
vt 0.01149425283074379 0.49975010752677917
vt 0.01149425283074379 0.47476261854171753
vt 0.01149425283074379 0.4497750997543335
vt 0.01149425283074379 0.42478761076927185
vt 0.01149425283074379 0.39980012178421021
vt 0.01149425283074379 0.37481260299682617
vt 0.01149425283074379 0.34982508420944214
vt 0.01149425283074379 0.32483756542205811
vt 0.01149425283074379 0.29985007643699646
vt 0.01149425283074379 0.27486255764961243
vt 0.01149425283074379 0.24987505376338959
vt 0.01149425283074379 0.22488754987716675
vt 0.01149425283074379 0.1999000608921051
vt 0.01149425283074379 0.17491254210472107
vt 0.01149425283074379 0.14992503821849823
vt 0.01149425283074379 0.12493752688169479
vt 0.01149425283074379 0.099950030446052551
vt 0.01149425283074379 0.074962519109249115
vt 0.01149425283074379 0.049975015223026276
vt 0.01149425283074379 0.024987507611513138
vt 0.01149425283074379 0
vt 0.0057471264153718948 0
vt 0.0057471264153718948 0.10000000149011612
vt 0.01149425283074379 0.5
vt 0.01149425283074379 0.02500000037252903
vt 0.01149425283074379 0.05000000074505806
vt 0.01149425283074379 0.075000002980232239
vt 0.01149425283074379 0.10000000149011612
vt 0.01149425283074379 0.125
vt 0.01149425283074379 0.15000000596046448
vt 0.01149425283074379 0.17499999701976776
vt 0.01149425283074379 0.20000000298023224
vt 0.01149425283074379 0.22499999403953552
vt 0.01149425283074379 0.25
vt 0.01149425283074379 0.27500000596046448
vt 0.01149425283074379 0.30000001192092896
vt 0.01149425283074379 0.32499998807907104
vt 0.01149425283074379 0.34999999403953552
vt 0.01149425283074379 0.375
vt 0.01149425283074379 0.40000000596046448
vt 0.01149425283074379 0.42500001192092896
vt 0.01149425283074379 0.44999998807907104
vt 0.01149425283074379 0.47499999403953552
vt 0.0057471264153718948 0.5
vt 0.0057471264153718948 0.47499999403953552
vt 0.0057471264153718948 0.44999998807907104
vt 0.0057471264153718948 0.42500001192092896
vt 0.0057471264153718948 0.40000000596046448
vt 0.0057471264153718948 0.375
vt 0.0057471264153718948 0.34999999403953552
vt 0.0057471264153718948 0.32499998807907104
vt 0.0057471264153718948 0.30000001192092896
vt 0.0057471264153718948 0.27500000596046448
vt 0.0057471264153718948 0.25
vt 0.0057471264153718948 0.22499999403953552
vt 0.0057471264153718948 0.20000000298023224
vt 0.0057471264153718948 0.17499999701976776
vt 0.0057471264153718948 0.15000000596046448
vt 0.0057471264153718948 0.125
vt 0.0057471264153718948 0.075000002980232239
vt 0.0057471264153718948 0.05000000074505806
vt 0.0057471264153718948 0.02500000037252903
vt 0 0
vt 0 0.20000000298023224
vt 0.0057471264153718948 0.30000001192092896
vt 0 0.30000001192092896
vt 0 0.40000000596046448
vt 0.0057471264153718948 0.5
vt 0 0.5
vt 0.0057471264153718948 0
vt 0.0057471264153718948 0.02500000037252903
vt 0.0057471264153718948 0.05000000074505806
vt 0.0057471264153718948 0.075000002980232239
vt 0.0057471264153718948 0.10000000149011612
vt 0.0057471264153718948 0.125
vt 0.0057471264153718948 0.15000000596046448
vt 0.0057471264153718948 0.17499999701976776
vt 0.0057471264153718948 0.20000000298023224
vt 0.0057471264153718948 0.22499999403953552
vt 0.0057471264153718948 0.25
vt 0.0057471264153718948 0.27500000596046448
vt 0.0057471264153718948 0.32499998807907104
vt 0.0057471264153718948 0.34999999403953552
vt 0.0057471264153718948 0.375
vt 0.0057471264153718948 0.40000000596046448
vt 0.0057471264153718948 0.42500001192092896
vt 0.0057471264153718948 0.44999998807907104
vt 0.0057471264153718948 0.47499999403953552
vt 0 0.47499999403953552
vt 0 0.44999998807907104
vt 0 0.42500001192092896
vt 0 0.375
vt 0 0.34999999403953552
vt 0 0.32499998807907104
vt 0 0.27500000596046448
vt 0 0.25
vt 0 0.22499999403953552
vt 0 0.17499999701976776
vt 0 0.15000000596046448
vt 0 0.125
vt 0 0.10000000149011612
vt 0 0.075000002980232239
vt 0 0.05000000074505806
vt 0 0.02500000037252903
vt 0.022988505661487579 0.5
vt 0.59623628854751587 0.5
vt 0.59623628854751587 0.99853515625
vt 0.047912321984767914 0.5
vt 0.072836138308048248 0.5
vt 0.097759954631328583 0.5
vt 0.12268377840518951 0.5
vt 0.14760759472846985 0.5
vt 0.17253141105175018 0.5
vt 0.19745522737503052 0.5
vt 0.22237904369831085 0.5
vt 0.24730286002159119 0.5
vt 0.27222666144371033 0.5
vt 0.29715049266815186 0.5
vt 0.32207432389259338 0.5
vt 0.34699812531471252 0.5
vt 0.37192192673683167 0.5
vt 0.39684578776359558 0.5
vt 0.42176958918571472 0.5
vt 0.44669339060783386 0.5
vt 0.47161722183227539 0.5
vt 0.49654102325439453 0.5
vt 0.52146482467651367 0.5
vt 0.54638868570327759 0.5
vt 0.57131248712539673 0.5
vt 0.30961239337921143 0.749267578125
vt 0.30961239337921143 0.6246337890625
vt 0.1663004606962204 0.749267578125
vt 0.1663004606962204 0.6246337890625
vt 0.1663004606962204 0.56231689453125
vt 0.09464447945356369 0.6246337890625
vt 0.09464447945356369 0.56231689453125
vt 0.30961239337921143 0.56231689453125
vt 0.23795643448829651 0.6246337890625
vt 0.23795643448829651 0.56231689453125
vt 0.45292434096336365 0.749267578125
vt 0.45292434096336365 0.6246337890625
vt 0.45292434096336365 0.56231689453125
vt 0.38126838207244873 0.6246337890625
vt 0.38126838207244873 0.56231689453125
vt 0.52458035945892334 0.6246337890625
vt 0.52458035945892334 0.56231689453125
vt 0.59623628854751587 0.52492678165435791
vt 0.59623628854751587 0.54985350370407104
vt 0.59623628854751587 0.57478028535842896
vt 0.59623628854751587 0.59970700740814209
vt 0.59623628854751587 0.6246337890625
vt 0.59623628854751587 0.64956057071685791
vt 0.59623628854751587 0.67448729276657104
vt 0.59623628854751587 0.69941407442092896
vt 0.59623628854751587 0.72434079647064209
vt 0.59623628854751587 0.749267578125
vt 0.59623628854751587 0.77419435977935791
vt 0.59623628854751587 0.79912108182907104
vt 0.59623628854751587 0.82404786348342896
vt 0.59623628854751587 0.84897458553314209
vt 0.59623628854751587 0.8739013671875
vt 0.59623628854751587 0.89882814884185791
vt 0.59623628854751587 0.92375487089157104
vt 0.59623628854751587 0.94868165254592896
vt 0.59623628854751587 0.97360837459564209
vt 0.52458035945892334 0.749267578125
vt 0.45292434096336365 0.68695068359375
vt 0.52458035945892334 0.68695068359375
vt 0.30961239337921143 0.8739013671875
vt 0.45292434096336365 0.8739013671875
vt 0.52458035945892334 0.8739013671875
vt 0.45292434096336365 0.81158447265625
vt 0.52458035945892334 0.81158447265625
vt 0.45292434096336365 0.93621826171875
vt 0.52458035945892334 0.93621826171875
vt 0.57131248712539673 0.99853515625
vt 0.54638868570327759 0.99853515625
vt 0.52146482467651367 0.99853515625
vt 0.49654102325439453 0.99853515625
vt 0.47161722183227539 0.99853515625
vt 0.44669339060783386 0.99853515625
vt 0.42176958918571472 0.99853515625
vt 0.39684578776359558 0.99853515625
vt 0.37192192673683167 0.99853515625
vt 0.34699812531471252 0.99853515625
vt 0.32207432389259338 0.99853515625
vt 0.29715049266815186 0.99853515625
vt 0.27222666144371033 0.99853515625
vt 0.24730286002159119 0.99853515625
vt 0.22237904369831085 0.99853515625
vt 0.19745522737503052 0.99853515625
vt 0.17253141105175018 0.99853515625
vt 0.14760759472846985 0.99853515625
vt 0.12268377840518951 0.99853515625
vt 0.097759954631328583 0.99853515625
vt 0.072836138308048248 0.99853515625
vt 0.047912321984767914 0.99853515625
vt 0.30961239337921143 0.93621826171875
vt 0.38126838207244873 0.8739013671875
vt 0.38126838207244873 0.93621826171875
vt 0.1663004606962204 0.8739013671875
vt 0.1663004606962204 0.93621826171875
vt 0.23795643448829651 0.8739013671875
vt 0.23795643448829651 0.93621826171875
vt 0.09464447945356369 0.8739013671875
vt 0.09464447945356369 0.93621826171875
vt 0.022988505661487579 0.99853515625
vt 0.022988505661487579 0.97360837459564209
vt 0.022988505661487579 0.94868165254592896
vt 0.022988505661487579 0.92375487089157104
vt 0.022988505661487579 0.89882814884185791
vt 0.022988505661487579 0.8739013671875
vt 0.022988505661487579 0.84897458553314209
vt 0.022988505661487579 0.82404786348342896
vt 0.022988505661487579 0.79912108182907104
vt 0.022988505661487579 0.77419435977935791
vt 0.022988505661487579 0.749267578125
vt 0.022988505661487579 0.72434079647064209
vt 0.022988505661487579 0.69941407442092896
vt 0.022988505661487579 0.67448729276657104
vt 0.022988505661487579 0.64956057071685791
vt 0.022988505661487579 0.6246337890625
vt 0.022988505661487579 0.59970700740814209
vt 0.022988505661487579 0.57478028535842896
vt 0.022988505661487579 0.54985350370407104
vt 0.022988505661487579 0.52492678165435791
vt 0.1663004606962204 0.81158447265625
vt 0.09464447945356369 0.749267578125
vt 0.09464447945356369 0.81158447265625
vt 0.1663004606962204 0.68695068359375
vt 0.09464447945356369 0.68695068359375
vt 0.022988505661487579 0
vt 0.022988505661487579 0.49853515625
vt 0.59623628854751587 0
vt 0.047912321984767914 0
vt 0.072836138308048248 0
vt 0.097759954631328583 0
vt 0.12268377840518951 0
vt 0.14760759472846985 0
vt 0.17253141105175018 0
vt 0.19745522737503052 0
vt 0.22237904369831085 0
vt 0.24730286002159119 0
vt 0.27222666144371033 0
vt 0.29715049266815186 0
vt 0.32207432389259338 0
vt 0.34699812531471252 0
vt 0.37192192673683167 0
vt 0.39684578776359558 0
vt 0.42176958918571472 0
vt 0.44669339060783386 0
vt 0.47161722183227539 0
vt 0.49654102325439453 0
vt 0.52146482467651367 0
vt 0.54638868570327759 0
vt 0.57131248712539673 0
vt 0.30961239337921143 0.249267578125
vt 0.30961239337921143 0.1246337890625
vt 0.1663004606962204 0.249267578125
vt 0.1663004606962204 0.1246337890625
vt 0.1663004606962204 0.06231689453125
vt 0.09464447945356369 0.1246337890625
vt 0.09464447945356369 0.06231689453125
vt 0.30961239337921143 0.06231689453125
vt 0.23795643448829651 0.1246337890625
vt 0.23795643448829651 0.06231689453125
vt 0.45292434096336365 0.249267578125
vt 0.45292434096336365 0.1246337890625
vt 0.45292434096336365 0.06231689453125
vt 0.38126838207244873 0.1246337890625
vt 0.38126838207244873 0.06231689453125
vt 0.52458035945892334 0.1246337890625
vt 0.52458035945892334 0.06231689453125
vt 0.59623628854751587 0.02492675743997097
vt 0.59623628854751587 0.04985351487994194
vt 0.59623628854751587 0.074780277907848358
vt 0.59623628854751587 0.099707029759883881
vt 0.59623628854751587 0.1246337890625
vt 0.59623628854751587 0.14956055581569672
vt 0.59623628854751587 0.17448730766773224
vt 0.59623628854751587 0.19941405951976776
vt 0.59623628854751587 0.22434081137180328
vt 0.59623628854751587 0.249267578125
vt 0.59623628854751587 0.27419432997703552
vt 0.59623628854751587 0.29912111163139343
vt 0.59623628854751587 0.32404783368110657
vt 0.59623628854751587 0.34897461533546448
vt 0.59623628854751587 0.3739013671875
vt 0.59623628854751587 0.39882811903953552
vt 0.59623628854751587 0.42375490069389343
vt 0.59623628854751587 0.44868162274360657
vt 0.59623628854751587 0.47360840439796448
vt 0.52458035945892334 0.249267578125
vt 0.45292434096336365 0.18695068359375
vt 0.52458035945892334 0.18695068359375
vt 0.30961239337921143 0.3739013671875
vt 0.45292434096336365 0.3739013671875
vt 0.52458035945892334 0.3739013671875
vt 0.45292434096336365 0.31158447265625
vt 0.52458035945892334 0.31158447265625
vt 0.45292434096336365 0.43621826171875
vt 0.52458035945892334 0.43621826171875
vt 0.59623628854751587 0.49853515625
vt 0.57131248712539673 0.49853515625
vt 0.54638868570327759 0.49853515625
vt 0.52146482467651367 0.49853515625
vt 0.49654102325439453 0.49853515625
vt 0.47161722183227539 0.49853515625
vt 0.44669339060783386 0.49853515625
vt 0.42176958918571472 0.49853515625
vt 0.39684578776359558 0.49853515625
vt 0.37192192673683167 0.49853515625
vt 0.34699812531471252 0.49853515625
vt 0.32207432389259338 0.49853515625
vt 0.29715049266815186 0.49853515625
vt 0.27222666144371033 0.49853515625
vt 0.24730286002159119 0.49853515625
vt 0.22237904369831085 0.49853515625
vt 0.19745522737503052 0.49853515625
vt 0.17253141105175018 0.49853515625
vt 0.14760759472846985 0.49853515625
vt 0.12268377840518951 0.49853515625
vt 0.097759954631328583 0.49853515625
vt 0.072836138308048248 0.49853515625
vt 0.047912321984767914 0.49853515625
vt 0.30961239337921143 0.43621826171875
vt 0.38126838207244873 0.3739013671875
vt 0.38126838207244873 0.43621826171875
vt 0.1663004606962204 0.3739013671875
vt 0.1663004606962204 0.43621826171875
vt 0.23795643448829651 0.3739013671875
vt 0.23795643448829651 0.43621826171875
vt 0.09464447945356369 0.3739013671875
vt 0.09464447945356369 0.43621826171875
vt 0.022988505661487579 0.47360840439796448
vt 0.022988505661487579 0.44868162274360657
vt 0.022988505661487579 0.42375490069389343
vt 0.022988505661487579 0.39882811903953552
vt 0.022988505661487579 0.3739013671875
vt 0.022988505661487579 0.34897461533546448
vt 0.022988505661487579 0.32404783368110657
vt 0.022988505661487579 0.29912111163139343
vt 0.022988505661487579 0.27419432997703552
vt 0.022988505661487579 0.249267578125
vt 0.022988505661487579 0.22434081137180328
vt 0.022988505661487579 0.19941405951976776
vt 0.022988505661487579 0.17448730766773224
vt 0.022988505661487579 0.14956055581569672
vt 0.022988505661487579 0.1246337890625
vt 0.022988505661487579 0.099707029759883881
vt 0.022988505661487579 0.074780277907848358
vt 0.022988505661487579 0.04985351487994194
vt 0.022988505661487579 0.02492675743997097
vt 0.1663004606962204 0.31158447265625
vt 0.09464447945356369 0.249267578125
vt 0.09464447945356369 0.31158447265625
vt 0.1663004606962204 0.18695068359375
vt 0.09464447945356369 0.18695068359375
vt 0.022988505661487579 0
vt 0.022988505661487579 0.57471263408660889
vt 0.017241379246115685 0.57471263408660889
vt 0.017241379246115685 0
vt 0.022988505661487579 0.024987507611513138
vt 0.022988505661487579 0.049975015223026276
vt 0.022988505661487579 0.074962519109249115
vt 0.022988505661487579 0.099950030446052551
vt 0.022988505661487579 0.12493752688169479
vt 0.022988505661487579 0.14992503821849823
vt 0.022988505661487579 0.17491254210472107
vt 0.022988505661487579 0.1999000608921051
vt 0.022988505661487579 0.22488754987716675
vt 0.022988505661487579 0.24987505376338959
vt 0.022988505661487579 0.27486255764961243
vt 0.022988505661487579 0.29985007643699646
vt 0.022988505661487579 0.32483756542205811
vt 0.022988505661487579 0.34982508420944214
vt 0.022988505661487579 0.37481260299682617
vt 0.022988505661487579 0.39980012178421021
vt 0.022988505661487579 0.42478761076927185
vt 0.022988505661487579 0.4497750997543335
vt 0.022988505661487579 0.47476261854171753
vt 0.022988505661487579 0.49975010752677917
vt 0.022988505661487579 0.5247376561164856
vt 0.022988505661487579 0.54972511529922485
vt 0.017241379246115685 0.54972511529922485
vt 0.017241379246115685 0.5247376561164856
vt 0.017241379246115685 0.49975010752677917
vt 0.017241379246115685 0.47476261854171753
vt 0.017241379246115685 0.4497750997543335
vt 0.017241379246115685 0.42478761076927185
vt 0.017241379246115685 0.39980012178421021
vt 0.017241379246115685 0.37481260299682617
vt 0.017241379246115685 0.34982508420944214
vt 0.017241379246115685 0.32483756542205811
vt 0.017241379246115685 0.29985007643699646
vt 0.017241379246115685 0.27486255764961243
vt 0.017241379246115685 0.24987505376338959
vt 0.017241379246115685 0.22488754987716675
vt 0.017241379246115685 0.1999000608921051
vt 0.017241379246115685 0.17491254210472107
vt 0.017241379246115685 0.14992503821849823
vt 0.017241379246115685 0.12493752688169479
vt 0.017241379246115685 0.099950030446052551
vt 0.017241379246115685 0.074962519109249115
vt 0.017241379246115685 0.049975015223026276
vt 0.017241379246115685 0.024987507611513138
vn 0 0 1
vn 0 0 1
vn 0 0 1
vn 0 0 1
vn 0 0 1
vn 0 0 1
vn 0 0 1
vn 0 0 1
vn 0 0 1
vn 0 0 1
vn 0 0 1
vn 0 0 1
vn 0 0 1
vn 0 0 1
vn 0 0 1
vn 0 0 1
vn 0 0 1
vn 0 0 1
vn 0 0 1
vn 0 0 1
vn 0 0 1
vn 0 0 1
vn 0 0 1
vn 0 0 1
vn 0 0 1
vn 0 0 1
vn 0 0 1
vn 0 0 1
vn 0 0 1
vn 0 0 1
vn 0 0 1
vn 0 0 1
vn 0 0 1
vn 0 0 1
vn 0 0 1
vn 0 0 1
vn 0 0 1
vn 0 0 1
vn 0 0 1
vn 0 0 1
vn 0 0 1
vn 0 0 1
vn 0 0 1
vn 0 0 1
vn 0 0 1
vn 0 0 1
vn 0 0 1
vn 0 0 1
vn -1 0 0
vn -1 0 0
vn -1 0 0
vn -1 0 0
vn -1 0 0
vn -1 0 0
vn -1 0 0
vn -1 0 0
vn -1 0 0
vn -1 0 0
vn -1 0 0
vn -1 0 0
vn -1 0 0
vn -1 0 0
vn -1 0 0
vn -1 0 0
vn -1 0 0
vn -1 0 0
vn -1 0 0
vn -1 0 0
vn -1 0 0
vn -1 0 0
vn -1 0 0
vn -1 0 0
vn -1 0 0
vn -1 0 0
vn -1 0 0
vn -1 0 0
vn -1 0 0
vn -1 0 0
vn -1 0 0
vn -1 0 0
vn -1 0 0
vn -1 0 0
vn -1 0 0
vn -1 0 0
vn -1 0 0
vn -1 0 0
vn -1 0 0
vn -1 0 0
vn -1 0 0
vn -1 0 0
vn 1 0 0
vn 1 0 0
vn 1 0 0
vn 1 0 0
vn 1 0 0
vn 1 0 0
vn 1 0 0
vn 1 0 0
vn 1 0 0
vn 1 0 0
vn 1 0 0
vn 1 0 0
vn 1 0 0
vn 1 0 0
vn 1 0 0
vn 1 0 0
vn 1 0 0
vn 1 0 0
vn 1 0 0
vn 1 0 0
vn 1 0 0
vn 1 0 0
vn 1 0 0
vn 1 0 0
vn 1 0 0
vn 1 0 0
vn 1 0 0
vn 1 0 0
vn 1 0 0
vn 1 0 0
vn 1 0 0
vn 1 0 0
vn 1 0 0
vn 1 0 0
vn 1 0 0
vn 1 0 0
vn 1 0 0
vn 1 0 0
vn 1 0 0
vn 1 0 0
vn 1 0 0
vn 1 0 0
vn 0 1 0
vn 0 1 0
vn 0 1 0
vn 0 1 0
vn 0 1 0
vn 0 1 0
vn 0 1 0
vn 0 1 0
vn 0 1 0
vn 0 1 0
vn 0 1 0
vn 0 1 0
vn 0 1 0
vn 0 1 0
vn 0 1 0
vn 0 1 0
vn 0 1 0
vn 0 1 0
vn 0 1 0
vn 0 1 0
vn 0 1 0
vn 0 1 0
vn 0 1 0
vn 0 1 0
vn 0 1 0
vn 0 1 0
vn 0 1 0
vn 0 1 0
vn 0 1 0
vn 0 1 0
vn 0 1 0
vn 0 1 0
vn 0 1 0
vn 0 1 0
vn 0 1 0
vn 0 1 0
vn 0 1 0
vn 0 1 0
vn 0 1 0
vn 0 1 0
vn 0 1 0
vn 0 1 0
vn 0 1 0
vn 0 1 0
vn 0 1 0
vn 0 1 0
vn 0 1 0
vn 0 1 0
vn 0 1 0
vn 0 1 0
vn 0 1 0
vn 0 1 0
vn 0 1 0
vn 0 1 0
vn 0 1 0
vn 0 1 0
vn 0 1 0
vn 0 1 0
vn 0 1 0
vn 0 1 0
vn 0 1 0
vn 0 1 0
vn 0 1 0
vn 0 1 0
vn 0 1 0
vn 0 1 0
vn 0 1 0
vn 0 1 0
vn 0 1 0
vn 0 1 0
vn 0 1 0
vn 0 1 0
vn 0 1 0
vn 0 1 0
vn 0 1 0
vn 0 1 0
vn 0 1 0
vn 0 1 0
vn 0 1 0
vn 0 1 0
vn 0 1 0
vn 0 1 0
vn 0 1 0
vn 0 1 0
vn 0 1 0
vn 0 1 0
vn 0 1 0
vn 0 1 0
vn 0 1 0
vn 0 1 0
vn 0 1 0
vn 0 1 0
vn 0 1 0
vn 0 1 0
vn 0 1 0
vn 0 1 0
vn 0 1 0
vn 0 1 0
vn 0 1 0
vn 0 1 0
vn 0 1 0
vn 0 1 0
vn 0 1 0
vn 0 1 0
vn 0 1 0
vn 0 1 0
vn 0 1 0
vn 0 1 0
vn 0 1 0
vn 0 1 0
vn 0 1 0
vn 0 1 0
vn 0 1 0
vn 0 1 0
vn 0 1 0
vn 0 1 0
vn 0 1 0
vn 0 1 0
vn 0 1 0
vn 0 1 0
vn 0 1 0
vn 0 1 0
vn 0 1 0
vn 0 1 0
vn 0 1 0
vn 0 1 0
vn 0 1 0
vn 0 -1 0
vn 0 -1 0
vn 0 -1 0
vn 0 -1 0
vn 0 -1 0
vn 0 -1 0
vn 0 -1 0
vn 0 -1 0
vn 0 -1 0
vn 0 -1 0
vn 0 -1 0
vn 0 -1 0
vn 0 -1 0
vn 0 -1 0
vn 0 -1 0
vn 0 -1 0
vn 0 -1 0
vn 0 -1 0
vn 0 -1 0
vn 0 -1 0
vn 0 -1 0
vn 0 -1 0
vn 0 -1 0
vn 0 -1 0
vn 0 -1 0
vn 0 -1 0
vn 0 -1 0
vn 0 -1 0
vn 0 -1 0
vn 0 -1 0
vn 0 -1 0
vn 0 -1 0
vn 0 -1 0
vn 0 -1 0
vn 0 -1 0
vn 0 -1 0
vn 0 -1 0
vn 0 -1 0
vn 0 -1 0
vn 0 -1 0
vn 0 -1 0
vn 0 -1 0
vn 0 -1 0
vn 0 -1 0
vn 0 -1 0
vn 0 -1 0
vn 0 -1 0
vn 0 -1 0
vn 0 -1 0
vn 0 -1 0
vn 0 -1 0
vn 0 -1 0
vn 0 -1 0
vn 0 -1 0
vn 0 -1 0
vn 0 -1 0
vn 0 -1 0
vn 0 -1 0
vn 0 -1 0
vn 0 -1 0
vn 0 -1 0
vn 0 -1 0
vn 0 -1 0
vn 0 -1 0
vn 0 -1 0
vn 0 -1 0
vn 0 -1 0
vn 0 -1 0
vn 0 -1 0
vn 0 -1 0
vn 0 -1 0
vn 0 -1 0
vn 0 -1 0
vn 0 -1 0
vn 0 -1 0
vn 0 -1 0
vn 0 -1 0
vn 0 -1 0
vn 0 -1 0
vn 0 -1 0
vn 0 -1 0
vn 0 -1 0
vn 0 -1 0
vn 0 -1 0
vn 0 -1 0
vn 0 -1 0
vn 0 -1 0
vn 0 -1 0
vn 0 -1 0
vn 0 -1 0
vn 0 -1 0
vn 0 -1 0
vn 0 -1 0
vn 0 -1 0
vn 0 -1 0
vn 0 -1 0
vn 0 -1 0
vn 0 -1 0
vn 0 -1 0
vn 0 -1 0
vn 0 -1 0
vn 0 -1 0
vn 0 -1 0
vn 0 -1 0
vn 0 -1 0
vn 0 -1 0
vn 0 -1 0
vn 0 -1 0
vn 0 -1 0
vn 0 -1 0
vn 0 -1 0
vn 0 -1 0
vn 0 -1 0
vn 0 -1 0
vn 0 -1 0
vn 0 -1 0
vn 0 -1 0
vn 0 -1 0
vn 0 -1 0
vn 0 -1 0
vn 0 -1 0
vn 0 -1 0
vn 0 -1 0
vn 0 -1 0
vn 0 -1 0
vn 0 -1 0
vn 0 -1 0
vn 0 0 -1
vn 0 0 -1
vn 0 0 -1
vn 0 0 -1
vn 0 0 -1
vn 0 0 -1
vn 0 0 -1
vn 0 0 -1
vn 0 0 -1
vn 0 0 -1
vn 0 0 -1
vn 0 0 -1
vn 0 0 -1
vn 0 0 -1
vn 0 0 -1
vn 0 0 -1
vn 0 0 -1
vn 0 0 -1
vn 0 0 -1
vn 0 0 -1
vn 0 0 -1
vn 0 0 -1
vn 0 0 -1
vn 0 0 -1
vn 0 0 -1
vn 0 0 -1
vn 0 0 -1
vn 0 0 -1
vn 0 0 -1
vn 0 0 -1
vn 0 0 -1
vn 0 0 -1
vn 0 0 -1
vn 0 0 -1
vn 0 0 -1
vn 0 0 -1
vn 0 0 -1
vn 0 0 -1
vn 0 0 -1
vn 0 0 -1
vn 0 0 -1
vn 0 0 -1
vn 0 0 -1
vn 0 0 -1
vn 0 0 -1
vn 0 0 -1
vn 0 0 -1
vn 0 0 -1
f 3911/3911/3911 3915/3915/3915 3958/3958/3958 3912/3912/3912
f 3915/3915/3915 3916/3916/3916 3957/3957/3957 3958/3958/3958
f 3918/3918/3918 3955/3955/3955 3956/3956/3956 3917/3917/3917
f 3918/3918/3918 3919/3919/3919 3954/3954/3954 3955/3955/3955
f 3917/3917/3917 3956/3956/3956 3957/3957/3957 3916/3916/3916
f 3921/3921/3921 3952/3952/3952 3953/3953/3953 3920/3920/3920
f 3922/3922/3922 3951/3951/3951 3952/3952/3952 3921/3921/3921
f 3923/3923/3923 3924/3924/3924 3949/3949/3949 3950/3950/3950
f 3924/3924/3924 3925/3925/3925 3948/3948/3948 3949/3949/3949
f 3923/3923/3923 3950/3950/3950 3951/3951/3951 3922/3922/3922
f 3919/3919/3919 3920/3920/3920 3953/3953/3953 3954/3954/3954
f 3948/3948/3948 3925/3925/3925 3926/3926/3926 3947/3947/3947
f 3927/3927/3927 3946/3946/3946 3947/3947/3947 3926/3926/3926
f 3928/3928/3928 3945/3945/3945 3946/3946/3946 3927/3927/3927
f 3930/3930/3930 3943/3943/3943 3944/3944/3944 3929/3929/3929
f 3931/3931/3931 3942/3942/3942 3943/3943/3943 3930/3930/3930
f 3929/3929/3929 3944/3944/3944 3945/3945/3945 3928/3928/3928
f 3932/3932/3932 3933/3933/3933 3940/3940/3940 3941/3941/3941
f 3933/3933/3933 3934/3934/3934 3939/3939/3939 3940/3940/3940
f 3935/3935/3935 3936/3936/3936 3937/3937/3937 3938/3938/3938
f 3936/3936/3936 3913/3913/3913 3914/3914/3914 3937/3937/3937
f 3934/3934/3934 3935/3935/3935 3938/3938/3938 3939/3939/3939
f 3931/3931/3931 3932/3932/3932 3941/3941/3941 3942/3942/3942
f 3959/3959/3959 3963/3963/3963 4000/4000/4000 3960/3960/3960
f 3964/3964/3964 3965/3965/3965 3998/3998/3998 3999/3999/3999
f 3965/3965/3965 3966/3966/3966 3961/3961/3961 3998/3998/3998
f 3963/3963/3963 3964/3964/3964 3999/3999/3999 4000/4000/4000
f 3967/3967/3967 3968/3968/3968 3996/3996/3996 3997/3997/3997
f 3970/3970/3970 3994/3994/3994 3995/3995/3995 3969/3969/3969
f 3971/3971/3971 3993/3993/3993 3994/3994/3994 3970/3970/3970
f 3968/3968/3968 3969/3969/3969 3995/3995/3995 3996/3996/3996
f 3966/3966/3966 3967/3967/3967 3997/3997/3997 3961/3961/3961
f 3972/3972/3972 3992/3992/3992 3993/3993/3993 3971/3971/3971
f 3973/3973/3973 3974/3974/3974 3990/3990/3990 3991/3991/3991
f 3975/3975/3975 3976/3976/3976 3988/3988/3988 3989/3989/3989
f 3976/3976/3976 3977/3977/3977 3987/3987/3987 3988/3988/3988
f 3974/3974/3974 3975/3975/3975 3989/3989/3989 3990/3990/3990
f 3978/3978/3978 3979/3979/3979 3985/3985/3985 3986/3986/3986
f 3980/3980/3980 3981/3981/3981 3983/3983/3983 3984/3984/3984
f 3962/3962/3962 3982/3982/3982 3983/3983/3983 3981/3981/3981
f 3979/3979/3979 3980/3980/3980 3984/3984/3984 3985/3985/3985
f 3977/3977/3977 3978/3978/3978 3986/3986/3986 3987/3987/3987
f 3991/3991/3991 3992/3992/3992 3972/3972/3972 3973/3973/3973
f 4008/4008/4008 4009/4009/4009 4042/4042/4042 4001/4001/4001
f 4010/4010/4010 4011/4011/4011 4040/4040/4040 4041/4041/4041
f 4011/4011/4011 4012/4012/4012 4039/4039/4039 4040/4040/4040
f 4009/4009/4009 4010/4010/4010 4041/4041/4041 4042/4042/4042
f 4013/4013/4013 4014/4014/4014 4037/4037/4037 4038/4038/4038
f 4015/4015/4015 4016/4016/4016 4002/4002/4002 4036/4036/4036
f 4016/4016/4016 4017/4017/4017 4035/4035/4035 4002/4002/4002
f 4014/4014/4014 4015/4015/4015 4036/4036/4036 4037/4037/4037
f 4012/4012/4012 4013/4013/4013 4038/4038/4038 4039/4039/4039
f 4017/4017/4017 4018/4018/4018 4034/4034/4034 4035/4035/4035
f 4003/4003/4003 4004/4004/4004 4033/4033/4033 4019/4019/4019
f 4020/4020/4020 4021/4021/4021 4031/4031/4031 4032/4032/4032
f 4021/4021/4021 4022/4022/4022 4030/4030/4030 4031/4031/4031
f 4003/4003/4003 4020/4020/4020 4032/4032/4032 4004/4004/4004
f 4023/4023/4023 4024/4024/4024 4029/4029/4029 4005/4005/4005
f 4025/4025/4025 4026/4026/4026 4027/4027/4027 4028/4028/4028
f 4026/4026/4026 4006/4006/4006 4007/4007/4007 4027/4027/4027
f 4024/4024/4024 4025/4025/4025 4028/4028/4028 4029/4029/4029
f 4022/4022/4022 4023/4023/4023 4005/4005/4005 4030/4030/4030
f 4019/4019/4019 4033/4033/4033 4034/4034/4034 4018/4018/4018
f 4113/4113/4113 4109/4109/4109 4108/4108/4108 4112/4112/4112
f 4138/4138/4138 4137/4137/4137 4107/4107/4107 4136/4136/4136
f 4112/4112/4112 4108/4108/4108 4137/4137/4137 4138/4138/4138
f 4110/4110/4110 4137/4137/4137 4108/4108/4108
f 4137/4137/4137 4068/4068/4068 4107/4107/4107
f 4068/4068/4068 4110/4110/4110 4078/4078/4078
f 4110/4110/4110 4068/4068/4068 4137/4137/4137
f 4109/4109/4109 4111/4111/4111 4110/4110/4110 4108/4108/4108
f 4111/4111/4111 4104/4104/4104 4078/4078/4078 4110/4110/4110
f 4142/4142/4142 4141/4141/4141 4139/4139/4139 4140/4140/4140
f 4136/4136/4136 4107/4107/4107 4141/4141/4141 4142/4142/4142
f 4140/4140/4140 4139/4139/4139 4143/4143/4143 4144/4144/4144
f 4139/4139/4139 4165/4165/4165 4167/4167/4167 4143/4143/4143
f 4165/4165/4165 4070/4070/4070 4166/4166/4166 4167/4167/4167
f 4141/4141/4141 4165/4165/4165 4139/4139/4139
f 4165/4165/4165 4068/4068/4068 4070/4070/4070
f 4068/4068/4068 4141/4141/4141 4107/4107/4107
f 4141/4141/4141 4068/4068/4068 4165/4165/4165
f 4168/4168/4168 4076/4076/4076 4071/4071/4071
f 4076/4076/4076 4068/4068/4068 4069/4069/4069
f 4068/4068/4068 4168/4168/4168 4070/4070/4070
f 4168/4168/4168 4068/4068/4068 4076/4076/4076
f 4070/4070/4070 4168/4168/4168 4169/4169/4169 4166/4166/4166
f 4168/4168/4168 4071/4071/4071 4073/4073/4073 4169/4169/4169
f 4071/4071/4071 4072/4072/4072 4074/4074/4074 4073/4073/4073
f 4069/4069/4069 4075/4075/4075 4077/4077/4077 4076/4076/4076
f 4076/4076/4076 4077/4077/4077 4072/4072/4072 4071/4071/4071
f 4104/4104/4104 4106/4106/4106 4105/4105/4105 4078/4078/4078
f 4106/4106/4106 4083/4083/4083 4079/4079/4079 4105/4105/4105
f 4081/4081/4081 4105/4105/4105 4079/4079/4079
f 4105/4105/4105 4068/4068/4068 4078/4078/4078
f 4068/4068/4068 4081/4081/4081 4069/4069/4069
f 4081/4081/4081 4068/4068/4068 4105/4105/4105
f 4079/4079/4079 4080/4080/4080 4082/4082/4082 4081/4081/4081
f 4081/4081/4081 4082/4082/4082 4075/4075/4075 4069/4069/4069
f 4083/4083/4083 4084/4084/4084 4080/4080/4080 4079/4079/4079
f 4046/4046/4046 4043/4043/4043 4164/4164/4164
f 4074/4074/4074 4164/4164/4164 4163/4163/4163
f 4164/4164/4164 4074/4074/4074 4047/4047/4047
f 4048/4048/4048 4047/4047/4047 4074/4074/4074
f 4046/4046/4046 4164/4164/4164 4047/4047/4047
f 4162/4162/4162 4074/4074/4074 4163/4163/4163
f 4074/4074/4074 4162/4162/4162 4161/4161/4161
f 4161/4161/4161 4160/4160/4160 4073/4073/4073
f 4159/4159/4159 4158/4158/4158 4169/4169/4169
f 4157/4157/4157 4156/4156/4156 4169/4169/4169
f 4169/4169/4169 4158/4158/4158 4157/4157/4157
f 4073/4073/4073 4160/4160/4160 4159/4159/4159
f 4074/4074/4074 4161/4161/4161 4073/4073/4073
f 4072/4072/4072 4050/4050/4050 4049/4049/4049 4074/4074/4074
f 4072/4072/4072 4052/4052/4052 4051/4051/4051
f 4077/4077/4077 4054/4054/4054 4053/4053/4053
f 4077/4077/4077 4053/4053/4053 4052/4052/4052
f 4072/4072/4072 4051/4051/4051 4050/4050/4050
f 4159/4159/4159 4169/4169/4169 4073/4073/4073
f 4075/4075/4075 4056/4056/4056 4055/4055/4055
f 4055/4055/4055 4077/4077/4077 4075/4075/4075
f 4075/4075/4075 4057/4057/4057 4056/4056/4056
f 4052/4052/4052 4072/4072/4072 4077/4077/4077
f 4077/4077/4077 4055/4055/4055 4054/4054/4054
f 4049/4049/4049 4048/4048/4048 4074/4074/4074
f 4166/4166/4166 4169/4169/4169 4156/4156/4156
f 4166/4166/4166 4155/4155/4155 4154/4154/4154
f 4154/4154/4154 4153/4153/4153 4167/4167/4167
f 4167/4167/4167 4152/4152/4152 4151/4151/4151
f 4152/4152/4152 4167/4167/4167 4153/4153/4153
f 4151/4151/4151 4150/4150/4150 4143/4143/4143
f 4143/4143/4143 4150/4150/4150 4149/4149/4149
f 4166/4166/4166 4156/4156/4156 4155/4155/4155
f 4148/4148/4148 4147/4147/4147 4144/4144/4144
f 4147/4147/4147 4146/4146/4146 4144/4144/4144
f 4135/4135/4135 4146/4146/4146 4145/4145/4145
f 4146/4146/4146 4135/4135/4135 4134/4134/4134
f 4144/4144/4144 4146/4146/4146 4134/4134/4134
f 4149/4149/4149 4148/4148/4148 4144/4144/4144
f 4166/4166/4166 4154/4154/4154 4167/4167/4167
f 4151/4151/4151 4143/4143/4143 4167/4167/4167
f 4149/4149/4149 4144/4144/4144 4143/4143/4143
f 4131/4131/4131 4140/4140/4140 4132/4132/4132
f 4132/4132/4132 4144/4144/4144 4133/4133/4133
f 4140/4140/4140 4129/4129/4129 4128/4128/4128 4142/4142/4142
f 4140/4140/4140 4144/4144/4144 4132/4132/4132
f 4134/4134/4134 4133/4133/4133 4144/4144/4144
f 4140/4140/4140 4131/4131/4131 4130/4130/4130
f 4140/4140/4140 4130/4130/4130 4129/4129/4129
f 4142/4142/4142 4128/4128/4128 4127/4127/4127
f 4126/4126/4126 4125/4125/4125 4136/4136/4136
f 4126/4126/4126 4142/4142/4142 4127/4127/4127
f 4136/4136/4136 4142/4142/4142 4126/4126/4126
f 4082/4082/4082 4058/4058/4058 4057/4057/4057 4075/4075/4075
f 4082/4082/4082 4059/4059/4059 4058/4058/4058
f 4082/4082/4082 4061/4061/4061 4060/4060/4060
f 4080/4080/4080 4062/4062/4062 4061/4061/4061
f 4082/4082/4082 4060/4060/4060 4059/4059/4059
f 4082/4082/4082 4080/4080/4080 4061/4061/4061
f 4063/4063/4063 4062/4062/4062 4080/4080/4080
f 4064/4064/4064 4063/4063/4063 4080/4080/4080
f 4084/4084/4084 4065/4065/4065 4064/4064/4064
f 4083/4083/4083 4088/4088/4088 4087/4087/4087 4084/4084/4084
f 4084/4084/4084 4066/4066/4066 4065/4065/4065
f 4064/4064/4064 4080/4080/4080 4084/4084/4084
f 4085/4085/4085 4067/4067/4067 4066/4066/4066
f 4085/4085/4085 4044/4044/4044 4067/4067/4067
f 4085/4085/4085 4084/4084/4084 4086/4086/4086
f 4086/4086/4086 4084/4084/4084 4087/4087/4087
f 4088/4088/4088 4083/4083/4083 4089/4089/4089
f 4106/4106/4106 4091/4091/4091 4090/4090/4090 4083/4083/4083
f 4090/4090/4090 4089/4089/4089 4083/4083/4083
f 4106/4106/4106 4092/4092/4092 4091/4091/4091
f 4104/4104/4104 4093/4093/4093 4092/4092/4092 4106/4106/4106
f 4094/4094/4094 4093/4093/4093 4104/4104/4104
f 4066/4066/4066 4084/4084/4084 4085/4085/4085
f 4124/4124/4124 4123/4123/4123 4136/4136/4136
f 4138/4138/4138 4136/4136/4136 4123/4123/4123
f 4125/4125/4125 4124/4124/4124 4136/4136/4136
f 4111/4111/4111 4096/4096/4096 4095/4095/4095 4104/4104/4104
f 4122/4122/4122 4138/4138/4138 4123/4123/4123
f 4112/4112/4112 4118/4118/4118 4117/4117/4117 4113/4113/4113
f 4138/4138/4138 4121/4121/4121 4120/4120/4120 4112/4112/4112
f 4138/4138/4138 4122/4122/4122 4121/4121/4121
f 4112/4112/4112 4119/4119/4119 4118/4118/4118
f 4117/4117/4117 4116/4116/4116 4113/4113/4113
f 4119/4119/4119 4112/4112/4112 4120/4120/4120
f 4111/4111/4111 4097/4097/4097 4096/4096/4096
f 4111/4111/4111 4098/4098/4098 4097/4097/4097
f 4111/4111/4111 4109/4109/4109 4098/4098/4098
f 4109/4109/4109 4100/4100/4100 4099/4099/4099
f 4109/4109/4109 4099/4099/4099 4098/4098/4098
f 4113/4113/4113 4101/4101/4101 4100/4100/4100 4109/4109/4109
f 4114/4114/4114 4103/4103/4103 4115/4115/4115
f 4113/4113/4113 4115/4115/4115 4103/4103/4103
f 4116/4116/4116 4115/4115/4115 4113/4113/4113
f 4113/4113/4113 4102/4102/4102 4101/4101/4101
f 4114/4114/4114 4045/4045/4045 4103/4103/4103
f 4113/4113/4113 4103/4103/4103 4102/4102/4102
f 4095/4095/4095 4094/4094/4094 4104/4104/4104
f 4240/4240/4240 4239/4239/4239 4235/4235/4235 4236/4236/4236
f 4266/4266/4266 4264/4264/4264 4234/4234/4234 4265/4265/4265
f 4239/4239/4239 4266/4266/4266 4265/4265/4265 4235/4235/4235
f 4237/4237/4237 4235/4235/4235 4265/4265/4265
f 4265/4265/4265 4234/4234/4234 4195/4195/4195
f 4195/4195/4195 4205/4205/4205 4237/4237/4237
f 4237/4237/4237 4265/4265/4265 4195/4195/4195
f 4236/4236/4236 4235/4235/4235 4237/4237/4237 4238/4238/4238
f 4238/4238/4238 4237/4237/4237 4205/4205/4205 4231/4231/4231
f 4270/4270/4270 4268/4268/4268 4267/4267/4267 4269/4269/4269
f 4264/4264/4264 4270/4270/4270 4269/4269/4269 4234/4234/4234
f 4268/4268/4268 4272/4272/4272 4271/4271/4271 4267/4267/4267
f 4267/4267/4267 4271/4271/4271 4294/4294/4294 4292/4292/4292
f 4292/4292/4292 4294/4294/4294 4293/4293/4293 4197/4197/4197
f 4269/4269/4269 4267/4267/4267 4292/4292/4292
f 4292/4292/4292 4197/4197/4197 4195/4195/4195
f 4195/4195/4195 4234/4234/4234 4269/4269/4269
f 4269/4269/4269 4292/4292/4292 4195/4195/4195
f 4295/4295/4295 4198/4198/4198 4203/4203/4203
f 4203/4203/4203 4196/4196/4196 4195/4195/4195
f 4195/4195/4195 4197/4197/4197 4295/4295/4295
f 4295/4295/4295 4203/4203/4203 4195/4195/4195
f 4197/4197/4197 4293/4293/4293 4296/4296/4296 4295/4295/4295
f 4295/4295/4295 4296/4296/4296 4200/4200/4200 4198/4198/4198
f 4198/4198/4198 4200/4200/4200 4201/4201/4201 4199/4199/4199
f 4196/4196/4196 4203/4203/4203 4204/4204/4204 4202/4202/4202
f 4203/4203/4203 4198/4198/4198 4199/4199/4199 4204/4204/4204
f 4231/4231/4231 4205/4205/4205 4232/4232/4232 4233/4233/4233
f 4233/4233/4233 4232/4232/4232 4206/4206/4206 4210/4210/4210
f 4208/4208/4208 4206/4206/4206 4232/4232/4232
f 4232/4232/4232 4205/4205/4205 4195/4195/4195
f 4195/4195/4195 4196/4196/4196 4208/4208/4208
f 4208/4208/4208 4232/4232/4232 4195/4195/4195
f 4206/4206/4206 4208/4208/4208 4209/4209/4209 4207/4207/4207
f 4208/4208/4208 4196/4196/4196 4202/4202/4202 4209/4209/4209
f 4210/4210/4210 4206/4206/4206 4207/4207/4207 4211/4211/4211
f 4173/4173/4173 4291/4291/4291 4170/4170/4170
f 4201/4201/4201 4290/4290/4290 4291/4291/4291
f 4291/4291/4291 4174/4174/4174 4201/4201/4201
f 4175/4175/4175 4201/4201/4201 4174/4174/4174
f 4173/4173/4173 4174/4174/4174 4291/4291/4291
f 4289/4289/4289 4290/4290/4290 4201/4201/4201
f 4201/4201/4201 4288/4288/4288 4289/4289/4289
f 4288/4288/4288 4200/4200/4200 4287/4287/4287
f 4286/4286/4286 4296/4296/4296 4285/4285/4285
f 4284/4284/4284 4296/4296/4296 4283/4283/4283
f 4296/4296/4296 4284/4284/4284 4285/4285/4285
f 4200/4200/4200 4286/4286/4286 4287/4287/4287
f 4201/4201/4201 4200/4200/4200 4288/4288/4288
f 4199/4199/4199 4201/4201/4201 4176/4176/4176 4177/4177/4177
f 4199/4199/4199 4178/4178/4178 4179/4179/4179
f 4204/4204/4204 4180/4180/4180 4181/4181/4181
f 4204/4204/4204 4179/4179/4179 4180/4180/4180
f 4199/4199/4199 4177/4177/4177 4178/4178/4178
f 4286/4286/4286 4200/4200/4200 4296/4296/4296
f 4202/4202/4202 4182/4182/4182 4183/4183/4183
f 4182/4182/4182 4202/4202/4202 4204/4204/4204
f 4202/4202/4202 4183/4183/4183 4184/4184/4184
f 4179/4179/4179 4204/4204/4204 4199/4199/4199
f 4204/4204/4204 4181/4181/4181 4182/4182/4182
f 4176/4176/4176 4201/4201/4201 4175/4175/4175
f 4293/4293/4293 4283/4283/4283 4296/4296/4296
f 4293/4293/4293 4281/4281/4281 4282/4282/4282
f 4281/4281/4281 4294/4294/4294 4280/4280/4280
f 4294/4294/4294 4278/4278/4278 4279/4279/4279
f 4279/4279/4279 4280/4280/4280 4294/4294/4294
f 4278/4278/4278 4271/4271/4271 4277/4277/4277
f 4271/4271/4271 4276/4276/4276 4277/4277/4277
f 4293/4293/4293 4282/4282/4282 4283/4283/4283
f 4275/4275/4275 4272/4272/4272 4274/4274/4274
f 4274/4274/4274 4272/4272/4272 4273/4273/4273
f 4263/4263/4263 4171/4171/4171 4273/4273/4273
f 4273/4273/4273 4262/4262/4262 4263/4263/4263
f 4272/4272/4272 4262/4262/4262 4273/4273/4273
f 4276/4276/4276 4272/4272/4272 4275/4275/4275
f 4293/4293/4293 4294/4294/4294 4281/4281/4281
f 4278/4278/4278 4294/4294/4294 4271/4271/4271
f 4276/4276/4276 4271/4271/4271 4272/4272/4272
f 4259/4259/4259 4260/4260/4260 4268/4268/4268
f 4260/4260/4260 4261/4261/4261 4272/4272/4272
f 4268/4268/4268 4270/4270/4270 4256/4256/4256 4257/4257/4257
f 4268/4268/4268 4260/4260/4260 4272/4272/4272
f 4262/4262/4262 4272/4272/4272 4261/4261/4261
f 4268/4268/4268 4258/4258/4258 4259/4259/4259
f 4268/4268/4268 4257/4257/4257 4258/4258/4258
f 4270/4270/4270 4255/4255/4255 4256/4256/4256
f 4254/4254/4254 4264/4264/4264 4253/4253/4253
f 4254/4254/4254 4255/4255/4255 4270/4270/4270
f 4264/4264/4264 4254/4254/4254 4270/4270/4270
f 4209/4209/4209 4202/4202/4202 4184/4184/4184 4185/4185/4185
f 4209/4209/4209 4185/4185/4185 4186/4186/4186
f 4209/4209/4209 4187/4187/4187 4188/4188/4188
f 4207/4207/4207 4188/4188/4188 4189/4189/4189
f 4209/4209/4209 4186/4186/4186 4187/4187/4187
f 4209/4209/4209 4188/4188/4188 4207/4207/4207
f 4190/4190/4190 4207/4207/4207 4189/4189/4189
f 4191/4191/4191 4207/4207/4207 4190/4190/4190
f 4211/4211/4211 4191/4191/4191 4192/4192/4192
f 4210/4210/4210 4211/4211/4211 4214/4214/4214 4215/4215/4215
f 4211/4211/4211 4192/4192/4192 4193/4193/4193
f 4191/4191/4191 4211/4211/4211 4207/4207/4207
f 4212/4212/4212 4193/4193/4193 4194/4194/4194
f 4212/4212/4212 4194/4194/4194 4172/4172/4172
f 4212/4212/4212 4213/4213/4213 4211/4211/4211
f 4213/4213/4213 4214/4214/4214 4211/4211/4211
f 4215/4215/4215 4216/4216/4216 4210/4210/4210
f 4233/4233/4233 4210/4210/4210 4217/4217/4217 4218/4218/4218
f 4217/4217/4217 4210/4210/4210 4216/4216/4216
f 4233/4233/4233 4218/4218/4218 4219/4219/4219
f 4231/4231/4231 4233/4233/4233 4219/4219/4219 4220/4220/4220
f 4221/4221/4221 4231/4231/4231 4220/4220/4220
f 4193/4193/4193 4212/4212/4212 4211/4211/4211
f 4252/4252/4252 4264/4264/4264 4251/4251/4251
f 4266/4266/4266 4251/4251/4251 4264/4264/4264
f 4253/4253/4253 4264/4264/4264 4252/4252/4252
f 4238/4238/4238 4231/4231/4231 4222/4222/4222 4223/4223/4223
f 4250/4250/4250 4251/4251/4251 4266/4266/4266
f 4239/4239/4239 4240/4240/4240 4245/4245/4245 4246/4246/4246
f 4266/4266/4266 4239/4239/4239 4248/4248/4248 4249/4249/4249
f 4266/4266/4266 4249/4249/4249 4250/4250/4250
f 4239/4239/4239 4246/4246/4246 4247/4247/4247
f 4245/4245/4245 4240/4240/4240 4244/4244/4244
f 4247/4247/4247 4248/4248/4248 4239/4239/4239
f 4238/4238/4238 4223/4223/4223 4224/4224/4224
f 4238/4238/4238 4224/4224/4224 4225/4225/4225
f 4238/4238/4238 4225/4225/4225 4236/4236/4236
f 4236/4236/4236 4226/4226/4226 4227/4227/4227
f 4236/4236/4236 4225/4225/4225 4226/4226/4226
f 4240/4240/4240 4236/4236/4236 4227/4227/4227 4228/4228/4228
f 4242/4242/4242 4243/4243/4243 4230/4230/4230
f 4240/4240/4240 4230/4230/4230 4243/4243/4243
f 4244/4244/4244 4240/4240/4240 4243/4243/4243
f 4240/4240/4240 4228/4228/4228 4229/4229/4229
f 4242/4242/4242 4230/4230/4230 4241/4241/4241
f 4240/4240/4240 4229/4229/4229 4230/4230/4230
f 4222/4222/4222 4231/4231/4231 4221/4221/4221
f 4301/4301/4301 4297/4297/4297 4300/4300/4300 4344/4344/4344
f 4302/4302/4302 4301/4301/4301 4344/4344/4344 4343/4343/4343
f 4303/4303/4303 4342/4342/4342 4341/4341/4341 4304/4304/4304
f 4305/4305/4305 4304/4304/4304 4341/4341/4341 4340/4340/4340
f 4302/4302/4302 4343/4343/4343 4342/4342/4342 4303/4303/4303
f 4307/4307/4307 4306/4306/4306 4339/4339/4339 4338/4338/4338
f 4308/4308/4308 4307/4307/4307 4338/4338/4338 4337/4337/4337
f 4309/4309/4309 4336/4336/4336 4335/4335/4335 4310/4310/4310
f 4311/4311/4311 4310/4310/4310 4335/4335/4335 4334/4334/4334
f 4308/4308/4308 4337/4337/4337 4336/4336/4336 4309/4309/4309
f 4306/4306/4306 4305/4305/4305 4340/4340/4340 4339/4339/4339
f 4334/4334/4334 4333/4333/4333 4312/4312/4312 4311/4311/4311
f 4313/4313/4313 4312/4312/4312 4333/4333/4333 4332/4332/4332
f 4314/4314/4314 4313/4313/4313 4332/4332/4332 4331/4331/4331
f 4316/4316/4316 4315/4315/4315 4330/4330/4330 4329/4329/4329
f 4317/4317/4317 4316/4316/4316 4329/4329/4329 4328/4328/4328
f 4315/4315/4315 4314/4314/4314 4331/4331/4331 4330/4330/4330
f 4319/4319/4319 4318/4318/4318 4327/4327/4327 4326/4326/4326
f 4319/4319/4319 4326/4326/4326 4325/4325/4325 4320/4320/4320
f 4322/4322/4322 4321/4321/4321 4324/4324/4324 4323/4323/4323
f 4298/4298/4298 4322/4322/4322 4323/4323/4323 4299/4299/4299
f 4320/4320/4320 4325/4325/4325 4324/4324/4324 4321/4321/4321
f 4318/4318/4318 4317/4317/4317 4328/4328/4328 4327/4327/4327
usemtl Default
v -1350 2340 -5110
v -1350 2330 -5110
v -2350 2340 -5110
v -2350 2330 -5110
v -1393.478271484375 2340 -5110
v -1436.95654296875 2340 -5110
v -1480.434814453125 2340 -5110
v -1523.9130859375 2340 -5110
v -1567.391357421875 2340 -5110
v -1610.8695068359375 2340 -5110
v -1654.3477783203125 2340 -5110
v -1697.8260498046875 2340 -5110
v -1741.3043212890625 2340 -5110
v -1784.7825927734375 2340 -5110
v -1828.2608642578125 2340 -5110
v -1871.7391357421875 2340 -5110
v -1915.2174072265625 2340 -5110
v -1958.6956787109375 2340 -5110
v -2002.1739501953125 2340 -5110
v -2045.6522216796875 2340 -5110
v -2089.13037109375 2340 -5110
v -2132.608642578125 2340 -5110
v -2176.0869140625 2340 -5110
v -2219.565185546875 2340 -5110
v -2263.04345703125 2340 -5110
v -2306.521728515625 2340 -5110
v -2306.521728515625 2330 -5110
v -2263.04345703125 2330 -5110
v -2219.565185546875 2330 -5110
v -2176.0869140625 2330 -5110
v -2132.608642578125 2330 -5110
v -2089.13037109375 2330 -5110
v -2045.6522216796875 2330 -5110
v -2002.1739501953125 2330 -5110
v -1958.6956787109375 2330 -5110
v -1915.2174072265625 2330 -5110
v -1871.7391357421875 2330 -5110
v -1828.2608642578125 2330 -5110
v -1784.7825927734375 2330 -5110
v -1741.3043212890625 2330 -5110
v -1697.8260498046875 2330 -5110
v -1654.3477783203125 2330 -5110
v -1610.8695068359375 2330 -5110
v -1567.391357421875 2330 -5110
v -1523.9130859375 2330 -5110
v -1480.434814453125 2330 -5110
v -1436.95654296875 2330 -5110
v -1393.478271484375 2330 -5110
v -2350 2340 -5110
v -2350 2330 -5110
v -2350 2330 -5284
v -2350 2340 -5980
v -2350 2340 -5153.5
v -2350 2340 -5197
v -2350 2340 -5240.5
v -2350 2340 -5284
v -2350 2340 -5327.5
v -2350 2340 -5371
v -2350 2340 -5414.5
v -2350 2340 -5458
v -2350 2340 -5501.5
v -2350 2340 -5545
v -2350 2340 -5588.5
v -2350 2340 -5632
v -2350 2340 -5675.5
v -2350 2340 -5719
v -2350 2340 -5762.5
v -2350 2340 -5806
v -2350 2340 -5849.5
v -2350 2340 -5893
v -2350 2340 -5936.5
v -2350 2330 -5980
v -2350 2330 -5936.5
v -2350 2330 -5893
v -2350 2330 -5849.5
v -2350 2330 -5806
v -2350 2330 -5762.5
v -2350 2330 -5719
v -2350 2330 -5675.5
v -2350 2330 -5632
v -2350 2330 -5588.5
v -2350 2330 -5545
v -2350 2330 -5501.5
v -2350 2330 -5458
v -2350 2330 -5414.5
v -2350 2330 -5371
v -2350 2330 -5327.5
v -2350 2330 -5240.5
v -2350 2330 -5197
v -2350 2330 -5153.5
v -1350 2330 -5980
v -1350 2330 -5632
v -1350 2340 -5458
v -1350 2330 -5458
v -1350 2330 -5284
v -1350 2340 -5110
v -1350 2330 -5110
v -1350 2340 -5980
v -1350 2340 -5936.5
v -1350 2340 -5893
v -1350 2340 -5849.5
v -1350 2340 -5806
v -1350 2340 -5762.5
v -1350 2340 -5719
v -1350 2340 -5675.5
v -1350 2340 -5632
v -1350 2340 -5588.5
v -1350 2340 -5545
v -1350 2340 -5501.5
v -1350 2340 -5414.5
v -1350 2340 -5371
v -1350 2340 -5327.5
v -1350 2340 -5284
v -1350 2340 -5240.5
v -1350 2340 -5197
v -1350 2340 -5153.5
v -1350 2330 -5153.5
v -1350 2330 -5197
v -1350 2330 -5240.5
v -1350 2330 -5327.5
v -1350 2330 -5371
v -1350 2330 -5414.5
v -1350 2330 -5501.5
v -1350 2330 -5545
v -1350 2330 -5588.5
v -1350 2330 -5675.5
v -1350 2330 -5719
v -1350 2330 -5762.5
v -1350 2330 -5806
v -1350 2330 -5849.5
v -1350 2330 -5893
v -1350 2330 -5936.5
v -1350 2340 -5110
v -2350 2340 -5110
v -2350 2340 -5980
v -1393.478271484375 2340 -5110
v -1436.95654296875 2340 -5110
v -1480.434814453125 2340 -5110
v -1523.9130859375 2340 -5110
v -1567.391357421875 2340 -5110
v -1610.8695068359375 2340 -5110
v -1654.3477783203125 2340 -5110
v -1697.8260498046875 2340 -5110
v -1741.3043212890625 2340 -5110
v -1784.7825927734375 2340 -5110
v -1828.2608642578125 2340 -5110
v -1871.7391357421875 2340 -5110
v -1915.2174072265625 2340 -5110
v -1958.6956787109375 2340 -5110
v -2002.1739501953125 2340 -5110
v -2045.6522216796875 2340 -5110
v -2089.13037109375 2340 -5110
v -2132.608642578125 2340 -5110
v -2176.0869140625 2340 -5110
v -2219.565185546875 2340 -5110
v -2263.04345703125 2340 -5110
v -2306.521728515625 2340 -5110
v -1850 2340 -5545
v -1850 2340 -5327.5
v -1600 2340 -5545
v -1600 2340 -5327.5
v -1600 2340 -5218.75
v -1475 2340 -5327.5
v -1475 2340 -5218.75
v -1850 2340 -5218.75
v -1725 2340 -5327.5
v -1725 2340 -5218.75
v -2100 2340 -5545
v -2100 2340 -5327.5
v -2100 2340 -5218.75
v -1975 2340 -5327.5
v -1975 2340 -5218.75
v -2225 2340 -5327.5
v -2225 2340 -5218.75
v -2350 2340 -5153.5
v -2350 2340 -5197
v -2350 2340 -5240.5
v -2350 2340 -5284
v -2350 2340 -5327.5
v -2350 2340 -5371
v -2350 2340 -5414.5
v -2350 2340 -5458
v -2350 2340 -5501.5
v -2350 2340 -5545
v -2350 2340 -5588.5
v -2350 2340 -5632
v -2350 2340 -5675.5
v -2350 2340 -5719
v -2350 2340 -5762.5
v -2350 2340 -5806
v -2350 2340 -5849.5
v -2350 2340 -5893
v -2350 2340 -5936.5
v -2225 2340 -5545
v -2100 2340 -5436.25
v -2225 2340 -5436.25
v -1850 2340 -5762.5
v -2100 2340 -5762.5
v -2225 2340 -5762.5
v -2100 2340 -5653.75
v -2225 2340 -5653.75
v -2100 2340 -5871.25
v -2225 2340 -5871.25
v -2306.521728515625 2340 -5980
v -2263.04345703125 2340 -5980
v -2219.565185546875 2340 -5980
v -2176.0869140625 2340 -5980
v -2132.608642578125 2340 -5980
v -2089.13037109375 2340 -5980
v -2045.6522216796875 2340 -5980
v -2002.1739501953125 2340 -5980
v -1958.6956787109375 2340 -5980
v -1915.2174072265625 2340 -5980
v -1871.7391357421875 2340 -5980
v -1828.2608642578125 2340 -5980
v -1784.7825927734375 2340 -5980
v -1741.3043212890625 2340 -5980
v -1697.8260498046875 2340 -5980
v -1654.3477783203125 2340 -5980
v -1610.8695068359375 2340 -5980
v -1567.391357421875 2340 -5980
v -1523.9130859375 2340 -5980
v -1480.434814453125 2340 -5980
v -1436.95654296875 2340 -5980
v -1393.478271484375 2340 -5980
v -1850 2340 -5871.25
v -1975 2340 -5762.5
v -1975 2340 -5871.25
v -1600 2340 -5762.5
v -1600 2340 -5871.25
v -1725 2340 -5762.5
v -1725 2340 -5871.25
v -1475 2340 -5762.5
v -1475 2340 -5871.25
v -1350 2340 -5980
v -1350 2340 -5936.5
v -1350 2340 -5893
v -1350 2340 -5849.5
v -1350 2340 -5806
v -1350 2340 -5762.5
v -1350 2340 -5719
v -1350 2340 -5675.5
v -1350 2340 -5632
v -1350 2340 -5588.5
v -1350 2340 -5545
v -1350 2340 -5501.5
v -1350 2340 -5458
v -1350 2340 -5414.5
v -1350 2340 -5371
v -1350 2340 -5327.5
v -1350 2340 -5284
v -1350 2340 -5240.5
v -1350 2340 -5197
v -1350 2340 -5153.5
v -1600 2340 -5653.75
v -1475 2340 -5545
v -1475 2340 -5653.75
v -1600 2340 -5436.25
v -1475 2340 -5436.25
v -1350 2330 -5110
v -1350 2330 -5980
v -2350 2330 -5110
v -1393.478271484375 2330 -5110
v -1436.95654296875 2330 -5110
v -1480.434814453125 2330 -5110
v -1523.9130859375 2330 -5110
v -1567.391357421875 2330 -5110
v -1610.8695068359375 2330 -5110
v -1654.3477783203125 2330 -5110
v -1697.8260498046875 2330 -5110
v -1741.3043212890625 2330 -5110
v -1784.7825927734375 2330 -5110
v -1828.2608642578125 2330 -5110
v -1871.7391357421875 2330 -5110
v -1915.2174072265625 2330 -5110
v -1958.6956787109375 2330 -5110
v -2002.1739501953125 2330 -5110
v -2045.6522216796875 2330 -5110
v -2089.13037109375 2330 -5110
v -2132.608642578125 2330 -5110
v -2176.0869140625 2330 -5110
v -2219.565185546875 2330 -5110
v -2263.04345703125 2330 -5110
v -2306.521728515625 2330 -5110
v -1850 2330 -5545
v -1850 2330 -5327.5
v -1600 2330 -5545
v -1600 2330 -5327.5
v -1600 2330 -5218.75
v -1475 2330 -5327.5
v -1475 2330 -5218.75
v -1850 2330 -5218.75
v -1725 2330 -5327.5
v -1725 2330 -5218.75
v -2100 2330 -5545
v -2100 2330 -5327.5
v -2100 2330 -5218.75
v -1975 2330 -5327.5
v -1975 2330 -5218.75
v -2225 2330 -5327.5
v -2225 2330 -5218.75
v -2350 2330 -5153.5
v -2350 2330 -5197
v -2350 2330 -5240.5
v -2350 2330 -5284
v -2350 2330 -5327.5
v -2350 2330 -5371
v -2350 2330 -5414.5
v -2350 2330 -5458
v -2350 2330 -5501.5
v -2350 2330 -5545
v -2350 2330 -5588.5
v -2350 2330 -5632
v -2350 2330 -5675.5
v -2350 2330 -5719
v -2350 2330 -5762.5
v -2350 2330 -5806
v -2350 2330 -5849.5
v -2350 2330 -5893
v -2350 2330 -5936.5
v -2225 2330 -5545
v -2100 2330 -5436.25
v -2225 2330 -5436.25
v -1850 2330 -5762.5
v -2100 2330 -5762.5
v -2225 2330 -5762.5
v -2100 2330 -5653.75
v -2225 2330 -5653.75
v -2100 2330 -5871.25
v -2225 2330 -5871.25
v -2350 2330 -5980
v -2306.521728515625 2330 -5980
v -2263.04345703125 2330 -5980
v -2219.565185546875 2330 -5980
v -2176.0869140625 2330 -5980
v -2132.608642578125 2330 -5980
v -2089.13037109375 2330 -5980
v -2045.6522216796875 2330 -5980
v -2002.1739501953125 2330 -5980
v -1958.6956787109375 2330 -5980
v -1915.2174072265625 2330 -5980
v -1871.7391357421875 2330 -5980
v -1828.2608642578125 2330 -5980
v -1784.7825927734375 2330 -5980
v -1741.3043212890625 2330 -5980
v -1697.8260498046875 2330 -5980
v -1654.3477783203125 2330 -5980
v -1610.8695068359375 2330 -5980
v -1567.391357421875 2330 -5980
v -1523.9130859375 2330 -5980
v -1480.434814453125 2330 -5980
v -1436.95654296875 2330 -5980
v -1393.478271484375 2330 -5980
v -1850 2330 -5871.25
v -1975 2330 -5762.5
v -1975 2330 -5871.25
v -1600 2330 -5762.5
v -1600 2330 -5871.25
v -1725 2330 -5762.5
v -1725 2330 -5871.25
v -1475 2330 -5762.5
v -1475 2330 -5871.25
v -1350 2330 -5936.5
v -1350 2330 -5893
v -1350 2330 -5849.5
v -1350 2330 -5806
v -1350 2330 -5762.5
v -1350 2330 -5719
v -1350 2330 -5675.5
v -1350 2330 -5632
v -1350 2330 -5588.5
v -1350 2330 -5545
v -1350 2330 -5501.5
v -1350 2330 -5458
v -1350 2330 -5414.5
v -1350 2330 -5371
v -1350 2330 -5327.5
v -1350 2330 -5284
v -1350 2330 -5240.5
v -1350 2330 -5197
v -1350 2330 -5153.5
v -1600 2330 -5653.75
v -1475 2330 -5545
v -1475 2330 -5653.75
v -1600 2330 -5436.25
v -1475 2330 -5436.25
v -1350 2340 -5980
v -1350 2330 -5980
v -2350 2340 -5980
v -2350 2330 -5980
v -1393.478271484375 2340 -5980
v -1436.95654296875 2340 -5980
v -1480.434814453125 2340 -5980
v -1523.9130859375 2340 -5980
v -1567.391357421875 2340 -5980
v -1610.8695068359375 2340 -5980
v -1654.3477783203125 2340 -5980
v -1697.8260498046875 2340 -5980
v -1741.3043212890625 2340 -5980
v -1784.7825927734375 2340 -5980
v -1828.2608642578125 2340 -5980
v -1871.7391357421875 2340 -5980
v -1915.2174072265625 2340 -5980
v -1958.6956787109375 2340 -5980
v -2002.1739501953125 2340 -5980
v -2045.6522216796875 2340 -5980
v -2089.13037109375 2340 -5980
v -2132.608642578125 2340 -5980
v -2176.0869140625 2340 -5980
v -2219.565185546875 2340 -5980
v -2263.04345703125 2340 -5980
v -2306.521728515625 2340 -5980
v -2306.521728515625 2330 -5980
v -2263.04345703125 2330 -5980
v -2219.565185546875 2330 -5980
v -2176.0869140625 2330 -5980
v -2132.608642578125 2330 -5980
v -2089.13037109375 2330 -5980
v -2045.6522216796875 2330 -5980
v -2002.1739501953125 2330 -5980
v -1958.6956787109375 2330 -5980
v -1915.2174072265625 2330 -5980
v -1871.7391357421875 2330 -5980
v -1828.2608642578125 2330 -5980
v -1784.7825927734375 2330 -5980
v -1741.3043212890625 2330 -5980
v -1697.8260498046875 2330 -5980
v -1654.3477783203125 2330 -5980
v -1610.8695068359375 2330 -5980
v -1567.391357421875 2330 -5980
v -1523.9130859375 2330 -5980
v -1480.434814453125 2330 -5980
v -1436.95654296875 2330 -5980
v -1393.478271484375 2330 -5980
vt 0.017241379246115685 0
vt 0.01149425283074379 0
vt 0.017241379246115685 0.57471263408660889
vt 0.01149425283074379 0.57471263408660889
vt 0.017241379246115685 0.024987507611513138
vt 0.017241379246115685 0.049975015223026276
vt 0.017241379246115685 0.074962519109249115
vt 0.017241379246115685 0.099950030446052551
vt 0.017241379246115685 0.12493752688169479
vt 0.017241379246115685 0.14992503821849823
vt 0.017241379246115685 0.17491254210472107
vt 0.017241379246115685 0.1999000608921051
vt 0.017241379246115685 0.22488754987716675
vt 0.017241379246115685 0.24987505376338959
vt 0.017241379246115685 0.27486255764961243
vt 0.017241379246115685 0.29985007643699646
vt 0.017241379246115685 0.32483756542205811
vt 0.017241379246115685 0.34982508420944214
vt 0.017241379246115685 0.37481260299682617
vt 0.017241379246115685 0.39980012178421021
vt 0.017241379246115685 0.42478761076927185
vt 0.017241379246115685 0.4497750997543335
vt 0.017241379246115685 0.47476261854171753
vt 0.017241379246115685 0.49975010752677917
vt 0.017241379246115685 0.5247376561164856
vt 0.017241379246115685 0.54972511529922485
vt 0.01149425283074379 0.54972511529922485
vt 0.01149425283074379 0.5247376561164856
vt 0.01149425283074379 0.49975010752677917
vt 0.01149425283074379 0.47476261854171753
vt 0.01149425283074379 0.4497750997543335
vt 0.01149425283074379 0.42478761076927185
vt 0.01149425283074379 0.39980012178421021
vt 0.01149425283074379 0.37481260299682617
vt 0.01149425283074379 0.34982508420944214
vt 0.01149425283074379 0.32483756542205811
vt 0.01149425283074379 0.29985007643699646
vt 0.01149425283074379 0.27486255764961243
vt 0.01149425283074379 0.24987505376338959
vt 0.01149425283074379 0.22488754987716675
vt 0.01149425283074379 0.1999000608921051
vt 0.01149425283074379 0.17491254210472107
vt 0.01149425283074379 0.14992503821849823
vt 0.01149425283074379 0.12493752688169479
vt 0.01149425283074379 0.099950030446052551
vt 0.01149425283074379 0.074962519109249115
vt 0.01149425283074379 0.049975015223026276
vt 0.01149425283074379 0.024987507611513138
vt 0.01149425283074379 0
vt 0.0057471264153718948 0
vt 0.0057471264153718948 0.10000000149011612
vt 0.01149425283074379 0.5
vt 0.01149425283074379 0.02500000037252903
vt 0.01149425283074379 0.05000000074505806
vt 0.01149425283074379 0.075000002980232239
vt 0.01149425283074379 0.10000000149011612
vt 0.01149425283074379 0.125
vt 0.01149425283074379 0.15000000596046448
vt 0.01149425283074379 0.17499999701976776
vt 0.01149425283074379 0.20000000298023224
vt 0.01149425283074379 0.22499999403953552
vt 0.01149425283074379 0.25
vt 0.01149425283074379 0.27500000596046448
vt 0.01149425283074379 0.30000001192092896
vt 0.01149425283074379 0.32499998807907104
vt 0.01149425283074379 0.34999999403953552
vt 0.01149425283074379 0.375
vt 0.01149425283074379 0.40000000596046448
vt 0.01149425283074379 0.42500001192092896
vt 0.01149425283074379 0.44999998807907104
vt 0.01149425283074379 0.47499999403953552
vt 0.0057471264153718948 0.5
vt 0.0057471264153718948 0.47499999403953552
vt 0.0057471264153718948 0.44999998807907104
vt 0.0057471264153718948 0.42500001192092896
vt 0.0057471264153718948 0.40000000596046448
vt 0.0057471264153718948 0.375
vt 0.0057471264153718948 0.34999999403953552
vt 0.0057471264153718948 0.32499998807907104
vt 0.0057471264153718948 0.30000001192092896
vt 0.0057471264153718948 0.27500000596046448
vt 0.0057471264153718948 0.25
vt 0.0057471264153718948 0.22499999403953552
vt 0.0057471264153718948 0.20000000298023224
vt 0.0057471264153718948 0.17499999701976776
vt 0.0057471264153718948 0.15000000596046448
vt 0.0057471264153718948 0.125
vt 0.0057471264153718948 0.075000002980232239
vt 0.0057471264153718948 0.05000000074505806
vt 0.0057471264153718948 0.02500000037252903
vt 0 0
vt 0 0.20000000298023224
vt 0.0057471264153718948 0.30000001192092896
vt 0 0.30000001192092896
vt 0 0.40000000596046448
vt 0.0057471264153718948 0.5
vt 0 0.5
vt 0.0057471264153718948 0
vt 0.0057471264153718948 0.02500000037252903
vt 0.0057471264153718948 0.05000000074505806
vt 0.0057471264153718948 0.075000002980232239
vt 0.0057471264153718948 0.10000000149011612
vt 0.0057471264153718948 0.125
vt 0.0057471264153718948 0.15000000596046448
vt 0.0057471264153718948 0.17499999701976776
vt 0.0057471264153718948 0.20000000298023224
vt 0.0057471264153718948 0.22499999403953552
vt 0.0057471264153718948 0.25
vt 0.0057471264153718948 0.27500000596046448
vt 0.0057471264153718948 0.32499998807907104
vt 0.0057471264153718948 0.34999999403953552
vt 0.0057471264153718948 0.375
vt 0.0057471264153718948 0.40000000596046448
vt 0.0057471264153718948 0.42500001192092896
vt 0.0057471264153718948 0.44999998807907104
vt 0.0057471264153718948 0.47499999403953552
vt 0 0.47499999403953552
vt 0 0.44999998807907104
vt 0 0.42500001192092896
vt 0 0.375
vt 0 0.34999999403953552
vt 0 0.32499998807907104
vt 0 0.27500000596046448
vt 0 0.25
vt 0 0.22499999403953552
vt 0 0.17499999701976776
vt 0 0.15000000596046448
vt 0 0.125
vt 0 0.10000000149011612
vt 0 0.075000002980232239
vt 0 0.05000000074505806
vt 0 0.02500000037252903
vt 0.022988505661487579 0.5
vt 0.59623628854751587 0.5
vt 0.59623628854751587 0.99853515625
vt 0.047912321984767914 0.5
vt 0.072836138308048248 0.5
vt 0.097759954631328583 0.5
vt 0.12268377840518951 0.5
vt 0.14760759472846985 0.5
vt 0.17253141105175018 0.5
vt 0.19745522737503052 0.5
vt 0.22237904369831085 0.5
vt 0.24730286002159119 0.5
vt 0.27222666144371033 0.5
vt 0.29715049266815186 0.5
vt 0.32207432389259338 0.5
vt 0.34699812531471252 0.5
vt 0.37192192673683167 0.5
vt 0.39684578776359558 0.5
vt 0.42176958918571472 0.5
vt 0.44669339060783386 0.5
vt 0.47161722183227539 0.5
vt 0.49654102325439453 0.5
vt 0.52146482467651367 0.5
vt 0.54638868570327759 0.5
vt 0.57131248712539673 0.5
vt 0.30961239337921143 0.749267578125
vt 0.30961239337921143 0.6246337890625
vt 0.1663004606962204 0.749267578125
vt 0.1663004606962204 0.6246337890625
vt 0.1663004606962204 0.56231689453125
vt 0.09464447945356369 0.6246337890625
vt 0.09464447945356369 0.56231689453125
vt 0.30961239337921143 0.56231689453125
vt 0.23795643448829651 0.6246337890625
vt 0.23795643448829651 0.56231689453125
vt 0.45292434096336365 0.749267578125
vt 0.45292434096336365 0.6246337890625
vt 0.45292434096336365 0.56231689453125
vt 0.38126838207244873 0.6246337890625
vt 0.38126838207244873 0.56231689453125
vt 0.52458035945892334 0.6246337890625
vt 0.52458035945892334 0.56231689453125
vt 0.59623628854751587 0.52492678165435791
vt 0.59623628854751587 0.54985350370407104
vt 0.59623628854751587 0.57478028535842896
vt 0.59623628854751587 0.59970700740814209
vt 0.59623628854751587 0.6246337890625
vt 0.59623628854751587 0.64956057071685791
vt 0.59623628854751587 0.67448729276657104
vt 0.59623628854751587 0.69941407442092896
vt 0.59623628854751587 0.72434079647064209
vt 0.59623628854751587 0.749267578125
vt 0.59623628854751587 0.77419435977935791
vt 0.59623628854751587 0.79912108182907104
vt 0.59623628854751587 0.82404786348342896
vt 0.59623628854751587 0.84897458553314209
vt 0.59623628854751587 0.8739013671875
vt 0.59623628854751587 0.89882814884185791
vt 0.59623628854751587 0.92375487089157104
vt 0.59623628854751587 0.94868165254592896
vt 0.59623628854751587 0.97360837459564209
vt 0.52458035945892334 0.749267578125
vt 0.45292434096336365 0.68695068359375
vt 0.52458035945892334 0.68695068359375
vt 0.30961239337921143 0.8739013671875
vt 0.45292434096336365 0.8739013671875
vt 0.52458035945892334 0.8739013671875
vt 0.45292434096336365 0.81158447265625
vt 0.52458035945892334 0.81158447265625
vt 0.45292434096336365 0.93621826171875
vt 0.52458035945892334 0.93621826171875
vt 0.57131248712539673 0.99853515625
vt 0.54638868570327759 0.99853515625
vt 0.52146482467651367 0.99853515625
vt 0.49654102325439453 0.99853515625
vt 0.47161722183227539 0.99853515625
vt 0.44669339060783386 0.99853515625
vt 0.42176958918571472 0.99853515625
vt 0.39684578776359558 0.99853515625
vt 0.37192192673683167 0.99853515625
vt 0.34699812531471252 0.99853515625
vt 0.32207432389259338 0.99853515625
vt 0.29715049266815186 0.99853515625
vt 0.27222666144371033 0.99853515625
vt 0.24730286002159119 0.99853515625
vt 0.22237904369831085 0.99853515625
vt 0.19745522737503052 0.99853515625
vt 0.17253141105175018 0.99853515625
vt 0.14760759472846985 0.99853515625
vt 0.12268377840518951 0.99853515625
vt 0.097759954631328583 0.99853515625
vt 0.072836138308048248 0.99853515625
vt 0.047912321984767914 0.99853515625
vt 0.30961239337921143 0.93621826171875
vt 0.38126838207244873 0.8739013671875
vt 0.38126838207244873 0.93621826171875
vt 0.1663004606962204 0.8739013671875
vt 0.1663004606962204 0.93621826171875
vt 0.23795643448829651 0.8739013671875
vt 0.23795643448829651 0.93621826171875
vt 0.09464447945356369 0.8739013671875
vt 0.09464447945356369 0.93621826171875
vt 0.022988505661487579 0.99853515625
vt 0.022988505661487579 0.97360837459564209
vt 0.022988505661487579 0.94868165254592896
vt 0.022988505661487579 0.92375487089157104
vt 0.022988505661487579 0.89882814884185791
vt 0.022988505661487579 0.8739013671875
vt 0.022988505661487579 0.84897458553314209
vt 0.022988505661487579 0.82404786348342896
vt 0.022988505661487579 0.79912108182907104
vt 0.022988505661487579 0.77419435977935791
vt 0.022988505661487579 0.749267578125
vt 0.022988505661487579 0.72434079647064209
vt 0.022988505661487579 0.69941407442092896
vt 0.022988505661487579 0.67448729276657104
vt 0.022988505661487579 0.64956057071685791
vt 0.022988505661487579 0.6246337890625
vt 0.022988505661487579 0.59970700740814209
vt 0.022988505661487579 0.57478028535842896
vt 0.022988505661487579 0.54985350370407104
vt 0.022988505661487579 0.52492678165435791
vt 0.1663004606962204 0.81158447265625
vt 0.09464447945356369 0.749267578125
vt 0.09464447945356369 0.81158447265625
vt 0.1663004606962204 0.68695068359375
vt 0.09464447945356369 0.68695068359375
vt 0.022988505661487579 0
vt 0.022988505661487579 0.49853515625
vt 0.59623628854751587 0
vt 0.047912321984767914 0
vt 0.072836138308048248 0
vt 0.097759954631328583 0
vt 0.12268377840518951 0
vt 0.14760759472846985 0
vt 0.17253141105175018 0
vt 0.19745522737503052 0
vt 0.22237904369831085 0
vt 0.24730286002159119 0
vt 0.27222666144371033 0
vt 0.29715049266815186 0
vt 0.32207432389259338 0
vt 0.34699812531471252 0
vt 0.37192192673683167 0
vt 0.39684578776359558 0
vt 0.42176958918571472 0
vt 0.44669339060783386 0
vt 0.47161722183227539 0
vt 0.49654102325439453 0
vt 0.52146482467651367 0
vt 0.54638868570327759 0
vt 0.57131248712539673 0
vt 0.30961239337921143 0.249267578125
vt 0.30961239337921143 0.1246337890625
vt 0.1663004606962204 0.249267578125
vt 0.1663004606962204 0.1246337890625
vt 0.1663004606962204 0.06231689453125
vt 0.09464447945356369 0.1246337890625
vt 0.09464447945356369 0.06231689453125
vt 0.30961239337921143 0.06231689453125
vt 0.23795643448829651 0.1246337890625
vt 0.23795643448829651 0.06231689453125
vt 0.45292434096336365 0.249267578125
vt 0.45292434096336365 0.1246337890625
vt 0.45292434096336365 0.06231689453125
vt 0.38126838207244873 0.1246337890625
vt 0.38126838207244873 0.06231689453125
vt 0.52458035945892334 0.1246337890625
vt 0.52458035945892334 0.06231689453125
vt 0.59623628854751587 0.02492675743997097
vt 0.59623628854751587 0.04985351487994194
vt 0.59623628854751587 0.074780277907848358
vt 0.59623628854751587 0.099707029759883881
vt 0.59623628854751587 0.1246337890625
vt 0.59623628854751587 0.14956055581569672
vt 0.59623628854751587 0.17448730766773224
vt 0.59623628854751587 0.19941405951976776
vt 0.59623628854751587 0.22434081137180328
vt 0.59623628854751587 0.249267578125
vt 0.59623628854751587 0.27419432997703552
vt 0.59623628854751587 0.29912111163139343
vt 0.59623628854751587 0.32404783368110657
vt 0.59623628854751587 0.34897461533546448
vt 0.59623628854751587 0.3739013671875
vt 0.59623628854751587 0.39882811903953552
vt 0.59623628854751587 0.42375490069389343
vt 0.59623628854751587 0.44868162274360657
vt 0.59623628854751587 0.47360840439796448
vt 0.52458035945892334 0.249267578125
vt 0.45292434096336365 0.18695068359375
vt 0.52458035945892334 0.18695068359375
vt 0.30961239337921143 0.3739013671875
vt 0.45292434096336365 0.3739013671875
vt 0.52458035945892334 0.3739013671875
vt 0.45292434096336365 0.31158447265625
vt 0.52458035945892334 0.31158447265625
vt 0.45292434096336365 0.43621826171875
vt 0.52458035945892334 0.43621826171875
vt 0.59623628854751587 0.49853515625
vt 0.57131248712539673 0.49853515625
vt 0.54638868570327759 0.49853515625
vt 0.52146482467651367 0.49853515625
vt 0.49654102325439453 0.49853515625
vt 0.47161722183227539 0.49853515625
vt 0.44669339060783386 0.49853515625
vt 0.42176958918571472 0.49853515625
vt 0.39684578776359558 0.49853515625
vt 0.37192192673683167 0.49853515625
vt 0.34699812531471252 0.49853515625
vt 0.32207432389259338 0.49853515625
vt 0.29715049266815186 0.49853515625
vt 0.27222666144371033 0.49853515625
vt 0.24730286002159119 0.49853515625
vt 0.22237904369831085 0.49853515625
vt 0.19745522737503052 0.49853515625
vt 0.17253141105175018 0.49853515625
vt 0.14760759472846985 0.49853515625
vt 0.12268377840518951 0.49853515625
vt 0.097759954631328583 0.49853515625
vt 0.072836138308048248 0.49853515625
vt 0.047912321984767914 0.49853515625
vt 0.30961239337921143 0.43621826171875
vt 0.38126838207244873 0.3739013671875
vt 0.38126838207244873 0.43621826171875
vt 0.1663004606962204 0.3739013671875
vt 0.1663004606962204 0.43621826171875
vt 0.23795643448829651 0.3739013671875
vt 0.23795643448829651 0.43621826171875
vt 0.09464447945356369 0.3739013671875
vt 0.09464447945356369 0.43621826171875
vt 0.022988505661487579 0.47360840439796448
vt 0.022988505661487579 0.44868162274360657
vt 0.022988505661487579 0.42375490069389343
vt 0.022988505661487579 0.39882811903953552
vt 0.022988505661487579 0.3739013671875
vt 0.022988505661487579 0.34897461533546448
vt 0.022988505661487579 0.32404783368110657
vt 0.022988505661487579 0.29912111163139343
vt 0.022988505661487579 0.27419432997703552
vt 0.022988505661487579 0.249267578125
vt 0.022988505661487579 0.22434081137180328
vt 0.022988505661487579 0.19941405951976776
vt 0.022988505661487579 0.17448730766773224
vt 0.022988505661487579 0.14956055581569672
vt 0.022988505661487579 0.1246337890625
vt 0.022988505661487579 0.099707029759883881
vt 0.022988505661487579 0.074780277907848358
vt 0.022988505661487579 0.04985351487994194
vt 0.022988505661487579 0.02492675743997097
vt 0.1663004606962204 0.31158447265625
vt 0.09464447945356369 0.249267578125
vt 0.09464447945356369 0.31158447265625
vt 0.1663004606962204 0.18695068359375
vt 0.09464447945356369 0.18695068359375
vt 0.022988505661487579 0
vt 0.017241379246115685 0
vt 0.022988505661487579 0.57471263408660889
vt 0.017241379246115685 0.57471263408660889
vt 0.022988505661487579 0.024987507611513138
vt 0.022988505661487579 0.049975015223026276
vt 0.022988505661487579 0.074962519109249115
vt 0.022988505661487579 0.099950030446052551
vt 0.022988505661487579 0.12493752688169479
vt 0.022988505661487579 0.14992503821849823
vt 0.022988505661487579 0.17491254210472107
vt 0.022988505661487579 0.1999000608921051
vt 0.022988505661487579 0.22488754987716675
vt 0.022988505661487579 0.24987505376338959
vt 0.022988505661487579 0.27486255764961243
vt 0.022988505661487579 0.29985007643699646
vt 0.022988505661487579 0.32483756542205811
vt 0.022988505661487579 0.34982508420944214
vt 0.022988505661487579 0.37481260299682617
vt 0.022988505661487579 0.39980012178421021
vt 0.022988505661487579 0.42478761076927185
vt 0.022988505661487579 0.4497750997543335
vt 0.022988505661487579 0.47476261854171753
vt 0.022988505661487579 0.49975010752677917
vt 0.022988505661487579 0.5247376561164856
vt 0.022988505661487579 0.54972511529922485
vt 0.017241379246115685 0.54972511529922485
vt 0.017241379246115685 0.5247376561164856
vt 0.017241379246115685 0.49975010752677917
vt 0.017241379246115685 0.47476261854171753
vt 0.017241379246115685 0.4497750997543335
vt 0.017241379246115685 0.42478761076927185
vt 0.017241379246115685 0.39980012178421021
vt 0.017241379246115685 0.37481260299682617
vt 0.017241379246115685 0.34982508420944214
vt 0.017241379246115685 0.32483756542205811
vt 0.017241379246115685 0.29985007643699646
vt 0.017241379246115685 0.27486255764961243
vt 0.017241379246115685 0.24987505376338959
vt 0.017241379246115685 0.22488754987716675
vt 0.017241379246115685 0.1999000608921051
vt 0.017241379246115685 0.17491254210472107
vt 0.017241379246115685 0.14992503821849823
vt 0.017241379246115685 0.12493752688169479
vt 0.017241379246115685 0.099950030446052551
vt 0.017241379246115685 0.074962519109249115
vt 0.017241379246115685 0.049975015223026276
vt 0.017241379246115685 0.024987507611513138
vn 0 0 1
vn 0 0 1
vn 0 0 1
vn 0 0 1
vn 0 0 1
vn 0 0 1
vn 0 0 1
vn 0 0 1
vn 0 0 1
vn 0 0 1
vn 0 0 1
vn 0 0 1
vn 0 0 1
vn 0 0 1
vn 0 0 1
vn 0 0 1
vn 0 0 1
vn 0 0 1
vn 0 0 1
vn 0 0 1
vn 0 0 1
vn 0 0 1
vn 0 0 1
vn 0 0 1
vn 0 0 1
vn 0 0 1
vn 0 0 1
vn 0 0 1
vn 0 0 1
vn 0 0 1
vn 0 0 1
vn 0 0 1
vn 0 0 1
vn 0 0 1
vn 0 0 1
vn 0 0 1
vn 0 0 1
vn 0 0 1
vn 0 0 1
vn 0 0 1
vn 0 0 1
vn 0 0 1
vn 0 0 1
vn 0 0 1
vn 0 0 1
vn 0 0 1
vn 0 0 1
vn 0 0 1
vn -1 0 0
vn -1 0 0
vn -1 0 0
vn -1 0 0
vn -1 0 0
vn -1 0 0
vn -1 0 0
vn -1 0 0
vn -1 0 0
vn -1 0 0
vn -1 0 0
vn -1 0 0
vn -1 0 0
vn -1 0 0
vn -1 0 0
vn -1 0 0
vn -1 0 0
vn -1 0 0
vn -1 0 0
vn -1 0 0
vn -1 0 0
vn -1 0 0
vn -1 0 0
vn -1 0 0
vn -1 0 0
vn -1 0 0
vn -1 0 0
vn -1 0 0
vn -1 0 0
vn -1 0 0
vn -1 0 0
vn -1 0 0
vn -1 0 0
vn -1 0 0
vn -1 0 0
vn -1 0 0
vn -1 0 0
vn -1 0 0
vn -1 0 0
vn -1 0 0
vn -1 0 0
vn -1 0 0
vn 1 0 0
vn 1 0 0
vn 1 0 0
vn 1 0 0
vn 1 0 0
vn 1 0 0
vn 1 0 0
vn 1 0 0
vn 1 0 0
vn 1 0 0
vn 1 0 0
vn 1 0 0
vn 1 0 0
vn 1 0 0
vn 1 0 0
vn 1 0 0
vn 1 0 0
vn 1 0 0
vn 1 0 0
vn 1 0 0
vn 1 0 0
vn 1 0 0
vn 1 0 0
vn 1 0 0
vn 1 0 0
vn 1 0 0
vn 1 0 0
vn 1 0 0
vn 1 0 0
vn 1 0 0
vn 1 0 0
vn 1 0 0
vn 1 0 0
vn 1 0 0
vn 1 0 0
vn 1 0 0
vn 1 0 0
vn 1 0 0
vn 1 0 0
vn 1 0 0
vn 1 0 0
vn 1 0 0
vn 0 1 0
vn 0 1 0
vn 0 1 0
vn 0 1 0
vn 0 1 0
vn 0 1 0
vn 0 1 0
vn 0 1 0
vn 0 1 0
vn 0 1 0
vn 0 1 0
vn 0 1 0
vn 0 1 0
vn 0 1 0
vn 0 1 0
vn 0 1 0
vn 0 1 0
vn 0 1 0
vn 0 1 0
vn 0 1 0
vn 0 1 0
vn 0 1 0
vn 0 1 0
vn 0 1 0
vn 0 1 0
vn 0 1 0
vn 0 1 0
vn 0 1 0
vn 0 1 0
vn 0 1 0
vn 0 1 0
vn 0 1 0
vn 0 1 0
vn 0 1 0
vn 0 1 0
vn 0 1 0
vn 0 1 0
vn 0 1 0
vn 0 1 0
vn 0 1 0
vn 0 1 0
vn 0 1 0
vn 0 1 0
vn 0 1 0
vn 0 1 0
vn 0 1 0
vn 0 1 0
vn 0 1 0
vn 0 1 0
vn 0 1 0
vn 0 1 0
vn 0 1 0
vn 0 1 0
vn 0 1 0
vn 0 1 0
vn 0 1 0
vn 0 1 0
vn 0 1 0
vn 0 1 0
vn 0 1 0
vn 0 1 0
vn 0 1 0
vn 0 1 0
vn 0 1 0
vn 0 1 0
vn 0 1 0
vn 0 1 0
vn 0 1 0
vn 0 1 0
vn 0 1 0
vn 0 1 0
vn 0 1 0
vn 0 1 0
vn 0 1 0
vn 0 1 0
vn 0 1 0
vn 0 1 0
vn 0 1 0
vn 0 1 0
vn 0 1 0
vn 0 1 0
vn 0 1 0
vn 0 1 0
vn 0 1 0
vn 0 1 0
vn 0 1 0
vn 0 1 0
vn 0 1 0
vn 0 1 0
vn 0 1 0
vn 0 1 0
vn 0 1 0
vn 0 1 0
vn 0 1 0
vn 0 1 0
vn 0 1 0
vn 0 1 0
vn 0 1 0
vn 0 1 0
vn 0 1 0
vn 0 1 0
vn 0 1 0
vn 0 1 0
vn 0 1 0
vn 0 1 0
vn 0 1 0
vn 0 1 0
vn 0 1 0
vn 0 1 0
vn 0 1 0
vn 0 1 0
vn 0 1 0
vn 0 1 0
vn 0 1 0
vn 0 1 0
vn 0 1 0
vn 0 1 0
vn 0 1 0
vn 0 1 0
vn 0 1 0
vn 0 1 0
vn 0 1 0
vn 0 1 0
vn 0 1 0
vn 0 1 0
vn 0 1 0
vn 0 1 0
vn 0 -1 0
vn 0 -1 0
vn 0 -1 0
vn 0 -1 0
vn 0 -1 0
vn 0 -1 0
vn 0 -1 0
vn 0 -1 0
vn 0 -1 0
vn 0 -1 0
vn 0 -1 0
vn 0 -1 0
vn 0 -1 0
vn 0 -1 0
vn 0 -1 0
vn 0 -1 0
vn 0 -1 0
vn 0 -1 0
vn 0 -1 0
vn 0 -1 0
vn 0 -1 0
vn 0 -1 0
vn 0 -1 0
vn 0 -1 0
vn 0 -1 0
vn 0 -1 0
vn 0 -1 0
vn 0 -1 0
vn 0 -1 0
vn 0 -1 0
vn 0 -1 0
vn 0 -1 0
vn 0 -1 0
vn 0 -1 0
vn 0 -1 0
vn 0 -1 0
vn 0 -1 0
vn 0 -1 0
vn 0 -1 0
vn 0 -1 0
vn 0 -1 0
vn 0 -1 0
vn 0 -1 0
vn 0 -1 0
vn 0 -1 0
vn 0 -1 0
vn 0 -1 0
vn 0 -1 0
vn 0 -1 0
vn 0 -1 0
vn 0 -1 0
vn 0 -1 0
vn 0 -1 0
vn 0 -1 0
vn 0 -1 0
vn 0 -1 0
vn 0 -1 0
vn 0 -1 0
vn 0 -1 0
vn 0 -1 0
vn 0 -1 0
vn 0 -1 0
vn 0 -1 0
vn 0 -1 0
vn 0 -1 0
vn 0 -1 0
vn 0 -1 0
vn 0 -1 0
vn 0 -1 0
vn 0 -1 0
vn 0 -1 0
vn 0 -1 0
vn 0 -1 0
vn 0 -1 0
vn 0 -1 0
vn 0 -1 0
vn 0 -1 0
vn 0 -1 0
vn 0 -1 0
vn 0 -1 0
vn 0 -1 0
vn 0 -1 0
vn 0 -1 0
vn 0 -1 0
vn 0 -1 0
vn 0 -1 0
vn 0 -1 0
vn 0 -1 0
vn 0 -1 0
vn 0 -1 0
vn 0 -1 0
vn 0 -1 0
vn 0 -1 0
vn 0 -1 0
vn 0 -1 0
vn 0 -1 0
vn 0 -1 0
vn 0 -1 0
vn 0 -1 0
vn 0 -1 0
vn 0 -1 0
vn 0 -1 0
vn 0 -1 0
vn 0 -1 0
vn 0 -1 0
vn 0 -1 0
vn 0 -1 0
vn 0 -1 0
vn 0 -1 0
vn 0 -1 0
vn 0 -1 0
vn 0 -1 0
vn 0 -1 0
vn 0 -1 0
vn 0 -1 0
vn 0 -1 0
vn 0 -1 0
vn 0 -1 0
vn 0 -1 0
vn 0 -1 0
vn 0 -1 0
vn 0 -1 0
vn 0 -1 0
vn 0 -1 0
vn 0 -1 0
vn 0 -1 0
vn 0 -1 0
vn 0 0 -1
vn 0 0 -1
vn 0 0 -1
vn 0 0 -1
vn 0 0 -1
vn 0 0 -1
vn 0 0 -1
vn 0 0 -1
vn 0 0 -1
vn 0 0 -1
vn 0 0 -1
vn 0 0 -1
vn 0 0 -1
vn 0 0 -1
vn 0 0 -1
vn 0 0 -1
vn 0 0 -1
vn 0 0 -1
vn 0 0 -1
vn 0 0 -1
vn 0 0 -1
vn 0 0 -1
vn 0 0 -1
vn 0 0 -1
vn 0 0 -1
vn 0 0 -1
vn 0 0 -1
vn 0 0 -1
vn 0 0 -1
vn 0 0 -1
vn 0 0 -1
vn 0 0 -1
vn 0 0 -1
vn 0 0 -1
vn 0 0 -1
vn 0 0 -1
vn 0 0 -1
vn 0 0 -1
vn 0 0 -1
vn 0 0 -1
vn 0 0 -1
vn 0 0 -1
vn 0 0 -1
vn 0 0 -1
vn 0 0 -1
vn 0 0 -1
vn 0 0 -1
vn 0 0 -1
f 4349/4349/4349 4392/4392/4392 4346/4346/4346 4345/4345/4345
f 4350/4350/4350 4391/4391/4391 4392/4392/4392 4349/4349/4349
f 4352/4352/4352 4389/4389/4389 4390/4390/4390 4351/4351/4351
f 4353/4353/4353 4388/4388/4388 4389/4389/4389 4352/4352/4352
f 4351/4351/4351 4390/4390/4390 4391/4391/4391 4350/4350/4350
f 4355/4355/4355 4386/4386/4386 4387/4387/4387 4354/4354/4354
f 4356/4356/4356 4385/4385/4385 4386/4386/4386 4355/4355/4355
f 4357/4357/4357 4358/4358/4358 4383/4383/4383 4384/4384/4384
f 4358/4358/4358 4359/4359/4359 4382/4382/4382 4383/4383/4383
f 4357/4357/4357 4384/4384/4384 4385/4385/4385 4356/4356/4356
f 4354/4354/4354 4387/4387/4387 4388/4388/4388 4353/4353/4353
f 4359/4359/4359 4360/4360/4360 4381/4381/4381 4382/4382/4382
f 4361/4361/4361 4380/4380/4380 4381/4381/4381 4360/4360/4360
f 4362/4362/4362 4379/4379/4379 4380/4380/4380 4361/4361/4361
f 4364/4364/4364 4377/4377/4377 4378/4378/4378 4363/4363/4363
f 4365/4365/4365 4376/4376/4376 4377/4377/4377 4364/4364/4364
f 4363/4363/4363 4378/4378/4378 4379/4379/4379 4362/4362/4362
f 4367/4367/4367 4374/4374/4374 4375/4375/4375 4366/4366/4366
f 4367/4367/4367 4368/4368/4368 4373/4373/4373 4374/4374/4374
f 4369/4369/4369 4370/4370/4370 4371/4371/4371 4372/4372/4372
f 4370/4370/4370 4347/4347/4347 4348/4348/4348 4371/4371/4371
f 4368/4368/4368 4369/4369/4369 4372/4372/4372 4373/4373/4373
f 4366/4366/4366 4375/4375/4375 4376/4376/4376 4365/4365/4365
f 4393/4393/4393 4397/4397/4397 4434/4434/4434 4394/4394/4394
f 4398/4398/4398 4399/4399/4399 4432/4432/4432 4433/4433/4433
f 4399/4399/4399 4400/4400/4400 4395/4395/4395 4432/4432/4432
f 4397/4397/4397 4398/4398/4398 4433/4433/4433 4434/4434/4434
f 4401/4401/4401 4402/4402/4402 4430/4430/4430 4431/4431/4431
f 4404/4404/4404 4428/4428/4428 4429/4429/4429 4403/4403/4403
f 4405/4405/4405 4427/4427/4427 4428/4428/4428 4404/4404/4404
f 4402/4402/4402 4403/4403/4403 4429/4429/4429 4430/4430/4430
f 4400/4400/4400 4401/4401/4401 4431/4431/4431 4395/4395/4395
f 4406/4406/4406 4426/4426/4426 4427/4427/4427 4405/4405/4405
f 4407/4407/4407 4408/4408/4408 4424/4424/4424 4425/4425/4425
f 4409/4409/4409 4410/4410/4410 4422/4422/4422 4423/4423/4423
f 4410/4410/4410 4411/4411/4411 4421/4421/4421 4422/4422/4422
f 4408/4408/4408 4409/4409/4409 4423/4423/4423 4424/4424/4424
f 4412/4412/4412 4413/4413/4413 4419/4419/4419 4420/4420/4420
f 4414/4414/4414 4415/4415/4415 4417/4417/4417 4418/4418/4418
f 4396/4396/4396 4416/4416/4416 4417/4417/4417 4415/4415/4415
f 4413/4413/4413 4414/4414/4414 4418/4418/4418 4419/4419/4419
f 4411/4411/4411 4412/4412/4412 4420/4420/4420 4421/4421/4421
f 4425/4425/4425 4426/4426/4426 4406/4406/4406 4407/4407/4407
f 4442/4442/4442 4443/4443/4443 4476/4476/4476 4435/4435/4435
f 4444/4444/4444 4445/4445/4445 4474/4474/4474 4475/4475/4475
f 4445/4445/4445 4446/4446/4446 4473/4473/4473 4474/4474/4474
f 4443/4443/4443 4444/4444/4444 4475/4475/4475 4476/4476/4476
f 4447/4447/4447 4448/4448/4448 4471/4471/4471 4472/4472/4472
f 4449/4449/4449 4450/4450/4450 4436/4436/4436 4470/4470/4470
f 4450/4450/4450 4451/4451/4451 4469/4469/4469 4436/4436/4436
f 4448/4448/4448 4449/4449/4449 4470/4470/4470 4471/4471/4471
f 4446/4446/4446 4447/4447/4447 4472/4472/4472 4473/4473/4473
f 4451/4451/4451 4452/4452/4452 4468/4468/4468 4469/4469/4469
f 4437/4437/4437 4438/4438/4438 4467/4467/4467 4453/4453/4453
f 4454/4454/4454 4455/4455/4455 4465/4465/4465 4466/4466/4466
f 4455/4455/4455 4456/4456/4456 4464/4464/4464 4465/4465/4465
f 4437/4437/4437 4454/4454/4454 4466/4466/4466 4438/4438/4438
f 4457/4457/4457 4458/4458/4458 4463/4463/4463 4439/4439/4439
f 4459/4459/4459 4460/4460/4460 4461/4461/4461 4462/4462/4462
f 4460/4460/4460 4440/4440/4440 4441/4441/4441 4461/4461/4461
f 4458/4458/4458 4459/4459/4459 4462/4462/4462 4463/4463/4463
f 4456/4456/4456 4457/4457/4457 4439/4439/4439 4464/4464/4464
f 4453/4453/4453 4467/4467/4467 4468/4468/4468 4452/4452/4452
f 4547/4547/4547 4543/4543/4543 4542/4542/4542 4546/4546/4546
f 4572/4572/4572 4571/4571/4571 4541/4541/4541 4570/4570/4570
f 4546/4546/4546 4542/4542/4542 4571/4571/4571 4572/4572/4572
f 4544/4544/4544 4571/4571/4571 4542/4542/4542
f 4571/4571/4571 4502/4502/4502 4541/4541/4541
f 4502/4502/4502 4544/4544/4544 4512/4512/4512
f 4544/4544/4544 4502/4502/4502 4571/4571/4571
f 4543/4543/4543 4545/4545/4545 4544/4544/4544 4542/4542/4542
f 4545/4545/4545 4538/4538/4538 4512/4512/4512 4544/4544/4544
f 4576/4576/4576 4575/4575/4575 4573/4573/4573 4574/4574/4574
f 4570/4570/4570 4541/4541/4541 4575/4575/4575 4576/4576/4576
f 4574/4574/4574 4573/4573/4573 4577/4577/4577 4578/4578/4578
f 4573/4573/4573 4599/4599/4599 4601/4601/4601 4577/4577/4577
f 4599/4599/4599 4504/4504/4504 4600/4600/4600 4601/4601/4601
f 4575/4575/4575 4599/4599/4599 4573/4573/4573
f 4599/4599/4599 4502/4502/4502 4504/4504/4504
f 4502/4502/4502 4575/4575/4575 4541/4541/4541
f 4575/4575/4575 4502/4502/4502 4599/4599/4599
f 4602/4602/4602 4510/4510/4510 4505/4505/4505
f 4510/4510/4510 4502/4502/4502 4503/4503/4503
f 4502/4502/4502 4602/4602/4602 4504/4504/4504
f 4602/4602/4602 4502/4502/4502 4510/4510/4510
f 4504/4504/4504 4602/4602/4602 4603/4603/4603 4600/4600/4600
f 4602/4602/4602 4505/4505/4505 4507/4507/4507 4603/4603/4603
f 4505/4505/4505 4506/4506/4506 4508/4508/4508 4507/4507/4507
f 4503/4503/4503 4509/4509/4509 4511/4511/4511 4510/4510/4510
f 4510/4510/4510 4511/4511/4511 4506/4506/4506 4505/4505/4505
f 4538/4538/4538 4540/4540/4540 4539/4539/4539 4512/4512/4512
f 4540/4540/4540 4517/4517/4517 4513/4513/4513 4539/4539/4539
f 4515/4515/4515 4539/4539/4539 4513/4513/4513
f 4539/4539/4539 4502/4502/4502 4512/4512/4512
f 4502/4502/4502 4515/4515/4515 4503/4503/4503
f 4515/4515/4515 4502/4502/4502 4539/4539/4539
f 4513/4513/4513 4514/4514/4514 4516/4516/4516 4515/4515/4515
f 4515/4515/4515 4516/4516/4516 4509/4509/4509 4503/4503/4503
f 4517/4517/4517 4518/4518/4518 4514/4514/4514 4513/4513/4513
f 4480/4480/4480 4477/4477/4477 4598/4598/4598
f 4508/4508/4508 4598/4598/4598 4597/4597/4597
f 4598/4598/4598 4508/4508/4508 4481/4481/4481
f 4482/4482/4482 4481/4481/4481 4508/4508/4508
f 4480/4480/4480 4598/4598/4598 4481/4481/4481
f 4596/4596/4596 4508/4508/4508 4597/4597/4597
f 4508/4508/4508 4596/4596/4596 4595/4595/4595
f 4595/4595/4595 4594/4594/4594 4507/4507/4507
f 4593/4593/4593 4592/4592/4592 4603/4603/4603
f 4591/4591/4591 4590/4590/4590 4603/4603/4603
f 4603/4603/4603 4592/4592/4592 4591/4591/4591
f 4507/4507/4507 4594/4594/4594 4593/4593/4593
f 4508/4508/4508 4595/4595/4595 4507/4507/4507
f 4506/4506/4506 4484/4484/4484 4483/4483/4483 4508/4508/4508
f 4506/4506/4506 4486/4486/4486 4485/4485/4485
f 4511/4511/4511 4488/4488/4488 4487/4487/4487
f 4511/4511/4511 4487/4487/4487 4486/4486/4486
f 4506/4506/4506 4485/4485/4485 4484/4484/4484
f 4593/4593/4593 4603/4603/4603 4507/4507/4507
f 4509/4509/4509 4490/4490/4490 4489/4489/4489
f 4489/4489/4489 4511/4511/4511 4509/4509/4509
f 4509/4509/4509 4491/4491/4491 4490/4490/4490
f 4486/4486/4486 4506/4506/4506 4511/4511/4511
f 4511/4511/4511 4489/4489/4489 4488/4488/4488
f 4483/4483/4483 4482/4482/4482 4508/4508/4508
f 4600/4600/4600 4603/4603/4603 4590/4590/4590
f 4600/4600/4600 4589/4589/4589 4588/4588/4588
f 4588/4588/4588 4587/4587/4587 4601/4601/4601
f 4601/4601/4601 4586/4586/4586 4585/4585/4585
f 4586/4586/4586 4601/4601/4601 4587/4587/4587
f 4585/4585/4585 4584/4584/4584 4577/4577/4577
f 4577/4577/4577 4584/4584/4584 4583/4583/4583
f 4600/4600/4600 4590/4590/4590 4589/4589/4589
f 4582/4582/4582 4581/4581/4581 4578/4578/4578
f 4581/4581/4581 4580/4580/4580 4578/4578/4578
f 4569/4569/4569 4580/4580/4580 4579/4579/4579
f 4580/4580/4580 4569/4569/4569 4568/4568/4568
f 4578/4578/4578 4580/4580/4580 4568/4568/4568
f 4583/4583/4583 4582/4582/4582 4578/4578/4578
f 4600/4600/4600 4588/4588/4588 4601/4601/4601
f 4585/4585/4585 4577/4577/4577 4601/4601/4601
f 4583/4583/4583 4578/4578/4578 4577/4577/4577
f 4565/4565/4565 4574/4574/4574 4566/4566/4566
f 4566/4566/4566 4578/4578/4578 4567/4567/4567
f 4574/4574/4574 4563/4563/4563 4562/4562/4562 4576/4576/4576
f 4574/4574/4574 4578/4578/4578 4566/4566/4566
f 4568/4568/4568 4567/4567/4567 4578/4578/4578
f 4574/4574/4574 4565/4565/4565 4564/4564/4564
f 4574/4574/4574 4564/4564/4564 4563/4563/4563
f 4576/4576/4576 4562/4562/4562 4561/4561/4561
f 4560/4560/4560 4559/4559/4559 4570/4570/4570
f 4560/4560/4560 4576/4576/4576 4561/4561/4561
f 4570/4570/4570 4576/4576/4576 4560/4560/4560
f 4516/4516/4516 4492/4492/4492 4491/4491/4491 4509/4509/4509
f 4516/4516/4516 4493/4493/4493 4492/4492/4492
f 4516/4516/4516 4495/4495/4495 4494/4494/4494
f 4514/4514/4514 4496/4496/4496 4495/4495/4495
f 4516/4516/4516 4494/4494/4494 4493/4493/4493
f 4516/4516/4516 4514/4514/4514 4495/4495/4495
f 4497/4497/4497 4496/4496/4496 4514/4514/4514
f 4498/4498/4498 4497/4497/4497 4514/4514/4514
f 4518/4518/4518 4499/4499/4499 4498/4498/4498
f 4517/4517/4517 4522/4522/4522 4521/4521/4521 4518/4518/4518
f 4518/4518/4518 4500/4500/4500 4499/4499/4499
f 4498/4498/4498 4514/4514/4514 4518/4518/4518
f 4519/4519/4519 4501/4501/4501 4500/4500/4500
f 4519/4519/4519 4478/4478/4478 4501/4501/4501
f 4519/4519/4519 4518/4518/4518 4520/4520/4520
f 4520/4520/4520 4518/4518/4518 4521/4521/4521
f 4522/4522/4522 4517/4517/4517 4523/4523/4523
f 4540/4540/4540 4525/4525/4525 4524/4524/4524 4517/4517/4517
f 4524/4524/4524 4523/4523/4523 4517/4517/4517
f 4540/4540/4540 4526/4526/4526 4525/4525/4525
f 4538/4538/4538 4527/4527/4527 4526/4526/4526 4540/4540/4540
f 4528/4528/4528 4527/4527/4527 4538/4538/4538
f 4500/4500/4500 4518/4518/4518 4519/4519/4519
f 4558/4558/4558 4557/4557/4557 4570/4570/4570
f 4572/4572/4572 4570/4570/4570 4557/4557/4557
f 4559/4559/4559 4558/4558/4558 4570/4570/4570
f 4545/4545/4545 4530/4530/4530 4529/4529/4529 4538/4538/4538
f 4556/4556/4556 4572/4572/4572 4557/4557/4557
f 4546/4546/4546 4552/4552/4552 4551/4551/4551 4547/4547/4547
f 4572/4572/4572 4555/4555/4555 4554/4554/4554 4546/4546/4546
f 4572/4572/4572 4556/4556/4556 4555/4555/4555
f 4546/4546/4546 4553/4553/4553 4552/4552/4552
f 4551/4551/4551 4550/4550/4550 4547/4547/4547
f 4553/4553/4553 4546/4546/4546 4554/4554/4554
f 4545/4545/4545 4531/4531/4531 4530/4530/4530
f 4545/4545/4545 4532/4532/4532 4531/4531/4531
f 4545/4545/4545 4543/4543/4543 4532/4532/4532
f 4543/4543/4543 4534/4534/4534 4533/4533/4533
f 4543/4543/4543 4533/4533/4533 4532/4532/4532
f 4547/4547/4547 4535/4535/4535 4534/4534/4534 4543/4543/4543
f 4548/4548/4548 4537/4537/4537 4549/4549/4549
f 4547/4547/4547 4549/4549/4549 4537/4537/4537
f 4550/4550/4550 4549/4549/4549 4547/4547/4547
f 4547/4547/4547 4536/4536/4536 4535/4535/4535
f 4548/4548/4548 4479/4479/4479 4537/4537/4537
f 4547/4547/4547 4537/4537/4537 4536/4536/4536
f 4529/4529/4529 4528/4528/4528 4538/4538/4538
f 4674/4674/4674 4673/4673/4673 4669/4669/4669 4670/4670/4670
f 4700/4700/4700 4698/4698/4698 4668/4668/4668 4699/4699/4699
f 4673/4673/4673 4700/4700/4700 4699/4699/4699 4669/4669/4669
f 4671/4671/4671 4669/4669/4669 4699/4699/4699
f 4699/4699/4699 4668/4668/4668 4629/4629/4629
f 4629/4629/4629 4639/4639/4639 4671/4671/4671
f 4671/4671/4671 4699/4699/4699 4629/4629/4629
f 4670/4670/4670 4669/4669/4669 4671/4671/4671 4672/4672/4672
f 4672/4672/4672 4671/4671/4671 4639/4639/4639 4665/4665/4665
f 4704/4704/4704 4702/4702/4702 4701/4701/4701 4703/4703/4703
f 4698/4698/4698 4704/4704/4704 4703/4703/4703 4668/4668/4668
f 4702/4702/4702 4706/4706/4706 4705/4705/4705 4701/4701/4701
f 4701/4701/4701 4705/4705/4705 4728/4728/4728 4726/4726/4726
f 4726/4726/4726 4728/4728/4728 4727/4727/4727 4631/4631/4631
f 4703/4703/4703 4701/4701/4701 4726/4726/4726
f 4726/4726/4726 4631/4631/4631 4629/4629/4629
f 4629/4629/4629 4668/4668/4668 4703/4703/4703
f 4703/4703/4703 4726/4726/4726 4629/4629/4629
f 4729/4729/4729 4632/4632/4632 4637/4637/4637
f 4637/4637/4637 4630/4630/4630 4629/4629/4629
f 4629/4629/4629 4631/4631/4631 4729/4729/4729
f 4729/4729/4729 4637/4637/4637 4629/4629/4629
f 4631/4631/4631 4727/4727/4727 4730/4730/4730 4729/4729/4729
f 4729/4729/4729 4730/4730/4730 4634/4634/4634 4632/4632/4632
f 4632/4632/4632 4634/4634/4634 4635/4635/4635 4633/4633/4633
f 4630/4630/4630 4637/4637/4637 4638/4638/4638 4636/4636/4636
f 4637/4637/4637 4632/4632/4632 4633/4633/4633 4638/4638/4638
f 4665/4665/4665 4639/4639/4639 4666/4666/4666 4667/4667/4667
f 4667/4667/4667 4666/4666/4666 4640/4640/4640 4644/4644/4644
f 4642/4642/4642 4640/4640/4640 4666/4666/4666
f 4666/4666/4666 4639/4639/4639 4629/4629/4629
f 4629/4629/4629 4630/4630/4630 4642/4642/4642
f 4642/4642/4642 4666/4666/4666 4629/4629/4629
f 4640/4640/4640 4642/4642/4642 4643/4643/4643 4641/4641/4641
f 4642/4642/4642 4630/4630/4630 4636/4636/4636 4643/4643/4643
f 4644/4644/4644 4640/4640/4640 4641/4641/4641 4645/4645/4645
f 4607/4607/4607 4725/4725/4725 4604/4604/4604
f 4635/4635/4635 4724/4724/4724 4725/4725/4725
f 4725/4725/4725 4608/4608/4608 4635/4635/4635
f 4609/4609/4609 4635/4635/4635 4608/4608/4608
f 4607/4607/4607 4608/4608/4608 4725/4725/4725
f 4723/4723/4723 4724/4724/4724 4635/4635/4635
f 4635/4635/4635 4722/4722/4722 4723/4723/4723
f 4722/4722/4722 4634/4634/4634 4721/4721/4721
f 4720/4720/4720 4730/4730/4730 4719/4719/4719
f 4718/4718/4718 4730/4730/4730 4717/4717/4717
f 4730/4730/4730 4718/4718/4718 4719/4719/4719
f 4634/4634/4634 4720/4720/4720 4721/4721/4721
f 4635/4635/4635 4634/4634/4634 4722/4722/4722
f 4633/4633/4633 4635/4635/4635 4610/4610/4610 4611/4611/4611
f 4633/4633/4633 4612/4612/4612 4613/4613/4613
f 4638/4638/4638 4614/4614/4614 4615/4615/4615
f 4638/4638/4638 4613/4613/4613 4614/4614/4614
f 4633/4633/4633 4611/4611/4611 4612/4612/4612
f 4720/4720/4720 4634/4634/4634 4730/4730/4730
f 4636/4636/4636 4616/4616/4616 4617/4617/4617
f 4616/4616/4616 4636/4636/4636 4638/4638/4638
f 4636/4636/4636 4617/4617/4617 4618/4618/4618
f 4613/4613/4613 4638/4638/4638 4633/4633/4633
f 4638/4638/4638 4615/4615/4615 4616/4616/4616
f 4610/4610/4610 4635/4635/4635 4609/4609/4609
f 4727/4727/4727 4717/4717/4717 4730/4730/4730
f 4727/4727/4727 4715/4715/4715 4716/4716/4716
f 4715/4715/4715 4728/4728/4728 4714/4714/4714
f 4728/4728/4728 4712/4712/4712 4713/4713/4713
f 4713/4713/4713 4714/4714/4714 4728/4728/4728
f 4712/4712/4712 4705/4705/4705 4711/4711/4711
f 4705/4705/4705 4710/4710/4710 4711/4711/4711
f 4727/4727/4727 4716/4716/4716 4717/4717/4717
f 4709/4709/4709 4706/4706/4706 4708/4708/4708
f 4708/4708/4708 4706/4706/4706 4707/4707/4707
f 4697/4697/4697 4605/4605/4605 4707/4707/4707
f 4707/4707/4707 4696/4696/4696 4697/4697/4697
f 4706/4706/4706 4696/4696/4696 4707/4707/4707
f 4710/4710/4710 4706/4706/4706 4709/4709/4709
f 4727/4727/4727 4728/4728/4728 4715/4715/4715
f 4712/4712/4712 4728/4728/4728 4705/4705/4705
f 4710/4710/4710 4705/4705/4705 4706/4706/4706
f 4693/4693/4693 4694/4694/4694 4702/4702/4702
f 4694/4694/4694 4695/4695/4695 4706/4706/4706
f 4702/4702/4702 4704/4704/4704 4690/4690/4690 4691/4691/4691
f 4702/4702/4702 4694/4694/4694 4706/4706/4706
f 4696/4696/4696 4706/4706/4706 4695/4695/4695
f 4702/4702/4702 4692/4692/4692 4693/4693/4693
f 4702/4702/4702 4691/4691/4691 4692/4692/4692
f 4704/4704/4704 4689/4689/4689 4690/4690/4690
f 4688/4688/4688 4698/4698/4698 4687/4687/4687
f 4688/4688/4688 4689/4689/4689 4704/4704/4704
f 4698/4698/4698 4688/4688/4688 4704/4704/4704
f 4643/4643/4643 4636/4636/4636 4618/4618/4618 4619/4619/4619
f 4643/4643/4643 4619/4619/4619 4620/4620/4620
f 4643/4643/4643 4621/4621/4621 4622/4622/4622
f 4641/4641/4641 4622/4622/4622 4623/4623/4623
f 4643/4643/4643 4620/4620/4620 4621/4621/4621
f 4643/4643/4643 4622/4622/4622 4641/4641/4641
f 4624/4624/4624 4641/4641/4641 4623/4623/4623
f 4625/4625/4625 4641/4641/4641 4624/4624/4624
f 4645/4645/4645 4625/4625/4625 4626/4626/4626
f 4644/4644/4644 4645/4645/4645 4648/4648/4648 4649/4649/4649
f 4645/4645/4645 4626/4626/4626 4627/4627/4627
f 4625/4625/4625 4645/4645/4645 4641/4641/4641
f 4646/4646/4646 4627/4627/4627 4628/4628/4628
f 4646/4646/4646 4628/4628/4628 4606/4606/4606
f 4646/4646/4646 4647/4647/4647 4645/4645/4645
f 4647/4647/4647 4648/4648/4648 4645/4645/4645
f 4649/4649/4649 4650/4650/4650 4644/4644/4644
f 4667/4667/4667 4644/4644/4644 4651/4651/4651 4652/4652/4652
f 4651/4651/4651 4644/4644/4644 4650/4650/4650
f 4667/4667/4667 4652/4652/4652 4653/4653/4653
f 4665/4665/4665 4667/4667/4667 4653/4653/4653 4654/4654/4654
f 4655/4655/4655 4665/4665/4665 4654/4654/4654
f 4627/4627/4627 4646/4646/4646 4645/4645/4645
f 4686/4686/4686 4698/4698/4698 4685/4685/4685
f 4700/4700/4700 4685/4685/4685 4698/4698/4698
f 4687/4687/4687 4698/4698/4698 4686/4686/4686
f 4672/4672/4672 4665/4665/4665 4656/4656/4656 4657/4657/4657
f 4684/4684/4684 4685/4685/4685 4700/4700/4700
f 4673/4673/4673 4674/4674/4674 4679/4679/4679 4680/4680/4680
f 4700/4700/4700 4673/4673/4673 4682/4682/4682 4683/4683/4683
f 4700/4700/4700 4683/4683/4683 4684/4684/4684
f 4673/4673/4673 4680/4680/4680 4681/4681/4681
f 4679/4679/4679 4674/4674/4674 4678/4678/4678
f 4681/4681/4681 4682/4682/4682 4673/4673/4673
f 4672/4672/4672 4657/4657/4657 4658/4658/4658
f 4672/4672/4672 4658/4658/4658 4659/4659/4659
f 4672/4672/4672 4659/4659/4659 4670/4670/4670
f 4670/4670/4670 4660/4660/4660 4661/4661/4661
f 4670/4670/4670 4659/4659/4659 4660/4660/4660
f 4674/4674/4674 4670/4670/4670 4661/4661/4661 4662/4662/4662
f 4676/4676/4676 4677/4677/4677 4664/4664/4664
f 4674/4674/4674 4664/4664/4664 4677/4677/4677
f 4678/4678/4678 4674/4674/4674 4677/4677/4677
f 4674/4674/4674 4662/4662/4662 4663/4663/4663
f 4676/4676/4676 4664/4664/4664 4675/4675/4675
f 4674/4674/4674 4663/4663/4663 4664/4664/4664
f 4656/4656/4656 4665/4665/4665 4655/4655/4655
f 4731/4731/4731 4732/4732/4732 4778/4778/4778 4735/4735/4735
f 4735/4735/4735 4778/4778/4778 4777/4777/4777 4736/4736/4736
f 4738/4738/4738 4737/4737/4737 4776/4776/4776 4775/4775/4775
f 4739/4739/4739 4738/4738/4738 4775/4775/4775 4774/4774/4774
f 4737/4737/4737 4736/4736/4736 4777/4777/4777 4776/4776/4776
f 4741/4741/4741 4740/4740/4740 4773/4773/4773 4772/4772/4772
f 4742/4742/4742 4741/4741/4741 4772/4772/4772 4771/4771/4771
f 4744/4744/4744 4743/4743/4743 4770/4770/4770 4769/4769/4769
f 4745/4745/4745 4744/4744/4744 4769/4769/4769 4768/4768/4768
f 4743/4743/4743 4742/4742/4742 4771/4771/4771 4770/4770/4770
f 4740/4740/4740 4739/4739/4739 4774/4774/4774 4773/4773/4773
f 4768/4768/4768 4767/4767/4767 4746/4746/4746 4745/4745/4745
f 4747/4747/4747 4746/4746/4746 4767/4767/4767 4766/4766/4766
f 4748/4748/4748 4747/4747/4747 4766/4766/4766 4765/4765/4765
f 4750/4750/4750 4749/4749/4749 4764/4764/4764 4763/4763/4763
f 4751/4751/4751 4750/4750/4750 4763/4763/4763 4762/4762/4762
f 4749/4749/4749 4748/4748/4748 4765/4765/4765 4764/4764/4764
f 4753/4753/4753 4752/4752/4752 4761/4761/4761 4760/4760/4760
f 4754/4754/4754 4753/4753/4753 4760/4760/4760 4759/4759/4759
f 4756/4756/4756 4755/4755/4755 4758/4758/4758 4757/4757/4757
f 4733/4733/4733 4756/4756/4756 4757/4757/4757 4734/4734/4734
f 4755/4755/4755 4754/4754/4754 4759/4759/4759 4758/4758/4758
f 4752/4752/4752 4751/4751/4751 4762/4762/4762 4761/4761/4761
